solid OpenSCAD_Model
  facet normal 0.754998 0.655727 0
    outer loop
      vertex 12.5476 -2.20813 19.5
      vertex 12.4721 -2.1212 5.5
      vertex 12.4721 -2.1212 19.5
    endloop
  endfacet
  facet normal 0.754998 0.655727 0
    outer loop
      vertex 12.4721 -2.1212 5.5
      vertex 12.5476 -2.20813 19.5
      vertex 12.5476 -2.20813 5.5
    endloop
  endfacet
  facet normal -0.965953 0.258719 0
    outer loop
      vertex 18.1722 -0.909603 10.8
      vertex 18.202 -0.798342 19.5
      vertex 18.202 -0.798342 10.8
    endloop
  endfacet
  facet normal -0.965953 0.258719 0
    outer loop
      vertex 18.202 -0.798342 19.5
      vertex 18.1722 -0.909603 10.8
      vertex 18.1722 -0.909603 19.5
    endloop
  endfacet
  facet normal -0.965953 0.258719 0
    outer loop
      vertex 18.1722 -0.909603 5.5
      vertex 18.202 -0.798342 8.2
      vertex 18.202 -0.798342 5.5
    endloop
  endfacet
  facet normal -0.965953 0.258719 0
    outer loop
      vertex 18.202 -0.798342 8.2
      vertex 18.1722 -0.909603 5.5
      vertex 18.1722 -0.909603 8.2
    endloop
  endfacet
  facet normal -0.121813 0.992553 0
    outer loop
      vertex 15.4593 -3.26788 5.5
      vertex 15.3449 -3.28192 19.5
      vertex 15.4593 -3.26788 19.5
    endloop
  endfacet
  facet normal -0.121813 0.992553 0
    outer loop
      vertex 15.3449 -3.28192 19.5
      vertex 15.4593 -3.26788 5.5
      vertex 15.3449 -3.28192 5.5
    endloop
  endfacet
  facet normal -0.358479 0.933538 0
    outer loop
      vertex 16.2362 -3.05971 5.5
      vertex 16.1287 -3.10099 19.5
      vertex 16.2362 -3.05971 19.5
    endloop
  endfacet
  facet normal -0.358479 0.933538 0
    outer loop
      vertex 16.1287 -3.10099 19.5
      vertex 16.2362 -3.05971 5.5
      vertex 16.1287 -3.10099 5.5
    endloop
  endfacet
  facet normal -0.681761 0.731575 0
    outer loop
      vertex 17.2924 -2.37382 5.5
      vertex 17.2081 -2.45238 19.5
      vertex 17.2924 -2.37382 19.5
    endloop
  endfacet
  facet normal -0.681761 0.731575 0
    outer loop
      vertex 17.2081 -2.45238 19.5
      vertex 17.2924 -2.37382 5.5
      vertex 17.2081 -2.45238 5.5
    endloop
  endfacet
  facet normal -0.544683 0.838642 0
    outer loop
      vertex 16.8453 -2.73582 5.5
      vertex 16.7487 -2.79856 19.5
      vertex 16.8453 -2.73582 19.5
    endloop
  endfacet
  facet normal -0.544683 0.838642 0
    outer loop
      vertex 16.7487 -2.79856 19.5
      vertex 16.8453 -2.73582 5.5
      vertex 16.7487 -2.79856 5.5
    endloop
  endfacet
  facet normal -0.798299 0.602261 0
    outer loop
      vertex 17.6004 -2.03168 5.5
      vertex 17.6698 -1.93969 19.5
      vertex 17.6698 -1.93969 5.5
    endloop
  endfacet
  facet normal -0.798299 0.602261 0
    outer loop
      vertex 17.6698 -1.93969 19.5
      vertex 17.6004 -2.03168 5.5
      vertex 17.6004 -2.03168 19.5
    endloop
  endfacet
  facet normal -0.920527 0.390679 0
    outer loop
      vertex 18.0147 -1.34223 5.5
      vertex 18.0597 -1.2362 19.5
      vertex 18.0597 -1.2362 5.5
    endloop
  endfacet
  facet normal -0.920527 0.390679 0
    outer loop
      vertex 18.0597 -1.2362 19.5
      vertex 18.0147 -1.34223 5.5
      vertex 18.0147 -1.34223 19.5
    endloop
  endfacet
  facet normal -0.987714 0.156273 0
    outer loop
      vertex 18.2499 -0.573038 5.5
      vertex 18.2679 -0.45927 8.2
      vertex 18.2679 -0.45927 5.5
    endloop
  endfacet
  facet normal -0.987714 0.156273 0
    outer loop
      vertex 18.2679 -0.45927 8.2
      vertex 18.2499 -0.573038 5.5
      vertex 18.2499 -0.573038 8.2
    endloop
  endfacet
  facet normal -0.987714 0.156273 0
    outer loop
      vertex 18.2499 -0.573038 10.8
      vertex 18.2679 -0.45927 19.5
      vertex 18.2679 -0.45927 10.8
    endloop
  endfacet
  facet normal -0.987714 0.156273 0
    outer loop
      vertex 18.2679 -0.45927 19.5
      vertex 18.2499 -0.573038 10.8
      vertex 18.2499 -0.573038 19.5
    endloop
  endfacet
  facet normal 0.601776 0.798665 -0
    outer loop
      vertex 13.0603 -2.66976 5.5
      vertex 12.9683 -2.60044 19.5
      vertex 13.0603 -2.66976 19.5
    endloop
  endfacet
  facet normal 0.601776 0.798665 0
    outer loop
      vertex 12.9683 -2.60044 19.5
      vertex 13.0603 -2.66976 5.5
      vertex 12.9683 -2.60044 5.5
    endloop
  endfacet
  facet normal 0.390846 0.920456 -0
    outer loop
      vertex 13.7638 -3.05971 5.5
      vertex 13.6578 -3.0147 19.5
      vertex 13.7638 -3.05971 19.5
    endloop
  endfacet
  facet normal 0.390846 0.920456 0
    outer loop
      vertex 13.6578 -3.0147 19.5
      vertex 13.7638 -3.05971 5.5
      vertex 13.6578 -3.0147 5.5
    endloop
  endfacet
  facet normal 0.156449 0.987686 -0
    outer loop
      vertex 14.5407 -3.26788 5.5
      vertex 14.427 -3.24987 19.5
      vertex 14.5407 -3.26788 19.5
    endloop
  endfacet
  facet normal 0.156449 0.987686 0
    outer loop
      vertex 14.427 -3.24987 19.5
      vertex 14.5407 -3.26788 5.5
      vertex 14.427 -3.24987 5.5
    endloop
  endfacet
  facet normal 0.933513 0.358543 0
    outer loop
      vertex 11.9403 -1.2362 19.5
      vertex 11.899 -1.12867 5.5
      vertex 11.899 -1.12867 19.5
    endloop
  endfacet
  facet normal 0.933513 0.358543 0
    outer loop
      vertex 11.899 -1.12867 5.5
      vertex 11.9403 -1.2362 19.5
      vertex 11.9403 -1.2362 5.5
    endloop
  endfacet
  facet normal 0.945521 0.325563 0
    outer loop
      vertex 11.899 -1.12867 19.5
      vertex 11.8615 -1.01976 5.5
      vertex 11.8615 -1.01976 19.5
    endloop
  endfacet
  facet normal 0.945521 0.325563 0
    outer loop
      vertex 11.8615 -1.01976 5.5
      vertex 11.899 -1.12867 19.5
      vertex 11.899 -1.12867 5.5
    endloop
  endfacet
  facet normal -0.225005 0.974358 0
    outer loop
      vertex 15.7983 -3.20198 5.5
      vertex 15.6861 -3.22789 19.5
      vertex 15.7983 -3.20198 19.5
    endloop
  endfacet
  facet normal -0.225005 0.974358 0
    outer loop
      vertex 15.6861 -3.22789 19.5
      vertex 15.7983 -3.20198 5.5
      vertex 15.6861 -3.22789 5.5
    endloop
  endfacet
  facet normal -0.325589 0.945511 0
    outer loop
      vertex 16.1287 -3.10099 5.5
      vertex 16.0198 -3.13849 19.5
      vertex 16.1287 -3.10099 19.5
    endloop
  endfacet
  facet normal -0.325589 0.945511 0
    outer loop
      vertex 16.0198 -3.13849 19.5
      vertex 16.1287 -3.10099 5.5
      vertex 16.0198 -3.13849 5.5
    endloop
  endfacet
  facet normal -0.629396 0.777085 0
    outer loop
      vertex 17.1212 -2.52795 5.5
      vertex 17.0317 -2.60044 19.5
      vertex 17.1212 -2.52795 19.5
    endloop
  endfacet
  facet normal -0.629396 0.777085 0
    outer loop
      vertex 17.0317 -2.60044 19.5
      vertex 17.1212 -2.52795 5.5
      vertex 17.0317 -2.60044 5.5
    endloop
  endfacet
  facet normal -0.601776 0.798665 0
    outer loop
      vertex 17.0317 -2.60044 5.5
      vertex 16.9397 -2.66976 19.5
      vertex 17.0317 -2.60044 19.5
    endloop
  endfacet
  facet normal -0.601776 0.798665 0
    outer loop
      vertex 16.9397 -2.66976 19.5
      vertex 17.0317 -2.60044 5.5
      vertex 16.9397 -2.66976 5.5
    endloop
  endfacet
  facet normal -0.656202 0.754585 0
    outer loop
      vertex 17.2081 -2.45238 5.5
      vertex 17.1212 -2.52795 19.5
      vertex 17.2081 -2.45238 19.5
    endloop
  endfacet
  facet normal -0.656202 0.754585 0
    outer loop
      vertex 17.1212 -2.52795 19.5
      vertex 17.2081 -2.45238 5.5
      vertex 17.1212 -2.52795 5.5
    endloop
  endfacet
  facet normal -0.515134 0.85711 0
    outer loop
      vertex 16.7487 -2.79856 5.5
      vertex 16.65 -2.85788 19.5
      vertex 16.7487 -2.79856 19.5
    endloop
  endfacet
  facet normal -0.515134 0.85711 0
    outer loop
      vertex 16.65 -2.85788 19.5
      vertex 16.7487 -2.79856 5.5
      vertex 16.65 -2.85788 5.5
    endloop
  endfacet
  facet normal -0.777111 0.629363 0
    outer loop
      vertex 17.5279 -2.1212 5.5
      vertex 17.6004 -2.03168 19.5
      vertex 17.6004 -2.03168 5.5
    endloop
  endfacet
  facet normal -0.777111 0.629363 0
    outer loop
      vertex 17.6004 -2.03168 19.5
      vertex 17.5279 -2.1212 5.5
      vertex 17.5279 -2.1212 19.5
    endloop
  endfacet
  facet normal -0.857255 0.514892 0
    outer loop
      vertex 17.7986 -1.74873 5.5
      vertex 17.8579 -1.65 19.5
      vertex 17.8579 -1.65 5.5
    endloop
  endfacet
  facet normal -0.857255 0.514892 0
    outer loop
      vertex 17.8579 -1.65 19.5
      vertex 17.7986 -1.74873 5.5
      vertex 17.7986 -1.74873 19.5
    endloop
  endfacet
  facet normal -0.933513 0.358543 0
    outer loop
      vertex 18.0597 -1.2362 5.5
      vertex 18.101 -1.12867 19.5
      vertex 18.101 -1.12867 5.5
    endloop
  endfacet
  facet normal -0.933513 0.358543 0
    outer loop
      vertex 18.101 -1.12867 19.5
      vertex 18.0597 -1.2362 5.5
      vertex 18.0597 -1.2362 19.5
    endloop
  endfacet
  facet normal 0.629396 0.777085 -0
    outer loop
      vertex 12.9683 -2.60044 5.5
      vertex 12.8788 -2.52795 19.5
      vertex 12.9683 -2.60044 19.5
    endloop
  endfacet
  facet normal 0.629396 0.777085 0
    outer loop
      vertex 12.8788 -2.52795 19.5
      vertex 12.9683 -2.60044 5.5
      vertex 12.8788 -2.52795 5.5
    endloop
  endfacet
  facet normal 0.515134 0.85711 -0
    outer loop
      vertex 13.35 -2.85788 5.5
      vertex 13.2513 -2.79856 19.5
      vertex 13.35 -2.85788 19.5
    endloop
  endfacet
  facet normal 0.515134 0.85711 0
    outer loop
      vertex 13.2513 -2.79856 19.5
      vertex 13.35 -2.85788 5.5
      vertex 13.2513 -2.79856 5.5
    endloop
  endfacet
  facet normal 0.358479 0.933538 -0
    outer loop
      vertex 13.8713 -3.10099 5.5
      vertex 13.7638 -3.05971 19.5
      vertex 13.8713 -3.10099 19.5
    endloop
  endfacet
  facet normal 0.358479 0.933538 0
    outer loop
      vertex 13.7638 -3.05971 19.5
      vertex 13.8713 -3.10099 5.5
      vertex 13.7638 -3.05971 5.5
    endloop
  endfacet
  facet normal 0.258797 0.965932 -0
    outer loop
      vertex 14.2017 -3.20198 5.5
      vertex 14.0904 -3.17216 19.5
      vertex 14.2017 -3.20198 19.5
    endloop
  endfacet
  facet normal 0.258797 0.965932 0
    outer loop
      vertex 14.0904 -3.17216 19.5
      vertex 14.2017 -3.20198 5.5
      vertex 14.0904 -3.17216 5.5
    endloop
  endfacet
  facet normal 0.0523628 0.998628 -0
    outer loop
      vertex 14.8848 -3.29799 5.5
      vertex 14.7698 -3.29196 19.5
      vertex 14.8848 -3.29799 19.5
    endloop
  endfacet
  facet normal 0.0523628 0.998628 0
    outer loop
      vertex 14.7698 -3.29196 19.5
      vertex 14.8848 -3.29799 5.5
      vertex 14.7698 -3.29196 5.5
    endloop
  endfacet
  facet normal 0.731159 0.682207 0
    outer loop
      vertex 12.6262 -2.29237 19.5
      vertex 12.5476 -2.20813 5.5
      vertex 12.5476 -2.20813 19.5
    endloop
  endfacet
  facet normal 0.731159 0.682207 0
    outer loop
      vertex 12.5476 -2.20813 5.5
      vertex 12.6262 -2.29237 19.5
      vertex 12.6262 -2.29237 5.5
    endloop
  endfacet
  facet normal 0.874771 0.484537 0
    outer loop
      vertex 12.1421 -1.65 19.5
      vertex 12.0863 -1.54926 5.5
      vertex 12.0863 -1.54926 19.5
    endloop
  endfacet
  facet normal 0.874771 0.484537 0
    outer loop
      vertex 12.0863 -1.54926 5.5
      vertex 12.1421 -1.65 19.5
      vertex 12.1421 -1.65 5.5
    endloop
  endfacet
  facet normal 0.857255 0.514892 0
    outer loop
      vertex 12.2014 -1.74873 19.5
      vertex 12.1421 -1.65 5.5
      vertex 12.1421 -1.65 19.5
    endloop
  endfacet
  facet normal 0.857255 0.514892 0
    outer loop
      vertex 12.1421 -1.65 5.5
      vertex 12.2014 -1.74873 19.5
      vertex 12.2014 -1.74873 5.5
    endloop
  endfacet
  facet normal 0.798299 0.602261 0
    outer loop
      vertex 12.3996 -2.03168 19.5
      vertex 12.3302 -1.93969 5.5
      vertex 12.3302 -1.93969 19.5
    endloop
  endfacet
  facet normal 0.798299 0.602261 0
    outer loop
      vertex 12.3302 -1.93969 5.5
      vertex 12.3996 -2.03168 19.5
      vertex 12.3996 -2.03168 5.5
    endloop
  endfacet
  facet normal 0.974391 0.224858 0
    outer loop
      vertex 11.798 -0.798342 19.5
      vertex 11.7721 -0.686108 5.5
      vertex 11.7721 -0.686108 19.5
    endloop
  endfacet
  facet normal 0.974391 0.224858 0
    outer loop
      vertex 11.7721 -0.686108 5.5
      vertex 11.798 -0.798342 19.5
      vertex 11.798 -0.798342 5.5
    endloop
  endfacet
  facet normal 0.956252 0.292543 0
    outer loop
      vertex 11.8615 -1.01976 19.5
      vertex 11.8278 -0.909603 5.5
      vertex 11.8278 -0.909603 19.5
    endloop
  endfacet
  facet normal 0.956252 0.292543 0
    outer loop
      vertex 11.8278 -0.909603 5.5
      vertex 11.8615 -1.01976 19.5
      vertex 11.8615 -1.01976 5.5
    endloop
  endfacet
  facet normal 0.981592 0.190988 0
    outer loop
      vertex 11.7721 -0.686108 19.5
      vertex 11.7501 -0.573038 5.5
      vertex 11.7501 -0.573038 19.5
    endloop
  endfacet
  facet normal 0.981592 0.190988 0
    outer loop
      vertex 11.7501 -0.573038 5.5
      vertex 11.7721 -0.686108 19.5
      vertex 11.7721 -0.686108 5.5
    endloop
  endfacet
  facet normal 0 0 1
    outer loop
      vertex 18.3 0 5.5
      vertex 18.292 -0.230196 5.5
      vertex 18.298 -0.115168 5.5
    endloop
  endfacet
  facet normal 0 0 1
    outer loop
      vertex 18.3 0 5.5
      vertex 18.2819 -0.344943 5.5
      vertex 18.292 -0.230196 5.5
    endloop
  endfacet
  facet normal 0 0 1
    outer loop
      vertex 18.3 0 5.5
      vertex 18.2679 -0.45927 5.5
      vertex 18.2819 -0.344943 5.5
    endloop
  endfacet
  facet normal 0 0 1
    outer loop
      vertex 18.3 0 5.5
      vertex 18.2499 -0.573038 5.5
      vertex 18.2679 -0.45927 5.5
    endloop
  endfacet
  facet normal 0 0 1
    outer loop
      vertex 18.3 0 5.5
      vertex 18.2279 -0.686108 5.5
      vertex 18.2499 -0.573038 5.5
    endloop
  endfacet
  facet normal 0 0 1
    outer loop
      vertex 18.3 0 5.5
      vertex 18.202 -0.798342 5.5
      vertex 18.2279 -0.686108 5.5
    endloop
  endfacet
  facet normal 0 0 1
    outer loop
      vertex 18.3 0 5.5
      vertex 18.1722 -0.909603 5.5
      vertex 18.202 -0.798342 5.5
    endloop
  endfacet
  facet normal 0 0 1
    outer loop
      vertex 18.3 0 5.5
      vertex 18.1385 -1.01976 5.5
      vertex 18.1722 -0.909603 5.5
    endloop
  endfacet
  facet normal 0 0 1
    outer loop
      vertex 18.3 0 5.5
      vertex 18.101 -1.12867 5.5
      vertex 18.1385 -1.01976 5.5
    endloop
  endfacet
  facet normal 0 0 1
    outer loop
      vertex 18.3 0 5.5
      vertex 18.0597 -1.2362 5.5
      vertex 18.101 -1.12867 5.5
    endloop
  endfacet
  facet normal 0 0 1
    outer loop
      vertex 18.3 0 5.5
      vertex 18.0147 -1.34223 5.5
      vertex 18.0597 -1.2362 5.5
    endloop
  endfacet
  facet normal 0 0 1
    outer loop
      vertex 18.3 0 5.5
      vertex 17.966 -1.44662 5.5
      vertex 18.0147 -1.34223 5.5
    endloop
  endfacet
  facet normal 0 0 1
    outer loop
      vertex 18.3 0 5.5
      vertex 17.9137 -1.54926 5.5
      vertex 17.966 -1.44662 5.5
    endloop
  endfacet
  facet normal 0 0 1
    outer loop
      vertex 18.3 0 5.5
      vertex 17.8579 -1.65 5.5
      vertex 17.9137 -1.54926 5.5
    endloop
  endfacet
  facet normal 0 0 1
    outer loop
      vertex 18.3 0 5.5
      vertex 17.7986 -1.74873 5.5
      vertex 17.8579 -1.65 5.5
    endloop
  endfacet
  facet normal 0 0 1
    outer loop
      vertex 18.3 0 5.5
      vertex 17.7358 -1.84534 5.5
      vertex 17.7986 -1.74873 5.5
    endloop
  endfacet
  facet normal 0 0 1
    outer loop
      vertex 18.3 0 5.5
      vertex 17.6698 -1.93969 5.5
      vertex 17.7358 -1.84534 5.5
    endloop
  endfacet
  facet normal 0 0 1
    outer loop
      vertex 18.3 0 5.5
      vertex 17.6004 -2.03168 5.5
      vertex 17.6698 -1.93969 5.5
    endloop
  endfacet
  facet normal 0 0 1
    outer loop
      vertex 18.3 0 5.5
      vertex 17.5279 -2.1212 5.5
      vertex 17.6004 -2.03168 5.5
    endloop
  endfacet
  facet normal 0 0 1
    outer loop
      vertex 18.3 0 5.5
      vertex 17.4524 -2.20813 5.5
      vertex 17.5279 -2.1212 5.5
    endloop
  endfacet
  facet normal 0 0 1
    outer loop
      vertex 18.3 0 5.5
      vertex 17.3738 -2.29237 5.5
      vertex 17.4524 -2.20813 5.5
    endloop
  endfacet
  facet normal 0 0 1
    outer loop
      vertex 18.3 0 5.5
      vertex 17.2924 -2.37382 5.5
      vertex 17.3738 -2.29237 5.5
    endloop
  endfacet
  facet normal 0 0 1
    outer loop
      vertex 18.3 0 5.5
      vertex 17.2081 -2.45238 5.5
      vertex 17.2924 -2.37382 5.5
    endloop
  endfacet
  facet normal 0 0 1
    outer loop
      vertex 18.3 0 5.5
      vertex 17.1212 -2.52795 5.5
      vertex 17.2081 -2.45238 5.5
    endloop
  endfacet
  facet normal 0 0 1
    outer loop
      vertex 18.3 0 5.5
      vertex 17.0317 -2.60044 5.5
      vertex 17.1212 -2.52795 5.5
    endloop
  endfacet
  facet normal 0 0 1
    outer loop
      vertex 18.3 0 5.5
      vertex 16.9397 -2.66976 5.5
      vertex 17.0317 -2.60044 5.5
    endloop
  endfacet
  facet normal 0 0 1
    outer loop
      vertex 18.3 0 5.5
      vertex 16.8453 -2.73582 5.5
      vertex 16.9397 -2.66976 5.5
    endloop
  endfacet
  facet normal 0 0 1
    outer loop
      vertex 18.3 0 5.5
      vertex 16.7487 -2.79856 5.5
      vertex 16.8453 -2.73582 5.5
    endloop
  endfacet
  facet normal 0 0 1
    outer loop
      vertex 18.3 0 5.5
      vertex 16.65 -2.85788 5.5
      vertex 16.7487 -2.79856 5.5
    endloop
  endfacet
  facet normal 0 0 1
    outer loop
      vertex 18.3 0 5.5
      vertex 16.5493 -2.91373 5.5
      vertex 16.65 -2.85788 5.5
    endloop
  endfacet
  facet normal 0 0 1
    outer loop
      vertex 18.3 0 5.5
      vertex 16.4466 -2.96602 5.5
      vertex 16.5493 -2.91373 5.5
    endloop
  endfacet
  facet normal 0 0 1
    outer loop
      vertex 18.3 0 5.5
      vertex 16.3422 -3.0147 5.5
      vertex 16.4466 -2.96602 5.5
    endloop
  endfacet
  facet normal 0 0 1
    outer loop
      vertex 18.3 0 5.5
      vertex 16.2362 -3.05971 5.5
      vertex 16.3422 -3.0147 5.5
    endloop
  endfacet
  facet normal 0 0 1
    outer loop
      vertex 18.3 0 5.5
      vertex 16.1287 -3.10099 5.5
      vertex 16.2362 -3.05971 5.5
    endloop
  endfacet
  facet normal 0 0 1
    outer loop
      vertex 18.3 0 5.5
      vertex 16.0198 -3.13849 5.5
      vertex 16.1287 -3.10099 5.5
    endloop
  endfacet
  facet normal 0 0 1
    outer loop
      vertex 18.3 0 5.5
      vertex 15.9096 -3.17216 5.5
      vertex 16.0198 -3.13849 5.5
    endloop
  endfacet
  facet normal 0 0 1
    outer loop
      vertex 18.3 0 5.5
      vertex 15.7983 -3.20198 5.5
      vertex 15.9096 -3.17216 5.5
    endloop
  endfacet
  facet normal 0 0 1
    outer loop
      vertex 18.3 0 5.5
      vertex 15.6861 -3.22789 5.5
      vertex 15.7983 -3.20198 5.5
    endloop
  endfacet
  facet normal 0 0 1
    outer loop
      vertex 18.3 0 5.5
      vertex 15.573 -3.24987 5.5
      vertex 15.6861 -3.22789 5.5
    endloop
  endfacet
  facet normal 0 0 1
    outer loop
      vertex 18.3 0 5.5
      vertex 15.4593 -3.26788 5.5
      vertex 15.573 -3.24987 5.5
    endloop
  endfacet
  facet normal 0 0 1
    outer loop
      vertex 18.3 0 5.5
      vertex 15.3449 -3.28192 5.5
      vertex 15.4593 -3.26788 5.5
    endloop
  endfacet
  facet normal 0 0 1
    outer loop
      vertex 18.3 0 5.5
      vertex 15.2302 -3.29196 5.5
      vertex 15.3449 -3.28192 5.5
    endloop
  endfacet
  facet normal 0 0 1
    outer loop
      vertex 18.3 0 5.5
      vertex 15.1152 -3.29799 5.5
      vertex 15.2302 -3.29196 5.5
    endloop
  endfacet
  facet normal 0 0 1
    outer loop
      vertex 18.3 0 5.5
      vertex 15 -3.3 5.5
      vertex 15.1152 -3.29799 5.5
    endloop
  endfacet
  facet normal 0 0 1
    outer loop
      vertex 18.3 0 5.5
      vertex 14.8848 -3.29799 5.5
      vertex 15 -3.3 5.5
    endloop
  endfacet
  facet normal 0 0 1
    outer loop
      vertex 18.3 0 5.5
      vertex 14.7698 -3.29196 5.5
      vertex 14.8848 -3.29799 5.5
    endloop
  endfacet
  facet normal 0 0 1
    outer loop
      vertex 18.3 0 5.5
      vertex 14.6551 -3.28192 5.5
      vertex 14.7698 -3.29196 5.5
    endloop
  endfacet
  facet normal 0 0 1
    outer loop
      vertex 18.3 0 5.5
      vertex 14.5407 -3.26788 5.5
      vertex 14.6551 -3.28192 5.5
    endloop
  endfacet
  facet normal 0 0 1
    outer loop
      vertex 18.3 0 5.5
      vertex 14.427 -3.24987 5.5
      vertex 14.5407 -3.26788 5.5
    endloop
  endfacet
  facet normal 0 0 1
    outer loop
      vertex 18.3 0 5.5
      vertex 14.3139 -3.22789 5.5
      vertex 14.427 -3.24987 5.5
    endloop
  endfacet
  facet normal 0 0 1
    outer loop
      vertex 18.3 0 5.5
      vertex 14.2017 -3.20198 5.5
      vertex 14.3139 -3.22789 5.5
    endloop
  endfacet
  facet normal 0 0 1
    outer loop
      vertex 18.3 0 5.5
      vertex 14.0904 -3.17216 5.5
      vertex 14.2017 -3.20198 5.5
    endloop
  endfacet
  facet normal 0 0 1
    outer loop
      vertex 18.3 0 5.5
      vertex 13.9802 -3.13849 5.5
      vertex 14.0904 -3.17216 5.5
    endloop
  endfacet
  facet normal 0 0 1
    outer loop
      vertex 18.3 0 5.5
      vertex 13.8713 -3.10099 5.5
      vertex 13.9802 -3.13849 5.5
    endloop
  endfacet
  facet normal 0 0 1
    outer loop
      vertex 18.3 0 5.5
      vertex 13.7638 -3.05971 5.5
      vertex 13.8713 -3.10099 5.5
    endloop
  endfacet
  facet normal 0 0 1
    outer loop
      vertex 18.3 0 5.5
      vertex 13.6578 -3.0147 5.5
      vertex 13.7638 -3.05971 5.5
    endloop
  endfacet
  facet normal 0 0 1
    outer loop
      vertex 18.3 0 5.5
      vertex 13.5534 -2.96602 5.5
      vertex 13.6578 -3.0147 5.5
    endloop
  endfacet
  facet normal 0 0 1
    outer loop
      vertex 18.3 0 5.5
      vertex 13.4507 -2.91373 5.5
      vertex 13.5534 -2.96602 5.5
    endloop
  endfacet
  facet normal 0 0 1
    outer loop
      vertex 18.3 0 5.5
      vertex 13.35 -2.85788 5.5
      vertex 13.4507 -2.91373 5.5
    endloop
  endfacet
  facet normal 0 0 1
    outer loop
      vertex 18.3 0 5.5
      vertex 13.2513 -2.79856 5.5
      vertex 13.35 -2.85788 5.5
    endloop
  endfacet
  facet normal 0 0 1
    outer loop
      vertex 18.3 0 5.5
      vertex 13.1547 -2.73582 5.5
      vertex 13.2513 -2.79856 5.5
    endloop
  endfacet
  facet normal 0 0 1
    outer loop
      vertex 18.3 0 5.5
      vertex 13.0603 -2.66976 5.5
      vertex 13.1547 -2.73582 5.5
    endloop
  endfacet
  facet normal 0 0 1
    outer loop
      vertex 18.3 0 5.5
      vertex 12.9683 -2.60044 5.5
      vertex 13.0603 -2.66976 5.5
    endloop
  endfacet
  facet normal 0 0 1
    outer loop
      vertex 18.3 0 5.5
      vertex 12.8788 -2.52795 5.5
      vertex 12.9683 -2.60044 5.5
    endloop
  endfacet
  facet normal 0 0 1
    outer loop
      vertex 18.3 0 5.5
      vertex 12.7919 -2.45238 5.5
      vertex 12.8788 -2.52795 5.5
    endloop
  endfacet
  facet normal 0 0 1
    outer loop
      vertex 18.3 0 5.5
      vertex 12.7076 -2.37382 5.5
      vertex 12.7919 -2.45238 5.5
    endloop
  endfacet
  facet normal 0 0 1
    outer loop
      vertex 18.3 0 5.5
      vertex 12.6262 -2.29237 5.5
      vertex 12.7076 -2.37382 5.5
    endloop
  endfacet
  facet normal 0 0 1
    outer loop
      vertex 18.3 0 5.5
      vertex 12.5476 -2.20813 5.5
      vertex 12.6262 -2.29237 5.5
    endloop
  endfacet
  facet normal 0 0 1
    outer loop
      vertex 18.3 0 5.5
      vertex 12.4721 -2.1212 5.5
      vertex 12.5476 -2.20813 5.5
    endloop
  endfacet
  facet normal 0 0 1
    outer loop
      vertex 18.3 0 5.5
      vertex 12.3996 -2.03168 5.5
      vertex 12.4721 -2.1212 5.5
    endloop
  endfacet
  facet normal 0 0 1
    outer loop
      vertex 18.3 0 5.5
      vertex 12.3302 -1.93969 5.5
      vertex 12.3996 -2.03168 5.5
    endloop
  endfacet
  facet normal 0 0 1
    outer loop
      vertex 18.3 0 5.5
      vertex 12.2642 -1.84534 5.5
      vertex 12.3302 -1.93969 5.5
    endloop
  endfacet
  facet normal 0 0 1
    outer loop
      vertex 18.3 0 5.5
      vertex 12.2014 -1.74873 5.5
      vertex 12.2642 -1.84534 5.5
    endloop
  endfacet
  facet normal 0 0 1
    outer loop
      vertex 18.3 0 5.5
      vertex 12.1421 -1.65 5.5
      vertex 12.2014 -1.74873 5.5
    endloop
  endfacet
  facet normal 0 0 1
    outer loop
      vertex 18.3 0 5.5
      vertex 12.0863 -1.54926 5.5
      vertex 12.1421 -1.65 5.5
    endloop
  endfacet
  facet normal 0 0 1
    outer loop
      vertex 18.3 0 5.5
      vertex 12.034 -1.44662 5.5
      vertex 12.0863 -1.54926 5.5
    endloop
  endfacet
  facet normal 0 0 1
    outer loop
      vertex 18.3 0 5.5
      vertex 11.9853 -1.34223 5.5
      vertex 12.034 -1.44662 5.5
    endloop
  endfacet
  facet normal 0 0 1
    outer loop
      vertex 18.3 0 5.5
      vertex 11.9403 -1.2362 5.5
      vertex 11.9853 -1.34223 5.5
    endloop
  endfacet
  facet normal 0 0 1
    outer loop
      vertex 18.3 0 5.5
      vertex 11.899 -1.12867 5.5
      vertex 11.9403 -1.2362 5.5
    endloop
  endfacet
  facet normal 0 0 1
    outer loop
      vertex 18.3 0 5.5
      vertex 11.8615 -1.01976 5.5
      vertex 11.899 -1.12867 5.5
    endloop
  endfacet
  facet normal 0 0 1
    outer loop
      vertex 18.3 0 5.5
      vertex 11.8278 -0.909603 5.5
      vertex 11.8615 -1.01976 5.5
    endloop
  endfacet
  facet normal 0 0 1
    outer loop
      vertex 18.3 0 5.5
      vertex 11.798 -0.798342 5.5
      vertex 11.8278 -0.909603 5.5
    endloop
  endfacet
  facet normal 0 0 1
    outer loop
      vertex 18.3 0 5.5
      vertex 11.7721 -0.686108 5.5
      vertex 11.798 -0.798342 5.5
    endloop
  endfacet
  facet normal 0 0 1
    outer loop
      vertex 18.3 0 5.5
      vertex 11.7501 -0.573038 5.5
      vertex 11.7721 -0.686108 5.5
    endloop
  endfacet
  facet normal 0 0 1
    outer loop
      vertex 18.3 0 5.5
      vertex 11.7321 -0.45927 5.5
      vertex 11.7501 -0.573038 5.5
    endloop
  endfacet
  facet normal 0 0 1
    outer loop
      vertex 18.3 0 5.5
      vertex 11.7181 -0.344943 5.5
      vertex 11.7321 -0.45927 5.5
    endloop
  endfacet
  facet normal 0 0 1
    outer loop
      vertex 18.3 0 5.5
      vertex 11.708 -0.230196 5.5
      vertex 11.7181 -0.344943 5.5
    endloop
  endfacet
  facet normal 0 0 1
    outer loop
      vertex 18.3 0 5.5
      vertex 11.702 -0.115168 5.5
      vertex 11.708 -0.230196 5.5
    endloop
  endfacet
  facet normal 0 -0 1
    outer loop
      vertex 11.702 -0.115168 5.5
      vertex 18.3 0 5.5
      vertex 11.7 0 5.5
    endloop
  endfacet
  facet normal -0.999849 0.0173633 0
    outer loop
      vertex 18.298 -0.115168 5.5
      vertex 18.3 0 8.2
      vertex 18.3 0 5.5
    endloop
  endfacet
  facet normal -0.999849 0.0173633 0
    outer loop
      vertex 18.3 0 8.2
      vertex 18.298 -0.115168 5.5
      vertex 18.298 -0.115168 8.2
    endloop
  endfacet
  facet normal -0.999849 0.0173633 0
    outer loop
      vertex 18.298 -0.115168 10.8
      vertex 18.3 0 19.5
      vertex 18.3 0 10.8
    endloop
  endfacet
  facet normal -0.999849 0.0173633 0
    outer loop
      vertex 18.3 0 19.5
      vertex 18.298 -0.115168 10.8
      vertex 18.298 -0.115168 19.5
    endloop
  endfacet
  facet normal -0.0174453 0.999848 0
    outer loop
      vertex 15.1152 -3.29799 5.5
      vertex 15 -3.3 19.5
      vertex 15.1152 -3.29799 19.5
    endloop
  endfacet
  facet normal -0.0174453 0.999848 0
    outer loop
      vertex 15 -3.3 19.5
      vertex 15.1152 -3.29799 5.5
      vertex 15 -3.3 5.5
    endloop
  endfacet
  facet normal -0.0871993 0.996191 0
    outer loop
      vertex 15.3449 -3.28192 5.5
      vertex 15.2302 -3.29196 19.5
      vertex 15.3449 -3.28192 19.5
    endloop
  endfacet
  facet normal -0.0871993 0.996191 0
    outer loop
      vertex 15.2302 -3.29196 19.5
      vertex 15.3449 -3.28192 5.5
      vertex 15.2302 -3.29196 5.5
    endloop
  endfacet
  facet normal -0.190772 0.981634 0
    outer loop
      vertex 15.6861 -3.22789 5.5
      vertex 15.573 -3.24987 19.5
      vertex 15.6861 -3.22789 19.5
    endloop
  endfacet
  facet normal -0.190772 0.981634 0
    outer loop
      vertex 15.573 -3.24987 19.5
      vertex 15.6861 -3.22789 5.5
      vertex 15.573 -3.24987 5.5
    endloop
  endfacet
  facet normal -0.258797 0.965932 0
    outer loop
      vertex 15.9096 -3.17216 5.5
      vertex 15.7983 -3.20198 19.5
      vertex 15.9096 -3.17216 19.5
    endloop
  endfacet
  facet normal -0.258797 0.965932 0
    outer loop
      vertex 15.7983 -3.20198 19.5
      vertex 15.9096 -3.17216 5.5
      vertex 15.7983 -3.20198 5.5
    endloop
  endfacet
  facet normal -0.292201 0.956357 0
    outer loop
      vertex 16.0198 -3.13849 5.5
      vertex 15.9096 -3.17216 19.5
      vertex 16.0198 -3.13849 19.5
    endloop
  endfacet
  facet normal -0.292201 0.956357 0
    outer loop
      vertex 15.9096 -3.17216 19.5
      vertex 16.0198 -3.13849 5.5
      vertex 15.9096 -3.17216 5.5
    endloop
  endfacet
  facet normal -0.485016 0.874505 0
    outer loop
      vertex 16.65 -2.85788 5.5
      vertex 16.5493 -2.91373 19.5
      vertex 16.65 -2.85788 19.5
    endloop
  endfacet
  facet normal -0.485016 0.874505 0
    outer loop
      vertex 16.5493 -2.91373 19.5
      vertex 16.65 -2.85788 5.5
      vertex 16.5493 -2.91373 5.5
    endloop
  endfacet
  facet normal -0.4226 0.906316 0
    outer loop
      vertex 16.4466 -2.96602 5.5
      vertex 16.3422 -3.0147 19.5
      vertex 16.4466 -2.96602 19.5
    endloop
  endfacet
  facet normal -0.4226 0.906316 0
    outer loop
      vertex 16.3422 -3.0147 19.5
      vertex 16.4466 -2.96602 5.5
      vertex 16.3422 -3.0147 5.5
    endloop
  endfacet
  facet normal -0.731159 0.682207 0
    outer loop
      vertex 17.3738 -2.29237 5.5
      vertex 17.4524 -2.20813 19.5
      vertex 17.4524 -2.20813 5.5
    endloop
  endfacet
  facet normal -0.731159 0.682207 0
    outer loop
      vertex 17.4524 -2.20813 19.5
      vertex 17.3738 -2.29237 5.5
      vertex 17.3738 -2.29237 19.5
    endloop
  endfacet
  facet normal -0.819415 0.5732 0
    outer loop
      vertex 17.6698 -1.93969 5.5
      vertex 17.7358 -1.84534 19.5
      vertex 17.7358 -1.84534 5.5
    endloop
  endfacet
  facet normal -0.819415 0.5732 0
    outer loop
      vertex 17.7358 -1.84534 19.5
      vertex 17.6698 -1.93969 5.5
      vertex 17.6698 -1.93969 19.5
    endloop
  endfacet
  facet normal -0.890998 0.454006 0
    outer loop
      vertex 17.9137 -1.54926 5.5
      vertex 17.966 -1.44662 19.5
      vertex 17.966 -1.44662 5.5
    endloop
  endfacet
  facet normal -0.890998 0.454006 0
    outer loop
      vertex 17.966 -1.44662 19.5
      vertex 17.9137 -1.54926 5.5
      vertex 17.9137 -1.54926 19.5
    endloop
  endfacet
  facet normal -0.874771 0.484537 0
    outer loop
      vertex 17.8579 -1.65 5.5
      vertex 17.9137 -1.54926 19.5
      vertex 17.9137 -1.54926 5.5
    endloop
  endfacet
  facet normal -0.874771 0.484537 0
    outer loop
      vertex 17.9137 -1.54926 19.5
      vertex 17.8579 -1.65 5.5
      vertex 17.8579 -1.65 19.5
    endloop
  endfacet
  facet normal -0.945623 0.325264 0
    outer loop
      vertex 18.1385 -1.01976 5.5
      vertex 18.1109 -1.1 8.2
      vertex 18.1385 -1.01976 8.2
    endloop
  endfacet
  facet normal -0.945233 0.326397 0
    outer loop
      vertex 18.1109 -1.1 8.2
      vertex 18.101 -1.12867 5.5
      vertex 18.1109 -1.1 10.8
    endloop
  endfacet
  facet normal -0.945521 0.325563 9.91639e-06
    outer loop
      vertex 18.101 -1.12867 5.5
      vertex 18.1109 -1.1 8.2
      vertex 18.1385 -1.01976 5.5
    endloop
  endfacet
  facet normal -0.945623 0.325264 0
    outer loop
      vertex 18.1109 -1.1 10.8
      vertex 18.1385 -1.01976 19.5
      vertex 18.1385 -1.01976 10.8
    endloop
  endfacet
  facet normal -0.945521 0.325563 -3.0775e-06
    outer loop
      vertex 18.1109 -1.1 10.8
      vertex 18.101 -1.12867 19.5
      vertex 18.1385 -1.01976 19.5
    endloop
  endfacet
  facet normal -0.945233 0.326397 0
    outer loop
      vertex 18.101 -1.12867 19.5
      vertex 18.1109 -1.1 10.8
      vertex 18.101 -1.12867 5.5
    endloop
  endfacet
  facet normal -0.974391 0.224858 0
    outer loop
      vertex 18.202 -0.798342 5.5
      vertex 18.2279 -0.686108 8.2
      vertex 18.2279 -0.686108 5.5
    endloop
  endfacet
  facet normal -0.974391 0.224858 0
    outer loop
      vertex 18.2279 -0.686108 8.2
      vertex 18.202 -0.798342 5.5
      vertex 18.202 -0.798342 8.2
    endloop
  endfacet
  facet normal -0.974391 0.224858 0
    outer loop
      vertex 18.202 -0.798342 10.8
      vertex 18.2279 -0.686108 19.5
      vertex 18.2279 -0.686108 10.8
    endloop
  endfacet
  facet normal -0.974391 0.224858 0
    outer loop
      vertex 18.2279 -0.686108 19.5
      vertex 18.202 -0.798342 10.8
      vertex 18.202 -0.798342 19.5
    endloop
  endfacet
  facet normal -0.992586 0.121548 0
    outer loop
      vertex 18.2679 -0.45927 5.5
      vertex 18.2819 -0.344943 8.2
      vertex 18.2819 -0.344943 5.5
    endloop
  endfacet
  facet normal -0.992586 0.121548 0
    outer loop
      vertex 18.2819 -0.344943 8.2
      vertex 18.2679 -0.45927 5.5
      vertex 18.2679 -0.45927 8.2
    endloop
  endfacet
  facet normal -0.992586 0.121548 0
    outer loop
      vertex 18.2679 -0.45927 10.8
      vertex 18.2819 -0.344943 19.5
      vertex 18.2819 -0.344943 10.8
    endloop
  endfacet
  facet normal -0.992586 0.121548 0
    outer loop
      vertex 18.2819 -0.344943 19.5
      vertex 18.2679 -0.45927 10.8
      vertex 18.2679 -0.45927 19.5
    endloop
  endfacet
  facet normal -0.998642 0.0520904 0
    outer loop
      vertex 18.292 -0.230196 10.8
      vertex 18.298 -0.115168 19.5
      vertex 18.298 -0.115168 10.8
    endloop
  endfacet
  facet normal -0.998642 0.0520904 0
    outer loop
      vertex 18.298 -0.115168 19.5
      vertex 18.292 -0.230196 10.8
      vertex 18.292 -0.230196 19.5
    endloop
  endfacet
  facet normal -0.998642 0.0520904 0
    outer loop
      vertex 18.292 -0.230196 5.5
      vertex 18.298 -0.115168 8.2
      vertex 18.298 -0.115168 5.5
    endloop
  endfacet
  facet normal -0.998642 0.0520904 0
    outer loop
      vertex 18.298 -0.115168 8.2
      vertex 18.292 -0.230196 5.5
      vertex 18.292 -0.230196 8.2
    endloop
  endfacet
  facet normal 0.681761 0.731575 -0
    outer loop
      vertex 12.7919 -2.45238 5.5
      vertex 12.7076 -2.37382 19.5
      vertex 12.7919 -2.45238 19.5
    endloop
  endfacet
  facet normal 0.681761 0.731575 0
    outer loop
      vertex 12.7076 -2.37382 19.5
      vertex 12.7919 -2.45238 5.5
      vertex 12.7076 -2.37382 5.5
    endloop
  endfacet
  facet normal 0.573346 0.819313 -0
    outer loop
      vertex 13.1547 -2.73582 5.5
      vertex 13.0603 -2.66976 19.5
      vertex 13.1547 -2.73582 19.5
    endloop
  endfacet
  facet normal 0.573346 0.819313 0
    outer loop
      vertex 13.0603 -2.66976 19.5
      vertex 13.1547 -2.73582 5.5
      vertex 13.0603 -2.66976 5.5
    endloop
  endfacet
  facet normal 0.453727 0.891141 -0
    outer loop
      vertex 13.5534 -2.96602 5.5
      vertex 13.4507 -2.91373 19.5
      vertex 13.5534 -2.96602 19.5
    endloop
  endfacet
  facet normal 0.453727 0.891141 0
    outer loop
      vertex 13.4507 -2.91373 19.5
      vertex 13.5534 -2.96602 5.5
      vertex 13.4507 -2.91373 5.5
    endloop
  endfacet
  facet normal 0.485016 0.874505 -0
    outer loop
      vertex 13.4507 -2.91373 5.5
      vertex 13.35 -2.85788 19.5
      vertex 13.4507 -2.91373 19.5
    endloop
  endfacet
  facet normal 0.485016 0.874505 0
    outer loop
      vertex 13.35 -2.85788 19.5
      vertex 13.4507 -2.91373 5.5
      vertex 13.35 -2.85788 5.5
    endloop
  endfacet
  facet normal 0.325589 0.945511 -0
    outer loop
      vertex 13.9802 -3.13849 5.5
      vertex 13.8713 -3.10099 19.5
      vertex 13.9802 -3.13849 19.5
    endloop
  endfacet
  facet normal 0.325589 0.945511 0
    outer loop
      vertex 13.8713 -3.10099 19.5
      vertex 13.9802 -3.13849 5.5
      vertex 13.8713 -3.10099 5.5
    endloop
  endfacet
  facet normal 0.225005 0.974358 -0
    outer loop
      vertex 14.3139 -3.22789 5.5
      vertex 14.2017 -3.20198 19.5
      vertex 14.3139 -3.22789 19.5
    endloop
  endfacet
  facet normal 0.225005 0.974358 0
    outer loop
      vertex 14.2017 -3.20198 19.5
      vertex 14.3139 -3.22789 5.5
      vertex 14.2017 -3.20198 5.5
    endloop
  endfacet
  facet normal 0.190772 0.981634 -0
    outer loop
      vertex 14.427 -3.24987 5.5
      vertex 14.3139 -3.22789 19.5
      vertex 14.427 -3.24987 19.5
    endloop
  endfacet
  facet normal 0.190772 0.981634 0
    outer loop
      vertex 14.3139 -3.22789 19.5
      vertex 14.427 -3.24987 5.5
      vertex 14.3139 -3.22789 5.5
    endloop
  endfacet
  facet normal 0.0871993 0.996191 -0
    outer loop
      vertex 14.7698 -3.29196 5.5
      vertex 14.6551 -3.28192 19.5
      vertex 14.7698 -3.29196 19.5
    endloop
  endfacet
  facet normal 0.0871993 0.996191 0
    outer loop
      vertex 14.6551 -3.28192 19.5
      vertex 14.7698 -3.29196 5.5
      vertex 14.6551 -3.28192 5.5
    endloop
  endfacet
  facet normal 0.121813 0.992553 -0
    outer loop
      vertex 14.6551 -3.28192 5.5
      vertex 14.5407 -3.26788 19.5
      vertex 14.6551 -3.28192 19.5
    endloop
  endfacet
  facet normal 0.121813 0.992553 0
    outer loop
      vertex 14.5407 -3.26788 19.5
      vertex 14.6551 -3.28192 5.5
      vertex 14.5407 -3.26788 5.5
    endloop
  endfacet
  facet normal 0.0174453 0.999848 -0
    outer loop
      vertex 15 -3.3 5.5
      vertex 14.8848 -3.29799 19.5
      vertex 15 -3.3 19.5
    endloop
  endfacet
  facet normal 0.0174453 0.999848 0
    outer loop
      vertex 14.8848 -3.29799 19.5
      vertex 15 -3.3 5.5
      vertex 14.8848 -3.29799 5.5
    endloop
  endfacet
  facet normal 0.906234 0.422776 0
    outer loop
      vertex 12.034 -1.44662 19.5
      vertex 11.9853 -1.34223 5.5
      vertex 11.9853 -1.34223 19.5
    endloop
  endfacet
  facet normal 0.906234 0.422776 0
    outer loop
      vertex 11.9853 -1.34223 5.5
      vertex 12.034 -1.44662 19.5
      vertex 12.034 -1.44662 5.5
    endloop
  endfacet
  facet normal 0.83843 0.54501 0
    outer loop
      vertex 12.2642 -1.84534 19.5
      vertex 12.2014 -1.74873 5.5
      vertex 12.2014 -1.74873 19.5
    endloop
  endfacet
  facet normal 0.83843 0.54501 0
    outer loop
      vertex 12.2014 -1.74873 5.5
      vertex 12.2642 -1.84534 19.5
      vertex 12.2642 -1.84534 5.5
    endloop
  endfacet
  facet normal 0.777111 0.629363 0
    outer loop
      vertex 12.4721 -2.1212 19.5
      vertex 12.3996 -2.03168 5.5
      vertex 12.3996 -2.03168 19.5
    endloop
  endfacet
  facet normal 0.777111 0.629363 0
    outer loop
      vertex 12.3996 -2.03168 5.5
      vertex 12.4721 -2.1212 19.5
      vertex 12.4721 -2.1212 5.5
    endloop
  endfacet
  facet normal 0.965953 0.258719 0
    outer loop
      vertex 11.8278 -0.909603 19.5
      vertex 11.798 -0.798342 5.5
      vertex 11.798 -0.798342 19.5
    endloop
  endfacet
  facet normal 0.965953 0.258719 0
    outer loop
      vertex 11.798 -0.798342 5.5
      vertex 11.8278 -0.909603 19.5
      vertex 11.8278 -0.909603 5.5
    endloop
  endfacet
  facet normal 0.992586 0.121548 0
    outer loop
      vertex 11.7321 -0.45927 19.5
      vertex 11.7181 -0.344943 5.5
      vertex 11.7181 -0.344943 19.5
    endloop
  endfacet
  facet normal 0.992586 0.121548 0
    outer loop
      vertex 11.7181 -0.344943 5.5
      vertex 11.7321 -0.45927 19.5
      vertex 11.7321 -0.45927 5.5
    endloop
  endfacet
  facet normal 0.996149 0.0876807 0
    outer loop
      vertex 11.7181 -0.344943 19.5
      vertex 11.708 -0.230196 5.5
      vertex 11.708 -0.230196 19.5
    endloop
  endfacet
  facet normal 0.996149 0.0876807 0
    outer loop
      vertex 11.708 -0.230196 5.5
      vertex 11.7181 -0.344943 19.5
      vertex 11.7181 -0.344943 5.5
    endloop
  endfacet
  facet normal 0.999849 0.0173633 0
    outer loop
      vertex 11.702 -0.115168 19.5
      vertex 11.7 0 5.5
      vertex 11.7 0 19.5
    endloop
  endfacet
  facet normal 0.999849 0.0173633 0
    outer loop
      vertex 11.7 0 5.5
      vertex 11.702 -0.115168 19.5
      vertex 11.702 -0.115168 5.5
    endloop
  endfacet
  facet normal -0.0523628 0.998628 0
    outer loop
      vertex 15.2302 -3.29196 5.5
      vertex 15.1152 -3.29799 19.5
      vertex 15.2302 -3.29196 19.5
    endloop
  endfacet
  facet normal -0.0523628 0.998628 0
    outer loop
      vertex 15.1152 -3.29799 19.5
      vertex 15.2302 -3.29196 5.5
      vertex 15.1152 -3.29799 5.5
    endloop
  endfacet
  facet normal -0.156449 0.987686 0
    outer loop
      vertex 15.573 -3.24987 5.5
      vertex 15.4593 -3.26788 19.5
      vertex 15.573 -3.24987 19.5
    endloop
  endfacet
  facet normal -0.156449 0.987686 0
    outer loop
      vertex 15.4593 -3.26788 19.5
      vertex 15.573 -3.24987 5.5
      vertex 15.4593 -3.26788 5.5
    endloop
  endfacet
  facet normal -0.390846 0.920456 0
    outer loop
      vertex 16.3422 -3.0147 5.5
      vertex 16.2362 -3.05971 19.5
      vertex 16.3422 -3.0147 19.5
    endloop
  endfacet
  facet normal -0.390846 0.920456 0
    outer loop
      vertex 16.2362 -3.05971 19.5
      vertex 16.3422 -3.0147 5.5
      vertex 16.2362 -3.05971 5.5
    endloop
  endfacet
  facet normal -0.707324 0.70689 0
    outer loop
      vertex 17.2924 -2.37382 5.5
      vertex 17.3738 -2.29237 19.5
      vertex 17.3738 -2.29237 5.5
    endloop
  endfacet
  facet normal -0.707324 0.70689 0
    outer loop
      vertex 17.3738 -2.29237 19.5
      vertex 17.2924 -2.37382 5.5
      vertex 17.2924 -2.37382 19.5
    endloop
  endfacet
  facet normal -0.573346 0.819313 0
    outer loop
      vertex 16.9397 -2.66976 5.5
      vertex 16.8453 -2.73582 19.5
      vertex 16.9397 -2.66976 19.5
    endloop
  endfacet
  facet normal -0.573346 0.819313 0
    outer loop
      vertex 16.8453 -2.73582 19.5
      vertex 16.9397 -2.66976 5.5
      vertex 16.8453 -2.73582 5.5
    endloop
  endfacet
  facet normal -0.453727 0.891141 0
    outer loop
      vertex 16.5493 -2.91373 5.5
      vertex 16.4466 -2.96602 19.5
      vertex 16.5493 -2.91373 19.5
    endloop
  endfacet
  facet normal -0.453727 0.891141 0
    outer loop
      vertex 16.4466 -2.96602 19.5
      vertex 16.5493 -2.91373 5.5
      vertex 16.4466 -2.96602 5.5
    endloop
  endfacet
  facet normal -0.754998 0.655727 0
    outer loop
      vertex 17.4524 -2.20813 5.5
      vertex 17.5279 -2.1212 19.5
      vertex 17.5279 -2.1212 5.5
    endloop
  endfacet
  facet normal -0.754998 0.655727 0
    outer loop
      vertex 17.5279 -2.1212 19.5
      vertex 17.4524 -2.20813 5.5
      vertex 17.4524 -2.20813 19.5
    endloop
  endfacet
  facet normal -0.83843 0.54501 0
    outer loop
      vertex 17.7358 -1.84534 5.5
      vertex 17.7986 -1.74873 19.5
      vertex 17.7986 -1.74873 5.5
    endloop
  endfacet
  facet normal -0.83843 0.54501 0
    outer loop
      vertex 17.7986 -1.74873 19.5
      vertex 17.7358 -1.84534 5.5
      vertex 17.7358 -1.84534 19.5
    endloop
  endfacet
  facet normal -0.906234 0.422776 0
    outer loop
      vertex 17.966 -1.44662 5.5
      vertex 18.0147 -1.34223 19.5
      vertex 18.0147 -1.34223 5.5
    endloop
  endfacet
  facet normal -0.906234 0.422776 0
    outer loop
      vertex 18.0147 -1.34223 19.5
      vertex 17.966 -1.44662 5.5
      vertex 17.966 -1.44662 19.5
    endloop
  endfacet
  facet normal -0.956252 0.292543 0
    outer loop
      vertex 18.1385 -1.01976 10.8
      vertex 18.1722 -0.909603 19.5
      vertex 18.1722 -0.909603 10.8
    endloop
  endfacet
  facet normal -0.956252 0.292543 0
    outer loop
      vertex 18.1722 -0.909603 19.5
      vertex 18.1385 -1.01976 10.8
      vertex 18.1385 -1.01976 19.5
    endloop
  endfacet
  facet normal -0.956252 0.292543 0
    outer loop
      vertex 18.1385 -1.01976 5.5
      vertex 18.1722 -0.909603 8.2
      vertex 18.1722 -0.909603 5.5
    endloop
  endfacet
  facet normal -0.956252 0.292543 0
    outer loop
      vertex 18.1722 -0.909603 8.2
      vertex 18.1385 -1.01976 5.5
      vertex 18.1385 -1.01976 8.2
    endloop
  endfacet
  facet normal -0.981592 0.190988 0
    outer loop
      vertex 18.2279 -0.686108 5.5
      vertex 18.2499 -0.573038 8.2
      vertex 18.2499 -0.573038 5.5
    endloop
  endfacet
  facet normal -0.981592 0.190988 0
    outer loop
      vertex 18.2499 -0.573038 8.2
      vertex 18.2279 -0.686108 5.5
      vertex 18.2279 -0.686108 8.2
    endloop
  endfacet
  facet normal -0.981592 0.190988 0
    outer loop
      vertex 18.2279 -0.686108 10.8
      vertex 18.2499 -0.573038 19.5
      vertex 18.2499 -0.573038 10.8
    endloop
  endfacet
  facet normal -0.981592 0.190988 0
    outer loop
      vertex 18.2499 -0.573038 19.5
      vertex 18.2279 -0.686108 10.8
      vertex 18.2279 -0.686108 19.5
    endloop
  endfacet
  facet normal 0.656202 0.754585 -0
    outer loop
      vertex 12.8788 -2.52795 5.5
      vertex 12.7919 -2.45238 19.5
      vertex 12.8788 -2.52795 19.5
    endloop
  endfacet
  facet normal 0.656202 0.754585 0
    outer loop
      vertex 12.7919 -2.45238 19.5
      vertex 12.8788 -2.52795 5.5
      vertex 12.7919 -2.45238 5.5
    endloop
  endfacet
  facet normal 0.544683 0.838642 -0
    outer loop
      vertex 13.2513 -2.79856 5.5
      vertex 13.1547 -2.73582 19.5
      vertex 13.2513 -2.79856 19.5
    endloop
  endfacet
  facet normal 0.544683 0.838642 0
    outer loop
      vertex 13.1547 -2.73582 19.5
      vertex 13.2513 -2.79856 5.5
      vertex 13.1547 -2.73582 5.5
    endloop
  endfacet
  facet normal 0.4226 0.906316 -0
    outer loop
      vertex 13.6578 -3.0147 5.5
      vertex 13.5534 -2.96602 19.5
      vertex 13.6578 -3.0147 19.5
    endloop
  endfacet
  facet normal 0.4226 0.906316 0
    outer loop
      vertex 13.5534 -2.96602 19.5
      vertex 13.6578 -3.0147 5.5
      vertex 13.5534 -2.96602 5.5
    endloop
  endfacet
  facet normal 0.292201 0.956357 -0
    outer loop
      vertex 14.0904 -3.17216 5.5
      vertex 13.9802 -3.13849 19.5
      vertex 14.0904 -3.17216 19.5
    endloop
  endfacet
  facet normal 0.292201 0.956357 0
    outer loop
      vertex 13.9802 -3.13849 19.5
      vertex 14.0904 -3.17216 5.5
      vertex 13.9802 -3.13849 5.5
    endloop
  endfacet
  facet normal 0.707324 0.70689 0
    outer loop
      vertex 12.7076 -2.37382 19.5
      vertex 12.6262 -2.29237 5.5
      vertex 12.6262 -2.29237 19.5
    endloop
  endfacet
  facet normal 0.707324 0.70689 0
    outer loop
      vertex 12.6262 -2.29237 5.5
      vertex 12.7076 -2.37382 19.5
      vertex 12.7076 -2.37382 5.5
    endloop
  endfacet
  facet normal 0.890998 0.454006 0
    outer loop
      vertex 12.0863 -1.54926 19.5
      vertex 12.034 -1.44662 5.5
      vertex 12.034 -1.44662 19.5
    endloop
  endfacet
  facet normal 0.890998 0.454006 0
    outer loop
      vertex 12.034 -1.44662 5.5
      vertex 12.0863 -1.54926 19.5
      vertex 12.0863 -1.54926 5.5
    endloop
  endfacet
  facet normal 0.819415 0.5732 0
    outer loop
      vertex 12.3302 -1.93969 19.5
      vertex 12.2642 -1.84534 5.5
      vertex 12.2642 -1.84534 19.5
    endloop
  endfacet
  facet normal 0.819415 0.5732 0
    outer loop
      vertex 12.2642 -1.84534 5.5
      vertex 12.3302 -1.93969 19.5
      vertex 12.3302 -1.93969 5.5
    endloop
  endfacet
  facet normal 0.920527 0.390679 0
    outer loop
      vertex 11.9853 -1.34223 19.5
      vertex 11.9403 -1.2362 5.5
      vertex 11.9403 -1.2362 19.5
    endloop
  endfacet
  facet normal 0.920527 0.390679 0
    outer loop
      vertex 11.9403 -1.2362 5.5
      vertex 11.9853 -1.34223 19.5
      vertex 11.9853 -1.34223 5.5
    endloop
  endfacet
  facet normal 0.987714 0.156273 0
    outer loop
      vertex 11.7501 -0.573038 19.5
      vertex 11.7321 -0.45927 5.5
      vertex 11.7321 -0.45927 19.5
    endloop
  endfacet
  facet normal 0.987714 0.156273 0
    outer loop
      vertex 11.7321 -0.45927 5.5
      vertex 11.7501 -0.573038 19.5
      vertex 11.7501 -0.573038 5.5
    endloop
  endfacet
  facet normal 0.998642 0.0520904 0
    outer loop
      vertex 11.708 -0.230196 19.5
      vertex 11.702 -0.115168 5.5
      vertex 11.702 -0.115168 19.5
    endloop
  endfacet
  facet normal 0.998642 0.0520904 0
    outer loop
      vertex 11.702 -0.115168 5.5
      vertex 11.708 -0.230196 19.5
      vertex 11.708 -0.230196 5.5
    endloop
  endfacet
  facet normal -0.996149 0.0876807 0
    outer loop
      vertex 18.2819 -0.344943 10.8
      vertex 18.292 -0.230196 19.5
      vertex 18.292 -0.230196 10.8
    endloop
  endfacet
  facet normal -0.996149 0.0876807 0
    outer loop
      vertex 18.292 -0.230196 19.5
      vertex 18.2819 -0.344943 10.8
      vertex 18.2819 -0.344943 19.5
    endloop
  endfacet
  facet normal -0.996149 0.0876807 0
    outer loop
      vertex 18.2819 -0.344943 5.5
      vertex 18.292 -0.230196 8.2
      vertex 18.292 -0.230196 5.5
    endloop
  endfacet
  facet normal -0.996149 0.0876807 0
    outer loop
      vertex 18.292 -0.230196 8.2
      vertex 18.2819 -0.344943 5.5
      vertex 18.2819 -0.344943 8.2
    endloop
  endfacet
  facet normal 0 0 -1
    outer loop
      vertex 18.2819 -0.344943 10.8
      vertex 22.7727 -0.51765 10.8
      vertex 22.7678 -0.795069 10.8
    endloop
  endfacet
  facet normal 0 0 -1
    outer loop
      vertex 18.2679 -0.45927 10.8
      vertex 22.7678 -0.795069 10.8
      vertex 22.7518 -1.1 10.8
    endloop
  endfacet
  facet normal 0 -0 -1
    outer loop
      vertex 18.298 -0.115168 10.8
      vertex 22.7727 -0.51765 10.8
      vertex 18.292 -0.230196 10.8
    endloop
  endfacet
  facet normal -0 0 -1
    outer loop
      vertex 22.7817 0 10.8
      vertex 18.298 -0.115168 10.8
      vertex 18.3 0 10.8
    endloop
  endfacet
  facet normal 0 0 -1
    outer loop
      vertex 22.7727 -0.51765 10.8
      vertex 18.298 -0.115168 10.8
      vertex 22.7817 0 10.8
    endloop
  endfacet
  facet normal 0 0 -1
    outer loop
      vertex 22.7727 -0.51765 10.8
      vertex 18.2819 -0.344943 10.8
      vertex 18.292 -0.230196 10.8
    endloop
  endfacet
  facet normal 0 0 -1
    outer loop
      vertex 22.7678 -0.795069 10.8
      vertex 18.2679 -0.45927 10.8
      vertex 18.2819 -0.344943 10.8
    endloop
  endfacet
  facet normal 0 0 -1
    outer loop
      vertex 22.7518 -1.1 10.8
      vertex 18.2499 -0.573038 10.8
      vertex 18.2679 -0.45927 10.8
    endloop
  endfacet
  facet normal 0 0 -1
    outer loop
      vertex 22.7518 -1.1 10.8
      vertex 18.2279 -0.686108 10.8
      vertex 18.2499 -0.573038 10.8
    endloop
  endfacet
  facet normal 0 0 -1
    outer loop
      vertex 22.7518 -1.1 10.8
      vertex 18.202 -0.798342 10.8
      vertex 18.2279 -0.686108 10.8
    endloop
  endfacet
  facet normal 0 0 -1
    outer loop
      vertex 22.7518 -1.1 10.8
      vertex 18.1722 -0.909603 10.8
      vertex 18.202 -0.798342 10.8
    endloop
  endfacet
  facet normal 0 0 -1
    outer loop
      vertex 22.7518 -1.1 10.8
      vertex 18.1385 -1.01976 10.8
      vertex 18.1722 -0.909603 10.8
    endloop
  endfacet
  facet normal 0 -0 -1
    outer loop
      vertex 18.1385 -1.01976 10.8
      vertex 22.7518 -1.1 10.8
      vertex 18.1109 -1.1 10.8
    endloop
  endfacet
  facet normal -0 0 1
    outer loop
      vertex 18.298 -0.115168 8.2
      vertex 22.7768 -0.277419 8.2
      vertex 22.7817 0 8.2
    endloop
  endfacet
  facet normal 0 0 1
    outer loop
      vertex 22.7768 -0.277419 8.2
      vertex 18.292 -0.230196 8.2
      vertex 22.7678 -0.795069 8.2
    endloop
  endfacet
  facet normal -0 0 1
    outer loop
      vertex 18.2819 -0.344943 8.2
      vertex 22.7678 -0.795069 8.2
      vertex 18.292 -0.230196 8.2
    endloop
  endfacet
  facet normal 0 0 1
    outer loop
      vertex 18.298 -0.115168 8.2
      vertex 22.7817 0 8.2
      vertex 18.3 0 8.2
    endloop
  endfacet
  facet normal 0 0 1
    outer loop
      vertex 22.7768 -0.277419 8.2
      vertex 18.298 -0.115168 8.2
      vertex 18.292 -0.230196 8.2
    endloop
  endfacet
  facet normal -0 0 1
    outer loop
      vertex 18.2679 -0.45927 8.2
      vertex 22.7678 -0.795069 8.2
      vertex 18.2819 -0.344943 8.2
    endloop
  endfacet
  facet normal 0 0 1
    outer loop
      vertex 22.7678 -0.795069 8.2
      vertex 18.2679 -0.45927 8.2
      vertex 22.7533 -1.07215 8.2
    endloop
  endfacet
  facet normal -0 0 1
    outer loop
      vertex 18.2499 -0.573038 8.2
      vertex 22.7533 -1.07215 8.2
      vertex 18.2679 -0.45927 8.2
    endloop
  endfacet
  facet normal 0 0 1
    outer loop
      vertex 22.7533 -1.07215 8.2
      vertex 18.2499 -0.573038 8.2
      vertex 22.7518 -1.1 8.2
    endloop
  endfacet
  facet normal -0 0 1
    outer loop
      vertex 18.2279 -0.686108 8.2
      vertex 22.7518 -1.1 8.2
      vertex 18.2499 -0.573038 8.2
    endloop
  endfacet
  facet normal -0 0 1
    outer loop
      vertex 18.202 -0.798342 8.2
      vertex 22.7518 -1.1 8.2
      vertex 18.2279 -0.686108 8.2
    endloop
  endfacet
  facet normal -0 0 1
    outer loop
      vertex 18.1722 -0.909603 8.2
      vertex 22.7518 -1.1 8.2
      vertex 18.202 -0.798342 8.2
    endloop
  endfacet
  facet normal -0 0 1
    outer loop
      vertex 18.1385 -1.01976 8.2
      vertex 22.7518 -1.1 8.2
      vertex 18.1722 -0.909603 8.2
    endloop
  endfacet
  facet normal 0 0 1
    outer loop
      vertex 22.7518 -1.1 8.2
      vertex 18.1385 -1.01976 8.2
      vertex 18.1109 -1.1 8.2
    endloop
  endfacet
  facet normal 0 1 -0
    outer loop
      vertex 21.4502 -1.1 9.5
      vertex 18.1109 -1.1 10.8
      vertex 22.7518 -1.1 10.8
    endloop
  endfacet
  facet normal 0 1 0
    outer loop
      vertex 18.1109 -1.1 8.2
      vertex 21.4502 -1.1 9.5
      vertex 22.7518 -1.1 8.2
    endloop
  endfacet
  facet normal 0 1 0
    outer loop
      vertex 21.4502 -1.1 9.5
      vertex 18.1109 -1.1 8.2
      vertex 18.1109 -1.1 10.8
    endloop
  endfacet
  facet normal 0.999849 0.0173633 0
    outer loop
      vertex -18.298 -0.115168 14.2
      vertex -18.3 0 11.5
      vertex -18.3 0 14.2
    endloop
  endfacet
  facet normal 0.999849 0.0173633 0
    outer loop
      vertex -18.3 0 11.5
      vertex -18.298 -0.115168 14.2
      vertex -18.298 -0.115168 11.5
    endloop
  endfacet
  facet normal 0.999849 0.0173633 0
    outer loop
      vertex -18.298 -0.115168 19.5
      vertex -18.3 0 16.8
      vertex -18.3 0 19.5
    endloop
  endfacet
  facet normal 0.999849 0.0173633 0
    outer loop
      vertex -18.3 0 16.8
      vertex -18.298 -0.115168 19.5
      vertex -18.298 -0.115168 16.8
    endloop
  endfacet
  facet normal -0.999849 0.0173633 0
    outer loop
      vertex -11.702 -0.115168 11.5
      vertex -11.7 0 19.5
      vertex -11.7 0 11.5
    endloop
  endfacet
  facet normal -0.999849 0.0173633 0
    outer loop
      vertex -11.7 0 19.5
      vertex -11.702 -0.115168 11.5
      vertex -11.702 -0.115168 19.5
    endloop
  endfacet
  facet normal 0.0174453 0.999848 -0
    outer loop
      vertex -15 -3.3 11.5
      vertex -15.1152 -3.29799 19.5
      vertex -15 -3.3 19.5
    endloop
  endfacet
  facet normal 0.0174453 0.999848 0
    outer loop
      vertex -15.1152 -3.29799 19.5
      vertex -15 -3.3 11.5
      vertex -15.1152 -3.29799 11.5
    endloop
  endfacet
  facet normal 0.707324 0.70689 0
    outer loop
      vertex -17.2924 -2.37382 19.5
      vertex -17.3738 -2.29237 11.5
      vertex -17.3738 -2.29237 19.5
    endloop
  endfacet
  facet normal 0.707324 0.70689 0
    outer loop
      vertex -17.3738 -2.29237 11.5
      vertex -17.2924 -2.37382 19.5
      vertex -17.2924 -2.37382 11.5
    endloop
  endfacet
  facet normal -0.681761 0.731575 0
    outer loop
      vertex -12.7076 -2.37382 11.5
      vertex -12.7919 -2.45238 19.5
      vertex -12.7076 -2.37382 19.5
    endloop
  endfacet
  facet normal -0.681761 0.731575 0
    outer loop
      vertex -12.7919 -2.45238 19.5
      vertex -12.7076 -2.37382 11.5
      vertex -12.7919 -2.45238 11.5
    endloop
  endfacet
  facet normal 0.920527 0.390679 0
    outer loop
      vertex -18.0147 -1.34223 19.5
      vertex -18.0597 -1.2362 11.5
      vertex -18.0597 -1.2362 19.5
    endloop
  endfacet
  facet normal 0.920527 0.390679 0
    outer loop
      vertex -18.0597 -1.2362 11.5
      vertex -18.0147 -1.34223 19.5
      vertex -18.0147 -1.34223 11.5
    endloop
  endfacet
  facet normal -0.754998 0.655727 0
    outer loop
      vertex -12.5476 -2.20813 11.5
      vertex -12.4721 -2.1212 19.5
      vertex -12.4721 -2.1212 11.5
    endloop
  endfacet
  facet normal -0.754998 0.655727 0
    outer loop
      vertex -12.4721 -2.1212 19.5
      vertex -12.5476 -2.20813 11.5
      vertex -12.5476 -2.20813 19.5
    endloop
  endfacet
  facet normal 0.987714 0.156273 0
    outer loop
      vertex -18.2499 -0.573038 14.2
      vertex -18.2679 -0.45927 11.5
      vertex -18.2679 -0.45927 14.2
    endloop
  endfacet
  facet normal 0.987714 0.156273 0
    outer loop
      vertex -18.2679 -0.45927 11.5
      vertex -18.2499 -0.573038 14.2
      vertex -18.2499 -0.573038 11.5
    endloop
  endfacet
  facet normal 0.987714 0.156273 0
    outer loop
      vertex -18.2499 -0.573038 19.5
      vertex -18.2679 -0.45927 16.8
      vertex -18.2679 -0.45927 19.5
    endloop
  endfacet
  facet normal 0.987714 0.156273 0
    outer loop
      vertex -18.2679 -0.45927 16.8
      vertex -18.2499 -0.573038 19.5
      vertex -18.2499 -0.573038 16.8
    endloop
  endfacet
  facet normal 0.258797 0.965932 -0
    outer loop
      vertex -15.7983 -3.20198 11.5
      vertex -15.9096 -3.17216 19.5
      vertex -15.7983 -3.20198 19.5
    endloop
  endfacet
  facet normal 0.258797 0.965932 0
    outer loop
      vertex -15.9096 -3.17216 19.5
      vertex -15.7983 -3.20198 11.5
      vertex -15.9096 -3.17216 11.5
    endloop
  endfacet
  facet normal 0.0871993 0.996191 -0
    outer loop
      vertex -15.2302 -3.29196 11.5
      vertex -15.3449 -3.28192 19.5
      vertex -15.2302 -3.29196 19.5
    endloop
  endfacet
  facet normal 0.0871993 0.996191 0
    outer loop
      vertex -15.3449 -3.28192 19.5
      vertex -15.2302 -3.29196 11.5
      vertex -15.3449 -3.28192 11.5
    endloop
  endfacet
  facet normal -0.956252 0.292543 0
    outer loop
      vertex -11.8615 -1.01976 11.5
      vertex -11.8278 -0.909603 19.5
      vertex -11.8278 -0.909603 11.5
    endloop
  endfacet
  facet normal -0.956252 0.292543 0
    outer loop
      vertex -11.8278 -0.909603 19.5
      vertex -11.8615 -1.01976 11.5
      vertex -11.8615 -1.01976 19.5
    endloop
  endfacet
  facet normal -0.777111 0.629363 0
    outer loop
      vertex -12.4721 -2.1212 11.5
      vertex -12.3996 -2.03168 19.5
      vertex -12.3996 -2.03168 11.5
    endloop
  endfacet
  facet normal -0.777111 0.629363 0
    outer loop
      vertex -12.3996 -2.03168 19.5
      vertex -12.4721 -2.1212 11.5
      vertex -12.4721 -2.1212 19.5
    endloop
  endfacet
  facet normal -0.857255 0.514892 0
    outer loop
      vertex -12.2014 -1.74873 11.5
      vertex -12.1421 -1.65 19.5
      vertex -12.1421 -1.65 11.5
    endloop
  endfacet
  facet normal -0.857255 0.514892 0
    outer loop
      vertex -12.1421 -1.65 19.5
      vertex -12.2014 -1.74873 11.5
      vertex -12.2014 -1.74873 19.5
    endloop
  endfacet
  facet normal -0.945521 0.325563 0
    outer loop
      vertex -11.899 -1.12867 11.5
      vertex -11.8615 -1.01976 19.5
      vertex -11.8615 -1.01976 11.5
    endloop
  endfacet
  facet normal -0.945521 0.325563 0
    outer loop
      vertex -11.8615 -1.01976 19.5
      vertex -11.899 -1.12867 11.5
      vertex -11.899 -1.12867 19.5
    endloop
  endfacet
  facet normal -0.992586 0.121548 0
    outer loop
      vertex -11.7321 -0.45927 11.5
      vertex -11.7181 -0.344943 19.5
      vertex -11.7181 -0.344943 11.5
    endloop
  endfacet
  facet normal -0.992586 0.121548 0
    outer loop
      vertex -11.7181 -0.344943 19.5
      vertex -11.7321 -0.45927 11.5
      vertex -11.7321 -0.45927 19.5
    endloop
  endfacet
  facet normal -0.485016 0.874505 0
    outer loop
      vertex -13.35 -2.85788 11.5
      vertex -13.4507 -2.91373 19.5
      vertex -13.35 -2.85788 19.5
    endloop
  endfacet
  facet normal -0.485016 0.874505 0
    outer loop
      vertex -13.4507 -2.91373 19.5
      vertex -13.35 -2.85788 11.5
      vertex -13.4507 -2.91373 11.5
    endloop
  endfacet
  facet normal -0.0523628 0.998628 0
    outer loop
      vertex -14.7698 -3.29196 11.5
      vertex -14.8848 -3.29799 19.5
      vertex -14.7698 -3.29196 19.5
    endloop
  endfacet
  facet normal -0.0523628 0.998628 0
    outer loop
      vertex -14.8848 -3.29799 19.5
      vertex -14.7698 -3.29196 11.5
      vertex -14.8848 -3.29799 11.5
    endloop
  endfacet
  facet normal 0.998642 0.0520904 0
    outer loop
      vertex -18.292 -0.230196 14.2
      vertex -18.298 -0.115168 11.5
      vertex -18.298 -0.115168 14.2
    endloop
  endfacet
  facet normal 0.998642 0.0520904 0
    outer loop
      vertex -18.298 -0.115168 11.5
      vertex -18.292 -0.230196 14.2
      vertex -18.292 -0.230196 11.5
    endloop
  endfacet
  facet normal 0.998642 0.0520904 0
    outer loop
      vertex -18.292 -0.230196 19.5
      vertex -18.298 -0.115168 16.8
      vertex -18.298 -0.115168 19.5
    endloop
  endfacet
  facet normal 0.998642 0.0520904 0
    outer loop
      vertex -18.298 -0.115168 16.8
      vertex -18.292 -0.230196 19.5
      vertex -18.292 -0.230196 16.8
    endloop
  endfacet
  facet normal 0.965953 0.258719 0
    outer loop
      vertex -18.1722 -0.909603 14.2
      vertex -18.202 -0.798342 11.5
      vertex -18.202 -0.798342 14.2
    endloop
  endfacet
  facet normal 0.965953 0.258719 0
    outer loop
      vertex -18.202 -0.798342 11.5
      vertex -18.1722 -0.909603 14.2
      vertex -18.1722 -0.909603 11.5
    endloop
  endfacet
  facet normal 0.965953 0.258719 0
    outer loop
      vertex -18.1722 -0.909603 19.5
      vertex -18.202 -0.798342 16.8
      vertex -18.202 -0.798342 19.5
    endloop
  endfacet
  facet normal 0.965953 0.258719 0
    outer loop
      vertex -18.202 -0.798342 16.8
      vertex -18.1722 -0.909603 19.5
      vertex -18.1722 -0.909603 16.8
    endloop
  endfacet
  facet normal 0.798299 0.602261 0
    outer loop
      vertex -17.6004 -2.03168 19.5
      vertex -17.6698 -1.93969 11.5
      vertex -17.6698 -1.93969 19.5
    endloop
  endfacet
  facet normal 0.798299 0.602261 0
    outer loop
      vertex -17.6698 -1.93969 11.5
      vertex -17.6004 -2.03168 19.5
      vertex -17.6004 -2.03168 11.5
    endloop
  endfacet
  facet normal 0.777111 0.629363 0
    outer loop
      vertex -17.5279 -2.1212 19.5
      vertex -17.6004 -2.03168 11.5
      vertex -17.6004 -2.03168 19.5
    endloop
  endfacet
  facet normal 0.777111 0.629363 0
    outer loop
      vertex -17.6004 -2.03168 11.5
      vertex -17.5279 -2.1212 19.5
      vertex -17.5279 -2.1212 11.5
    endloop
  endfacet
  facet normal 0.874771 0.484537 0
    outer loop
      vertex -17.8579 -1.65 19.5
      vertex -17.9137 -1.54926 11.5
      vertex -17.9137 -1.54926 19.5
    endloop
  endfacet
  facet normal 0.874771 0.484537 0
    outer loop
      vertex -17.9137 -1.54926 11.5
      vertex -17.8579 -1.65 19.5
      vertex -17.8579 -1.65 11.5
    endloop
  endfacet
  facet normal 0.156449 0.987686 -0
    outer loop
      vertex -15.4593 -3.26788 11.5
      vertex -15.573 -3.24987 19.5
      vertex -15.4593 -3.26788 19.5
    endloop
  endfacet
  facet normal 0.156449 0.987686 0
    outer loop
      vertex -15.573 -3.24987 19.5
      vertex -15.4593 -3.26788 11.5
      vertex -15.573 -3.24987 11.5
    endloop
  endfacet
  facet normal 0.0523628 0.998628 -0
    outer loop
      vertex -15.1152 -3.29799 11.5
      vertex -15.2302 -3.29196 19.5
      vertex -15.1152 -3.29799 19.5
    endloop
  endfacet
  facet normal 0.0523628 0.998628 0
    outer loop
      vertex -15.2302 -3.29196 19.5
      vertex -15.1152 -3.29799 11.5
      vertex -15.2302 -3.29196 11.5
    endloop
  endfacet
  facet normal 0.390846 0.920456 -0
    outer loop
      vertex -16.2362 -3.05971 11.5
      vertex -16.3422 -3.0147 19.5
      vertex -16.2362 -3.05971 19.5
    endloop
  endfacet
  facet normal 0.390846 0.920456 0
    outer loop
      vertex -16.3422 -3.0147 19.5
      vertex -16.2362 -3.05971 11.5
      vertex -16.3422 -3.0147 11.5
    endloop
  endfacet
  facet normal 0.515134 0.85711 -0
    outer loop
      vertex -16.65 -2.85788 11.5
      vertex -16.7487 -2.79856 19.5
      vertex -16.65 -2.85788 19.5
    endloop
  endfacet
  facet normal 0.515134 0.85711 0
    outer loop
      vertex -16.7487 -2.79856 19.5
      vertex -16.65 -2.85788 11.5
      vertex -16.7487 -2.79856 11.5
    endloop
  endfacet
  facet normal 0.4226 0.906316 -0
    outer loop
      vertex -16.3422 -3.0147 11.5
      vertex -16.4466 -2.96602 19.5
      vertex -16.3422 -3.0147 19.5
    endloop
  endfacet
  facet normal 0.4226 0.906316 0
    outer loop
      vertex -16.4466 -2.96602 19.5
      vertex -16.3422 -3.0147 11.5
      vertex -16.4466 -2.96602 11.5
    endloop
  endfacet
  facet normal 0.485016 0.874505 -0
    outer loop
      vertex -16.5493 -2.91373 11.5
      vertex -16.65 -2.85788 19.5
      vertex -16.5493 -2.91373 19.5
    endloop
  endfacet
  facet normal 0.485016 0.874505 0
    outer loop
      vertex -16.65 -2.85788 19.5
      vertex -16.5493 -2.91373 11.5
      vertex -16.65 -2.85788 11.5
    endloop
  endfacet
  facet normal 0.629396 0.777085 -0
    outer loop
      vertex -17.0317 -2.60044 11.5
      vertex -17.1212 -2.52795 19.5
      vertex -17.0317 -2.60044 19.5
    endloop
  endfacet
  facet normal 0.629396 0.777085 0
    outer loop
      vertex -17.1212 -2.52795 19.5
      vertex -17.0317 -2.60044 11.5
      vertex -17.1212 -2.52795 11.5
    endloop
  endfacet
  facet normal 0.601776 0.798665 -0
    outer loop
      vertex -16.9397 -2.66976 11.5
      vertex -17.0317 -2.60044 19.5
      vertex -16.9397 -2.66976 19.5
    endloop
  endfacet
  facet normal 0.601776 0.798665 0
    outer loop
      vertex -17.0317 -2.60044 19.5
      vertex -16.9397 -2.66976 11.5
      vertex -17.0317 -2.60044 11.5
    endloop
  endfacet
  facet normal -0.874771 0.484537 0
    outer loop
      vertex -12.1421 -1.65 11.5
      vertex -12.0863 -1.54926 19.5
      vertex -12.0863 -1.54926 11.5
    endloop
  endfacet
  facet normal -0.874771 0.484537 0
    outer loop
      vertex -12.0863 -1.54926 19.5
      vertex -12.1421 -1.65 11.5
      vertex -12.1421 -1.65 19.5
    endloop
  endfacet
  facet normal -0.974391 0.224858 0
    outer loop
      vertex -11.798 -0.798342 11.5
      vertex -11.7721 -0.686108 19.5
      vertex -11.7721 -0.686108 11.5
    endloop
  endfacet
  facet normal -0.974391 0.224858 0
    outer loop
      vertex -11.7721 -0.686108 19.5
      vertex -11.798 -0.798342 11.5
      vertex -11.798 -0.798342 19.5
    endloop
  endfacet
  facet normal -0.981592 0.190988 0
    outer loop
      vertex -11.7721 -0.686108 11.5
      vertex -11.7501 -0.573038 19.5
      vertex -11.7501 -0.573038 11.5
    endloop
  endfacet
  facet normal -0.981592 0.190988 0
    outer loop
      vertex -11.7501 -0.573038 19.5
      vertex -11.7721 -0.686108 11.5
      vertex -11.7721 -0.686108 19.5
    endloop
  endfacet
  facet normal -0.996149 0.0876807 0
    outer loop
      vertex -11.7181 -0.344943 11.5
      vertex -11.708 -0.230196 19.5
      vertex -11.708 -0.230196 11.5
    endloop
  endfacet
  facet normal -0.996149 0.0876807 0
    outer loop
      vertex -11.708 -0.230196 19.5
      vertex -11.7181 -0.344943 11.5
      vertex -11.7181 -0.344943 19.5
    endloop
  endfacet
  facet normal -0.390846 0.920456 0
    outer loop
      vertex -13.6578 -3.0147 11.5
      vertex -13.7638 -3.05971 19.5
      vertex -13.6578 -3.0147 19.5
    endloop
  endfacet
  facet normal -0.390846 0.920456 0
    outer loop
      vertex -13.7638 -3.05971 19.5
      vertex -13.6578 -3.0147 11.5
      vertex -13.7638 -3.05971 11.5
    endloop
  endfacet
  facet normal -0.573346 0.819313 0
    outer loop
      vertex -13.0603 -2.66976 11.5
      vertex -13.1547 -2.73582 19.5
      vertex -13.0603 -2.66976 19.5
    endloop
  endfacet
  facet normal -0.573346 0.819313 0
    outer loop
      vertex -13.1547 -2.73582 19.5
      vertex -13.0603 -2.66976 11.5
      vertex -13.1547 -2.73582 11.5
    endloop
  endfacet
  facet normal -0.515134 0.85711 0
    outer loop
      vertex -13.2513 -2.79856 11.5
      vertex -13.35 -2.85788 19.5
      vertex -13.2513 -2.79856 19.5
    endloop
  endfacet
  facet normal -0.515134 0.85711 0
    outer loop
      vertex -13.35 -2.85788 19.5
      vertex -13.2513 -2.79856 11.5
      vertex -13.35 -2.85788 11.5
    endloop
  endfacet
  facet normal -0.601776 0.798665 0
    outer loop
      vertex -12.9683 -2.60044 11.5
      vertex -13.0603 -2.66976 19.5
      vertex -12.9683 -2.60044 19.5
    endloop
  endfacet
  facet normal -0.601776 0.798665 0
    outer loop
      vertex -13.0603 -2.66976 19.5
      vertex -12.9683 -2.60044 11.5
      vertex -13.0603 -2.66976 11.5
    endloop
  endfacet
  facet normal -0.358479 0.933538 0
    outer loop
      vertex -13.7638 -3.05971 11.5
      vertex -13.8713 -3.10099 19.5
      vertex -13.7638 -3.05971 19.5
    endloop
  endfacet
  facet normal -0.358479 0.933538 0
    outer loop
      vertex -13.8713 -3.10099 19.5
      vertex -13.7638 -3.05971 11.5
      vertex -13.8713 -3.10099 11.5
    endloop
  endfacet
  facet normal -0.258797 0.965932 0
    outer loop
      vertex -14.0904 -3.17216 11.5
      vertex -14.2017 -3.20198 19.5
      vertex -14.0904 -3.17216 19.5
    endloop
  endfacet
  facet normal -0.258797 0.965932 0
    outer loop
      vertex -14.2017 -3.20198 19.5
      vertex -14.0904 -3.17216 11.5
      vertex -14.2017 -3.20198 11.5
    endloop
  endfacet
  facet normal -0.325589 0.945511 0
    outer loop
      vertex -13.8713 -3.10099 11.5
      vertex -13.9802 -3.13849 19.5
      vertex -13.8713 -3.10099 19.5
    endloop
  endfacet
  facet normal -0.325589 0.945511 0
    outer loop
      vertex -13.9802 -3.13849 19.5
      vertex -13.8713 -3.10099 11.5
      vertex -13.9802 -3.13849 11.5
    endloop
  endfacet
  facet normal -0.156449 0.987686 0
    outer loop
      vertex -14.427 -3.24987 11.5
      vertex -14.5407 -3.26788 19.5
      vertex -14.427 -3.24987 19.5
    endloop
  endfacet
  facet normal -0.156449 0.987686 0
    outer loop
      vertex -14.5407 -3.26788 19.5
      vertex -14.427 -3.24987 11.5
      vertex -14.5407 -3.26788 11.5
    endloop
  endfacet
  facet normal -0.0174453 0.999848 0
    outer loop
      vertex -14.8848 -3.29799 11.5
      vertex -15 -3.3 19.5
      vertex -14.8848 -3.29799 19.5
    endloop
  endfacet
  facet normal -0.0174453 0.999848 0
    outer loop
      vertex -15 -3.3 19.5
      vertex -14.8848 -3.29799 11.5
      vertex -15 -3.3 11.5
    endloop
  endfacet
  facet normal 0 0 1
    outer loop
      vertex -11.7 0 11.5
      vertex -11.708 -0.230196 11.5
      vertex -11.702 -0.115168 11.5
    endloop
  endfacet
  facet normal 0 0 1
    outer loop
      vertex -11.7 0 11.5
      vertex -11.7181 -0.344943 11.5
      vertex -11.708 -0.230196 11.5
    endloop
  endfacet
  facet normal 0 0 1
    outer loop
      vertex -11.7 0 11.5
      vertex -11.7321 -0.45927 11.5
      vertex -11.7181 -0.344943 11.5
    endloop
  endfacet
  facet normal 0 0 1
    outer loop
      vertex -11.7 0 11.5
      vertex -11.7501 -0.573038 11.5
      vertex -11.7321 -0.45927 11.5
    endloop
  endfacet
  facet normal 0 0 1
    outer loop
      vertex -11.7 0 11.5
      vertex -11.7721 -0.686108 11.5
      vertex -11.7501 -0.573038 11.5
    endloop
  endfacet
  facet normal 0 0 1
    outer loop
      vertex -11.7 0 11.5
      vertex -11.798 -0.798342 11.5
      vertex -11.7721 -0.686108 11.5
    endloop
  endfacet
  facet normal 0 0 1
    outer loop
      vertex -11.7 0 11.5
      vertex -11.8278 -0.909603 11.5
      vertex -11.798 -0.798342 11.5
    endloop
  endfacet
  facet normal 0 0 1
    outer loop
      vertex -11.7 0 11.5
      vertex -11.8615 -1.01976 11.5
      vertex -11.8278 -0.909603 11.5
    endloop
  endfacet
  facet normal 0 0 1
    outer loop
      vertex -11.7 0 11.5
      vertex -11.899 -1.12867 11.5
      vertex -11.8615 -1.01976 11.5
    endloop
  endfacet
  facet normal 0 0 1
    outer loop
      vertex -11.7 0 11.5
      vertex -11.9403 -1.2362 11.5
      vertex -11.899 -1.12867 11.5
    endloop
  endfacet
  facet normal 0 0 1
    outer loop
      vertex -11.7 0 11.5
      vertex -11.9853 -1.34223 11.5
      vertex -11.9403 -1.2362 11.5
    endloop
  endfacet
  facet normal 0 0 1
    outer loop
      vertex -11.7 0 11.5
      vertex -12.034 -1.44662 11.5
      vertex -11.9853 -1.34223 11.5
    endloop
  endfacet
  facet normal 0 0 1
    outer loop
      vertex -11.7 0 11.5
      vertex -12.0863 -1.54926 11.5
      vertex -12.034 -1.44662 11.5
    endloop
  endfacet
  facet normal 0 0 1
    outer loop
      vertex -11.7 0 11.5
      vertex -12.1421 -1.65 11.5
      vertex -12.0863 -1.54926 11.5
    endloop
  endfacet
  facet normal 0 0 1
    outer loop
      vertex -11.7 0 11.5
      vertex -12.2014 -1.74873 11.5
      vertex -12.1421 -1.65 11.5
    endloop
  endfacet
  facet normal 0 0 1
    outer loop
      vertex -11.7 0 11.5
      vertex -12.2642 -1.84534 11.5
      vertex -12.2014 -1.74873 11.5
    endloop
  endfacet
  facet normal 0 0 1
    outer loop
      vertex -11.7 0 11.5
      vertex -12.3302 -1.93969 11.5
      vertex -12.2642 -1.84534 11.5
    endloop
  endfacet
  facet normal 0 0 1
    outer loop
      vertex -11.7 0 11.5
      vertex -12.3996 -2.03168 11.5
      vertex -12.3302 -1.93969 11.5
    endloop
  endfacet
  facet normal 0 0 1
    outer loop
      vertex -11.7 0 11.5
      vertex -12.4721 -2.1212 11.5
      vertex -12.3996 -2.03168 11.5
    endloop
  endfacet
  facet normal 0 0 1
    outer loop
      vertex -11.7 0 11.5
      vertex -12.5476 -2.20813 11.5
      vertex -12.4721 -2.1212 11.5
    endloop
  endfacet
  facet normal 0 0 1
    outer loop
      vertex -11.7 0 11.5
      vertex -12.6262 -2.29237 11.5
      vertex -12.5476 -2.20813 11.5
    endloop
  endfacet
  facet normal 0 0 1
    outer loop
      vertex -11.7 0 11.5
      vertex -12.7076 -2.37382 11.5
      vertex -12.6262 -2.29237 11.5
    endloop
  endfacet
  facet normal 0 0 1
    outer loop
      vertex -11.7 0 11.5
      vertex -12.7919 -2.45238 11.5
      vertex -12.7076 -2.37382 11.5
    endloop
  endfacet
  facet normal 0 0 1
    outer loop
      vertex -11.7 0 11.5
      vertex -12.8788 -2.52795 11.5
      vertex -12.7919 -2.45238 11.5
    endloop
  endfacet
  facet normal 0 0 1
    outer loop
      vertex -11.7 0 11.5
      vertex -12.9683 -2.60044 11.5
      vertex -12.8788 -2.52795 11.5
    endloop
  endfacet
  facet normal 0 0 1
    outer loop
      vertex -11.7 0 11.5
      vertex -13.0603 -2.66976 11.5
      vertex -12.9683 -2.60044 11.5
    endloop
  endfacet
  facet normal 0 0 1
    outer loop
      vertex -11.7 0 11.5
      vertex -13.1547 -2.73582 11.5
      vertex -13.0603 -2.66976 11.5
    endloop
  endfacet
  facet normal 0 0 1
    outer loop
      vertex -11.7 0 11.5
      vertex -13.2513 -2.79856 11.5
      vertex -13.1547 -2.73582 11.5
    endloop
  endfacet
  facet normal 0 0 1
    outer loop
      vertex -11.7 0 11.5
      vertex -13.35 -2.85788 11.5
      vertex -13.2513 -2.79856 11.5
    endloop
  endfacet
  facet normal 0 0 1
    outer loop
      vertex -11.7 0 11.5
      vertex -13.4507 -2.91373 11.5
      vertex -13.35 -2.85788 11.5
    endloop
  endfacet
  facet normal 0 0 1
    outer loop
      vertex -11.7 0 11.5
      vertex -13.5534 -2.96602 11.5
      vertex -13.4507 -2.91373 11.5
    endloop
  endfacet
  facet normal 0 0 1
    outer loop
      vertex -11.7 0 11.5
      vertex -13.6578 -3.0147 11.5
      vertex -13.5534 -2.96602 11.5
    endloop
  endfacet
  facet normal 0 0 1
    outer loop
      vertex -11.7 0 11.5
      vertex -13.7638 -3.05971 11.5
      vertex -13.6578 -3.0147 11.5
    endloop
  endfacet
  facet normal 0 0 1
    outer loop
      vertex -11.7 0 11.5
      vertex -13.8713 -3.10099 11.5
      vertex -13.7638 -3.05971 11.5
    endloop
  endfacet
  facet normal 0 0 1
    outer loop
      vertex -11.7 0 11.5
      vertex -13.9802 -3.13849 11.5
      vertex -13.8713 -3.10099 11.5
    endloop
  endfacet
  facet normal 0 0 1
    outer loop
      vertex -11.7 0 11.5
      vertex -14.0904 -3.17216 11.5
      vertex -13.9802 -3.13849 11.5
    endloop
  endfacet
  facet normal 0 0 1
    outer loop
      vertex -11.7 0 11.5
      vertex -14.2017 -3.20198 11.5
      vertex -14.0904 -3.17216 11.5
    endloop
  endfacet
  facet normal 0 0 1
    outer loop
      vertex -11.7 0 11.5
      vertex -14.3139 -3.22789 11.5
      vertex -14.2017 -3.20198 11.5
    endloop
  endfacet
  facet normal 0 0 1
    outer loop
      vertex -11.7 0 11.5
      vertex -14.427 -3.24987 11.5
      vertex -14.3139 -3.22789 11.5
    endloop
  endfacet
  facet normal 0 0 1
    outer loop
      vertex -11.7 0 11.5
      vertex -14.5407 -3.26788 11.5
      vertex -14.427 -3.24987 11.5
    endloop
  endfacet
  facet normal 0 0 1
    outer loop
      vertex -11.7 0 11.5
      vertex -14.6551 -3.28192 11.5
      vertex -14.5407 -3.26788 11.5
    endloop
  endfacet
  facet normal 0 0 1
    outer loop
      vertex -11.7 0 11.5
      vertex -14.7698 -3.29196 11.5
      vertex -14.6551 -3.28192 11.5
    endloop
  endfacet
  facet normal 0 0 1
    outer loop
      vertex -11.7 0 11.5
      vertex -14.8848 -3.29799 11.5
      vertex -14.7698 -3.29196 11.5
    endloop
  endfacet
  facet normal 0 0 1
    outer loop
      vertex -11.7 0 11.5
      vertex -15 -3.3 11.5
      vertex -14.8848 -3.29799 11.5
    endloop
  endfacet
  facet normal 0 0 1
    outer loop
      vertex -11.7 0 11.5
      vertex -15.1152 -3.29799 11.5
      vertex -15 -3.3 11.5
    endloop
  endfacet
  facet normal 0 0 1
    outer loop
      vertex -11.7 0 11.5
      vertex -15.2302 -3.29196 11.5
      vertex -15.1152 -3.29799 11.5
    endloop
  endfacet
  facet normal 0 0 1
    outer loop
      vertex -11.7 0 11.5
      vertex -15.3449 -3.28192 11.5
      vertex -15.2302 -3.29196 11.5
    endloop
  endfacet
  facet normal 0 0 1
    outer loop
      vertex -11.7 0 11.5
      vertex -15.4593 -3.26788 11.5
      vertex -15.3449 -3.28192 11.5
    endloop
  endfacet
  facet normal 0 0 1
    outer loop
      vertex -11.7 0 11.5
      vertex -15.573 -3.24987 11.5
      vertex -15.4593 -3.26788 11.5
    endloop
  endfacet
  facet normal 0 0 1
    outer loop
      vertex -11.7 0 11.5
      vertex -15.6861 -3.22789 11.5
      vertex -15.573 -3.24987 11.5
    endloop
  endfacet
  facet normal 0 0 1
    outer loop
      vertex -11.7 0 11.5
      vertex -15.7983 -3.20198 11.5
      vertex -15.6861 -3.22789 11.5
    endloop
  endfacet
  facet normal 0 0 1
    outer loop
      vertex -11.7 0 11.5
      vertex -15.9096 -3.17216 11.5
      vertex -15.7983 -3.20198 11.5
    endloop
  endfacet
  facet normal 0 0 1
    outer loop
      vertex -11.7 0 11.5
      vertex -16.0198 -3.13849 11.5
      vertex -15.9096 -3.17216 11.5
    endloop
  endfacet
  facet normal 0 0 1
    outer loop
      vertex -11.7 0 11.5
      vertex -16.1287 -3.10099 11.5
      vertex -16.0198 -3.13849 11.5
    endloop
  endfacet
  facet normal 0 0 1
    outer loop
      vertex -11.7 0 11.5
      vertex -16.2362 -3.05971 11.5
      vertex -16.1287 -3.10099 11.5
    endloop
  endfacet
  facet normal 0 0 1
    outer loop
      vertex -11.7 0 11.5
      vertex -16.3422 -3.0147 11.5
      vertex -16.2362 -3.05971 11.5
    endloop
  endfacet
  facet normal 0 0 1
    outer loop
      vertex -11.7 0 11.5
      vertex -16.4466 -2.96602 11.5
      vertex -16.3422 -3.0147 11.5
    endloop
  endfacet
  facet normal 0 0 1
    outer loop
      vertex -11.7 0 11.5
      vertex -16.5493 -2.91373 11.5
      vertex -16.4466 -2.96602 11.5
    endloop
  endfacet
  facet normal 0 0 1
    outer loop
      vertex -11.7 0 11.5
      vertex -16.65 -2.85788 11.5
      vertex -16.5493 -2.91373 11.5
    endloop
  endfacet
  facet normal 0 0 1
    outer loop
      vertex -11.7 0 11.5
      vertex -16.7487 -2.79856 11.5
      vertex -16.65 -2.85788 11.5
    endloop
  endfacet
  facet normal 0 0 1
    outer loop
      vertex -11.7 0 11.5
      vertex -16.8453 -2.73582 11.5
      vertex -16.7487 -2.79856 11.5
    endloop
  endfacet
  facet normal 0 0 1
    outer loop
      vertex -11.7 0 11.5
      vertex -16.9397 -2.66976 11.5
      vertex -16.8453 -2.73582 11.5
    endloop
  endfacet
  facet normal 0 0 1
    outer loop
      vertex -11.7 0 11.5
      vertex -17.0317 -2.60044 11.5
      vertex -16.9397 -2.66976 11.5
    endloop
  endfacet
  facet normal 0 0 1
    outer loop
      vertex -11.7 0 11.5
      vertex -17.1212 -2.52795 11.5
      vertex -17.0317 -2.60044 11.5
    endloop
  endfacet
  facet normal 0 0 1
    outer loop
      vertex -11.7 0 11.5
      vertex -17.2081 -2.45238 11.5
      vertex -17.1212 -2.52795 11.5
    endloop
  endfacet
  facet normal 0 0 1
    outer loop
      vertex -11.7 0 11.5
      vertex -17.2924 -2.37382 11.5
      vertex -17.2081 -2.45238 11.5
    endloop
  endfacet
  facet normal 0 0 1
    outer loop
      vertex -11.7 0 11.5
      vertex -17.3738 -2.29237 11.5
      vertex -17.2924 -2.37382 11.5
    endloop
  endfacet
  facet normal 0 0 1
    outer loop
      vertex -11.7 0 11.5
      vertex -17.4524 -2.20813 11.5
      vertex -17.3738 -2.29237 11.5
    endloop
  endfacet
  facet normal 0 0 1
    outer loop
      vertex -11.7 0 11.5
      vertex -17.5279 -2.1212 11.5
      vertex -17.4524 -2.20813 11.5
    endloop
  endfacet
  facet normal 0 0 1
    outer loop
      vertex -11.7 0 11.5
      vertex -17.6004 -2.03168 11.5
      vertex -17.5279 -2.1212 11.5
    endloop
  endfacet
  facet normal 0 0 1
    outer loop
      vertex -11.7 0 11.5
      vertex -17.6698 -1.93969 11.5
      vertex -17.6004 -2.03168 11.5
    endloop
  endfacet
  facet normal 0 0 1
    outer loop
      vertex -11.7 0 11.5
      vertex -17.7358 -1.84534 11.5
      vertex -17.6698 -1.93969 11.5
    endloop
  endfacet
  facet normal 0 0 1
    outer loop
      vertex -11.7 0 11.5
      vertex -17.7986 -1.74873 11.5
      vertex -17.7358 -1.84534 11.5
    endloop
  endfacet
  facet normal 0 0 1
    outer loop
      vertex -11.7 0 11.5
      vertex -17.8579 -1.65 11.5
      vertex -17.7986 -1.74873 11.5
    endloop
  endfacet
  facet normal 0 0 1
    outer loop
      vertex -11.7 0 11.5
      vertex -17.9137 -1.54926 11.5
      vertex -17.8579 -1.65 11.5
    endloop
  endfacet
  facet normal 0 0 1
    outer loop
      vertex -11.7 0 11.5
      vertex -17.966 -1.44662 11.5
      vertex -17.9137 -1.54926 11.5
    endloop
  endfacet
  facet normal 0 0 1
    outer loop
      vertex -11.7 0 11.5
      vertex -18.0147 -1.34223 11.5
      vertex -17.966 -1.44662 11.5
    endloop
  endfacet
  facet normal 0 0 1
    outer loop
      vertex -11.7 0 11.5
      vertex -18.0597 -1.2362 11.5
      vertex -18.0147 -1.34223 11.5
    endloop
  endfacet
  facet normal 0 0 1
    outer loop
      vertex -11.7 0 11.5
      vertex -18.101 -1.12867 11.5
      vertex -18.0597 -1.2362 11.5
    endloop
  endfacet
  facet normal 0 0 1
    outer loop
      vertex -11.7 0 11.5
      vertex -18.1385 -1.01976 11.5
      vertex -18.101 -1.12867 11.5
    endloop
  endfacet
  facet normal 0 0 1
    outer loop
      vertex -11.7 0 11.5
      vertex -18.1722 -0.909603 11.5
      vertex -18.1385 -1.01976 11.5
    endloop
  endfacet
  facet normal 0 0 1
    outer loop
      vertex -11.7 0 11.5
      vertex -18.202 -0.798342 11.5
      vertex -18.1722 -0.909603 11.5
    endloop
  endfacet
  facet normal 0 0 1
    outer loop
      vertex -11.7 0 11.5
      vertex -18.2279 -0.686108 11.5
      vertex -18.202 -0.798342 11.5
    endloop
  endfacet
  facet normal 0 0 1
    outer loop
      vertex -11.7 0 11.5
      vertex -18.2499 -0.573038 11.5
      vertex -18.2279 -0.686108 11.5
    endloop
  endfacet
  facet normal 0 0 1
    outer loop
      vertex -11.7 0 11.5
      vertex -18.2679 -0.45927 11.5
      vertex -18.2499 -0.573038 11.5
    endloop
  endfacet
  facet normal 0 0 1
    outer loop
      vertex -11.7 0 11.5
      vertex -18.2819 -0.344943 11.5
      vertex -18.2679 -0.45927 11.5
    endloop
  endfacet
  facet normal 0 0 1
    outer loop
      vertex -11.7 0 11.5
      vertex -18.292 -0.230196 11.5
      vertex -18.2819 -0.344943 11.5
    endloop
  endfacet
  facet normal 0 0 1
    outer loop
      vertex -11.7 0 11.5
      vertex -18.298 -0.115168 11.5
      vertex -18.292 -0.230196 11.5
    endloop
  endfacet
  facet normal 0 -0 1
    outer loop
      vertex -18.298 -0.115168 11.5
      vertex -11.7 0 11.5
      vertex -18.3 0 11.5
    endloop
  endfacet
  facet normal 0.992586 0.121548 0
    outer loop
      vertex -18.2679 -0.45927 14.2
      vertex -18.2819 -0.344943 11.5
      vertex -18.2819 -0.344943 14.2
    endloop
  endfacet
  facet normal 0.992586 0.121548 0
    outer loop
      vertex -18.2819 -0.344943 11.5
      vertex -18.2679 -0.45927 14.2
      vertex -18.2679 -0.45927 11.5
    endloop
  endfacet
  facet normal 0.992586 0.121548 0
    outer loop
      vertex -18.2679 -0.45927 19.5
      vertex -18.2819 -0.344943 16.8
      vertex -18.2819 -0.344943 19.5
    endloop
  endfacet
  facet normal 0.992586 0.121548 0
    outer loop
      vertex -18.2819 -0.344943 16.8
      vertex -18.2679 -0.45927 19.5
      vertex -18.2679 -0.45927 16.8
    endloop
  endfacet
  facet normal 0.996149 0.0876807 0
    outer loop
      vertex -18.2819 -0.344943 14.2
      vertex -18.292 -0.230196 11.5
      vertex -18.292 -0.230196 14.2
    endloop
  endfacet
  facet normal 0.996149 0.0876807 0
    outer loop
      vertex -18.292 -0.230196 11.5
      vertex -18.2819 -0.344943 14.2
      vertex -18.2819 -0.344943 11.5
    endloop
  endfacet
  facet normal 0.996149 0.0876807 0
    outer loop
      vertex -18.2819 -0.344943 19.5
      vertex -18.292 -0.230196 16.8
      vertex -18.292 -0.230196 19.5
    endloop
  endfacet
  facet normal 0.996149 0.0876807 0
    outer loop
      vertex -18.292 -0.230196 16.8
      vertex -18.2819 -0.344943 19.5
      vertex -18.2819 -0.344943 16.8
    endloop
  endfacet
  facet normal 0.974391 0.224858 0
    outer loop
      vertex -18.202 -0.798342 14.2
      vertex -18.2279 -0.686108 11.5
      vertex -18.2279 -0.686108 14.2
    endloop
  endfacet
  facet normal 0.974391 0.224858 0
    outer loop
      vertex -18.2279 -0.686108 11.5
      vertex -18.202 -0.798342 14.2
      vertex -18.202 -0.798342 11.5
    endloop
  endfacet
  facet normal 0.974391 0.224858 0
    outer loop
      vertex -18.202 -0.798342 19.5
      vertex -18.2279 -0.686108 16.8
      vertex -18.2279 -0.686108 19.5
    endloop
  endfacet
  facet normal 0.974391 0.224858 0
    outer loop
      vertex -18.2279 -0.686108 16.8
      vertex -18.202 -0.798342 19.5
      vertex -18.202 -0.798342 16.8
    endloop
  endfacet
  facet normal 0.933513 0.358543 0
    outer loop
      vertex -18.0597 -1.2362 19.5
      vertex -18.101 -1.12867 11.5
      vertex -18.101 -1.12867 19.5
    endloop
  endfacet
  facet normal 0.933513 0.358543 0
    outer loop
      vertex -18.101 -1.12867 11.5
      vertex -18.0597 -1.2362 19.5
      vertex -18.0597 -1.2362 11.5
    endloop
  endfacet
  facet normal 0.956252 0.292543 0
    outer loop
      vertex -18.1385 -1.01976 14.2
      vertex -18.1722 -0.909603 11.5
      vertex -18.1722 -0.909603 14.2
    endloop
  endfacet
  facet normal 0.956252 0.292543 0
    outer loop
      vertex -18.1722 -0.909603 11.5
      vertex -18.1385 -1.01976 14.2
      vertex -18.1385 -1.01976 11.5
    endloop
  endfacet
  facet normal 0.956252 0.292543 0
    outer loop
      vertex -18.1385 -1.01976 19.5
      vertex -18.1722 -0.909603 16.8
      vertex -18.1722 -0.909603 19.5
    endloop
  endfacet
  facet normal 0.956252 0.292543 0
    outer loop
      vertex -18.1722 -0.909603 16.8
      vertex -18.1385 -1.01976 19.5
      vertex -18.1385 -1.01976 16.8
    endloop
  endfacet
  facet normal 0.945623 0.325264 0
    outer loop
      vertex -18.1385 -1.01976 19.5
      vertex -18.1109 -1.1 16.8
      vertex -18.1385 -1.01976 16.8
    endloop
  endfacet
  facet normal 0.945233 0.326397 0
    outer loop
      vertex -18.1109 -1.1 16.8
      vertex -18.101 -1.12867 19.5
      vertex -18.1109 -1.1 14.2
    endloop
  endfacet
  facet normal 0.945521 0.325563 -9.91639e-06
    outer loop
      vertex -18.101 -1.12867 19.5
      vertex -18.1109 -1.1 16.8
      vertex -18.1385 -1.01976 19.5
    endloop
  endfacet
  facet normal 0.945623 0.325264 0
    outer loop
      vertex -18.1109 -1.1 14.2
      vertex -18.1385 -1.01976 11.5
      vertex -18.1385 -1.01976 14.2
    endloop
  endfacet
  facet normal 0.945521 0.325563 9.91639e-06
    outer loop
      vertex -18.1109 -1.1 14.2
      vertex -18.101 -1.12867 11.5
      vertex -18.1385 -1.01976 11.5
    endloop
  endfacet
  facet normal 0.945233 0.326397 -0
    outer loop
      vertex -18.101 -1.12867 11.5
      vertex -18.1109 -1.1 14.2
      vertex -18.101 -1.12867 19.5
    endloop
  endfacet
  facet normal 0.754998 0.655727 0
    outer loop
      vertex -17.4524 -2.20813 19.5
      vertex -17.5279 -2.1212 11.5
      vertex -17.5279 -2.1212 19.5
    endloop
  endfacet
  facet normal 0.754998 0.655727 0
    outer loop
      vertex -17.5279 -2.1212 11.5
      vertex -17.4524 -2.20813 19.5
      vertex -17.4524 -2.20813 11.5
    endloop
  endfacet
  facet normal 0.819415 0.5732 0
    outer loop
      vertex -17.6698 -1.93969 19.5
      vertex -17.7358 -1.84534 11.5
      vertex -17.7358 -1.84534 19.5
    endloop
  endfacet
  facet normal 0.819415 0.5732 0
    outer loop
      vertex -17.7358 -1.84534 11.5
      vertex -17.6698 -1.93969 19.5
      vertex -17.6698 -1.93969 11.5
    endloop
  endfacet
  facet normal 0.857255 0.514892 0
    outer loop
      vertex -17.7986 -1.74873 19.5
      vertex -17.8579 -1.65 11.5
      vertex -17.8579 -1.65 19.5
    endloop
  endfacet
  facet normal 0.857255 0.514892 0
    outer loop
      vertex -17.8579 -1.65 11.5
      vertex -17.7986 -1.74873 19.5
      vertex -17.7986 -1.74873 11.5
    endloop
  endfacet
  facet normal 0.890998 0.454006 0
    outer loop
      vertex -17.9137 -1.54926 19.5
      vertex -17.966 -1.44662 11.5
      vertex -17.966 -1.44662 19.5
    endloop
  endfacet
  facet normal 0.890998 0.454006 0
    outer loop
      vertex -17.966 -1.44662 11.5
      vertex -17.9137 -1.54926 19.5
      vertex -17.9137 -1.54926 11.5
    endloop
  endfacet
  facet normal 0.906234 0.422776 0
    outer loop
      vertex -17.966 -1.44662 19.5
      vertex -18.0147 -1.34223 11.5
      vertex -18.0147 -1.34223 19.5
    endloop
  endfacet
  facet normal 0.906234 0.422776 0
    outer loop
      vertex -18.0147 -1.34223 11.5
      vertex -17.966 -1.44662 19.5
      vertex -17.966 -1.44662 11.5
    endloop
  endfacet
  facet normal 0.190772 0.981634 -0
    outer loop
      vertex -15.573 -3.24987 11.5
      vertex -15.6861 -3.22789 19.5
      vertex -15.573 -3.24987 19.5
    endloop
  endfacet
  facet normal 0.190772 0.981634 0
    outer loop
      vertex -15.6861 -3.22789 19.5
      vertex -15.573 -3.24987 11.5
      vertex -15.6861 -3.22789 11.5
    endloop
  endfacet
  facet normal 0.121813 0.992553 -0
    outer loop
      vertex -15.3449 -3.28192 11.5
      vertex -15.4593 -3.26788 19.5
      vertex -15.3449 -3.28192 19.5
    endloop
  endfacet
  facet normal 0.121813 0.992553 0
    outer loop
      vertex -15.4593 -3.26788 19.5
      vertex -15.3449 -3.28192 11.5
      vertex -15.4593 -3.26788 11.5
    endloop
  endfacet
  facet normal 0.453727 0.891141 -0
    outer loop
      vertex -16.4466 -2.96602 11.5
      vertex -16.5493 -2.91373 19.5
      vertex -16.4466 -2.96602 19.5
    endloop
  endfacet
  facet normal 0.453727 0.891141 0
    outer loop
      vertex -16.5493 -2.91373 19.5
      vertex -16.4466 -2.96602 11.5
      vertex -16.5493 -2.91373 11.5
    endloop
  endfacet
  facet normal 0.544683 0.838642 -0
    outer loop
      vertex -16.7487 -2.79856 11.5
      vertex -16.8453 -2.73582 19.5
      vertex -16.7487 -2.79856 19.5
    endloop
  endfacet
  facet normal 0.544683 0.838642 0
    outer loop
      vertex -16.8453 -2.73582 19.5
      vertex -16.7487 -2.79856 11.5
      vertex -16.8453 -2.73582 11.5
    endloop
  endfacet
  facet normal 0.656202 0.754585 -0
    outer loop
      vertex -17.1212 -2.52795 11.5
      vertex -17.2081 -2.45238 19.5
      vertex -17.1212 -2.52795 19.5
    endloop
  endfacet
  facet normal 0.656202 0.754585 0
    outer loop
      vertex -17.2081 -2.45238 19.5
      vertex -17.1212 -2.52795 11.5
      vertex -17.2081 -2.45238 11.5
    endloop
  endfacet
  facet normal 0.681761 0.731575 -0
    outer loop
      vertex -17.2081 -2.45238 11.5
      vertex -17.2924 -2.37382 19.5
      vertex -17.2081 -2.45238 19.5
    endloop
  endfacet
  facet normal 0.681761 0.731575 0
    outer loop
      vertex -17.2924 -2.37382 19.5
      vertex -17.2081 -2.45238 11.5
      vertex -17.2924 -2.37382 11.5
    endloop
  endfacet
  facet normal -0.731159 0.682207 0
    outer loop
      vertex -12.6262 -2.29237 11.5
      vertex -12.5476 -2.20813 19.5
      vertex -12.5476 -2.20813 11.5
    endloop
  endfacet
  facet normal -0.731159 0.682207 0
    outer loop
      vertex -12.5476 -2.20813 19.5
      vertex -12.6262 -2.29237 11.5
      vertex -12.6262 -2.29237 19.5
    endloop
  endfacet
  facet normal -0.798299 0.602261 0
    outer loop
      vertex -12.3996 -2.03168 11.5
      vertex -12.3302 -1.93969 19.5
      vertex -12.3302 -1.93969 11.5
    endloop
  endfacet
  facet normal -0.798299 0.602261 0
    outer loop
      vertex -12.3302 -1.93969 19.5
      vertex -12.3996 -2.03168 11.5
      vertex -12.3996 -2.03168 19.5
    endloop
  endfacet
  facet normal -0.906234 0.422776 0
    outer loop
      vertex -12.034 -1.44662 11.5
      vertex -11.9853 -1.34223 19.5
      vertex -11.9853 -1.34223 11.5
    endloop
  endfacet
  facet normal -0.906234 0.422776 0
    outer loop
      vertex -11.9853 -1.34223 19.5
      vertex -12.034 -1.44662 11.5
      vertex -12.034 -1.44662 19.5
    endloop
  endfacet
  facet normal -0.83843 0.54501 0
    outer loop
      vertex -12.2642 -1.84534 11.5
      vertex -12.2014 -1.74873 19.5
      vertex -12.2014 -1.74873 11.5
    endloop
  endfacet
  facet normal -0.83843 0.54501 0
    outer loop
      vertex -12.2014 -1.74873 19.5
      vertex -12.2642 -1.84534 11.5
      vertex -12.2642 -1.84534 19.5
    endloop
  endfacet
  facet normal -0.933513 0.358543 0
    outer loop
      vertex -11.9403 -1.2362 11.5
      vertex -11.899 -1.12867 19.5
      vertex -11.899 -1.12867 11.5
    endloop
  endfacet
  facet normal -0.933513 0.358543 0
    outer loop
      vertex -11.899 -1.12867 19.5
      vertex -11.9403 -1.2362 11.5
      vertex -11.9403 -1.2362 19.5
    endloop
  endfacet
  facet normal -0.965953 0.258719 0
    outer loop
      vertex -11.8278 -0.909603 11.5
      vertex -11.798 -0.798342 19.5
      vertex -11.798 -0.798342 11.5
    endloop
  endfacet
  facet normal -0.965953 0.258719 0
    outer loop
      vertex -11.798 -0.798342 19.5
      vertex -11.8278 -0.909603 11.5
      vertex -11.8278 -0.909603 19.5
    endloop
  endfacet
  facet normal -0.987714 0.156273 0
    outer loop
      vertex -11.7501 -0.573038 11.5
      vertex -11.7321 -0.45927 19.5
      vertex -11.7321 -0.45927 11.5
    endloop
  endfacet
  facet normal -0.987714 0.156273 0
    outer loop
      vertex -11.7321 -0.45927 19.5
      vertex -11.7501 -0.573038 11.5
      vertex -11.7501 -0.573038 19.5
    endloop
  endfacet
  facet normal -0.998642 0.0520904 0
    outer loop
      vertex -11.708 -0.230196 11.5
      vertex -11.702 -0.115168 19.5
      vertex -11.702 -0.115168 11.5
    endloop
  endfacet
  facet normal -0.998642 0.0520904 0
    outer loop
      vertex -11.702 -0.115168 19.5
      vertex -11.708 -0.230196 11.5
      vertex -11.708 -0.230196 19.5
    endloop
  endfacet
  facet normal -0.629396 0.777085 0
    outer loop
      vertex -12.8788 -2.52795 11.5
      vertex -12.9683 -2.60044 19.5
      vertex -12.8788 -2.52795 19.5
    endloop
  endfacet
  facet normal -0.629396 0.777085 0
    outer loop
      vertex -12.9683 -2.60044 19.5
      vertex -12.8788 -2.52795 11.5
      vertex -12.9683 -2.60044 11.5
    endloop
  endfacet
  facet normal -0.544683 0.838642 0
    outer loop
      vertex -13.1547 -2.73582 11.5
      vertex -13.2513 -2.79856 19.5
      vertex -13.1547 -2.73582 19.5
    endloop
  endfacet
  facet normal -0.544683 0.838642 0
    outer loop
      vertex -13.2513 -2.79856 19.5
      vertex -13.1547 -2.73582 11.5
      vertex -13.2513 -2.79856 11.5
    endloop
  endfacet
  facet normal -0.225005 0.974358 0
    outer loop
      vertex -14.2017 -3.20198 11.5
      vertex -14.3139 -3.22789 19.5
      vertex -14.2017 -3.20198 19.5
    endloop
  endfacet
  facet normal -0.225005 0.974358 0
    outer loop
      vertex -14.3139 -3.22789 19.5
      vertex -14.2017 -3.20198 11.5
      vertex -14.3139 -3.22789 11.5
    endloop
  endfacet
  facet normal -0.292201 0.956357 0
    outer loop
      vertex -13.9802 -3.13849 11.5
      vertex -14.0904 -3.17216 19.5
      vertex -13.9802 -3.13849 19.5
    endloop
  endfacet
  facet normal -0.292201 0.956357 0
    outer loop
      vertex -14.0904 -3.17216 19.5
      vertex -13.9802 -3.13849 11.5
      vertex -14.0904 -3.17216 11.5
    endloop
  endfacet
  facet normal -0.0871993 0.996191 0
    outer loop
      vertex -14.6551 -3.28192 11.5
      vertex -14.7698 -3.29196 19.5
      vertex -14.6551 -3.28192 19.5
    endloop
  endfacet
  facet normal -0.0871993 0.996191 0
    outer loop
      vertex -14.7698 -3.29196 19.5
      vertex -14.6551 -3.28192 11.5
      vertex -14.7698 -3.29196 11.5
    endloop
  endfacet
  facet normal -0.121813 0.992553 0
    outer loop
      vertex -14.5407 -3.26788 11.5
      vertex -14.6551 -3.28192 19.5
      vertex -14.5407 -3.26788 19.5
    endloop
  endfacet
  facet normal -0.121813 0.992553 0
    outer loop
      vertex -14.6551 -3.28192 19.5
      vertex -14.5407 -3.26788 11.5
      vertex -14.6551 -3.28192 11.5
    endloop
  endfacet
  facet normal 0.981592 0.190988 0
    outer loop
      vertex -18.2279 -0.686108 14.2
      vertex -18.2499 -0.573038 11.5
      vertex -18.2499 -0.573038 14.2
    endloop
  endfacet
  facet normal 0.981592 0.190988 0
    outer loop
      vertex -18.2499 -0.573038 11.5
      vertex -18.2279 -0.686108 14.2
      vertex -18.2279 -0.686108 11.5
    endloop
  endfacet
  facet normal 0.981592 0.190988 0
    outer loop
      vertex -18.2279 -0.686108 19.5
      vertex -18.2499 -0.573038 16.8
      vertex -18.2499 -0.573038 19.5
    endloop
  endfacet
  facet normal 0.981592 0.190988 0
    outer loop
      vertex -18.2499 -0.573038 16.8
      vertex -18.2279 -0.686108 19.5
      vertex -18.2279 -0.686108 16.8
    endloop
  endfacet
  facet normal 0.731159 0.682207 0
    outer loop
      vertex -17.3738 -2.29237 19.5
      vertex -17.4524 -2.20813 11.5
      vertex -17.4524 -2.20813 19.5
    endloop
  endfacet
  facet normal 0.731159 0.682207 0
    outer loop
      vertex -17.4524 -2.20813 11.5
      vertex -17.3738 -2.29237 19.5
      vertex -17.3738 -2.29237 11.5
    endloop
  endfacet
  facet normal 0.83843 0.54501 0
    outer loop
      vertex -17.7358 -1.84534 19.5
      vertex -17.7986 -1.74873 11.5
      vertex -17.7986 -1.74873 19.5
    endloop
  endfacet
  facet normal 0.83843 0.54501 0
    outer loop
      vertex -17.7986 -1.74873 11.5
      vertex -17.7358 -1.84534 19.5
      vertex -17.7358 -1.84534 11.5
    endloop
  endfacet
  facet normal 0.292201 0.956357 -0
    outer loop
      vertex -15.9096 -3.17216 11.5
      vertex -16.0198 -3.13849 19.5
      vertex -15.9096 -3.17216 19.5
    endloop
  endfacet
  facet normal 0.292201 0.956357 0
    outer loop
      vertex -16.0198 -3.13849 19.5
      vertex -15.9096 -3.17216 11.5
      vertex -16.0198 -3.13849 11.5
    endloop
  endfacet
  facet normal 0.325589 0.945511 -0
    outer loop
      vertex -16.0198 -3.13849 11.5
      vertex -16.1287 -3.10099 19.5
      vertex -16.0198 -3.13849 19.5
    endloop
  endfacet
  facet normal 0.325589 0.945511 0
    outer loop
      vertex -16.1287 -3.10099 19.5
      vertex -16.0198 -3.13849 11.5
      vertex -16.1287 -3.10099 11.5
    endloop
  endfacet
  facet normal 0.358479 0.933538 -0
    outer loop
      vertex -16.1287 -3.10099 11.5
      vertex -16.2362 -3.05971 19.5
      vertex -16.1287 -3.10099 19.5
    endloop
  endfacet
  facet normal 0.358479 0.933538 0
    outer loop
      vertex -16.2362 -3.05971 19.5
      vertex -16.1287 -3.10099 11.5
      vertex -16.2362 -3.05971 11.5
    endloop
  endfacet
  facet normal 0.225005 0.974358 -0
    outer loop
      vertex -15.6861 -3.22789 11.5
      vertex -15.7983 -3.20198 19.5
      vertex -15.6861 -3.22789 19.5
    endloop
  endfacet
  facet normal 0.225005 0.974358 0
    outer loop
      vertex -15.7983 -3.20198 19.5
      vertex -15.6861 -3.22789 11.5
      vertex -15.7983 -3.20198 11.5
    endloop
  endfacet
  facet normal 0.573346 0.819313 -0
    outer loop
      vertex -16.8453 -2.73582 11.5
      vertex -16.9397 -2.66976 19.5
      vertex -16.8453 -2.73582 19.5
    endloop
  endfacet
  facet normal 0.573346 0.819313 0
    outer loop
      vertex -16.9397 -2.66976 19.5
      vertex -16.8453 -2.73582 11.5
      vertex -16.9397 -2.66976 11.5
    endloop
  endfacet
  facet normal -0.707324 0.70689 0
    outer loop
      vertex -12.7076 -2.37382 11.5
      vertex -12.6262 -2.29237 19.5
      vertex -12.6262 -2.29237 11.5
    endloop
  endfacet
  facet normal -0.707324 0.70689 0
    outer loop
      vertex -12.6262 -2.29237 19.5
      vertex -12.7076 -2.37382 11.5
      vertex -12.7076 -2.37382 19.5
    endloop
  endfacet
  facet normal -0.890998 0.454006 0
    outer loop
      vertex -12.0863 -1.54926 11.5
      vertex -12.034 -1.44662 19.5
      vertex -12.034 -1.44662 11.5
    endloop
  endfacet
  facet normal -0.890998 0.454006 0
    outer loop
      vertex -12.034 -1.44662 19.5
      vertex -12.0863 -1.54926 11.5
      vertex -12.0863 -1.54926 19.5
    endloop
  endfacet
  facet normal -0.819415 0.5732 0
    outer loop
      vertex -12.3302 -1.93969 11.5
      vertex -12.2642 -1.84534 19.5
      vertex -12.2642 -1.84534 11.5
    endloop
  endfacet
  facet normal -0.819415 0.5732 0
    outer loop
      vertex -12.2642 -1.84534 19.5
      vertex -12.3302 -1.93969 11.5
      vertex -12.3302 -1.93969 19.5
    endloop
  endfacet
  facet normal -0.920527 0.390679 0
    outer loop
      vertex -11.9853 -1.34223 11.5
      vertex -11.9403 -1.2362 19.5
      vertex -11.9403 -1.2362 11.5
    endloop
  endfacet
  facet normal -0.920527 0.390679 0
    outer loop
      vertex -11.9403 -1.2362 19.5
      vertex -11.9853 -1.34223 11.5
      vertex -11.9853 -1.34223 19.5
    endloop
  endfacet
  facet normal -0.656202 0.754585 0
    outer loop
      vertex -12.7919 -2.45238 11.5
      vertex -12.8788 -2.52795 19.5
      vertex -12.7919 -2.45238 19.5
    endloop
  endfacet
  facet normal -0.656202 0.754585 0
    outer loop
      vertex -12.8788 -2.52795 19.5
      vertex -12.7919 -2.45238 11.5
      vertex -12.8788 -2.52795 11.5
    endloop
  endfacet
  facet normal -0.453727 0.891141 0
    outer loop
      vertex -13.4507 -2.91373 11.5
      vertex -13.5534 -2.96602 19.5
      vertex -13.4507 -2.91373 19.5
    endloop
  endfacet
  facet normal -0.453727 0.891141 0
    outer loop
      vertex -13.5534 -2.96602 19.5
      vertex -13.4507 -2.91373 11.5
      vertex -13.5534 -2.96602 11.5
    endloop
  endfacet
  facet normal -0.4226 0.906316 0
    outer loop
      vertex -13.5534 -2.96602 11.5
      vertex -13.6578 -3.0147 19.5
      vertex -13.5534 -2.96602 19.5
    endloop
  endfacet
  facet normal -0.4226 0.906316 0
    outer loop
      vertex -13.6578 -3.0147 19.5
      vertex -13.5534 -2.96602 11.5
      vertex -13.6578 -3.0147 11.5
    endloop
  endfacet
  facet normal -0.190772 0.981634 0
    outer loop
      vertex -14.3139 -3.22789 11.5
      vertex -14.427 -3.24987 19.5
      vertex -14.3139 -3.22789 19.5
    endloop
  endfacet
  facet normal -0.190772 0.981634 0
    outer loop
      vertex -14.427 -3.24987 19.5
      vertex -14.3139 -3.22789 11.5
      vertex -14.427 -3.24987 11.5
    endloop
  endfacet
  facet normal 0 0 -1
    outer loop
      vertex -22.7518 -1.1 16.8
      vertex -18.1385 -1.01976 16.8
      vertex -18.1109 -1.1 16.8
    endloop
  endfacet
  facet normal 0 0 -1
    outer loop
      vertex -22.7518 -1.1 16.8
      vertex -18.1722 -0.909603 16.8
      vertex -18.1385 -1.01976 16.8
    endloop
  endfacet
  facet normal 0 0 -1
    outer loop
      vertex -22.7518 -1.1 16.8
      vertex -18.202 -0.798342 16.8
      vertex -18.1722 -0.909603 16.8
    endloop
  endfacet
  facet normal 0 0 -1
    outer loop
      vertex -22.7518 -1.1 16.8
      vertex -18.2279 -0.686108 16.8
      vertex -18.202 -0.798342 16.8
    endloop
  endfacet
  facet normal 0 0 -1
    outer loop
      vertex -22.7518 -1.1 16.8
      vertex -18.2499 -0.573038 16.8
      vertex -18.2279 -0.686108 16.8
    endloop
  endfacet
  facet normal 0 0 -1
    outer loop
      vertex -22.7533 -1.07215 16.8
      vertex -18.2499 -0.573038 16.8
      vertex -22.7518 -1.1 16.8
    endloop
  endfacet
  facet normal -0 0 -1
    outer loop
      vertex -18.2499 -0.573038 16.8
      vertex -22.7533 -1.07215 16.8
      vertex -18.2679 -0.45927 16.8
    endloop
  endfacet
  facet normal 0 0 -1
    outer loop
      vertex -22.7678 -0.795069 16.8
      vertex -18.2679 -0.45927 16.8
      vertex -22.7533 -1.07215 16.8
    endloop
  endfacet
  facet normal -0 0 -1
    outer loop
      vertex -18.2679 -0.45927 16.8
      vertex -22.7678 -0.795069 16.8
      vertex -18.2819 -0.344943 16.8
    endloop
  endfacet
  facet normal -0 0 -1
    outer loop
      vertex -18.2819 -0.344943 16.8
      vertex -22.7678 -0.795069 16.8
      vertex -18.292 -0.230196 16.8
    endloop
  endfacet
  facet normal 0 0 -1
    outer loop
      vertex -22.7768 -0.277419 16.8
      vertex -18.292 -0.230196 16.8
      vertex -22.7678 -0.795069 16.8
    endloop
  endfacet
  facet normal -0 0 -1
    outer loop
      vertex -18.292 -0.230196 16.8
      vertex -22.7768 -0.277419 16.8
      vertex -18.298 -0.115168 16.8
    endloop
  endfacet
  facet normal -0 0 -1
    outer loop
      vertex -18.298 -0.115168 16.8
      vertex -22.7768 -0.277419 16.8
      vertex -18.3 0 16.8
    endloop
  endfacet
  facet normal -0 0 -1
    outer loop
      vertex -18.3 0 16.8
      vertex -22.7768 -0.277419 16.8
      vertex -22.7817 0 16.8
    endloop
  endfacet
  facet normal 0 1 0
    outer loop
      vertex -18.1109 -1.1 16.8
      vertex -21.4502 -1.1 15.5
      vertex -22.7518 -1.1 16.8
    endloop
  endfacet
  facet normal 0 1 -0
    outer loop
      vertex -18.1109 -1.1 14.2
      vertex -21.4502 -1.1 15.5
      vertex -18.1109 -1.1 16.8
    endloop
  endfacet
  facet normal 0 1 0
    outer loop
      vertex -21.4502 -1.1 15.5
      vertex -18.1109 -1.1 14.2
      vertex -22.7518 -1.1 14.2
    endloop
  endfacet
  facet normal 0 0 1
    outer loop
      vertex -18.1385 -1.01976 14.2
      vertex -22.7518 -1.1 14.2
      vertex -18.1109 -1.1 14.2
    endloop
  endfacet
  facet normal 0 0 1
    outer loop
      vertex -18.1722 -0.909603 14.2
      vertex -22.7518 -1.1 14.2
      vertex -18.1385 -1.01976 14.2
    endloop
  endfacet
  facet normal 0 0 1
    outer loop
      vertex -18.202 -0.798342 14.2
      vertex -22.7518 -1.1 14.2
      vertex -18.1722 -0.909603 14.2
    endloop
  endfacet
  facet normal 0 0 1
    outer loop
      vertex -18.2279 -0.686108 14.2
      vertex -22.7518 -1.1 14.2
      vertex -18.202 -0.798342 14.2
    endloop
  endfacet
  facet normal 0 0 1
    outer loop
      vertex -18.2499 -0.573038 14.2
      vertex -22.7518 -1.1 14.2
      vertex -18.2279 -0.686108 14.2
    endloop
  endfacet
  facet normal 0 0 1
    outer loop
      vertex -18.2679 -0.45927 14.2
      vertex -22.7518 -1.1 14.2
      vertex -18.2499 -0.573038 14.2
    endloop
  endfacet
  facet normal 0 0 1
    outer loop
      vertex -22.7678 -0.795069 14.2
      vertex -18.2679 -0.45927 14.2
      vertex -18.2819 -0.344943 14.2
    endloop
  endfacet
  facet normal 0 0 1
    outer loop
      vertex -22.7727 -0.51765 14.2
      vertex -18.2819 -0.344943 14.2
      vertex -18.292 -0.230196 14.2
    endloop
  endfacet
  facet normal 0 0 1
    outer loop
      vertex -22.7727 -0.51765 14.2
      vertex -18.292 -0.230196 14.2
      vertex -18.298 -0.115168 14.2
    endloop
  endfacet
  facet normal -0 0 1
    outer loop
      vertex -22.7817 0 14.2
      vertex -18.298 -0.115168 14.2
      vertex -18.3 0 14.2
    endloop
  endfacet
  facet normal 0 0 1
    outer loop
      vertex -18.2679 -0.45927 14.2
      vertex -22.7678 -0.795069 14.2
      vertex -22.7518 -1.1 14.2
    endloop
  endfacet
  facet normal 0 0 1
    outer loop
      vertex -18.2819 -0.344943 14.2
      vertex -22.7727 -0.51765 14.2
      vertex -22.7678 -0.795069 14.2
    endloop
  endfacet
  facet normal 0 0 1
    outer loop
      vertex -18.298 -0.115168 14.2
      vertex -22.7817 0 14.2
      vertex -22.7727 -0.51765 14.2
    endloop
  endfacet
  facet normal 0.707088 0.707126 0
    outer loop
      vertex -15.1334 -13.5044 4.4
      vertex -16.9706 -11.6673 0
      vertex -16.9706 -11.6673 4.4
    endloop
  endfacet
  facet normal 0.707107 0.707107 -1.60706e-05
    outer loop
      vertex -13.5044 -15.1334 4.4
      vertex -16.9706 -11.6673 0
      vertex -15.1334 -13.5044 4.4
    endloop
  endfacet
  facet normal 0.707126 0.707088 -0
    outer loop
      vertex -11.6673 -16.9706 0
      vertex -13.5044 -15.1334 4.4
      vertex -11.6673 -16.9706 4.4
    endloop
  endfacet
  facet normal 0.707107 0.707107 -1.60706e-05
    outer loop
      vertex -13.5044 -15.1334 4.4
      vertex -11.6673 -16.9706 0
      vertex -16.9706 -11.6673 0
    endloop
  endfacet
  facet normal 0 0 -1
    outer loop
      vertex -3.84191 -6.14835 4.4
      vertex -4.01478 -6.09685 4.4
      vertex -4.00174 -6.04455 4.4
    endloop
  endfacet
  facet normal 0 0 -1
    outer loop
      vertex -4.092 -6.3211 4.4
      vertex -3.84191 -6.14835 4.4
      vertex -3.625 -6.27868 4.4
    endloop
  endfacet
  facet normal 0 0 -1
    outer loop
      vertex -4.19967 -6.53242 4.4
      vertex -3.625 -6.27868 4.4
      vertex -3.40367 -6.40137 4.4
    endloop
  endfacet
  facet normal 0 0 -1
    outer loop
      vertex -4.29917 -6.67994 4.4
      vertex -3.40367 -6.40137 4.4
      vertex -3.17819 -6.51626 4.4
    endloop
  endfacet
  facet normal -0 0 -1
    outer loop
      vertex -3.84191 -6.14835 4.4
      vertex -4.03114 -6.15389 4.4
      vertex -4.01478 -6.09685 4.4
    endloop
  endfacet
  facet normal 0 0 -1
    outer loop
      vertex -4.41355 -6.81625 4.4
      vertex -3.17819 -6.51626 4.4
      vertex -2.94884 -6.6232 4.4
    endloop
  endfacet
  facet normal 0 0 -1
    outer loop
      vertex -3.84191 -6.14835 4.4
      vertex -4.04947 -6.21032 4.4
      vertex -4.03114 -6.15389 4.4
    endloop
  endfacet
  facet normal 0 0 -1
    outer loop
      vertex -4.45477 -6.85894 4.4
      vertex -2.94884 -6.6232 4.4
      vertex -2.7159 -6.72208 4.4
    endloop
  endfacet
  facet normal 0 0 -1
    outer loop
      vertex -4.45477 -6.85894 4.4
      vertex -2.7159 -6.72208 4.4
      vertex -2.47965 -6.81277 4.4
    endloop
  endfacet
  facet normal 0 0 -1
    outer loop
      vertex -3.84191 -6.14835 4.4
      vertex -4.06977 -6.26608 4.4
      vertex -4.04947 -6.21032 4.4
    endloop
  endfacet
  facet normal 0 0 -1
    outer loop
      vertex -4.45477 -6.85894 4.4
      vertex -2.47965 -6.81277 4.4
      vertex -2.24037 -6.89516 4.4
    endloop
  endfacet
  facet normal 0 0 -1
    outer loop
      vertex -3.84191 -6.14835 4.4
      vertex -4.092 -6.3211 4.4
      vertex -4.06977 -6.26608 4.4
    endloop
  endfacet
  facet normal 0 0 -1
    outer loop
      vertex -3.625 -6.27868 4.4
      vertex -4.11613 -6.37531 4.4
      vertex -4.092 -6.3211 4.4
    endloop
  endfacet
  facet normal 0 0 -1
    outer loop
      vertex -4.45477 -6.85894 4.4
      vertex -2.24037 -6.89516 4.4
      vertex -1.99837 -6.96915 4.4
    endloop
  endfacet
  facet normal 0 0 -1
    outer loop
      vertex -3.625 -6.27868 4.4
      vertex -4.14214 -6.42864 4.4
      vertex -4.11613 -6.37531 4.4
    endloop
  endfacet
  facet normal 0 0 -1
    outer loop
      vertex -4.45477 -6.85894 4.4
      vertex -1.99837 -6.96915 4.4
      vertex -1.75393 -7.03464 4.4
    endloop
  endfacet
  facet normal 0 0 -1
    outer loop
      vertex -3.625 -6.27868 4.4
      vertex -4.17 -6.48103 4.4
      vertex -4.14214 -6.42864 4.4
    endloop
  endfacet
  facet normal 0 0 -1
    outer loop
      vertex -4.45477 -6.85894 4.4
      vertex -1.75393 -7.03464 4.4
      vertex -1.73558 -7.03888 4.4
    endloop
  endfacet
  facet normal 0 0 -1
    outer loop
      vertex -3.625 -6.27868 4.4
      vertex -4.19967 -6.53242 4.4
      vertex -4.17 -6.48103 4.4
    endloop
  endfacet
  facet normal 0 0 -1
    outer loop
      vertex -3.40367 -6.40137 4.4
      vertex -4.23111 -6.58274 4.4
      vertex -4.19967 -6.53242 4.4
    endloop
  endfacet
  facet normal 0 0 -1
    outer loop
      vertex -3.40367 -6.40137 4.4
      vertex -4.2643 -6.63193 4.4
      vertex -4.23111 -6.58274 4.4
    endloop
  endfacet
  facet normal 0 0 -1
    outer loop
      vertex -3.40367 -6.40137 4.4
      vertex -4.29917 -6.67994 4.4
      vertex -4.2643 -6.63193 4.4
    endloop
  endfacet
  facet normal 0 0 -1
    outer loop
      vertex -3.17819 -6.51626 4.4
      vertex -4.33571 -6.7267 4.4
      vertex -4.29917 -6.67994 4.4
    endloop
  endfacet
  facet normal 0 0 -1
    outer loop
      vertex -3.17819 -6.51626 4.4
      vertex -4.37385 -6.77215 4.4
      vertex -4.33571 -6.7267 4.4
    endloop
  endfacet
  facet normal 0 0 -1
    outer loop
      vertex -3.17819 -6.51626 4.4
      vertex -4.41355 -6.81625 4.4
      vertex -4.37385 -6.77215 4.4
    endloop
  endfacet
  facet normal 0 0 -1
    outer loop
      vertex -2.94884 -6.6232 4.4
      vertex -4.45477 -6.85894 4.4
      vertex -4.41355 -6.81625 4.4
    endloop
  endfacet
  facet normal 0 0 -1
    outer loop
      vertex -11.6673 -16.9706 4.4
      vertex -4.45477 -6.85894 4.4
      vertex -1.73558 -7.03888 4.4
    endloop
  endfacet
  facet normal 0 0 -1
    outer loop
      vertex -11.6673 -16.9706 4.4
      vertex -12.2329 -14.6371 4.4
      vertex -4.45477 -6.85894 4.4
    endloop
  endfacet
  facet normal 0 0 -1
    outer loop
      vertex -11.6673 -16.9706 4.4
      vertex -12.2756 -14.6783 4.4
      vertex -12.2329 -14.6371 4.4
    endloop
  endfacet
  facet normal 0 0 -1
    outer loop
      vertex -11.6673 -16.9706 4.4
      vertex -12.3197 -14.718 4.4
      vertex -12.2756 -14.6783 4.4
    endloop
  endfacet
  facet normal 0 0 -1
    outer loop
      vertex -11.6673 -16.9706 4.4
      vertex -12.3652 -14.7562 4.4
      vertex -12.3197 -14.718 4.4
    endloop
  endfacet
  facet normal 0 0 -1
    outer loop
      vertex -11.6673 -16.9706 4.4
      vertex -12.4119 -14.7927 4.4
      vertex -12.3652 -14.7562 4.4
    endloop
  endfacet
  facet normal 0 0 -1
    outer loop
      vertex -11.6673 -16.9706 4.4
      vertex -12.4599 -14.8276 4.4
      vertex -12.4119 -14.7927 4.4
    endloop
  endfacet
  facet normal 0 0 -1
    outer loop
      vertex -11.6673 -16.9706 4.4
      vertex -12.5091 -14.8608 4.4
      vertex -12.4599 -14.8276 4.4
    endloop
  endfacet
  facet normal 0 0 -1
    outer loop
      vertex -11.6673 -16.9706 4.4
      vertex -12.5595 -14.8922 4.4
      vertex -12.5091 -14.8608 4.4
    endloop
  endfacet
  facet normal 0 0 -1
    outer loop
      vertex -11.6673 -16.9706 4.4
      vertex -12.6109 -14.9219 4.4
      vertex -12.5595 -14.8922 4.4
    endloop
  endfacet
  facet normal 0 0 -1
    outer loop
      vertex -11.6673 -16.9706 4.4
      vertex -12.6632 -14.9497 4.4
      vertex -12.6109 -14.9219 4.4
    endloop
  endfacet
  facet normal 0 0 -1
    outer loop
      vertex -11.6673 -16.9706 4.4
      vertex -12.7166 -14.9758 4.4
      vertex -12.6632 -14.9497 4.4
    endloop
  endfacet
  facet normal 0 0 -1
    outer loop
      vertex -11.6673 -16.9706 4.4
      vertex -12.7708 -14.9999 4.4
      vertex -12.7166 -14.9758 4.4
    endloop
  endfacet
  facet normal 0 0 -1
    outer loop
      vertex -11.6673 -16.9706 4.4
      vertex -12.8258 -15.0221 4.4
      vertex -12.7708 -14.9999 4.4
    endloop
  endfacet
  facet normal 0 0 -1
    outer loop
      vertex -11.6673 -16.9706 4.4
      vertex -12.8816 -15.0424 4.4
      vertex -12.8258 -15.0221 4.4
    endloop
  endfacet
  facet normal 0 0 -1
    outer loop
      vertex -11.6673 -16.9706 4.4
      vertex -12.938 -15.0607 4.4
      vertex -12.8816 -15.0424 4.4
    endloop
  endfacet
  facet normal 0 0 -1
    outer loop
      vertex -11.6673 -16.9706 4.4
      vertex -12.995 -15.0771 4.4
      vertex -12.938 -15.0607 4.4
    endloop
  endfacet
  facet normal 0 0 -1
    outer loop
      vertex -11.6673 -16.9706 4.4
      vertex -13.0526 -15.0915 4.4
      vertex -12.995 -15.0771 4.4
    endloop
  endfacet
  facet normal 0 0 -1
    outer loop
      vertex -11.6673 -16.9706 4.4
      vertex -13.1107 -15.1038 4.4
      vertex -13.0526 -15.0915 4.4
    endloop
  endfacet
  facet normal 0 0 -1
    outer loop
      vertex -11.6673 -16.9706 4.4
      vertex -13.1691 -15.1141 4.4
      vertex -13.1107 -15.1038 4.4
    endloop
  endfacet
  facet normal 0 0 -1
    outer loop
      vertex -11.6673 -16.9706 4.4
      vertex -13.2279 -15.1224 4.4
      vertex -13.1691 -15.1141 4.4
    endloop
  endfacet
  facet normal 0 0 -1
    outer loop
      vertex -11.6673 -16.9706 4.4
      vertex -13.2869 -15.1286 4.4
      vertex -13.2279 -15.1224 4.4
    endloop
  endfacet
  facet normal 0 0 -1
    outer loop
      vertex -11.6673 -16.9706 4.4
      vertex -13.3461 -15.1327 4.4
      vertex -13.2869 -15.1286 4.4
    endloop
  endfacet
  facet normal 0 0 -1
    outer loop
      vertex -11.6673 -16.9706 4.4
      vertex -13.4054 -15.1348 4.4
      vertex -13.3461 -15.1327 4.4
    endloop
  endfacet
  facet normal 0 0 -1
    outer loop
      vertex -11.6673 -16.9706 4.4
      vertex -13.4647 -15.1348 4.4
      vertex -13.4054 -15.1348 4.4
    endloop
  endfacet
  facet normal -0 -0 -1
    outer loop
      vertex -13.4647 -15.1348 4.4
      vertex -11.6673 -16.9706 4.4
      vertex -13.5044 -15.1334 4.4
    endloop
  endfacet
  facet normal 0 0 -1
    outer loop
      vertex -15.1348 -13.4647 4.4
      vertex -16.9706 -11.6673 4.4
      vertex -15.1348 -13.4054 4.4
    endloop
  endfacet
  facet normal 0 0 -1
    outer loop
      vertex -16.9706 -11.6673 4.4
      vertex -15.1348 -13.4647 4.4
      vertex -15.1334 -13.5044 4.4
    endloop
  endfacet
  facet normal 0 0 -1
    outer loop
      vertex -6.09685 -4.01478 4.4
      vertex -6.14835 -3.84191 4.4
      vertex -6.04455 -4.00174 4.4
    endloop
  endfacet
  facet normal 0 0 -1
    outer loop
      vertex -6.15389 -4.03114 4.4
      vertex -6.14835 -3.84191 4.4
      vertex -6.09685 -4.01478 4.4
    endloop
  endfacet
  facet normal 0 0 -1
    outer loop
      vertex -6.21032 -4.04947 4.4
      vertex -6.14835 -3.84191 4.4
      vertex -6.15389 -4.03114 4.4
    endloop
  endfacet
  facet normal 0 0 -1
    outer loop
      vertex -6.26608 -4.06977 4.4
      vertex -6.14835 -3.84191 4.4
      vertex -6.21032 -4.04947 4.4
    endloop
  endfacet
  facet normal 0 0 -1
    outer loop
      vertex -6.3211 -4.092 4.4
      vertex -6.14835 -3.84191 4.4
      vertex -6.26608 -4.06977 4.4
    endloop
  endfacet
  facet normal -0 0 -1
    outer loop
      vertex -6.14835 -3.84191 4.4
      vertex -6.3211 -4.092 4.4
      vertex -6.27868 -3.625 4.4
    endloop
  endfacet
  facet normal 0 0 -1
    outer loop
      vertex -6.37531 -4.11613 4.4
      vertex -6.27868 -3.625 4.4
      vertex -6.3211 -4.092 4.4
    endloop
  endfacet
  facet normal 0 0 -1
    outer loop
      vertex -6.42864 -4.14214 4.4
      vertex -6.27868 -3.625 4.4
      vertex -6.37531 -4.11613 4.4
    endloop
  endfacet
  facet normal 0 0 -1
    outer loop
      vertex -6.48103 -4.17 4.4
      vertex -6.27868 -3.625 4.4
      vertex -6.42864 -4.14214 4.4
    endloop
  endfacet
  facet normal 0 0 -1
    outer loop
      vertex -6.53242 -4.19967 4.4
      vertex -6.27868 -3.625 4.4
      vertex -6.48103 -4.17 4.4
    endloop
  endfacet
  facet normal -0 0 -1
    outer loop
      vertex -6.27868 -3.625 4.4
      vertex -6.53242 -4.19967 4.4
      vertex -6.40137 -3.40367 4.4
    endloop
  endfacet
  facet normal 0 0 -1
    outer loop
      vertex -6.58274 -4.23111 4.4
      vertex -6.40137 -3.40367 4.4
      vertex -6.53242 -4.19967 4.4
    endloop
  endfacet
  facet normal 0 0 -1
    outer loop
      vertex -6.63193 -4.2643 4.4
      vertex -6.40137 -3.40367 4.4
      vertex -6.58274 -4.23111 4.4
    endloop
  endfacet
  facet normal 0 0 -1
    outer loop
      vertex -6.67994 -4.29917 4.4
      vertex -6.40137 -3.40367 4.4
      vertex -6.63193 -4.2643 4.4
    endloop
  endfacet
  facet normal -0 0 -1
    outer loop
      vertex -6.40137 -3.40367 4.4
      vertex -6.67994 -4.29917 4.4
      vertex -6.51626 -3.17819 4.4
    endloop
  endfacet
  facet normal 0 0 -1
    outer loop
      vertex -6.7267 -4.33571 4.4
      vertex -6.51626 -3.17819 4.4
      vertex -6.67994 -4.29917 4.4
    endloop
  endfacet
  facet normal 0 0 -1
    outer loop
      vertex -6.77215 -4.37385 4.4
      vertex -6.51626 -3.17819 4.4
      vertex -6.7267 -4.33571 4.4
    endloop
  endfacet
  facet normal 0 0 -1
    outer loop
      vertex -6.81625 -4.41355 4.4
      vertex -6.51626 -3.17819 4.4
      vertex -6.77215 -4.37385 4.4
    endloop
  endfacet
  facet normal -0 0 -1
    outer loop
      vertex -6.51626 -3.17819 4.4
      vertex -6.81625 -4.41355 4.4
      vertex -6.6232 -2.94884 4.4
    endloop
  endfacet
  facet normal 0 0 -1
    outer loop
      vertex -6.85894 -4.45477 4.4
      vertex -6.6232 -2.94884 4.4
      vertex -6.81625 -4.41355 4.4
    endloop
  endfacet
  facet normal -0 0 -1
    outer loop
      vertex -6.6232 -2.94884 4.4
      vertex -6.85894 -4.45477 4.4
      vertex -6.72208 -2.7159 4.4
    endloop
  endfacet
  facet normal -0 0 -1
    outer loop
      vertex -6.72208 -2.7159 4.4
      vertex -6.85894 -4.45477 4.4
      vertex -6.81277 -2.47965 4.4
    endloop
  endfacet
  facet normal 0 0 -1
    outer loop
      vertex -6.85894 -4.45477 4.4
      vertex -6.89516 -2.24037 4.4
      vertex -6.81277 -2.47965 4.4
    endloop
  endfacet
  facet normal 0 0 -1
    outer loop
      vertex -6.85894 -4.45477 4.4
      vertex -6.96915 -1.99837 4.4
      vertex -6.89516 -2.24037 4.4
    endloop
  endfacet
  facet normal 0 0 -1
    outer loop
      vertex -6.85894 -4.45477 4.4
      vertex -7.03464 -1.75393 4.4
      vertex -6.96915 -1.99837 4.4
    endloop
  endfacet
  facet normal 0 0 -1
    outer loop
      vertex -6.85894 -4.45477 4.4
      vertex -7.03888 -1.73558 4.4
      vertex -7.03464 -1.75393 4.4
    endloop
  endfacet
  facet normal 0 0 -1
    outer loop
      vertex -16.9706 -11.6673 4.4
      vertex -6.85894 -4.45477 4.4
      vertex -14.6371 -12.2329 4.4
    endloop
  endfacet
  facet normal 0 0 -1
    outer loop
      vertex -16.9706 -11.6673 4.4
      vertex -14.6371 -12.2329 4.4
      vertex -14.6783 -12.2756 4.4
    endloop
  endfacet
  facet normal 0 0 -1
    outer loop
      vertex -16.9706 -11.6673 4.4
      vertex -14.6783 -12.2756 4.4
      vertex -14.718 -12.3197 4.4
    endloop
  endfacet
  facet normal 0 0 -1
    outer loop
      vertex -16.9706 -11.6673 4.4
      vertex -14.718 -12.3197 4.4
      vertex -14.7562 -12.3652 4.4
    endloop
  endfacet
  facet normal 0 0 -1
    outer loop
      vertex -16.9706 -11.6673 4.4
      vertex -14.7562 -12.3652 4.4
      vertex -14.7927 -12.4119 4.4
    endloop
  endfacet
  facet normal 0 0 -1
    outer loop
      vertex -16.9706 -11.6673 4.4
      vertex -14.7927 -12.4119 4.4
      vertex -14.8276 -12.4599 4.4
    endloop
  endfacet
  facet normal -0 0 -1
    outer loop
      vertex -6.85894 -4.45477 4.4
      vertex -16.9706 -11.6673 4.4
      vertex -7.03888 -1.73558 4.4
    endloop
  endfacet
  facet normal 0 0 -1
    outer loop
      vertex -14.8608 -12.5091 4.4
      vertex -16.9706 -11.6673 4.4
      vertex -14.8276 -12.4599 4.4
    endloop
  endfacet
  facet normal 0 0 -1
    outer loop
      vertex -14.8922 -12.5595 4.4
      vertex -16.9706 -11.6673 4.4
      vertex -14.8608 -12.5091 4.4
    endloop
  endfacet
  facet normal 0 0 -1
    outer loop
      vertex -14.9219 -12.6109 4.4
      vertex -16.9706 -11.6673 4.4
      vertex -14.8922 -12.5595 4.4
    endloop
  endfacet
  facet normal 0 0 -1
    outer loop
      vertex -14.9497 -12.6632 4.4
      vertex -16.9706 -11.6673 4.4
      vertex -14.9219 -12.6109 4.4
    endloop
  endfacet
  facet normal 0 0 -1
    outer loop
      vertex -14.9758 -12.7166 4.4
      vertex -16.9706 -11.6673 4.4
      vertex -14.9497 -12.6632 4.4
    endloop
  endfacet
  facet normal 0 0 -1
    outer loop
      vertex -14.9999 -12.7708 4.4
      vertex -16.9706 -11.6673 4.4
      vertex -14.9758 -12.7166 4.4
    endloop
  endfacet
  facet normal 0 0 -1
    outer loop
      vertex -15.0221 -12.8258 4.4
      vertex -16.9706 -11.6673 4.4
      vertex -14.9999 -12.7708 4.4
    endloop
  endfacet
  facet normal 0 0 -1
    outer loop
      vertex -15.0424 -12.8816 4.4
      vertex -16.9706 -11.6673 4.4
      vertex -15.0221 -12.8258 4.4
    endloop
  endfacet
  facet normal 0 0 -1
    outer loop
      vertex -15.0607 -12.938 4.4
      vertex -16.9706 -11.6673 4.4
      vertex -15.0424 -12.8816 4.4
    endloop
  endfacet
  facet normal 0 0 -1
    outer loop
      vertex -15.0771 -12.995 4.4
      vertex -16.9706 -11.6673 4.4
      vertex -15.0607 -12.938 4.4
    endloop
  endfacet
  facet normal 0 0 -1
    outer loop
      vertex -15.0915 -13.0526 4.4
      vertex -16.9706 -11.6673 4.4
      vertex -15.0771 -12.995 4.4
    endloop
  endfacet
  facet normal 0 0 -1
    outer loop
      vertex -15.1038 -13.1107 4.4
      vertex -16.9706 -11.6673 4.4
      vertex -15.0915 -13.0526 4.4
    endloop
  endfacet
  facet normal 0 0 -1
    outer loop
      vertex -15.1141 -13.1691 4.4
      vertex -16.9706 -11.6673 4.4
      vertex -15.1038 -13.1107 4.4
    endloop
  endfacet
  facet normal 0 0 -1
    outer loop
      vertex -15.1224 -13.2279 4.4
      vertex -16.9706 -11.6673 4.4
      vertex -15.1141 -13.1691 4.4
    endloop
  endfacet
  facet normal 0 0 -1
    outer loop
      vertex -15.1286 -13.2869 4.4
      vertex -16.9706 -11.6673 4.4
      vertex -15.1224 -13.2279 4.4
    endloop
  endfacet
  facet normal 0 0 -1
    outer loop
      vertex -15.1327 -13.3461 4.4
      vertex -16.9706 -11.6673 4.4
      vertex -15.1286 -13.2869 4.4
    endloop
  endfacet
  facet normal 0 0 -1
    outer loop
      vertex -16.9706 -11.6673 4.4
      vertex -15.1327 -13.3461 4.4
      vertex -15.1348 -13.4054 4.4
    endloop
  endfacet
  facet normal 0 0 -1
    outer loop
      vertex 16.9706 -11.6673 4.4
      vertex 15.1334 -13.5044 4.4
      vertex 15.1348 -13.4647 4.4
    endloop
  endfacet
  facet normal 0 0 -1
    outer loop
      vertex 15.1348 -13.4054 4.4
      vertex 16.9706 -11.6673 4.4
      vertex 15.1348 -13.4647 4.4
    endloop
  endfacet
  facet normal 0 0 -1
    outer loop
      vertex 15.1327 -13.3461 4.4
      vertex 16.9706 -11.6673 4.4
      vertex 15.1348 -13.4054 4.4
    endloop
  endfacet
  facet normal 0 0 -1
    outer loop
      vertex 15.1286 -13.2869 4.4
      vertex 16.9706 -11.6673 4.4
      vertex 15.1327 -13.3461 4.4
    endloop
  endfacet
  facet normal 0 0 -1
    outer loop
      vertex 15.1224 -13.2279 4.4
      vertex 16.9706 -11.6673 4.4
      vertex 15.1286 -13.2869 4.4
    endloop
  endfacet
  facet normal 0 0 -1
    outer loop
      vertex 15.1141 -13.1691 4.4
      vertex 16.9706 -11.6673 4.4
      vertex 15.1224 -13.2279 4.4
    endloop
  endfacet
  facet normal 0 0 -1
    outer loop
      vertex 15.1038 -13.1107 4.4
      vertex 16.9706 -11.6673 4.4
      vertex 15.1141 -13.1691 4.4
    endloop
  endfacet
  facet normal 0 0 -1
    outer loop
      vertex 15.0915 -13.0526 4.4
      vertex 16.9706 -11.6673 4.4
      vertex 15.1038 -13.1107 4.4
    endloop
  endfacet
  facet normal 0 0 -1
    outer loop
      vertex 15.0771 -12.995 4.4
      vertex 16.9706 -11.6673 4.4
      vertex 15.0915 -13.0526 4.4
    endloop
  endfacet
  facet normal 0 0 -1
    outer loop
      vertex 15.0607 -12.938 4.4
      vertex 16.9706 -11.6673 4.4
      vertex 15.0771 -12.995 4.4
    endloop
  endfacet
  facet normal 0 0 -1
    outer loop
      vertex 15.0424 -12.8816 4.4
      vertex 16.9706 -11.6673 4.4
      vertex 15.0607 -12.938 4.4
    endloop
  endfacet
  facet normal 0 0 -1
    outer loop
      vertex 15.0221 -12.8258 4.4
      vertex 16.9706 -11.6673 4.4
      vertex 15.0424 -12.8816 4.4
    endloop
  endfacet
  facet normal 0 0 -1
    outer loop
      vertex 14.9999 -12.7708 4.4
      vertex 16.9706 -11.6673 4.4
      vertex 15.0221 -12.8258 4.4
    endloop
  endfacet
  facet normal 0 0 -1
    outer loop
      vertex 14.9758 -12.7166 4.4
      vertex 16.9706 -11.6673 4.4
      vertex 14.9999 -12.7708 4.4
    endloop
  endfacet
  facet normal 0 0 -1
    outer loop
      vertex 14.9497 -12.6632 4.4
      vertex 16.9706 -11.6673 4.4
      vertex 14.9758 -12.7166 4.4
    endloop
  endfacet
  facet normal 0 0 -1
    outer loop
      vertex 14.9219 -12.6109 4.4
      vertex 16.9706 -11.6673 4.4
      vertex 14.9497 -12.6632 4.4
    endloop
  endfacet
  facet normal 0 0 -1
    outer loop
      vertex 14.8922 -12.5595 4.4
      vertex 16.9706 -11.6673 4.4
      vertex 14.9219 -12.6109 4.4
    endloop
  endfacet
  facet normal 0 0 -1
    outer loop
      vertex 14.8608 -12.5091 4.4
      vertex 16.9706 -11.6673 4.4
      vertex 14.8922 -12.5595 4.4
    endloop
  endfacet
  facet normal 0 0 -1
    outer loop
      vertex 14.8276 -12.4599 4.4
      vertex 16.9706 -11.6673 4.4
      vertex 14.8608 -12.5091 4.4
    endloop
  endfacet
  facet normal 0 0 -1
    outer loop
      vertex 14.7927 -12.4119 4.4
      vertex 16.9706 -11.6673 4.4
      vertex 14.8276 -12.4599 4.4
    endloop
  endfacet
  facet normal 0 0 -1
    outer loop
      vertex 14.7562 -12.3652 4.4
      vertex 16.9706 -11.6673 4.4
      vertex 14.7927 -12.4119 4.4
    endloop
  endfacet
  facet normal 0 0 -1
    outer loop
      vertex 14.718 -12.3197 4.4
      vertex 16.9706 -11.6673 4.4
      vertex 14.7562 -12.3652 4.4
    endloop
  endfacet
  facet normal 0 0 -1
    outer loop
      vertex 14.6783 -12.2756 4.4
      vertex 16.9706 -11.6673 4.4
      vertex 14.718 -12.3197 4.4
    endloop
  endfacet
  facet normal 0 0 -1
    outer loop
      vertex 14.6371 -12.2329 4.4
      vertex 16.9706 -11.6673 4.4
      vertex 14.6783 -12.2756 4.4
    endloop
  endfacet
  facet normal 0 0 -1
    outer loop
      vertex 6.85894 -4.45477 4.4
      vertex 16.9706 -11.6673 4.4
      vertex 14.6371 -12.2329 4.4
    endloop
  endfacet
  facet normal 0 0 -1
    outer loop
      vertex 16.9706 -11.6673 4.4
      vertex 7.03464 -1.75393 4.4
      vertex 7.03888 -1.73558 4.4
    endloop
  endfacet
  facet normal 0 0 -1
    outer loop
      vertex 16.9706 -11.6673 4.4
      vertex 6.85894 -4.45477 4.4
      vertex 7.03464 -1.75393 4.4
    endloop
  endfacet
  facet normal 0 0 -1
    outer loop
      vertex 7.03464 -1.75393 4.4
      vertex 6.85894 -4.45477 4.4
      vertex 6.96915 -1.99837 4.4
    endloop
  endfacet
  facet normal 0 0 -1
    outer loop
      vertex 6.96915 -1.99837 4.4
      vertex 6.85894 -4.45477 4.4
      vertex 6.89516 -2.24037 4.4
    endloop
  endfacet
  facet normal 0 0 -1
    outer loop
      vertex 6.6232 -2.94884 4.4
      vertex 6.85894 -4.45477 4.4
      vertex 6.81625 -4.41355 4.4
    endloop
  endfacet
  facet normal 0 0 -1
    outer loop
      vertex 6.85894 -4.45477 4.4
      vertex 6.81277 -2.47965 4.4
      vertex 6.89516 -2.24037 4.4
    endloop
  endfacet
  facet normal 0 0 -1
    outer loop
      vertex 6.51626 -3.17819 4.4
      vertex 6.81625 -4.41355 4.4
      vertex 6.77215 -4.37385 4.4
    endloop
  endfacet
  facet normal 0 0 -1
    outer loop
      vertex 6.51626 -3.17819 4.4
      vertex 6.77215 -4.37385 4.4
      vertex 6.7267 -4.33571 4.4
    endloop
  endfacet
  facet normal 0 0 -1
    outer loop
      vertex 6.85894 -4.45477 4.4
      vertex 6.72208 -2.7159 4.4
      vertex 6.81277 -2.47965 4.4
    endloop
  endfacet
  facet normal 0 0 -1
    outer loop
      vertex 6.51626 -3.17819 4.4
      vertex 6.7267 -4.33571 4.4
      vertex 6.67994 -4.29917 4.4
    endloop
  endfacet
  facet normal 0 0 -1
    outer loop
      vertex 6.40137 -3.40367 4.4
      vertex 6.67994 -4.29917 4.4
      vertex 6.63193 -4.2643 4.4
    endloop
  endfacet
  facet normal 0 0 -1
    outer loop
      vertex 6.85894 -4.45477 4.4
      vertex 6.6232 -2.94884 4.4
      vertex 6.72208 -2.7159 4.4
    endloop
  endfacet
  facet normal 0 0 -1
    outer loop
      vertex 6.40137 -3.40367 4.4
      vertex 6.63193 -4.2643 4.4
      vertex 6.58274 -4.23111 4.4
    endloop
  endfacet
  facet normal 0 0 -1
    outer loop
      vertex 6.40137 -3.40367 4.4
      vertex 6.58274 -4.23111 4.4
      vertex 6.53242 -4.19967 4.4
    endloop
  endfacet
  facet normal 0 0 -1
    outer loop
      vertex 6.81625 -4.41355 4.4
      vertex 6.51626 -3.17819 4.4
      vertex 6.6232 -2.94884 4.4
    endloop
  endfacet
  facet normal 0 0 -1
    outer loop
      vertex 6.27868 -3.625 4.4
      vertex 6.53242 -4.19967 4.4
      vertex 6.48103 -4.17 4.4
    endloop
  endfacet
  facet normal 0 0 -1
    outer loop
      vertex 6.27868 -3.625 4.4
      vertex 6.48103 -4.17 4.4
      vertex 6.42864 -4.14214 4.4
    endloop
  endfacet
  facet normal 0 0 -1
    outer loop
      vertex 6.67994 -4.29917 4.4
      vertex 6.40137 -3.40367 4.4
      vertex 6.51626 -3.17819 4.4
    endloop
  endfacet
  facet normal 0 0 -1
    outer loop
      vertex 6.27868 -3.625 4.4
      vertex 6.42864 -4.14214 4.4
      vertex 6.37531 -4.11613 4.4
    endloop
  endfacet
  facet normal 0 0 -1
    outer loop
      vertex 6.27868 -3.625 4.4
      vertex 6.37531 -4.11613 4.4
      vertex 6.3211 -4.092 4.4
    endloop
  endfacet
  facet normal 0 0 -1
    outer loop
      vertex 6.53242 -4.19967 4.4
      vertex 6.27868 -3.625 4.4
      vertex 6.40137 -3.40367 4.4
    endloop
  endfacet
  facet normal 0 0 -1
    outer loop
      vertex 6.14835 -3.84191 4.4
      vertex 6.3211 -4.092 4.4
      vertex 6.26608 -4.06977 4.4
    endloop
  endfacet
  facet normal 0 0 -1
    outer loop
      vertex 6.14835 -3.84191 4.4
      vertex 6.26608 -4.06977 4.4
      vertex 6.21032 -4.04947 4.4
    endloop
  endfacet
  facet normal 0 0 -1
    outer loop
      vertex 6.14835 -3.84191 4.4
      vertex 6.21032 -4.04947 4.4
      vertex 6.15389 -4.03114 4.4
    endloop
  endfacet
  facet normal 0 0 -1
    outer loop
      vertex 6.3211 -4.092 4.4
      vertex 6.14835 -3.84191 4.4
      vertex 6.27868 -3.625 4.4
    endloop
  endfacet
  facet normal 0 0 -1
    outer loop
      vertex 6.09685 -4.01478 4.4
      vertex 6.14835 -3.84191 4.4
      vertex 6.15389 -4.03114 4.4
    endloop
  endfacet
  facet normal 0 0 -1
    outer loop
      vertex 6.14835 -3.84191 4.4
      vertex 6.09685 -4.01478 4.4
      vertex 6.04455 -4.00174 4.4
    endloop
  endfacet
  facet normal 0 0 -1
    outer loop
      vertex 11.6673 -16.9706 4.4
      vertex 13.4647 -15.1348 4.4
      vertex 13.5044 -15.1334 4.4
    endloop
  endfacet
  facet normal 0 0 -1
    outer loop
      vertex 11.6673 -16.9706 4.4
      vertex 13.4054 -15.1348 4.4
      vertex 13.4647 -15.1348 4.4
    endloop
  endfacet
  facet normal 0 0 -1
    outer loop
      vertex 11.6673 -16.9706 4.4
      vertex 13.3461 -15.1327 4.4
      vertex 13.4054 -15.1348 4.4
    endloop
  endfacet
  facet normal 0 0 -1
    outer loop
      vertex 11.6673 -16.9706 4.4
      vertex 13.2869 -15.1286 4.4
      vertex 13.3461 -15.1327 4.4
    endloop
  endfacet
  facet normal 0 0 -1
    outer loop
      vertex 11.6673 -16.9706 4.4
      vertex 13.2279 -15.1224 4.4
      vertex 13.2869 -15.1286 4.4
    endloop
  endfacet
  facet normal 0 0 -1
    outer loop
      vertex 11.6673 -16.9706 4.4
      vertex 13.1691 -15.1141 4.4
      vertex 13.2279 -15.1224 4.4
    endloop
  endfacet
  facet normal 0 0 -1
    outer loop
      vertex 11.6673 -16.9706 4.4
      vertex 13.1107 -15.1038 4.4
      vertex 13.1691 -15.1141 4.4
    endloop
  endfacet
  facet normal 0 0 -1
    outer loop
      vertex 11.6673 -16.9706 4.4
      vertex 13.0526 -15.0915 4.4
      vertex 13.1107 -15.1038 4.4
    endloop
  endfacet
  facet normal 0 0 -1
    outer loop
      vertex 11.6673 -16.9706 4.4
      vertex 12.995 -15.0771 4.4
      vertex 13.0526 -15.0915 4.4
    endloop
  endfacet
  facet normal 0 0 -1
    outer loop
      vertex 11.6673 -16.9706 4.4
      vertex 12.938 -15.0607 4.4
      vertex 12.995 -15.0771 4.4
    endloop
  endfacet
  facet normal 0 0 -1
    outer loop
      vertex 11.6673 -16.9706 4.4
      vertex 12.8816 -15.0424 4.4
      vertex 12.938 -15.0607 4.4
    endloop
  endfacet
  facet normal 0 0 -1
    outer loop
      vertex 11.6673 -16.9706 4.4
      vertex 12.8258 -15.0221 4.4
      vertex 12.8816 -15.0424 4.4
    endloop
  endfacet
  facet normal 0 0 -1
    outer loop
      vertex 11.6673 -16.9706 4.4
      vertex 12.7708 -14.9999 4.4
      vertex 12.8258 -15.0221 4.4
    endloop
  endfacet
  facet normal 0 0 -1
    outer loop
      vertex 11.6673 -16.9706 4.4
      vertex 12.7166 -14.9758 4.4
      vertex 12.7708 -14.9999 4.4
    endloop
  endfacet
  facet normal 0 0 -1
    outer loop
      vertex 11.6673 -16.9706 4.4
      vertex 12.6632 -14.9497 4.4
      vertex 12.7166 -14.9758 4.4
    endloop
  endfacet
  facet normal 0 0 -1
    outer loop
      vertex 11.6673 -16.9706 4.4
      vertex 12.6109 -14.9219 4.4
      vertex 12.6632 -14.9497 4.4
    endloop
  endfacet
  facet normal 0 0 -1
    outer loop
      vertex 11.6673 -16.9706 4.4
      vertex 12.5595 -14.8922 4.4
      vertex 12.6109 -14.9219 4.4
    endloop
  endfacet
  facet normal 0 0 -1
    outer loop
      vertex 11.6673 -16.9706 4.4
      vertex 12.5091 -14.8608 4.4
      vertex 12.5595 -14.8922 4.4
    endloop
  endfacet
  facet normal 0 0 -1
    outer loop
      vertex 11.6673 -16.9706 4.4
      vertex 12.4599 -14.8276 4.4
      vertex 12.5091 -14.8608 4.4
    endloop
  endfacet
  facet normal 0 0 -1
    outer loop
      vertex 11.6673 -16.9706 4.4
      vertex 12.4119 -14.7927 4.4
      vertex 12.4599 -14.8276 4.4
    endloop
  endfacet
  facet normal 0 0 -1
    outer loop
      vertex 11.6673 -16.9706 4.4
      vertex 12.3652 -14.7562 4.4
      vertex 12.4119 -14.7927 4.4
    endloop
  endfacet
  facet normal 0 0 -1
    outer loop
      vertex 11.6673 -16.9706 4.4
      vertex 12.3197 -14.718 4.4
      vertex 12.3652 -14.7562 4.4
    endloop
  endfacet
  facet normal 0 0 -1
    outer loop
      vertex 11.6673 -16.9706 4.4
      vertex 12.2756 -14.6783 4.4
      vertex 12.3197 -14.718 4.4
    endloop
  endfacet
  facet normal 0 0 -1
    outer loop
      vertex 11.6673 -16.9706 4.4
      vertex 12.2329 -14.6371 4.4
      vertex 12.2756 -14.6783 4.4
    endloop
  endfacet
  facet normal 0 0 -1
    outer loop
      vertex 11.6673 -16.9706 4.4
      vertex 4.45477 -6.85894 4.4
      vertex 12.2329 -14.6371 4.4
    endloop
  endfacet
  facet normal 0 0 -1
    outer loop
      vertex 1.75393 -7.03464 4.4
      vertex 4.45477 -6.85894 4.4
      vertex 11.6673 -16.9706 4.4
    endloop
  endfacet
  facet normal 0 -0 -1
    outer loop
      vertex 1.99837 -6.96915 4.4
      vertex 4.45477 -6.85894 4.4
      vertex 1.75393 -7.03464 4.4
    endloop
  endfacet
  facet normal 0 -0 -1
    outer loop
      vertex 2.24037 -6.89516 4.4
      vertex 4.45477 -6.85894 4.4
      vertex 1.99837 -6.96915 4.4
    endloop
  endfacet
  facet normal 0 -0 -1
    outer loop
      vertex 2.7159 -6.72208 4.4
      vertex 4.45477 -6.85894 4.4
      vertex 2.47965 -6.81277 4.4
    endloop
  endfacet
  facet normal 0 -0 -1
    outer loop
      vertex 2.94884 -6.6232 4.4
      vertex 4.45477 -6.85894 4.4
      vertex 2.7159 -6.72208 4.4
    endloop
  endfacet
  facet normal -0 0 -1
    outer loop
      vertex 4.01478 -6.09685 4.4
      vertex 3.84191 -6.14835 4.4
      vertex 4.00174 -6.04455 4.4
    endloop
  endfacet
  facet normal 0 0 -1
    outer loop
      vertex 4.03114 -6.15389 4.4
      vertex 3.84191 -6.14835 4.4
      vertex 4.01478 -6.09685 4.4
    endloop
  endfacet
  facet normal 0 0 -1
    outer loop
      vertex 4.04947 -6.21032 4.4
      vertex 3.84191 -6.14835 4.4
      vertex 4.03114 -6.15389 4.4
    endloop
  endfacet
  facet normal 0 0 -1
    outer loop
      vertex 4.06977 -6.26608 4.4
      vertex 3.84191 -6.14835 4.4
      vertex 4.04947 -6.21032 4.4
    endloop
  endfacet
  facet normal 0 0 -1
    outer loop
      vertex 4.092 -6.3211 4.4
      vertex 3.84191 -6.14835 4.4
      vertex 4.06977 -6.26608 4.4
    endloop
  endfacet
  facet normal 0 0 -1
    outer loop
      vertex 3.625 -6.27868 4.4
      vertex 4.092 -6.3211 4.4
      vertex 4.11613 -6.37531 4.4
    endloop
  endfacet
  facet normal 0 0 -1
    outer loop
      vertex 3.625 -6.27868 4.4
      vertex 4.11613 -6.37531 4.4
      vertex 4.14214 -6.42864 4.4
    endloop
  endfacet
  facet normal 0 0 -1
    outer loop
      vertex 3.625 -6.27868 4.4
      vertex 4.14214 -6.42864 4.4
      vertex 4.17 -6.48103 4.4
    endloop
  endfacet
  facet normal 0 0 -1
    outer loop
      vertex 3.625 -6.27868 4.4
      vertex 4.17 -6.48103 4.4
      vertex 4.19967 -6.53242 4.4
    endloop
  endfacet
  facet normal 0 0 -1
    outer loop
      vertex 3.40367 -6.40137 4.4
      vertex 4.19967 -6.53242 4.4
      vertex 4.23111 -6.58274 4.4
    endloop
  endfacet
  facet normal 0 0 -1
    outer loop
      vertex 3.40367 -6.40137 4.4
      vertex 4.23111 -6.58274 4.4
      vertex 4.2643 -6.63193 4.4
    endloop
  endfacet
  facet normal 0 0 -1
    outer loop
      vertex 4.45477 -6.85894 4.4
      vertex 2.94884 -6.6232 4.4
      vertex 4.41355 -6.81625 4.4
    endloop
  endfacet
  facet normal 0 0 -1
    outer loop
      vertex 4.092 -6.3211 4.4
      vertex 3.625 -6.27868 4.4
      vertex 3.84191 -6.14835 4.4
    endloop
  endfacet
  facet normal 0 0 -1
    outer loop
      vertex 4.19967 -6.53242 4.4
      vertex 3.40367 -6.40137 4.4
      vertex 3.625 -6.27868 4.4
    endloop
  endfacet
  facet normal 0 0 -1
    outer loop
      vertex 4.29917 -6.67994 4.4
      vertex 3.40367 -6.40137 4.4
      vertex 4.2643 -6.63193 4.4
    endloop
  endfacet
  facet normal 0 -0 -1
    outer loop
      vertex 3.40367 -6.40137 4.4
      vertex 4.29917 -6.67994 4.4
      vertex 3.17819 -6.51626 4.4
    endloop
  endfacet
  facet normal 0 0 -1
    outer loop
      vertex 4.33571 -6.7267 4.4
      vertex 3.17819 -6.51626 4.4
      vertex 4.29917 -6.67994 4.4
    endloop
  endfacet
  facet normal 0 0 -1
    outer loop
      vertex 4.37385 -6.77215 4.4
      vertex 3.17819 -6.51626 4.4
      vertex 4.33571 -6.7267 4.4
    endloop
  endfacet
  facet normal 0 0 -1
    outer loop
      vertex 4.41355 -6.81625 4.4
      vertex 3.17819 -6.51626 4.4
      vertex 4.37385 -6.77215 4.4
    endloop
  endfacet
  facet normal 0 -0 -1
    outer loop
      vertex 3.17819 -6.51626 4.4
      vertex 4.41355 -6.81625 4.4
      vertex 2.94884 -6.6232 4.4
    endloop
  endfacet
  facet normal 0 -0 -1
    outer loop
      vertex 2.47965 -6.81277 4.4
      vertex 4.45477 -6.85894 4.4
      vertex 2.24037 -6.89516 4.4
    endloop
  endfacet
  facet normal 0 -0 -1
    outer loop
      vertex 1.75393 -7.03464 4.4
      vertex 11.6673 -16.9706 4.4
      vertex 1.73558 -7.03888 4.4
    endloop
  endfacet
  facet normal 0 0 1
    outer loop
      vertex -13.5044 -15.1334 4.4
      vertex -13.5832 -15.1286 4.4
      vertex -13.524 -15.1327 4.4
    endloop
  endfacet
  facet normal 0 0 1
    outer loop
      vertex -13.5044 -15.1334 4.4
      vertex -13.6422 -15.1224 4.4
      vertex -13.5832 -15.1286 4.4
    endloop
  endfacet
  facet normal 0 0 1
    outer loop
      vertex -13.5044 -15.1334 4.4
      vertex -13.701 -15.1141 4.4
      vertex -13.6422 -15.1224 4.4
    endloop
  endfacet
  facet normal 0 0 1
    outer loop
      vertex -13.5044 -15.1334 4.4
      vertex -13.7594 -15.1038 4.4
      vertex -13.701 -15.1141 4.4
    endloop
  endfacet
  facet normal 0 0 1
    outer loop
      vertex -13.5044 -15.1334 4.4
      vertex -13.8174 -15.0915 4.4
      vertex -13.7594 -15.1038 4.4
    endloop
  endfacet
  facet normal 0 0 1
    outer loop
      vertex -13.5044 -15.1334 4.4
      vertex -13.875 -15.0771 4.4
      vertex -13.8174 -15.0915 4.4
    endloop
  endfacet
  facet normal 0 0 1
    outer loop
      vertex -13.5044 -15.1334 4.4
      vertex -13.9321 -15.0607 4.4
      vertex -13.875 -15.0771 4.4
    endloop
  endfacet
  facet normal 0 0 1
    outer loop
      vertex -13.5044 -15.1334 4.4
      vertex -13.9885 -15.0424 4.4
      vertex -13.9321 -15.0607 4.4
    endloop
  endfacet
  facet normal 0 0 1
    outer loop
      vertex -13.5044 -15.1334 4.4
      vertex -14.0443 -15.0221 4.4
      vertex -13.9885 -15.0424 4.4
    endloop
  endfacet
  facet normal 0 0 1
    outer loop
      vertex -13.5044 -15.1334 4.4
      vertex -14.0993 -14.9999 4.4
      vertex -14.0443 -15.0221 4.4
    endloop
  endfacet
  facet normal 0 0 1
    outer loop
      vertex -13.5044 -15.1334 4.4
      vertex -14.1535 -14.9758 4.4
      vertex -14.0993 -14.9999 4.4
    endloop
  endfacet
  facet normal 0 0 1
    outer loop
      vertex -13.5044 -15.1334 4.4
      vertex -14.2068 -14.9497 4.4
      vertex -14.1535 -14.9758 4.4
    endloop
  endfacet
  facet normal 0 0 1
    outer loop
      vertex -13.5044 -15.1334 4.4
      vertex -14.2592 -14.9219 4.4
      vertex -14.2068 -14.9497 4.4
    endloop
  endfacet
  facet normal 0 0 1
    outer loop
      vertex -13.5044 -15.1334 4.4
      vertex -14.3106 -14.8922 4.4
      vertex -14.2592 -14.9219 4.4
    endloop
  endfacet
  facet normal 0 0 1
    outer loop
      vertex -13.5044 -15.1334 4.4
      vertex -14.3609 -14.8608 4.4
      vertex -14.3106 -14.8922 4.4
    endloop
  endfacet
  facet normal 0 0 1
    outer loop
      vertex -13.5044 -15.1334 4.4
      vertex -14.4101 -14.8276 4.4
      vertex -14.3609 -14.8608 4.4
    endloop
  endfacet
  facet normal 0 0 1
    outer loop
      vertex -13.5044 -15.1334 4.4
      vertex -14.4581 -14.7927 4.4
      vertex -14.4101 -14.8276 4.4
    endloop
  endfacet
  facet normal 0 0 1
    outer loop
      vertex -13.5044 -15.1334 4.4
      vertex -14.5049 -14.7562 4.4
      vertex -14.4581 -14.7927 4.4
    endloop
  endfacet
  facet normal 0 0 1
    outer loop
      vertex -13.5044 -15.1334 4.4
      vertex -14.5503 -14.718 4.4
      vertex -14.5049 -14.7562 4.4
    endloop
  endfacet
  facet normal 0 0 1
    outer loop
      vertex -13.5044 -15.1334 4.4
      vertex -14.5944 -14.6783 4.4
      vertex -14.5503 -14.718 4.4
    endloop
  endfacet
  facet normal 0 0 1
    outer loop
      vertex -13.5044 -15.1334 4.4
      vertex -14.6371 -14.6371 4.4
      vertex -14.5944 -14.6783 4.4
    endloop
  endfacet
  facet normal 0 0 1
    outer loop
      vertex -13.5044 -15.1334 4.4
      vertex -14.6783 -14.5944 4.4
      vertex -14.6371 -14.6371 4.4
    endloop
  endfacet
  facet normal 0 0 1
    outer loop
      vertex -13.5044 -15.1334 4.4
      vertex -14.718 -14.5503 4.4
      vertex -14.6783 -14.5944 4.4
    endloop
  endfacet
  facet normal 0 0 1
    outer loop
      vertex -13.5044 -15.1334 4.4
      vertex -14.7562 -14.5049 4.4
      vertex -14.718 -14.5503 4.4
    endloop
  endfacet
  facet normal 0 0 1
    outer loop
      vertex -13.5044 -15.1334 4.4
      vertex -14.7927 -14.4581 4.4
      vertex -14.7562 -14.5049 4.4
    endloop
  endfacet
  facet normal 0 0 1
    outer loop
      vertex -13.5044 -15.1334 4.4
      vertex -14.8276 -14.4101 4.4
      vertex -14.7927 -14.4581 4.4
    endloop
  endfacet
  facet normal 0 0 1
    outer loop
      vertex -13.5044 -15.1334 4.4
      vertex -14.8608 -14.3609 4.4
      vertex -14.8276 -14.4101 4.4
    endloop
  endfacet
  facet normal 0 0 1
    outer loop
      vertex -13.5044 -15.1334 4.4
      vertex -14.8922 -14.3106 4.4
      vertex -14.8608 -14.3609 4.4
    endloop
  endfacet
  facet normal 0 0 1
    outer loop
      vertex -13.5044 -15.1334 4.4
      vertex -14.9219 -14.2592 4.4
      vertex -14.8922 -14.3106 4.4
    endloop
  endfacet
  facet normal 0 0 1
    outer loop
      vertex -13.5044 -15.1334 4.4
      vertex -14.9497 -14.2068 4.4
      vertex -14.9219 -14.2592 4.4
    endloop
  endfacet
  facet normal 0 0 1
    outer loop
      vertex -13.5044 -15.1334 4.4
      vertex -14.9758 -14.1535 4.4
      vertex -14.9497 -14.2068 4.4
    endloop
  endfacet
  facet normal 0 0 1
    outer loop
      vertex -13.5044 -15.1334 4.4
      vertex -14.9999 -14.0993 4.4
      vertex -14.9758 -14.1535 4.4
    endloop
  endfacet
  facet normal 0 0 1
    outer loop
      vertex -13.5044 -15.1334 4.4
      vertex -15.0221 -14.0443 4.4
      vertex -14.9999 -14.0993 4.4
    endloop
  endfacet
  facet normal 0 0 1
    outer loop
      vertex -13.5044 -15.1334 4.4
      vertex -15.0424 -13.9885 4.4
      vertex -15.0221 -14.0443 4.4
    endloop
  endfacet
  facet normal 0 0 1
    outer loop
      vertex -13.5044 -15.1334 4.4
      vertex -15.0607 -13.9321 4.4
      vertex -15.0424 -13.9885 4.4
    endloop
  endfacet
  facet normal 0 0 1
    outer loop
      vertex -13.5044 -15.1334 4.4
      vertex -15.0771 -13.875 4.4
      vertex -15.0607 -13.9321 4.4
    endloop
  endfacet
  facet normal 0 0 1
    outer loop
      vertex -13.5044 -15.1334 4.4
      vertex -15.0915 -13.8174 4.4
      vertex -15.0771 -13.875 4.4
    endloop
  endfacet
  facet normal 0 0 1
    outer loop
      vertex -13.5044 -15.1334 4.4
      vertex -15.1038 -13.7594 4.4
      vertex -15.0915 -13.8174 4.4
    endloop
  endfacet
  facet normal 0 0 1
    outer loop
      vertex -13.5044 -15.1334 4.4
      vertex -15.1141 -13.701 4.4
      vertex -15.1038 -13.7594 4.4
    endloop
  endfacet
  facet normal 0 0 1
    outer loop
      vertex -13.5044 -15.1334 4.4
      vertex -15.1224 -13.6422 4.4
      vertex -15.1141 -13.701 4.4
    endloop
  endfacet
  facet normal 0 0 1
    outer loop
      vertex -13.5044 -15.1334 4.4
      vertex -15.1286 -13.5832 4.4
      vertex -15.1224 -13.6422 4.4
    endloop
  endfacet
  facet normal 0 0 1
    outer loop
      vertex -15.1334 -13.5044 4.4
      vertex -15.1286 -13.5832 4.4
      vertex -13.5044 -15.1334 4.4
    endloop
  endfacet
  facet normal 0 0 1
    outer loop
      vertex -15.1286 -13.5832 4.4
      vertex -15.1334 -13.5044 4.4
      vertex -15.1327 -13.524 4.4
    endloop
  endfacet
  facet normal 0 0 1
    outer loop
      vertex 15.1334 -13.5044 4.4
      vertex 15.1286 -13.5832 4.4
      vertex 15.1327 -13.524 4.4
    endloop
  endfacet
  facet normal 0 0 1
    outer loop
      vertex 15.1334 -13.5044 4.4
      vertex 15.1224 -13.6422 4.4
      vertex 15.1286 -13.5832 4.4
    endloop
  endfacet
  facet normal 0 0 1
    outer loop
      vertex 15.1334 -13.5044 4.4
      vertex 15.1141 -13.701 4.4
      vertex 15.1224 -13.6422 4.4
    endloop
  endfacet
  facet normal 0 0 1
    outer loop
      vertex 15.1334 -13.5044 4.4
      vertex 15.1038 -13.7594 4.4
      vertex 15.1141 -13.701 4.4
    endloop
  endfacet
  facet normal 0 0 1
    outer loop
      vertex 15.1334 -13.5044 4.4
      vertex 15.0915 -13.8174 4.4
      vertex 15.1038 -13.7594 4.4
    endloop
  endfacet
  facet normal 0 0 1
    outer loop
      vertex 15.1334 -13.5044 4.4
      vertex 15.0771 -13.875 4.4
      vertex 15.0915 -13.8174 4.4
    endloop
  endfacet
  facet normal 0 0 1
    outer loop
      vertex 15.1334 -13.5044 4.4
      vertex 15.0607 -13.9321 4.4
      vertex 15.0771 -13.875 4.4
    endloop
  endfacet
  facet normal 0 0 1
    outer loop
      vertex 15.1334 -13.5044 4.4
      vertex 15.0424 -13.9885 4.4
      vertex 15.0607 -13.9321 4.4
    endloop
  endfacet
  facet normal 0 0 1
    outer loop
      vertex 15.1334 -13.5044 4.4
      vertex 15.0221 -14.0443 4.4
      vertex 15.0424 -13.9885 4.4
    endloop
  endfacet
  facet normal 0 0 1
    outer loop
      vertex 15.1334 -13.5044 4.4
      vertex 14.9999 -14.0993 4.4
      vertex 15.0221 -14.0443 4.4
    endloop
  endfacet
  facet normal 0 0 1
    outer loop
      vertex 15.1334 -13.5044 4.4
      vertex 14.9758 -14.1535 4.4
      vertex 14.9999 -14.0993 4.4
    endloop
  endfacet
  facet normal 0 0 1
    outer loop
      vertex 15.1334 -13.5044 4.4
      vertex 14.9497 -14.2068 4.4
      vertex 14.9758 -14.1535 4.4
    endloop
  endfacet
  facet normal 0 0 1
    outer loop
      vertex 15.1334 -13.5044 4.4
      vertex 14.9219 -14.2592 4.4
      vertex 14.9497 -14.2068 4.4
    endloop
  endfacet
  facet normal 0 0 1
    outer loop
      vertex 15.1334 -13.5044 4.4
      vertex 14.8922 -14.3106 4.4
      vertex 14.9219 -14.2592 4.4
    endloop
  endfacet
  facet normal 0 0 1
    outer loop
      vertex 15.1334 -13.5044 4.4
      vertex 14.8608 -14.3609 4.4
      vertex 14.8922 -14.3106 4.4
    endloop
  endfacet
  facet normal 0 0 1
    outer loop
      vertex 15.1334 -13.5044 4.4
      vertex 14.8276 -14.4101 4.4
      vertex 14.8608 -14.3609 4.4
    endloop
  endfacet
  facet normal 0 0 1
    outer loop
      vertex 15.1334 -13.5044 4.4
      vertex 14.7927 -14.4581 4.4
      vertex 14.8276 -14.4101 4.4
    endloop
  endfacet
  facet normal 0 0 1
    outer loop
      vertex 15.1334 -13.5044 4.4
      vertex 14.7562 -14.5049 4.4
      vertex 14.7927 -14.4581 4.4
    endloop
  endfacet
  facet normal 0 0 1
    outer loop
      vertex 15.1334 -13.5044 4.4
      vertex 14.718 -14.5503 4.4
      vertex 14.7562 -14.5049 4.4
    endloop
  endfacet
  facet normal 0 0 1
    outer loop
      vertex 15.1334 -13.5044 4.4
      vertex 14.6783 -14.5944 4.4
      vertex 14.718 -14.5503 4.4
    endloop
  endfacet
  facet normal 0 0 1
    outer loop
      vertex 15.1334 -13.5044 4.4
      vertex 14.6371 -14.6371 4.4
      vertex 14.6783 -14.5944 4.4
    endloop
  endfacet
  facet normal 0 0 1
    outer loop
      vertex 15.1334 -13.5044 4.4
      vertex 14.5944 -14.6783 4.4
      vertex 14.6371 -14.6371 4.4
    endloop
  endfacet
  facet normal 0 0 1
    outer loop
      vertex 15.1334 -13.5044 4.4
      vertex 14.5503 -14.718 4.4
      vertex 14.5944 -14.6783 4.4
    endloop
  endfacet
  facet normal 0 0 1
    outer loop
      vertex 15.1334 -13.5044 4.4
      vertex 14.5049 -14.7562 4.4
      vertex 14.5503 -14.718 4.4
    endloop
  endfacet
  facet normal 0 0 1
    outer loop
      vertex 15.1334 -13.5044 4.4
      vertex 14.4581 -14.7927 4.4
      vertex 14.5049 -14.7562 4.4
    endloop
  endfacet
  facet normal 0 0 1
    outer loop
      vertex 15.1334 -13.5044 4.4
      vertex 14.4101 -14.8276 4.4
      vertex 14.4581 -14.7927 4.4
    endloop
  endfacet
  facet normal 0 0 1
    outer loop
      vertex 15.1334 -13.5044 4.4
      vertex 14.3609 -14.8608 4.4
      vertex 14.4101 -14.8276 4.4
    endloop
  endfacet
  facet normal 0 0 1
    outer loop
      vertex 15.1334 -13.5044 4.4
      vertex 14.3106 -14.8922 4.4
      vertex 14.3609 -14.8608 4.4
    endloop
  endfacet
  facet normal 0 0 1
    outer loop
      vertex 15.1334 -13.5044 4.4
      vertex 14.2592 -14.9219 4.4
      vertex 14.3106 -14.8922 4.4
    endloop
  endfacet
  facet normal 0 0 1
    outer loop
      vertex 15.1334 -13.5044 4.4
      vertex 14.2068 -14.9497 4.4
      vertex 14.2592 -14.9219 4.4
    endloop
  endfacet
  facet normal 0 0 1
    outer loop
      vertex 15.1334 -13.5044 4.4
      vertex 14.1535 -14.9758 4.4
      vertex 14.2068 -14.9497 4.4
    endloop
  endfacet
  facet normal 0 0 1
    outer loop
      vertex 15.1334 -13.5044 4.4
      vertex 14.0993 -14.9999 4.4
      vertex 14.1535 -14.9758 4.4
    endloop
  endfacet
  facet normal 0 0 1
    outer loop
      vertex 15.1334 -13.5044 4.4
      vertex 14.0443 -15.0221 4.4
      vertex 14.0993 -14.9999 4.4
    endloop
  endfacet
  facet normal 0 0 1
    outer loop
      vertex 15.1334 -13.5044 4.4
      vertex 13.9885 -15.0424 4.4
      vertex 14.0443 -15.0221 4.4
    endloop
  endfacet
  facet normal 0 0 1
    outer loop
      vertex 15.1334 -13.5044 4.4
      vertex 13.9321 -15.0607 4.4
      vertex 13.9885 -15.0424 4.4
    endloop
  endfacet
  facet normal 0 0 1
    outer loop
      vertex 15.1334 -13.5044 4.4
      vertex 13.875 -15.0771 4.4
      vertex 13.9321 -15.0607 4.4
    endloop
  endfacet
  facet normal 0 0 1
    outer loop
      vertex 15.1334 -13.5044 4.4
      vertex 13.8174 -15.0915 4.4
      vertex 13.875 -15.0771 4.4
    endloop
  endfacet
  facet normal 0 0 1
    outer loop
      vertex 15.1334 -13.5044 4.4
      vertex 13.7594 -15.1038 4.4
      vertex 13.8174 -15.0915 4.4
    endloop
  endfacet
  facet normal 0 0 1
    outer loop
      vertex 15.1334 -13.5044 4.4
      vertex 13.701 -15.1141 4.4
      vertex 13.7594 -15.1038 4.4
    endloop
  endfacet
  facet normal 0 0 1
    outer loop
      vertex 15.1334 -13.5044 4.4
      vertex 13.6422 -15.1224 4.4
      vertex 13.701 -15.1141 4.4
    endloop
  endfacet
  facet normal 0 0 1
    outer loop
      vertex 15.1334 -13.5044 4.4
      vertex 13.5832 -15.1286 4.4
      vertex 13.6422 -15.1224 4.4
    endloop
  endfacet
  facet normal 0 0 1
    outer loop
      vertex 13.5044 -15.1334 4.4
      vertex 13.5832 -15.1286 4.4
      vertex 15.1334 -13.5044 4.4
    endloop
  endfacet
  facet normal 0 0 1
    outer loop
      vertex 13.5832 -15.1286 4.4
      vertex 13.5044 -15.1334 4.4
      vertex 13.524 -15.1327 4.4
    endloop
  endfacet
  facet normal 0.707107 -0.707107 0
    outer loop
      vertex -16.9706 -11.6673 4.4
      vertex -7.03888 -1.73558 0
      vertex -7.03888 -1.73558 4.4
    endloop
  endfacet
  facet normal 0.707107 -0.707107 0
    outer loop
      vertex -7.03888 -1.73558 0
      vertex -16.9706 -11.6673 4.4
      vertex -16.9706 -11.6673 0
    endloop
  endfacet
  facet normal -0.707107 0.707107 0
    outer loop
      vertex -1.73558 -7.03888 0
      vertex -11.6673 -16.9706 4.4
      vertex -1.73558 -7.03888 4.4
    endloop
  endfacet
  facet normal -0.707107 0.707107 0
    outer loop
      vertex -11.6673 -16.9706 4.4
      vertex -1.73558 -7.03888 0
      vertex -11.6673 -16.9706 0
    endloop
  endfacet
  facet normal -0.707088 0.707126 0
    outer loop
      vertex 16.9706 -11.6673 0
      vertex 15.1334 -13.5044 4.4
      vertex 16.9706 -11.6673 4.4
    endloop
  endfacet
  facet normal -0.707107 0.707107 -1.60706e-05
    outer loop
      vertex 16.9706 -11.6673 0
      vertex 13.5044 -15.1334 4.4
      vertex 15.1334 -13.5044 4.4
    endloop
  endfacet
  facet normal -0.707107 0.707107 -1.60706e-05
    outer loop
      vertex 11.6673 -16.9706 0
      vertex 13.5044 -15.1334 4.4
      vertex 16.9706 -11.6673 0
    endloop
  endfacet
  facet normal -0.707126 0.707088 0
    outer loop
      vertex 13.5044 -15.1334 4.4
      vertex 11.6673 -16.9706 0
      vertex 11.6673 -16.9706 4.4
    endloop
  endfacet
  facet normal -0.707107 -0.707107 0
    outer loop
      vertex 16.9706 -11.6673 0
      vertex 7.03888 -1.73558 4.4
      vertex 7.03888 -1.73558 0
    endloop
  endfacet
  facet normal -0.707107 -0.707107 0
    outer loop
      vertex 7.03888 -1.73558 4.4
      vertex 16.9706 -11.6673 0
      vertex 16.9706 -11.6673 4.4
    endloop
  endfacet
  facet normal 0.707107 0.707107 -0
    outer loop
      vertex 11.6673 -16.9706 0
      vertex 1.73558 -7.03888 4.4
      vertex 11.6673 -16.9706 4.4
    endloop
  endfacet
  facet normal 0.707107 0.707107 0
    outer loop
      vertex 1.73558 -7.03888 4.4
      vertex 11.6673 -16.9706 0
      vertex 1.73558 -7.03888 0
    endloop
  endfacet
  facet normal -0.707108 0.707105 0
    outer loop
      vertex -12.2329 -14.6371 4.4
      vertex -4.45477 -6.85894 19.5
      vertex -4.45477 -6.85894 4.4
    endloop
  endfacet
  facet normal -0.707108 0.707105 0
    outer loop
      vertex -4.45477 -6.85894 19.5
      vertex -12.2329 -14.6371 4.4
      vertex -12.2329 -14.6371 19.5
    endloop
  endfacet
  facet normal 0.787896 -0.615808 0
    outer loop
      vertex -14.7927 -12.4119 19.5
      vertex -14.7562 -12.3652 4.4
      vertex -14.7562 -12.3652 19.5
    endloop
  endfacet
  facet normal 0.787896 -0.615808 0
    outer loop
      vertex -14.7562 -12.3652 4.4
      vertex -14.7927 -12.4119 19.5
      vertex -14.7927 -12.4119 4.4
    endloop
  endfacet
  facet normal -0.76602 0.642817 0
    outer loop
      vertex -4.37385 -6.77215 4.4
      vertex -4.33571 -6.7267 19.5
      vertex -4.33571 -6.7267 4.4
    endloop
  endfacet
  facet normal -0.76602 0.642817 0
    outer loop
      vertex -4.33571 -6.7267 19.5
      vertex -4.37385 -6.77215 4.4
      vertex -4.37385 -6.77215 19.5
    endloop
  endfacet
  facet normal 0.468662 0.883378 -0
    outer loop
      vertex -14.2068 -14.9497 4.4
      vertex -14.2592 -14.9219 19.5
      vertex -14.2068 -14.9497 19.5
    endloop
  endfacet
  facet normal 0.468662 0.883378 0
    outer loop
      vertex -14.2592 -14.9219 19.5
      vertex -14.2068 -14.9497 4.4
      vertex -14.2592 -14.9219 4.4
    endloop
  endfacet
  facet normal 0.139771 0.990184 -0
    outer loop
      vertex -13.6422 -15.1224 4.4
      vertex -13.701 -15.1141 19.5
      vertex -13.6422 -15.1224 19.5
    endloop
  endfacet
  facet normal 0.139771 0.990184 0
    outer loop
      vertex -13.701 -15.1141 19.5
      vertex -13.6422 -15.1224 4.4
      vertex -13.701 -15.1141 4.4
    endloop
  endfacet
  facet normal 0.707105 -0.707108 0
    outer loop
      vertex -14.6371 -12.2329 19.5
      vertex -6.85894 -4.45477 4.4
      vertex -6.85894 -4.45477 19.5
    endloop
  endfacet
  facet normal 0.707105 -0.707108 0
    outer loop
      vertex -6.85894 -4.45477 4.4
      vertex -14.6371 -12.2329 19.5
      vertex -14.6371 -12.2329 4.4
    endloop
  endfacet
  facet normal 0.469521 -0.882921 0
    outer loop
      vertex -6.48103 -4.17 4.4
      vertex -6.42864 -4.14214 19.5
      vertex -6.48103 -4.17 19.5
    endloop
  endfacet
  facet normal 0.469521 -0.882921 0
    outer loop
      vertex -6.42864 -4.14214 19.5
      vertex -6.48103 -4.17 4.4
      vertex -6.42864 -4.14214 4.4
    endloop
  endfacet
  facet normal 0.765871 -0.642995 0
    outer loop
      vertex -14.7562 -12.3652 19.5
      vertex -14.718 -12.3197 4.4
      vertex -14.718 -12.3197 19.5
    endloop
  endfacet
  facet normal 0.765871 -0.642995 0
    outer loop
      vertex -14.718 -12.3197 4.4
      vertex -14.7562 -12.3652 19.5
      vertex -14.7562 -12.3652 4.4
    endloop
  endfacet
  facet normal -0.787953 0.615736 0
    outer loop
      vertex -4.33571 -6.7267 4.4
      vertex -4.29917 -6.67994 19.5
      vertex -4.29917 -6.67994 4.4
    endloop
  endfacet
  facet normal -0.787953 0.615736 0
    outer loop
      vertex -4.29917 -6.67994 19.5
      vertex -4.33571 -6.7267 4.4
      vertex -4.33571 -6.7267 19.5
    endloop
  endfacet
  facet normal -0.74321 0.669058 0
    outer loop
      vertex -4.41355 -6.81625 4.4
      vertex -4.37385 -6.77215 19.5
      vertex -4.37385 -6.77215 4.4
    endloop
  endfacet
  facet normal -0.74321 0.669058 0
    outer loop
      vertex -4.37385 -6.77215 19.5
      vertex -4.41355 -6.81625 4.4
      vertex -4.41355 -6.81625 19.5
    endloop
  endfacet
  facet normal -0.719384 0.694613 0
    outer loop
      vertex -4.45477 -6.85894 4.4
      vertex -4.41355 -6.81625 19.5
      vertex -4.41355 -6.81625 4.4
    endloop
  endfacet
  facet normal -0.719384 0.694613 0
    outer loop
      vertex -4.41355 -6.81625 19.5
      vertex -4.45477 -6.85894 4.4
      vertex -4.45477 -6.85894 19.5
    endloop
  endfacet
  facet normal -0.104509 0.994524 0
    outer loop
      vertex -13.2279 -15.1224 4.4
      vertex -13.2869 -15.1286 19.5
      vertex -13.2279 -15.1224 19.5
    endloop
  endfacet
  facet normal -0.104509 0.994524 0
    outer loop
      vertex -13.2869 -15.1286 19.5
      vertex -13.2279 -15.1224 4.4
      vertex -13.2869 -15.1286 4.4
    endloop
  endfacet
  facet normal -0.669058 0.74321 0
    outer loop
      vertex -12.2756 -14.6783 4.4
      vertex -12.3197 -14.718 19.5
      vertex -12.2756 -14.6783 19.5
    endloop
  endfacet
  facet normal -0.669058 0.74321 0
    outer loop
      vertex -12.3197 -14.718 19.5
      vertex -12.2756 -14.6783 4.4
      vertex -12.3197 -14.718 4.4
    endloop
  endfacet
  facet normal -0.500306 0.865849 0
    outer loop
      vertex -12.5595 -14.8922 4.4
      vertex -12.6109 -14.9219 19.5
      vertex -12.5595 -14.8922 19.5
    endloop
  endfacet
  facet normal -0.500306 0.865849 0
    outer loop
      vertex -12.6109 -14.9219 19.5
      vertex -12.5595 -14.8922 4.4
      vertex -12.6109 -14.9219 4.4
    endloop
  endfacet
  facet normal -0.341878 0.939744 0
    outer loop
      vertex -12.8258 -15.0221 4.4
      vertex -12.8816 -15.0424 19.5
      vertex -12.8258 -15.0221 19.5
    endloop
  endfacet
  facet normal -0.341878 0.939744 0
    outer loop
      vertex -12.8816 -15.0424 19.5
      vertex -12.8258 -15.0221 4.4
      vertex -12.8816 -15.0424 4.4
    endloop
  endfacet
  facet normal 0.241924 -0.970295 0
    outer loop
      vertex -6.09685 -4.01478 4.4
      vertex -6.04455 -4.00174 19.5
      vertex -6.09685 -4.01478 19.5
    endloop
  endfacet
  facet normal 0.241924 -0.970295 0
    outer loop
      vertex -6.04455 -4.00174 19.5
      vertex -6.09685 -4.01478 4.4
      vertex -6.04455 -4.00174 4.4
    endloop
  endfacet
  facet normal 0.5 -0.866026 0
    outer loop
      vertex -6.53242 -4.19967 4.4
      vertex -6.48103 -4.17 19.5
      vertex -6.53242 -4.19967 19.5
    endloop
  endfacet
  facet normal 0.5 -0.866026 0
    outer loop
      vertex -6.48103 -4.17 19.5
      vertex -6.53242 -4.19967 4.4
      vertex -6.48103 -4.17 4.4
    endloop
  endfacet
  facet normal 0.615736 -0.787953 0
    outer loop
      vertex -6.7267 -4.33571 4.4
      vertex -6.67994 -4.29917 19.5
      vertex -6.7267 -4.33571 19.5
    endloop
  endfacet
  facet normal 0.615736 -0.787953 0
    outer loop
      vertex -6.67994 -4.29917 19.5
      vertex -6.7267 -4.33571 4.4
      vertex -6.67994 -4.29917 4.4
    endloop
  endfacet
  facet normal 0.719634 -0.694354 0
    outer loop
      vertex -14.6783 -12.2756 19.5
      vertex -14.6371 -12.2329 4.4
      vertex -14.6371 -12.2329 19.5
    endloop
  endfacet
  facet normal 0.719634 -0.694354 0
    outer loop
      vertex -14.6371 -12.2329 4.4
      vertex -14.6783 -12.2756 19.5
      vertex -14.6783 -12.2756 4.4
    endloop
  endfacet
  facet normal 0.74321 -0.669058 0
    outer loop
      vertex -14.718 -12.3197 19.5
      vertex -14.6783 -12.2756 4.4
      vertex -14.6783 -12.2756 19.5
    endloop
  endfacet
  facet normal 0.74321 -0.669058 0
    outer loop
      vertex -14.6783 -12.2756 4.4
      vertex -14.718 -12.3197 19.5
      vertex -14.718 -12.3197 4.4
    endloop
  endfacet
  facet normal 0.939744 0.341878 0
    outer loop
      vertex -15.0221 -14.0443 19.5
      vertex -15.0424 -13.9885 4.4
      vertex -15.0424 -13.9885 19.5
    endloop
  endfacet
  facet normal 0.939744 0.341878 0
    outer loop
      vertex -15.0424 -13.9885 4.4
      vertex -15.0221 -14.0443 19.5
      vertex -15.0221 -14.0443 4.4
    endloop
  endfacet
  facet normal 0.984801 0.173689 0
    outer loop
      vertex -15.1038 -13.7594 19.5
      vertex -15.1141 -13.701 4.4
      vertex -15.1141 -13.701 19.5
    endloop
  endfacet
  facet normal 0.984801 0.173689 0
    outer loop
      vertex -15.1141 -13.701 4.4
      vertex -15.1038 -13.7594 19.5
      vertex -15.1038 -13.7594 4.4
    endloop
  endfacet
  facet normal 0.865849 0.500306 0
    outer loop
      vertex -14.8922 -14.3106 19.5
      vertex -14.9219 -14.2592 4.4
      vertex -14.9219 -14.2592 19.5
    endloop
  endfacet
  facet normal 0.865849 0.500306 0
    outer loop
      vertex -14.9219 -14.2592 4.4
      vertex -14.8922 -14.3106 19.5
      vertex -14.8922 -14.3106 4.4
    endloop
  endfacet
  facet normal 0.883006 -0.469361 0
    outer loop
      vertex -14.9497 -12.6632 19.5
      vertex -14.9219 -12.6109 4.4
      vertex -14.9219 -12.6109 19.5
    endloop
  endfacet
  facet normal 0.883006 -0.469361 0
    outer loop
      vertex -14.9219 -12.6109 4.4
      vertex -14.9497 -12.6632 19.5
      vertex -14.9497 -12.6632 4.4
    endloop
  endfacet
  facet normal -0.898799 0.438361 0
    outer loop
      vertex -4.14214 -6.42864 4.4
      vertex -4.11613 -6.37531 19.5
      vertex -4.11613 -6.37531 4.4
    endloop
  endfacet
  facet normal -0.898799 0.438361 0
    outer loop
      vertex -4.11613 -6.37531 19.5
      vertex -4.14214 -6.42864 4.4
      vertex -4.14214 -6.42864 19.5
    endloop
  endfacet
  facet normal -0.615808 0.787896 0
    outer loop
      vertex -12.3652 -14.7562 4.4
      vertex -12.4119 -14.7927 19.5
      vertex -12.3652 -14.7562 19.5
    endloop
  endfacet
  facet normal -0.615808 0.787896 0
    outer loop
      vertex -12.4119 -14.7927 19.5
      vertex -12.3652 -14.7562 4.4
      vertex -12.4119 -14.7927 4.4
    endloop
  endfacet
  facet normal -0.588072 0.808809 0
    outer loop
      vertex -12.4119 -14.7927 4.4
      vertex -12.4599 -14.8276 19.5
      vertex -12.4119 -14.7927 19.5
    endloop
  endfacet
  facet normal -0.588072 0.808809 0
    outer loop
      vertex -12.4599 -14.8276 19.5
      vertex -12.4119 -14.7927 4.4
      vertex -12.4599 -14.8276 4.4
    endloop
  endfacet
  facet normal -0.642995 0.765871 0
    outer loop
      vertex -12.3197 -14.718 4.4
      vertex -12.3652 -14.7562 19.5
      vertex -12.3197 -14.718 19.5
    endloop
  endfacet
  facet normal -0.642995 0.765871 0
    outer loop
      vertex -12.3652 -14.7562 19.5
      vertex -12.3197 -14.718 4.4
      vertex -12.3652 -14.7562 4.4
    endloop
  endfacet
  facet normal -0.469361 0.883006 0
    outer loop
      vertex -12.6109 -14.9219 4.4
      vertex -12.6632 -14.9497 19.5
      vertex -12.6109 -14.9219 19.5
    endloop
  endfacet
  facet normal -0.469361 0.883006 0
    outer loop
      vertex -12.6632 -14.9497 19.5
      vertex -12.6109 -14.9219 4.4
      vertex -12.6632 -14.9497 4.4
    endloop
  endfacet
  facet normal -0.0690913 0.99761 0
    outer loop
      vertex -13.2869 -15.1286 4.4
      vertex -13.3461 -15.1327 19.5
      vertex -13.2869 -15.1286 19.5
    endloop
  endfacet
  facet normal -0.0690913 0.99761 0
    outer loop
      vertex -13.3461 -15.1327 19.5
      vertex -13.2869 -15.1286 4.4
      vertex -13.3461 -15.1327 4.4
    endloop
  endfacet
  facet normal -0.308628 0.951183 0
    outer loop
      vertex -12.8816 -15.0424 4.4
      vertex -12.938 -15.0607 19.5
      vertex -12.8816 -15.0424 19.5
    endloop
  endfacet
  facet normal -0.308628 0.951183 0
    outer loop
      vertex -12.938 -15.0607 19.5
      vertex -12.8816 -15.0424 4.4
      vertex -12.938 -15.0607 4.4
    endloop
  endfacet
  facet normal -0.276502 0.961013 0
    outer loop
      vertex -12.938 -15.0607 4.4
      vertex -12.995 -15.0771 19.5
      vertex -12.938 -15.0607 19.5
    endloop
  endfacet
  facet normal -0.276502 0.961013 0
    outer loop
      vertex -12.995 -15.0771 19.5
      vertex -12.938 -15.0607 4.4
      vertex -12.995 -15.0771 4.4
    endloop
  endfacet
  facet normal 0.643824 0.765173 -0
    outer loop
      vertex -14.5049 -14.7562 4.4
      vertex -14.5503 -14.718 19.5
      vertex -14.5049 -14.7562 19.5
    endloop
  endfacet
  facet normal 0.643824 0.765173 0
    outer loop
      vertex -14.5503 -14.718 19.5
      vertex -14.5049 -14.7562 4.4
      vertex -14.5503 -14.718 4.4
    endloop
  endfacet
  facet normal 0.694613 -0.719384 0
    outer loop
      vertex -6.85894 -4.45477 4.4
      vertex -6.81625 -4.41355 19.5
      vertex -6.85894 -4.45477 19.5
    endloop
  endfacet
  facet normal 0.694613 -0.719384 0
    outer loop
      vertex -6.81625 -4.41355 19.5
      vertex -6.85894 -4.45477 4.4
      vertex -6.81625 -4.41355 4.4
    endloop
  endfacet
  facet normal 0.529878 -0.848074 0
    outer loop
      vertex -6.58274 -4.23111 4.4
      vertex -6.53242 -4.19967 19.5
      vertex -6.58274 -4.23111 19.5
    endloop
  endfacet
  facet normal 0.529878 -0.848074 0
    outer loop
      vertex -6.53242 -4.19967 19.5
      vertex -6.58274 -4.23111 4.4
      vertex -6.53242 -4.19967 4.4
    endloop
  endfacet
  facet normal 0.559319 -0.828952 0
    outer loop
      vertex -6.63193 -4.2643 4.4
      vertex -6.58274 -4.23111 19.5
      vertex -6.63193 -4.2643 19.5
    endloop
  endfacet
  facet normal 0.559319 -0.828952 0
    outer loop
      vertex -6.58274 -4.23111 19.5
      vertex -6.63193 -4.2643 4.4
      vertex -6.58274 -4.23111 4.4
    endloop
  endfacet
  facet normal 0.669058 -0.74321 0
    outer loop
      vertex -6.81625 -4.41355 4.4
      vertex -6.77215 -4.37385 19.5
      vertex -6.81625 -4.41355 19.5
    endloop
  endfacet
  facet normal 0.669058 -0.74321 0
    outer loop
      vertex -6.77215 -4.37385 19.5
      vertex -6.81625 -4.41355 4.4
      vertex -6.77215 -4.37385 4.4
    endloop
  endfacet
  facet normal 0.99761 0.0690913 0
    outer loop
      vertex -15.1286 -13.5832 19.5
      vertex -15.1327 -13.524 4.4
      vertex -15.1327 -13.524 19.5
    endloop
  endfacet
  facet normal 0.99761 0.0690913 0
    outer loop
      vertex -15.1327 -13.524 4.4
      vertex -15.1286 -13.5832 19.5
      vertex -15.1286 -13.5832 4.4
    endloop
  endfacet
  facet normal 0.927309 0.374296 0
    outer loop
      vertex -14.9999 -14.0993 19.5
      vertex -15.0221 -14.0443 4.4
      vertex -15.0221 -14.0443 19.5
    endloop
  endfacet
  facet normal 0.927309 0.374296 0
    outer loop
      vertex -15.0221 -14.0443 4.4
      vertex -14.9999 -14.0993 19.5
      vertex -14.9999 -14.0993 4.4
    endloop
  endfacet
  facet normal 0.828927 0.559357 0
    outer loop
      vertex -14.8276 -14.4101 19.5
      vertex -14.8608 -14.3609 4.4
      vertex -14.8608 -14.3609 19.5
    endloop
  endfacet
  facet normal 0.828927 0.559357 0
    outer loop
      vertex -14.8608 -14.3609 4.4
      vertex -14.8276 -14.4101 19.5
      vertex -14.8276 -14.4101 4.4
    endloop
  endfacet
  facet normal 0.765173 0.643824 0
    outer loop
      vertex -14.718 -14.5503 19.5
      vertex -14.7562 -14.5049 4.4
      vertex -14.7562 -14.5049 19.5
    endloop
  endfacet
  facet normal 0.765173 0.643824 0
    outer loop
      vertex -14.7562 -14.5049 4.4
      vertex -14.718 -14.5503 19.5
      vertex -14.718 -14.5503 4.4
    endloop
  endfacet
  facet normal 0.719634 0.694354 0
    outer loop
      vertex -14.6371 -14.6371 19.5
      vertex -14.6783 -14.5944 4.4
      vertex -14.6783 -14.5944 19.5
    endloop
  endfacet
  facet normal 0.719634 0.694354 0
    outer loop
      vertex -14.6783 -14.5944 4.4
      vertex -14.6371 -14.6371 19.5
      vertex -14.6371 -14.6371 4.4
    endloop
  endfacet
  facet normal 0.990184 -0.139771 0
    outer loop
      vertex -15.1224 -13.2279 19.5
      vertex -15.1141 -13.1691 4.4
      vertex -15.1141 -13.1691 19.5
    endloop
  endfacet
  facet normal 0.990184 -0.139771 0
    outer loop
      vertex -15.1141 -13.1691 4.4
      vertex -15.1224 -13.2279 19.5
      vertex -15.1224 -13.2279 4.4
    endloop
  endfacet
  facet normal 0.999379 0.0352426 0
    outer loop
      vertex -15.1348 -13.4647 19.5
      vertex -15.1334 -13.5044 4.4
      vertex -15.1348 -13.4647 4.4
    endloop
  endfacet
  facet normal 0.999374 0.035391 -3.90629e-07
    outer loop
      vertex -15.1327 -13.524 19.5
      vertex -15.1334 -13.5044 4.4
      vertex -15.1348 -13.4647 19.5
    endloop
  endfacet
  facet normal 0.999363 0.0356915 0
    outer loop
      vertex -15.1334 -13.5044 4.4
      vertex -15.1327 -13.524 19.5
      vertex -15.1327 -13.524 4.4
    endloop
  endfacet
  facet normal 0.927309 -0.374296 0
    outer loop
      vertex -15.0221 -12.8258 19.5
      vertex -14.9999 -12.7708 4.4
      vertex -14.9999 -12.7708 19.5
    endloop
  endfacet
  facet normal 0.927309 -0.374296 0
    outer loop
      vertex -14.9999 -12.7708 4.4
      vertex -15.0221 -12.8258 19.5
      vertex -15.0221 -12.8258 4.4
    endloop
  endfacet
  facet normal -0.809108 0.587661 0
    outer loop
      vertex -4.29917 -6.67994 4.4
      vertex -4.2643 -6.63193 19.5
      vertex -4.2643 -6.63193 4.4
    endloop
  endfacet
  facet normal -0.809108 0.587661 0
    outer loop
      vertex -4.2643 -6.63193 19.5
      vertex -4.29917 -6.67994 4.4
      vertex -4.29917 -6.67994 19.5
    endloop
  endfacet
  facet normal 0.694354 0.719634 -0
    outer loop
      vertex -14.5944 -14.6783 4.4
      vertex -14.6371 -14.6371 19.5
      vertex -14.5944 -14.6783 19.5
    endloop
  endfacet
  facet normal 0.694354 0.719634 0
    outer loop
      vertex -14.6371 -14.6371 19.5
      vertex -14.5944 -14.6783 4.4
      vertex -14.6371 -14.6371 4.4
    endloop
  endfacet
  facet normal -0.694354 0.719634 0
    outer loop
      vertex -12.2329 -14.6371 4.4
      vertex -12.2756 -14.6783 19.5
      vertex -12.2329 -14.6371 19.5
    endloop
  endfacet
  facet normal -0.694354 0.719634 0
    outer loop
      vertex -12.2756 -14.6783 19.5
      vertex -12.2329 -14.6371 4.4
      vertex -12.2756 -14.6783 4.4
    endloop
  endfacet
  facet normal 0 1 -0
    outer loop
      vertex -13.4054 -15.1348 4.4
      vertex -13.4647 -15.1348 19.5
      vertex -13.4054 -15.1348 19.5
    endloop
  endfacet
  facet normal 0 1 0
    outer loop
      vertex -13.4647 -15.1348 19.5
      vertex -13.4054 -15.1348 4.4
      vertex -13.4647 -15.1348 4.4
    endloop
  endfacet
  facet normal -0.406295 0.913742 0
    outer loop
      vertex -12.7166 -14.9758 4.4
      vertex -12.7708 -14.9999 19.5
      vertex -12.7166 -14.9758 19.5
    endloop
  endfacet
  facet normal -0.406295 0.913742 0
    outer loop
      vertex -12.7708 -14.9999 19.5
      vertex -12.7166 -14.9758 4.4
      vertex -12.7708 -14.9999 4.4
    endloop
  endfacet
  facet normal -0.559357 0.828927 0
    outer loop
      vertex -12.4599 -14.8276 4.4
      vertex -12.5091 -14.8608 19.5
      vertex -12.4599 -14.8276 19.5
    endloop
  endfacet
  facet normal -0.559357 0.828927 0
    outer loop
      vertex -12.5091 -14.8608 19.5
      vertex -12.4599 -14.8276 4.4
      vertex -12.5091 -14.8608 4.4
    endloop
  endfacet
  facet normal -0.528787 0.848754 0
    outer loop
      vertex -12.5091 -14.8608 4.4
      vertex -12.5595 -14.8922 19.5
      vertex -12.5091 -14.8608 19.5
    endloop
  endfacet
  facet normal -0.528787 0.848754 0
    outer loop
      vertex -12.5595 -14.8922 19.5
      vertex -12.5091 -14.8608 4.4
      vertex -12.5595 -14.8922 4.4
    endloop
  endfacet
  facet normal -0.173689 0.984801 0
    outer loop
      vertex -13.1107 -15.1038 4.4
      vertex -13.1691 -15.1141 19.5
      vertex -13.1107 -15.1038 19.5
    endloop
  endfacet
  facet normal -0.173689 0.984801 0
    outer loop
      vertex -13.1691 -15.1141 19.5
      vertex -13.1107 -15.1038 4.4
      vertex -13.1691 -15.1141 4.4
    endloop
  endfacet
  facet normal -0.374296 0.927309 0
    outer loop
      vertex -12.7708 -14.9999 4.4
      vertex -12.8258 -15.0221 19.5
      vertex -12.7708 -14.9999 19.5
    endloop
  endfacet
  facet normal -0.374296 0.927309 0
    outer loop
      vertex -12.8258 -15.0221 19.5
      vertex -12.7708 -14.9999 4.4
      vertex -12.8258 -15.0221 4.4
    endloop
  endfacet
  facet normal -0.207114 0.978317 0
    outer loop
      vertex -13.0526 -15.0915 4.4
      vertex -13.1107 -15.1038 19.5
      vertex -13.0526 -15.0915 19.5
    endloop
  endfacet
  facet normal -0.207114 0.978317 0
    outer loop
      vertex -13.1107 -15.1038 19.5
      vertex -13.0526 -15.0915 4.4
      vertex -13.1107 -15.1038 4.4
    endloop
  endfacet
  facet normal 0.308628 0.951183 -0
    outer loop
      vertex -13.9321 -15.0607 4.4
      vertex -13.9885 -15.0424 19.5
      vertex -13.9321 -15.0607 19.5
    endloop
  endfacet
  facet normal 0.308628 0.951183 0
    outer loop
      vertex -13.9885 -15.0424 19.5
      vertex -13.9321 -15.0607 4.4
      vertex -13.9885 -15.0424 4.4
    endloop
  endfacet
  facet normal 0.406295 0.913742 -0
    outer loop
      vertex -14.0993 -14.9999 4.4
      vertex -14.1535 -14.9758 19.5
      vertex -14.0993 -14.9999 19.5
    endloop
  endfacet
  facet normal 0.406295 0.913742 0
    outer loop
      vertex -14.1535 -14.9758 19.5
      vertex -14.0993 -14.9999 4.4
      vertex -14.1535 -14.9758 4.4
    endloop
  endfacet
  facet normal 0.559357 0.828927 -0
    outer loop
      vertex -14.3609 -14.8608 4.4
      vertex -14.4101 -14.8276 19.5
      vertex -14.3609 -14.8608 19.5
    endloop
  endfacet
  facet normal 0.559357 0.828927 0
    outer loop
      vertex -14.4101 -14.8276 19.5
      vertex -14.3609 -14.8608 4.4
      vertex -14.4101 -14.8276 4.4
    endloop
  endfacet
  facet normal 0.439784 0.898103 -0
    outer loop
      vertex -14.1535 -14.9758 4.4
      vertex -14.2068 -14.9497 19.5
      vertex -14.1535 -14.9758 19.5
    endloop
  endfacet
  facet normal 0.439784 0.898103 0
    outer loop
      vertex -14.2068 -14.9497 19.5
      vertex -14.1535 -14.9758 4.4
      vertex -14.2068 -14.9497 4.4
    endloop
  endfacet
  facet normal 0.588072 0.808809 -0
    outer loop
      vertex -14.4101 -14.8276 4.4
      vertex -14.4581 -14.7927 19.5
      vertex -14.4101 -14.8276 19.5
    endloop
  endfacet
  facet normal 0.588072 0.808809 0
    outer loop
      vertex -14.4581 -14.7927 19.5
      vertex -14.4101 -14.8276 4.4
      vertex -14.4581 -14.7927 4.4
    endloop
  endfacet
  facet normal 0.61499 0.788535 -0
    outer loop
      vertex -14.4581 -14.7927 4.4
      vertex -14.5049 -14.7562 19.5
      vertex -14.4581 -14.7927 19.5
    endloop
  endfacet
  facet normal 0.61499 0.788535 0
    outer loop
      vertex -14.5049 -14.7562 19.5
      vertex -14.4581 -14.7927 4.4
      vertex -14.5049 -14.7562 4.4
    endloop
  endfacet
  facet normal 0.308937 -0.951082 0
    outer loop
      vertex -6.21032 -4.04947 4.4
      vertex -6.15389 -4.03114 19.5
      vertex -6.21032 -4.04947 19.5
    endloop
  endfacet
  facet normal 0.308937 -0.951082 0
    outer loop
      vertex -6.15389 -4.03114 19.5
      vertex -6.21032 -4.04947 4.4
      vertex -6.15389 -4.03114 4.4
    endloop
  endfacet
  facet normal 0.374614 -0.927181 0
    outer loop
      vertex -6.3211 -4.092 4.4
      vertex -6.26608 -4.06977 19.5
      vertex -6.3211 -4.092 19.5
    endloop
  endfacet
  facet normal 0.374614 -0.927181 0
    outer loop
      vertex -6.26608 -4.06977 19.5
      vertex -6.3211 -4.092 4.4
      vertex -6.26608 -4.06977 4.4
    endloop
  endfacet
  facet normal 0.342095 -0.939665 0
    outer loop
      vertex -6.26608 -4.06977 4.4
      vertex -6.21032 -4.04947 19.5
      vertex -6.26608 -4.06977 19.5
    endloop
  endfacet
  facet normal 0.342095 -0.939665 0
    outer loop
      vertex -6.21032 -4.04947 19.5
      vertex -6.26608 -4.06977 4.4
      vertex -6.21032 -4.04947 4.4
    endloop
  endfacet
  facet normal 0.406654 -0.913582 0
    outer loop
      vertex -6.37531 -4.11613 4.4
      vertex -6.3211 -4.092 19.5
      vertex -6.37531 -4.11613 19.5
    endloop
  endfacet
  facet normal 0.406654 -0.913582 0
    outer loop
      vertex -6.3211 -4.092 19.5
      vertex -6.37531 -4.11613 4.4
      vertex -6.3211 -4.092 4.4
    endloop
  endfacet
  facet normal 0.438361 -0.898799 0
    outer loop
      vertex -6.42864 -4.14214 4.4
      vertex -6.37531 -4.11613 19.5
      vertex -6.42864 -4.14214 19.5
    endloop
  endfacet
  facet normal 0.438361 -0.898799 0
    outer loop
      vertex -6.37531 -4.11613 19.5
      vertex -6.42864 -4.14214 4.4
      vertex -6.37531 -4.11613 4.4
    endloop
  endfacet
  facet normal 0.587661 -0.809108 0
    outer loop
      vertex -6.67994 -4.29917 4.4
      vertex -6.63193 -4.2643 19.5
      vertex -6.67994 -4.29917 19.5
    endloop
  endfacet
  facet normal 0.587661 -0.809108 0
    outer loop
      vertex -6.63193 -4.2643 19.5
      vertex -6.67994 -4.29917 4.4
      vertex -6.63193 -4.2643 4.4
    endloop
  endfacet
  facet normal 0.642817 -0.76602 0
    outer loop
      vertex -6.77215 -4.37385 4.4
      vertex -6.7267 -4.33571 19.5
      vertex -6.77215 -4.37385 19.5
    endloop
  endfacet
  facet normal 0.642817 -0.76602 0
    outer loop
      vertex -6.7267 -4.33571 19.5
      vertex -6.77215 -4.37385 4.4
      vertex -6.7267 -4.33571 4.4
    endloop
  endfacet
  facet normal 0.994524 0.104509 0
    outer loop
      vertex -15.1224 -13.6422 19.5
      vertex -15.1286 -13.5832 4.4
      vertex -15.1286 -13.5832 19.5
    endloop
  endfacet
  facet normal 0.994524 0.104509 0
    outer loop
      vertex -15.1286 -13.5832 4.4
      vertex -15.1224 -13.6422 19.5
      vertex -15.1224 -13.6422 4.4
    endloop
  endfacet
  facet normal 0.913742 0.406295 0
    outer loop
      vertex -14.9758 -14.1535 19.5
      vertex -14.9999 -14.0993 4.4
      vertex -14.9999 -14.0993 19.5
    endloop
  endfacet
  facet normal 0.913742 0.406295 0
    outer loop
      vertex -14.9999 -14.0993 4.4
      vertex -14.9758 -14.1535 19.5
      vertex -14.9758 -14.1535 4.4
    endloop
  endfacet
  facet normal 0.961142 0.276055 0
    outer loop
      vertex -15.0607 -13.9321 19.5
      vertex -15.0771 -13.875 4.4
      vertex -15.0771 -13.875 19.5
    endloop
  endfacet
  facet normal 0.961142 0.276055 0
    outer loop
      vertex -15.0771 -13.875 4.4
      vertex -15.0607 -13.9321 19.5
      vertex -15.0607 -13.9321 4.4
    endloop
  endfacet
  facet normal 0.978244 0.207455 0
    outer loop
      vertex -15.0915 -13.8174 19.5
      vertex -15.1038 -13.7594 4.4
      vertex -15.1038 -13.7594 19.5
    endloop
  endfacet
  facet normal 0.978244 0.207455 0
    outer loop
      vertex -15.1038 -13.7594 4.4
      vertex -15.0915 -13.8174 19.5
      vertex -15.0915 -13.8174 4.4
    endloop
  endfacet
  facet normal 0.970143 0.242536 0
    outer loop
      vertex -15.0771 -13.875 19.5
      vertex -15.0915 -13.8174 4.4
      vertex -15.0915 -13.8174 19.5
    endloop
  endfacet
  facet normal 0.970143 0.242536 0
    outer loop
      vertex -15.0915 -13.8174 4.4
      vertex -15.0771 -13.875 19.5
      vertex -15.0771 -13.875 4.4
    endloop
  endfacet
  facet normal 0.883378 0.468662 0
    outer loop
      vertex -14.9219 -14.2592 19.5
      vertex -14.9497 -14.2068 4.4
      vertex -14.9497 -14.2068 19.5
    endloop
  endfacet
  facet normal 0.883378 0.468662 0
    outer loop
      vertex -14.9497 -14.2068 4.4
      vertex -14.9219 -14.2592 19.5
      vertex -14.9219 -14.2592 4.4
    endloop
  endfacet
  facet normal 0.898103 0.439784 0
    outer loop
      vertex -14.9497 -14.2068 19.5
      vertex -14.9758 -14.1535 4.4
      vertex -14.9758 -14.1535 19.5
    endloop
  endfacet
  facet normal 0.898103 0.439784 0
    outer loop
      vertex -14.9758 -14.1535 4.4
      vertex -14.9497 -14.2068 19.5
      vertex -14.9497 -14.2068 4.4
    endloop
  endfacet
  facet normal 0.788535 0.61499 0
    outer loop
      vertex -14.7562 -14.5049 19.5
      vertex -14.7927 -14.4581 4.4
      vertex -14.7927 -14.4581 19.5
    endloop
  endfacet
  facet normal 0.788535 0.61499 0
    outer loop
      vertex -14.7927 -14.4581 4.4
      vertex -14.7562 -14.5049 19.5
      vertex -14.7562 -14.5049 4.4
    endloop
  endfacet
  facet normal 0.808809 0.588072 0
    outer loop
      vertex -14.7927 -14.4581 19.5
      vertex -14.8276 -14.4101 4.4
      vertex -14.8276 -14.4101 19.5
    endloop
  endfacet
  facet normal 0.808809 0.588072 0
    outer loop
      vertex -14.8276 -14.4101 4.4
      vertex -14.7927 -14.4581 19.5
      vertex -14.7927 -14.4581 4.4
    endloop
  endfacet
  facet normal 0.961013 -0.276502 0
    outer loop
      vertex -15.0771 -12.995 19.5
      vertex -15.0607 -12.938 4.4
      vertex -15.0607 -12.938 19.5
    endloop
  endfacet
  facet normal 0.961013 -0.276502 0
    outer loop
      vertex -15.0607 -12.938 4.4
      vertex -15.0771 -12.995 19.5
      vertex -15.0771 -12.995 4.4
    endloop
  endfacet
  facet normal 0.978317 -0.207114 0
    outer loop
      vertex -15.1038 -13.1107 19.5
      vertex -15.0915 -13.0526 4.4
      vertex -15.0915 -13.0526 19.5
    endloop
  endfacet
  facet normal 0.978317 -0.207114 0
    outer loop
      vertex -15.0915 -13.0526 4.4
      vertex -15.1038 -13.1107 19.5
      vertex -15.1038 -13.1107 4.4
    endloop
  endfacet
  facet normal 0.970143 -0.242536 0
    outer loop
      vertex -15.0915 -13.0526 19.5
      vertex -15.0771 -12.995 4.4
      vertex -15.0771 -12.995 19.5
    endloop
  endfacet
  facet normal 0.970143 -0.242536 0
    outer loop
      vertex -15.0771 -12.995 4.4
      vertex -15.0915 -13.0526 19.5
      vertex -15.0915 -13.0526 4.4
    endloop
  endfacet
  facet normal 0.984801 -0.173689 0
    outer loop
      vertex -15.1141 -13.1691 19.5
      vertex -15.1038 -13.1107 4.4
      vertex -15.1038 -13.1107 19.5
    endloop
  endfacet
  facet normal 0.984801 -0.173689 0
    outer loop
      vertex -15.1038 -13.1107 4.4
      vertex -15.1141 -13.1691 19.5
      vertex -15.1141 -13.1691 4.4
    endloop
  endfacet
  facet normal 1 -0 0
    outer loop
      vertex -15.1348 -13.4647 19.5
      vertex -15.1348 -13.4054 4.4
      vertex -15.1348 -13.4054 19.5
    endloop
  endfacet
  facet normal 1 0 0
    outer loop
      vertex -15.1348 -13.4054 4.4
      vertex -15.1348 -13.4647 19.5
      vertex -15.1348 -13.4647 4.4
    endloop
  endfacet
  facet normal 0.999374 -0.035391 0
    outer loop
      vertex -15.1348 -13.4054 19.5
      vertex -15.1327 -13.3461 4.4
      vertex -15.1327 -13.3461 19.5
    endloop
  endfacet
  facet normal 0.999374 -0.035391 0
    outer loop
      vertex -15.1327 -13.3461 4.4
      vertex -15.1348 -13.4054 19.5
      vertex -15.1348 -13.4054 4.4
    endloop
  endfacet
  facet normal 0.99761 -0.0690913 0
    outer loop
      vertex -15.1327 -13.3461 19.5
      vertex -15.1286 -13.2869 4.4
      vertex -15.1286 -13.2869 19.5
    endloop
  endfacet
  facet normal 0.99761 -0.0690913 0
    outer loop
      vertex -15.1286 -13.2869 4.4
      vertex -15.1327 -13.3461 19.5
      vertex -15.1327 -13.3461 4.4
    endloop
  endfacet
  facet normal 0.994524 -0.104509 0
    outer loop
      vertex -15.1286 -13.2869 19.5
      vertex -15.1224 -13.2279 4.4
      vertex -15.1224 -13.2279 19.5
    endloop
  endfacet
  facet normal 0.994524 -0.104509 0
    outer loop
      vertex -15.1224 -13.2279 4.4
      vertex -15.1286 -13.2869 19.5
      vertex -15.1286 -13.2869 4.4
    endloop
  endfacet
  facet normal 0.951183 -0.308628 0
    outer loop
      vertex -15.0607 -12.938 19.5
      vertex -15.0424 -12.8816 4.4
      vertex -15.0424 -12.8816 19.5
    endloop
  endfacet
  facet normal 0.951183 -0.308628 0
    outer loop
      vertex -15.0424 -12.8816 4.4
      vertex -15.0607 -12.938 19.5
      vertex -15.0607 -12.938 4.4
    endloop
  endfacet
  facet normal 0.939744 -0.341878 0
    outer loop
      vertex -15.0424 -12.8816 19.5
      vertex -15.0221 -12.8258 4.4
      vertex -15.0221 -12.8258 19.5
    endloop
  endfacet
  facet normal 0.939744 -0.341878 0
    outer loop
      vertex -15.0221 -12.8258 4.4
      vertex -15.0424 -12.8816 19.5
      vertex -15.0424 -12.8816 4.4
    endloop
  endfacet
  facet normal 0.913742 -0.406295 0
    outer loop
      vertex -14.9999 -12.7708 19.5
      vertex -14.9758 -12.7166 4.4
      vertex -14.9758 -12.7166 19.5
    endloop
  endfacet
  facet normal 0.913742 -0.406295 0
    outer loop
      vertex -14.9758 -12.7166 4.4
      vertex -14.9999 -12.7708 19.5
      vertex -14.9999 -12.7708 4.4
    endloop
  endfacet
  facet normal 0.898429 -0.43912 0
    outer loop
      vertex -14.9758 -12.7166 19.5
      vertex -14.9497 -12.6632 4.4
      vertex -14.9497 -12.6632 19.5
    endloop
  endfacet
  facet normal 0.898429 -0.43912 0
    outer loop
      vertex -14.9497 -12.6632 4.4
      vertex -14.9758 -12.7166 19.5
      vertex -14.9758 -12.7166 4.4
    endloop
  endfacet
  facet normal 0.865849 -0.500306 0
    outer loop
      vertex -14.9219 -12.6109 19.5
      vertex -14.8922 -12.5595 4.4
      vertex -14.8922 -12.5595 19.5
    endloop
  endfacet
  facet normal 0.865849 -0.500306 0
    outer loop
      vertex -14.8922 -12.5595 4.4
      vertex -14.9219 -12.6109 19.5
      vertex -14.9219 -12.6109 4.4
    endloop
  endfacet
  facet normal 0.828927 -0.559357 0
    outer loop
      vertex -14.8608 -12.5091 19.5
      vertex -14.8276 -12.4599 4.4
      vertex -14.8276 -12.4599 19.5
    endloop
  endfacet
  facet normal 0.828927 -0.559357 0
    outer loop
      vertex -14.8276 -12.4599 4.4
      vertex -14.8608 -12.5091 19.5
      vertex -14.8608 -12.5091 4.4
    endloop
  endfacet
  facet normal 0.848754 -0.528787 0
    outer loop
      vertex -14.8922 -12.5595 19.5
      vertex -14.8608 -12.5091 4.4
      vertex -14.8608 -12.5091 19.5
    endloop
  endfacet
  facet normal 0.848754 -0.528787 0
    outer loop
      vertex -14.8608 -12.5091 4.4
      vertex -14.8922 -12.5595 19.5
      vertex -14.8922 -12.5595 4.4
    endloop
  endfacet
  facet normal 0.808809 -0.588072 0
    outer loop
      vertex -14.8276 -12.4599 19.5
      vertex -14.7927 -12.4119 4.4
      vertex -14.7927 -12.4119 19.5
    endloop
  endfacet
  facet normal 0.808809 -0.588072 0
    outer loop
      vertex -14.7927 -12.4119 4.4
      vertex -14.8276 -12.4599 19.5
      vertex -14.8276 -12.4599 4.4
    endloop
  endfacet
  facet normal -0.828952 0.559319 0
    outer loop
      vertex -4.2643 -6.63193 4.4
      vertex -4.23111 -6.58274 19.5
      vertex -4.23111 -6.58274 4.4
    endloop
  endfacet
  facet normal -0.828952 0.559319 0
    outer loop
      vertex -4.23111 -6.58274 19.5
      vertex -4.2643 -6.63193 4.4
      vertex -4.2643 -6.63193 19.5
    endloop
  endfacet
  facet normal -0.882921 0.469521 0
    outer loop
      vertex -4.17 -6.48103 4.4
      vertex -4.14214 -6.42864 19.5
      vertex -4.14214 -6.42864 4.4
    endloop
  endfacet
  facet normal -0.882921 0.469521 0
    outer loop
      vertex -4.14214 -6.42864 19.5
      vertex -4.17 -6.48103 4.4
      vertex -4.17 -6.48103 19.5
    endloop
  endfacet
  facet normal -0.848074 0.529878 0
    outer loop
      vertex -4.23111 -6.58274 4.4
      vertex -4.19967 -6.53242 19.5
      vertex -4.19967 -6.53242 4.4
    endloop
  endfacet
  facet normal -0.848074 0.529878 0
    outer loop
      vertex -4.19967 -6.53242 19.5
      vertex -4.23111 -6.58274 4.4
      vertex -4.23111 -6.58274 19.5
    endloop
  endfacet
  facet normal 0.669058 0.74321 -0
    outer loop
      vertex -14.5503 -14.718 4.4
      vertex -14.5944 -14.6783 19.5
      vertex -14.5503 -14.718 19.5
    endloop
  endfacet
  facet normal 0.669058 0.74321 0
    outer loop
      vertex -14.5944 -14.6783 19.5
      vertex -14.5503 -14.718 4.4
      vertex -14.5944 -14.6783 4.4
    endloop
  endfacet
  facet normal -0.43912 0.898429 0
    outer loop
      vertex -12.6632 -14.9497 4.4
      vertex -12.7166 -14.9758 19.5
      vertex -12.6632 -14.9497 19.5
    endloop
  endfacet
  facet normal -0.43912 0.898429 0
    outer loop
      vertex -12.7166 -14.9758 19.5
      vertex -12.6632 -14.9497 4.4
      vertex -12.7166 -14.9758 4.4
    endloop
  endfacet
  facet normal -0.035391 0.999374 0
    outer loop
      vertex -13.3461 -15.1327 4.4
      vertex -13.4054 -15.1348 19.5
      vertex -13.3461 -15.1327 19.5
    endloop
  endfacet
  facet normal -0.035391 0.999374 0
    outer loop
      vertex -13.4054 -15.1348 19.5
      vertex -13.3461 -15.1327 4.4
      vertex -13.4054 -15.1348 4.4
    endloop
  endfacet
  facet normal -0.139771 0.990184 0
    outer loop
      vertex -13.1691 -15.1141 4.4
      vertex -13.2279 -15.1224 19.5
      vertex -13.1691 -15.1141 19.5
    endloop
  endfacet
  facet normal -0.139771 0.990184 0
    outer loop
      vertex -13.2279 -15.1224 19.5
      vertex -13.1691 -15.1141 4.4
      vertex -13.2279 -15.1224 4.4
    endloop
  endfacet
  facet normal -0.242536 0.970143 0
    outer loop
      vertex -12.995 -15.0771 4.4
      vertex -13.0526 -15.0915 19.5
      vertex -12.995 -15.0771 19.5
    endloop
  endfacet
  facet normal -0.242536 0.970143 0
    outer loop
      vertex -13.0526 -15.0915 19.5
      vertex -12.995 -15.0771 4.4
      vertex -13.0526 -15.0915 4.4
    endloop
  endfacet
  facet normal 0.035391 0.999374 -0
    outer loop
      vertex -13.4647 -15.1348 4.4
      vertex -13.524 -15.1327 19.5
      vertex -13.4647 -15.1348 19.5
    endloop
  endfacet
  facet normal 0.0352426 0.999379 -5.83486e-07
    outer loop
      vertex -13.5044 -15.1334 4.4
      vertex -13.524 -15.1327 19.5
      vertex -13.4647 -15.1348 4.4
    endloop
  endfacet
  facet normal 0.0356915 0.999363 0
    outer loop
      vertex -13.524 -15.1327 19.5
      vertex -13.5044 -15.1334 4.4
      vertex -13.524 -15.1327 4.4
    endloop
  endfacet
  facet normal 0.207455 0.978244 -0
    outer loop
      vertex -13.7594 -15.1038 4.4
      vertex -13.8174 -15.0915 19.5
      vertex -13.7594 -15.1038 19.5
    endloop
  endfacet
  facet normal 0.207455 0.978244 0
    outer loop
      vertex -13.8174 -15.0915 19.5
      vertex -13.7594 -15.1038 4.4
      vertex -13.8174 -15.0915 4.4
    endloop
  endfacet
  facet normal 0.374296 0.927309 -0
    outer loop
      vertex -14.0443 -15.0221 4.4
      vertex -14.0993 -14.9999 19.5
      vertex -14.0443 -15.0221 19.5
    endloop
  endfacet
  facet normal 0.374296 0.927309 0
    outer loop
      vertex -14.0993 -14.9999 19.5
      vertex -14.0443 -15.0221 4.4
      vertex -14.0993 -14.9999 4.4
    endloop
  endfacet
  facet normal 0.529544 0.848282 -0
    outer loop
      vertex -14.3106 -14.8922 4.4
      vertex -14.3609 -14.8608 19.5
      vertex -14.3106 -14.8922 19.5
    endloop
  endfacet
  facet normal 0.529544 0.848282 0
    outer loop
      vertex -14.3609 -14.8608 19.5
      vertex -14.3106 -14.8922 4.4
      vertex -14.3609 -14.8608 4.4
    endloop
  endfacet
  facet normal 0.2757 -0.961244 0
    outer loop
      vertex -6.15389 -4.03114 4.4
      vertex -6.09685 -4.01478 19.5
      vertex -6.15389 -4.03114 19.5
    endloop
  endfacet
  facet normal 0.2757 -0.961244 0
    outer loop
      vertex -6.09685 -4.01478 19.5
      vertex -6.15389 -4.03114 4.4
      vertex -6.09685 -4.01478 4.4
    endloop
  endfacet
  facet normal 0.990184 0.139771 0
    outer loop
      vertex -15.1141 -13.701 19.5
      vertex -15.1224 -13.6422 4.4
      vertex -15.1224 -13.6422 19.5
    endloop
  endfacet
  facet normal 0.990184 0.139771 0
    outer loop
      vertex -15.1224 -13.6422 4.4
      vertex -15.1141 -13.701 19.5
      vertex -15.1141 -13.701 4.4
    endloop
  endfacet
  facet normal 0.951183 0.308628 0
    outer loop
      vertex -15.0424 -13.9885 19.5
      vertex -15.0607 -13.9321 4.4
      vertex -15.0607 -13.9321 19.5
    endloop
  endfacet
  facet normal 0.951183 0.308628 0
    outer loop
      vertex -15.0607 -13.9321 4.4
      vertex -15.0424 -13.9885 19.5
      vertex -15.0424 -13.9885 4.4
    endloop
  endfacet
  facet normal 0.848282 0.529544 0
    outer loop
      vertex -14.8608 -14.3609 19.5
      vertex -14.8922 -14.3106 4.4
      vertex -14.8922 -14.3106 19.5
    endloop
  endfacet
  facet normal 0.848282 0.529544 0
    outer loop
      vertex -14.8922 -14.3106 4.4
      vertex -14.8608 -14.3609 19.5
      vertex -14.8608 -14.3609 4.4
    endloop
  endfacet
  facet normal 0.74321 0.669058 0
    outer loop
      vertex -14.6783 -14.5944 19.5
      vertex -14.718 -14.5503 4.4
      vertex -14.718 -14.5503 19.5
    endloop
  endfacet
  facet normal 0.74321 0.669058 0
    outer loop
      vertex -14.718 -14.5503 4.4
      vertex -14.6783 -14.5944 19.5
      vertex -14.6783 -14.5944 4.4
    endloop
  endfacet
  facet normal -0.927181 0.374614 0
    outer loop
      vertex -4.092 -6.3211 4.4
      vertex -4.06977 -6.26608 19.5
      vertex -4.06977 -6.26608 4.4
    endloop
  endfacet
  facet normal -0.927181 0.374614 0
    outer loop
      vertex -4.06977 -6.26608 19.5
      vertex -4.092 -6.3211 4.4
      vertex -4.092 -6.3211 19.5
    endloop
  endfacet
  facet normal -0.951082 0.308937 0
    outer loop
      vertex -4.04947 -6.21032 4.4
      vertex -4.03114 -6.15389 19.5
      vertex -4.03114 -6.15389 4.4
    endloop
  endfacet
  facet normal -0.951082 0.308937 0
    outer loop
      vertex -4.03114 -6.15389 19.5
      vertex -4.04947 -6.21032 4.4
      vertex -4.04947 -6.21032 19.5
    endloop
  endfacet
  facet normal -0.866026 0.5 0
    outer loop
      vertex -4.19967 -6.53242 4.4
      vertex -4.17 -6.48103 19.5
      vertex -4.17 -6.48103 4.4
    endloop
  endfacet
  facet normal -0.866026 0.5 0
    outer loop
      vertex -4.17 -6.48103 19.5
      vertex -4.19967 -6.53242 4.4
      vertex -4.19967 -6.53242 19.5
    endloop
  endfacet
  facet normal 0.0690913 0.99761 -0
    outer loop
      vertex -13.524 -15.1327 4.4
      vertex -13.5832 -15.1286 19.5
      vertex -13.524 -15.1327 19.5
    endloop
  endfacet
  facet normal 0.0690913 0.99761 0
    outer loop
      vertex -13.5832 -15.1286 19.5
      vertex -13.524 -15.1327 4.4
      vertex -13.5832 -15.1286 4.4
    endloop
  endfacet
  facet normal 0.104509 0.994524 -0
    outer loop
      vertex -13.5832 -15.1286 4.4
      vertex -13.6422 -15.1224 19.5
      vertex -13.5832 -15.1286 19.5
    endloop
  endfacet
  facet normal 0.104509 0.994524 0
    outer loop
      vertex -13.6422 -15.1224 19.5
      vertex -13.5832 -15.1286 4.4
      vertex -13.6422 -15.1224 4.4
    endloop
  endfacet
  facet normal 0.173689 0.984801 -0
    outer loop
      vertex -13.701 -15.1141 4.4
      vertex -13.7594 -15.1038 19.5
      vertex -13.701 -15.1141 19.5
    endloop
  endfacet
  facet normal 0.173689 0.984801 0
    outer loop
      vertex -13.7594 -15.1038 19.5
      vertex -13.701 -15.1141 4.4
      vertex -13.7594 -15.1038 4.4
    endloop
  endfacet
  facet normal 0.276055 0.961142 -0
    outer loop
      vertex -13.875 -15.0771 4.4
      vertex -13.9321 -15.0607 19.5
      vertex -13.875 -15.0771 19.5
    endloop
  endfacet
  facet normal 0.276055 0.961142 0
    outer loop
      vertex -13.9321 -15.0607 19.5
      vertex -13.875 -15.0771 4.4
      vertex -13.9321 -15.0607 4.4
    endloop
  endfacet
  facet normal 0.500306 0.865849 -0
    outer loop
      vertex -14.2592 -14.9219 4.4
      vertex -14.3106 -14.8922 19.5
      vertex -14.2592 -14.9219 19.5
    endloop
  endfacet
  facet normal 0.500306 0.865849 0
    outer loop
      vertex -14.3106 -14.8922 19.5
      vertex -14.2592 -14.9219 4.4
      vertex -14.3106 -14.8922 4.4
    endloop
  endfacet
  facet normal -0.970295 0.241924 0
    outer loop
      vertex -4.01478 -6.09685 4.4
      vertex -4.00174 -6.04455 19.5
      vertex -4.00174 -6.04455 4.4
    endloop
  endfacet
  facet normal -0.970295 0.241924 0
    outer loop
      vertex -4.00174 -6.04455 19.5
      vertex -4.01478 -6.09685 4.4
      vertex -4.01478 -6.09685 19.5
    endloop
  endfacet
  facet normal -0.961244 0.2757 0
    outer loop
      vertex -4.03114 -6.15389 4.4
      vertex -4.01478 -6.09685 19.5
      vertex -4.01478 -6.09685 4.4
    endloop
  endfacet
  facet normal -0.961244 0.2757 0
    outer loop
      vertex -4.01478 -6.09685 19.5
      vertex -4.03114 -6.15389 4.4
      vertex -4.03114 -6.15389 19.5
    endloop
  endfacet
  facet normal -0.913582 0.406654 0
    outer loop
      vertex -4.11613 -6.37531 4.4
      vertex -4.092 -6.3211 19.5
      vertex -4.092 -6.3211 4.4
    endloop
  endfacet
  facet normal -0.913582 0.406654 0
    outer loop
      vertex -4.092 -6.3211 19.5
      vertex -4.11613 -6.37531 4.4
      vertex -4.11613 -6.37531 19.5
    endloop
  endfacet
  facet normal 0.242536 0.970143 -0
    outer loop
      vertex -13.8174 -15.0915 4.4
      vertex -13.875 -15.0771 19.5
      vertex -13.8174 -15.0915 19.5
    endloop
  endfacet
  facet normal 0.242536 0.970143 0
    outer loop
      vertex -13.875 -15.0771 19.5
      vertex -13.8174 -15.0915 4.4
      vertex -13.875 -15.0771 4.4
    endloop
  endfacet
  facet normal 0.341878 0.939744 -0
    outer loop
      vertex -13.9885 -15.0424 4.4
      vertex -14.0443 -15.0221 19.5
      vertex -13.9885 -15.0424 19.5
    endloop
  endfacet
  facet normal 0.341878 0.939744 0
    outer loop
      vertex -14.0443 -15.0221 19.5
      vertex -13.9885 -15.0424 4.4
      vertex -14.0443 -15.0221 4.4
    endloop
  endfacet
  facet normal -0.939665 0.342095 0
    outer loop
      vertex -4.06977 -6.26608 4.4
      vertex -4.04947 -6.21032 19.5
      vertex -4.04947 -6.21032 4.4
    endloop
  endfacet
  facet normal -0.939665 0.342095 0
    outer loop
      vertex -4.04947 -6.21032 19.5
      vertex -4.06977 -6.26608 4.4
      vertex -4.06977 -6.26608 19.5
    endloop
  endfacet
  facet normal -0.707105 -0.707108 0
    outer loop
      vertex 14.6371 -12.2329 4.4
      vertex 6.85894 -4.45477 19.5
      vertex 6.85894 -4.45477 4.4
    endloop
  endfacet
  facet normal -0.707105 -0.707108 0
    outer loop
      vertex 6.85894 -4.45477 19.5
      vertex 14.6371 -12.2329 4.4
      vertex 14.6371 -12.2329 19.5
    endloop
  endfacet
  facet normal -0.883378 0.468662 0
    outer loop
      vertex 14.9219 -14.2592 4.4
      vertex 14.9497 -14.2068 19.5
      vertex 14.9497 -14.2068 4.4
    endloop
  endfacet
  facet normal -0.883378 0.468662 0
    outer loop
      vertex 14.9497 -14.2068 19.5
      vertex 14.9219 -14.2592 4.4
      vertex 14.9219 -14.2592 19.5
    endloop
  endfacet
  facet normal -0.990184 0.139771 0
    outer loop
      vertex 15.1141 -13.701 4.4
      vertex 15.1224 -13.6422 19.5
      vertex 15.1224 -13.6422 4.4
    endloop
  endfacet
  facet normal -0.990184 0.139771 0
    outer loop
      vertex 15.1224 -13.6422 19.5
      vertex 15.1141 -13.701 4.4
      vertex 15.1141 -13.701 19.5
    endloop
  endfacet
  facet normal 0.707108 0.707105 0
    outer loop
      vertex 12.2329 -14.6371 19.5
      vertex 4.45477 -6.85894 4.4
      vertex 4.45477 -6.85894 19.5
    endloop
  endfacet
  facet normal 0.707108 0.707105 0
    outer loop
      vertex 4.45477 -6.85894 4.4
      vertex 12.2329 -14.6371 19.5
      vertex 12.2329 -14.6371 4.4
    endloop
  endfacet
  facet normal -0.99761 -0.0690913 0
    outer loop
      vertex 15.1327 -13.3461 4.4
      vertex 15.1286 -13.2869 19.5
      vertex 15.1286 -13.2869 4.4
    endloop
  endfacet
  facet normal -0.99761 -0.0690913 0
    outer loop
      vertex 15.1286 -13.2869 19.5
      vertex 15.1327 -13.3461 4.4
      vertex 15.1327 -13.3461 19.5
    endloop
  endfacet
  facet normal 0.642995 0.765871 -0
    outer loop
      vertex 12.3652 -14.7562 4.4
      vertex 12.3197 -14.718 19.5
      vertex 12.3652 -14.7562 19.5
    endloop
  endfacet
  facet normal 0.642995 0.765871 0
    outer loop
      vertex 12.3197 -14.718 19.5
      vertex 12.3652 -14.7562 4.4
      vertex 12.3197 -14.718 4.4
    endloop
  endfacet
  facet normal -0.615736 -0.787953 0
    outer loop
      vertex 6.67994 -4.29917 4.4
      vertex 6.7267 -4.33571 19.5
      vertex 6.67994 -4.29917 19.5
    endloop
  endfacet
  facet normal -0.615736 -0.787953 -0
    outer loop
      vertex 6.7267 -4.33571 19.5
      vertex 6.67994 -4.29917 4.4
      vertex 6.7267 -4.33571 4.4
    endloop
  endfacet
  facet normal -0.642817 -0.76602 0
    outer loop
      vertex 6.7267 -4.33571 4.4
      vertex 6.77215 -4.37385 19.5
      vertex 6.7267 -4.33571 19.5
    endloop
  endfacet
  facet normal -0.642817 -0.76602 -0
    outer loop
      vertex 6.77215 -4.37385 19.5
      vertex 6.7267 -4.33571 4.4
      vertex 6.77215 -4.37385 4.4
    endloop
  endfacet
  facet normal -0.669058 -0.74321 0
    outer loop
      vertex 6.77215 -4.37385 4.4
      vertex 6.81625 -4.41355 19.5
      vertex 6.77215 -4.37385 19.5
    endloop
  endfacet
  facet normal -0.669058 -0.74321 -0
    outer loop
      vertex 6.81625 -4.41355 19.5
      vertex 6.77215 -4.37385 4.4
      vertex 6.81625 -4.41355 4.4
    endloop
  endfacet
  facet normal -0.694613 -0.719384 0
    outer loop
      vertex 6.81625 -4.41355 4.4
      vertex 6.85894 -4.45477 19.5
      vertex 6.81625 -4.41355 19.5
    endloop
  endfacet
  facet normal -0.694613 -0.719384 -0
    outer loop
      vertex 6.85894 -4.45477 19.5
      vertex 6.81625 -4.41355 4.4
      vertex 6.85894 -4.45477 4.4
    endloop
  endfacet
  facet normal -0.994524 -0.104509 0
    outer loop
      vertex 15.1286 -13.2869 4.4
      vertex 15.1224 -13.2279 19.5
      vertex 15.1224 -13.2279 4.4
    endloop
  endfacet
  facet normal -0.994524 -0.104509 0
    outer loop
      vertex 15.1224 -13.2279 19.5
      vertex 15.1286 -13.2869 4.4
      vertex 15.1286 -13.2869 19.5
    endloop
  endfacet
  facet normal -0.883006 -0.469361 0
    outer loop
      vertex 14.9497 -12.6632 4.4
      vertex 14.9219 -12.6109 19.5
      vertex 14.9219 -12.6109 4.4
    endloop
  endfacet
  facet normal -0.883006 -0.469361 0
    outer loop
      vertex 14.9219 -12.6109 19.5
      vertex 14.9497 -12.6632 4.4
      vertex 14.9497 -12.6632 19.5
    endloop
  endfacet
  facet normal -0.865849 -0.500306 0
    outer loop
      vertex 14.9219 -12.6109 4.4
      vertex 14.8922 -12.5595 19.5
      vertex 14.8922 -12.5595 4.4
    endloop
  endfacet
  facet normal -0.865849 -0.500306 0
    outer loop
      vertex 14.8922 -12.5595 19.5
      vertex 14.9219 -12.6109 4.4
      vertex 14.9219 -12.6109 19.5
    endloop
  endfacet
  facet normal -0.939744 -0.341878 0
    outer loop
      vertex 15.0424 -12.8816 4.4
      vertex 15.0221 -12.8258 19.5
      vertex 15.0221 -12.8258 4.4
    endloop
  endfacet
  facet normal -0.939744 -0.341878 0
    outer loop
      vertex 15.0221 -12.8258 19.5
      vertex 15.0424 -12.8816 4.4
      vertex 15.0424 -12.8816 19.5
    endloop
  endfacet
  facet normal 0.970295 0.241924 0
    outer loop
      vertex 4.01478 -6.09685 19.5
      vertex 4.00174 -6.04455 4.4
      vertex 4.00174 -6.04455 19.5
    endloop
  endfacet
  facet normal 0.970295 0.241924 0
    outer loop
      vertex 4.00174 -6.04455 4.4
      vertex 4.01478 -6.09685 19.5
      vertex 4.01478 -6.09685 4.4
    endloop
  endfacet
  facet normal 0.866026 0.5 0
    outer loop
      vertex 4.19967 -6.53242 19.5
      vertex 4.17 -6.48103 4.4
      vertex 4.17 -6.48103 19.5
    endloop
  endfacet
  facet normal 0.866026 0.5 0
    outer loop
      vertex 4.17 -6.48103 4.4
      vertex 4.19967 -6.53242 19.5
      vertex 4.19967 -6.53242 4.4
    endloop
  endfacet
  facet normal 0.719384 0.694613 0
    outer loop
      vertex 4.45477 -6.85894 19.5
      vertex 4.41355 -6.81625 4.4
      vertex 4.41355 -6.81625 19.5
    endloop
  endfacet
  facet normal 0.719384 0.694613 0
    outer loop
      vertex 4.41355 -6.81625 4.4
      vertex 4.45477 -6.85894 19.5
      vertex 4.45477 -6.85894 4.4
    endloop
  endfacet
  facet normal 0.615808 0.787896 -0
    outer loop
      vertex 12.4119 -14.7927 4.4
      vertex 12.3652 -14.7562 19.5
      vertex 12.4119 -14.7927 19.5
    endloop
  endfacet
  facet normal 0.615808 0.787896 0
    outer loop
      vertex 12.3652 -14.7562 19.5
      vertex 12.4119 -14.7927 4.4
      vertex 12.3652 -14.7562 4.4
    endloop
  endfacet
  facet normal 0.694354 0.719634 -0
    outer loop
      vertex 12.2756 -14.6783 4.4
      vertex 12.2329 -14.6371 19.5
      vertex 12.2756 -14.6783 19.5
    endloop
  endfacet
  facet normal 0.694354 0.719634 0
    outer loop
      vertex 12.2329 -14.6371 19.5
      vertex 12.2756 -14.6783 4.4
      vertex 12.2329 -14.6371 4.4
    endloop
  endfacet
  facet normal -0.341878 0.939744 0
    outer loop
      vertex 14.0443 -15.0221 4.4
      vertex 13.9885 -15.0424 19.5
      vertex 14.0443 -15.0221 19.5
    endloop
  endfacet
  facet normal -0.341878 0.939744 0
    outer loop
      vertex 13.9885 -15.0424 19.5
      vertex 14.0443 -15.0221 4.4
      vertex 13.9885 -15.0424 4.4
    endloop
  endfacet
  facet normal -0.173689 0.984801 0
    outer loop
      vertex 13.7594 -15.1038 4.4
      vertex 13.701 -15.1141 19.5
      vertex 13.7594 -15.1038 19.5
    endloop
  endfacet
  facet normal -0.173689 0.984801 0
    outer loop
      vertex 13.701 -15.1141 19.5
      vertex 13.7594 -15.1038 4.4
      vertex 13.701 -15.1141 4.4
    endloop
  endfacet
  facet normal -0.500306 0.865849 0
    outer loop
      vertex 14.3106 -14.8922 4.4
      vertex 14.2592 -14.9219 19.5
      vertex 14.3106 -14.8922 19.5
    endloop
  endfacet
  facet normal -0.500306 0.865849 0
    outer loop
      vertex 14.2592 -14.9219 19.5
      vertex 14.3106 -14.8922 4.4
      vertex 14.2592 -14.9219 4.4
    endloop
  endfacet
  facet normal 0.035391 0.999374 -0
    outer loop
      vertex 13.4054 -15.1348 4.4
      vertex 13.3461 -15.1327 19.5
      vertex 13.4054 -15.1348 19.5
    endloop
  endfacet
  facet normal 0.035391 0.999374 0
    outer loop
      vertex 13.3461 -15.1327 19.5
      vertex 13.4054 -15.1348 4.4
      vertex 13.3461 -15.1327 4.4
    endloop
  endfacet
  facet normal 0.173689 0.984801 -0
    outer loop
      vertex 13.1691 -15.1141 4.4
      vertex 13.1107 -15.1038 19.5
      vertex 13.1691 -15.1141 19.5
    endloop
  endfacet
  facet normal 0.173689 0.984801 0
    outer loop
      vertex 13.1107 -15.1038 19.5
      vertex 13.1691 -15.1141 4.4
      vertex 13.1107 -15.1038 4.4
    endloop
  endfacet
  facet normal 0.374296 0.927309 -0
    outer loop
      vertex 12.8258 -15.0221 4.4
      vertex 12.7708 -14.9999 19.5
      vertex 12.8258 -15.0221 19.5
    endloop
  endfacet
  facet normal 0.374296 0.927309 0
    outer loop
      vertex 12.7708 -14.9999 19.5
      vertex 12.8258 -15.0221 4.4
      vertex 12.7708 -14.9999 4.4
    endloop
  endfacet
  facet normal 0.469361 0.883006 -0
    outer loop
      vertex 12.6632 -14.9497 4.4
      vertex 12.6109 -14.9219 19.5
      vertex 12.6632 -14.9497 19.5
    endloop
  endfacet
  facet normal 0.469361 0.883006 0
    outer loop
      vertex 12.6109 -14.9219 19.5
      vertex 12.6632 -14.9497 4.4
      vertex 12.6109 -14.9219 4.4
    endloop
  endfacet
  facet normal -0.559319 -0.828952 0
    outer loop
      vertex 6.58274 -4.23111 4.4
      vertex 6.63193 -4.2643 19.5
      vertex 6.58274 -4.23111 19.5
    endloop
  endfacet
  facet normal -0.559319 -0.828952 -0
    outer loop
      vertex 6.63193 -4.2643 19.5
      vertex 6.58274 -4.23111 4.4
      vertex 6.63193 -4.2643 4.4
    endloop
  endfacet
  facet normal -0.808809 -0.588072 0
    outer loop
      vertex 14.8276 -12.4599 4.4
      vertex 14.7927 -12.4119 19.5
      vertex 14.7927 -12.4119 4.4
    endloop
  endfacet
  facet normal -0.808809 -0.588072 0
    outer loop
      vertex 14.7927 -12.4119 19.5
      vertex 14.8276 -12.4599 4.4
      vertex 14.8276 -12.4599 19.5
    endloop
  endfacet
  facet normal -0.787896 -0.615808 0
    outer loop
      vertex 14.7927 -12.4119 4.4
      vertex 14.7562 -12.3652 19.5
      vertex 14.7562 -12.3652 4.4
    endloop
  endfacet
  facet normal -0.787896 -0.615808 0
    outer loop
      vertex 14.7562 -12.3652 19.5
      vertex 14.7927 -12.4119 4.4
      vertex 14.7927 -12.4119 19.5
    endloop
  endfacet
  facet normal -0.765871 -0.642995 0
    outer loop
      vertex 14.7562 -12.3652 4.4
      vertex 14.718 -12.3197 19.5
      vertex 14.718 -12.3197 4.4
    endloop
  endfacet
  facet normal -0.765871 -0.642995 0
    outer loop
      vertex 14.718 -12.3197 19.5
      vertex 14.7562 -12.3652 4.4
      vertex 14.7562 -12.3652 19.5
    endloop
  endfacet
  facet normal -0.984801 -0.173689 0
    outer loop
      vertex 15.1141 -13.1691 4.4
      vertex 15.1038 -13.1107 19.5
      vertex 15.1038 -13.1107 4.4
    endloop
  endfacet
  facet normal -0.984801 -0.173689 0
    outer loop
      vertex 15.1038 -13.1107 19.5
      vertex 15.1141 -13.1691 4.4
      vertex 15.1141 -13.1691 19.5
    endloop
  endfacet
  facet normal -0.970143 -0.242536 0
    outer loop
      vertex 15.0915 -13.0526 4.4
      vertex 15.0771 -12.995 19.5
      vertex 15.0771 -12.995 4.4
    endloop
  endfacet
  facet normal -0.970143 -0.242536 0
    outer loop
      vertex 15.0771 -12.995 19.5
      vertex 15.0915 -13.0526 4.4
      vertex 15.0915 -13.0526 19.5
    endloop
  endfacet
  facet normal -0.961013 -0.276502 0
    outer loop
      vertex 15.0771 -12.995 4.4
      vertex 15.0607 -12.938 19.5
      vertex 15.0607 -12.938 4.4
    endloop
  endfacet
  facet normal -0.961013 -0.276502 0
    outer loop
      vertex 15.0607 -12.938 19.5
      vertex 15.0771 -12.995 4.4
      vertex 15.0771 -12.995 19.5
    endloop
  endfacet
  facet normal -0.765173 0.643824 0
    outer loop
      vertex 14.718 -14.5503 4.4
      vertex 14.7562 -14.5049 19.5
      vertex 14.7562 -14.5049 4.4
    endloop
  endfacet
  facet normal -0.765173 0.643824 0
    outer loop
      vertex 14.7562 -14.5049 19.5
      vertex 14.718 -14.5503 4.4
      vertex 14.718 -14.5503 19.5
    endloop
  endfacet
  facet normal 0.882921 0.469521 0
    outer loop
      vertex 4.17 -6.48103 19.5
      vertex 4.14214 -6.42864 4.4
      vertex 4.14214 -6.42864 19.5
    endloop
  endfacet
  facet normal 0.882921 0.469521 0
    outer loop
      vertex 4.14214 -6.42864 4.4
      vertex 4.17 -6.48103 19.5
      vertex 4.17 -6.48103 4.4
    endloop
  endfacet
  facet normal 0.828952 0.559319 0
    outer loop
      vertex 4.2643 -6.63193 19.5
      vertex 4.23111 -6.58274 4.4
      vertex 4.23111 -6.58274 19.5
    endloop
  endfacet
  facet normal 0.828952 0.559319 0
    outer loop
      vertex 4.23111 -6.58274 4.4
      vertex 4.2643 -6.63193 19.5
      vertex 4.2643 -6.63193 4.4
    endloop
  endfacet
  facet normal 0.669058 0.74321 -0
    outer loop
      vertex 12.3197 -14.718 4.4
      vertex 12.2756 -14.6783 19.5
      vertex 12.3197 -14.718 19.5
    endloop
  endfacet
  facet normal 0.669058 0.74321 0
    outer loop
      vertex 12.2756 -14.6783 19.5
      vertex 12.3197 -14.718 4.4
      vertex 12.2756 -14.6783 4.4
    endloop
  endfacet
  facet normal -0.0690913 0.99761 0
    outer loop
      vertex 13.5832 -15.1286 4.4
      vertex 13.524 -15.1327 19.5
      vertex 13.5832 -15.1286 19.5
    endloop
  endfacet
  facet normal -0.0690913 0.99761 0
    outer loop
      vertex 13.524 -15.1327 19.5
      vertex 13.5832 -15.1286 4.4
      vertex 13.524 -15.1327 4.4
    endloop
  endfacet
  facet normal -0.374296 0.927309 0
    outer loop
      vertex 14.0993 -14.9999 4.4
      vertex 14.0443 -15.0221 19.5
      vertex 14.0993 -14.9999 19.5
    endloop
  endfacet
  facet normal -0.374296 0.927309 0
    outer loop
      vertex 14.0443 -15.0221 19.5
      vertex 14.0993 -14.9999 4.4
      vertex 14.0443 -15.0221 4.4
    endloop
  endfacet
  facet normal -0.439784 0.898103 0
    outer loop
      vertex 14.2068 -14.9497 4.4
      vertex 14.1535 -14.9758 19.5
      vertex 14.2068 -14.9497 19.5
    endloop
  endfacet
  facet normal -0.439784 0.898103 0
    outer loop
      vertex 14.1535 -14.9758 19.5
      vertex 14.2068 -14.9497 4.4
      vertex 14.1535 -14.9758 4.4
    endloop
  endfacet
  facet normal -0.559357 0.828927 0
    outer loop
      vertex 14.4101 -14.8276 4.4
      vertex 14.3609 -14.8608 19.5
      vertex 14.4101 -14.8276 19.5
    endloop
  endfacet
  facet normal -0.559357 0.828927 0
    outer loop
      vertex 14.3609 -14.8608 19.5
      vertex 14.4101 -14.8276 4.4
      vertex 14.3609 -14.8608 4.4
    endloop
  endfacet
  facet normal -0.643824 0.765173 0
    outer loop
      vertex 14.5503 -14.718 4.4
      vertex 14.5049 -14.7562 19.5
      vertex 14.5503 -14.718 19.5
    endloop
  endfacet
  facet normal -0.643824 0.765173 0
    outer loop
      vertex 14.5049 -14.7562 19.5
      vertex 14.5503 -14.718 4.4
      vertex 14.5049 -14.7562 4.4
    endloop
  endfacet
  facet normal -0.694354 0.719634 0
    outer loop
      vertex 14.6371 -14.6371 4.4
      vertex 14.5944 -14.6783 19.5
      vertex 14.6371 -14.6371 19.5
    endloop
  endfacet
  facet normal -0.694354 0.719634 0
    outer loop
      vertex 14.5944 -14.6783 19.5
      vertex 14.6371 -14.6371 4.4
      vertex 14.5944 -14.6783 4.4
    endloop
  endfacet
  facet normal 0.276502 0.961013 -0
    outer loop
      vertex 12.995 -15.0771 4.4
      vertex 12.938 -15.0607 19.5
      vertex 12.995 -15.0771 19.5
    endloop
  endfacet
  facet normal 0.276502 0.961013 0
    outer loop
      vertex 12.938 -15.0607 19.5
      vertex 12.995 -15.0771 4.4
      vertex 12.938 -15.0607 4.4
    endloop
  endfacet
  facet normal 0.242536 0.970143 -0
    outer loop
      vertex 13.0526 -15.0915 4.4
      vertex 12.995 -15.0771 19.5
      vertex 13.0526 -15.0915 19.5
    endloop
  endfacet
  facet normal 0.242536 0.970143 0
    outer loop
      vertex 12.995 -15.0771 19.5
      vertex 13.0526 -15.0915 4.4
      vertex 12.995 -15.0771 4.4
    endloop
  endfacet
  facet normal 0.139771 0.990184 -0
    outer loop
      vertex 13.2279 -15.1224 4.4
      vertex 13.1691 -15.1141 19.5
      vertex 13.2279 -15.1224 19.5
    endloop
  endfacet
  facet normal 0.139771 0.990184 0
    outer loop
      vertex 13.1691 -15.1141 19.5
      vertex 13.2279 -15.1224 4.4
      vertex 13.1691 -15.1141 4.4
    endloop
  endfacet
  facet normal -0.035391 0.999374 0
    outer loop
      vertex 13.524 -15.1327 4.4
      vertex 13.4647 -15.1348 19.5
      vertex 13.524 -15.1327 19.5
    endloop
  endfacet
  facet normal -0.0356915 0.999363 -1.18184e-06
    outer loop
      vertex 13.5044 -15.1334 4.4
      vertex 13.4647 -15.1348 19.5
      vertex 13.524 -15.1327 4.4
    endloop
  endfacet
  facet normal -0.0352426 0.999379 0
    outer loop
      vertex 13.4647 -15.1348 19.5
      vertex 13.5044 -15.1334 4.4
      vertex 13.4647 -15.1348 4.4
    endloop
  endfacet
  facet normal 0.43912 0.898429 -0
    outer loop
      vertex 12.7166 -14.9758 4.4
      vertex 12.6632 -14.9497 19.5
      vertex 12.7166 -14.9758 19.5
    endloop
  endfacet
  facet normal 0.43912 0.898429 0
    outer loop
      vertex 12.6632 -14.9497 19.5
      vertex 12.7166 -14.9758 4.4
      vertex 12.6632 -14.9497 4.4
    endloop
  endfacet
  facet normal 0.500306 0.865849 -0
    outer loop
      vertex 12.6109 -14.9219 4.4
      vertex 12.5595 -14.8922 19.5
      vertex 12.6109 -14.9219 19.5
    endloop
  endfacet
  facet normal 0.500306 0.865849 0
    outer loop
      vertex 12.5595 -14.8922 19.5
      vertex 12.6109 -14.9219 4.4
      vertex 12.5595 -14.8922 4.4
    endloop
  endfacet
  facet normal -0.406654 -0.913582 0
    outer loop
      vertex 6.3211 -4.092 4.4
      vertex 6.37531 -4.11613 19.5
      vertex 6.3211 -4.092 19.5
    endloop
  endfacet
  facet normal -0.406654 -0.913582 -0
    outer loop
      vertex 6.37531 -4.11613 19.5
      vertex 6.3211 -4.092 4.4
      vertex 6.37531 -4.11613 4.4
    endloop
  endfacet
  facet normal -0.587661 -0.809108 0
    outer loop
      vertex 6.63193 -4.2643 4.4
      vertex 6.67994 -4.29917 19.5
      vertex 6.63193 -4.2643 19.5
    endloop
  endfacet
  facet normal -0.587661 -0.809108 -0
    outer loop
      vertex 6.67994 -4.29917 19.5
      vertex 6.63193 -4.2643 4.4
      vertex 6.67994 -4.29917 4.4
    endloop
  endfacet
  facet normal -0.469521 -0.882921 0
    outer loop
      vertex 6.42864 -4.14214 4.4
      vertex 6.48103 -4.17 19.5
      vertex 6.42864 -4.14214 19.5
    endloop
  endfacet
  facet normal -0.469521 -0.882921 -0
    outer loop
      vertex 6.48103 -4.17 19.5
      vertex 6.42864 -4.14214 4.4
      vertex 6.48103 -4.17 4.4
    endloop
  endfacet
  facet normal -0.719634 0.694354 0
    outer loop
      vertex 14.6371 -14.6371 4.4
      vertex 14.6783 -14.5944 19.5
      vertex 14.6783 -14.5944 4.4
    endloop
  endfacet
  facet normal -0.719634 0.694354 0
    outer loop
      vertex 14.6783 -14.5944 19.5
      vertex 14.6371 -14.6371 4.4
      vertex 14.6371 -14.6371 19.5
    endloop
  endfacet
  facet normal -0.719634 -0.694354 0
    outer loop
      vertex 14.6783 -12.2756 4.4
      vertex 14.6371 -12.2329 19.5
      vertex 14.6371 -12.2329 4.4
    endloop
  endfacet
  facet normal -0.719634 -0.694354 0
    outer loop
      vertex 14.6371 -12.2329 19.5
      vertex 14.6783 -12.2756 4.4
      vertex 14.6783 -12.2756 19.5
    endloop
  endfacet
  facet normal -1 0 0
    outer loop
      vertex 15.1348 -13.4647 4.4
      vertex 15.1348 -13.4054 19.5
      vertex 15.1348 -13.4054 4.4
    endloop
  endfacet
  facet normal -1 -0 0
    outer loop
      vertex 15.1348 -13.4054 19.5
      vertex 15.1348 -13.4647 4.4
      vertex 15.1348 -13.4647 19.5
    endloop
  endfacet
  facet normal -0.913742 -0.406295 0
    outer loop
      vertex 14.9999 -12.7708 4.4
      vertex 14.9758 -12.7166 19.5
      vertex 14.9758 -12.7166 4.4
    endloop
  endfacet
  facet normal -0.913742 -0.406295 0
    outer loop
      vertex 14.9758 -12.7166 19.5
      vertex 14.9999 -12.7708 4.4
      vertex 14.9999 -12.7708 19.5
    endloop
  endfacet
  facet normal -0.898429 -0.43912 0
    outer loop
      vertex 14.9758 -12.7166 4.4
      vertex 14.9497 -12.6632 19.5
      vertex 14.9497 -12.6632 4.4
    endloop
  endfacet
  facet normal -0.898429 -0.43912 0
    outer loop
      vertex 14.9497 -12.6632 19.5
      vertex 14.9758 -12.7166 4.4
      vertex 14.9758 -12.7166 19.5
    endloop
  endfacet
  facet normal -0.828927 -0.559357 0
    outer loop
      vertex 14.8608 -12.5091 4.4
      vertex 14.8276 -12.4599 19.5
      vertex 14.8276 -12.4599 4.4
    endloop
  endfacet
  facet normal -0.828927 -0.559357 0
    outer loop
      vertex 14.8276 -12.4599 19.5
      vertex 14.8608 -12.5091 4.4
      vertex 14.8608 -12.5091 19.5
    endloop
  endfacet
  facet normal -0.848754 -0.528787 0
    outer loop
      vertex 14.8922 -12.5595 4.4
      vertex 14.8608 -12.5091 19.5
      vertex 14.8608 -12.5091 4.4
    endloop
  endfacet
  facet normal -0.848754 -0.528787 0
    outer loop
      vertex 14.8608 -12.5091 19.5
      vertex 14.8922 -12.5595 4.4
      vertex 14.8922 -12.5595 19.5
    endloop
  endfacet
  facet normal -0.999374 -0.035391 0
    outer loop
      vertex 15.1348 -13.4054 4.4
      vertex 15.1327 -13.3461 19.5
      vertex 15.1327 -13.3461 4.4
    endloop
  endfacet
  facet normal -0.999374 -0.035391 0
    outer loop
      vertex 15.1327 -13.3461 19.5
      vertex 15.1348 -13.4054 4.4
      vertex 15.1348 -13.4054 19.5
    endloop
  endfacet
  facet normal -0.990184 -0.139771 0
    outer loop
      vertex 15.1224 -13.2279 4.4
      vertex 15.1141 -13.1691 19.5
      vertex 15.1141 -13.1691 4.4
    endloop
  endfacet
  facet normal -0.990184 -0.139771 0
    outer loop
      vertex 15.1141 -13.1691 19.5
      vertex 15.1224 -13.2279 4.4
      vertex 15.1224 -13.2279 19.5
    endloop
  endfacet
  facet normal -0.927309 -0.374296 0
    outer loop
      vertex 15.0221 -12.8258 4.4
      vertex 14.9999 -12.7708 19.5
      vertex 14.9999 -12.7708 4.4
    endloop
  endfacet
  facet normal -0.927309 -0.374296 0
    outer loop
      vertex 14.9999 -12.7708 19.5
      vertex 15.0221 -12.8258 4.4
      vertex 15.0221 -12.8258 19.5
    endloop
  endfacet
  facet normal -0.951183 -0.308628 0
    outer loop
      vertex 15.0607 -12.938 4.4
      vertex 15.0424 -12.8816 19.5
      vertex 15.0424 -12.8816 4.4
    endloop
  endfacet
  facet normal -0.951183 -0.308628 0
    outer loop
      vertex 15.0424 -12.8816 19.5
      vertex 15.0607 -12.938 4.4
      vertex 15.0607 -12.938 19.5
    endloop
  endfacet
  facet normal -0.978317 -0.207114 0
    outer loop
      vertex 15.1038 -13.1107 4.4
      vertex 15.0915 -13.0526 19.5
      vertex 15.0915 -13.0526 4.4
    endloop
  endfacet
  facet normal -0.978317 -0.207114 0
    outer loop
      vertex 15.0915 -13.0526 19.5
      vertex 15.1038 -13.1107 4.4
      vertex 15.1038 -13.1107 19.5
    endloop
  endfacet
  facet normal -0.951183 0.308628 0
    outer loop
      vertex 15.0424 -13.9885 4.4
      vertex 15.0607 -13.9321 19.5
      vertex 15.0607 -13.9321 4.4
    endloop
  endfacet
  facet normal -0.951183 0.308628 0
    outer loop
      vertex 15.0607 -13.9321 19.5
      vertex 15.0424 -13.9885 4.4
      vertex 15.0424 -13.9885 19.5
    endloop
  endfacet
  facet normal -0.913742 0.406295 0
    outer loop
      vertex 14.9758 -14.1535 4.4
      vertex 14.9999 -14.0993 19.5
      vertex 14.9999 -14.0993 4.4
    endloop
  endfacet
  facet normal -0.913742 0.406295 0
    outer loop
      vertex 14.9999 -14.0993 19.5
      vertex 14.9758 -14.1535 4.4
      vertex 14.9758 -14.1535 19.5
    endloop
  endfacet
  facet normal -0.828927 0.559357 0
    outer loop
      vertex 14.8276 -14.4101 4.4
      vertex 14.8608 -14.3609 19.5
      vertex 14.8608 -14.3609 4.4
    endloop
  endfacet
  facet normal -0.828927 0.559357 0
    outer loop
      vertex 14.8608 -14.3609 19.5
      vertex 14.8276 -14.4101 4.4
      vertex 14.8276 -14.4101 19.5
    endloop
  endfacet
  facet normal -0.898103 0.439784 0
    outer loop
      vertex 14.9497 -14.2068 4.4
      vertex 14.9758 -14.1535 19.5
      vertex 14.9758 -14.1535 4.4
    endloop
  endfacet
  facet normal -0.898103 0.439784 0
    outer loop
      vertex 14.9758 -14.1535 19.5
      vertex 14.9497 -14.2068 4.4
      vertex 14.9497 -14.2068 19.5
    endloop
  endfacet
  facet normal -0.808809 0.588072 0
    outer loop
      vertex 14.7927 -14.4581 4.4
      vertex 14.8276 -14.4101 19.5
      vertex 14.8276 -14.4101 4.4
    endloop
  endfacet
  facet normal -0.808809 0.588072 0
    outer loop
      vertex 14.8276 -14.4101 19.5
      vertex 14.7927 -14.4581 4.4
      vertex 14.7927 -14.4581 19.5
    endloop
  endfacet
  facet normal -0.788535 0.61499 0
    outer loop
      vertex 14.7562 -14.5049 4.4
      vertex 14.7927 -14.4581 19.5
      vertex 14.7927 -14.4581 4.4
    endloop
  endfacet
  facet normal -0.788535 0.61499 0
    outer loop
      vertex 14.7927 -14.4581 19.5
      vertex 14.7562 -14.5049 4.4
      vertex 14.7562 -14.5049 19.5
    endloop
  endfacet
  facet normal 0.939665 0.342095 0
    outer loop
      vertex 4.06977 -6.26608 19.5
      vertex 4.04947 -6.21032 4.4
      vertex 4.04947 -6.21032 19.5
    endloop
  endfacet
  facet normal 0.939665 0.342095 0
    outer loop
      vertex 4.04947 -6.21032 4.4
      vertex 4.06977 -6.26608 19.5
      vertex 4.06977 -6.26608 4.4
    endloop
  endfacet
  facet normal 0.913582 0.406654 0
    outer loop
      vertex 4.11613 -6.37531 19.5
      vertex 4.092 -6.3211 4.4
      vertex 4.092 -6.3211 19.5
    endloop
  endfacet
  facet normal 0.913582 0.406654 0
    outer loop
      vertex 4.092 -6.3211 4.4
      vertex 4.11613 -6.37531 19.5
      vertex 4.11613 -6.37531 4.4
    endloop
  endfacet
  facet normal 0.848074 0.529878 0
    outer loop
      vertex 4.23111 -6.58274 19.5
      vertex 4.19967 -6.53242 4.4
      vertex 4.19967 -6.53242 19.5
    endloop
  endfacet
  facet normal 0.848074 0.529878 0
    outer loop
      vertex 4.19967 -6.53242 4.4
      vertex 4.23111 -6.58274 19.5
      vertex 4.23111 -6.58274 4.4
    endloop
  endfacet
  facet normal 0.809108 0.587661 0
    outer loop
      vertex 4.29917 -6.67994 19.5
      vertex 4.2643 -6.63193 4.4
      vertex 4.2643 -6.63193 19.5
    endloop
  endfacet
  facet normal 0.809108 0.587661 0
    outer loop
      vertex 4.2643 -6.63193 4.4
      vertex 4.29917 -6.67994 19.5
      vertex 4.29917 -6.67994 4.4
    endloop
  endfacet
  facet normal 0.76602 0.642817 0
    outer loop
      vertex 4.37385 -6.77215 19.5
      vertex 4.33571 -6.7267 4.4
      vertex 4.33571 -6.7267 19.5
    endloop
  endfacet
  facet normal 0.76602 0.642817 0
    outer loop
      vertex 4.33571 -6.7267 4.4
      vertex 4.37385 -6.77215 19.5
      vertex 4.37385 -6.77215 4.4
    endloop
  endfacet
  facet normal -0.104509 0.994524 0
    outer loop
      vertex 13.6422 -15.1224 4.4
      vertex 13.5832 -15.1286 19.5
      vertex 13.6422 -15.1224 19.5
    endloop
  endfacet
  facet normal -0.104509 0.994524 0
    outer loop
      vertex 13.5832 -15.1286 19.5
      vertex 13.6422 -15.1224 4.4
      vertex 13.5832 -15.1286 4.4
    endloop
  endfacet
  facet normal -0.406295 0.913742 0
    outer loop
      vertex 14.1535 -14.9758 4.4
      vertex 14.0993 -14.9999 19.5
      vertex 14.1535 -14.9758 19.5
    endloop
  endfacet
  facet normal -0.406295 0.913742 0
    outer loop
      vertex 14.0993 -14.9999 19.5
      vertex 14.1535 -14.9758 4.4
      vertex 14.0993 -14.9999 4.4
    endloop
  endfacet
  facet normal -0.276055 0.961142 0
    outer loop
      vertex 13.9321 -15.0607 4.4
      vertex 13.875 -15.0771 19.5
      vertex 13.9321 -15.0607 19.5
    endloop
  endfacet
  facet normal -0.276055 0.961142 0
    outer loop
      vertex 13.875 -15.0771 19.5
      vertex 13.9321 -15.0607 4.4
      vertex 13.875 -15.0771 4.4
    endloop
  endfacet
  facet normal -0.207455 0.978244 0
    outer loop
      vertex 13.8174 -15.0915 4.4
      vertex 13.7594 -15.1038 19.5
      vertex 13.8174 -15.0915 19.5
    endloop
  endfacet
  facet normal -0.207455 0.978244 0
    outer loop
      vertex 13.7594 -15.1038 19.5
      vertex 13.8174 -15.0915 4.4
      vertex 13.7594 -15.1038 4.4
    endloop
  endfacet
  facet normal -0.242536 0.970143 0
    outer loop
      vertex 13.875 -15.0771 4.4
      vertex 13.8174 -15.0915 19.5
      vertex 13.875 -15.0771 19.5
    endloop
  endfacet
  facet normal -0.242536 0.970143 0
    outer loop
      vertex 13.8174 -15.0915 19.5
      vertex 13.875 -15.0771 4.4
      vertex 13.8174 -15.0915 4.4
    endloop
  endfacet
  facet normal -0.468662 0.883378 0
    outer loop
      vertex 14.2592 -14.9219 4.4
      vertex 14.2068 -14.9497 19.5
      vertex 14.2592 -14.9219 19.5
    endloop
  endfacet
  facet normal -0.468662 0.883378 0
    outer loop
      vertex 14.2068 -14.9497 19.5
      vertex 14.2592 -14.9219 4.4
      vertex 14.2068 -14.9497 4.4
    endloop
  endfacet
  facet normal -0.61499 0.788535 0
    outer loop
      vertex 14.5049 -14.7562 4.4
      vertex 14.4581 -14.7927 19.5
      vertex 14.5049 -14.7562 19.5
    endloop
  endfacet
  facet normal -0.61499 0.788535 0
    outer loop
      vertex 14.4581 -14.7927 19.5
      vertex 14.5049 -14.7562 4.4
      vertex 14.4581 -14.7927 4.4
    endloop
  endfacet
  facet normal -0.588072 0.808809 0
    outer loop
      vertex 14.4581 -14.7927 4.4
      vertex 14.4101 -14.8276 19.5
      vertex 14.4581 -14.7927 19.5
    endloop
  endfacet
  facet normal -0.588072 0.808809 0
    outer loop
      vertex 14.4101 -14.8276 19.5
      vertex 14.4581 -14.7927 4.4
      vertex 14.4101 -14.8276 4.4
    endloop
  endfacet
  facet normal 0.0690913 0.99761 -0
    outer loop
      vertex 13.3461 -15.1327 4.4
      vertex 13.2869 -15.1286 19.5
      vertex 13.3461 -15.1327 19.5
    endloop
  endfacet
  facet normal 0.0690913 0.99761 0
    outer loop
      vertex 13.2869 -15.1286 19.5
      vertex 13.3461 -15.1327 4.4
      vertex 13.2869 -15.1286 4.4
    endloop
  endfacet
  facet normal 0.104509 0.994524 -0
    outer loop
      vertex 13.2869 -15.1286 4.4
      vertex 13.2279 -15.1224 19.5
      vertex 13.2869 -15.1286 19.5
    endloop
  endfacet
  facet normal 0.104509 0.994524 0
    outer loop
      vertex 13.2279 -15.1224 19.5
      vertex 13.2869 -15.1286 4.4
      vertex 13.2279 -15.1224 4.4
    endloop
  endfacet
  facet normal 0.308628 0.951183 -0
    outer loop
      vertex 12.938 -15.0607 4.4
      vertex 12.8816 -15.0424 19.5
      vertex 12.938 -15.0607 19.5
    endloop
  endfacet
  facet normal 0.308628 0.951183 0
    outer loop
      vertex 12.8816 -15.0424 19.5
      vertex 12.938 -15.0607 4.4
      vertex 12.8816 -15.0424 4.4
    endloop
  endfacet
  facet normal 0.406295 0.913742 -0
    outer loop
      vertex 12.7708 -14.9999 4.4
      vertex 12.7166 -14.9758 19.5
      vertex 12.7708 -14.9999 19.5
    endloop
  endfacet
  facet normal 0.406295 0.913742 0
    outer loop
      vertex 12.7166 -14.9758 19.5
      vertex 12.7708 -14.9999 4.4
      vertex 12.7166 -14.9758 4.4
    endloop
  endfacet
  facet normal 0.559357 0.828927 -0
    outer loop
      vertex 12.5091 -14.8608 4.4
      vertex 12.4599 -14.8276 19.5
      vertex 12.5091 -14.8608 19.5
    endloop
  endfacet
  facet normal 0.559357 0.828927 0
    outer loop
      vertex 12.4599 -14.8276 19.5
      vertex 12.5091 -14.8608 4.4
      vertex 12.4599 -14.8276 4.4
    endloop
  endfacet
  facet normal 0.588072 0.808809 -0
    outer loop
      vertex 12.4599 -14.8276 4.4
      vertex 12.4119 -14.7927 19.5
      vertex 12.4599 -14.8276 19.5
    endloop
  endfacet
  facet normal 0.588072 0.808809 0
    outer loop
      vertex 12.4119 -14.7927 19.5
      vertex 12.4599 -14.8276 4.4
      vertex 12.4119 -14.7927 4.4
    endloop
  endfacet
  facet normal -0.5 -0.866026 0
    outer loop
      vertex 6.48103 -4.17 4.4
      vertex 6.53242 -4.19967 19.5
      vertex 6.48103 -4.17 19.5
    endloop
  endfacet
  facet normal -0.5 -0.866026 -0
    outer loop
      vertex 6.53242 -4.19967 19.5
      vertex 6.48103 -4.17 4.4
      vertex 6.53242 -4.19967 4.4
    endloop
  endfacet
  facet normal -0.529878 -0.848074 0
    outer loop
      vertex 6.53242 -4.19967 4.4
      vertex 6.58274 -4.23111 19.5
      vertex 6.53242 -4.19967 19.5
    endloop
  endfacet
  facet normal -0.529878 -0.848074 -0
    outer loop
      vertex 6.58274 -4.23111 19.5
      vertex 6.53242 -4.19967 4.4
      vertex 6.58274 -4.23111 4.4
    endloop
  endfacet
  facet normal -0.74321 0.669058 0
    outer loop
      vertex 14.6783 -14.5944 4.4
      vertex 14.718 -14.5503 19.5
      vertex 14.718 -14.5503 4.4
    endloop
  endfacet
  facet normal -0.74321 0.669058 0
    outer loop
      vertex 14.718 -14.5503 19.5
      vertex 14.6783 -14.5944 4.4
      vertex 14.6783 -14.5944 19.5
    endloop
  endfacet
  facet normal -0.74321 -0.669058 0
    outer loop
      vertex 14.718 -12.3197 4.4
      vertex 14.6783 -12.2756 19.5
      vertex 14.6783 -12.2756 4.4
    endloop
  endfacet
  facet normal -0.74321 -0.669058 0
    outer loop
      vertex 14.6783 -12.2756 19.5
      vertex 14.718 -12.3197 4.4
      vertex 14.718 -12.3197 19.5
    endloop
  endfacet
  facet normal -0.999379 0.0352426 0
    outer loop
      vertex 15.1334 -13.5044 4.4
      vertex 15.1348 -13.4647 19.5
      vertex 15.1348 -13.4647 4.4
    endloop
  endfacet
  facet normal -0.999363 0.0356915 -1.18184e-06
    outer loop
      vertex 15.1327 -13.524 4.4
      vertex 15.1348 -13.4647 19.5
      vertex 15.1334 -13.5044 4.4
    endloop
  endfacet
  facet normal -0.999374 0.035391 0
    outer loop
      vertex 15.1348 -13.4647 19.5
      vertex 15.1327 -13.524 4.4
      vertex 15.1327 -13.524 19.5
    endloop
  endfacet
  facet normal -0.978244 0.207455 0
    outer loop
      vertex 15.0915 -13.8174 4.4
      vertex 15.1038 -13.7594 19.5
      vertex 15.1038 -13.7594 4.4
    endloop
  endfacet
  facet normal -0.978244 0.207455 0
    outer loop
      vertex 15.1038 -13.7594 19.5
      vertex 15.0915 -13.8174 4.4
      vertex 15.0915 -13.8174 19.5
    endloop
  endfacet
  facet normal -0.927309 0.374296 0
    outer loop
      vertex 14.9999 -14.0993 4.4
      vertex 15.0221 -14.0443 19.5
      vertex 15.0221 -14.0443 4.4
    endloop
  endfacet
  facet normal -0.927309 0.374296 0
    outer loop
      vertex 15.0221 -14.0443 19.5
      vertex 14.9999 -14.0993 4.4
      vertex 14.9999 -14.0993 19.5
    endloop
  endfacet
  facet normal -0.848282 0.529544 0
    outer loop
      vertex 14.8608 -14.3609 4.4
      vertex 14.8922 -14.3106 19.5
      vertex 14.8922 -14.3106 4.4
    endloop
  endfacet
  facet normal -0.848282 0.529544 0
    outer loop
      vertex 14.8922 -14.3106 19.5
      vertex 14.8608 -14.3609 4.4
      vertex 14.8608 -14.3609 19.5
    endloop
  endfacet
  facet normal 0.951082 0.308937 0
    outer loop
      vertex 4.04947 -6.21032 19.5
      vertex 4.03114 -6.15389 4.4
      vertex 4.03114 -6.15389 19.5
    endloop
  endfacet
  facet normal 0.951082 0.308937 0
    outer loop
      vertex 4.03114 -6.15389 4.4
      vertex 4.04947 -6.21032 19.5
      vertex 4.04947 -6.21032 4.4
    endloop
  endfacet
  facet normal 0.927181 0.374614 0
    outer loop
      vertex 4.092 -6.3211 19.5
      vertex 4.06977 -6.26608 4.4
      vertex 4.06977 -6.26608 19.5
    endloop
  endfacet
  facet normal 0.927181 0.374614 0
    outer loop
      vertex 4.06977 -6.26608 4.4
      vertex 4.092 -6.3211 19.5
      vertex 4.092 -6.3211 4.4
    endloop
  endfacet
  facet normal 0.898799 0.438361 0
    outer loop
      vertex 4.14214 -6.42864 19.5
      vertex 4.11613 -6.37531 4.4
      vertex 4.11613 -6.37531 19.5
    endloop
  endfacet
  facet normal 0.898799 0.438361 0
    outer loop
      vertex 4.11613 -6.37531 4.4
      vertex 4.14214 -6.42864 19.5
      vertex 4.14214 -6.42864 4.4
    endloop
  endfacet
  facet normal 0.787953 0.615736 0
    outer loop
      vertex 4.33571 -6.7267 19.5
      vertex 4.29917 -6.67994 4.4
      vertex 4.29917 -6.67994 19.5
    endloop
  endfacet
  facet normal 0.787953 0.615736 0
    outer loop
      vertex 4.29917 -6.67994 4.4
      vertex 4.33571 -6.7267 19.5
      vertex 4.33571 -6.7267 4.4
    endloop
  endfacet
  facet normal 0.74321 0.669058 0
    outer loop
      vertex 4.41355 -6.81625 19.5
      vertex 4.37385 -6.77215 4.4
      vertex 4.37385 -6.77215 19.5
    endloop
  endfacet
  facet normal 0.74321 0.669058 0
    outer loop
      vertex 4.37385 -6.77215 4.4
      vertex 4.41355 -6.81625 19.5
      vertex 4.41355 -6.81625 4.4
    endloop
  endfacet
  facet normal -0.139771 0.990184 0
    outer loop
      vertex 13.701 -15.1141 4.4
      vertex 13.6422 -15.1224 19.5
      vertex 13.701 -15.1141 19.5
    endloop
  endfacet
  facet normal -0.139771 0.990184 0
    outer loop
      vertex 13.6422 -15.1224 19.5
      vertex 13.701 -15.1141 4.4
      vertex 13.6422 -15.1224 4.4
    endloop
  endfacet
  facet normal -0.308628 0.951183 0
    outer loop
      vertex 13.9885 -15.0424 4.4
      vertex 13.9321 -15.0607 19.5
      vertex 13.9885 -15.0424 19.5
    endloop
  endfacet
  facet normal -0.308628 0.951183 0
    outer loop
      vertex 13.9321 -15.0607 19.5
      vertex 13.9885 -15.0424 4.4
      vertex 13.9321 -15.0607 4.4
    endloop
  endfacet
  facet normal -0.529544 0.848282 0
    outer loop
      vertex 14.3609 -14.8608 4.4
      vertex 14.3106 -14.8922 19.5
      vertex 14.3609 -14.8608 19.5
    endloop
  endfacet
  facet normal -0.529544 0.848282 0
    outer loop
      vertex 14.3106 -14.8922 19.5
      vertex 14.3609 -14.8608 4.4
      vertex 14.3106 -14.8922 4.4
    endloop
  endfacet
  facet normal -0.669058 0.74321 0
    outer loop
      vertex 14.5944 -14.6783 4.4
      vertex 14.5503 -14.718 19.5
      vertex 14.5944 -14.6783 19.5
    endloop
  endfacet
  facet normal -0.669058 0.74321 0
    outer loop
      vertex 14.5503 -14.718 19.5
      vertex 14.5944 -14.6783 4.4
      vertex 14.5503 -14.718 4.4
    endloop
  endfacet
  facet normal 0.207114 0.978317 -0
    outer loop
      vertex 13.1107 -15.1038 4.4
      vertex 13.0526 -15.0915 19.5
      vertex 13.1107 -15.1038 19.5
    endloop
  endfacet
  facet normal 0.207114 0.978317 0
    outer loop
      vertex 13.0526 -15.0915 19.5
      vertex 13.1107 -15.1038 4.4
      vertex 13.0526 -15.0915 4.4
    endloop
  endfacet
  facet normal 0 1 -0
    outer loop
      vertex 13.4647 -15.1348 4.4
      vertex 13.4054 -15.1348 19.5
      vertex 13.4647 -15.1348 19.5
    endloop
  endfacet
  facet normal 0 1 0
    outer loop
      vertex 13.4054 -15.1348 19.5
      vertex 13.4647 -15.1348 4.4
      vertex 13.4054 -15.1348 4.4
    endloop
  endfacet
  facet normal 0.341878 0.939744 -0
    outer loop
      vertex 12.8816 -15.0424 4.4
      vertex 12.8258 -15.0221 19.5
      vertex 12.8816 -15.0424 19.5
    endloop
  endfacet
  facet normal 0.341878 0.939744 0
    outer loop
      vertex 12.8258 -15.0221 19.5
      vertex 12.8816 -15.0424 4.4
      vertex 12.8258 -15.0221 4.4
    endloop
  endfacet
  facet normal 0.528787 0.848754 -0
    outer loop
      vertex 12.5595 -14.8922 4.4
      vertex 12.5091 -14.8608 19.5
      vertex 12.5595 -14.8922 19.5
    endloop
  endfacet
  facet normal 0.528787 0.848754 0
    outer loop
      vertex 12.5091 -14.8608 19.5
      vertex 12.5595 -14.8922 4.4
      vertex 12.5091 -14.8608 4.4
    endloop
  endfacet
  facet normal -0.308937 -0.951082 0
    outer loop
      vertex 6.15389 -4.03114 4.4
      vertex 6.21032 -4.04947 19.5
      vertex 6.15389 -4.03114 19.5
    endloop
  endfacet
  facet normal -0.308937 -0.951082 -0
    outer loop
      vertex 6.21032 -4.04947 19.5
      vertex 6.15389 -4.03114 4.4
      vertex 6.21032 -4.04947 4.4
    endloop
  endfacet
  facet normal -0.438361 -0.898799 0
    outer loop
      vertex 6.37531 -4.11613 4.4
      vertex 6.42864 -4.14214 19.5
      vertex 6.37531 -4.11613 19.5
    endloop
  endfacet
  facet normal -0.438361 -0.898799 -0
    outer loop
      vertex 6.42864 -4.14214 19.5
      vertex 6.37531 -4.11613 4.4
      vertex 6.42864 -4.14214 4.4
    endloop
  endfacet
  facet normal -0.374614 -0.927181 0
    outer loop
      vertex 6.26608 -4.06977 4.4
      vertex 6.3211 -4.092 19.5
      vertex 6.26608 -4.06977 19.5
    endloop
  endfacet
  facet normal -0.374614 -0.927181 -0
    outer loop
      vertex 6.3211 -4.092 19.5
      vertex 6.26608 -4.06977 4.4
      vertex 6.3211 -4.092 4.4
    endloop
  endfacet
  facet normal -0.99761 0.0690913 0
    outer loop
      vertex 15.1286 -13.5832 4.4
      vertex 15.1327 -13.524 19.5
      vertex 15.1327 -13.524 4.4
    endloop
  endfacet
  facet normal -0.99761 0.0690913 0
    outer loop
      vertex 15.1327 -13.524 19.5
      vertex 15.1286 -13.5832 4.4
      vertex 15.1286 -13.5832 19.5
    endloop
  endfacet
  facet normal -0.994524 0.104509 0
    outer loop
      vertex 15.1224 -13.6422 4.4
      vertex 15.1286 -13.5832 19.5
      vertex 15.1286 -13.5832 4.4
    endloop
  endfacet
  facet normal -0.994524 0.104509 0
    outer loop
      vertex 15.1286 -13.5832 19.5
      vertex 15.1224 -13.6422 4.4
      vertex 15.1224 -13.6422 19.5
    endloop
  endfacet
  facet normal -0.984801 0.173689 0
    outer loop
      vertex 15.1038 -13.7594 4.4
      vertex 15.1141 -13.701 19.5
      vertex 15.1141 -13.701 4.4
    endloop
  endfacet
  facet normal -0.984801 0.173689 0
    outer loop
      vertex 15.1141 -13.701 19.5
      vertex 15.1038 -13.7594 4.4
      vertex 15.1038 -13.7594 19.5
    endloop
  endfacet
  facet normal -0.939744 0.341878 0
    outer loop
      vertex 15.0221 -14.0443 4.4
      vertex 15.0424 -13.9885 19.5
      vertex 15.0424 -13.9885 4.4
    endloop
  endfacet
  facet normal -0.939744 0.341878 0
    outer loop
      vertex 15.0424 -13.9885 19.5
      vertex 15.0221 -14.0443 4.4
      vertex 15.0221 -14.0443 19.5
    endloop
  endfacet
  facet normal -0.865849 0.500306 0
    outer loop
      vertex 14.8922 -14.3106 4.4
      vertex 14.9219 -14.2592 19.5
      vertex 14.9219 -14.2592 4.4
    endloop
  endfacet
  facet normal -0.865849 0.500306 0
    outer loop
      vertex 14.9219 -14.2592 19.5
      vertex 14.8922 -14.3106 4.4
      vertex 14.8922 -14.3106 19.5
    endloop
  endfacet
  facet normal 0.961244 0.2757 0
    outer loop
      vertex 4.03114 -6.15389 19.5
      vertex 4.01478 -6.09685 4.4
      vertex 4.01478 -6.09685 19.5
    endloop
  endfacet
  facet normal 0.961244 0.2757 0
    outer loop
      vertex 4.01478 -6.09685 4.4
      vertex 4.03114 -6.15389 19.5
      vertex 4.03114 -6.15389 4.4
    endloop
  endfacet
  facet normal -0.241924 -0.970295 0
    outer loop
      vertex 6.04455 -4.00174 4.4
      vertex 6.09685 -4.01478 19.5
      vertex 6.04455 -4.00174 19.5
    endloop
  endfacet
  facet normal -0.241924 -0.970295 -0
    outer loop
      vertex 6.09685 -4.01478 19.5
      vertex 6.04455 -4.00174 4.4
      vertex 6.09685 -4.01478 4.4
    endloop
  endfacet
  facet normal -0.2757 -0.961244 0
    outer loop
      vertex 6.09685 -4.01478 4.4
      vertex 6.15389 -4.03114 19.5
      vertex 6.09685 -4.01478 19.5
    endloop
  endfacet
  facet normal -0.2757 -0.961244 -0
    outer loop
      vertex 6.15389 -4.03114 19.5
      vertex 6.09685 -4.01478 4.4
      vertex 6.15389 -4.03114 4.4
    endloop
  endfacet
  facet normal -0.342095 -0.939665 0
    outer loop
      vertex 6.21032 -4.04947 4.4
      vertex 6.26608 -4.06977 19.5
      vertex 6.21032 -4.04947 19.5
    endloop
  endfacet
  facet normal -0.342095 -0.939665 -0
    outer loop
      vertex 6.26608 -4.06977 19.5
      vertex 6.21032 -4.04947 4.4
      vertex 6.26608 -4.06977 4.4
    endloop
  endfacet
  facet normal -0.970143 0.242536 0
    outer loop
      vertex 15.0771 -13.875 4.4
      vertex 15.0915 -13.8174 19.5
      vertex 15.0915 -13.8174 4.4
    endloop
  endfacet
  facet normal -0.970143 0.242536 0
    outer loop
      vertex 15.0915 -13.8174 19.5
      vertex 15.0771 -13.875 4.4
      vertex 15.0771 -13.875 19.5
    endloop
  endfacet
  facet normal -0.961142 0.276055 0
    outer loop
      vertex 15.0607 -13.9321 4.4
      vertex 15.0771 -13.875 19.5
      vertex 15.0771 -13.875 4.4
    endloop
  endfacet
  facet normal -0.961142 0.276055 0
    outer loop
      vertex 15.0771 -13.875 19.5
      vertex 15.0607 -13.9321 4.4
      vertex 15.0607 -13.9321 19.5
    endloop
  endfacet
  facet normal 0.998627 -0.0523899 0
    outer loop
      vertex 23.6427 -1.29539 7.3
      vertex 23.6673 -0.826479 0
      vertex 23.6673 -0.826479 7.3
    endloop
  endfacet
  facet normal 0.998628 -0.0523736 0
    outer loop
      vertex 23.624 -1.65195 0
      vertex 23.6427 -1.29539 7.3
      vertex 23.624 -1.65195 7.3
    endloop
  endfacet
  facet normal 0.998627 -0.0523829 4.54126e-07
    outer loop
      vertex 23.6427 -1.29539 7.3
      vertex 23.624 -1.65195 0
      vertex 23.6673 -0.826479 0
    endloop
  endfacet
  facet normal 0.998628 -0.0523735 0
    outer loop
      vertex 23.6673 -0.826479 19.5
      vertex 23.6486 -1.18304 17.7
      vertex 23.6673 -0.826479 17.7
    endloop
  endfacet
  facet normal 0.998627 -0.0523829 1.87084e-06
    outer loop
      vertex 23.624 -1.65195 19.5
      vertex 23.6486 -1.18304 17.7
      vertex 23.6673 -0.826479 19.5
    endloop
  endfacet
  facet normal 0.998627 -0.05239 0
    outer loop
      vertex 23.6486 -1.18304 17.7
      vertex 23.624 -1.65195 19.5
      vertex 23.624 -1.65195 17.7
    endloop
  endfacet
  facet normal 0.998628 -0.0523735 0
    outer loop
      vertex 23.6673 -0.826479 13.3
      vertex 23.6486 -1.18304 11.7
      vertex 23.6673 -0.826479 11.7
    endloop
  endfacet
  facet normal 0.998627 -0.0523899 3.68021e-06
    outer loop
      vertex 23.6427 -1.29539 13.3
      vertex 23.6486 -1.18304 11.7
      vertex 23.6673 -0.826479 13.3
    endloop
  endfacet
  facet normal 0.998628 -0.0523736 0
    outer loop
      vertex 23.624 -1.65195 11.7
      vertex 23.6427 -1.29539 13.3
      vertex 23.624 -1.65195 13.3
    endloop
  endfacet
  facet normal 0.998627 -0.05239 3.67236e-06
    outer loop
      vertex 23.6427 -1.29539 13.3
      vertex 23.624 -1.65195 11.7
      vertex 23.6486 -1.18304 11.7
    endloop
  endfacet
  facet normal 0.422521 -0.906353 0
    outer loop
      vertex 10.0578 -21.4359 17.7
      vertex 9.63221 -21.6343 19.5
      vertex 9.63221 -21.6343 17.7
    endloop
  endfacet
  facet normal 0.422566 -0.906332 1.29652e-05
    outer loop
      vertex 9.63221 -21.6343 19.5
      vertex 10.0578 -21.4359 17.7
      vertex 10.3814 -21.285 19.5
    endloop
  endfacet
  facet normal 0.422625 -0.906305 0
    outer loop
      vertex 10.3814 -21.285 19.5
      vertex 10.0578 -21.4359 17.7
      vertex 10.3814 -21.285 17.7
    endloop
  endfacet
  facet normal 0.422625 -0.906305 0
    outer loop
      vertex 9.63221 -21.6343 0
      vertex 9.95581 -21.4834 7.3
      vertex 9.63221 -21.6343 7.3
    endloop
  endfacet
  facet normal 0.422566 -0.906332 3.19689e-06
    outer loop
      vertex 10.3814 -21.285 0
      vertex 9.95581 -21.4834 7.3
      vertex 9.63221 -21.6343 0
    endloop
  endfacet
  facet normal 0.422521 -0.906353 0
    outer loop
      vertex 9.95581 -21.4834 7.3
      vertex 10.3814 -21.285 0
      vertex 10.3814 -21.285 7.3
    endloop
  endfacet
  facet normal 0.422625 -0.906305 0
    outer loop
      vertex 9.63221 -21.6343 11.7
      vertex 9.95581 -21.4834 13.3
      vertex 9.63221 -21.6343 13.3
    endloop
  endfacet
  facet normal 0.422521 -0.906353 2.56768e-05
    outer loop
      vertex 9.95581 -21.4834 13.3
      vertex 9.63221 -21.6343 11.7
      vertex 10.0578 -21.4359 11.7
    endloop
  endfacet
  facet normal 0.422521 -0.906353 2.56768e-05
    outer loop
      vertex 9.95581 -21.4834 13.3
      vertex 10.0578 -21.4359 11.7
      vertex 10.3814 -21.285 13.3
    endloop
  endfacet
  facet normal 0.422625 -0.906305 0
    outer loop
      vertex 10.3814 -21.285 13.3
      vertex 10.0578 -21.4359 11.7
      vertex 10.3814 -21.285 11.7
    endloop
  endfacet
  facet normal 0 0 -1
    outer loop
      vertex 16.4507 -17.0352 0
      vertex 16.9706 -11.6673 0
      vertex 17.0352 -16.4507 0
    endloop
  endfacet
  facet normal 0 0 -1
    outer loop
      vertex 11.6673 -16.9706 0
      vertex 16.4507 -17.0352 0
      vertex 15.8461 -17.5989 0
    endloop
  endfacet
  facet normal 0 0 -1
    outer loop
      vertex 11.6673 -16.9706 0
      vertex 15.8461 -17.5989 0
      vertex 15.2223 -18.1412 0
    endloop
  endfacet
  facet normal 0 0 -1
    outer loop
      vertex 11.6673 -16.9706 0
      vertex 15.2223 -18.1412 0
      vertex 14.5799 -18.6614 0
    endloop
  endfacet
  facet normal 0 0 -1
    outer loop
      vertex 11.6673 -16.9706 0
      vertex 14.5799 -18.6614 0
      vertex 13.9197 -19.1589 0
    endloop
  endfacet
  facet normal 0 0 -1
    outer loop
      vertex 11.6673 -16.9706 0
      vertex 13.9197 -19.1589 0
      vertex 13.2426 -19.633 0
    endloop
  endfacet
  facet normal 0 0 -1
    outer loop
      vertex 11.6673 -16.9706 0
      vertex 13.2426 -19.633 0
      vertex 12.5494 -20.0832 0
    endloop
  endfacet
  facet normal 0 0 -1
    outer loop
      vertex 11.6673 -16.9706 0
      vertex 12.5494 -20.0832 0
      vertex 11.8408 -20.5089 0
    endloop
  endfacet
  facet normal 0 0 -1
    outer loop
      vertex 16.4507 -17.0352 0
      vertex 11.6673 -16.9706 0
      vertex 16.9706 -11.6673 0
    endloop
  endfacet
  facet normal 0 0 -1
    outer loop
      vertex 11.1179 -20.9097 0
      vertex 11.6673 -16.9706 0
      vertex 11.8408 -20.5089 0
    endloop
  endfacet
  facet normal 0 0 -1
    outer loop
      vertex 10.3814 -21.285 0
      vertex 11.6673 -16.9706 0
      vertex 11.1179 -20.9097 0
    endloop
  endfacet
  facet normal 0 0 -1
    outer loop
      vertex 9.63221 -21.6343 0
      vertex 11.6673 -16.9706 0
      vertex 10.3814 -21.285 0
    endloop
  endfacet
  facet normal 0 0 -1
    outer loop
      vertex 8.87132 -21.9573 0
      vertex 11.6673 -16.9706 0
      vertex 9.63221 -21.6343 0
    endloop
  endfacet
  facet normal 0 0 -1
    outer loop
      vertex 8.09962 -22.2535 0
      vertex 11.6673 -16.9706 0
      vertex 8.87132 -21.9573 0
    endloop
  endfacet
  facet normal 0 0 -1
    outer loop
      vertex 7.31804 -22.5226 0
      vertex 11.6673 -16.9706 0
      vertex 8.09962 -22.2535 0
    endloop
  endfacet
  facet normal 0 0 -1
    outer loop
      vertex 6.52756 -22.7643 0
      vertex 11.6673 -16.9706 0
      vertex 7.31804 -22.5226 0
    endloop
  endfacet
  facet normal 0 0 -1
    outer loop
      vertex 5.72912 -22.9782 0
      vertex 11.6673 -16.9706 0
      vertex 6.52756 -22.7643 0
    endloop
  endfacet
  facet normal 0 0 -1
    outer loop
      vertex 1.73558 -7.03888 0
      vertex 5.72912 -22.9782 0
      vertex 4.9237 -23.1642 0
    endloop
  endfacet
  facet normal 0 0 -1
    outer loop
      vertex 1.50736 -7.09157 0
      vertex 4.9237 -23.1642 0
      vertex 4.11228 -23.3219 0
    endloop
  endfacet
  facet normal 0 0 -1
    outer loop
      vertex 1.25895 -7.13986 0
      vertex 4.11228 -23.3219 0
      vertex 3.29585 -23.4512 0
    endloop
  endfacet
  facet normal 0 0 -1
    outer loop
      vertex 1.009 -7.17944 0
      vertex 3.29585 -23.4512 0
      vertex 2.47541 -23.552 0
    endloop
  endfacet
  facet normal 0 0 -1
    outer loop
      vertex 5.72912 -22.9782 0
      vertex 1.73558 -7.03888 0
      vertex 11.6673 -16.9706 0
    endloop
  endfacet
  facet normal 0 0 -1
    outer loop
      vertex 0.757831 -7.21028 0
      vertex 2.47541 -23.552 0
      vertex 1.65195 -23.624 0
    endloop
  endfacet
  facet normal 0 0 -1
    outer loop
      vertex 4.9237 -23.1642 0
      vertex 1.50736 -7.09157 0
      vertex 1.73558 -7.03888 0
    endloop
  endfacet
  facet normal 0 0 -1
    outer loop
      vertex 4.11228 -23.3219 0
      vertex 1.25895 -7.13986 0
      vertex 1.50736 -7.09157 0
    endloop
  endfacet
  facet normal 0 0 -1
    outer loop
      vertex 3.29585 -23.4512 0
      vertex 1.009 -7.17944 0
      vertex 1.25895 -7.13986 0
    endloop
  endfacet
  facet normal 0 0 -1
    outer loop
      vertex 0.505733 -7.23234 0
      vertex 1.65195 -23.624 0
      vertex 0.826479 -23.6673 0
    endloop
  endfacet
  facet normal 0 0 -1
    outer loop
      vertex 2.47541 -23.552 0
      vertex 0.757831 -7.21028 0
      vertex 1.009 -7.17944 0
    endloop
  endfacet
  facet normal 0 0 -1
    outer loop
      vertex 1.65195 -23.624 0
      vertex 0.505733 -7.23234 0
      vertex 0.757831 -7.21028 0
    endloop
  endfacet
  facet normal 0 0 -1
    outer loop
      vertex 0.826479 -23.6673 0
      vertex 0.253021 -7.24558 0
      vertex 0.505733 -7.23234 0
    endloop
  endfacet
  facet normal 0 0 -1
    outer loop
      vertex 0 -23.6817 0
      vertex 0.253021 -7.24558 0
      vertex 0.826479 -23.6673 0
    endloop
  endfacet
  facet normal 0 0 -1
    outer loop
      vertex 0 -23.6817 0
      vertex 0 -7.25 0
      vertex 0.253021 -7.24558 0
    endloop
  endfacet
  facet normal 0 0 -1
    outer loop
      vertex 0 -23.6817 0
      vertex -0.253021 -7.24558 0
      vertex 0 -7.25 0
    endloop
  endfacet
  facet normal 0 0 -1
    outer loop
      vertex -0.826479 -23.6673 0
      vertex -0.253021 -7.24558 0
      vertex 0 -23.6817 0
    endloop
  endfacet
  facet normal -0 0 -1
    outer loop
      vertex -0.253021 -7.24558 0
      vertex -0.826479 -23.6673 0
      vertex -0.505733 -7.23234 0
    endloop
  endfacet
  facet normal 0 0 -1
    outer loop
      vertex -1.65195 -23.624 0
      vertex -0.505733 -7.23234 0
      vertex -0.826479 -23.6673 0
    endloop
  endfacet
  facet normal -0 0 -1
    outer loop
      vertex -0.505733 -7.23234 0
      vertex -1.65195 -23.624 0
      vertex -0.757831 -7.21028 0
    endloop
  endfacet
  facet normal 0 0 -1
    outer loop
      vertex -2.47541 -23.552 0
      vertex -0.757831 -7.21028 0
      vertex -1.65195 -23.624 0
    endloop
  endfacet
  facet normal -0 0 -1
    outer loop
      vertex -0.757831 -7.21028 0
      vertex -2.47541 -23.552 0
      vertex -1.009 -7.17944 0
    endloop
  endfacet
  facet normal 0 0 -1
    outer loop
      vertex -3.29585 -23.4512 0
      vertex -1.009 -7.17944 0
      vertex -2.47541 -23.552 0
    endloop
  endfacet
  facet normal -0 0 -1
    outer loop
      vertex -1.009 -7.17944 0
      vertex -3.29585 -23.4512 0
      vertex -1.25895 -7.13986 0
    endloop
  endfacet
  facet normal 0 0 -1
    outer loop
      vertex -4.11228 -23.3219 0
      vertex -1.25895 -7.13986 0
      vertex -3.29585 -23.4512 0
    endloop
  endfacet
  facet normal -0 0 -1
    outer loop
      vertex -1.25895 -7.13986 0
      vertex -4.11228 -23.3219 0
      vertex -1.50736 -7.09157 0
    endloop
  endfacet
  facet normal 0 0 -1
    outer loop
      vertex -4.9237 -23.1642 0
      vertex -1.50736 -7.09157 0
      vertex -4.11228 -23.3219 0
    endloop
  endfacet
  facet normal -0 0 -1
    outer loop
      vertex -1.50736 -7.09157 0
      vertex -4.9237 -23.1642 0
      vertex -1.73558 -7.03888 0
    endloop
  endfacet
  facet normal 0 0 -1
    outer loop
      vertex -5.72912 -22.9782 0
      vertex -1.73558 -7.03888 0
      vertex -4.9237 -23.1642 0
    endloop
  endfacet
  facet normal 0 0 -1
    outer loop
      vertex -11.6673 -16.9706 0
      vertex -5.72912 -22.9782 0
      vertex -6.52756 -22.7643 0
    endloop
  endfacet
  facet normal 0 0 -1
    outer loop
      vertex -11.6673 -16.9706 0
      vertex -6.52756 -22.7643 0
      vertex -7.31804 -22.5226 0
    endloop
  endfacet
  facet normal 0 0 -1
    outer loop
      vertex -11.6673 -16.9706 0
      vertex -7.31804 -22.5226 0
      vertex -8.09962 -22.2535 0
    endloop
  endfacet
  facet normal 0 0 -1
    outer loop
      vertex -11.6673 -16.9706 0
      vertex -8.09962 -22.2535 0
      vertex -8.87132 -21.9573 0
    endloop
  endfacet
  facet normal 0 0 -1
    outer loop
      vertex -11.6673 -16.9706 0
      vertex -8.87132 -21.9573 0
      vertex -9.63221 -21.6343 0
    endloop
  endfacet
  facet normal 0 0 -1
    outer loop
      vertex -11.6673 -16.9706 0
      vertex -9.63221 -21.6343 0
      vertex -10.3814 -21.285 0
    endloop
  endfacet
  facet normal 0 0 -1
    outer loop
      vertex -11.6673 -16.9706 0
      vertex -10.3814 -21.285 0
      vertex -11.1179 -20.9097 0
    endloop
  endfacet
  facet normal 0 0 -1
    outer loop
      vertex -5.72912 -22.9782 0
      vertex -11.6673 -16.9706 0
      vertex -1.73558 -7.03888 0
    endloop
  endfacet
  facet normal 0 0 -1
    outer loop
      vertex -11.8408 -20.5089 0
      vertex -11.6673 -16.9706 0
      vertex -11.1179 -20.9097 0
    endloop
  endfacet
  facet normal 0 0 -1
    outer loop
      vertex -12.5494 -20.0832 0
      vertex -11.6673 -16.9706 0
      vertex -11.8408 -20.5089 0
    endloop
  endfacet
  facet normal 0 0 -1
    outer loop
      vertex -13.2426 -19.633 0
      vertex -11.6673 -16.9706 0
      vertex -12.5494 -20.0832 0
    endloop
  endfacet
  facet normal 0 0 -1
    outer loop
      vertex -13.9197 -19.1589 0
      vertex -11.6673 -16.9706 0
      vertex -13.2426 -19.633 0
    endloop
  endfacet
  facet normal 0 0 -1
    outer loop
      vertex -14.5799 -18.6614 0
      vertex -11.6673 -16.9706 0
      vertex -13.9197 -19.1589 0
    endloop
  endfacet
  facet normal 0 0 -1
    outer loop
      vertex -15.2223 -18.1412 0
      vertex -11.6673 -16.9706 0
      vertex -14.5799 -18.6614 0
    endloop
  endfacet
  facet normal 0 0 -1
    outer loop
      vertex -15.8461 -17.5989 0
      vertex -11.6673 -16.9706 0
      vertex -15.2223 -18.1412 0
    endloop
  endfacet
  facet normal 0 0 -1
    outer loop
      vertex -16.4507 -17.0352 0
      vertex -11.6673 -16.9706 0
      vertex -15.8461 -17.5989 0
    endloop
  endfacet
  facet normal 0 0 -1
    outer loop
      vertex -16.4507 -17.0352 0
      vertex -16.9706 -11.6673 0
      vertex -11.6673 -16.9706 0
    endloop
  endfacet
  facet normal 0 -0 -1
    outer loop
      vertex -16.9706 -11.6673 0
      vertex -16.4507 -17.0352 0
      vertex -17.0352 -16.4507 0
    endloop
  endfacet
  facet normal 0 0 -1
    outer loop
      vertex 7.24558 -0.253021 0
      vertex 23.6673 -0.826479 0
      vertex 23.624 -1.65195 0
    endloop
  endfacet
  facet normal 0 0 -1
    outer loop
      vertex 7.23234 -0.505733 0
      vertex 23.624 -1.65195 0
      vertex 23.552 -2.47541 0
    endloop
  endfacet
  facet normal 0 0 -1
    outer loop
      vertex 7.21028 -0.757831 0
      vertex 23.552 -2.47541 0
      vertex 23.4512 -3.29585 0
    endloop
  endfacet
  facet normal 0 0 -1
    outer loop
      vertex 7.17944 -1.009 0
      vertex 23.4512 -3.29585 0
      vertex 23.3219 -4.11228 0
    endloop
  endfacet
  facet normal 0 0 -1
    outer loop
      vertex 7.13986 -1.25895 0
      vertex 23.3219 -4.11228 0
      vertex 23.1642 -4.9237 0
    endloop
  endfacet
  facet normal 0 0 -1
    outer loop
      vertex 7.09157 -1.50736 0
      vertex 23.1642 -4.9237 0
      vertex 22.9782 -5.72912 0
    endloop
  endfacet
  facet normal 0 0 -1
    outer loop
      vertex 16.9706 -11.6673 0
      vertex 22.9782 -5.72912 0
      vertex 22.7643 -6.52756 0
    endloop
  endfacet
  facet normal 0 0 -1
    outer loop
      vertex 16.9706 -11.6673 0
      vertex 22.7643 -6.52756 0
      vertex 22.5226 -7.31804 0
    endloop
  endfacet
  facet normal 0 0 -1
    outer loop
      vertex 16.9706 -11.6673 0
      vertex 22.5226 -7.31804 0
      vertex 22.2535 -8.09962 0
    endloop
  endfacet
  facet normal 0 0 -1
    outer loop
      vertex 16.9706 -11.6673 0
      vertex 22.2535 -8.09962 0
      vertex 21.9573 -8.87132 0
    endloop
  endfacet
  facet normal 0 0 -1
    outer loop
      vertex 16.9706 -11.6673 0
      vertex 21.9573 -8.87132 0
      vertex 21.6343 -9.63221 0
    endloop
  endfacet
  facet normal 0 0 -1
    outer loop
      vertex 16.9706 -11.6673 0
      vertex 21.6343 -9.63221 0
      vertex 21.285 -10.3814 0
    endloop
  endfacet
  facet normal 0 0 -1
    outer loop
      vertex 16.9706 -11.6673 0
      vertex 21.285 -10.3814 0
      vertex 20.9097 -11.1179 0
    endloop
  endfacet
  facet normal 0 0 -1
    outer loop
      vertex 16.9706 -11.6673 0
      vertex 20.9097 -11.1179 0
      vertex 20.5089 -11.8408 0
    endloop
  endfacet
  facet normal 0 0 -1
    outer loop
      vertex 16.9706 -11.6673 0
      vertex 20.5089 -11.8408 0
      vertex 20.0832 -12.5494 0
    endloop
  endfacet
  facet normal 0 0 -1
    outer loop
      vertex 16.9706 -11.6673 0
      vertex 20.0832 -12.5494 0
      vertex 19.633 -13.2426 0
    endloop
  endfacet
  facet normal 0 0 -1
    outer loop
      vertex 16.9706 -11.6673 0
      vertex 19.633 -13.2426 0
      vertex 19.1589 -13.9197 0
    endloop
  endfacet
  facet normal 0 0 -1
    outer loop
      vertex 16.9706 -11.6673 0
      vertex 19.1589 -13.9197 0
      vertex 18.6614 -14.5799 0
    endloop
  endfacet
  facet normal 0 0 -1
    outer loop
      vertex 16.9706 -11.6673 0
      vertex 18.6614 -14.5799 0
      vertex 18.1412 -15.2223 0
    endloop
  endfacet
  facet normal 0 0 -1
    outer loop
      vertex 16.9706 -11.6673 0
      vertex 18.1412 -15.2223 0
      vertex 17.5989 -15.8461 0
    endloop
  endfacet
  facet normal 0 0 -1
    outer loop
      vertex 16.9706 -11.6673 0
      vertex 17.5989 -15.8461 0
      vertex 17.0352 -16.4507 0
    endloop
  endfacet
  facet normal -0 0 -1
    outer loop
      vertex 22.9782 -5.72912 0
      vertex 16.9706 -11.6673 0
      vertex 7.03888 -1.73558 0
    endloop
  endfacet
  facet normal 0 0 -1
    outer loop
      vertex 23.3219 -4.11228 0
      vertex 7.13986 -1.25895 0
      vertex 7.17944 -1.009 0
    endloop
  endfacet
  facet normal -0 0 -1
    outer loop
      vertex 23.6817 0 0
      vertex 7.24558 -0.253021 0
      vertex 7.25 0 0
    endloop
  endfacet
  facet normal 0 0 -1
    outer loop
      vertex 23.6673 -0.826479 0
      vertex 7.24558 -0.253021 0
      vertex 23.6817 0 0
    endloop
  endfacet
  facet normal 0 -0 -1
    outer loop
      vertex 7.24558 -0.253021 0
      vertex 23.624 -1.65195 0
      vertex 7.23234 -0.505733 0
    endloop
  endfacet
  facet normal 0 0 -1
    outer loop
      vertex 23.552 -2.47541 0
      vertex 7.21028 -0.757831 0
      vertex 7.23234 -0.505733 0
    endloop
  endfacet
  facet normal 0 0 -1
    outer loop
      vertex 23.4512 -3.29585 0
      vertex 7.17944 -1.009 0
      vertex 7.21028 -0.757831 0
    endloop
  endfacet
  facet normal 0 0 -1
    outer loop
      vertex 23.1642 -4.9237 0
      vertex 7.09157 -1.50736 0
      vertex 7.13986 -1.25895 0
    endloop
  endfacet
  facet normal 0 0 -1
    outer loop
      vertex 22.9782 -5.72912 0
      vertex 7.03888 -1.73558 0
      vertex 7.09157 -1.50736 0
    endloop
  endfacet
  facet normal 0 0 -1
    outer loop
      vertex -22.9782 -5.72912 0
      vertex -7.03888 -1.73558 0
      vertex -16.9706 -11.6673 0
    endloop
  endfacet
  facet normal -0 0 -1
    outer loop
      vertex -7.03888 -1.73558 0
      vertex -22.9782 -5.72912 0
      vertex -7.09157 -1.50736 0
    endloop
  endfacet
  facet normal 0 0 -1
    outer loop
      vertex -23.1642 -4.9237 0
      vertex -7.09157 -1.50736 0
      vertex -22.9782 -5.72912 0
    endloop
  endfacet
  facet normal -0 0 -1
    outer loop
      vertex -7.09157 -1.50736 0
      vertex -23.1642 -4.9237 0
      vertex -7.13986 -1.25895 0
    endloop
  endfacet
  facet normal 0 0 -1
    outer loop
      vertex -23.3219 -4.11228 0
      vertex -7.13986 -1.25895 0
      vertex -23.1642 -4.9237 0
    endloop
  endfacet
  facet normal -0 0 -1
    outer loop
      vertex -7.13986 -1.25895 0
      vertex -23.3219 -4.11228 0
      vertex -7.17944 -1.009 0
    endloop
  endfacet
  facet normal 0 0 -1
    outer loop
      vertex -23.4512 -3.29585 0
      vertex -7.17944 -1.009 0
      vertex -23.3219 -4.11228 0
    endloop
  endfacet
  facet normal 0 0 -1
    outer loop
      vertex -17.5989 -15.8461 0
      vertex -16.9706 -11.6673 0
      vertex -17.0352 -16.4507 0
    endloop
  endfacet
  facet normal 0 0 -1
    outer loop
      vertex -18.1412 -15.2223 0
      vertex -16.9706 -11.6673 0
      vertex -17.5989 -15.8461 0
    endloop
  endfacet
  facet normal 0 0 -1
    outer loop
      vertex -18.6614 -14.5799 0
      vertex -16.9706 -11.6673 0
      vertex -18.1412 -15.2223 0
    endloop
  endfacet
  facet normal 0 0 -1
    outer loop
      vertex -19.1589 -13.9197 0
      vertex -16.9706 -11.6673 0
      vertex -18.6614 -14.5799 0
    endloop
  endfacet
  facet normal 0 0 -1
    outer loop
      vertex -19.633 -13.2426 0
      vertex -16.9706 -11.6673 0
      vertex -19.1589 -13.9197 0
    endloop
  endfacet
  facet normal 0 0 -1
    outer loop
      vertex -20.0832 -12.5494 0
      vertex -16.9706 -11.6673 0
      vertex -19.633 -13.2426 0
    endloop
  endfacet
  facet normal 0 0 -1
    outer loop
      vertex -20.5089 -11.8408 0
      vertex -16.9706 -11.6673 0
      vertex -20.0832 -12.5494 0
    endloop
  endfacet
  facet normal 0 0 -1
    outer loop
      vertex -20.9097 -11.1179 0
      vertex -16.9706 -11.6673 0
      vertex -20.5089 -11.8408 0
    endloop
  endfacet
  facet normal 0 0 -1
    outer loop
      vertex -21.285 -10.3814 0
      vertex -16.9706 -11.6673 0
      vertex -20.9097 -11.1179 0
    endloop
  endfacet
  facet normal 0 0 -1
    outer loop
      vertex -21.6343 -9.63221 0
      vertex -16.9706 -11.6673 0
      vertex -21.285 -10.3814 0
    endloop
  endfacet
  facet normal 0 0 -1
    outer loop
      vertex -21.9573 -8.87132 0
      vertex -16.9706 -11.6673 0
      vertex -21.6343 -9.63221 0
    endloop
  endfacet
  facet normal 0 0 -1
    outer loop
      vertex -22.2535 -8.09962 0
      vertex -16.9706 -11.6673 0
      vertex -21.9573 -8.87132 0
    endloop
  endfacet
  facet normal 0 0 -1
    outer loop
      vertex -22.5226 -7.31804 0
      vertex -16.9706 -11.6673 0
      vertex -22.2535 -8.09962 0
    endloop
  endfacet
  facet normal 0 0 -1
    outer loop
      vertex -22.7643 -6.52756 0
      vertex -16.9706 -11.6673 0
      vertex -22.5226 -7.31804 0
    endloop
  endfacet
  facet normal 0 0 -1
    outer loop
      vertex -22.9782 -5.72912 0
      vertex -16.9706 -11.6673 0
      vertex -22.7643 -6.52756 0
    endloop
  endfacet
  facet normal -0 0 -1
    outer loop
      vertex -7.17944 -1.009 0
      vertex -23.4512 -3.29585 0
      vertex -7.21028 -0.757831 0
    endloop
  endfacet
  facet normal 0 0 -1
    outer loop
      vertex -23.552 -2.47541 0
      vertex -7.21028 -0.757831 0
      vertex -23.4512 -3.29585 0
    endloop
  endfacet
  facet normal -0 0 -1
    outer loop
      vertex -7.21028 -0.757831 0
      vertex -23.552 -2.47541 0
      vertex -7.23234 -0.505733 0
    endloop
  endfacet
  facet normal 0 0 -1
    outer loop
      vertex -23.624 -1.65195 0
      vertex -7.23234 -0.505733 0
      vertex -23.552 -2.47541 0
    endloop
  endfacet
  facet normal -0 0 -1
    outer loop
      vertex -7.23234 -0.505733 0
      vertex -23.624 -1.65195 0
      vertex -7.24558 -0.253021 0
    endloop
  endfacet
  facet normal 0 0 -1
    outer loop
      vertex -23.6673 -0.826479 0
      vertex -7.24558 -0.253021 0
      vertex -23.624 -1.65195 0
    endloop
  endfacet
  facet normal -0 0 -1
    outer loop
      vertex -7.24558 -0.253021 0
      vertex -23.6673 -0.826479 0
      vertex -7.25 0 0
    endloop
  endfacet
  facet normal -0 0 -1
    outer loop
      vertex -7.25 0 0
      vertex -23.6673 -0.826479 0
      vertex -23.6817 0 0
    endloop
  endfacet
  facet normal 0.992526 -0.122029 0
    outer loop
      vertex 23.4947 -2.94146 7.3
      vertex 23.552 -2.47541 0
      vertex 23.552 -2.47541 7.3
    endloop
  endfacet
  facet normal 0.992551 -0.121832 0
    outer loop
      vertex 23.4512 -3.29585 0
      vertex 23.4947 -2.94146 7.3
      vertex 23.4512 -3.29585 7.3
    endloop
  endfacet
  facet normal 0.992537 -0.121944 5.53043e-06
    outer loop
      vertex 23.4947 -2.94146 7.3
      vertex 23.4512 -3.29585 0
      vertex 23.552 -2.47541 0
    endloop
  endfacet
  facet normal 0.992517 -0.122108 0
    outer loop
      vertex 23.552 -2.47541 19.5
      vertex 23.5084 -2.8298 17.7
      vertex 23.552 -2.47541 17.7
    endloop
  endfacet
  facet normal 0.992537 -0.121944 -3.2712e-05
    outer loop
      vertex 23.4512 -3.29585 19.5
      vertex 23.5084 -2.8298 17.7
      vertex 23.552 -2.47541 19.5
    endloop
  endfacet
  facet normal 0.992552 -0.12182 0
    outer loop
      vertex 23.5084 -2.8298 17.7
      vertex 23.4512 -3.29585 19.5
      vertex 23.4512 -3.29585 17.7
    endloop
  endfacet
  facet normal 0.992517 -0.122108 0
    outer loop
      vertex 23.552 -2.47541 13.3
      vertex 23.5084 -2.8298 11.7
      vertex 23.552 -2.47541 11.7
    endloop
  endfacet
  facet normal 0.992526 -0.122029 -1.76136e-05
    outer loop
      vertex 23.4947 -2.94146 13.3
      vertex 23.5084 -2.8298 11.7
      vertex 23.552 -2.47541 13.3
    endloop
  endfacet
  facet normal 0.992551 -0.121832 0
    outer loop
      vertex 23.4512 -3.29585 11.7
      vertex 23.4947 -2.94146 13.3
      vertex 23.4512 -3.29585 13.3
    endloop
  endfacet
  facet normal 0.992552 -0.12182 -2.75132e-06
    outer loop
      vertex 23.4947 -2.94146 13.3
      vertex 23.4512 -3.29585 11.7
      vertex 23.5084 -2.8298 11.7
    endloop
  endfacet
  facet normal 0.85732 -0.514784 0
    outer loop
      vertex 20.5089 -11.8408 19.5
      vertex 20.3251 -12.1469 17.7
      vertex 20.5089 -11.8408 17.7
    endloop
  endfacet
  facet normal 0.857205 -0.514976 4.44167e-05
    outer loop
      vertex 20.0832 -12.5494 19.5
      vertex 20.3251 -12.1469 17.7
      vertex 20.5089 -11.8408 19.5
    endloop
  endfacet
  facet normal 0.857117 -0.515122 0
    outer loop
      vertex 20.3251 -12.1469 17.7
      vertex 20.0832 -12.5494 19.5
      vertex 20.0832 -12.5494 17.7
    endloop
  endfacet
  facet normal 0.857211 -0.514965 0
    outer loop
      vertex 20.2671 -12.2433 7.3
      vertex 20.5089 -11.8408 0
      vertex 20.5089 -11.8408 7.3
    endloop
  endfacet
  facet normal 0.857196 -0.51499 0
    outer loop
      vertex 20.0832 -12.5494 0
      vertex 20.2671 -12.2433 7.3
      vertex 20.0832 -12.5494 7.3
    endloop
  endfacet
  facet normal 0.857205 -0.514976 -7.90458e-07
    outer loop
      vertex 20.2671 -12.2433 7.3
      vertex 20.0832 -12.5494 0
      vertex 20.5089 -11.8408 0
    endloop
  endfacet
  facet normal 0.85732 -0.514784 0
    outer loop
      vertex 20.5089 -11.8408 13.3
      vertex 20.3251 -12.1469 11.7
      vertex 20.5089 -11.8408 11.7
    endloop
  endfacet
  facet normal 0.857211 -0.514965 4.72265e-05
    outer loop
      vertex 20.2671 -12.2433 13.3
      vertex 20.3251 -12.1469 11.7
      vertex 20.5089 -11.8408 13.3
    endloop
  endfacet
  facet normal 0.857196 -0.51499 0
    outer loop
      vertex 20.0832 -12.5494 11.7
      vertex 20.2671 -12.2433 13.3
      vertex 20.0832 -12.5494 13.3
    endloop
  endfacet
  facet normal 0.857117 -0.515122 3.43912e-05
    outer loop
      vertex 20.2671 -12.2433 13.3
      vertex 20.0832 -12.5494 11.7
      vertex 20.3251 -12.1469 11.7
    endloop
  endfacet
  facet normal 0.655943 -0.75481 0
    outer loop
      vertex 15.2223 -18.1412 0
      vertex 15.4918 -17.907 7.3
      vertex 15.2223 -18.1412 7.3
    endloop
  endfacet
  facet normal 0.656086 -0.754686 -9.26259e-06
    outer loop
      vertex 15.8461 -17.5989 0
      vertex 15.4918 -17.907 7.3
      vertex 15.2223 -18.1412 0
    endloop
  endfacet
  facet normal 0.656195 -0.754592 0
    outer loop
      vertex 15.4918 -17.907 7.3
      vertex 15.8461 -17.5989 0
      vertex 15.8461 -17.5989 7.3
    endloop
  endfacet
  facet normal 0.656086 -0.754686 4.08113e-05
    outer loop
      vertex 15.2223 -18.1412 19.5
      vertex 15.5767 -17.8332 17.7
      vertex 15.8461 -17.5989 19.5
    endloop
  endfacet
  facet normal 0.655968 -0.754789 0
    outer loop
      vertex 15.5767 -17.8332 17.7
      vertex 15.2223 -18.1412 19.5
      vertex 15.2223 -18.1412 17.7
    endloop
  endfacet
  facet normal 0.656241 -0.754551 0
    outer loop
      vertex 15.8461 -17.5989 19.5
      vertex 15.5767 -17.8332 17.7
      vertex 15.8461 -17.5989 17.7
    endloop
  endfacet
  facet normal 0.655943 -0.75481 0
    outer loop
      vertex 15.2223 -18.1412 11.7
      vertex 15.4918 -17.907 13.3
      vertex 15.2223 -18.1412 13.3
    endloop
  endfacet
  facet normal 0.656195 -0.754592 1.37772e-05
    outer loop
      vertex 15.4918 -17.907 13.3
      vertex 15.5767 -17.8332 11.7
      vertex 15.8461 -17.5989 13.3
    endloop
  endfacet
  facet normal 0.655968 -0.754789 -7.34769e-06
    outer loop
      vertex 15.4918 -17.907 13.3
      vertex 15.2223 -18.1412 11.7
      vertex 15.5767 -17.8332 11.7
    endloop
  endfacet
  facet normal 0.656241 -0.754551 0
    outer loop
      vertex 15.8461 -17.5989 13.3
      vertex 15.5767 -17.8332 11.7
      vertex 15.8461 -17.5989 11.7
    endloop
  endfacet
  facet normal 0.0871038 -0.996199 0
    outer loop
      vertex 2.11972 -23.5831 17.7
      vertex 1.65195 -23.624 19.5
      vertex 1.65195 -23.624 17.7
    endloop
  endfacet
  facet normal 0.0871036 -0.996199 -4.97351e-08
    outer loop
      vertex 1.65195 -23.624 19.5
      vertex 2.11972 -23.5831 17.7
      vertex 2.47541 -23.552 19.5
    endloop
  endfacet
  facet normal 0.0871034 -0.996199 0
    outer loop
      vertex 2.47541 -23.552 17.7
      vertex 2.47541 -23.552 19.5
      vertex 2.11972 -23.5831 17.7
    endloop
  endfacet
  facet normal 0.0871009 -0.996199 0
    outer loop
      vertex 1.65195 -23.624 7.3
      vertex 1.65195 -23.624 0
      vertex 2.00765 -23.5929 7.3
    endloop
  endfacet
  facet normal 0.0871057 -0.996199 0
    outer loop
      vertex 2.47541 -23.552 0
      vertex 2.47541 -23.552 7.3
      vertex 2.00765 -23.5929 7.3
    endloop
  endfacet
  facet normal 0.0871036 -0.996199 -1.31583e-07
    outer loop
      vertex 2.47541 -23.552 0
      vertex 2.00765 -23.5929 7.3
      vertex 1.65195 -23.624 0
    endloop
  endfacet
  facet normal 0.0871009 -0.996199 0
    outer loop
      vertex 1.65195 -23.624 13.3
      vertex 1.65195 -23.624 11.7
      vertex 2.00765 -23.5929 13.3
    endloop
  endfacet
  facet normal 0.0871057 -0.996199 -5.12465e-07
    outer loop
      vertex 2.00765 -23.5929 13.3
      vertex 2.11972 -23.5831 11.7
      vertex 2.47541 -23.552 13.3
    endloop
  endfacet
  facet normal 0.0871038 -0.996199 -6.42896e-07
    outer loop
      vertex 2.00765 -23.5929 13.3
      vertex 1.65195 -23.624 11.7
      vertex 2.11972 -23.5831 11.7
    endloop
  endfacet
  facet normal 0.0871034 -0.996199 0
    outer loop
      vertex 2.47541 -23.552 11.7
      vertex 2.47541 -23.552 13.3
      vertex 2.11972 -23.5831 11.7
    endloop
  endfacet
  facet normal 0 0 1
    outer loop
      vertex -6.14835 -3.84191 19.5
      vertex -6.09685 -4.01478 19.5
      vertex -6.04455 -4.00174 19.5
    endloop
  endfacet
  facet normal 0 0 1
    outer loop
      vertex -6.14835 -3.84191 19.5
      vertex -6.15389 -4.03114 19.5
      vertex -6.09685 -4.01478 19.5
    endloop
  endfacet
  facet normal 0 0 1
    outer loop
      vertex -6.14835 -3.84191 19.5
      vertex -6.21032 -4.04947 19.5
      vertex -6.15389 -4.03114 19.5
    endloop
  endfacet
  facet normal 0 0 1
    outer loop
      vertex -6.14835 -3.84191 19.5
      vertex -6.26608 -4.06977 19.5
      vertex -6.21032 -4.04947 19.5
    endloop
  endfacet
  facet normal 0 0 1
    outer loop
      vertex -6.3211 -4.092 19.5
      vertex -6.14835 -3.84191 19.5
      vertex -6.27868 -3.625 19.5
    endloop
  endfacet
  facet normal 0 0 1
    outer loop
      vertex -6.14835 -3.84191 19.5
      vertex -6.3211 -4.092 19.5
      vertex -6.26608 -4.06977 19.5
    endloop
  endfacet
  facet normal 0 0 1
    outer loop
      vertex -6.27868 -3.625 19.5
      vertex -6.37531 -4.11613 19.5
      vertex -6.3211 -4.092 19.5
    endloop
  endfacet
  facet normal 0 0 1
    outer loop
      vertex -6.53242 -4.19967 19.5
      vertex -6.27868 -3.625 19.5
      vertex -6.40137 -3.40367 19.5
    endloop
  endfacet
  facet normal 0 0 1
    outer loop
      vertex -6.27868 -3.625 19.5
      vertex -6.42864 -4.14214 19.5
      vertex -6.37531 -4.11613 19.5
    endloop
  endfacet
  facet normal 0 0 1
    outer loop
      vertex -6.27868 -3.625 19.5
      vertex -6.48103 -4.17 19.5
      vertex -6.42864 -4.14214 19.5
    endloop
  endfacet
  facet normal 0 0 1
    outer loop
      vertex -6.67994 -4.29917 19.5
      vertex -6.40137 -3.40367 19.5
      vertex -6.51626 -3.17819 19.5
    endloop
  endfacet
  facet normal 0 0 1
    outer loop
      vertex -6.27868 -3.625 19.5
      vertex -6.53242 -4.19967 19.5
      vertex -6.48103 -4.17 19.5
    endloop
  endfacet
  facet normal 0 0 1
    outer loop
      vertex -6.40137 -3.40367 19.5
      vertex -6.58274 -4.23111 19.5
      vertex -6.53242 -4.19967 19.5
    endloop
  endfacet
  facet normal 0 0 1
    outer loop
      vertex -6.81625 -4.41355 19.5
      vertex -6.51626 -3.17819 19.5
      vertex -6.6232 -2.94884 19.5
    endloop
  endfacet
  facet normal 0 0 1
    outer loop
      vertex -6.40137 -3.40367 19.5
      vertex -6.63193 -4.2643 19.5
      vertex -6.58274 -4.23111 19.5
    endloop
  endfacet
  facet normal 0 0 1
    outer loop
      vertex -6.40137 -3.40367 19.5
      vertex -6.67994 -4.29917 19.5
      vertex -6.63193 -4.2643 19.5
    endloop
  endfacet
  facet normal 0 0 1
    outer loop
      vertex -6.85894 -4.45477 19.5
      vertex -6.6232 -2.94884 19.5
      vertex -6.72208 -2.7159 19.5
    endloop
  endfacet
  facet normal 0 0 1
    outer loop
      vertex -6.51626 -3.17819 19.5
      vertex -6.7267 -4.33571 19.5
      vertex -6.67994 -4.29917 19.5
    endloop
  endfacet
  facet normal 0 0 1
    outer loop
      vertex -6.51626 -3.17819 19.5
      vertex -6.77215 -4.37385 19.5
      vertex -6.7267 -4.33571 19.5
    endloop
  endfacet
  facet normal 0 0 1
    outer loop
      vertex -6.85894 -4.45477 19.5
      vertex -6.72208 -2.7159 19.5
      vertex -6.81277 -2.47965 19.5
    endloop
  endfacet
  facet normal 0 0 1
    outer loop
      vertex -6.51626 -3.17819 19.5
      vertex -6.81625 -4.41355 19.5
      vertex -6.77215 -4.37385 19.5
    endloop
  endfacet
  facet normal 0 0 1
    outer loop
      vertex -6.6232 -2.94884 19.5
      vertex -6.85894 -4.45477 19.5
      vertex -6.81625 -4.41355 19.5
    endloop
  endfacet
  facet normal 0 0 1
    outer loop
      vertex -12.2014 -1.74873 19.5
      vertex -6.81277 -2.47965 19.5
      vertex -6.89516 -2.24037 19.5
    endloop
  endfacet
  facet normal 0 0 1
    outer loop
      vertex -12.1421 -1.65 19.5
      vertex -6.89516 -2.24037 19.5
      vertex -6.96915 -1.99837 19.5
    endloop
  endfacet
  facet normal 0 0 1
    outer loop
      vertex -12.034 -1.44662 19.5
      vertex -6.96915 -1.99837 19.5
      vertex -7.03464 -1.75393 19.5
    endloop
  endfacet
  facet normal 0 0 1
    outer loop
      vertex -11.9403 -1.2362 19.5
      vertex -7.03464 -1.75393 19.5
      vertex -7.09157 -1.50736 19.5
    endloop
  endfacet
  facet normal 0 0 1
    outer loop
      vertex -11.8615 -1.01976 19.5
      vertex -7.09157 -1.50736 19.5
      vertex -7.13986 -1.25895 19.5
    endloop
  endfacet
  facet normal 0 0 1
    outer loop
      vertex -11.8278 -0.909603 19.5
      vertex -7.13986 -1.25895 19.5
      vertex -7.17944 -1.009 19.5
    endloop
  endfacet
  facet normal 0 0 1
    outer loop
      vertex -11.7721 -0.686108 19.5
      vertex -7.17944 -1.009 19.5
      vertex -7.21028 -0.757831 19.5
    endloop
  endfacet
  facet normal 0 0 1
    outer loop
      vertex -11.702 -0.115168 19.5
      vertex -7.25 0 19.5
      vertex -11.7 0 19.5
    endloop
  endfacet
  facet normal 0 0 1
    outer loop
      vertex -7.25 0 19.5
      vertex -11.702 -0.115168 19.5
      vertex -7.24558 -0.253021 19.5
    endloop
  endfacet
  facet normal -0 0 1
    outer loop
      vertex -11.708 -0.230196 19.5
      vertex -7.24558 -0.253021 19.5
      vertex -11.702 -0.115168 19.5
    endloop
  endfacet
  facet normal 0 0 1
    outer loop
      vertex -7.24558 -0.253021 19.5
      vertex -11.708 -0.230196 19.5
      vertex -7.23234 -0.505733 19.5
    endloop
  endfacet
  facet normal -0 0 1
    outer loop
      vertex -11.7181 -0.344943 19.5
      vertex -7.23234 -0.505733 19.5
      vertex -11.708 -0.230196 19.5
    endloop
  endfacet
  facet normal -0 0 1
    outer loop
      vertex -11.7321 -0.45927 19.5
      vertex -7.23234 -0.505733 19.5
      vertex -11.7181 -0.344943 19.5
    endloop
  endfacet
  facet normal 0 0 1
    outer loop
      vertex -7.23234 -0.505733 19.5
      vertex -11.7321 -0.45927 19.5
      vertex -7.21028 -0.757831 19.5
    endloop
  endfacet
  facet normal -0 0 1
    outer loop
      vertex -11.7501 -0.573038 19.5
      vertex -7.21028 -0.757831 19.5
      vertex -11.7321 -0.45927 19.5
    endloop
  endfacet
  facet normal -0 0 1
    outer loop
      vertex -11.7721 -0.686108 19.5
      vertex -7.21028 -0.757831 19.5
      vertex -11.7501 -0.573038 19.5
    endloop
  endfacet
  facet normal 0 0 1
    outer loop
      vertex -7.17944 -1.009 19.5
      vertex -11.7721 -0.686108 19.5
      vertex -11.798 -0.798342 19.5
    endloop
  endfacet
  facet normal 0 0 1
    outer loop
      vertex -7.17944 -1.009 19.5
      vertex -11.798 -0.798342 19.5
      vertex -11.8278 -0.909603 19.5
    endloop
  endfacet
  facet normal 0 0 1
    outer loop
      vertex -7.13986 -1.25895 19.5
      vertex -11.8278 -0.909603 19.5
      vertex -11.8615 -1.01976 19.5
    endloop
  endfacet
  facet normal 0 0 1
    outer loop
      vertex -7.09157 -1.50736 19.5
      vertex -11.8615 -1.01976 19.5
      vertex -11.899 -1.12867 19.5
    endloop
  endfacet
  facet normal 0 0 1
    outer loop
      vertex -7.09157 -1.50736 19.5
      vertex -11.899 -1.12867 19.5
      vertex -11.9403 -1.2362 19.5
    endloop
  endfacet
  facet normal 0 0 1
    outer loop
      vertex -7.03464 -1.75393 19.5
      vertex -11.9403 -1.2362 19.5
      vertex -11.9853 -1.34223 19.5
    endloop
  endfacet
  facet normal 0 0 1
    outer loop
      vertex -7.03464 -1.75393 19.5
      vertex -11.9853 -1.34223 19.5
      vertex -12.034 -1.44662 19.5
    endloop
  endfacet
  facet normal 0 0 1
    outer loop
      vertex -6.96915 -1.99837 19.5
      vertex -12.034 -1.44662 19.5
      vertex -12.0863 -1.54926 19.5
    endloop
  endfacet
  facet normal 0 0 1
    outer loop
      vertex -6.96915 -1.99837 19.5
      vertex -12.0863 -1.54926 19.5
      vertex -12.1421 -1.65 19.5
    endloop
  endfacet
  facet normal 0 0 1
    outer loop
      vertex -6.89516 -2.24037 19.5
      vertex -12.1421 -1.65 19.5
      vertex -12.2014 -1.74873 19.5
    endloop
  endfacet
  facet normal 0 0 1
    outer loop
      vertex -6.81277 -2.47965 19.5
      vertex -12.2014 -1.74873 19.5
      vertex -6.85894 -4.45477 19.5
    endloop
  endfacet
  facet normal -0 0 1
    outer loop
      vertex -12.2642 -1.84534 19.5
      vertex -6.85894 -4.45477 19.5
      vertex -12.2014 -1.74873 19.5
    endloop
  endfacet
  facet normal -0 0 1
    outer loop
      vertex -12.3302 -1.93969 19.5
      vertex -6.85894 -4.45477 19.5
      vertex -12.2642 -1.84534 19.5
    endloop
  endfacet
  facet normal -0 0 1
    outer loop
      vertex -12.3996 -2.03168 19.5
      vertex -6.85894 -4.45477 19.5
      vertex -12.3302 -1.93969 19.5
    endloop
  endfacet
  facet normal -0 0 1
    outer loop
      vertex -12.4721 -2.1212 19.5
      vertex -6.85894 -4.45477 19.5
      vertex -12.3996 -2.03168 19.5
    endloop
  endfacet
  facet normal -0 0 1
    outer loop
      vertex -12.5476 -2.20813 19.5
      vertex -6.85894 -4.45477 19.5
      vertex -12.4721 -2.1212 19.5
    endloop
  endfacet
  facet normal -0 0 1
    outer loop
      vertex -12.6262 -2.29237 19.5
      vertex -6.85894 -4.45477 19.5
      vertex -12.5476 -2.20813 19.5
    endloop
  endfacet
  facet normal -0 0 1
    outer loop
      vertex -12.7076 -2.37382 19.5
      vertex -6.85894 -4.45477 19.5
      vertex -12.6262 -2.29237 19.5
    endloop
  endfacet
  facet normal -0 0 1
    outer loop
      vertex -12.7919 -2.45238 19.5
      vertex -6.85894 -4.45477 19.5
      vertex -12.7076 -2.37382 19.5
    endloop
  endfacet
  facet normal -0 0 1
    outer loop
      vertex -12.8788 -2.52795 19.5
      vertex -6.85894 -4.45477 19.5
      vertex -12.7919 -2.45238 19.5
    endloop
  endfacet
  facet normal -0 0 1
    outer loop
      vertex -12.9683 -2.60044 19.5
      vertex -6.85894 -4.45477 19.5
      vertex -12.8788 -2.52795 19.5
    endloop
  endfacet
  facet normal -0 0 1
    outer loop
      vertex -13.0603 -2.66976 19.5
      vertex -6.85894 -4.45477 19.5
      vertex -12.9683 -2.60044 19.5
    endloop
  endfacet
  facet normal -0 0 1
    outer loop
      vertex -13.1547 -2.73582 19.5
      vertex -6.85894 -4.45477 19.5
      vertex -13.0603 -2.66976 19.5
    endloop
  endfacet
  facet normal -0 0 1
    outer loop
      vertex -13.2513 -2.79856 19.5
      vertex -6.85894 -4.45477 19.5
      vertex -13.1547 -2.73582 19.5
    endloop
  endfacet
  facet normal -0 0 1
    outer loop
      vertex -13.35 -2.85788 19.5
      vertex -6.85894 -4.45477 19.5
      vertex -13.2513 -2.79856 19.5
    endloop
  endfacet
  facet normal -0 0 1
    outer loop
      vertex -13.4507 -2.91373 19.5
      vertex -6.85894 -4.45477 19.5
      vertex -13.35 -2.85788 19.5
    endloop
  endfacet
  facet normal -0 0 1
    outer loop
      vertex -13.5534 -2.96602 19.5
      vertex -6.85894 -4.45477 19.5
      vertex -13.4507 -2.91373 19.5
    endloop
  endfacet
  facet normal 0 0 1
    outer loop
      vertex -14.6371 -12.2329 19.5
      vertex -13.5534 -2.96602 19.5
      vertex -13.6578 -3.0147 19.5
    endloop
  endfacet
  facet normal 0 0 1
    outer loop
      vertex -14.6371 -12.2329 19.5
      vertex -13.6578 -3.0147 19.5
      vertex -13.7638 -3.05971 19.5
    endloop
  endfacet
  facet normal 0 0 1
    outer loop
      vertex -14.6371 -12.2329 19.5
      vertex -13.7638 -3.05971 19.5
      vertex -13.8713 -3.10099 19.5
    endloop
  endfacet
  facet normal 0 0 1
    outer loop
      vertex -14.6371 -12.2329 19.5
      vertex -13.8713 -3.10099 19.5
      vertex -13.9802 -3.13849 19.5
    endloop
  endfacet
  facet normal 0 0 1
    outer loop
      vertex -14.6371 -12.2329 19.5
      vertex -13.9802 -3.13849 19.5
      vertex -14.0904 -3.17216 19.5
    endloop
  endfacet
  facet normal 0 0 1
    outer loop
      vertex -14.6371 -12.2329 19.5
      vertex -14.0904 -3.17216 19.5
      vertex -14.2017 -3.20198 19.5
    endloop
  endfacet
  facet normal 0 0 1
    outer loop
      vertex -14.6371 -12.2329 19.5
      vertex -14.2017 -3.20198 19.5
      vertex -14.3139 -3.22789 19.5
    endloop
  endfacet
  facet normal 0 0 1
    outer loop
      vertex -14.6371 -12.2329 19.5
      vertex -14.3139 -3.22789 19.5
      vertex -14.427 -3.24987 19.5
    endloop
  endfacet
  facet normal 0 0 1
    outer loop
      vertex -14.6371 -12.2329 19.5
      vertex -14.427 -3.24987 19.5
      vertex -14.5407 -3.26788 19.5
    endloop
  endfacet
  facet normal 0 0 1
    outer loop
      vertex -13.5534 -2.96602 19.5
      vertex -14.6371 -12.2329 19.5
      vertex -6.85894 -4.45477 19.5
    endloop
  endfacet
  facet normal -0 0 1
    outer loop
      vertex -14.6551 -3.28192 19.5
      vertex -14.6371 -12.2329 19.5
      vertex -14.5407 -3.26788 19.5
    endloop
  endfacet
  facet normal -0 0 1
    outer loop
      vertex -14.7698 -3.29196 19.5
      vertex -14.6371 -12.2329 19.5
      vertex -14.6551 -3.28192 19.5
    endloop
  endfacet
  facet normal -0 0 1
    outer loop
      vertex -14.8848 -3.29799 19.5
      vertex -14.6371 -12.2329 19.5
      vertex -14.7698 -3.29196 19.5
    endloop
  endfacet
  facet normal -0 0 1
    outer loop
      vertex -15 -3.3 19.5
      vertex -14.6371 -12.2329 19.5
      vertex -14.8848 -3.29799 19.5
    endloop
  endfacet
  facet normal 0 0 1
    outer loop
      vertex -15.1152 -3.29799 19.5
      vertex -14.6371 -12.2329 19.5
      vertex -15 -3.3 19.5
    endloop
  endfacet
  facet normal 0 0 1
    outer loop
      vertex -15.2302 -3.29196 19.5
      vertex -14.6371 -12.2329 19.5
      vertex -15.1152 -3.29799 19.5
    endloop
  endfacet
  facet normal 0 0 1
    outer loop
      vertex -15.3449 -3.28192 19.5
      vertex -14.6371 -12.2329 19.5
      vertex -15.2302 -3.29196 19.5
    endloop
  endfacet
  facet normal 0 0 1
    outer loop
      vertex -15.4593 -3.26788 19.5
      vertex -14.6371 -12.2329 19.5
      vertex -15.3449 -3.28192 19.5
    endloop
  endfacet
  facet normal 0 0 1
    outer loop
      vertex -15.573 -3.24987 19.5
      vertex -14.6371 -12.2329 19.5
      vertex -15.4593 -3.26788 19.5
    endloop
  endfacet
  facet normal 0 0 1
    outer loop
      vertex -15.6861 -3.22789 19.5
      vertex -14.6371 -12.2329 19.5
      vertex -15.573 -3.24987 19.5
    endloop
  endfacet
  facet normal 0 0 1
    outer loop
      vertex -15.7983 -3.20198 19.5
      vertex -14.6371 -12.2329 19.5
      vertex -15.6861 -3.22789 19.5
    endloop
  endfacet
  facet normal -0 0 1
    outer loop
      vertex -21.285 -10.3814 19.5
      vertex -14.6371 -12.2329 19.5
      vertex -15.7983 -3.20198 19.5
    endloop
  endfacet
  facet normal -0 -0 1
    outer loop
      vertex -20.9097 -11.1179 19.5
      vertex -14.6371 -12.2329 19.5
      vertex -21.285 -10.3814 19.5
    endloop
  endfacet
  facet normal 0 0 1
    outer loop
      vertex -14.6371 -12.2329 19.5
      vertex -20.9097 -11.1179 19.5
      vertex -14.6783 -12.2756 19.5
    endloop
  endfacet
  facet normal -0 -0 1
    outer loop
      vertex -20.5089 -11.8408 19.5
      vertex -14.6783 -12.2756 19.5
      vertex -20.9097 -11.1179 19.5
    endloop
  endfacet
  facet normal 0 0 1
    outer loop
      vertex -14.6783 -12.2756 19.5
      vertex -20.5089 -11.8408 19.5
      vertex -14.718 -12.3197 19.5
    endloop
  endfacet
  facet normal 0 0 1
    outer loop
      vertex -14.718 -12.3197 19.5
      vertex -20.5089 -11.8408 19.5
      vertex -14.7562 -12.3652 19.5
    endloop
  endfacet
  facet normal 0 0 1
    outer loop
      vertex -14.7562 -12.3652 19.5
      vertex -20.5089 -11.8408 19.5
      vertex -14.7927 -12.4119 19.5
    endloop
  endfacet
  facet normal 0 -0 1
    outer loop
      vertex -20.0832 -12.5494 19.5
      vertex -14.8276 -12.4599 19.5
      vertex -20.5089 -11.8408 19.5
    endloop
  endfacet
  facet normal 0 0 1
    outer loop
      vertex -14.8276 -12.4599 19.5
      vertex -20.0832 -12.5494 19.5
      vertex -14.8608 -12.5091 19.5
    endloop
  endfacet
  facet normal 0 0 1
    outer loop
      vertex -14.8608 -12.5091 19.5
      vertex -20.0832 -12.5494 19.5
      vertex -14.8922 -12.5595 19.5
    endloop
  endfacet
  facet normal 0 0 1
    outer loop
      vertex -14.8922 -12.5595 19.5
      vertex -20.0832 -12.5494 19.5
      vertex -14.9219 -12.6109 19.5
    endloop
  endfacet
  facet normal 0 0 1
    outer loop
      vertex -14.9219 -12.6109 19.5
      vertex -20.0832 -12.5494 19.5
      vertex -14.9497 -12.6632 19.5
    endloop
  endfacet
  facet normal 0 -0 1
    outer loop
      vertex -19.633 -13.2426 19.5
      vertex -14.9497 -12.6632 19.5
      vertex -20.0832 -12.5494 19.5
    endloop
  endfacet
  facet normal 0 0 1
    outer loop
      vertex -14.9497 -12.6632 19.5
      vertex -19.633 -13.2426 19.5
      vertex -14.9758 -12.7166 19.5
    endloop
  endfacet
  facet normal 0 0 1
    outer loop
      vertex -14.9758 -12.7166 19.5
      vertex -19.633 -13.2426 19.5
      vertex -14.9999 -12.7708 19.5
    endloop
  endfacet
  facet normal 0 0 1
    outer loop
      vertex -15.0221 -12.8258 19.5
      vertex -19.633 -13.2426 19.5
      vertex -15.0424 -12.8816 19.5
    endloop
  endfacet
  facet normal 0 0 1
    outer loop
      vertex -18.6614 -14.5799 19.5
      vertex -15.1348 -13.4647 19.5
      vertex -15.1348 -13.4054 19.5
    endloop
  endfacet
  facet normal 0 0 1
    outer loop
      vertex -15.0424 -12.8816 19.5
      vertex -19.633 -13.2426 19.5
      vertex -15.0607 -12.938 19.5
    endloop
  endfacet
  facet normal 0 -0 1
    outer loop
      vertex -19.1589 -13.9197 19.5
      vertex -15.0607 -12.938 19.5
      vertex -19.633 -13.2426 19.5
    endloop
  endfacet
  facet normal 0 0 1
    outer loop
      vertex -15.0607 -12.938 19.5
      vertex -19.1589 -13.9197 19.5
      vertex -15.0771 -12.995 19.5
    endloop
  endfacet
  facet normal 0 0 1
    outer loop
      vertex -15.0771 -12.995 19.5
      vertex -19.1589 -13.9197 19.5
      vertex -15.0915 -13.0526 19.5
    endloop
  endfacet
  facet normal 0 0 1
    outer loop
      vertex -15.1038 -13.1107 19.5
      vertex -19.1589 -13.9197 19.5
      vertex -15.1141 -13.1691 19.5
    endloop
  endfacet
  facet normal 0 0 1
    outer loop
      vertex -14.9999 -12.7708 19.5
      vertex -19.633 -13.2426 19.5
      vertex -15.0221 -12.8258 19.5
    endloop
  endfacet
  facet normal 0 0 1
    outer loop
      vertex -14.7927 -12.4119 19.5
      vertex -20.5089 -11.8408 19.5
      vertex -14.8276 -12.4599 19.5
    endloop
  endfacet
  facet normal 0 0 1
    outer loop
      vertex -15.1348 -13.4647 19.5
      vertex -15.8461 -17.5989 19.5
      vertex -15.2223 -18.1412 19.5
    endloop
  endfacet
  facet normal 0 0 1
    outer loop
      vertex -21.6343 -9.63221 19.5
      vertex -15.7983 -3.20198 19.5
      vertex -15.9096 -3.17216 19.5
    endloop
  endfacet
  facet normal 0 0 1
    outer loop
      vertex -21.6343 -9.63221 19.5
      vertex -15.9096 -3.17216 19.5
      vertex -16.0198 -3.13849 19.5
    endloop
  endfacet
  facet normal 0 0 1
    outer loop
      vertex -21.6343 -9.63221 19.5
      vertex -16.0198 -3.13849 19.5
      vertex -16.1287 -3.10099 19.5
    endloop
  endfacet
  facet normal 0 0 1
    outer loop
      vertex -21.9573 -8.87132 19.5
      vertex -16.1287 -3.10099 19.5
      vertex -16.2362 -3.05971 19.5
    endloop
  endfacet
  facet normal 0 0 1
    outer loop
      vertex -21.9573 -8.87132 19.5
      vertex -16.2362 -3.05971 19.5
      vertex -16.3422 -3.0147 19.5
    endloop
  endfacet
  facet normal 0 0 1
    outer loop
      vertex -22.2535 -8.09962 19.5
      vertex -16.3422 -3.0147 19.5
      vertex -16.4466 -2.96602 19.5
    endloop
  endfacet
  facet normal 0 0 1
    outer loop
      vertex -15.1348 -13.4647 19.5
      vertex -16.4507 -17.0352 19.5
      vertex -15.8461 -17.5989 19.5
    endloop
  endfacet
  facet normal 0 0 1
    outer loop
      vertex -22.2535 -8.09962 19.5
      vertex -16.4466 -2.96602 19.5
      vertex -16.5493 -2.91373 19.5
    endloop
  endfacet
  facet normal 0 0 1
    outer loop
      vertex -22.2535 -8.09962 19.5
      vertex -16.5493 -2.91373 19.5
      vertex -16.65 -2.85788 19.5
    endloop
  endfacet
  facet normal 0 0 1
    outer loop
      vertex -22.5226 -7.31804 19.5
      vertex -16.65 -2.85788 19.5
      vertex -16.7487 -2.79856 19.5
    endloop
  endfacet
  facet normal 0 0 1
    outer loop
      vertex -22.5226 -7.31804 19.5
      vertex -16.7487 -2.79856 19.5
      vertex -16.8453 -2.73582 19.5
    endloop
  endfacet
  facet normal 0 0 1
    outer loop
      vertex -22.5226 -7.31804 19.5
      vertex -16.8453 -2.73582 19.5
      vertex -16.9397 -2.66976 19.5
    endloop
  endfacet
  facet normal 0 0 1
    outer loop
      vertex -22.7643 -6.52756 19.5
      vertex -16.9397 -2.66976 19.5
      vertex -17.0317 -2.60044 19.5
    endloop
  endfacet
  facet normal 0 0 1
    outer loop
      vertex -15.1348 -13.4647 19.5
      vertex -17.0352 -16.4507 19.5
      vertex -16.4507 -17.0352 19.5
    endloop
  endfacet
  facet normal 0 0 1
    outer loop
      vertex -22.7643 -6.52756 19.5
      vertex -17.0317 -2.60044 19.5
      vertex -17.1212 -2.52795 19.5
    endloop
  endfacet
  facet normal 0 0 1
    outer loop
      vertex -22.9782 -5.72912 19.5
      vertex -17.1212 -2.52795 19.5
      vertex -17.2081 -2.45238 19.5
    endloop
  endfacet
  facet normal 0 0 1
    outer loop
      vertex -22.9782 -5.72912 19.5
      vertex -17.2081 -2.45238 19.5
      vertex -17.2924 -2.37382 19.5
    endloop
  endfacet
  facet normal 0 0 1
    outer loop
      vertex -22.9782 -5.72912 19.5
      vertex -17.2924 -2.37382 19.5
      vertex -17.3738 -2.29237 19.5
    endloop
  endfacet
  facet normal 0 0 1
    outer loop
      vertex -23.1642 -4.9237 19.5
      vertex -17.3738 -2.29237 19.5
      vertex -17.4524 -2.20813 19.5
    endloop
  endfacet
  facet normal 0 0 1
    outer loop
      vertex -23.1642 -4.9237 19.5
      vertex -17.4524 -2.20813 19.5
      vertex -17.5279 -2.1212 19.5
    endloop
  endfacet
  facet normal 0 0 1
    outer loop
      vertex -15.1348 -13.4647 19.5
      vertex -17.5989 -15.8461 19.5
      vertex -17.0352 -16.4507 19.5
    endloop
  endfacet
  facet normal 0 0 1
    outer loop
      vertex -23.1642 -4.9237 19.5
      vertex -17.5279 -2.1212 19.5
      vertex -17.6004 -2.03168 19.5
    endloop
  endfacet
  facet normal 0 0 1
    outer loop
      vertex -23.1642 -4.9237 19.5
      vertex -17.6004 -2.03168 19.5
      vertex -17.6698 -1.93969 19.5
    endloop
  endfacet
  facet normal 0 0 1
    outer loop
      vertex -23.3219 -4.11228 19.5
      vertex -17.6698 -1.93969 19.5
      vertex -17.7358 -1.84534 19.5
    endloop
  endfacet
  facet normal 0 0 1
    outer loop
      vertex -23.3219 -4.11228 19.5
      vertex -17.7358 -1.84534 19.5
      vertex -17.7986 -1.74873 19.5
    endloop
  endfacet
  facet normal 0 0 1
    outer loop
      vertex -23.3219 -4.11228 19.5
      vertex -17.7986 -1.74873 19.5
      vertex -17.8579 -1.65 19.5
    endloop
  endfacet
  facet normal 0 0 1
    outer loop
      vertex -23.4512 -3.29585 19.5
      vertex -17.8579 -1.65 19.5
      vertex -17.9137 -1.54926 19.5
    endloop
  endfacet
  facet normal 0 0 1
    outer loop
      vertex -23.4512 -3.29585 19.5
      vertex -17.9137 -1.54926 19.5
      vertex -17.966 -1.44662 19.5
    endloop
  endfacet
  facet normal 0 0 1
    outer loop
      vertex -23.4512 -3.29585 19.5
      vertex -17.966 -1.44662 19.5
      vertex -18.0147 -1.34223 19.5
    endloop
  endfacet
  facet normal 0 0 1
    outer loop
      vertex -23.552 -2.47541 19.5
      vertex -18.0147 -1.34223 19.5
      vertex -18.0597 -1.2362 19.5
    endloop
  endfacet
  facet normal 0 0 1
    outer loop
      vertex -23.552 -2.47541 19.5
      vertex -18.0597 -1.2362 19.5
      vertex -18.101 -1.12867 19.5
    endloop
  endfacet
  facet normal 0 0 1
    outer loop
      vertex -23.552 -2.47541 19.5
      vertex -18.101 -1.12867 19.5
      vertex -18.1385 -1.01976 19.5
    endloop
  endfacet
  facet normal 0 0 1
    outer loop
      vertex -15.1348 -13.4647 19.5
      vertex -18.1412 -15.2223 19.5
      vertex -17.5989 -15.8461 19.5
    endloop
  endfacet
  facet normal 0 0 1
    outer loop
      vertex -23.624 -1.65195 19.5
      vertex -18.1385 -1.01976 19.5
      vertex -18.1722 -0.909603 19.5
    endloop
  endfacet
  facet normal 0 0 1
    outer loop
      vertex -23.624 -1.65195 19.5
      vertex -18.1722 -0.909603 19.5
      vertex -18.202 -0.798342 19.5
    endloop
  endfacet
  facet normal 0 0 1
    outer loop
      vertex -23.624 -1.65195 19.5
      vertex -18.202 -0.798342 19.5
      vertex -18.2279 -0.686108 19.5
    endloop
  endfacet
  facet normal 0 0 1
    outer loop
      vertex -23.624 -1.65195 19.5
      vertex -18.2279 -0.686108 19.5
      vertex -18.2499 -0.573038 19.5
    endloop
  endfacet
  facet normal 0 0 1
    outer loop
      vertex -23.6673 -0.826479 19.5
      vertex -18.2499 -0.573038 19.5
      vertex -18.2679 -0.45927 19.5
    endloop
  endfacet
  facet normal 0 0 1
    outer loop
      vertex -23.6673 -0.826479 19.5
      vertex -18.2679 -0.45927 19.5
      vertex -18.2819 -0.344943 19.5
    endloop
  endfacet
  facet normal 0 0 1
    outer loop
      vertex -23.6673 -0.826479 19.5
      vertex -18.2819 -0.344943 19.5
      vertex -18.292 -0.230196 19.5
    endloop
  endfacet
  facet normal 0 0 1
    outer loop
      vertex -23.6817 0 19.5
      vertex -18.292 -0.230196 19.5
      vertex -18.298 -0.115168 19.5
    endloop
  endfacet
  facet normal -0 0 1
    outer loop
      vertex -23.6817 0 19.5
      vertex -18.298 -0.115168 19.5
      vertex -18.3 0 19.5
    endloop
  endfacet
  facet normal 0 0 1
    outer loop
      vertex -15.1348 -13.4647 19.5
      vertex -18.6614 -14.5799 19.5
      vertex -18.1412 -15.2223 19.5
    endloop
  endfacet
  facet normal 0 0 1
    outer loop
      vertex -15.1327 -13.3461 19.5
      vertex -18.6614 -14.5799 19.5
      vertex -15.1348 -13.4054 19.5
    endloop
  endfacet
  facet normal 0 0 1
    outer loop
      vertex -15.1286 -13.2869 19.5
      vertex -18.6614 -14.5799 19.5
      vertex -15.1327 -13.3461 19.5
    endloop
  endfacet
  facet normal 0 0 1
    outer loop
      vertex -15.1224 -13.2279 19.5
      vertex -18.6614 -14.5799 19.5
      vertex -15.1286 -13.2869 19.5
    endloop
  endfacet
  facet normal 0 -0 1
    outer loop
      vertex -18.6614 -14.5799 19.5
      vertex -15.1224 -13.2279 19.5
      vertex -19.1589 -13.9197 19.5
    endloop
  endfacet
  facet normal 0 0 1
    outer loop
      vertex -15.1141 -13.1691 19.5
      vertex -19.1589 -13.9197 19.5
      vertex -15.1224 -13.2279 19.5
    endloop
  endfacet
  facet normal 0 0 1
    outer loop
      vertex -15.0915 -13.0526 19.5
      vertex -19.1589 -13.9197 19.5
      vertex -15.1038 -13.1107 19.5
    endloop
  endfacet
  facet normal 0 0 1
    outer loop
      vertex -15.7983 -3.20198 19.5
      vertex -21.6343 -9.63221 19.5
      vertex -21.285 -10.3814 19.5
    endloop
  endfacet
  facet normal 0 0 1
    outer loop
      vertex -16.1287 -3.10099 19.5
      vertex -21.9573 -8.87132 19.5
      vertex -21.6343 -9.63221 19.5
    endloop
  endfacet
  facet normal 0 0 1
    outer loop
      vertex -16.3422 -3.0147 19.5
      vertex -22.2535 -8.09962 19.5
      vertex -21.9573 -8.87132 19.5
    endloop
  endfacet
  facet normal 0 0 1
    outer loop
      vertex -16.65 -2.85788 19.5
      vertex -22.5226 -7.31804 19.5
      vertex -22.2535 -8.09962 19.5
    endloop
  endfacet
  facet normal 0 0 1
    outer loop
      vertex -16.9397 -2.66976 19.5
      vertex -22.7643 -6.52756 19.5
      vertex -22.5226 -7.31804 19.5
    endloop
  endfacet
  facet normal 0 0 1
    outer loop
      vertex -17.1212 -2.52795 19.5
      vertex -22.9782 -5.72912 19.5
      vertex -22.7643 -6.52756 19.5
    endloop
  endfacet
  facet normal 0 0 1
    outer loop
      vertex -17.3738 -2.29237 19.5
      vertex -23.1642 -4.9237 19.5
      vertex -22.9782 -5.72912 19.5
    endloop
  endfacet
  facet normal 0 0 1
    outer loop
      vertex -17.6698 -1.93969 19.5
      vertex -23.3219 -4.11228 19.5
      vertex -23.1642 -4.9237 19.5
    endloop
  endfacet
  facet normal 0 0 1
    outer loop
      vertex -17.8579 -1.65 19.5
      vertex -23.4512 -3.29585 19.5
      vertex -23.3219 -4.11228 19.5
    endloop
  endfacet
  facet normal 0 0 1
    outer loop
      vertex -18.0147 -1.34223 19.5
      vertex -23.552 -2.47541 19.5
      vertex -23.4512 -3.29585 19.5
    endloop
  endfacet
  facet normal 0 0 1
    outer loop
      vertex -18.1385 -1.01976 19.5
      vertex -23.624 -1.65195 19.5
      vertex -23.552 -2.47541 19.5
    endloop
  endfacet
  facet normal 0 0 1
    outer loop
      vertex -18.2499 -0.573038 19.5
      vertex -23.6673 -0.826479 19.5
      vertex -23.624 -1.65195 19.5
    endloop
  endfacet
  facet normal 0 0 1
    outer loop
      vertex -18.292 -0.230196 19.5
      vertex -23.6817 0 19.5
      vertex -23.6673 -0.826479 19.5
    endloop
  endfacet
  facet normal -0 0 1
    outer loop
      vertex 18.292 -0.230196 19.5
      vertex 23.6673 -0.826479 19.5
      vertex 23.6817 0 19.5
    endloop
  endfacet
  facet normal -0 0 1
    outer loop
      vertex 18.2499 -0.573038 19.5
      vertex 23.6673 -0.826479 19.5
      vertex 18.2679 -0.45927 19.5
    endloop
  endfacet
  facet normal -0 0 1
    outer loop
      vertex 18.2279 -0.686108 19.5
      vertex 23.624 -1.65195 19.5
      vertex 18.2499 -0.573038 19.5
    endloop
  endfacet
  facet normal -0 0 1
    outer loop
      vertex 18.1385 -1.01976 19.5
      vertex 23.624 -1.65195 19.5
      vertex 18.1722 -0.909603 19.5
    endloop
  endfacet
  facet normal -0 0 1
    outer loop
      vertex 18.0597 -1.2362 19.5
      vertex 23.552 -2.47541 19.5
      vertex 18.101 -1.12867 19.5
    endloop
  endfacet
  facet normal 0 0 1
    outer loop
      vertex 23.552 -2.47541 19.5
      vertex 18.0147 -1.34223 19.5
      vertex 23.4512 -3.29585 19.5
    endloop
  endfacet
  facet normal -0 0 1
    outer loop
      vertex 17.9137 -1.54926 19.5
      vertex 23.4512 -3.29585 19.5
      vertex 17.966 -1.44662 19.5
    endloop
  endfacet
  facet normal -0 0 1
    outer loop
      vertex 17.7986 -1.74873 19.5
      vertex 23.3219 -4.11228 19.5
      vertex 17.8579 -1.65 19.5
    endloop
  endfacet
  facet normal -0 0 1
    outer loop
      vertex 17.6698 -1.93969 19.5
      vertex 23.3219 -4.11228 19.5
      vertex 17.7358 -1.84534 19.5
    endloop
  endfacet
  facet normal -0 0 1
    outer loop
      vertex 17.6004 -2.03168 19.5
      vertex 23.1642 -4.9237 19.5
      vertex 17.6698 -1.93969 19.5
    endloop
  endfacet
  facet normal -0 0 1
    outer loop
      vertex 17.4524 -2.20813 19.5
      vertex 23.1642 -4.9237 19.5
      vertex 17.5279 -2.1212 19.5
    endloop
  endfacet
  facet normal 0 0 1
    outer loop
      vertex 23.1642 -4.9237 19.5
      vertex 17.3738 -2.29237 19.5
      vertex 22.9782 -5.72912 19.5
    endloop
  endfacet
  facet normal -0 0 1
    outer loop
      vertex 17.2081 -2.45238 19.5
      vertex 22.9782 -5.72912 19.5
      vertex 17.2924 -2.37382 19.5
    endloop
  endfacet
  facet normal 0 0 1
    outer loop
      vertex 22.9782 -5.72912 19.5
      vertex 17.1212 -2.52795 19.5
      vertex 22.7643 -6.52756 19.5
    endloop
  endfacet
  facet normal -0 0 1
    outer loop
      vertex 16.9397 -2.66976 19.5
      vertex 22.7643 -6.52756 19.5
      vertex 17.0317 -2.60044 19.5
    endloop
  endfacet
  facet normal -0 0 1
    outer loop
      vertex 16.8453 -2.73582 19.5
      vertex 22.5226 -7.31804 19.5
      vertex 16.9397 -2.66976 19.5
    endloop
  endfacet
  facet normal -0 0 1
    outer loop
      vertex 16.7487 -2.79856 19.5
      vertex 22.5226 -7.31804 19.5
      vertex 16.8453 -2.73582 19.5
    endloop
  endfacet
  facet normal 0 0 1
    outer loop
      vertex 22.5226 -7.31804 19.5
      vertex 16.65 -2.85788 19.5
      vertex 22.2535 -8.09962 19.5
    endloop
  endfacet
  facet normal 0 0 1
    outer loop
      vertex 18.298 -0.115168 19.5
      vertex 23.6817 0 19.5
      vertex 18.3 0 19.5
    endloop
  endfacet
  facet normal 0 0 1
    outer loop
      vertex 18.292 -0.230196 19.5
      vertex 23.6817 0 19.5
      vertex 18.298 -0.115168 19.5
    endloop
  endfacet
  facet normal 0 0 1
    outer loop
      vertex 23.6673 -0.826479 19.5
      vertex 18.292 -0.230196 19.5
      vertex 18.2819 -0.344943 19.5
    endloop
  endfacet
  facet normal 0 0 1
    outer loop
      vertex 23.6673 -0.826479 19.5
      vertex 18.2819 -0.344943 19.5
      vertex 18.2679 -0.45927 19.5
    endloop
  endfacet
  facet normal 0 0 1
    outer loop
      vertex 23.6673 -0.826479 19.5
      vertex 18.2499 -0.573038 19.5
      vertex 23.624 -1.65195 19.5
    endloop
  endfacet
  facet normal -0 0 1
    outer loop
      vertex 18.202 -0.798342 19.5
      vertex 23.624 -1.65195 19.5
      vertex 18.2279 -0.686108 19.5
    endloop
  endfacet
  facet normal -0 0 1
    outer loop
      vertex 18.1722 -0.909603 19.5
      vertex 23.624 -1.65195 19.5
      vertex 18.202 -0.798342 19.5
    endloop
  endfacet
  facet normal 0 0 1
    outer loop
      vertex 23.624 -1.65195 19.5
      vertex 18.1385 -1.01976 19.5
      vertex 23.552 -2.47541 19.5
    endloop
  endfacet
  facet normal -0 0 1
    outer loop
      vertex 18.101 -1.12867 19.5
      vertex 23.552 -2.47541 19.5
      vertex 18.1385 -1.01976 19.5
    endloop
  endfacet
  facet normal -0 0 1
    outer loop
      vertex 18.0147 -1.34223 19.5
      vertex 23.552 -2.47541 19.5
      vertex 18.0597 -1.2362 19.5
    endloop
  endfacet
  facet normal -0 0 1
    outer loop
      vertex 17.966 -1.44662 19.5
      vertex 23.4512 -3.29585 19.5
      vertex 18.0147 -1.34223 19.5
    endloop
  endfacet
  facet normal -0 0 1
    outer loop
      vertex 17.8579 -1.65 19.5
      vertex 23.4512 -3.29585 19.5
      vertex 17.9137 -1.54926 19.5
    endloop
  endfacet
  facet normal 0 0 1
    outer loop
      vertex 23.4512 -3.29585 19.5
      vertex 17.8579 -1.65 19.5
      vertex 23.3219 -4.11228 19.5
    endloop
  endfacet
  facet normal -0 0 1
    outer loop
      vertex 17.7358 -1.84534 19.5
      vertex 23.3219 -4.11228 19.5
      vertex 17.7986 -1.74873 19.5
    endloop
  endfacet
  facet normal 0 0 1
    outer loop
      vertex 23.3219 -4.11228 19.5
      vertex 17.6698 -1.93969 19.5
      vertex 23.1642 -4.9237 19.5
    endloop
  endfacet
  facet normal -0 0 1
    outer loop
      vertex 17.5279 -2.1212 19.5
      vertex 23.1642 -4.9237 19.5
      vertex 17.6004 -2.03168 19.5
    endloop
  endfacet
  facet normal -0 0 1
    outer loop
      vertex 17.3738 -2.29237 19.5
      vertex 23.1642 -4.9237 19.5
      vertex 17.4524 -2.20813 19.5
    endloop
  endfacet
  facet normal -0 0 1
    outer loop
      vertex 17.2924 -2.37382 19.5
      vertex 22.9782 -5.72912 19.5
      vertex 17.3738 -2.29237 19.5
    endloop
  endfacet
  facet normal -0 0 1
    outer loop
      vertex 17.1212 -2.52795 19.5
      vertex 22.9782 -5.72912 19.5
      vertex 17.2081 -2.45238 19.5
    endloop
  endfacet
  facet normal -0 0 1
    outer loop
      vertex 17.0317 -2.60044 19.5
      vertex 22.7643 -6.52756 19.5
      vertex 17.1212 -2.52795 19.5
    endloop
  endfacet
  facet normal 0 0 1
    outer loop
      vertex 22.7643 -6.52756 19.5
      vertex 16.9397 -2.66976 19.5
      vertex 22.5226 -7.31804 19.5
    endloop
  endfacet
  facet normal -0 0 1
    outer loop
      vertex 16.65 -2.85788 19.5
      vertex 22.5226 -7.31804 19.5
      vertex 16.7487 -2.79856 19.5
    endloop
  endfacet
  facet normal -0 0 1
    outer loop
      vertex 16.5493 -2.91373 19.5
      vertex 22.2535 -8.09962 19.5
      vertex 16.65 -2.85788 19.5
    endloop
  endfacet
  facet normal -0 0 1
    outer loop
      vertex 16.4466 -2.96602 19.5
      vertex 22.2535 -8.09962 19.5
      vertex 16.5493 -2.91373 19.5
    endloop
  endfacet
  facet normal -0 0 1
    outer loop
      vertex 16.3422 -3.0147 19.5
      vertex 22.2535 -8.09962 19.5
      vertex 16.4466 -2.96602 19.5
    endloop
  endfacet
  facet normal 0 0 1
    outer loop
      vertex 22.2535 -8.09962 19.5
      vertex 16.3422 -3.0147 19.5
      vertex 21.9573 -8.87132 19.5
    endloop
  endfacet
  facet normal -0 0 1
    outer loop
      vertex 16.2362 -3.05971 19.5
      vertex 21.9573 -8.87132 19.5
      vertex 16.3422 -3.0147 19.5
    endloop
  endfacet
  facet normal -0 0 1
    outer loop
      vertex 16.1287 -3.10099 19.5
      vertex 21.9573 -8.87132 19.5
      vertex 16.2362 -3.05971 19.5
    endloop
  endfacet
  facet normal -0 -0 1
    outer loop
      vertex 15.0607 -12.938 19.5
      vertex 19.633 -13.2426 19.5
      vertex 15.0424 -12.8816 19.5
    endloop
  endfacet
  facet normal 0 0 1
    outer loop
      vertex 21.9573 -8.87132 19.5
      vertex 16.1287 -3.10099 19.5
      vertex 21.6343 -9.63221 19.5
    endloop
  endfacet
  facet normal -0 0 1
    outer loop
      vertex 16.0198 -3.13849 19.5
      vertex 21.6343 -9.63221 19.5
      vertex 16.1287 -3.10099 19.5
    endloop
  endfacet
  facet normal 0 0 1
    outer loop
      vertex 20.0832 -12.5494 19.5
      vertex 14.9497 -12.6632 19.5
      vertex 19.633 -13.2426 19.5
    endloop
  endfacet
  facet normal -0 0 1
    outer loop
      vertex 15.9096 -3.17216 19.5
      vertex 21.6343 -9.63221 19.5
      vertex 16.0198 -3.13849 19.5
    endloop
  endfacet
  facet normal -0 -0 1
    outer loop
      vertex 14.8608 -12.5091 19.5
      vertex 20.0832 -12.5494 19.5
      vertex 14.8276 -12.4599 19.5
    endloop
  endfacet
  facet normal -0 0 1
    outer loop
      vertex 15.7983 -3.20198 19.5
      vertex 21.6343 -9.63221 19.5
      vertex 15.9096 -3.17216 19.5
    endloop
  endfacet
  facet normal -0 -0 1
    outer loop
      vertex 15.1038 -13.1107 19.5
      vertex 19.1589 -13.9197 19.5
      vertex 15.0915 -13.0526 19.5
    endloop
  endfacet
  facet normal 0 0 1
    outer loop
      vertex 21.6343 -9.63221 19.5
      vertex 15.7983 -3.20198 19.5
      vertex 21.285 -10.3814 19.5
    endloop
  endfacet
  facet normal 0 -0 1
    outer loop
      vertex 14.7562 -12.3652 19.5
      vertex 20.5089 -11.8408 19.5
      vertex 14.718 -12.3197 19.5
    endloop
  endfacet
  facet normal 0 -0 1
    outer loop
      vertex 14.718 -12.3197 19.5
      vertex 20.5089 -11.8408 19.5
      vertex 14.6783 -12.2756 19.5
    endloop
  endfacet
  facet normal 0 0 1
    outer loop
      vertex 21.285 -10.3814 19.5
      vertex 14.6371 -12.2329 19.5
      vertex 20.9097 -11.1179 19.5
    endloop
  endfacet
  facet normal 0 0 1
    outer loop
      vertex 20.9097 -11.1179 19.5
      vertex 14.6783 -12.2756 19.5
      vertex 20.5089 -11.8408 19.5
    endloop
  endfacet
  facet normal 0 -0 1
    outer loop
      vertex 14.6783 -12.2756 19.5
      vertex 20.9097 -11.1179 19.5
      vertex 14.6371 -12.2329 19.5
    endloop
  endfacet
  facet normal -0 -0 1
    outer loop
      vertex 15.1327 -13.3461 19.5
      vertex 18.6614 -14.5799 19.5
      vertex 15.1286 -13.2869 19.5
    endloop
  endfacet
  facet normal 0 0 1
    outer loop
      vertex 21.285 -10.3814 19.5
      vertex 15.7983 -3.20198 19.5
      vertex 14.6371 -12.2329 19.5
    endloop
  endfacet
  facet normal 0 0 1
    outer loop
      vertex 14.6371 -12.2329 19.5
      vertex 15.7983 -3.20198 19.5
      vertex 15.6861 -3.22789 19.5
    endloop
  endfacet
  facet normal 0 0 1
    outer loop
      vertex 14.6371 -12.2329 19.5
      vertex 15.6861 -3.22789 19.5
      vertex 15.573 -3.24987 19.5
    endloop
  endfacet
  facet normal 0 0 1
    outer loop
      vertex 14.6371 -12.2329 19.5
      vertex 15.573 -3.24987 19.5
      vertex 15.4593 -3.26788 19.5
    endloop
  endfacet
  facet normal 0 0 1
    outer loop
      vertex 14.6371 -12.2329 19.5
      vertex 15.4593 -3.26788 19.5
      vertex 15.3449 -3.28192 19.5
    endloop
  endfacet
  facet normal 0 0 1
    outer loop
      vertex 14.6371 -12.2329 19.5
      vertex 15.3449 -3.28192 19.5
      vertex 15.2302 -3.29196 19.5
    endloop
  endfacet
  facet normal -0 0 1
    outer loop
      vertex 15.1286 -13.5832 19.5
      vertex 18.6614 -14.5799 19.5
      vertex 15.1327 -13.524 19.5
    endloop
  endfacet
  facet normal -0 0 1
    outer loop
      vertex 15.1141 -13.701 19.5
      vertex 18.1412 -15.2223 19.5
      vertex 15.1224 -13.6422 19.5
    endloop
  endfacet
  facet normal -0 0 1
    outer loop
      vertex 15.1224 -13.6422 19.5
      vertex 18.1412 -15.2223 19.5
      vertex 15.1286 -13.5832 19.5
    endloop
  endfacet
  facet normal 0 0 1
    outer loop
      vertex 18.6614 -14.5799 19.5
      vertex 15.1286 -13.5832 19.5
      vertex 18.1412 -15.2223 19.5
    endloop
  endfacet
  facet normal -0 0 1
    outer loop
      vertex 15.1327 -13.524 19.5
      vertex 18.6614 -14.5799 19.5
      vertex 15.1348 -13.4647 19.5
    endloop
  endfacet
  facet normal 0 0 1
    outer loop
      vertex 14.6371 -12.2329 19.5
      vertex 15.2302 -3.29196 19.5
      vertex 15.1152 -3.29799 19.5
    endloop
  endfacet
  facet normal -0 0 1
    outer loop
      vertex 15.1348 -13.4647 19.5
      vertex 18.6614 -14.5799 19.5
      vertex 15.1348 -13.4054 19.5
    endloop
  endfacet
  facet normal -0 -0 1
    outer loop
      vertex 15.1348 -13.4054 19.5
      vertex 18.6614 -14.5799 19.5
      vertex 15.1327 -13.3461 19.5
    endloop
  endfacet
  facet normal -0 -0 1
    outer loop
      vertex 15.1286 -13.2869 19.5
      vertex 18.6614 -14.5799 19.5
      vertex 15.1224 -13.2279 19.5
    endloop
  endfacet
  facet normal 0 0 1
    outer loop
      vertex 19.1589 -13.9197 19.5
      vertex 15.1224 -13.2279 19.5
      vertex 18.6614 -14.5799 19.5
    endloop
  endfacet
  facet normal -0 -0 1
    outer loop
      vertex 15.1224 -13.2279 19.5
      vertex 19.1589 -13.9197 19.5
      vertex 15.1141 -13.1691 19.5
    endloop
  endfacet
  facet normal -0 -0 1
    outer loop
      vertex 15.1141 -13.1691 19.5
      vertex 19.1589 -13.9197 19.5
      vertex 15.1038 -13.1107 19.5
    endloop
  endfacet
  facet normal -0 -0 1
    outer loop
      vertex 15.0915 -13.0526 19.5
      vertex 19.1589 -13.9197 19.5
      vertex 15.0771 -12.995 19.5
    endloop
  endfacet
  facet normal 0 0 1
    outer loop
      vertex 14.6371 -12.2329 19.5
      vertex 15.1152 -3.29799 19.5
      vertex 15 -3.3 19.5
    endloop
  endfacet
  facet normal -0 -0 1
    outer loop
      vertex 15.0771 -12.995 19.5
      vertex 19.1589 -13.9197 19.5
      vertex 15.0607 -12.938 19.5
    endloop
  endfacet
  facet normal 0 0 1
    outer loop
      vertex 19.633 -13.2426 19.5
      vertex 15.0607 -12.938 19.5
      vertex 19.1589 -13.9197 19.5
    endloop
  endfacet
  facet normal -0 -0 1
    outer loop
      vertex 15.0424 -12.8816 19.5
      vertex 19.633 -13.2426 19.5
      vertex 15.0221 -12.8258 19.5
    endloop
  endfacet
  facet normal -0 -0 1
    outer loop
      vertex 15.0221 -12.8258 19.5
      vertex 19.633 -13.2426 19.5
      vertex 14.9999 -12.7708 19.5
    endloop
  endfacet
  facet normal -0 -0 1
    outer loop
      vertex 14.9999 -12.7708 19.5
      vertex 19.633 -13.2426 19.5
      vertex 14.9758 -12.7166 19.5
    endloop
  endfacet
  facet normal 0 0 1
    outer loop
      vertex 14.6371 -12.2329 19.5
      vertex 15 -3.3 19.5
      vertex 14.8848 -3.29799 19.5
    endloop
  endfacet
  facet normal -0 -0 1
    outer loop
      vertex 14.9758 -12.7166 19.5
      vertex 19.633 -13.2426 19.5
      vertex 14.9497 -12.6632 19.5
    endloop
  endfacet
  facet normal 0 -0 1
    outer loop
      vertex 14.9497 -12.6632 19.5
      vertex 20.0832 -12.5494 19.5
      vertex 14.9219 -12.6109 19.5
    endloop
  endfacet
  facet normal 0 -0 1
    outer loop
      vertex 14.9219 -12.6109 19.5
      vertex 20.0832 -12.5494 19.5
      vertex 14.8922 -12.5595 19.5
    endloop
  endfacet
  facet normal 0 0 1
    outer loop
      vertex 14.6371 -12.2329 19.5
      vertex 14.8848 -3.29799 19.5
      vertex 14.7698 -3.29196 19.5
    endloop
  endfacet
  facet normal 0 -0 1
    outer loop
      vertex 14.8922 -12.5595 19.5
      vertex 20.0832 -12.5494 19.5
      vertex 14.8608 -12.5091 19.5
    endloop
  endfacet
  facet normal -0 -0 1
    outer loop
      vertex 14.8276 -12.4599 19.5
      vertex 20.0832 -12.5494 19.5
      vertex 14.7927 -12.4119 19.5
    endloop
  endfacet
  facet normal 0 0 1
    outer loop
      vertex 20.5089 -11.8408 19.5
      vertex 14.7927 -12.4119 19.5
      vertex 20.0832 -12.5494 19.5
    endloop
  endfacet
  facet normal 0 0 1
    outer loop
      vertex 14.6371 -12.2329 19.5
      vertex 14.7698 -3.29196 19.5
      vertex 14.6551 -3.28192 19.5
    endloop
  endfacet
  facet normal 0 -0 1
    outer loop
      vertex 14.7927 -12.4119 19.5
      vertex 20.5089 -11.8408 19.5
      vertex 14.7562 -12.3652 19.5
    endloop
  endfacet
  facet normal 0 0 1
    outer loop
      vertex 14.5407 -3.26788 19.5
      vertex 14.6371 -12.2329 19.5
      vertex 14.6551 -3.28192 19.5
    endloop
  endfacet
  facet normal 0 0 1
    outer loop
      vertex 14.427 -3.24987 19.5
      vertex 14.6371 -12.2329 19.5
      vertex 14.5407 -3.26788 19.5
    endloop
  endfacet
  facet normal 0 0 1
    outer loop
      vertex 14.3139 -3.22789 19.5
      vertex 14.6371 -12.2329 19.5
      vertex 14.427 -3.24987 19.5
    endloop
  endfacet
  facet normal 0 0 1
    outer loop
      vertex 14.2017 -3.20198 19.5
      vertex 14.6371 -12.2329 19.5
      vertex 14.3139 -3.22789 19.5
    endloop
  endfacet
  facet normal 0 0 1
    outer loop
      vertex 14.0904 -3.17216 19.5
      vertex 14.6371 -12.2329 19.5
      vertex 14.2017 -3.20198 19.5
    endloop
  endfacet
  facet normal 0 0 1
    outer loop
      vertex 13.9802 -3.13849 19.5
      vertex 14.6371 -12.2329 19.5
      vertex 14.0904 -3.17216 19.5
    endloop
  endfacet
  facet normal 0 0 1
    outer loop
      vertex 13.8713 -3.10099 19.5
      vertex 14.6371 -12.2329 19.5
      vertex 13.9802 -3.13849 19.5
    endloop
  endfacet
  facet normal 0 0 1
    outer loop
      vertex 13.7638 -3.05971 19.5
      vertex 14.6371 -12.2329 19.5
      vertex 13.8713 -3.10099 19.5
    endloop
  endfacet
  facet normal 0 0 1
    outer loop
      vertex 13.6578 -3.0147 19.5
      vertex 14.6371 -12.2329 19.5
      vertex 13.7638 -3.05971 19.5
    endloop
  endfacet
  facet normal 0 0 1
    outer loop
      vertex 13.5534 -2.96602 19.5
      vertex 14.6371 -12.2329 19.5
      vertex 13.6578 -3.0147 19.5
    endloop
  endfacet
  facet normal 0 0 1
    outer loop
      vertex 6.85894 -4.45477 19.5
      vertex 13.5534 -2.96602 19.5
      vertex 13.4507 -2.91373 19.5
    endloop
  endfacet
  facet normal 0 0 1
    outer loop
      vertex 6.85894 -4.45477 19.5
      vertex 13.4507 -2.91373 19.5
      vertex 13.35 -2.85788 19.5
    endloop
  endfacet
  facet normal 0 0 1
    outer loop
      vertex 6.85894 -4.45477 19.5
      vertex 13.35 -2.85788 19.5
      vertex 13.2513 -2.79856 19.5
    endloop
  endfacet
  facet normal 0 0 1
    outer loop
      vertex 6.85894 -4.45477 19.5
      vertex 13.2513 -2.79856 19.5
      vertex 13.1547 -2.73582 19.5
    endloop
  endfacet
  facet normal 0 0 1
    outer loop
      vertex 6.85894 -4.45477 19.5
      vertex 13.1547 -2.73582 19.5
      vertex 13.0603 -2.66976 19.5
    endloop
  endfacet
  facet normal 0 0 1
    outer loop
      vertex 6.85894 -4.45477 19.5
      vertex 13.0603 -2.66976 19.5
      vertex 12.9683 -2.60044 19.5
    endloop
  endfacet
  facet normal 0 0 1
    outer loop
      vertex 6.85894 -4.45477 19.5
      vertex 12.9683 -2.60044 19.5
      vertex 12.8788 -2.52795 19.5
    endloop
  endfacet
  facet normal 0 0 1
    outer loop
      vertex 6.85894 -4.45477 19.5
      vertex 12.8788 -2.52795 19.5
      vertex 12.7919 -2.45238 19.5
    endloop
  endfacet
  facet normal 0 0 1
    outer loop
      vertex 6.85894 -4.45477 19.5
      vertex 12.7919 -2.45238 19.5
      vertex 12.7076 -2.37382 19.5
    endloop
  endfacet
  facet normal 0 0 1
    outer loop
      vertex 6.85894 -4.45477 19.5
      vertex 12.7076 -2.37382 19.5
      vertex 12.6262 -2.29237 19.5
    endloop
  endfacet
  facet normal 0 0 1
    outer loop
      vertex 6.85894 -4.45477 19.5
      vertex 12.6262 -2.29237 19.5
      vertex 12.5476 -2.20813 19.5
    endloop
  endfacet
  facet normal 0 0 1
    outer loop
      vertex 6.85894 -4.45477 19.5
      vertex 12.5476 -2.20813 19.5
      vertex 12.4721 -2.1212 19.5
    endloop
  endfacet
  facet normal 0 0 1
    outer loop
      vertex 6.85894 -4.45477 19.5
      vertex 12.4721 -2.1212 19.5
      vertex 12.3996 -2.03168 19.5
    endloop
  endfacet
  facet normal 0 0 1
    outer loop
      vertex 6.85894 -4.45477 19.5
      vertex 12.3996 -2.03168 19.5
      vertex 12.3302 -1.93969 19.5
    endloop
  endfacet
  facet normal 0 0 1
    outer loop
      vertex 6.85894 -4.45477 19.5
      vertex 12.3302 -1.93969 19.5
      vertex 12.2642 -1.84534 19.5
    endloop
  endfacet
  facet normal 0 0 1
    outer loop
      vertex 6.85894 -4.45477 19.5
      vertex 12.2642 -1.84534 19.5
      vertex 12.2014 -1.74873 19.5
    endloop
  endfacet
  facet normal 0 0 1
    outer loop
      vertex 6.89516 -2.24037 19.5
      vertex 12.2014 -1.74873 19.5
      vertex 12.1421 -1.65 19.5
    endloop
  endfacet
  facet normal 0 0 1
    outer loop
      vertex 6.89516 -2.24037 19.5
      vertex 12.1421 -1.65 19.5
      vertex 12.0863 -1.54926 19.5
    endloop
  endfacet
  facet normal 0 0 1
    outer loop
      vertex 6.96915 -1.99837 19.5
      vertex 12.0863 -1.54926 19.5
      vertex 12.034 -1.44662 19.5
    endloop
  endfacet
  facet normal 0 0 1
    outer loop
      vertex 7.03464 -1.75393 19.5
      vertex 12.034 -1.44662 19.5
      vertex 11.9853 -1.34223 19.5
    endloop
  endfacet
  facet normal 0 0 1
    outer loop
      vertex 7.03464 -1.75393 19.5
      vertex 11.9853 -1.34223 19.5
      vertex 11.9403 -1.2362 19.5
    endloop
  endfacet
  facet normal 0 0 1
    outer loop
      vertex 7.09157 -1.50736 19.5
      vertex 11.9403 -1.2362 19.5
      vertex 11.899 -1.12867 19.5
    endloop
  endfacet
  facet normal 0 0 1
    outer loop
      vertex 7.09157 -1.50736 19.5
      vertex 11.899 -1.12867 19.5
      vertex 11.8615 -1.01976 19.5
    endloop
  endfacet
  facet normal 0 0 1
    outer loop
      vertex 7.13986 -1.25895 19.5
      vertex 11.8615 -1.01976 19.5
      vertex 11.8278 -0.909603 19.5
    endloop
  endfacet
  facet normal 0 0 1
    outer loop
      vertex 7.17944 -1.009 19.5
      vertex 11.8278 -0.909603 19.5
      vertex 11.798 -0.798342 19.5
    endloop
  endfacet
  facet normal -0 0 1
    outer loop
      vertex 7.25 0 19.5
      vertex 11.702 -0.115168 19.5
      vertex 11.7 0 19.5
    endloop
  endfacet
  facet normal 0 0 1
    outer loop
      vertex 7.24558 -0.253021 19.5
      vertex 11.702 -0.115168 19.5
      vertex 7.25 0 19.5
    endloop
  endfacet
  facet normal 0 0 1
    outer loop
      vertex 11.702 -0.115168 19.5
      vertex 7.24558 -0.253021 19.5
      vertex 11.708 -0.230196 19.5
    endloop
  endfacet
  facet normal 0 0 1
    outer loop
      vertex 11.708 -0.230196 19.5
      vertex 7.24558 -0.253021 19.5
      vertex 11.7181 -0.344943 19.5
    endloop
  endfacet
  facet normal 0 0 1
    outer loop
      vertex 7.23234 -0.505733 19.5
      vertex 11.7181 -0.344943 19.5
      vertex 7.24558 -0.253021 19.5
    endloop
  endfacet
  facet normal 0 0 1
    outer loop
      vertex 11.7181 -0.344943 19.5
      vertex 7.23234 -0.505733 19.5
      vertex 11.7321 -0.45927 19.5
    endloop
  endfacet
  facet normal 0 0 1
    outer loop
      vertex 7.21028 -0.757831 19.5
      vertex 11.7321 -0.45927 19.5
      vertex 7.23234 -0.505733 19.5
    endloop
  endfacet
  facet normal 0 0 1
    outer loop
      vertex 11.7321 -0.45927 19.5
      vertex 7.21028 -0.757831 19.5
      vertex 11.7501 -0.573038 19.5
    endloop
  endfacet
  facet normal 0 0 1
    outer loop
      vertex 11.7501 -0.573038 19.5
      vertex 7.21028 -0.757831 19.5
      vertex 11.7721 -0.686108 19.5
    endloop
  endfacet
  facet normal 0 0 1
    outer loop
      vertex 7.17944 -1.009 19.5
      vertex 11.7721 -0.686108 19.5
      vertex 7.21028 -0.757831 19.5
    endloop
  endfacet
  facet normal 0 0 1
    outer loop
      vertex 11.7721 -0.686108 19.5
      vertex 7.17944 -1.009 19.5
      vertex 11.798 -0.798342 19.5
    endloop
  endfacet
  facet normal 0 0 1
    outer loop
      vertex 11.8278 -0.909603 19.5
      vertex 7.17944 -1.009 19.5
      vertex 7.13986 -1.25895 19.5
    endloop
  endfacet
  facet normal 0 0 1
    outer loop
      vertex 11.8615 -1.01976 19.5
      vertex 7.13986 -1.25895 19.5
      vertex 7.09157 -1.50736 19.5
    endloop
  endfacet
  facet normal 0 0 1
    outer loop
      vertex 11.9403 -1.2362 19.5
      vertex 7.09157 -1.50736 19.5
      vertex 7.03464 -1.75393 19.5
    endloop
  endfacet
  facet normal 0 0 1
    outer loop
      vertex 12.034 -1.44662 19.5
      vertex 7.03464 -1.75393 19.5
      vertex 6.96915 -1.99837 19.5
    endloop
  endfacet
  facet normal 0 0 1
    outer loop
      vertex 12.0863 -1.54926 19.5
      vertex 6.96915 -1.99837 19.5
      vertex 6.89516 -2.24037 19.5
    endloop
  endfacet
  facet normal 0 0 1
    outer loop
      vertex 12.2014 -1.74873 19.5
      vertex 6.89516 -2.24037 19.5
      vertex 6.81277 -2.47965 19.5
    endloop
  endfacet
  facet normal 0 0 1
    outer loop
      vertex 13.5534 -2.96602 19.5
      vertex 6.85894 -4.45477 19.5
      vertex 14.6371 -12.2329 19.5
    endloop
  endfacet
  facet normal 0 0 1
    outer loop
      vertex 12.2014 -1.74873 19.5
      vertex 6.81277 -2.47965 19.5
      vertex 6.85894 -4.45477 19.5
    endloop
  endfacet
  facet normal -0 0 1
    outer loop
      vertex 6.72208 -2.7159 19.5
      vertex 6.85894 -4.45477 19.5
      vertex 6.81277 -2.47965 19.5
    endloop
  endfacet
  facet normal -0 0 1
    outer loop
      vertex 6.6232 -2.94884 19.5
      vertex 6.85894 -4.45477 19.5
      vertex 6.72208 -2.7159 19.5
    endloop
  endfacet
  facet normal 0 0 1
    outer loop
      vertex 6.85894 -4.45477 19.5
      vertex 6.6232 -2.94884 19.5
      vertex 6.81625 -4.41355 19.5
    endloop
  endfacet
  facet normal -0 0 1
    outer loop
      vertex 6.51626 -3.17819 19.5
      vertex 6.81625 -4.41355 19.5
      vertex 6.6232 -2.94884 19.5
    endloop
  endfacet
  facet normal 0 0 1
    outer loop
      vertex 6.81625 -4.41355 19.5
      vertex 6.51626 -3.17819 19.5
      vertex 6.77215 -4.37385 19.5
    endloop
  endfacet
  facet normal 0 0 1
    outer loop
      vertex 6.77215 -4.37385 19.5
      vertex 6.51626 -3.17819 19.5
      vertex 6.7267 -4.33571 19.5
    endloop
  endfacet
  facet normal 0 0 1
    outer loop
      vertex 6.7267 -4.33571 19.5
      vertex 6.51626 -3.17819 19.5
      vertex 6.67994 -4.29917 19.5
    endloop
  endfacet
  facet normal -0 0 1
    outer loop
      vertex 6.40137 -3.40367 19.5
      vertex 6.67994 -4.29917 19.5
      vertex 6.51626 -3.17819 19.5
    endloop
  endfacet
  facet normal 0 0 1
    outer loop
      vertex 6.67994 -4.29917 19.5
      vertex 6.40137 -3.40367 19.5
      vertex 6.63193 -4.2643 19.5
    endloop
  endfacet
  facet normal 0 0 1
    outer loop
      vertex 6.63193 -4.2643 19.5
      vertex 6.40137 -3.40367 19.5
      vertex 6.58274 -4.23111 19.5
    endloop
  endfacet
  facet normal 0 0 1
    outer loop
      vertex 6.58274 -4.23111 19.5
      vertex 6.40137 -3.40367 19.5
      vertex 6.53242 -4.19967 19.5
    endloop
  endfacet
  facet normal -0 0 1
    outer loop
      vertex 6.27868 -3.625 19.5
      vertex 6.53242 -4.19967 19.5
      vertex 6.40137 -3.40367 19.5
    endloop
  endfacet
  facet normal 0 0 1
    outer loop
      vertex 6.53242 -4.19967 19.5
      vertex 6.27868 -3.625 19.5
      vertex 6.48103 -4.17 19.5
    endloop
  endfacet
  facet normal 0 0 1
    outer loop
      vertex 6.48103 -4.17 19.5
      vertex 6.27868 -3.625 19.5
      vertex 6.42864 -4.14214 19.5
    endloop
  endfacet
  facet normal 0 0 1
    outer loop
      vertex 6.42864 -4.14214 19.5
      vertex 6.27868 -3.625 19.5
      vertex 6.37531 -4.11613 19.5
    endloop
  endfacet
  facet normal 0 0 1
    outer loop
      vertex 6.37531 -4.11613 19.5
      vertex 6.27868 -3.625 19.5
      vertex 6.3211 -4.092 19.5
    endloop
  endfacet
  facet normal -0 0 1
    outer loop
      vertex 6.14835 -3.84191 19.5
      vertex 6.3211 -4.092 19.5
      vertex 6.27868 -3.625 19.5
    endloop
  endfacet
  facet normal 0 0 1
    outer loop
      vertex 6.3211 -4.092 19.5
      vertex 6.14835 -3.84191 19.5
      vertex 6.26608 -4.06977 19.5
    endloop
  endfacet
  facet normal 0 0 1
    outer loop
      vertex 6.26608 -4.06977 19.5
      vertex 6.14835 -3.84191 19.5
      vertex 6.21032 -4.04947 19.5
    endloop
  endfacet
  facet normal 0 0 1
    outer loop
      vertex 6.21032 -4.04947 19.5
      vertex 6.14835 -3.84191 19.5
      vertex 6.15389 -4.03114 19.5
    endloop
  endfacet
  facet normal 0 0 1
    outer loop
      vertex 6.14835 -3.84191 19.5
      vertex 6.09685 -4.01478 19.5
      vertex 6.15389 -4.03114 19.5
    endloop
  endfacet
  facet normal 0 -0 1
    outer loop
      vertex 6.09685 -4.01478 19.5
      vertex 6.14835 -3.84191 19.5
      vertex 6.04455 -4.00174 19.5
    endloop
  endfacet
  facet normal -0 0 1
    outer loop
      vertex 15.1038 -13.7594 19.5
      vertex 18.1412 -15.2223 19.5
      vertex 15.1141 -13.701 19.5
    endloop
  endfacet
  facet normal -0 0 1
    outer loop
      vertex 15.0915 -13.8174 19.5
      vertex 18.1412 -15.2223 19.5
      vertex 15.1038 -13.7594 19.5
    endloop
  endfacet
  facet normal -0 0 1
    outer loop
      vertex 15.0771 -13.875 19.5
      vertex 18.1412 -15.2223 19.5
      vertex 15.0915 -13.8174 19.5
    endloop
  endfacet
  facet normal -0 0 1
    outer loop
      vertex 15.0607 -13.9321 19.5
      vertex 18.1412 -15.2223 19.5
      vertex 15.0771 -13.875 19.5
    endloop
  endfacet
  facet normal 0 0 1
    outer loop
      vertex 18.1412 -15.2223 19.5
      vertex 15.0607 -13.9321 19.5
      vertex 17.5989 -15.8461 19.5
    endloop
  endfacet
  facet normal -0 0 1
    outer loop
      vertex 15.0424 -13.9885 19.5
      vertex 17.5989 -15.8461 19.5
      vertex 15.0607 -13.9321 19.5
    endloop
  endfacet
  facet normal -0 0 1
    outer loop
      vertex 15.0221 -14.0443 19.5
      vertex 17.5989 -15.8461 19.5
      vertex 15.0424 -13.9885 19.5
    endloop
  endfacet
  facet normal -0 0 1
    outer loop
      vertex 14.9999 -14.0993 19.5
      vertex 17.5989 -15.8461 19.5
      vertex 15.0221 -14.0443 19.5
    endloop
  endfacet
  facet normal -0 0 1
    outer loop
      vertex 14.9758 -14.1535 19.5
      vertex 17.5989 -15.8461 19.5
      vertex 14.9999 -14.0993 19.5
    endloop
  endfacet
  facet normal -0 0 1
    outer loop
      vertex 14.9497 -14.2068 19.5
      vertex 17.5989 -15.8461 19.5
      vertex 14.9758 -14.1535 19.5
    endloop
  endfacet
  facet normal -0 0 1
    outer loop
      vertex 14.9219 -14.2592 19.5
      vertex 17.5989 -15.8461 19.5
      vertex 14.9497 -14.2068 19.5
    endloop
  endfacet
  facet normal -0 0 1
    outer loop
      vertex 14.8922 -14.3106 19.5
      vertex 17.5989 -15.8461 19.5
      vertex 14.9219 -14.2592 19.5
    endloop
  endfacet
  facet normal 0 0 1
    outer loop
      vertex 17.5989 -15.8461 19.5
      vertex 14.8922 -14.3106 19.5
      vertex 17.0352 -16.4507 19.5
    endloop
  endfacet
  facet normal -0 0 1
    outer loop
      vertex 14.8608 -14.3609 19.5
      vertex 17.0352 -16.4507 19.5
      vertex 14.8922 -14.3106 19.5
    endloop
  endfacet
  facet normal -0 0 1
    outer loop
      vertex 14.8276 -14.4101 19.5
      vertex 17.0352 -16.4507 19.5
      vertex 14.8608 -14.3609 19.5
    endloop
  endfacet
  facet normal -0 0 1
    outer loop
      vertex 14.7927 -14.4581 19.5
      vertex 17.0352 -16.4507 19.5
      vertex 14.8276 -14.4101 19.5
    endloop
  endfacet
  facet normal -0 0 1
    outer loop
      vertex 14.7562 -14.5049 19.5
      vertex 17.0352 -16.4507 19.5
      vertex 14.7927 -14.4581 19.5
    endloop
  endfacet
  facet normal -0 0 1
    outer loop
      vertex 14.718 -14.5503 19.5
      vertex 17.0352 -16.4507 19.5
      vertex 14.7562 -14.5049 19.5
    endloop
  endfacet
  facet normal -0 0 1
    outer loop
      vertex 14.6783 -14.5944 19.5
      vertex 17.0352 -16.4507 19.5
      vertex 14.718 -14.5503 19.5
    endloop
  endfacet
  facet normal -0 0 1
    outer loop
      vertex 14.6371 -14.6371 19.5
      vertex 17.0352 -16.4507 19.5
      vertex 14.6783 -14.5944 19.5
    endloop
  endfacet
  facet normal 0 0 1
    outer loop
      vertex 17.0352 -16.4507 19.5
      vertex 14.6371 -14.6371 19.5
      vertex 16.4507 -17.0352 19.5
    endloop
  endfacet
  facet normal -0 0 1
    outer loop
      vertex 14.5944 -14.6783 19.5
      vertex 16.4507 -17.0352 19.5
      vertex 14.6371 -14.6371 19.5
    endloop
  endfacet
  facet normal -0 0 1
    outer loop
      vertex 14.5503 -14.718 19.5
      vertex 16.4507 -17.0352 19.5
      vertex 14.5944 -14.6783 19.5
    endloop
  endfacet
  facet normal -0 0 1
    outer loop
      vertex 14.5049 -14.7562 19.5
      vertex 16.4507 -17.0352 19.5
      vertex 14.5503 -14.718 19.5
    endloop
  endfacet
  facet normal -0 0 1
    outer loop
      vertex 14.4581 -14.7927 19.5
      vertex 16.4507 -17.0352 19.5
      vertex 14.5049 -14.7562 19.5
    endloop
  endfacet
  facet normal -0 0 1
    outer loop
      vertex 14.4101 -14.8276 19.5
      vertex 16.4507 -17.0352 19.5
      vertex 14.4581 -14.7927 19.5
    endloop
  endfacet
  facet normal -0 0 1
    outer loop
      vertex 14.3609 -14.8608 19.5
      vertex 16.4507 -17.0352 19.5
      vertex 14.4101 -14.8276 19.5
    endloop
  endfacet
  facet normal -0 0 1
    outer loop
      vertex 14.3106 -14.8922 19.5
      vertex 16.4507 -17.0352 19.5
      vertex 14.3609 -14.8608 19.5
    endloop
  endfacet
  facet normal 0 0 1
    outer loop
      vertex 16.4507 -17.0352 19.5
      vertex 14.3106 -14.8922 19.5
      vertex 15.8461 -17.5989 19.5
    endloop
  endfacet
  facet normal -0 0 1
    outer loop
      vertex 14.2592 -14.9219 19.5
      vertex 15.8461 -17.5989 19.5
      vertex 14.3106 -14.8922 19.5
    endloop
  endfacet
  facet normal -0 0 1
    outer loop
      vertex 14.2068 -14.9497 19.5
      vertex 15.8461 -17.5989 19.5
      vertex 14.2592 -14.9219 19.5
    endloop
  endfacet
  facet normal -0 0 1
    outer loop
      vertex 14.1535 -14.9758 19.5
      vertex 15.8461 -17.5989 19.5
      vertex 14.2068 -14.9497 19.5
    endloop
  endfacet
  facet normal -0 0 1
    outer loop
      vertex 14.0993 -14.9999 19.5
      vertex 15.8461 -17.5989 19.5
      vertex 14.1535 -14.9758 19.5
    endloop
  endfacet
  facet normal -0 0 1
    outer loop
      vertex 14.0443 -15.0221 19.5
      vertex 15.8461 -17.5989 19.5
      vertex 14.0993 -14.9999 19.5
    endloop
  endfacet
  facet normal -0 0 1
    outer loop
      vertex 13.9885 -15.0424 19.5
      vertex 15.8461 -17.5989 19.5
      vertex 14.0443 -15.0221 19.5
    endloop
  endfacet
  facet normal 0 0 1
    outer loop
      vertex 15.8461 -17.5989 19.5
      vertex 13.9885 -15.0424 19.5
      vertex 15.2223 -18.1412 19.5
    endloop
  endfacet
  facet normal -0 0 1
    outer loop
      vertex 13.9321 -15.0607 19.5
      vertex 15.2223 -18.1412 19.5
      vertex 13.9885 -15.0424 19.5
    endloop
  endfacet
  facet normal -0 0 1
    outer loop
      vertex 13.875 -15.0771 19.5
      vertex 15.2223 -18.1412 19.5
      vertex 13.9321 -15.0607 19.5
    endloop
  endfacet
  facet normal -0 0 1
    outer loop
      vertex 13.8174 -15.0915 19.5
      vertex 15.2223 -18.1412 19.5
      vertex 13.875 -15.0771 19.5
    endloop
  endfacet
  facet normal -0 0 1
    outer loop
      vertex 13.7594 -15.1038 19.5
      vertex 15.2223 -18.1412 19.5
      vertex 13.8174 -15.0915 19.5
    endloop
  endfacet
  facet normal -0 0 1
    outer loop
      vertex 13.701 -15.1141 19.5
      vertex 15.2223 -18.1412 19.5
      vertex 13.7594 -15.1038 19.5
    endloop
  endfacet
  facet normal -0 0 1
    outer loop
      vertex 13.6422 -15.1224 19.5
      vertex 15.2223 -18.1412 19.5
      vertex 13.701 -15.1141 19.5
    endloop
  endfacet
  facet normal -0 0 1
    outer loop
      vertex 13.5832 -15.1286 19.5
      vertex 15.2223 -18.1412 19.5
      vertex 13.6422 -15.1224 19.5
    endloop
  endfacet
  facet normal 0 0 1
    outer loop
      vertex 15.2223 -18.1412 19.5
      vertex 13.5832 -15.1286 19.5
      vertex 14.5799 -18.6614 19.5
    endloop
  endfacet
  facet normal -0 0 1
    outer loop
      vertex 13.524 -15.1327 19.5
      vertex 14.5799 -18.6614 19.5
      vertex 13.5832 -15.1286 19.5
    endloop
  endfacet
  facet normal -0 0 1
    outer loop
      vertex 13.4647 -15.1348 19.5
      vertex 14.5799 -18.6614 19.5
      vertex 13.524 -15.1327 19.5
    endloop
  endfacet
  facet normal -0 0 1
    outer loop
      vertex 13.4054 -15.1348 19.5
      vertex 14.5799 -18.6614 19.5
      vertex 13.4647 -15.1348 19.5
    endloop
  endfacet
  facet normal 0 0 1
    outer loop
      vertex 13.3461 -15.1327 19.5
      vertex 14.5799 -18.6614 19.5
      vertex 13.4054 -15.1348 19.5
    endloop
  endfacet
  facet normal 0 0 1
    outer loop
      vertex 13.2869 -15.1286 19.5
      vertex 14.5799 -18.6614 19.5
      vertex 13.3461 -15.1327 19.5
    endloop
  endfacet
  facet normal 0 0 1
    outer loop
      vertex 13.2279 -15.1224 19.5
      vertex 14.5799 -18.6614 19.5
      vertex 13.2869 -15.1286 19.5
    endloop
  endfacet
  facet normal 0 0 1
    outer loop
      vertex 14.5799 -18.6614 19.5
      vertex 13.2279 -15.1224 19.5
      vertex 13.9197 -19.1589 19.5
    endloop
  endfacet
  facet normal 0 0 1
    outer loop
      vertex 13.1691 -15.1141 19.5
      vertex 13.9197 -19.1589 19.5
      vertex 13.2279 -15.1224 19.5
    endloop
  endfacet
  facet normal 0 0 1
    outer loop
      vertex 13.1107 -15.1038 19.5
      vertex 13.9197 -19.1589 19.5
      vertex 13.1691 -15.1141 19.5
    endloop
  endfacet
  facet normal 0 0 1
    outer loop
      vertex 13.0526 -15.0915 19.5
      vertex 13.9197 -19.1589 19.5
      vertex 13.1107 -15.1038 19.5
    endloop
  endfacet
  facet normal 0 0 1
    outer loop
      vertex 12.995 -15.0771 19.5
      vertex 13.9197 -19.1589 19.5
      vertex 13.0526 -15.0915 19.5
    endloop
  endfacet
  facet normal 0 0 1
    outer loop
      vertex 12.938 -15.0607 19.5
      vertex 13.9197 -19.1589 19.5
      vertex 12.995 -15.0771 19.5
    endloop
  endfacet
  facet normal 0 0 1
    outer loop
      vertex 13.9197 -19.1589 19.5
      vertex 12.938 -15.0607 19.5
      vertex 13.2426 -19.633 19.5
    endloop
  endfacet
  facet normal 0 0 1
    outer loop
      vertex 12.8816 -15.0424 19.5
      vertex 13.2426 -19.633 19.5
      vertex 12.938 -15.0607 19.5
    endloop
  endfacet
  facet normal 0 0 1
    outer loop
      vertex 12.8258 -15.0221 19.5
      vertex 13.2426 -19.633 19.5
      vertex 12.8816 -15.0424 19.5
    endloop
  endfacet
  facet normal 0 0 1
    outer loop
      vertex 12.7708 -14.9999 19.5
      vertex 13.2426 -19.633 19.5
      vertex 12.8258 -15.0221 19.5
    endloop
  endfacet
  facet normal 0 0 1
    outer loop
      vertex 12.7166 -14.9758 19.5
      vertex 13.2426 -19.633 19.5
      vertex 12.7708 -14.9999 19.5
    endloop
  endfacet
  facet normal 0 0 1
    outer loop
      vertex 12.6632 -14.9497 19.5
      vertex 13.2426 -19.633 19.5
      vertex 12.7166 -14.9758 19.5
    endloop
  endfacet
  facet normal 0 0 1
    outer loop
      vertex 12.5494 -20.0832 19.5
      vertex 12.6632 -14.9497 19.5
      vertex 12.6109 -14.9219 19.5
    endloop
  endfacet
  facet normal 0 0 1
    outer loop
      vertex 12.5494 -20.0832 19.5
      vertex 12.6109 -14.9219 19.5
      vertex 12.5595 -14.8922 19.5
    endloop
  endfacet
  facet normal 0 0 1
    outer loop
      vertex 12.6632 -14.9497 19.5
      vertex 12.5494 -20.0832 19.5
      vertex 13.2426 -19.633 19.5
    endloop
  endfacet
  facet normal 0 0 1
    outer loop
      vertex 12.5091 -14.8608 19.5
      vertex 12.5494 -20.0832 19.5
      vertex 12.5595 -14.8922 19.5
    endloop
  endfacet
  facet normal 0 0 1
    outer loop
      vertex 12.4599 -14.8276 19.5
      vertex 12.5494 -20.0832 19.5
      vertex 12.5091 -14.8608 19.5
    endloop
  endfacet
  facet normal 0 0 1
    outer loop
      vertex 12.4119 -14.7927 19.5
      vertex 12.5494 -20.0832 19.5
      vertex 12.4599 -14.8276 19.5
    endloop
  endfacet
  facet normal 0 0 1
    outer loop
      vertex 11.8408 -20.5089 19.5
      vertex 12.4119 -14.7927 19.5
      vertex 12.3652 -14.7562 19.5
    endloop
  endfacet
  facet normal 0 0 1
    outer loop
      vertex 11.8408 -20.5089 19.5
      vertex 12.3652 -14.7562 19.5
      vertex 12.3197 -14.718 19.5
    endloop
  endfacet
  facet normal 0 0 1
    outer loop
      vertex 11.8408 -20.5089 19.5
      vertex 12.3197 -14.718 19.5
      vertex 12.2756 -14.6783 19.5
    endloop
  endfacet
  facet normal 0 0 1
    outer loop
      vertex 11.1179 -20.9097 19.5
      vertex 12.2756 -14.6783 19.5
      vertex 12.2329 -14.6371 19.5
    endloop
  endfacet
  facet normal 0 0 1
    outer loop
      vertex 12.4119 -14.7927 19.5
      vertex 11.8408 -20.5089 19.5
      vertex 12.5494 -20.0832 19.5
    endloop
  endfacet
  facet normal 0 0 1
    outer loop
      vertex 12.2756 -14.6783 19.5
      vertex 11.1179 -20.9097 19.5
      vertex 11.8408 -20.5089 19.5
    endloop
  endfacet
  facet normal 0 0 1
    outer loop
      vertex 12.2329 -14.6371 19.5
      vertex 10.3814 -21.285 19.5
      vertex 11.1179 -20.9097 19.5
    endloop
  endfacet
  facet normal 0 0 1
    outer loop
      vertex 12.2329 -14.6371 19.5
      vertex 9.63221 -21.6343 19.5
      vertex 10.3814 -21.285 19.5
    endloop
  endfacet
  facet normal 0 0 1
    outer loop
      vertex 12.2329 -14.6371 19.5
      vertex 8.87132 -21.9573 19.5
      vertex 9.63221 -21.6343 19.5
    endloop
  endfacet
  facet normal 0 0 1
    outer loop
      vertex 12.2329 -14.6371 19.5
      vertex 8.09962 -22.2535 19.5
      vertex 8.87132 -21.9573 19.5
    endloop
  endfacet
  facet normal 0 0 1
    outer loop
      vertex 12.2329 -14.6371 19.5
      vertex 7.31804 -22.5226 19.5
      vertex 8.09962 -22.2535 19.5
    endloop
  endfacet
  facet normal 0 0 1
    outer loop
      vertex 12.2329 -14.6371 19.5
      vertex 6.52756 -22.7643 19.5
      vertex 7.31804 -22.5226 19.5
    endloop
  endfacet
  facet normal 0 0 1
    outer loop
      vertex 12.2329 -14.6371 19.5
      vertex 5.72912 -22.9782 19.5
      vertex 6.52756 -22.7643 19.5
    endloop
  endfacet
  facet normal 0 0 1
    outer loop
      vertex 4.45477 -6.85894 19.5
      vertex 5.72912 -22.9782 19.5
      vertex 12.2329 -14.6371 19.5
    endloop
  endfacet
  facet normal -0 0 1
    outer loop
      vertex 1.75393 -7.03464 19.5
      vertex 5.72912 -22.9782 19.5
      vertex 4.45477 -6.85894 19.5
    endloop
  endfacet
  facet normal 0 0 1
    outer loop
      vertex 2.94884 -6.6232 19.5
      vertex 4.45477 -6.85894 19.5
      vertex 4.41355 -6.81625 19.5
    endloop
  endfacet
  facet normal 0 0 1
    outer loop
      vertex 3.17819 -6.51626 19.5
      vertex 4.41355 -6.81625 19.5
      vertex 4.37385 -6.77215 19.5
    endloop
  endfacet
  facet normal 0 0 1
    outer loop
      vertex 3.17819 -6.51626 19.5
      vertex 4.37385 -6.77215 19.5
      vertex 4.33571 -6.7267 19.5
    endloop
  endfacet
  facet normal 0 0 1
    outer loop
      vertex 3.17819 -6.51626 19.5
      vertex 4.33571 -6.7267 19.5
      vertex 4.29917 -6.67994 19.5
    endloop
  endfacet
  facet normal 0 0 1
    outer loop
      vertex 3.40367 -6.40137 19.5
      vertex 4.29917 -6.67994 19.5
      vertex 4.2643 -6.63193 19.5
    endloop
  endfacet
  facet normal 0 0 1
    outer loop
      vertex 3.40367 -6.40137 19.5
      vertex 4.2643 -6.63193 19.5
      vertex 4.23111 -6.58274 19.5
    endloop
  endfacet
  facet normal 0 0 1
    outer loop
      vertex 3.40367 -6.40137 19.5
      vertex 4.23111 -6.58274 19.5
      vertex 4.19967 -6.53242 19.5
    endloop
  endfacet
  facet normal 0 0 1
    outer loop
      vertex 3.625 -6.27868 19.5
      vertex 4.19967 -6.53242 19.5
      vertex 4.17 -6.48103 19.5
    endloop
  endfacet
  facet normal 0 0 1
    outer loop
      vertex 3.625 -6.27868 19.5
      vertex 4.17 -6.48103 19.5
      vertex 4.14214 -6.42864 19.5
    endloop
  endfacet
  facet normal 0 0 1
    outer loop
      vertex 3.625 -6.27868 19.5
      vertex 4.14214 -6.42864 19.5
      vertex 4.11613 -6.37531 19.5
    endloop
  endfacet
  facet normal 0 0 1
    outer loop
      vertex 4.45477 -6.85894 19.5
      vertex 2.47965 -6.81277 19.5
      vertex 2.24037 -6.89516 19.5
    endloop
  endfacet
  facet normal 0 0 1
    outer loop
      vertex 3.625 -6.27868 19.5
      vertex 4.11613 -6.37531 19.5
      vertex 4.092 -6.3211 19.5
    endloop
  endfacet
  facet normal 0 0 1
    outer loop
      vertex 3.84191 -6.14835 19.5
      vertex 4.092 -6.3211 19.5
      vertex 4.06977 -6.26608 19.5
    endloop
  endfacet
  facet normal 0 0 1
    outer loop
      vertex 3.84191 -6.14835 19.5
      vertex 4.06977 -6.26608 19.5
      vertex 4.04947 -6.21032 19.5
    endloop
  endfacet
  facet normal 0 0 1
    outer loop
      vertex 3.84191 -6.14835 19.5
      vertex 4.04947 -6.21032 19.5
      vertex 4.03114 -6.15389 19.5
    endloop
  endfacet
  facet normal -0 0 1
    outer loop
      vertex 3.84191 -6.14835 19.5
      vertex 4.03114 -6.15389 19.5
      vertex 4.01478 -6.09685 19.5
    endloop
  endfacet
  facet normal 0 0 1
    outer loop
      vertex 3.84191 -6.14835 19.5
      vertex 4.01478 -6.09685 19.5
      vertex 4.00174 -6.04455 19.5
    endloop
  endfacet
  facet normal 0 0 1
    outer loop
      vertex 4.092 -6.3211 19.5
      vertex 3.84191 -6.14835 19.5
      vertex 3.625 -6.27868 19.5
    endloop
  endfacet
  facet normal 0 0 1
    outer loop
      vertex 4.19967 -6.53242 19.5
      vertex 3.625 -6.27868 19.5
      vertex 3.40367 -6.40137 19.5
    endloop
  endfacet
  facet normal 0 0 1
    outer loop
      vertex 4.29917 -6.67994 19.5
      vertex 3.40367 -6.40137 19.5
      vertex 3.17819 -6.51626 19.5
    endloop
  endfacet
  facet normal 0 0 1
    outer loop
      vertex 4.41355 -6.81625 19.5
      vertex 3.17819 -6.51626 19.5
      vertex 2.94884 -6.6232 19.5
    endloop
  endfacet
  facet normal 0 0 1
    outer loop
      vertex 4.45477 -6.85894 19.5
      vertex 2.94884 -6.6232 19.5
      vertex 2.7159 -6.72208 19.5
    endloop
  endfacet
  facet normal 0 0 1
    outer loop
      vertex 4.45477 -6.85894 19.5
      vertex 2.7159 -6.72208 19.5
      vertex 2.47965 -6.81277 19.5
    endloop
  endfacet
  facet normal 0 0 1
    outer loop
      vertex 4.45477 -6.85894 19.5
      vertex 2.24037 -6.89516 19.5
      vertex 1.99837 -6.96915 19.5
    endloop
  endfacet
  facet normal 0 0 1
    outer loop
      vertex 4.45477 -6.85894 19.5
      vertex 1.99837 -6.96915 19.5
      vertex 1.75393 -7.03464 19.5
    endloop
  endfacet
  facet normal 0 0 1
    outer loop
      vertex 5.72912 -22.9782 19.5
      vertex 1.75393 -7.03464 19.5
      vertex 4.9237 -23.1642 19.5
    endloop
  endfacet
  facet normal -0 0 1
    outer loop
      vertex 1.50736 -7.09157 19.5
      vertex 4.9237 -23.1642 19.5
      vertex 1.75393 -7.03464 19.5
    endloop
  endfacet
  facet normal 0 0 1
    outer loop
      vertex 4.9237 -23.1642 19.5
      vertex 1.50736 -7.09157 19.5
      vertex 4.11228 -23.3219 19.5
    endloop
  endfacet
  facet normal -0 0 1
    outer loop
      vertex 1.25895 -7.13986 19.5
      vertex 4.11228 -23.3219 19.5
      vertex 1.50736 -7.09157 19.5
    endloop
  endfacet
  facet normal 0 0 1
    outer loop
      vertex 4.11228 -23.3219 19.5
      vertex 1.25895 -7.13986 19.5
      vertex 3.29585 -23.4512 19.5
    endloop
  endfacet
  facet normal -0 0 1
    outer loop
      vertex 1.009 -7.17944 19.5
      vertex 3.29585 -23.4512 19.5
      vertex 1.25895 -7.13986 19.5
    endloop
  endfacet
  facet normal 0 0 1
    outer loop
      vertex 3.29585 -23.4512 19.5
      vertex 1.009 -7.17944 19.5
      vertex 2.47541 -23.552 19.5
    endloop
  endfacet
  facet normal -0 0 1
    outer loop
      vertex 0.757831 -7.21028 19.5
      vertex 2.47541 -23.552 19.5
      vertex 1.009 -7.17944 19.5
    endloop
  endfacet
  facet normal 0 0 1
    outer loop
      vertex 2.47541 -23.552 19.5
      vertex 0.757831 -7.21028 19.5
      vertex 1.65195 -23.624 19.5
    endloop
  endfacet
  facet normal -0 0 1
    outer loop
      vertex 0.505733 -7.23234 19.5
      vertex 1.65195 -23.624 19.5
      vertex 0.757831 -7.21028 19.5
    endloop
  endfacet
  facet normal 0 0 1
    outer loop
      vertex 1.65195 -23.624 19.5
      vertex 0.505733 -7.23234 19.5
      vertex 0.826479 -23.6673 19.5
    endloop
  endfacet
  facet normal -0 0 1
    outer loop
      vertex 0.253021 -7.24558 19.5
      vertex 0.826479 -23.6673 19.5
      vertex 0.505733 -7.23234 19.5
    endloop
  endfacet
  facet normal -0 0 1
    outer loop
      vertex 0 -7.25 19.5
      vertex 0.826479 -23.6673 19.5
      vertex 0.253021 -7.24558 19.5
    endloop
  endfacet
  facet normal 0 0 1
    outer loop
      vertex 0 -7.25 19.5
      vertex 0 -23.6817 19.5
      vertex 0.826479 -23.6673 19.5
    endloop
  endfacet
  facet normal 0 0 1
    outer loop
      vertex -0.253021 -7.24558 19.5
      vertex 0 -23.6817 19.5
      vertex 0 -7.25 19.5
    endloop
  endfacet
  facet normal 0 0 1
    outer loop
      vertex -0.826479 -23.6673 19.5
      vertex -0.253021 -7.24558 19.5
      vertex -0.505733 -7.23234 19.5
    endloop
  endfacet
  facet normal 0 0 1
    outer loop
      vertex -1.65195 -23.624 19.5
      vertex -0.505733 -7.23234 19.5
      vertex -0.757831 -7.21028 19.5
    endloop
  endfacet
  facet normal 0 0 1
    outer loop
      vertex -0.253021 -7.24558 19.5
      vertex -0.826479 -23.6673 19.5
      vertex 0 -23.6817 19.5
    endloop
  endfacet
  facet normal 0 0 1
    outer loop
      vertex -2.47541 -23.552 19.5
      vertex -0.757831 -7.21028 19.5
      vertex -1.009 -7.17944 19.5
    endloop
  endfacet
  facet normal 0 0 1
    outer loop
      vertex -3.29585 -23.4512 19.5
      vertex -1.009 -7.17944 19.5
      vertex -1.25895 -7.13986 19.5
    endloop
  endfacet
  facet normal 0 0 1
    outer loop
      vertex -4.11228 -23.3219 19.5
      vertex -1.25895 -7.13986 19.5
      vertex -1.50736 -7.09157 19.5
    endloop
  endfacet
  facet normal 0 0 1
    outer loop
      vertex -0.505733 -7.23234 19.5
      vertex -1.65195 -23.624 19.5
      vertex -0.826479 -23.6673 19.5
    endloop
  endfacet
  facet normal 0 0 1
    outer loop
      vertex -4.9237 -23.1642 19.5
      vertex -1.50736 -7.09157 19.5
      vertex -1.75393 -7.03464 19.5
    endloop
  endfacet
  facet normal 0 0 1
    outer loop
      vertex -4.45477 -6.85894 19.5
      vertex -1.75393 -7.03464 19.5
      vertex -1.99837 -6.96915 19.5
    endloop
  endfacet
  facet normal 0 0 1
    outer loop
      vertex -4.45477 -6.85894 19.5
      vertex -1.99837 -6.96915 19.5
      vertex -2.24037 -6.89516 19.5
    endloop
  endfacet
  facet normal 0 0 1
    outer loop
      vertex -0.757831 -7.21028 19.5
      vertex -2.47541 -23.552 19.5
      vertex -1.65195 -23.624 19.5
    endloop
  endfacet
  facet normal -0 0 1
    outer loop
      vertex -4.45477 -6.85894 19.5
      vertex -2.24037 -6.89516 19.5
      vertex -2.47965 -6.81277 19.5
    endloop
  endfacet
  facet normal 0 0 1
    outer loop
      vertex -4.45477 -6.85894 19.5
      vertex -2.47965 -6.81277 19.5
      vertex -2.7159 -6.72208 19.5
    endloop
  endfacet
  facet normal 0 0 1
    outer loop
      vertex -4.45477 -6.85894 19.5
      vertex -2.7159 -6.72208 19.5
      vertex -2.94884 -6.6232 19.5
    endloop
  endfacet
  facet normal 0 0 1
    outer loop
      vertex -4.41355 -6.81625 19.5
      vertex -2.94884 -6.6232 19.5
      vertex -3.17819 -6.51626 19.5
    endloop
  endfacet
  facet normal 0 0 1
    outer loop
      vertex -1.75393 -7.03464 19.5
      vertex -4.45477 -6.85894 19.5
      vertex -5.72912 -22.9782 19.5
    endloop
  endfacet
  facet normal 0 0 1
    outer loop
      vertex -4.29917 -6.67994 19.5
      vertex -3.17819 -6.51626 19.5
      vertex -3.40367 -6.40137 19.5
    endloop
  endfacet
  facet normal 0 0 1
    outer loop
      vertex -4.19967 -6.53242 19.5
      vertex -3.40367 -6.40137 19.5
      vertex -3.625 -6.27868 19.5
    endloop
  endfacet
  facet normal 0 0 1
    outer loop
      vertex -4.092 -6.3211 19.5
      vertex -3.625 -6.27868 19.5
      vertex -3.84191 -6.14835 19.5
    endloop
  endfacet
  facet normal -0 0 1
    outer loop
      vertex -4.01478 -6.09685 19.5
      vertex -3.84191 -6.14835 19.5
      vertex -4.00174 -6.04455 19.5
    endloop
  endfacet
  facet normal 0 0 1
    outer loop
      vertex -4.03114 -6.15389 19.5
      vertex -3.84191 -6.14835 19.5
      vertex -4.01478 -6.09685 19.5
    endloop
  endfacet
  facet normal 0 0 1
    outer loop
      vertex -4.04947 -6.21032 19.5
      vertex -3.84191 -6.14835 19.5
      vertex -4.03114 -6.15389 19.5
    endloop
  endfacet
  facet normal 0 0 1
    outer loop
      vertex -4.06977 -6.26608 19.5
      vertex -3.84191 -6.14835 19.5
      vertex -4.04947 -6.21032 19.5
    endloop
  endfacet
  facet normal 0 0 1
    outer loop
      vertex -4.092 -6.3211 19.5
      vertex -3.84191 -6.14835 19.5
      vertex -4.06977 -6.26608 19.5
    endloop
  endfacet
  facet normal 0 0 1
    outer loop
      vertex -3.625 -6.27868 19.5
      vertex -4.092 -6.3211 19.5
      vertex -4.11613 -6.37531 19.5
    endloop
  endfacet
  facet normal 0 0 1
    outer loop
      vertex -3.625 -6.27868 19.5
      vertex -4.11613 -6.37531 19.5
      vertex -4.14214 -6.42864 19.5
    endloop
  endfacet
  facet normal 0 0 1
    outer loop
      vertex -3.625 -6.27868 19.5
      vertex -4.14214 -6.42864 19.5
      vertex -4.17 -6.48103 19.5
    endloop
  endfacet
  facet normal 0 0 1
    outer loop
      vertex -3.625 -6.27868 19.5
      vertex -4.17 -6.48103 19.5
      vertex -4.19967 -6.53242 19.5
    endloop
  endfacet
  facet normal 0 0 1
    outer loop
      vertex -3.40367 -6.40137 19.5
      vertex -4.19967 -6.53242 19.5
      vertex -4.23111 -6.58274 19.5
    endloop
  endfacet
  facet normal 0 0 1
    outer loop
      vertex -3.40367 -6.40137 19.5
      vertex -4.23111 -6.58274 19.5
      vertex -4.2643 -6.63193 19.5
    endloop
  endfacet
  facet normal 0 0 1
    outer loop
      vertex -3.40367 -6.40137 19.5
      vertex -4.2643 -6.63193 19.5
      vertex -4.29917 -6.67994 19.5
    endloop
  endfacet
  facet normal 0 0 1
    outer loop
      vertex -3.17819 -6.51626 19.5
      vertex -4.29917 -6.67994 19.5
      vertex -4.33571 -6.7267 19.5
    endloop
  endfacet
  facet normal 0 0 1
    outer loop
      vertex -3.17819 -6.51626 19.5
      vertex -4.33571 -6.7267 19.5
      vertex -4.37385 -6.77215 19.5
    endloop
  endfacet
  facet normal 0 0 1
    outer loop
      vertex -3.17819 -6.51626 19.5
      vertex -4.37385 -6.77215 19.5
      vertex -4.41355 -6.81625 19.5
    endloop
  endfacet
  facet normal 0 0 1
    outer loop
      vertex -2.94884 -6.6232 19.5
      vertex -4.41355 -6.81625 19.5
      vertex -4.45477 -6.85894 19.5
    endloop
  endfacet
  facet normal 0 0 1
    outer loop
      vertex -1.009 -7.17944 19.5
      vertex -3.29585 -23.4512 19.5
      vertex -2.47541 -23.552 19.5
    endloop
  endfacet
  facet normal 0 0 1
    outer loop
      vertex -1.25895 -7.13986 19.5
      vertex -4.11228 -23.3219 19.5
      vertex -3.29585 -23.4512 19.5
    endloop
  endfacet
  facet normal 0 0 1
    outer loop
      vertex -1.50736 -7.09157 19.5
      vertex -4.9237 -23.1642 19.5
      vertex -4.11228 -23.3219 19.5
    endloop
  endfacet
  facet normal 0 0 1
    outer loop
      vertex -1.75393 -7.03464 19.5
      vertex -5.72912 -22.9782 19.5
      vertex -4.9237 -23.1642 19.5
    endloop
  endfacet
  facet normal 0 0 1
    outer loop
      vertex -4.45477 -6.85894 19.5
      vertex -6.52756 -22.7643 19.5
      vertex -5.72912 -22.9782 19.5
    endloop
  endfacet
  facet normal -0 0 1
    outer loop
      vertex -12.2329 -14.6371 19.5
      vertex -6.52756 -22.7643 19.5
      vertex -4.45477 -6.85894 19.5
    endloop
  endfacet
  facet normal 0 0 1
    outer loop
      vertex -6.52756 -22.7643 19.5
      vertex -12.2329 -14.6371 19.5
      vertex -7.31804 -22.5226 19.5
    endloop
  endfacet
  facet normal 0 0 1
    outer loop
      vertex -7.31804 -22.5226 19.5
      vertex -12.2329 -14.6371 19.5
      vertex -8.09962 -22.2535 19.5
    endloop
  endfacet
  facet normal 0 0 1
    outer loop
      vertex -8.09962 -22.2535 19.5
      vertex -12.2329 -14.6371 19.5
      vertex -8.87132 -21.9573 19.5
    endloop
  endfacet
  facet normal 0 0 1
    outer loop
      vertex -8.87132 -21.9573 19.5
      vertex -12.2329 -14.6371 19.5
      vertex -9.63221 -21.6343 19.5
    endloop
  endfacet
  facet normal 0 0 1
    outer loop
      vertex -9.63221 -21.6343 19.5
      vertex -12.2329 -14.6371 19.5
      vertex -10.3814 -21.285 19.5
    endloop
  endfacet
  facet normal 0 0 1
    outer loop
      vertex -10.3814 -21.285 19.5
      vertex -12.2329 -14.6371 19.5
      vertex -11.1179 -20.9097 19.5
    endloop
  endfacet
  facet normal -0 0 1
    outer loop
      vertex -12.2756 -14.6783 19.5
      vertex -11.1179 -20.9097 19.5
      vertex -12.2329 -14.6371 19.5
    endloop
  endfacet
  facet normal 0 0 1
    outer loop
      vertex -11.1179 -20.9097 19.5
      vertex -12.2756 -14.6783 19.5
      vertex -11.8408 -20.5089 19.5
    endloop
  endfacet
  facet normal -0 0 1
    outer loop
      vertex -12.3197 -14.718 19.5
      vertex -11.8408 -20.5089 19.5
      vertex -12.2756 -14.6783 19.5
    endloop
  endfacet
  facet normal -0 0 1
    outer loop
      vertex -12.3652 -14.7562 19.5
      vertex -11.8408 -20.5089 19.5
      vertex -12.3197 -14.718 19.5
    endloop
  endfacet
  facet normal -0 0 1
    outer loop
      vertex -12.4119 -14.7927 19.5
      vertex -11.8408 -20.5089 19.5
      vertex -12.3652 -14.7562 19.5
    endloop
  endfacet
  facet normal -0 0 1
    outer loop
      vertex -12.4599 -14.8276 19.5
      vertex -11.8408 -20.5089 19.5
      vertex -12.4119 -14.7927 19.5
    endloop
  endfacet
  facet normal 0 0 1
    outer loop
      vertex -12.5494 -20.0832 19.5
      vertex -12.4599 -14.8276 19.5
      vertex -12.5091 -14.8608 19.5
    endloop
  endfacet
  facet normal 0 0 1
    outer loop
      vertex -12.4599 -14.8276 19.5
      vertex -12.5494 -20.0832 19.5
      vertex -11.8408 -20.5089 19.5
    endloop
  endfacet
  facet normal -0 0 1
    outer loop
      vertex -12.5595 -14.8922 19.5
      vertex -12.5494 -20.0832 19.5
      vertex -12.5091 -14.8608 19.5
    endloop
  endfacet
  facet normal -0 0 1
    outer loop
      vertex -12.6109 -14.9219 19.5
      vertex -12.5494 -20.0832 19.5
      vertex -12.5595 -14.8922 19.5
    endloop
  endfacet
  facet normal -0 0 1
    outer loop
      vertex -12.6632 -14.9497 19.5
      vertex -12.5494 -20.0832 19.5
      vertex -12.6109 -14.9219 19.5
    endloop
  endfacet
  facet normal 0 0 1
    outer loop
      vertex -13.2426 -19.633 19.5
      vertex -12.6632 -14.9497 19.5
      vertex -12.7166 -14.9758 19.5
    endloop
  endfacet
  facet normal 0 0 1
    outer loop
      vertex -13.2426 -19.633 19.5
      vertex -12.7166 -14.9758 19.5
      vertex -12.7708 -14.9999 19.5
    endloop
  endfacet
  facet normal 0 0 1
    outer loop
      vertex -13.2426 -19.633 19.5
      vertex -12.7708 -14.9999 19.5
      vertex -12.8258 -15.0221 19.5
    endloop
  endfacet
  facet normal 0 0 1
    outer loop
      vertex -13.2426 -19.633 19.5
      vertex -12.8258 -15.0221 19.5
      vertex -12.8816 -15.0424 19.5
    endloop
  endfacet
  facet normal 0 0 1
    outer loop
      vertex -13.2426 -19.633 19.5
      vertex -12.8816 -15.0424 19.5
      vertex -12.938 -15.0607 19.5
    endloop
  endfacet
  facet normal 0 0 1
    outer loop
      vertex -13.9197 -19.1589 19.5
      vertex -12.938 -15.0607 19.5
      vertex -12.995 -15.0771 19.5
    endloop
  endfacet
  facet normal 0 0 1
    outer loop
      vertex -13.9197 -19.1589 19.5
      vertex -12.995 -15.0771 19.5
      vertex -13.0526 -15.0915 19.5
    endloop
  endfacet
  facet normal 0 0 1
    outer loop
      vertex -13.9197 -19.1589 19.5
      vertex -13.0526 -15.0915 19.5
      vertex -13.1107 -15.1038 19.5
    endloop
  endfacet
  facet normal 0 0 1
    outer loop
      vertex -13.9197 -19.1589 19.5
      vertex -13.1107 -15.1038 19.5
      vertex -13.1691 -15.1141 19.5
    endloop
  endfacet
  facet normal 0 0 1
    outer loop
      vertex -13.9197 -19.1589 19.5
      vertex -13.1691 -15.1141 19.5
      vertex -13.2279 -15.1224 19.5
    endloop
  endfacet
  facet normal 0 0 1
    outer loop
      vertex -12.6632 -14.9497 19.5
      vertex -13.2426 -19.633 19.5
      vertex -12.5494 -20.0832 19.5
    endloop
  endfacet
  facet normal 0 0 1
    outer loop
      vertex -14.5799 -18.6614 19.5
      vertex -13.2279 -15.1224 19.5
      vertex -13.2869 -15.1286 19.5
    endloop
  endfacet
  facet normal 0 0 1
    outer loop
      vertex -14.5799 -18.6614 19.5
      vertex -13.2869 -15.1286 19.5
      vertex -13.3461 -15.1327 19.5
    endloop
  endfacet
  facet normal 0 0 1
    outer loop
      vertex -14.5799 -18.6614 19.5
      vertex -13.3461 -15.1327 19.5
      vertex -13.4054 -15.1348 19.5
    endloop
  endfacet
  facet normal 0 0 1
    outer loop
      vertex -14.5799 -18.6614 19.5
      vertex -13.4054 -15.1348 19.5
      vertex -13.4647 -15.1348 19.5
    endloop
  endfacet
  facet normal 0 0 1
    outer loop
      vertex -14.5799 -18.6614 19.5
      vertex -13.4647 -15.1348 19.5
      vertex -13.524 -15.1327 19.5
    endloop
  endfacet
  facet normal 0 0 1
    outer loop
      vertex -14.5799 -18.6614 19.5
      vertex -13.524 -15.1327 19.5
      vertex -13.5832 -15.1286 19.5
    endloop
  endfacet
  facet normal 0 0 1
    outer loop
      vertex -15.2223 -18.1412 19.5
      vertex -13.5832 -15.1286 19.5
      vertex -13.6422 -15.1224 19.5
    endloop
  endfacet
  facet normal 0 0 1
    outer loop
      vertex -15.2223 -18.1412 19.5
      vertex -13.6422 -15.1224 19.5
      vertex -13.701 -15.1141 19.5
    endloop
  endfacet
  facet normal 0 0 1
    outer loop
      vertex -15.2223 -18.1412 19.5
      vertex -13.701 -15.1141 19.5
      vertex -13.7594 -15.1038 19.5
    endloop
  endfacet
  facet normal 0 0 1
    outer loop
      vertex -15.2223 -18.1412 19.5
      vertex -13.7594 -15.1038 19.5
      vertex -13.8174 -15.0915 19.5
    endloop
  endfacet
  facet normal 0 0 1
    outer loop
      vertex -15.2223 -18.1412 19.5
      vertex -13.8174 -15.0915 19.5
      vertex -13.875 -15.0771 19.5
    endloop
  endfacet
  facet normal 0 0 1
    outer loop
      vertex -12.938 -15.0607 19.5
      vertex -13.9197 -19.1589 19.5
      vertex -13.2426 -19.633 19.5
    endloop
  endfacet
  facet normal 0 0 1
    outer loop
      vertex -15.2223 -18.1412 19.5
      vertex -13.875 -15.0771 19.5
      vertex -13.9321 -15.0607 19.5
    endloop
  endfacet
  facet normal 0 0 1
    outer loop
      vertex -15.2223 -18.1412 19.5
      vertex -13.9321 -15.0607 19.5
      vertex -13.9885 -15.0424 19.5
    endloop
  endfacet
  facet normal 0 0 1
    outer loop
      vertex -15.2223 -18.1412 19.5
      vertex -13.9885 -15.0424 19.5
      vertex -14.0443 -15.0221 19.5
    endloop
  endfacet
  facet normal 0 0 1
    outer loop
      vertex -15.2223 -18.1412 19.5
      vertex -14.0443 -15.0221 19.5
      vertex -14.0993 -14.9999 19.5
    endloop
  endfacet
  facet normal 0 0 1
    outer loop
      vertex -15.2223 -18.1412 19.5
      vertex -14.0993 -14.9999 19.5
      vertex -14.1535 -14.9758 19.5
    endloop
  endfacet
  facet normal 0 0 1
    outer loop
      vertex -15.2223 -18.1412 19.5
      vertex -14.1535 -14.9758 19.5
      vertex -14.2068 -14.9497 19.5
    endloop
  endfacet
  facet normal 0 0 1
    outer loop
      vertex -15.2223 -18.1412 19.5
      vertex -14.2068 -14.9497 19.5
      vertex -14.2592 -14.9219 19.5
    endloop
  endfacet
  facet normal 0 0 1
    outer loop
      vertex -15.2223 -18.1412 19.5
      vertex -14.2592 -14.9219 19.5
      vertex -14.3106 -14.8922 19.5
    endloop
  endfacet
  facet normal 0 0 1
    outer loop
      vertex -15.2223 -18.1412 19.5
      vertex -14.3106 -14.8922 19.5
      vertex -14.3609 -14.8608 19.5
    endloop
  endfacet
  facet normal 0 0 1
    outer loop
      vertex -15.2223 -18.1412 19.5
      vertex -14.3609 -14.8608 19.5
      vertex -14.4101 -14.8276 19.5
    endloop
  endfacet
  facet normal 0 0 1
    outer loop
      vertex -15.2223 -18.1412 19.5
      vertex -14.4101 -14.8276 19.5
      vertex -14.4581 -14.7927 19.5
    endloop
  endfacet
  facet normal 0 0 1
    outer loop
      vertex -15.2223 -18.1412 19.5
      vertex -14.4581 -14.7927 19.5
      vertex -14.5049 -14.7562 19.5
    endloop
  endfacet
  facet normal 0 0 1
    outer loop
      vertex -15.2223 -18.1412 19.5
      vertex -14.5049 -14.7562 19.5
      vertex -14.5503 -14.718 19.5
    endloop
  endfacet
  facet normal 0 0 1
    outer loop
      vertex -13.2279 -15.1224 19.5
      vertex -14.5799 -18.6614 19.5
      vertex -13.9197 -19.1589 19.5
    endloop
  endfacet
  facet normal 0 0 1
    outer loop
      vertex -15.2223 -18.1412 19.5
      vertex -14.5503 -14.718 19.5
      vertex -14.5944 -14.6783 19.5
    endloop
  endfacet
  facet normal 0 0 1
    outer loop
      vertex -15.2223 -18.1412 19.5
      vertex -14.5944 -14.6783 19.5
      vertex -14.6371 -14.6371 19.5
    endloop
  endfacet
  facet normal 0 0 1
    outer loop
      vertex -15.2223 -18.1412 19.5
      vertex -14.6371 -14.6371 19.5
      vertex -14.6783 -14.5944 19.5
    endloop
  endfacet
  facet normal 0 0 1
    outer loop
      vertex -15.2223 -18.1412 19.5
      vertex -14.6783 -14.5944 19.5
      vertex -14.718 -14.5503 19.5
    endloop
  endfacet
  facet normal 0 0 1
    outer loop
      vertex -15.2223 -18.1412 19.5
      vertex -14.718 -14.5503 19.5
      vertex -14.7562 -14.5049 19.5
    endloop
  endfacet
  facet normal 0 0 1
    outer loop
      vertex -15.2223 -18.1412 19.5
      vertex -14.7562 -14.5049 19.5
      vertex -14.7927 -14.4581 19.5
    endloop
  endfacet
  facet normal 0 0 1
    outer loop
      vertex -15.2223 -18.1412 19.5
      vertex -14.7927 -14.4581 19.5
      vertex -14.8276 -14.4101 19.5
    endloop
  endfacet
  facet normal 0 0 1
    outer loop
      vertex -15.2223 -18.1412 19.5
      vertex -14.8276 -14.4101 19.5
      vertex -14.8608 -14.3609 19.5
    endloop
  endfacet
  facet normal 0 0 1
    outer loop
      vertex -15.2223 -18.1412 19.5
      vertex -14.8608 -14.3609 19.5
      vertex -14.8922 -14.3106 19.5
    endloop
  endfacet
  facet normal 0 0 1
    outer loop
      vertex -15.2223 -18.1412 19.5
      vertex -14.8922 -14.3106 19.5
      vertex -14.9219 -14.2592 19.5
    endloop
  endfacet
  facet normal 0 0 1
    outer loop
      vertex -15.2223 -18.1412 19.5
      vertex -14.9219 -14.2592 19.5
      vertex -14.9497 -14.2068 19.5
    endloop
  endfacet
  facet normal 0 0 1
    outer loop
      vertex -15.2223 -18.1412 19.5
      vertex -14.9497 -14.2068 19.5
      vertex -14.9758 -14.1535 19.5
    endloop
  endfacet
  facet normal 0 0 1
    outer loop
      vertex -15.2223 -18.1412 19.5
      vertex -14.9758 -14.1535 19.5
      vertex -14.9999 -14.0993 19.5
    endloop
  endfacet
  facet normal 0 0 1
    outer loop
      vertex -15.2223 -18.1412 19.5
      vertex -14.9999 -14.0993 19.5
      vertex -15.0221 -14.0443 19.5
    endloop
  endfacet
  facet normal 0 0 1
    outer loop
      vertex -15.2223 -18.1412 19.5
      vertex -15.0221 -14.0443 19.5
      vertex -15.0424 -13.9885 19.5
    endloop
  endfacet
  facet normal 0 0 1
    outer loop
      vertex -15.2223 -18.1412 19.5
      vertex -15.0424 -13.9885 19.5
      vertex -15.0607 -13.9321 19.5
    endloop
  endfacet
  facet normal 0 0 1
    outer loop
      vertex -15.2223 -18.1412 19.5
      vertex -15.0607 -13.9321 19.5
      vertex -15.0771 -13.875 19.5
    endloop
  endfacet
  facet normal 0 0 1
    outer loop
      vertex -15.2223 -18.1412 19.5
      vertex -15.0771 -13.875 19.5
      vertex -15.0915 -13.8174 19.5
    endloop
  endfacet
  facet normal 0 0 1
    outer loop
      vertex -15.2223 -18.1412 19.5
      vertex -15.0915 -13.8174 19.5
      vertex -15.1038 -13.7594 19.5
    endloop
  endfacet
  facet normal 0 0 1
    outer loop
      vertex -15.2223 -18.1412 19.5
      vertex -15.1038 -13.7594 19.5
      vertex -15.1141 -13.701 19.5
    endloop
  endfacet
  facet normal 0 0 1
    outer loop
      vertex -15.2223 -18.1412 19.5
      vertex -15.1141 -13.701 19.5
      vertex -15.1224 -13.6422 19.5
    endloop
  endfacet
  facet normal 0 0 1
    outer loop
      vertex -13.5832 -15.1286 19.5
      vertex -15.2223 -18.1412 19.5
      vertex -14.5799 -18.6614 19.5
    endloop
  endfacet
  facet normal 0 0 1
    outer loop
      vertex -15.1286 -13.5832 19.5
      vertex -15.2223 -18.1412 19.5
      vertex -15.1224 -13.6422 19.5
    endloop
  endfacet
  facet normal 0 0 1
    outer loop
      vertex -15.1327 -13.524 19.5
      vertex -15.2223 -18.1412 19.5
      vertex -15.1286 -13.5832 19.5
    endloop
  endfacet
  facet normal 0 0 1
    outer loop
      vertex -15.2223 -18.1412 19.5
      vertex -15.1327 -13.524 19.5
      vertex -15.1348 -13.4647 19.5
    endloop
  endfacet
  facet normal 0.999848 -0.0174635 0
    outer loop
      vertex 23.6735 -0.469479 7.3
      vertex 23.6817 0 0
      vertex 23.6817 0 7.3
    endloop
  endfacet
  facet normal 0.999849 -0.0173643 0
    outer loop
      vertex 23.6673 -0.826479 0
      vertex 23.6735 -0.469479 7.3
      vertex 23.6673 -0.826479 7.3
    endloop
  endfacet
  facet normal 0.999848 -0.0174207 2.75599e-06
    outer loop
      vertex 23.6735 -0.469479 7.3
      vertex 23.6673 -0.826479 0
      vertex 23.6817 0 0
    endloop
  endfacet
  facet normal 0.999849 -0.0173644 0
    outer loop
      vertex 23.6817 0 19.5
      vertex 23.6755 -0.356999 17.7
      vertex 23.6817 0 17.7
    endloop
  endfacet
  facet normal 0.999848 -0.0174207 1.11674e-05
    outer loop
      vertex 23.6673 -0.826479 19.5
      vertex 23.6755 -0.356999 17.7
      vertex 23.6817 0 19.5
    endloop
  endfacet
  facet normal 0.999848 -0.0174635 0
    outer loop
      vertex 23.6755 -0.356999 17.7
      vertex 23.6673 -0.826479 19.5
      vertex 23.6673 -0.826479 17.7
    endloop
  endfacet
  facet normal 0.999849 -0.0173644 0
    outer loop
      vertex 23.6817 0 13.3
      vertex 23.6755 -0.356999 11.7
      vertex 23.6817 0 11.7
    endloop
  endfacet
  facet normal 0.999848 -0.0174635 2.21249e-05
    outer loop
      vertex 23.6735 -0.469479 13.3
      vertex 23.6755 -0.356999 11.7
      vertex 23.6817 0 13.3
    endloop
  endfacet
  facet normal 0.999849 -0.0173643 0
    outer loop
      vertex 23.6673 -0.826479 11.7
      vertex 23.6735 -0.469479 13.3
      vertex 23.6673 -0.826479 13.3
    endloop
  endfacet
  facet normal 0.999848 -0.0174635 2.21275e-05
    outer loop
      vertex 23.6735 -0.469479 13.3
      vertex 23.6673 -0.826479 11.7
      vertex 23.6755 -0.356999 11.7
    endloop
  endfacet
  facet normal 0.996199 -0.0871038 0
    outer loop
      vertex 23.5831 -2.11972 7.3
      vertex 23.624 -1.65195 0
      vertex 23.624 -1.65195 7.3
    endloop
  endfacet
  facet normal 0.996199 -0.0871034 0
    outer loop
      vertex 23.552 -2.47541 0
      vertex 23.5831 -2.11972 7.3
      vertex 23.552 -2.47541 7.3
    endloop
  endfacet
  facet normal 0.996199 -0.0871036 1.22634e-08
    outer loop
      vertex 23.5831 -2.11972 7.3
      vertex 23.552 -2.47541 0
      vertex 23.624 -1.65195 0
    endloop
  endfacet
  facet normal 0.996199 -0.0871009 0
    outer loop
      vertex 23.624 -1.65195 19.5
      vertex 23.5929 -2.00765 17.7
      vertex 23.624 -1.65195 17.7
    endloop
  endfacet
  facet normal 0.996199 -0.0871036 5.33644e-07
    outer loop
      vertex 23.552 -2.47541 19.5
      vertex 23.5929 -2.00765 17.7
      vertex 23.624 -1.65195 19.5
    endloop
  endfacet
  facet normal 0.996199 -0.0871057 0
    outer loop
      vertex 23.5929 -2.00765 17.7
      vertex 23.552 -2.47541 19.5
      vertex 23.552 -2.47541 17.7
    endloop
  endfacet
  facet normal 0.996199 -0.0871009 0
    outer loop
      vertex 23.624 -1.65195 13.3
      vertex 23.5929 -2.00765 11.7
      vertex 23.624 -1.65195 11.7
    endloop
  endfacet
  facet normal 0.996199 -0.0871038 6.42896e-07
    outer loop
      vertex 23.5831 -2.11972 13.3
      vertex 23.5929 -2.00765 11.7
      vertex 23.624 -1.65195 13.3
    endloop
  endfacet
  facet normal 0.996199 -0.0871034 0
    outer loop
      vertex 23.552 -2.47541 11.7
      vertex 23.5831 -2.11972 13.3
      vertex 23.552 -2.47541 13.3
    endloop
  endfacet
  facet normal 0.996199 -0.0871057 5.12465e-07
    outer loop
      vertex 23.5831 -2.11972 13.3
      vertex 23.552 -2.47541 11.7
      vertex 23.5929 -2.00765 11.7
    endloop
  endfacet
  facet normal 0.974382 -0.2249 0
    outer loop
      vertex 23.1642 -4.9237 19.5
      vertex 23.0839 -5.2716 17.7
      vertex 23.1642 -4.9237 17.7
    endloop
  endfacet
  facet normal 0.974356 -0.225013 2.29677e-05
    outer loop
      vertex 22.9782 -5.72912 19.5
      vertex 23.0839 -5.2716 17.7
      vertex 23.1642 -4.9237 19.5
    endloop
  endfacet
  facet normal 0.974336 -0.225099 0
    outer loop
      vertex 23.0839 -5.2716 17.7
      vertex 22.9782 -5.72912 19.5
      vertex 22.9782 -5.72912 17.7
    endloop
  endfacet
  facet normal 0.974383 -0.224897 0
    outer loop
      vertex 23.0586 -5.38122 7.3
      vertex 23.1642 -4.9237 0
      vertex 23.1642 -4.9237 7.3
    endloop
  endfacet
  facet normal 0.97432 -0.225166 0
    outer loop
      vertex 22.9782 -5.72912 0
      vertex 23.0586 -5.38122 7.3
      vertex 22.9782 -5.72912 7.3
    endloop
  endfacet
  facet normal 0.974356 -0.225013 -7.68406e-06
    outer loop
      vertex 23.0586 -5.38122 7.3
      vertex 22.9782 -5.72912 0
      vertex 23.1642 -4.9237 0
    endloop
  endfacet
  facet normal 0.974382 -0.2249 0
    outer loop
      vertex 23.1642 -4.9237 13.3
      vertex 23.0839 -5.2716 11.7
      vertex 23.1642 -4.9237 11.7
    endloop
  endfacet
  facet normal 0.974383 -0.224897 -8.19936e-07
    outer loop
      vertex 23.0586 -5.38122 13.3
      vertex 23.0839 -5.2716 11.7
      vertex 23.1642 -4.9237 13.3
    endloop
  endfacet
  facet normal 0.97432 -0.225166 0
    outer loop
      vertex 22.9782 -5.72912 11.7
      vertex 23.0586 -5.38122 13.3
      vertex 22.9782 -5.72912 13.3
    endloop
  endfacet
  facet normal 0.974336 -0.225099 -1.54103e-05
    outer loop
      vertex 23.0586 -5.38122 13.3
      vertex 22.9782 -5.72912 11.7
      vertex 23.0839 -5.2716 11.7
    endloop
  endfacet
  facet normal 0.965935 -0.258785 0
    outer loop
      vertex 22.9782 -5.72912 19.5
      vertex 22.8858 -6.07401 17.7
      vertex 22.9782 -5.72912 17.7
    endloop
  endfacet
  facet normal 0.965938 -0.258772 -2.61111e-06
    outer loop
      vertex 22.7643 -6.52756 19.5
      vertex 22.8858 -6.07401 17.7
      vertex 22.9782 -5.72912 19.5
    endloop
  endfacet
  facet normal 0.965941 -0.258763 0
    outer loop
      vertex 22.8858 -6.07401 17.7
      vertex 22.7643 -6.52756 19.5
      vertex 22.7643 -6.52756 17.7
    endloop
  endfacet
  facet normal 0.965941 -0.258763 0
    outer loop
      vertex 22.9782 -5.72912 7.3
      vertex 22.8567 -6.18267 7.3
      vertex 22.9782 -5.72912 0
    endloop
  endfacet
  facet normal 0.965935 -0.258785 0
    outer loop
      vertex 22.7643 -6.52756 0
      vertex 22.8567 -6.18267 7.3
      vertex 22.7643 -6.52756 7.3
    endloop
  endfacet
  facet normal 0.965938 -0.258772 -6.43836e-07
    outer loop
      vertex 22.8567 -6.18267 7.3
      vertex 22.7643 -6.52756 0
      vertex 22.9782 -5.72912 0
    endloop
  endfacet
  facet normal 0.965935 -0.258785 0
    outer loop
      vertex 22.9782 -5.72912 13.3
      vertex 22.8858 -6.07401 11.7
      vertex 22.9782 -5.72912 11.7
    endloop
  endfacet
  facet normal 0.965941 -0.258763 -5.17126e-06
    outer loop
      vertex 22.8567 -6.18267 13.3
      vertex 22.8858 -6.07401 11.7
      vertex 22.9782 -5.72912 13.3
    endloop
  endfacet
  facet normal 0.965935 -0.258785 0
    outer loop
      vertex 22.7643 -6.52756 11.7
      vertex 22.8567 -6.18267 13.3
      vertex 22.7643 -6.52756 13.3
    endloop
  endfacet
  facet normal 0.965941 -0.258763 -5.17126e-06
    outer loop
      vertex 22.8567 -6.18267 13.3
      vertex 22.7643 -6.52756 11.7
      vertex 22.8858 -6.07401 11.7
    endloop
  endfacet
  facet normal 0.819222 -0.573477 0
    outer loop
      vertex 19.3637 -13.6273 7.3
      vertex 19.633 -13.2426 0
      vertex 19.633 -13.2426 7.3
    endloop
  endfacet
  facet normal 0.819074 -0.573688 0
    outer loop
      vertex 19.1589 -13.9197 0
      vertex 19.3637 -13.6273 7.3
      vertex 19.1589 -13.9197 7.3
    endloop
  endfacet
  facet normal 0.819158 -0.573568 -7.16601e-06
    outer loop
      vertex 19.3637 -13.6273 7.3
      vertex 19.1589 -13.9197 0
      vertex 19.633 -13.2426 0
    endloop
  endfacet
  facet normal 0.819166 -0.573556 0
    outer loop
      vertex 19.633 -13.2426 19.5
      vertex 19.4282 -13.5351 17.7
      vertex 19.633 -13.2426 17.7
    endloop
  endfacet
  facet normal 0.819158 -0.573568 2.80271e-06
    outer loop
      vertex 19.1589 -13.9197 19.5
      vertex 19.4282 -13.5351 17.7
      vertex 19.633 -13.2426 19.5
    endloop
  endfacet
  facet normal 0.819152 -0.573577 0
    outer loop
      vertex 19.4282 -13.5351 17.7
      vertex 19.1589 -13.9197 19.5
      vertex 19.1589 -13.9197 17.7
    endloop
  endfacet
  facet normal 0.819166 -0.573556 0
    outer loop
      vertex 19.633 -13.2426 13.3
      vertex 19.4282 -13.5351 11.7
      vertex 19.633 -13.2426 11.7
    endloop
  endfacet
  facet normal 0.819222 -0.573477 -2.17077e-05
    outer loop
      vertex 19.3637 -13.6273 13.3
      vertex 19.4282 -13.5351 11.7
      vertex 19.633 -13.2426 13.3
    endloop
  endfacet
  facet normal 0.819074 -0.573688 0
    outer loop
      vertex 19.1589 -13.9197 11.7
      vertex 19.3637 -13.6273 13.3
      vertex 19.1589 -13.9197 13.3
    endloop
  endfacet
  facet normal 0.819152 -0.573577 -3.02975e-05
    outer loop
      vertex 19.3637 -13.6273 13.3
      vertex 19.1589 -13.9197 11.7
      vertex 19.4282 -13.5351 11.7
    endloop
  endfacet
  facet normal -0.999849 -0.0173644 0
    outer loop
      vertex -23.6817 0 0
      vertex -23.6755 -0.356999 7.3
      vertex -23.6817 0 7.3
    endloop
  endfacet
  facet normal -0.999848 -0.0174207 -2.7536e-06
    outer loop
      vertex -23.6673 -0.826479 0
      vertex -23.6755 -0.356999 7.3
      vertex -23.6817 0 0
    endloop
  endfacet
  facet normal -0.999848 -0.0174635 0
    outer loop
      vertex -23.6755 -0.356999 7.3
      vertex -23.6673 -0.826479 0
      vertex -23.6673 -0.826479 7.3
    endloop
  endfacet
  facet normal -0.999848 -0.0174635 0
    outer loop
      vertex -23.6735 -0.469479 17.7
      vertex -23.6817 0 19.5
      vertex -23.6817 0 17.7
    endloop
  endfacet
  facet normal -0.999849 -0.0173643 -0
    outer loop
      vertex -23.6673 -0.826479 19.5
      vertex -23.6735 -0.469479 17.7
      vertex -23.6673 -0.826479 17.7
    endloop
  endfacet
  facet normal -0.999848 -0.0174207 -1.11771e-05
    outer loop
      vertex -23.6735 -0.469479 17.7
      vertex -23.6673 -0.826479 19.5
      vertex -23.6817 0 19.5
    endloop
  endfacet
  facet normal -0.999849 -0.0173644 0
    outer loop
      vertex -23.6817 0 11.7
      vertex -23.6755 -0.356999 13.3
      vertex -23.6817 0 13.3
    endloop
  endfacet
  facet normal -0.999848 -0.0174635 -2.21249e-05
    outer loop
      vertex -23.6735 -0.469479 11.7
      vertex -23.6755 -0.356999 13.3
      vertex -23.6817 0 11.7
    endloop
  endfacet
  facet normal -0.999849 -0.0173643 -0
    outer loop
      vertex -23.6673 -0.826479 13.3
      vertex -23.6735 -0.469479 11.7
      vertex -23.6673 -0.826479 11.7
    endloop
  endfacet
  facet normal -0.999848 -0.0174635 -2.21275e-05
    outer loop
      vertex -23.6735 -0.469479 11.7
      vertex -23.6673 -0.826479 13.3
      vertex -23.6755 -0.356999 13.3
    endloop
  endfacet
  facet normal -0.981643 -0.190727 0
    outer loop
      vertex -23.3219 -4.11228 0
      vertex -23.2538 -4.46278 7.3
      vertex -23.3219 -4.11228 7.3
    endloop
  endfacet
  facet normal -0.981633 -0.190781 -2.67608e-06
    outer loop
      vertex -23.1642 -4.9237 0
      vertex -23.2538 -4.46278 7.3
      vertex -23.3219 -4.11228 0
    endloop
  endfacet
  facet normal -0.981625 -0.190822 0
    outer loop
      vertex -23.2538 -4.46278 7.3
      vertex -23.1642 -4.9237 0
      vertex -23.1642 -4.9237 7.3
    endloop
  endfacet
  facet normal -0.981625 -0.190818 0
    outer loop
      vertex -23.2323 -4.57321 17.7
      vertex -23.3219 -4.11228 19.5
      vertex -23.3219 -4.11228 17.7
    endloop
  endfacet
  facet normal -0.981642 -0.190732 -0
    outer loop
      vertex -23.1642 -4.9237 19.5
      vertex -23.2323 -4.57321 17.7
      vertex -23.1642 -4.9237 17.7
    endloop
  endfacet
  facet normal -0.981633 -0.190781 -9.7931e-06
    outer loop
      vertex -23.2323 -4.57321 17.7
      vertex -23.1642 -4.9237 19.5
      vertex -23.3219 -4.11228 19.5
    endloop
  endfacet
  facet normal -0.981643 -0.190727 0
    outer loop
      vertex -23.3219 -4.11228 11.7
      vertex -23.2538 -4.46278 13.3
      vertex -23.3219 -4.11228 13.3
    endloop
  endfacet
  facet normal -0.981625 -0.190818 -2.05872e-05
    outer loop
      vertex -23.2323 -4.57321 11.7
      vertex -23.2538 -4.46278 13.3
      vertex -23.3219 -4.11228 11.7
    endloop
  endfacet
  facet normal -0.981642 -0.190732 -0
    outer loop
      vertex -23.1642 -4.9237 13.3
      vertex -23.2323 -4.57321 11.7
      vertex -23.1642 -4.9237 11.7
    endloop
  endfacet
  facet normal -0.981625 -0.190822 -2.03014e-05
    outer loop
      vertex -23.2323 -4.57321 11.7
      vertex -23.1642 -4.9237 13.3
      vertex -23.2538 -4.46278 13.3
    endloop
  endfacet
  facet normal -0.956298 -0.292393 0
    outer loop
      vertex -22.7643 -6.52756 0
      vertex -22.6599 -6.86901 7.3
      vertex -22.7643 -6.52756 7.3
    endloop
  endfacet
  facet normal -0.956296 -0.2924 -3.89942e-07
    outer loop
      vertex -22.5226 -7.31804 0
      vertex -22.6599 -6.86901 7.3
      vertex -22.7643 -6.52756 0
    endloop
  endfacet
  facet normal -0.956294 -0.292406 0
    outer loop
      vertex -22.6599 -6.86901 7.3
      vertex -22.5226 -7.31804 0
      vertex -22.5226 -7.31804 7.3
    endloop
  endfacet
  facet normal -0.956294 -0.292406 0
    outer loop
      vertex -22.627 -6.97659 17.7
      vertex -22.7643 -6.52756 19.5
      vertex -22.7643 -6.52756 17.7
    endloop
  endfacet
  facet normal -0.956298 -0.292393 -0
    outer loop
      vertex -22.5226 -7.31804 19.5
      vertex -22.627 -6.97659 17.7
      vertex -22.5226 -7.31804 17.7
    endloop
  endfacet
  facet normal -0.956296 -0.2924 -1.58143e-06
    outer loop
      vertex -22.627 -6.97659 17.7
      vertex -22.5226 -7.31804 19.5
      vertex -22.7643 -6.52756 19.5
    endloop
  endfacet
  facet normal -0.956298 -0.292393 0
    outer loop
      vertex -22.7643 -6.52756 11.7
      vertex -22.6599 -6.86901 13.3
      vertex -22.7643 -6.52756 13.3
    endloop
  endfacet
  facet normal -0.956294 -0.292406 -3.13197e-06
    outer loop
      vertex -22.627 -6.97659 11.7
      vertex -22.6599 -6.86901 13.3
      vertex -22.7643 -6.52756 11.7
    endloop
  endfacet
  facet normal -0.956298 -0.292393 -0
    outer loop
      vertex -22.5226 -7.31804 13.3
      vertex -22.627 -6.97659 11.7
      vertex -22.5226 -7.31804 11.7
    endloop
  endfacet
  facet normal -0.956294 -0.292406 -3.13197e-06
    outer loop
      vertex -22.627 -6.97659 11.7
      vertex -22.5226 -7.31804 13.3
      vertex -22.6599 -6.86901 13.3
    endloop
  endfacet
  facet normal 0.0523899 -0.998627 0
    outer loop
      vertex 1.29539 -23.6427 17.7
      vertex 0.826479 -23.6673 19.5
      vertex 0.826479 -23.6673 17.7
    endloop
  endfacet
  facet normal 0.0523829 -0.998627 -1.84173e-06
    outer loop
      vertex 0.826479 -23.6673 19.5
      vertex 1.29539 -23.6427 17.7
      vertex 1.65195 -23.624 19.5
    endloop
  endfacet
  facet normal 0.0523736 -0.998628 0
    outer loop
      vertex 1.65195 -23.624 19.5
      vertex 1.29539 -23.6427 17.7
      vertex 1.65195 -23.624 17.7
    endloop
  endfacet
  facet normal 0.0523735 -0.998628 0
    outer loop
      vertex 0.826479 -23.6673 0
      vertex 1.18304 -23.6486 7.3
      vertex 0.826479 -23.6673 7.3
    endloop
  endfacet
  facet normal 0.0523829 -0.998627 -4.61302e-07
    outer loop
      vertex 1.65195 -23.624 0
      vertex 1.18304 -23.6486 7.3
      vertex 0.826479 -23.6673 0
    endloop
  endfacet
  facet normal 0.05239 -0.998627 0
    outer loop
      vertex 1.18304 -23.6486 7.3
      vertex 1.65195 -23.624 0
      vertex 1.65195 -23.624 7.3
    endloop
  endfacet
  facet normal 0.05239 -0.998627 -3.67236e-06
    outer loop
      vertex 1.18304 -23.6486 13.3
      vertex 1.29539 -23.6427 11.7
      vertex 1.65195 -23.624 13.3
    endloop
  endfacet
  facet normal 0.0523735 -0.998628 0
    outer loop
      vertex 0.826479 -23.6673 11.7
      vertex 1.18304 -23.6486 13.3
      vertex 0.826479 -23.6673 13.3
    endloop
  endfacet
  facet normal 0.0523899 -0.998627 -3.68021e-06
    outer loop
      vertex 1.18304 -23.6486 13.3
      vertex 0.826479 -23.6673 11.7
      vertex 1.29539 -23.6427 11.7
    endloop
  endfacet
  facet normal 0.0523736 -0.998628 0
    outer loop
      vertex 1.65195 -23.624 13.3
      vertex 1.29539 -23.6427 11.7
      vertex 1.65195 -23.624 11.7
    endloop
  endfacet
  facet normal 0.122108 -0.992517 0
    outer loop
      vertex 2.47541 -23.552 0
      vertex 2.8298 -23.5084 7.3
      vertex 2.47541 -23.552 7.3
    endloop
  endfacet
  facet normal 0.121944 -0.992537 8.06596e-06
    outer loop
      vertex 3.29585 -23.4512 0
      vertex 2.8298 -23.5084 7.3
      vertex 2.47541 -23.552 0
    endloop
  endfacet
  facet normal 0.12182 -0.992552 0
    outer loop
      vertex 2.8298 -23.5084 7.3
      vertex 3.29585 -23.4512 0
      vertex 3.29585 -23.4512 7.3
    endloop
  endfacet
  facet normal 0.122029 -0.992526 0
    outer loop
      vertex 2.94146 -23.4947 17.7
      vertex 2.47541 -23.552 19.5
      vertex 2.47541 -23.552 17.7
    endloop
  endfacet
  facet normal 0.121944 -0.992537 -2.2429e-05
    outer loop
      vertex 2.47541 -23.552 19.5
      vertex 2.94146 -23.4947 17.7
      vertex 3.29585 -23.4512 19.5
    endloop
  endfacet
  facet normal 0.121832 -0.992551 0
    outer loop
      vertex 3.29585 -23.4512 19.5
      vertex 2.94146 -23.4947 17.7
      vertex 3.29585 -23.4512 17.7
    endloop
  endfacet
  facet normal 0.122108 -0.992517 0
    outer loop
      vertex 2.47541 -23.552 11.7
      vertex 2.8298 -23.5084 13.3
      vertex 2.47541 -23.552 13.3
    endloop
  endfacet
  facet normal 0.122029 -0.992526 1.76136e-05
    outer loop
      vertex 2.8298 -23.5084 13.3
      vertex 2.47541 -23.552 11.7
      vertex 2.94146 -23.4947 11.7
    endloop
  endfacet
  facet normal 0.12182 -0.992552 2.75132e-06
    outer loop
      vertex 2.8298 -23.5084 13.3
      vertex 2.94146 -23.4947 11.7
      vertex 3.29585 -23.4512 13.3
    endloop
  endfacet
  facet normal 0.121832 -0.992551 0
    outer loop
      vertex 3.29585 -23.4512 13.3
      vertex 2.94146 -23.4947 11.7
      vertex 3.29585 -23.4512 11.7
    endloop
  endfacet
  facet normal 0.190727 -0.981643 0
    outer loop
      vertex 4.11228 -23.3219 0
      vertex 4.46278 -23.2538 7.3
      vertex 4.11228 -23.3219 7.3
    endloop
  endfacet
  facet normal 0.190781 -0.981633 -2.67608e-06
    outer loop
      vertex 4.9237 -23.1642 0
      vertex 4.46278 -23.2538 7.3
      vertex 4.11228 -23.3219 0
    endloop
  endfacet
  facet normal 0.190822 -0.981625 0
    outer loop
      vertex 4.46278 -23.2538 7.3
      vertex 4.9237 -23.1642 0
      vertex 4.9237 -23.1642 7.3
    endloop
  endfacet
  facet normal 0.190818 -0.981625 0
    outer loop
      vertex 4.57321 -23.2323 17.7
      vertex 4.11228 -23.3219 19.5
      vertex 4.11228 -23.3219 17.7
    endloop
  endfacet
  facet normal 0.190781 -0.981633 -9.7931e-06
    outer loop
      vertex 4.11228 -23.3219 19.5
      vertex 4.57321 -23.2323 17.7
      vertex 4.9237 -23.1642 19.5
    endloop
  endfacet
  facet normal 0.190732 -0.981642 0
    outer loop
      vertex 4.9237 -23.1642 19.5
      vertex 4.57321 -23.2323 17.7
      vertex 4.9237 -23.1642 17.7
    endloop
  endfacet
  facet normal 0.190727 -0.981643 0
    outer loop
      vertex 4.11228 -23.3219 13.3
      vertex 4.11228 -23.3219 11.7
      vertex 4.46278 -23.2538 13.3
    endloop
  endfacet
  facet normal 0.190818 -0.981625 -2.05872e-05
    outer loop
      vertex 4.57321 -23.2323 11.7
      vertex 4.46278 -23.2538 13.3
      vertex 4.11228 -23.3219 11.7
    endloop
  endfacet
  facet normal 0.190822 -0.981625 -2.03014e-05
    outer loop
      vertex 4.46278 -23.2538 13.3
      vertex 4.57321 -23.2323 11.7
      vertex 4.9237 -23.1642 13.3
    endloop
  endfacet
  facet normal 0.190732 -0.981642 0
    outer loop
      vertex 4.9237 -23.1642 13.3
      vertex 4.57321 -23.2323 11.7
      vertex 4.9237 -23.1642 11.7
    endloop
  endfacet
  facet normal 0.292393 -0.956298 0
    outer loop
      vertex 6.52756 -22.7643 0
      vertex 6.86901 -22.6599 7.3
      vertex 6.52756 -22.7643 7.3
    endloop
  endfacet
  facet normal 0.2924 -0.956296 -3.89942e-07
    outer loop
      vertex 7.31804 -22.5226 0
      vertex 6.86901 -22.6599 7.3
      vertex 6.52756 -22.7643 0
    endloop
  endfacet
  facet normal 0.292406 -0.956294 0
    outer loop
      vertex 6.86901 -22.6599 7.3
      vertex 7.31804 -22.5226 0
      vertex 7.31804 -22.5226 7.3
    endloop
  endfacet
  facet normal 0.292406 -0.956294 0
    outer loop
      vertex 6.97659 -22.627 17.7
      vertex 6.52756 -22.7643 19.5
      vertex 6.52756 -22.7643 17.7
    endloop
  endfacet
  facet normal 0.2924 -0.956296 -1.58143e-06
    outer loop
      vertex 6.52756 -22.7643 19.5
      vertex 6.97659 -22.627 17.7
      vertex 7.31804 -22.5226 19.5
    endloop
  endfacet
  facet normal 0.292393 -0.956298 0
    outer loop
      vertex 7.31804 -22.5226 19.5
      vertex 6.97659 -22.627 17.7
      vertex 7.31804 -22.5226 17.7
    endloop
  endfacet
  facet normal 0.292393 -0.956298 0
    outer loop
      vertex 6.52756 -22.7643 13.3
      vertex 6.52756 -22.7643 11.7
      vertex 6.86901 -22.6599 13.3
    endloop
  endfacet
  facet normal 0.292406 -0.956294 -3.13197e-06
    outer loop
      vertex 6.97659 -22.627 11.7
      vertex 6.86901 -22.6599 13.3
      vertex 6.52756 -22.7643 11.7
    endloop
  endfacet
  facet normal 0.292406 -0.956294 -3.13197e-06
    outer loop
      vertex 6.86901 -22.6599 13.3
      vertex 6.97659 -22.627 11.7
      vertex 7.31804 -22.5226 13.3
    endloop
  endfacet
  facet normal 0.292393 -0.956298 0
    outer loop
      vertex 7.31804 -22.5226 13.3
      vertex 6.97659 -22.627 11.7
      vertex 7.31804 -22.5226 11.7
    endloop
  endfacet
  facet normal 0.390792 -0.920479 0
    outer loop
      vertex 9.30354 -21.7738 17.7
      vertex 8.87132 -21.9573 19.5
      vertex 8.87132 -21.9573 17.7
    endloop
  endfacet
  facet normal 0.390753 -0.920496 -1.09248e-05
    outer loop
      vertex 8.87132 -21.9573 19.5
      vertex 9.30354 -21.7738 17.7
      vertex 9.63221 -21.6343 19.5
    endloop
  endfacet
  facet normal 0.390702 -0.920517 0
    outer loop
      vertex 9.63221 -21.6343 19.5
      vertex 9.30354 -21.7738 17.7
      vertex 9.63221 -21.6343 17.7
    endloop
  endfacet
  facet normal 0.390702 -0.920517 0
    outer loop
      vertex 8.87132 -21.9573 0
      vertex 9.19999 -21.8178 7.3
      vertex 8.87132 -21.9573 7.3
    endloop
  endfacet
  facet normal 0.390753 -0.920496 -2.69379e-06
    outer loop
      vertex 9.63221 -21.6343 0
      vertex 9.19999 -21.8178 7.3
      vertex 8.87132 -21.9573 0
    endloop
  endfacet
  facet normal 0.390792 -0.920479 0
    outer loop
      vertex 9.19999 -21.8178 7.3
      vertex 9.63221 -21.6343 0
      vertex 9.63221 -21.6343 7.3
    endloop
  endfacet
  facet normal 0.390702 -0.920517 0
    outer loop
      vertex 8.87132 -21.9573 11.7
      vertex 9.19999 -21.8178 13.3
      vertex 8.87132 -21.9573 13.3
    endloop
  endfacet
  facet normal 0.390792 -0.920479 -2.1636e-05
    outer loop
      vertex 9.19999 -21.8178 13.3
      vertex 8.87132 -21.9573 11.7
      vertex 9.30354 -21.7738 11.7
    endloop
  endfacet
  facet normal 0.390792 -0.920479 -2.1636e-05
    outer loop
      vertex 9.19999 -21.8178 13.3
      vertex 9.30354 -21.7738 11.7
      vertex 9.63221 -21.6343 13.3
    endloop
  endfacet
  facet normal 0.390702 -0.920517 0
    outer loop
      vertex 9.63221 -21.6343 13.3
      vertex 9.30354 -21.7738 11.7
      vertex 9.63221 -21.6343 11.7
    endloop
  endfacet
  facet normal 0.325447 -0.94556 0
    outer loop
      vertex 7.31804 -22.5226 0
      vertex 7.65565 -22.4064 7.3
      vertex 7.31804 -22.5226 7.3
    endloop
  endfacet
  facet normal 0.325547 -0.945526 -5.1796e-06
    outer loop
      vertex 8.09962 -22.2535 0
      vertex 7.65565 -22.4064 7.3
      vertex 7.31804 -22.5226 0
    endloop
  endfacet
  facet normal 0.325623 -0.9455 0
    outer loop
      vertex 7.65565 -22.4064 7.3
      vertex 8.09962 -22.2535 0
      vertex 8.09962 -22.2535 7.3
    endloop
  endfacet
  facet normal 0.325433 -0.945565 0
    outer loop
      vertex 7.76201 -22.3698 17.7
      vertex 7.31804 -22.5226 19.5
      vertex 7.31804 -22.5226 17.7
    endloop
  endfacet
  facet normal 0.325547 -0.945526 3.1523e-05
    outer loop
      vertex 7.31804 -22.5226 19.5
      vertex 7.76201 -22.3698 17.7
      vertex 8.09962 -22.2535 19.5
    endloop
  endfacet
  facet normal 0.325697 -0.945474 0
    outer loop
      vertex 8.09962 -22.2535 19.5
      vertex 7.76201 -22.3698 17.7
      vertex 8.09962 -22.2535 17.7
    endloop
  endfacet
  facet normal 0.325447 -0.94556 0
    outer loop
      vertex 7.31804 -22.5226 11.7
      vertex 7.65565 -22.4064 13.3
      vertex 7.31804 -22.5226 13.3
    endloop
  endfacet
  facet normal 0.325623 -0.9455 1.74924e-05
    outer loop
      vertex 7.65565 -22.4064 13.3
      vertex 7.76201 -22.3698 11.7
      vertex 8.09962 -22.2535 13.3
    endloop
  endfacet
  facet normal 0.325433 -0.945565 3.33579e-06
    outer loop
      vertex 7.65565 -22.4064 13.3
      vertex 7.31804 -22.5226 11.7
      vertex 7.76201 -22.3698 11.7
    endloop
  endfacet
  facet normal 0.325697 -0.945474 0
    outer loop
      vertex 8.09962 -22.2535 13.3
      vertex 7.76201 -22.3698 11.7
      vertex 8.09962 -22.2535 11.7
    endloop
  endfacet
  facet normal 0.987713 -0.156282 0
    outer loop
      vertex 23.4512 -3.29585 19.5
      vertex 23.3954 -3.64851 17.7
      vertex 23.4512 -3.29585 17.7
    endloop
  endfacet
  facet normal 0.98769 -0.156423 2.83247e-05
    outer loop
      vertex 23.3219 -4.11228 19.5
      vertex 23.3954 -3.64851 17.7
      vertex 23.4512 -3.29585 19.5
    endloop
  endfacet
  facet normal 0.987673 -0.15653 0
    outer loop
      vertex 23.3954 -3.64851 17.7
      vertex 23.3219 -4.11228 19.5
      vertex 23.3219 -4.11228 17.7
    endloop
  endfacet
  facet normal 0.987706 -0.156322 0
    outer loop
      vertex 23.3778 -3.75962 7.3
      vertex 23.4512 -3.29585 0
      vertex 23.4512 -3.29585 7.3
    endloop
  endfacet
  facet normal 0.987669 -0.156555 0
    outer loop
      vertex 23.3219 -4.11228 0
      vertex 23.3778 -3.75962 7.3
      vertex 23.3219 -4.11228 7.3
    endloop
  endfacet
  facet normal 0.98769 -0.156423 -6.54583e-06
    outer loop
      vertex 23.3778 -3.75962 7.3
      vertex 23.3219 -4.11228 0
      vertex 23.4512 -3.29585 0
    endloop
  endfacet
  facet normal 0.987713 -0.156282 0
    outer loop
      vertex 23.4512 -3.29585 13.3
      vertex 23.3954 -3.64851 11.7
      vertex 23.4512 -3.29585 11.7
    endloop
  endfacet
  facet normal 0.987706 -0.156322 9.15519e-06
    outer loop
      vertex 23.3778 -3.75962 13.3
      vertex 23.3954 -3.64851 11.7
      vertex 23.4512 -3.29585 13.3
    endloop
  endfacet
  facet normal 0.987669 -0.156555 0
    outer loop
      vertex 23.3219 -4.11228 11.7
      vertex 23.3778 -3.75962 13.3
      vertex 23.3219 -4.11228 13.3
    endloop
  endfacet
  facet normal 0.987673 -0.15653 -5.63429e-06
    outer loop
      vertex 23.3778 -3.75962 13.3
      vertex 23.3219 -4.11228 11.7
      vertex 23.3954 -3.64851 11.7
    endloop
  endfacet
  facet normal 0.956294 -0.292406 0
    outer loop
      vertex 22.627 -6.97659 7.3
      vertex 22.7643 -6.52756 0
      vertex 22.7643 -6.52756 7.3
    endloop
  endfacet
  facet normal 0.956298 -0.292393 0
    outer loop
      vertex 22.5226 -7.31804 0
      vertex 22.627 -6.97659 7.3
      vertex 22.5226 -7.31804 7.3
    endloop
  endfacet
  facet normal 0.956296 -0.2924 3.89942e-07
    outer loop
      vertex 22.627 -6.97659 7.3
      vertex 22.5226 -7.31804 0
      vertex 22.7643 -6.52756 0
    endloop
  endfacet
  facet normal 0.956298 -0.292393 0
    outer loop
      vertex 22.7643 -6.52756 19.5
      vertex 22.6599 -6.86901 17.7
      vertex 22.7643 -6.52756 17.7
    endloop
  endfacet
  facet normal 0.956296 -0.2924 1.58143e-06
    outer loop
      vertex 22.5226 -7.31804 19.5
      vertex 22.6599 -6.86901 17.7
      vertex 22.7643 -6.52756 19.5
    endloop
  endfacet
  facet normal 0.956294 -0.292406 0
    outer loop
      vertex 22.6599 -6.86901 17.7
      vertex 22.5226 -7.31804 19.5
      vertex 22.5226 -7.31804 17.7
    endloop
  endfacet
  facet normal 0.956298 -0.292393 0
    outer loop
      vertex 22.7643 -6.52756 13.3
      vertex 22.6599 -6.86901 11.7
      vertex 22.7643 -6.52756 11.7
    endloop
  endfacet
  facet normal 0.956294 -0.292406 3.13197e-06
    outer loop
      vertex 22.627 -6.97659 13.3
      vertex 22.6599 -6.86901 11.7
      vertex 22.7643 -6.52756 13.3
    endloop
  endfacet
  facet normal 0.956298 -0.292393 0
    outer loop
      vertex 22.5226 -7.31804 11.7
      vertex 22.627 -6.97659 13.3
      vertex 22.5226 -7.31804 13.3
    endloop
  endfacet
  facet normal 0.956294 -0.292406 3.13197e-06
    outer loop
      vertex 22.627 -6.97659 13.3
      vertex 22.5226 -7.31804 11.7
      vertex 22.6599 -6.86901 11.7
    endloop
  endfacet
  facet normal 0.920517 -0.390702 0
    outer loop
      vertex 21.9573 -8.87132 19.5
      vertex 21.8178 -9.19999 17.7
      vertex 21.9573 -8.87132 17.7
    endloop
  endfacet
  facet normal 0.920496 -0.390753 1.09248e-05
    outer loop
      vertex 21.6343 -9.63221 19.5
      vertex 21.8178 -9.19999 17.7
      vertex 21.9573 -8.87132 19.5
    endloop
  endfacet
  facet normal 0.920479 -0.390792 0
    outer loop
      vertex 21.8178 -9.19999 17.7
      vertex 21.6343 -9.63221 19.5
      vertex 21.6343 -9.63221 17.7
    endloop
  endfacet
  facet normal 0.920479 -0.390792 0
    outer loop
      vertex 21.7738 -9.30354 7.3
      vertex 21.9573 -8.87132 0
      vertex 21.9573 -8.87132 7.3
    endloop
  endfacet
  facet normal 0.920517 -0.390702 0
    outer loop
      vertex 21.6343 -9.63221 0
      vertex 21.7738 -9.30354 7.3
      vertex 21.6343 -9.63221 7.3
    endloop
  endfacet
  facet normal 0.920496 -0.390753 2.69379e-06
    outer loop
      vertex 21.7738 -9.30354 7.3
      vertex 21.6343 -9.63221 0
      vertex 21.9573 -8.87132 0
    endloop
  endfacet
  facet normal 0.920517 -0.390702 0
    outer loop
      vertex 21.9573 -8.87132 13.3
      vertex 21.8178 -9.19999 11.7
      vertex 21.9573 -8.87132 11.7
    endloop
  endfacet
  facet normal 0.920479 -0.390792 2.1636e-05
    outer loop
      vertex 21.7738 -9.30354 13.3
      vertex 21.8178 -9.19999 11.7
      vertex 21.9573 -8.87132 13.3
    endloop
  endfacet
  facet normal 0.920517 -0.390702 0
    outer loop
      vertex 21.6343 -9.63221 11.7
      vertex 21.7738 -9.30354 13.3
      vertex 21.6343 -9.63221 13.3
    endloop
  endfacet
  facet normal 0.920479 -0.390792 2.1636e-05
    outer loop
      vertex 21.7738 -9.30354 13.3
      vertex 21.6343 -9.63221 11.7
      vertex 21.8178 -9.19999 11.7
    endloop
  endfacet
  facet normal 0.890984 -0.454035 0
    outer loop
      vertex 21.285 -10.3814 19.5
      vertex 21.1229 -10.6995 17.7
      vertex 21.285 -10.3814 17.7
    endloop
  endfacet
  facet normal 0.89099 -0.454024 -2.50017e-06
    outer loop
      vertex 20.9097 -11.1179 19.5
      vertex 21.1229 -10.6995 17.7
      vertex 21.285 -10.3814 19.5
    endloop
  endfacet
  facet normal 0.890994 -0.454015 0
    outer loop
      vertex 21.1229 -10.6995 17.7
      vertex 20.9097 -11.1179 19.5
      vertex 20.9097 -11.1179 17.7
    endloop
  endfacet
  facet normal 0.89095 -0.454101 0
    outer loop
      vertex 21.0718 -10.7997 7.3
      vertex 21.285 -10.3814 0
      vertex 21.285 -10.3814 7.3
    endloop
  endfacet
  facet normal 0.891042 -0.453922 0
    outer loop
      vertex 20.9097 -11.1179 0
      vertex 21.0718 -10.7997 7.3
      vertex 20.9097 -11.1179 7.3
    endloop
  endfacet
  facet normal 0.89099 -0.454024 5.60302e-06
    outer loop
      vertex 21.0718 -10.7997 7.3
      vertex 20.9097 -11.1179 0
      vertex 21.285 -10.3814 0
    endloop
  endfacet
  facet normal 0.890984 -0.454035 0
    outer loop
      vertex 21.285 -10.3814 13.3
      vertex 21.1229 -10.6995 11.7
      vertex 21.285 -10.3814 11.7
    endloop
  endfacet
  facet normal 0.89095 -0.454101 1.66268e-05
    outer loop
      vertex 21.0718 -10.7997 13.3
      vertex 21.1229 -10.6995 11.7
      vertex 21.285 -10.3814 13.3
    endloop
  endfacet
  facet normal 0.891042 -0.453922 0
    outer loop
      vertex 20.9097 -11.1179 11.7
      vertex 21.0718 -10.7997 13.3
      vertex 20.9097 -11.1179 13.3
    endloop
  endfacet
  facet normal 0.890994 -0.454015 2.34248e-05
    outer loop
      vertex 21.0718 -10.7997 13.3
      vertex 20.9097 -11.1179 11.7
      vertex 21.1229 -10.6995 11.7
    endloop
  endfacet
  facet normal 0.514784 -0.85732 0
    outer loop
      vertex 11.8408 -20.5089 7.3
      vertex 11.8408 -20.5089 0
      vertex 12.1469 -20.3251 7.3
    endloop
  endfacet
  facet normal 0.514976 -0.857205 -1.09521e-05
    outer loop
      vertex 12.5494 -20.0832 0
      vertex 12.1469 -20.3251 7.3
      vertex 11.8408 -20.5089 0
    endloop
  endfacet
  facet normal 0.515122 -0.857117 0
    outer loop
      vertex 12.1469 -20.3251 7.3
      vertex 12.5494 -20.0832 0
      vertex 12.5494 -20.0832 7.3
    endloop
  endfacet
  facet normal 0.514965 -0.857211 0
    outer loop
      vertex 12.2433 -20.2671 17.7
      vertex 11.8408 -20.5089 19.5
      vertex 11.8408 -20.5089 17.7
    endloop
  endfacet
  facet normal 0.514976 -0.857205 3.20575e-06
    outer loop
      vertex 11.8408 -20.5089 19.5
      vertex 12.2433 -20.2671 17.7
      vertex 12.5494 -20.0832 19.5
    endloop
  endfacet
  facet normal 0.51499 -0.857196 0
    outer loop
      vertex 12.5494 -20.0832 19.5
      vertex 12.2433 -20.2671 17.7
      vertex 12.5494 -20.0832 17.7
    endloop
  endfacet
  facet normal 0.515122 -0.857117 -3.43912e-05
    outer loop
      vertex 12.1469 -20.3251 13.3
      vertex 12.2433 -20.2671 11.7
      vertex 12.5494 -20.0832 13.3
    endloop
  endfacet
  facet normal 0.514784 -0.85732 0
    outer loop
      vertex 11.8408 -20.5089 13.3
      vertex 11.8408 -20.5089 11.7
      vertex 12.1469 -20.3251 13.3
    endloop
  endfacet
  facet normal 0.514965 -0.857211 -4.72265e-05
    outer loop
      vertex 12.1469 -20.3251 13.3
      vertex 11.8408 -20.5089 11.7
      vertex 12.2433 -20.2671 11.7
    endloop
  endfacet
  facet normal 0.51499 -0.857196 0
    outer loop
      vertex 12.5494 -20.0832 13.3
      vertex 12.2433 -20.2671 11.7
      vertex 12.5494 -20.0832 11.7
    endloop
  endfacet
  facet normal 0.75481 -0.655943 0
    outer loop
      vertex 18.1412 -15.2223 19.5
      vertex 17.907 -15.4918 17.7
      vertex 18.1412 -15.2223 17.7
    endloop
  endfacet
  facet normal 0.754686 -0.656086 3.75649e-05
    outer loop
      vertex 17.5989 -15.8461 19.5
      vertex 17.907 -15.4918 17.7
      vertex 18.1412 -15.2223 19.5
    endloop
  endfacet
  facet normal 0.754592 -0.656195 0
    outer loop
      vertex 17.907 -15.4918 17.7
      vertex 17.5989 -15.8461 19.5
      vertex 17.5989 -15.8461 17.7
    endloop
  endfacet
  facet normal 0.754789 -0.655968 0
    outer loop
      vertex 17.8332 -15.5767 7.3
      vertex 18.1412 -15.2223 0
      vertex 18.1412 -15.2223 7.3
    endloop
  endfacet
  facet normal 0.754551 -0.656241 0
    outer loop
      vertex 17.5989 -15.8461 0
      vertex 17.8332 -15.5767 7.3
      vertex 17.5989 -15.8461 7.3
    endloop
  endfacet
  facet normal 0.754686 -0.656086 -1.00631e-05
    outer loop
      vertex 17.8332 -15.5767 7.3
      vertex 17.5989 -15.8461 0
      vertex 18.1412 -15.2223 0
    endloop
  endfacet
  facet normal 0.75481 -0.655943 0
    outer loop
      vertex 18.1412 -15.2223 13.3
      vertex 17.907 -15.4918 11.7
      vertex 18.1412 -15.2223 11.7
    endloop
  endfacet
  facet normal 0.754789 -0.655968 7.34769e-06
    outer loop
      vertex 17.8332 -15.5767 13.3
      vertex 17.907 -15.4918 11.7
      vertex 18.1412 -15.2223 13.3
    endloop
  endfacet
  facet normal 0.754551 -0.656241 0
    outer loop
      vertex 17.5989 -15.8461 11.7
      vertex 17.8332 -15.5767 13.3
      vertex 17.5989 -15.8461 13.3
    endloop
  endfacet
  facet normal 0.754592 -0.656195 -1.37772e-05
    outer loop
      vertex 17.8332 -15.5767 13.3
      vertex 17.5989 -15.8461 11.7
      vertex 17.907 -15.4918 11.7
    endloop
  endfacet
  facet normal 0.777167 -0.629295 0
    outer loop
      vertex 18.6614 -14.5799 19.5
      vertex 18.4367 -14.8574 17.7
      vertex 18.6614 -14.5799 17.7
    endloop
  endfacet
  facet normal 0.777149 -0.629317 5.52457e-06
    outer loop
      vertex 18.1412 -15.2223 19.5
      vertex 18.4367 -14.8574 17.7
      vertex 18.6614 -14.5799 19.5
    endloop
  endfacet
  facet normal 0.777136 -0.629333 0
    outer loop
      vertex 18.4367 -14.8574 17.7
      vertex 18.1412 -15.2223 19.5
      vertex 18.1412 -15.2223 17.7
    endloop
  endfacet
  facet normal 0.777136 -0.629333 0
    outer loop
      vertex 18.3659 -14.9448 7.3
      vertex 18.6614 -14.5799 0
      vertex 18.6614 -14.5799 7.3
    endloop
  endfacet
  facet normal 0.777167 -0.629295 0
    outer loop
      vertex 18.1412 -15.2223 0
      vertex 18.3659 -14.9448 7.3
      vertex 18.1412 -15.2223 7.3
    endloop
  endfacet
  facet normal 0.777149 -0.629317 1.36222e-06
    outer loop
      vertex 18.3659 -14.9448 7.3
      vertex 18.1412 -15.2223 0
      vertex 18.6614 -14.5799 0
    endloop
  endfacet
  facet normal 0.777167 -0.629295 0
    outer loop
      vertex 18.6614 -14.5799 13.3
      vertex 18.4367 -14.8574 11.7
      vertex 18.6614 -14.5799 11.7
    endloop
  endfacet
  facet normal 0.777136 -0.629333 1.09414e-05
    outer loop
      vertex 18.3659 -14.9448 13.3
      vertex 18.4367 -14.8574 11.7
      vertex 18.6614 -14.5799 13.3
    endloop
  endfacet
  facet normal 0.777167 -0.629295 0
    outer loop
      vertex 18.1412 -15.2223 11.7
      vertex 18.3659 -14.9448 13.3
      vertex 18.1412 -15.2223 13.3
    endloop
  endfacet
  facet normal 0.777136 -0.629333 1.09414e-05
    outer loop
      vertex 18.3659 -14.9448 13.3
      vertex 18.1412 -15.2223 11.7
      vertex 18.4367 -14.8574 11.7
    endloop
  endfacet
  facet normal -0.573688 -0.819074 0
    outer loop
      vertex -13.9197 -19.1589 0
      vertex -13.6273 -19.3637 7.3
      vertex -13.9197 -19.1589 7.3
    endloop
  endfacet
  facet normal -0.573568 -0.819158 -7.16601e-06
    outer loop
      vertex -13.2426 -19.633 0
      vertex -13.6273 -19.3637 7.3
      vertex -13.9197 -19.1589 0
    endloop
  endfacet
  facet normal -0.573477 -0.819222 0
    outer loop
      vertex -13.6273 -19.3637 7.3
      vertex -13.2426 -19.633 0
      vertex -13.2426 -19.633 7.3
    endloop
  endfacet
  facet normal -0.573577 -0.819152 0
    outer loop
      vertex -13.5351 -19.4282 17.7
      vertex -13.9197 -19.1589 19.5
      vertex -13.9197 -19.1589 17.7
    endloop
  endfacet
  facet normal -0.573568 -0.819158 2.80271e-06
    outer loop
      vertex -13.9197 -19.1589 19.5
      vertex -13.5351 -19.4282 17.7
      vertex -13.2426 -19.633 19.5
    endloop
  endfacet
  facet normal -0.573556 -0.819166 -0
    outer loop
      vertex -13.2426 -19.633 19.5
      vertex -13.5351 -19.4282 17.7
      vertex -13.2426 -19.633 17.7
    endloop
  endfacet
  facet normal -0.573688 -0.819074 -0
    outer loop
      vertex -13.9197 -19.1589 13.3
      vertex -13.9197 -19.1589 11.7
      vertex -13.6273 -19.3637 13.3
    endloop
  endfacet
  facet normal -0.573577 -0.819152 -3.02975e-05
    outer loop
      vertex -13.6273 -19.3637 13.3
      vertex -13.9197 -19.1589 11.7
      vertex -13.5351 -19.4282 11.7
    endloop
  endfacet
  facet normal -0.573477 -0.819222 -2.17077e-05
    outer loop
      vertex -13.6273 -19.3637 13.3
      vertex -13.5351 -19.4282 11.7
      vertex -13.2426 -19.633 13.3
    endloop
  endfacet
  facet normal -0.573556 -0.819166 -0
    outer loop
      vertex -13.2426 -19.633 13.3
      vertex -13.5351 -19.4282 11.7
      vertex -13.2426 -19.633 11.7
    endloop
  endfacet
  facet normal 0.0174207 -0.999848 -1.11771e-05
    outer loop
      vertex 0 -23.6817 19.5
      vertex 0.469479 -23.6735 17.7
      vertex 0.826479 -23.6673 19.5
    endloop
  endfacet
  facet normal 0.0174635 -0.999848 0
    outer loop
      vertex 0.469479 -23.6735 17.7
      vertex 0 -23.6817 19.5
      vertex 0 -23.6817 17.7
    endloop
  endfacet
  facet normal 0.0173643 -0.999849 0
    outer loop
      vertex 0.826479 -23.6673 17.7
      vertex 0.826479 -23.6673 19.5
      vertex 0.469479 -23.6735 17.7
    endloop
  endfacet
  facet normal 0.0173644 -0.999849 0
    outer loop
      vertex 0 -23.6817 0
      vertex 0.356999 -23.6755 7.3
      vertex 0 -23.6817 7.3
    endloop
  endfacet
  facet normal 0.0174207 -0.999848 -2.7536e-06
    outer loop
      vertex 0.826479 -23.6673 0
      vertex 0.356999 -23.6755 7.3
      vertex 0 -23.6817 0
    endloop
  endfacet
  facet normal 0.0174635 -0.999848 0
    outer loop
      vertex 0.356999 -23.6755 7.3
      vertex 0.826479 -23.6673 0
      vertex 0.826479 -23.6673 7.3
    endloop
  endfacet
  facet normal 0.0173644 -0.999849 0
    outer loop
      vertex 0 -23.6817 11.7
      vertex 0.356999 -23.6755 13.3
      vertex 0 -23.6817 13.3
    endloop
  endfacet
  facet normal 0.0174635 -0.999848 -2.21275e-05
    outer loop
      vertex 0.356999 -23.6755 13.3
      vertex 0.469479 -23.6735 11.7
      vertex 0.826479 -23.6673 13.3
    endloop
  endfacet
  facet normal 0.0174635 -0.999848 -2.21249e-05
    outer loop
      vertex 0.356999 -23.6755 13.3
      vertex 0 -23.6817 11.7
      vertex 0.469479 -23.6735 11.7
    endloop
  endfacet
  facet normal 0.0173643 -0.999849 0
    outer loop
      vertex 0.826479 -23.6673 11.7
      vertex 0.826479 -23.6673 13.3
      vertex 0.469479 -23.6735 11.7
    endloop
  endfacet
  facet normal -0.15653 -0.987673 0
    outer loop
      vertex -3.64851 -23.3954 17.7
      vertex -4.11228 -23.3219 19.5
      vertex -4.11228 -23.3219 17.7
    endloop
  endfacet
  facet normal -0.156423 -0.98769 2.83247e-05
    outer loop
      vertex -4.11228 -23.3219 19.5
      vertex -3.64851 -23.3954 17.7
      vertex -3.29585 -23.4512 19.5
    endloop
  endfacet
  facet normal -0.156282 -0.987713 0
    outer loop
      vertex -3.29585 -23.4512 17.7
      vertex -3.29585 -23.4512 19.5
      vertex -3.64851 -23.3954 17.7
    endloop
  endfacet
  facet normal -0.156555 -0.987669 0
    outer loop
      vertex -4.11228 -23.3219 0
      vertex -3.75962 -23.3778 7.3
      vertex -4.11228 -23.3219 7.3
    endloop
  endfacet
  facet normal -0.156423 -0.98769 -6.54583e-06
    outer loop
      vertex -3.29585 -23.4512 0
      vertex -3.75962 -23.3778 7.3
      vertex -4.11228 -23.3219 0
    endloop
  endfacet
  facet normal -0.156322 -0.987706 0
    outer loop
      vertex -3.75962 -23.3778 7.3
      vertex -3.29585 -23.4512 0
      vertex -3.29585 -23.4512 7.3
    endloop
  endfacet
  facet normal -0.156555 -0.987669 0
    outer loop
      vertex -4.11228 -23.3219 11.7
      vertex -3.75962 -23.3778 13.3
      vertex -4.11228 -23.3219 13.3
    endloop
  endfacet
  facet normal -0.156322 -0.987706 9.15519e-06
    outer loop
      vertex -3.75962 -23.3778 13.3
      vertex -3.64851 -23.3954 11.7
      vertex -3.29585 -23.4512 13.3
    endloop
  endfacet
  facet normal -0.156282 -0.987713 0
    outer loop
      vertex -3.29585 -23.4512 11.7
      vertex -3.29585 -23.4512 13.3
      vertex -3.64851 -23.3954 11.7
    endloop
  endfacet
  facet normal -0.15653 -0.987673 -5.63429e-06
    outer loop
      vertex -3.75962 -23.3778 13.3
      vertex -4.11228 -23.3219 11.7
      vertex -3.64851 -23.3954 11.7
    endloop
  endfacet
  facet normal -0.422625 -0.906305 0
    outer loop
      vertex -10.3814 -21.285 0
      vertex -10.0578 -21.4359 7.3
      vertex -10.3814 -21.285 7.3
    endloop
  endfacet
  facet normal -0.422566 -0.906332 -3.19689e-06
    outer loop
      vertex -9.63221 -21.6343 0
      vertex -10.0578 -21.4359 7.3
      vertex -10.3814 -21.285 0
    endloop
  endfacet
  facet normal -0.422521 -0.906353 0
    outer loop
      vertex -10.0578 -21.4359 7.3
      vertex -9.63221 -21.6343 0
      vertex -9.63221 -21.6343 7.3
    endloop
  endfacet
  facet normal -0.422521 -0.906353 0
    outer loop
      vertex -9.95581 -21.4834 17.7
      vertex -10.3814 -21.285 19.5
      vertex -10.3814 -21.285 17.7
    endloop
  endfacet
  facet normal -0.422566 -0.906332 -1.29652e-05
    outer loop
      vertex -10.3814 -21.285 19.5
      vertex -9.95581 -21.4834 17.7
      vertex -9.63221 -21.6343 19.5
    endloop
  endfacet
  facet normal -0.422625 -0.906305 -0
    outer loop
      vertex -9.63221 -21.6343 19.5
      vertex -9.95581 -21.4834 17.7
      vertex -9.63221 -21.6343 17.7
    endloop
  endfacet
  facet normal -0.422625 -0.906305 0
    outer loop
      vertex -10.3814 -21.285 11.7
      vertex -10.0578 -21.4359 13.3
      vertex -10.3814 -21.285 13.3
    endloop
  endfacet
  facet normal -0.422521 -0.906353 -2.56768e-05
    outer loop
      vertex -10.0578 -21.4359 13.3
      vertex -10.3814 -21.285 11.7
      vertex -9.95581 -21.4834 11.7
    endloop
  endfacet
  facet normal -0.422521 -0.906353 -2.56768e-05
    outer loop
      vertex -10.0578 -21.4359 13.3
      vertex -9.95581 -21.4834 11.7
      vertex -9.63221 -21.6343 13.3
    endloop
  endfacet
  facet normal -0.422625 -0.906305 -0
    outer loop
      vertex -9.63221 -21.6343 13.3
      vertex -9.95581 -21.4834 11.7
      vertex -9.63221 -21.6343 11.7
    endloop
  endfacet
  facet normal -0.998628 -0.0523735 0
    outer loop
      vertex -23.6673 -0.826479 0
      vertex -23.6486 -1.18304 7.3
      vertex -23.6673 -0.826479 7.3
    endloop
  endfacet
  facet normal -0.998627 -0.0523829 -4.61302e-07
    outer loop
      vertex -23.624 -1.65195 0
      vertex -23.6486 -1.18304 7.3
      vertex -23.6673 -0.826479 0
    endloop
  endfacet
  facet normal -0.998627 -0.05239 0
    outer loop
      vertex -23.6486 -1.18304 7.3
      vertex -23.624 -1.65195 0
      vertex -23.624 -1.65195 7.3
    endloop
  endfacet
  facet normal -0.998627 -0.0523899 0
    outer loop
      vertex -23.6427 -1.29539 17.7
      vertex -23.6673 -0.826479 19.5
      vertex -23.6673 -0.826479 17.7
    endloop
  endfacet
  facet normal -0.998628 -0.0523736 -0
    outer loop
      vertex -23.624 -1.65195 19.5
      vertex -23.6427 -1.29539 17.7
      vertex -23.624 -1.65195 17.7
    endloop
  endfacet
  facet normal -0.998627 -0.0523829 -1.84173e-06
    outer loop
      vertex -23.6427 -1.29539 17.7
      vertex -23.624 -1.65195 19.5
      vertex -23.6673 -0.826479 19.5
    endloop
  endfacet
  facet normal -0.998628 -0.0523735 0
    outer loop
      vertex -23.6673 -0.826479 11.7
      vertex -23.6486 -1.18304 13.3
      vertex -23.6673 -0.826479 13.3
    endloop
  endfacet
  facet normal -0.998627 -0.0523899 -3.68021e-06
    outer loop
      vertex -23.6427 -1.29539 11.7
      vertex -23.6486 -1.18304 13.3
      vertex -23.6673 -0.826479 11.7
    endloop
  endfacet
  facet normal -0.998628 -0.0523736 -0
    outer loop
      vertex -23.624 -1.65195 13.3
      vertex -23.6427 -1.29539 11.7
      vertex -23.624 -1.65195 11.7
    endloop
  endfacet
  facet normal -0.998627 -0.05239 -3.67236e-06
    outer loop
      vertex -23.6427 -1.29539 11.7
      vertex -23.624 -1.65195 13.3
      vertex -23.6486 -1.18304 13.3
    endloop
  endfacet
  facet normal -0.987706 -0.156322 0
    outer loop
      vertex -23.3778 -3.75962 17.7
      vertex -23.4512 -3.29585 19.5
      vertex -23.4512 -3.29585 17.7
    endloop
  endfacet
  facet normal -0.987669 -0.156555 -0
    outer loop
      vertex -23.3219 -4.11228 19.5
      vertex -23.3778 -3.75962 17.7
      vertex -23.3219 -4.11228 17.7
    endloop
  endfacet
  facet normal -0.98769 -0.156423 2.6547e-05
    outer loop
      vertex -23.3778 -3.75962 17.7
      vertex -23.3219 -4.11228 19.5
      vertex -23.4512 -3.29585 19.5
    endloop
  endfacet
  facet normal -0.987713 -0.156282 0
    outer loop
      vertex -23.4512 -3.29585 0
      vertex -23.3954 -3.64851 7.3
      vertex -23.4512 -3.29585 7.3
    endloop
  endfacet
  facet normal -0.98769 -0.156423 -6.98417e-06
    outer loop
      vertex -23.3219 -4.11228 0
      vertex -23.3954 -3.64851 7.3
      vertex -23.4512 -3.29585 0
    endloop
  endfacet
  facet normal -0.987673 -0.15653 0
    outer loop
      vertex -23.3954 -3.64851 7.3
      vertex -23.3219 -4.11228 0
      vertex -23.3219 -4.11228 7.3
    endloop
  endfacet
  facet normal -0.987713 -0.156282 0
    outer loop
      vertex -23.4512 -3.29585 11.7
      vertex -23.3954 -3.64851 13.3
      vertex -23.4512 -3.29585 13.3
    endloop
  endfacet
  facet normal -0.987706 -0.156322 -9.15519e-06
    outer loop
      vertex -23.3778 -3.75962 11.7
      vertex -23.3954 -3.64851 13.3
      vertex -23.4512 -3.29585 11.7
    endloop
  endfacet
  facet normal -0.987669 -0.156555 -0
    outer loop
      vertex -23.3219 -4.11228 13.3
      vertex -23.3778 -3.75962 11.7
      vertex -23.3219 -4.11228 11.7
    endloop
  endfacet
  facet normal -0.987673 -0.15653 5.63429e-06
    outer loop
      vertex -23.3778 -3.75962 11.7
      vertex -23.3219 -4.11228 13.3
      vertex -23.3954 -3.64851 13.3
    endloop
  endfacet
  facet normal -0.906353 -0.422521 0
    outer loop
      vertex -21.4359 -10.0578 17.7
      vertex -21.6343 -9.63221 19.5
      vertex -21.6343 -9.63221 17.7
    endloop
  endfacet
  facet normal -0.906305 -0.422625 -0
    outer loop
      vertex -21.285 -10.3814 19.5
      vertex -21.4359 -10.0578 17.7
      vertex -21.285 -10.3814 17.7
    endloop
  endfacet
  facet normal -0.906332 -0.422566 1.29652e-05
    outer loop
      vertex -21.4359 -10.0578 17.7
      vertex -21.285 -10.3814 19.5
      vertex -21.6343 -9.63221 19.5
    endloop
  endfacet
  facet normal -0.906305 -0.422625 0
    outer loop
      vertex -21.6343 -9.63221 0
      vertex -21.4834 -9.95581 7.3
      vertex -21.6343 -9.63221 7.3
    endloop
  endfacet
  facet normal -0.906332 -0.422566 3.19689e-06
    outer loop
      vertex -21.285 -10.3814 0
      vertex -21.4834 -9.95581 7.3
      vertex -21.6343 -9.63221 0
    endloop
  endfacet
  facet normal -0.906353 -0.422521 0
    outer loop
      vertex -21.4834 -9.95581 7.3
      vertex -21.285 -10.3814 0
      vertex -21.285 -10.3814 7.3
    endloop
  endfacet
  facet normal -0.906305 -0.422625 0
    outer loop
      vertex -21.6343 -9.63221 11.7
      vertex -21.4834 -9.95581 13.3
      vertex -21.6343 -9.63221 13.3
    endloop
  endfacet
  facet normal -0.906353 -0.422521 2.56768e-05
    outer loop
      vertex -21.4359 -10.0578 11.7
      vertex -21.4834 -9.95581 13.3
      vertex -21.6343 -9.63221 11.7
    endloop
  endfacet
  facet normal -0.906305 -0.422625 -0
    outer loop
      vertex -21.285 -10.3814 13.3
      vertex -21.4359 -10.0578 11.7
      vertex -21.285 -10.3814 11.7
    endloop
  endfacet
  facet normal -0.906353 -0.422521 2.56768e-05
    outer loop
      vertex -21.4359 -10.0578 11.7
      vertex -21.285 -10.3814 13.3
      vertex -21.4834 -9.95581 13.3
    endloop
  endfacet
  facet normal -0.890984 -0.454035 0
    outer loop
      vertex -21.285 -10.3814 0
      vertex -21.1229 -10.6995 7.3
      vertex -21.285 -10.3814 7.3
    endloop
  endfacet
  facet normal -0.89099 -0.454024 6.16481e-07
    outer loop
      vertex -20.9097 -11.1179 0
      vertex -21.1229 -10.6995 7.3
      vertex -21.285 -10.3814 0
    endloop
  endfacet
  facet normal -0.890994 -0.454015 0
    outer loop
      vertex -21.1229 -10.6995 7.3
      vertex -20.9097 -11.1179 0
      vertex -20.9097 -11.1179 7.3
    endloop
  endfacet
  facet normal -0.89095 -0.454101 0
    outer loop
      vertex -21.0718 -10.7997 17.7
      vertex -21.285 -10.3814 19.5
      vertex -21.285 -10.3814 17.7
    endloop
  endfacet
  facet normal -0.891042 -0.453922 -0
    outer loop
      vertex -20.9097 -11.1179 19.5
      vertex -21.0718 -10.7997 17.7
      vertex -20.9097 -11.1179 17.7
    endloop
  endfacet
  facet normal -0.89099 -0.454024 -2.27234e-05
    outer loop
      vertex -21.0718 -10.7997 17.7
      vertex -20.9097 -11.1179 19.5
      vertex -21.285 -10.3814 19.5
    endloop
  endfacet
  facet normal -0.890984 -0.454035 0
    outer loop
      vertex -21.285 -10.3814 11.7
      vertex -21.1229 -10.6995 13.3
      vertex -21.285 -10.3814 13.3
    endloop
  endfacet
  facet normal -0.89095 -0.454101 -1.66268e-05
    outer loop
      vertex -21.0718 -10.7997 11.7
      vertex -21.1229 -10.6995 13.3
      vertex -21.285 -10.3814 11.7
    endloop
  endfacet
  facet normal -0.891042 -0.453922 -0
    outer loop
      vertex -20.9097 -11.1179 13.3
      vertex -21.0718 -10.7997 11.7
      vertex -20.9097 -11.1179 11.7
    endloop
  endfacet
  facet normal -0.890994 -0.454015 -2.34248e-05
    outer loop
      vertex -21.0718 -10.7997 11.7
      vertex -20.9097 -11.1179 13.3
      vertex -21.1229 -10.6995 13.3
    endloop
  endfacet
  facet normal -0.920479 -0.390792 0
    outer loop
      vertex -21.7738 -9.30354 17.7
      vertex -21.9573 -8.87132 19.5
      vertex -21.9573 -8.87132 17.7
    endloop
  endfacet
  facet normal -0.920517 -0.390702 -0
    outer loop
      vertex -21.6343 -9.63221 19.5
      vertex -21.7738 -9.30354 17.7
      vertex -21.6343 -9.63221 17.7
    endloop
  endfacet
  facet normal -0.920496 -0.390753 -1.09248e-05
    outer loop
      vertex -21.7738 -9.30354 17.7
      vertex -21.6343 -9.63221 19.5
      vertex -21.9573 -8.87132 19.5
    endloop
  endfacet
  facet normal -0.920517 -0.390702 0
    outer loop
      vertex -21.9573 -8.87132 0
      vertex -21.8178 -9.19999 7.3
      vertex -21.9573 -8.87132 7.3
    endloop
  endfacet
  facet normal -0.920496 -0.390753 -2.69379e-06
    outer loop
      vertex -21.6343 -9.63221 0
      vertex -21.8178 -9.19999 7.3
      vertex -21.9573 -8.87132 0
    endloop
  endfacet
  facet normal -0.920479 -0.390792 0
    outer loop
      vertex -21.8178 -9.19999 7.3
      vertex -21.6343 -9.63221 0
      vertex -21.6343 -9.63221 7.3
    endloop
  endfacet
  facet normal -0.920517 -0.390702 0
    outer loop
      vertex -21.9573 -8.87132 11.7
      vertex -21.8178 -9.19999 13.3
      vertex -21.9573 -8.87132 13.3
    endloop
  endfacet
  facet normal -0.920479 -0.390792 -2.1636e-05
    outer loop
      vertex -21.7738 -9.30354 11.7
      vertex -21.8178 -9.19999 13.3
      vertex -21.9573 -8.87132 11.7
    endloop
  endfacet
  facet normal -0.920517 -0.390702 -0
    outer loop
      vertex -21.6343 -9.63221 13.3
      vertex -21.7738 -9.30354 11.7
      vertex -21.6343 -9.63221 11.7
    endloop
  endfacet
  facet normal -0.920479 -0.390792 -2.1636e-05
    outer loop
      vertex -21.7738 -9.30354 11.7
      vertex -21.6343 -9.63221 13.3
      vertex -21.8178 -9.19999 13.3
    endloop
  endfacet
  facet normal 0.156282 -0.987713 0
    outer loop
      vertex 3.29585 -23.4512 7.3
      vertex 3.29585 -23.4512 0
      vertex 3.64851 -23.3954 7.3
    endloop
  endfacet
  facet normal 0.156423 -0.98769 -6.98417e-06
    outer loop
      vertex 4.11228 -23.3219 0
      vertex 3.64851 -23.3954 7.3
      vertex 3.29585 -23.4512 0
    endloop
  endfacet
  facet normal 0.15653 -0.987673 0
    outer loop
      vertex 3.64851 -23.3954 7.3
      vertex 4.11228 -23.3219 0
      vertex 4.11228 -23.3219 7.3
    endloop
  endfacet
  facet normal 0.156322 -0.987706 0
    outer loop
      vertex 3.75962 -23.3778 17.7
      vertex 3.29585 -23.4512 19.5
      vertex 3.29585 -23.4512 17.7
    endloop
  endfacet
  facet normal 0.156423 -0.98769 2.6547e-05
    outer loop
      vertex 3.29585 -23.4512 19.5
      vertex 3.75962 -23.3778 17.7
      vertex 4.11228 -23.3219 19.5
    endloop
  endfacet
  facet normal 0.156555 -0.987669 0
    outer loop
      vertex 4.11228 -23.3219 19.5
      vertex 3.75962 -23.3778 17.7
      vertex 4.11228 -23.3219 17.7
    endloop
  endfacet
  facet normal 0.156282 -0.987713 0
    outer loop
      vertex 3.29585 -23.4512 13.3
      vertex 3.29585 -23.4512 11.7
      vertex 3.64851 -23.3954 13.3
    endloop
  endfacet
  facet normal 0.156322 -0.987706 -9.15519e-06
    outer loop
      vertex 3.75962 -23.3778 11.7
      vertex 3.64851 -23.3954 13.3
      vertex 3.29585 -23.4512 11.7
    endloop
  endfacet
  facet normal 0.15653 -0.987673 5.63429e-06
    outer loop
      vertex 3.64851 -23.3954 13.3
      vertex 3.75962 -23.3778 11.7
      vertex 4.11228 -23.3219 13.3
    endloop
  endfacet
  facet normal 0.156555 -0.987669 0
    outer loop
      vertex 4.11228 -23.3219 13.3
      vertex 3.75962 -23.3778 11.7
      vertex 4.11228 -23.3219 11.7
    endloop
  endfacet
  facet normal 0.2249 -0.974382 0
    outer loop
      vertex 4.9237 -23.1642 0
      vertex 5.2716 -23.0839 7.3
      vertex 4.9237 -23.1642 7.3
    endloop
  endfacet
  facet normal 0.225013 -0.974356 -5.66328e-06
    outer loop
      vertex 5.72912 -22.9782 0
      vertex 5.2716 -23.0839 7.3
      vertex 4.9237 -23.1642 0
    endloop
  endfacet
  facet normal 0.225099 -0.974336 0
    outer loop
      vertex 5.2716 -23.0839 7.3
      vertex 5.72912 -22.9782 0
      vertex 5.72912 -22.9782 7.3
    endloop
  endfacet
  facet normal 0.224897 -0.974383 0
    outer loop
      vertex 5.38122 -23.0586 17.7
      vertex 4.9237 -23.1642 19.5
      vertex 4.9237 -23.1642 17.7
    endloop
  endfacet
  facet normal 0.225013 -0.974356 3.11631e-05
    outer loop
      vertex 4.9237 -23.1642 19.5
      vertex 5.38122 -23.0586 17.7
      vertex 5.72912 -22.9782 19.5
    endloop
  endfacet
  facet normal 0.225166 -0.97432 0
    outer loop
      vertex 5.72912 -22.9782 19.5
      vertex 5.38122 -23.0586 17.7
      vertex 5.72912 -22.9782 17.7
    endloop
  endfacet
  facet normal 0.225099 -0.974336 1.54103e-05
    outer loop
      vertex 5.2716 -23.0839 13.3
      vertex 5.38122 -23.0586 11.7
      vertex 5.72912 -22.9782 13.3
    endloop
  endfacet
  facet normal 0.2249 -0.974382 0
    outer loop
      vertex 4.9237 -23.1642 11.7
      vertex 5.2716 -23.0839 13.3
      vertex 4.9237 -23.1642 13.3
    endloop
  endfacet
  facet normal 0.224897 -0.974383 8.19936e-07
    outer loop
      vertex 5.2716 -23.0839 13.3
      vertex 4.9237 -23.1642 11.7
      vertex 5.38122 -23.0586 11.7
    endloop
  endfacet
  facet normal 0.225166 -0.97432 0
    outer loop
      vertex 5.72912 -22.9782 13.3
      vertex 5.38122 -23.0586 11.7
      vertex 5.72912 -22.9782 11.7
    endloop
  endfacet
  facet normal 0.358422 -0.93356 0
    outer loop
      vertex 8.53798 -22.0852 17.7
      vertex 8.09962 -22.2535 19.5
      vertex 8.09962 -22.2535 17.7
    endloop
  endfacet
  facet normal 0.358339 -0.933592 -2.34416e-05
    outer loop
      vertex 8.09962 -22.2535 19.5
      vertex 8.53798 -22.0852 17.7
      vertex 8.87132 -21.9573 19.5
    endloop
  endfacet
  facet normal 0.358228 -0.933634 0
    outer loop
      vertex 8.87132 -21.9573 19.5
      vertex 8.53798 -22.0852 17.7
      vertex 8.87132 -21.9573 17.7
    endloop
  endfacet
  facet normal 0.358238 -0.93363 0
    outer loop
      vertex 8.09962 -22.2535 0
      vertex 8.43295 -22.1256 7.3
      vertex 8.09962 -22.2535 7.3
    endloop
  endfacet
  facet normal 0.358339 -0.933592 -5.28925e-06
    outer loop
      vertex 8.87132 -21.9573 0
      vertex 8.43295 -22.1256 7.3
      vertex 8.09962 -22.2535 0
    endloop
  endfacet
  facet normal 0.358415 -0.933562 0
    outer loop
      vertex 8.43295 -22.1256 7.3
      vertex 8.87132 -21.9573 0
      vertex 8.87132 -21.9573 7.3
    endloop
  endfacet
  facet normal 0.358238 -0.93363 0
    outer loop
      vertex 8.09962 -22.2535 11.7
      vertex 8.43295 -22.1256 13.3
      vertex 8.09962 -22.2535 13.3
    endloop
  endfacet
  facet normal 0.358422 -0.93356 -4.41839e-05
    outer loop
      vertex 8.43295 -22.1256 13.3
      vertex 8.09962 -22.2535 11.7
      vertex 8.53798 -22.0852 11.7
    endloop
  endfacet
  facet normal 0.358415 -0.933562 -4.47207e-05
    outer loop
      vertex 8.43295 -22.1256 13.3
      vertex 8.53798 -22.0852 11.7
      vertex 8.87132 -21.9573 13.3
    endloop
  endfacet
  facet normal 0.358228 -0.933634 0
    outer loop
      vertex 8.87132 -21.9573 13.3
      vertex 8.53798 -22.0852 11.7
      vertex 8.87132 -21.9573 11.7
    endloop
  endfacet
  facet normal 0.981643 -0.190727 0
    outer loop
      vertex 23.3219 -4.11228 19.5
      vertex 23.2538 -4.46278 17.7
      vertex 23.3219 -4.11228 17.7
    endloop
  endfacet
  facet normal 0.981633 -0.190781 1.0853e-05
    outer loop
      vertex 23.1642 -4.9237 19.5
      vertex 23.2538 -4.46278 17.7
      vertex 23.3219 -4.11228 19.5
    endloop
  endfacet
  facet normal 0.981625 -0.190822 0
    outer loop
      vertex 23.2538 -4.46278 17.7
      vertex 23.1642 -4.9237 19.5
      vertex 23.1642 -4.9237 17.7
    endloop
  endfacet
  facet normal 0.981625 -0.190818 0
    outer loop
      vertex 23.2323 -4.57321 7.3
      vertex 23.3219 -4.11228 0
      vertex 23.3219 -4.11228 7.3
    endloop
  endfacet
  facet normal 0.981642 -0.190732 0
    outer loop
      vertex 23.1642 -4.9237 0
      vertex 23.2323 -4.57321 7.3
      vertex 23.1642 -4.9237 7.3
    endloop
  endfacet
  facet normal 0.981633 -0.190781 2.41474e-06
    outer loop
      vertex 23.2323 -4.57321 7.3
      vertex 23.1642 -4.9237 0
      vertex 23.3219 -4.11228 0
    endloop
  endfacet
  facet normal 0.981643 -0.190727 0
    outer loop
      vertex 23.3219 -4.11228 13.3
      vertex 23.2538 -4.46278 11.7
      vertex 23.3219 -4.11228 11.7
    endloop
  endfacet
  facet normal 0.981625 -0.190818 2.05872e-05
    outer loop
      vertex 23.2323 -4.57321 13.3
      vertex 23.2538 -4.46278 11.7
      vertex 23.3219 -4.11228 13.3
    endloop
  endfacet
  facet normal 0.981642 -0.190732 0
    outer loop
      vertex 23.1642 -4.9237 11.7
      vertex 23.2323 -4.57321 13.3
      vertex 23.1642 -4.9237 13.3
    endloop
  endfacet
  facet normal 0.981625 -0.190822 2.03014e-05
    outer loop
      vertex 23.2323 -4.57321 13.3
      vertex 23.1642 -4.9237 11.7
      vertex 23.2538 -4.46278 11.7
    endloop
  endfacet
  facet normal 0.945565 -0.325433 0
    outer loop
      vertex 22.3698 -7.76201 7.3
      vertex 22.5226 -7.31804 0
      vertex 22.5226 -7.31804 7.3
    endloop
  endfacet
  facet normal 0.945474 -0.325697 0
    outer loop
      vertex 22.2535 -8.09962 0
      vertex 22.3698 -7.76201 7.3
      vertex 22.2535 -8.09962 7.3
    endloop
  endfacet
  facet normal 0.945526 -0.325547 -7.7728e-06
    outer loop
      vertex 22.3698 -7.76201 7.3
      vertex 22.2535 -8.09962 0
      vertex 22.5226 -7.31804 0
    endloop
  endfacet
  facet normal 0.94556 -0.325447 0
    outer loop
      vertex 22.5226 -7.31804 19.5
      vertex 22.4064 -7.65565 17.7
      vertex 22.5226 -7.31804 17.7
    endloop
  endfacet
  facet normal 0.945526 -0.325547 2.10062e-05
    outer loop
      vertex 22.2535 -8.09962 19.5
      vertex 22.4064 -7.65565 17.7
      vertex 22.5226 -7.31804 19.5
    endloop
  endfacet
  facet normal 0.9455 -0.325623 0
    outer loop
      vertex 22.4064 -7.65565 17.7
      vertex 22.2535 -8.09962 19.5
      vertex 22.2535 -8.09962 17.7
    endloop
  endfacet
  facet normal 0.94556 -0.325447 0
    outer loop
      vertex 22.5226 -7.31804 13.3
      vertex 22.4064 -7.65565 11.7
      vertex 22.5226 -7.31804 11.7
    endloop
  endfacet
  facet normal 0.945565 -0.325433 -3.33579e-06
    outer loop
      vertex 22.3698 -7.76201 13.3
      vertex 22.4064 -7.65565 11.7
      vertex 22.5226 -7.31804 13.3
    endloop
  endfacet
  facet normal 0.945474 -0.325697 0
    outer loop
      vertex 22.2535 -8.09962 11.7
      vertex 22.3698 -7.76201 13.3
      vertex 22.2535 -8.09962 13.3
    endloop
  endfacet
  facet normal 0.9455 -0.325623 -1.74924e-05
    outer loop
      vertex 22.3698 -7.76201 13.3
      vertex 22.2535 -8.09962 11.7
      vertex 22.4064 -7.65565 11.7
    endloop
  endfacet
  facet normal 0.93363 -0.358238 0
    outer loop
      vertex 22.2535 -8.09962 19.5
      vertex 22.1256 -8.43295 17.7
      vertex 22.2535 -8.09962 17.7
    endloop
  endfacet
  facet normal 0.933592 -0.358339 2.14508e-05
    outer loop
      vertex 21.9573 -8.87132 19.5
      vertex 22.1256 -8.43295 17.7
      vertex 22.2535 -8.09962 19.5
    endloop
  endfacet
  facet normal 0.933562 -0.358415 0
    outer loop
      vertex 22.1256 -8.43295 17.7
      vertex 21.9573 -8.87132 19.5
      vertex 21.9573 -8.87132 17.7
    endloop
  endfacet
  facet normal 0.93356 -0.358422 0
    outer loop
      vertex 22.0852 -8.53798 7.3
      vertex 22.2535 -8.09962 0
      vertex 22.2535 -8.09962 7.3
    endloop
  endfacet
  facet normal 0.933634 -0.358228 0
    outer loop
      vertex 21.9573 -8.87132 0
      vertex 22.0852 -8.53798 7.3
      vertex 21.9573 -8.87132 7.3
    endloop
  endfacet
  facet normal 0.933592 -0.358339 5.78012e-06
    outer loop
      vertex 22.0852 -8.53798 7.3
      vertex 21.9573 -8.87132 0
      vertex 22.2535 -8.09962 0
    endloop
  endfacet
  facet normal 0.93363 -0.358238 0
    outer loop
      vertex 22.2535 -8.09962 13.3
      vertex 22.1256 -8.43295 11.7
      vertex 22.2535 -8.09962 11.7
    endloop
  endfacet
  facet normal 0.93356 -0.358422 4.41839e-05
    outer loop
      vertex 22.0852 -8.53798 13.3
      vertex 22.1256 -8.43295 11.7
      vertex 22.2535 -8.09962 13.3
    endloop
  endfacet
  facet normal 0.933634 -0.358228 0
    outer loop
      vertex 21.9573 -8.87132 11.7
      vertex 22.0852 -8.53798 13.3
      vertex 21.9573 -8.87132 13.3
    endloop
  endfacet
  facet normal 0.933562 -0.358415 4.47207e-05
    outer loop
      vertex 22.0852 -8.53798 13.3
      vertex 21.9573 -8.87132 11.7
      vertex 22.1256 -8.43295 11.7
    endloop
  endfacet
  facet normal 0.874632 -0.484787 0
    outer loop
      vertex 20.9097 -11.1179 19.5
      vertex 20.7366 -11.4302 17.7
      vertex 20.9097 -11.1179 17.7
    endloop
  endfacet
  facet normal 0.874574 -0.484893 2.40954e-05
    outer loop
      vertex 20.5089 -11.8408 19.5
      vertex 20.7366 -11.4302 17.7
      vertex 20.9097 -11.1179 19.5
    endloop
  endfacet
  facet normal 0.874529 -0.484974 0
    outer loop
      vertex 20.7366 -11.4302 17.7
      vertex 20.5089 -11.8408 19.5
      vertex 20.5089 -11.8408 17.7
    endloop
  endfacet
  facet normal 0.874579 -0.484883 0
    outer loop
      vertex 20.682 -11.5286 7.3
      vertex 20.9097 -11.1179 0
      vertex 20.9097 -11.1179 7.3
    endloop
  endfacet
  facet normal 0.874567 -0.484905 0
    outer loop
      vertex 20.5089 -11.8408 0
      vertex 20.682 -11.5286 7.3
      vertex 20.5089 -11.8408 7.3
    endloop
  endfacet
  facet normal 0.874574 -0.484893 -7.01028e-07
    outer loop
      vertex 20.682 -11.5286 7.3
      vertex 20.5089 -11.8408 0
      vertex 20.9097 -11.1179 0
    endloop
  endfacet
  facet normal 0.874632 -0.484787 0
    outer loop
      vertex 20.9097 -11.1179 13.3
      vertex 20.7366 -11.4302 11.7
      vertex 20.9097 -11.1179 11.7
    endloop
  endfacet
  facet normal 0.874579 -0.484883 2.46754e-05
    outer loop
      vertex 20.682 -11.5286 13.3
      vertex 20.7366 -11.4302 11.7
      vertex 20.9097 -11.1179 13.3
    endloop
  endfacet
  facet normal 0.874567 -0.484905 0
    outer loop
      vertex 20.5089 -11.8408 11.7
      vertex 20.682 -11.5286 13.3
      vertex 20.5089 -11.8408 13.3
    endloop
  endfacet
  facet normal 0.874529 -0.484974 1.74118e-05
    outer loop
      vertex 20.682 -11.5286 13.3
      vertex 20.5089 -11.8408 11.7
      vertex 20.7366 -11.4302 11.7
    endloop
  endfacet
  facet normal 0.906305 -0.422625 0
    outer loop
      vertex 21.6343 -9.63221 19.5
      vertex 21.4834 -9.95581 17.7
      vertex 21.6343 -9.63221 17.7
    endloop
  endfacet
  facet normal 0.906332 -0.422566 -1.29652e-05
    outer loop
      vertex 21.285 -10.3814 19.5
      vertex 21.4834 -9.95581 17.7
      vertex 21.6343 -9.63221 19.5
    endloop
  endfacet
  facet normal 0.906353 -0.422521 0
    outer loop
      vertex 21.4834 -9.95581 17.7
      vertex 21.285 -10.3814 19.5
      vertex 21.285 -10.3814 17.7
    endloop
  endfacet
  facet normal 0.906353 -0.422521 0
    outer loop
      vertex 21.4359 -10.0578 7.3
      vertex 21.6343 -9.63221 0
      vertex 21.6343 -9.63221 7.3
    endloop
  endfacet
  facet normal 0.906305 -0.422625 0
    outer loop
      vertex 21.285 -10.3814 0
      vertex 21.4359 -10.0578 7.3
      vertex 21.285 -10.3814 7.3
    endloop
  endfacet
  facet normal 0.906332 -0.422566 -3.19689e-06
    outer loop
      vertex 21.4359 -10.0578 7.3
      vertex 21.285 -10.3814 0
      vertex 21.6343 -9.63221 0
    endloop
  endfacet
  facet normal 0.906305 -0.422625 0
    outer loop
      vertex 21.6343 -9.63221 13.3
      vertex 21.4834 -9.95581 11.7
      vertex 21.6343 -9.63221 11.7
    endloop
  endfacet
  facet normal 0.906353 -0.422521 -2.56768e-05
    outer loop
      vertex 21.4359 -10.0578 13.3
      vertex 21.4834 -9.95581 11.7
      vertex 21.6343 -9.63221 13.3
    endloop
  endfacet
  facet normal 0.906305 -0.422625 0
    outer loop
      vertex 21.285 -10.3814 11.7
      vertex 21.4359 -10.0578 13.3
      vertex 21.285 -10.3814 13.3
    endloop
  endfacet
  facet normal 0.906353 -0.422521 -2.56768e-05
    outer loop
      vertex 21.4359 -10.0578 13.3
      vertex 21.285 -10.3814 11.7
      vertex 21.4834 -9.95581 11.7
    endloop
  endfacet
  facet normal 0.484787 -0.874632 0
    outer loop
      vertex 11.1179 -20.9097 0
      vertex 11.4302 -20.7366 7.3
      vertex 11.1179 -20.9097 7.3
    endloop
  endfacet
  facet normal 0.484893 -0.874574 -5.94134e-06
    outer loop
      vertex 11.8408 -20.5089 0
      vertex 11.4302 -20.7366 7.3
      vertex 11.1179 -20.9097 0
    endloop
  endfacet
  facet normal 0.484974 -0.874529 0
    outer loop
      vertex 11.4302 -20.7366 7.3
      vertex 11.8408 -20.5089 0
      vertex 11.8408 -20.5089 7.3
    endloop
  endfacet
  facet normal 0.484883 -0.874579 0
    outer loop
      vertex 11.5286 -20.682 17.7
      vertex 11.1179 -20.9097 19.5
      vertex 11.1179 -20.9097 17.7
    endloop
  endfacet
  facet normal 0.484893 -0.874574 2.84306e-06
    outer loop
      vertex 11.1179 -20.9097 19.5
      vertex 11.5286 -20.682 17.7
      vertex 11.8408 -20.5089 19.5
    endloop
  endfacet
  facet normal 0.484905 -0.874567 0
    outer loop
      vertex 11.8408 -20.5089 19.5
      vertex 11.5286 -20.682 17.7
      vertex 11.8408 -20.5089 17.7
    endloop
  endfacet
  facet normal 0.484787 -0.874632 0
    outer loop
      vertex 11.1179 -20.9097 13.3
      vertex 11.1179 -20.9097 11.7
      vertex 11.4302 -20.7366 13.3
    endloop
  endfacet
  facet normal 0.484883 -0.874579 -2.46754e-05
    outer loop
      vertex 11.5286 -20.682 11.7
      vertex 11.4302 -20.7366 13.3
      vertex 11.1179 -20.9097 11.7
    endloop
  endfacet
  facet normal 0.484974 -0.874529 -1.74118e-05
    outer loop
      vertex 11.4302 -20.7366 13.3
      vertex 11.5286 -20.682 11.7
      vertex 11.8408 -20.5089 13.3
    endloop
  endfacet
  facet normal 0.484905 -0.874567 0
    outer loop
      vertex 11.8408 -20.5089 13.3
      vertex 11.5286 -20.682 11.7
      vertex 11.8408 -20.5089 11.7
    endloop
  endfacet
  facet normal 0.454101 -0.89095 0
    outer loop
      vertex 10.7997 -21.0718 17.7
      vertex 10.3814 -21.285 19.5
      vertex 10.3814 -21.285 17.7
    endloop
  endfacet
  facet normal 0.454024 -0.89099 -2.27234e-05
    outer loop
      vertex 10.3814 -21.285 19.5
      vertex 10.7997 -21.0718 17.7
      vertex 11.1179 -20.9097 19.5
    endloop
  endfacet
  facet normal 0.453922 -0.891042 0
    outer loop
      vertex 11.1179 -20.9097 19.5
      vertex 10.7997 -21.0718 17.7
      vertex 11.1179 -20.9097 17.7
    endloop
  endfacet
  facet normal 0.454035 -0.890984 0
    outer loop
      vertex 10.3814 -21.285 0
      vertex 10.6995 -21.1229 7.3
      vertex 10.3814 -21.285 7.3
    endloop
  endfacet
  facet normal 0.454024 -0.89099 6.16481e-07
    outer loop
      vertex 11.1179 -20.9097 0
      vertex 10.6995 -21.1229 7.3
      vertex 10.3814 -21.285 0
    endloop
  endfacet
  facet normal 0.454015 -0.890994 0
    outer loop
      vertex 10.6995 -21.1229 7.3
      vertex 11.1179 -20.9097 0
      vertex 11.1179 -20.9097 7.3
    endloop
  endfacet
  facet normal 0.454035 -0.890984 0
    outer loop
      vertex 10.3814 -21.285 11.7
      vertex 10.6995 -21.1229 13.3
      vertex 10.3814 -21.285 13.3
    endloop
  endfacet
  facet normal 0.454101 -0.89095 -1.66268e-05
    outer loop
      vertex 10.6995 -21.1229 13.3
      vertex 10.3814 -21.285 11.7
      vertex 10.7997 -21.0718 11.7
    endloop
  endfacet
  facet normal 0.454015 -0.890994 -2.34248e-05
    outer loop
      vertex 10.6995 -21.1229 13.3
      vertex 10.7997 -21.0718 11.7
      vertex 11.1179 -20.9097 13.3
    endloop
  endfacet
  facet normal 0.453922 -0.891042 0
    outer loop
      vertex 11.1179 -20.9097 13.3
      vertex 10.7997 -21.0718 11.7
      vertex 11.1179 -20.9097 11.7
    endloop
  endfacet
  facet normal 0.544584 -0.838706 0
    outer loop
      vertex 12.9432 -19.8275 17.7
      vertex 12.5494 -20.0832 19.5
      vertex 12.5494 -20.0832 17.7
    endloop
  endfacet
  facet normal 0.544665 -0.838654 2.52182e-05
    outer loop
      vertex 12.5494 -20.0832 19.5
      vertex 12.9432 -19.8275 17.7
      vertex 13.2426 -19.633 19.5
    endloop
  endfacet
  facet normal 0.544772 -0.838584 0
    outer loop
      vertex 13.2426 -19.633 19.5
      vertex 12.9432 -19.8275 17.7
      vertex 13.2426 -19.633 17.7
    endloop
  endfacet
  facet normal 0.544772 -0.838584 0
    outer loop
      vertex 12.5494 -20.0832 7.3
      vertex 12.5494 -20.0832 0
      vertex 12.8488 -19.8887 7.3
    endloop
  endfacet
  facet normal 0.544665 -0.838654 6.21819e-06
    outer loop
      vertex 13.2426 -19.633 0
      vertex 12.8488 -19.8887 7.3
      vertex 12.5494 -20.0832 0
    endloop
  endfacet
  facet normal 0.544584 -0.838706 0
    outer loop
      vertex 12.8488 -19.8887 7.3
      vertex 13.2426 -19.633 0
      vertex 13.2426 -19.633 7.3
    endloop
  endfacet
  facet normal 0.544772 -0.838584 0
    outer loop
      vertex 12.5494 -20.0832 11.7
      vertex 12.8488 -19.8887 13.3
      vertex 12.5494 -20.0832 13.3
    endloop
  endfacet
  facet normal 0.544584 -0.838706 4.99433e-05
    outer loop
      vertex 12.8488 -19.8887 13.3
      vertex 12.5494 -20.0832 11.7
      vertex 12.9432 -19.8275 11.7
    endloop
  endfacet
  facet normal 0.544584 -0.838706 4.99433e-05
    outer loop
      vertex 12.8488 -19.8887 13.3
      vertex 12.9432 -19.8275 11.7
      vertex 13.2426 -19.633 13.3
    endloop
  endfacet
  facet normal 0.544772 -0.838584 0
    outer loop
      vertex 13.2426 -19.633 13.3
      vertex 12.9432 -19.8275 11.7
      vertex 13.2426 -19.633 11.7
    endloop
  endfacet
  facet normal 0.601838 -0.798618 0
    outer loop
      vertex 14.2947 -18.8763 17.7
      vertex 13.9197 -19.1589 19.5
      vertex 13.9197 -19.1589 17.7
    endloop
  endfacet
  facet normal 0.601818 -0.798633 -6.73391e-06
    outer loop
      vertex 13.9197 -19.1589 19.5
      vertex 14.2947 -18.8763 17.7
      vertex 14.5799 -18.6614 19.5
    endloop
  endfacet
  facet normal 0.601791 -0.798654 0
    outer loop
      vertex 14.5799 -18.6614 19.5
      vertex 14.2947 -18.8763 17.7
      vertex 14.5799 -18.6614 17.7
    endloop
  endfacet
  facet normal 0.601791 -0.798654 0
    outer loop
      vertex 13.9197 -19.1589 0
      vertex 14.2049 -18.944 7.3
      vertex 13.9197 -19.1589 7.3
    endloop
  endfacet
  facet normal 0.601818 -0.798633 -1.66042e-06
    outer loop
      vertex 14.5799 -18.6614 0
      vertex 14.2049 -18.944 7.3
      vertex 13.9197 -19.1589 0
    endloop
  endfacet
  facet normal 0.601838 -0.798618 0
    outer loop
      vertex 14.2049 -18.944 7.3
      vertex 14.5799 -18.6614 0
      vertex 14.5799 -18.6614 7.3
    endloop
  endfacet
  facet normal 0.601791 -0.798654 0
    outer loop
      vertex 13.9197 -19.1589 13.3
      vertex 13.9197 -19.1589 11.7
      vertex 14.2049 -18.944 13.3
    endloop
  endfacet
  facet normal 0.601838 -0.798618 -1.33369e-05
    outer loop
      vertex 14.2947 -18.8763 11.7
      vertex 14.2049 -18.944 13.3
      vertex 13.9197 -19.1589 11.7
    endloop
  endfacet
  facet normal 0.601838 -0.798618 -1.33369e-05
    outer loop
      vertex 14.2049 -18.944 13.3
      vertex 14.2947 -18.8763 11.7
      vertex 14.5799 -18.6614 13.3
    endloop
  endfacet
  facet normal 0.601791 -0.798654 0
    outer loop
      vertex 14.5799 -18.6614 13.3
      vertex 14.2947 -18.8763 11.7
      vertex 14.5799 -18.6614 11.7
    endloop
  endfacet
  facet normal 0.707107 -0.707107 0
    outer loop
      vertex 16.4507 -17.0352 19.5
      vertex 17.0352 -16.4507 17.7
      vertex 17.0352 -16.4507 19.5
    endloop
  endfacet
  facet normal 0.707107 -0.707107 0
    outer loop
      vertex 17.0352 -16.4507 17.7
      vertex 16.4507 -17.0352 19.5
      vertex 16.4507 -17.0352 17.7
    endloop
  endfacet
  facet normal 0.707107 -0.707107 0
    outer loop
      vertex 16.4507 -17.0352 7.3
      vertex 17.0352 -16.4507 0
      vertex 17.0352 -16.4507 7.3
    endloop
  endfacet
  facet normal 0.707107 -0.707107 0
    outer loop
      vertex 17.0352 -16.4507 0
      vertex 16.4507 -17.0352 7.3
      vertex 16.4507 -17.0352 0
    endloop
  endfacet
  facet normal 0.707107 -0.707107 0
    outer loop
      vertex 16.4507 -17.0352 13.3
      vertex 17.0352 -16.4507 11.7
      vertex 17.0352 -16.4507 13.3
    endloop
  endfacet
  facet normal 0.707107 -0.707107 0
    outer loop
      vertex 17.0352 -16.4507 11.7
      vertex 16.4507 -17.0352 13.3
      vertex 16.4507 -17.0352 11.7
    endloop
  endfacet
  facet normal 0.681863 -0.73148 0
    outer loop
      vertex 16.1896 -17.2787 17.7
      vertex 15.8461 -17.5989 19.5
      vertex 15.8461 -17.5989 17.7
    endloop
  endfacet
  facet normal 0.681935 -0.731413 2.55593e-05
    outer loop
      vertex 15.8461 -17.5989 19.5
      vertex 16.1896 -17.2787 17.7
      vertex 16.4507 -17.0352 19.5
    endloop
  endfacet
  facet normal 0.682029 -0.731325 0
    outer loop
      vertex 16.4507 -17.0352 19.5
      vertex 16.1896 -17.2787 17.7
      vertex 16.4507 -17.0352 17.7
    endloop
  endfacet
  facet normal 0.681889 -0.731456 0
    outer loop
      vertex 15.8461 -17.5989 7.3
      vertex 15.8461 -17.5989 0
      vertex 16.1073 -17.3554 7.3
    endloop
  endfacet
  facet normal 0.681935 -0.731413 -3.03928e-06
    outer loop
      vertex 16.4507 -17.0352 0
      vertex 16.1073 -17.3554 7.3
      vertex 15.8461 -17.5989 0
    endloop
  endfacet
  facet normal 0.681969 -0.731381 0
    outer loop
      vertex 16.1073 -17.3554 7.3
      vertex 16.4507 -17.0352 0
      vertex 16.4507 -17.0352 7.3
    endloop
  endfacet
  facet normal 0.681889 -0.731456 0
    outer loop
      vertex 15.8461 -17.5989 11.7
      vertex 16.1073 -17.3554 13.3
      vertex 15.8461 -17.5989 13.3
    endloop
  endfacet
  facet normal 0.681863 -0.73148 7.9989e-06
    outer loop
      vertex 16.1073 -17.3554 13.3
      vertex 15.8461 -17.5989 11.7
      vertex 16.1896 -17.2787 11.7
    endloop
  endfacet
  facet normal 0.681969 -0.731381 1.821e-05
    outer loop
      vertex 16.1073 -17.3554 13.3
      vertex 16.1896 -17.2787 11.7
      vertex 16.4507 -17.0352 13.3
    endloop
  endfacet
  facet normal 0.682029 -0.731325 0
    outer loop
      vertex 16.4507 -17.0352 13.3
      vertex 16.1896 -17.2787 11.7
      vertex 16.4507 -17.0352 11.7
    endloop
  endfacet
  facet normal 0.798618 -0.601838 0
    outer loop
      vertex 18.8763 -14.2947 7.3
      vertex 19.1589 -13.9197 0
      vertex 19.1589 -13.9197 7.3
    endloop
  endfacet
  facet normal 0.798654 -0.601791 0
    outer loop
      vertex 18.6614 -14.5799 0
      vertex 18.8763 -14.2947 7.3
      vertex 18.6614 -14.5799 7.3
    endloop
  endfacet
  facet normal 0.798633 -0.601818 1.66042e-06
    outer loop
      vertex 18.8763 -14.2947 7.3
      vertex 18.6614 -14.5799 0
      vertex 19.1589 -13.9197 0
    endloop
  endfacet
  facet normal 0.798654 -0.601791 0
    outer loop
      vertex 19.1589 -13.9197 19.5
      vertex 18.944 -14.2049 17.7
      vertex 19.1589 -13.9197 17.7
    endloop
  endfacet
  facet normal 0.798633 -0.601818 6.73391e-06
    outer loop
      vertex 18.6614 -14.5799 19.5
      vertex 18.944 -14.2049 17.7
      vertex 19.1589 -13.9197 19.5
    endloop
  endfacet
  facet normal 0.798618 -0.601838 0
    outer loop
      vertex 18.944 -14.2049 17.7
      vertex 18.6614 -14.5799 19.5
      vertex 18.6614 -14.5799 17.7
    endloop
  endfacet
  facet normal 0.798654 -0.601791 0
    outer loop
      vertex 19.1589 -13.9197 13.3
      vertex 18.944 -14.2049 11.7
      vertex 19.1589 -13.9197 11.7
    endloop
  endfacet
  facet normal 0.798618 -0.601838 1.33369e-05
    outer loop
      vertex 18.8763 -14.2947 13.3
      vertex 18.944 -14.2049 11.7
      vertex 19.1589 -13.9197 13.3
    endloop
  endfacet
  facet normal 0.798654 -0.601791 0
    outer loop
      vertex 18.6614 -14.5799 11.7
      vertex 18.8763 -14.2947 13.3
      vertex 18.6614 -14.5799 13.3
    endloop
  endfacet
  facet normal 0.798618 -0.601838 1.33369e-05
    outer loop
      vertex 18.8763 -14.2947 13.3
      vertex 18.6614 -14.5799 11.7
      vertex 18.944 -14.2049 11.7
    endloop
  endfacet
  facet normal 0.838706 -0.544584 0
    outer loop
      vertex 19.8275 -12.9432 7.3
      vertex 20.0832 -12.5494 0
      vertex 20.0832 -12.5494 7.3
    endloop
  endfacet
  facet normal 0.838584 -0.544772 0
    outer loop
      vertex 19.633 -13.2426 0
      vertex 19.8275 -12.9432 7.3
      vertex 19.633 -13.2426 7.3
    endloop
  endfacet
  facet normal 0.838654 -0.544665 -6.21819e-06
    outer loop
      vertex 19.8275 -12.9432 7.3
      vertex 19.633 -13.2426 0
      vertex 20.0832 -12.5494 0
    endloop
  endfacet
  facet normal 0.838584 -0.544772 0
    outer loop
      vertex 20.0832 -12.5494 19.5
      vertex 19.8887 -12.8488 17.7
      vertex 20.0832 -12.5494 17.7
    endloop
  endfacet
  facet normal 0.838654 -0.544665 -2.52182e-05
    outer loop
      vertex 19.633 -13.2426 19.5
      vertex 19.8887 -12.8488 17.7
      vertex 20.0832 -12.5494 19.5
    endloop
  endfacet
  facet normal 0.838706 -0.544584 0
    outer loop
      vertex 19.8887 -12.8488 17.7
      vertex 19.633 -13.2426 19.5
      vertex 19.633 -13.2426 17.7
    endloop
  endfacet
  facet normal 0.838584 -0.544772 0
    outer loop
      vertex 20.0832 -12.5494 13.3
      vertex 19.8887 -12.8488 11.7
      vertex 20.0832 -12.5494 11.7
    endloop
  endfacet
  facet normal 0.838706 -0.544584 -4.99433e-05
    outer loop
      vertex 19.8275 -12.9432 13.3
      vertex 19.8887 -12.8488 11.7
      vertex 20.0832 -12.5494 13.3
    endloop
  endfacet
  facet normal 0.838584 -0.544772 0
    outer loop
      vertex 19.633 -13.2426 11.7
      vertex 19.8275 -12.9432 13.3
      vertex 19.633 -13.2426 13.3
    endloop
  endfacet
  facet normal 0.838706 -0.544584 -4.99433e-05
    outer loop
      vertex 19.8275 -12.9432 13.3
      vertex 19.633 -13.2426 11.7
      vertex 19.8887 -12.8488 11.7
    endloop
  endfacet
  facet normal -0.681969 -0.731381 0
    outer loop
      vertex -16.1073 -17.3554 17.7
      vertex -16.4507 -17.0352 19.5
      vertex -16.4507 -17.0352 17.7
    endloop
  endfacet
  facet normal -0.681935 -0.731413 1.2326e-05
    outer loop
      vertex -16.4507 -17.0352 19.5
      vertex -16.1073 -17.3554 17.7
      vertex -15.8461 -17.5989 19.5
    endloop
  endfacet
  facet normal -0.681889 -0.731456 -0
    outer loop
      vertex -15.8461 -17.5989 19.5
      vertex -16.1073 -17.3554 17.7
      vertex -15.8461 -17.5989 17.7
    endloop
  endfacet
  facet normal -0.682029 -0.731325 0
    outer loop
      vertex -16.4507 -17.0352 0
      vertex -16.1896 -17.2787 7.3
      vertex -16.4507 -17.0352 7.3
    endloop
  endfacet
  facet normal -0.681935 -0.731413 -6.30229e-06
    outer loop
      vertex -15.8461 -17.5989 0
      vertex -16.1896 -17.2787 7.3
      vertex -16.4507 -17.0352 0
    endloop
  endfacet
  facet normal -0.681863 -0.73148 0
    outer loop
      vertex -16.1896 -17.2787 7.3
      vertex -15.8461 -17.5989 0
      vertex -15.8461 -17.5989 7.3
    endloop
  endfacet
  facet normal -0.682029 -0.731325 0
    outer loop
      vertex -16.4507 -17.0352 11.7
      vertex -16.1896 -17.2787 13.3
      vertex -16.4507 -17.0352 13.3
    endloop
  endfacet
  facet normal -0.681969 -0.731381 -1.821e-05
    outer loop
      vertex -16.1896 -17.2787 13.3
      vertex -16.4507 -17.0352 11.7
      vertex -16.1073 -17.3554 11.7
    endloop
  endfacet
  facet normal -0.681863 -0.73148 -7.9989e-06
    outer loop
      vertex -16.1896 -17.2787 13.3
      vertex -16.1073 -17.3554 11.7
      vertex -15.8461 -17.5989 13.3
    endloop
  endfacet
  facet normal -0.681889 -0.731456 -0
    outer loop
      vertex -15.8461 -17.5989 13.3
      vertex -16.1073 -17.3554 11.7
      vertex -15.8461 -17.5989 11.7
    endloop
  endfacet
  facet normal -0.515122 -0.857117 0
    outer loop
      vertex -12.1469 -20.3251 17.7
      vertex -12.5494 -20.0832 19.5
      vertex -12.5494 -20.0832 17.7
    endloop
  endfacet
  facet normal -0.514976 -0.857205 4.44167e-05
    outer loop
      vertex -12.5494 -20.0832 19.5
      vertex -12.1469 -20.3251 17.7
      vertex -11.8408 -20.5089 19.5
    endloop
  endfacet
  facet normal -0.514784 -0.85732 0
    outer loop
      vertex -11.8408 -20.5089 17.7
      vertex -11.8408 -20.5089 19.5
      vertex -12.1469 -20.3251 17.7
    endloop
  endfacet
  facet normal -0.514965 -0.857211 0
    outer loop
      vertex -11.8408 -20.5089 0
      vertex -11.8408 -20.5089 7.3
      vertex -12.2433 -20.2671 7.3
    endloop
  endfacet
  facet normal -0.51499 -0.857196 0
    outer loop
      vertex -12.5494 -20.0832 0
      vertex -12.2433 -20.2671 7.3
      vertex -12.5494 -20.0832 7.3
    endloop
  endfacet
  facet normal -0.514976 -0.857205 -7.90458e-07
    outer loop
      vertex -11.8408 -20.5089 0
      vertex -12.2433 -20.2671 7.3
      vertex -12.5494 -20.0832 0
    endloop
  endfacet
  facet normal -0.51499 -0.857196 -0
    outer loop
      vertex -12.5494 -20.0832 13.3
      vertex -12.5494 -20.0832 11.7
      vertex -12.2433 -20.2671 13.3
    endloop
  endfacet
  facet normal -0.514965 -0.857211 4.72265e-05
    outer loop
      vertex -12.1469 -20.3251 11.7
      vertex -11.8408 -20.5089 13.3
      vertex -12.2433 -20.2671 13.3
    endloop
  endfacet
  facet normal -0.515122 -0.857117 3.43912e-05
    outer loop
      vertex -12.1469 -20.3251 11.7
      vertex -12.2433 -20.2671 13.3
      vertex -12.5494 -20.0832 11.7
    endloop
  endfacet
  facet normal -0.514784 -0.85732 0
    outer loop
      vertex -11.8408 -20.5089 11.7
      vertex -11.8408 -20.5089 13.3
      vertex -12.1469 -20.3251 11.7
    endloop
  endfacet
  facet normal -0.601791 -0.798654 0
    outer loop
      vertex -14.5799 -18.6614 0
      vertex -14.2947 -18.8763 7.3
      vertex -14.5799 -18.6614 7.3
    endloop
  endfacet
  facet normal -0.601818 -0.798633 1.66042e-06
    outer loop
      vertex -13.9197 -19.1589 0
      vertex -14.2947 -18.8763 7.3
      vertex -14.5799 -18.6614 0
    endloop
  endfacet
  facet normal -0.601838 -0.798618 0
    outer loop
      vertex -14.2947 -18.8763 7.3
      vertex -13.9197 -19.1589 0
      vertex -13.9197 -19.1589 7.3
    endloop
  endfacet
  facet normal -0.601838 -0.798618 0
    outer loop
      vertex -14.2049 -18.944 17.7
      vertex -14.5799 -18.6614 19.5
      vertex -14.5799 -18.6614 17.7
    endloop
  endfacet
  facet normal -0.601818 -0.798633 6.73391e-06
    outer loop
      vertex -14.5799 -18.6614 19.5
      vertex -14.2049 -18.944 17.7
      vertex -13.9197 -19.1589 19.5
    endloop
  endfacet
  facet normal -0.601791 -0.798654 -0
    outer loop
      vertex -13.9197 -19.1589 19.5
      vertex -14.2049 -18.944 17.7
      vertex -13.9197 -19.1589 17.7
    endloop
  endfacet
  facet normal -0.601838 -0.798618 1.33369e-05
    outer loop
      vertex -14.2947 -18.8763 13.3
      vertex -14.2049 -18.944 11.7
      vertex -13.9197 -19.1589 13.3
    endloop
  endfacet
  facet normal -0.601791 -0.798654 0
    outer loop
      vertex -14.5799 -18.6614 11.7
      vertex -14.2947 -18.8763 13.3
      vertex -14.5799 -18.6614 13.3
    endloop
  endfacet
  facet normal -0.601838 -0.798618 1.33369e-05
    outer loop
      vertex -14.2947 -18.8763 13.3
      vertex -14.5799 -18.6614 11.7
      vertex -14.2049 -18.944 11.7
    endloop
  endfacet
  facet normal -0.601791 -0.798654 -0
    outer loop
      vertex -13.9197 -19.1589 13.3
      vertex -14.2049 -18.944 11.7
      vertex -13.9197 -19.1589 11.7
    endloop
  endfacet
  facet normal -0.544584 -0.838706 0
    outer loop
      vertex -12.8488 -19.8887 17.7
      vertex -13.2426 -19.633 19.5
      vertex -13.2426 -19.633 17.7
    endloop
  endfacet
  facet normal -0.544665 -0.838654 -2.52182e-05
    outer loop
      vertex -13.2426 -19.633 19.5
      vertex -12.8488 -19.8887 17.7
      vertex -12.5494 -20.0832 19.5
    endloop
  endfacet
  facet normal -0.544772 -0.838584 -0
    outer loop
      vertex -12.5494 -20.0832 19.5
      vertex -12.8488 -19.8887 17.7
      vertex -12.5494 -20.0832 17.7
    endloop
  endfacet
  facet normal -0.544772 -0.838584 0
    outer loop
      vertex -13.2426 -19.633 0
      vertex -12.9432 -19.8275 7.3
      vertex -13.2426 -19.633 7.3
    endloop
  endfacet
  facet normal -0.544665 -0.838654 -6.21819e-06
    outer loop
      vertex -12.5494 -20.0832 0
      vertex -12.9432 -19.8275 7.3
      vertex -13.2426 -19.633 0
    endloop
  endfacet
  facet normal -0.544584 -0.838706 0
    outer loop
      vertex -12.9432 -19.8275 7.3
      vertex -12.5494 -20.0832 0
      vertex -12.5494 -20.0832 7.3
    endloop
  endfacet
  facet normal -0.544772 -0.838584 0
    outer loop
      vertex -13.2426 -19.633 11.7
      vertex -12.9432 -19.8275 13.3
      vertex -13.2426 -19.633 13.3
    endloop
  endfacet
  facet normal -0.544584 -0.838706 -4.99433e-05
    outer loop
      vertex -12.9432 -19.8275 13.3
      vertex -13.2426 -19.633 11.7
      vertex -12.8488 -19.8887 11.7
    endloop
  endfacet
  facet normal -0.544584 -0.838706 -4.99433e-05
    outer loop
      vertex -12.9432 -19.8275 13.3
      vertex -12.8488 -19.8887 11.7
      vertex -12.5494 -20.0832 13.3
    endloop
  endfacet
  facet normal -0.544772 -0.838584 -0
    outer loop
      vertex -12.5494 -20.0832 13.3
      vertex -12.8488 -19.8887 11.7
      vertex -12.5494 -20.0832 11.7
    endloop
  endfacet
  facet normal -0.05239 -0.998627 0
    outer loop
      vertex -1.18304 -23.6486 17.7
      vertex -1.65195 -23.624 19.5
      vertex -1.65195 -23.624 17.7
    endloop
  endfacet
  facet normal -0.0523829 -0.998627 1.87084e-06
    outer loop
      vertex -1.65195 -23.624 19.5
      vertex -1.18304 -23.6486 17.7
      vertex -0.826479 -23.6673 19.5
    endloop
  endfacet
  facet normal -0.0523735 -0.998628 -0
    outer loop
      vertex -0.826479 -23.6673 19.5
      vertex -1.18304 -23.6486 17.7
      vertex -0.826479 -23.6673 17.7
    endloop
  endfacet
  facet normal -0.0523736 -0.998628 0
    outer loop
      vertex -1.65195 -23.624 0
      vertex -1.29539 -23.6427 7.3
      vertex -1.65195 -23.624 7.3
    endloop
  endfacet
  facet normal -0.0523829 -0.998627 4.54126e-07
    outer loop
      vertex -0.826479 -23.6673 0
      vertex -1.29539 -23.6427 7.3
      vertex -1.65195 -23.624 0
    endloop
  endfacet
  facet normal -0.0523899 -0.998627 0
    outer loop
      vertex -1.29539 -23.6427 7.3
      vertex -0.826479 -23.6673 0
      vertex -0.826479 -23.6673 7.3
    endloop
  endfacet
  facet normal -0.0523736 -0.998628 -0
    outer loop
      vertex -1.65195 -23.624 13.3
      vertex -1.65195 -23.624 11.7
      vertex -1.29539 -23.6427 13.3
    endloop
  endfacet
  facet normal -0.05239 -0.998627 3.67236e-06
    outer loop
      vertex -1.18304 -23.6486 11.7
      vertex -1.29539 -23.6427 13.3
      vertex -1.65195 -23.624 11.7
    endloop
  endfacet
  facet normal -0.0523899 -0.998627 3.68021e-06
    outer loop
      vertex -1.29539 -23.6427 13.3
      vertex -1.18304 -23.6486 11.7
      vertex -0.826479 -23.6673 13.3
    endloop
  endfacet
  facet normal -0.0523735 -0.998628 -0
    outer loop
      vertex -0.826479 -23.6673 13.3
      vertex -1.18304 -23.6486 11.7
      vertex -0.826479 -23.6673 11.7
    endloop
  endfacet
  facet normal -0.0173643 -0.999849 -0
    outer loop
      vertex -0.826479 -23.6673 7.3
      vertex -0.826479 -23.6673 0
      vertex -0.469479 -23.6735 7.3
    endloop
  endfacet
  facet normal -0.0174207 -0.999848 2.75599e-06
    outer loop
      vertex 0 -23.6817 0
      vertex -0.469479 -23.6735 7.3
      vertex -0.826479 -23.6673 0
    endloop
  endfacet
  facet normal -0.0174635 -0.999848 0
    outer loop
      vertex -0.469479 -23.6735 7.3
      vertex 0 -23.6817 0
      vertex 0 -23.6817 7.3
    endloop
  endfacet
  facet normal -0.0174635 -0.999848 0
    outer loop
      vertex -0.356999 -23.6755 17.7
      vertex -0.826479 -23.6673 19.5
      vertex -0.826479 -23.6673 17.7
    endloop
  endfacet
  facet normal -0.0174207 -0.999848 1.11674e-05
    outer loop
      vertex -0.826479 -23.6673 19.5
      vertex -0.356999 -23.6755 17.7
      vertex 0 -23.6817 19.5
    endloop
  endfacet
  facet normal -0.0173644 -0.999849 -0
    outer loop
      vertex 0 -23.6817 19.5
      vertex -0.356999 -23.6755 17.7
      vertex 0 -23.6817 17.7
    endloop
  endfacet
  facet normal -0.0173643 -0.999849 -0
    outer loop
      vertex -0.826479 -23.6673 13.3
      vertex -0.826479 -23.6673 11.7
      vertex -0.469479 -23.6735 13.3
    endloop
  endfacet
  facet normal -0.0174635 -0.999848 2.21275e-05
    outer loop
      vertex -0.469479 -23.6735 13.3
      vertex -0.826479 -23.6673 11.7
      vertex -0.356999 -23.6755 11.7
    endloop
  endfacet
  facet normal -0.0174635 -0.999848 2.21249e-05
    outer loop
      vertex -0.469479 -23.6735 13.3
      vertex -0.356999 -23.6755 11.7
      vertex 0 -23.6817 13.3
    endloop
  endfacet
  facet normal -0.0173644 -0.999849 -0
    outer loop
      vertex 0 -23.6817 13.3
      vertex -0.356999 -23.6755 11.7
      vertex 0 -23.6817 11.7
    endloop
  endfacet
  facet normal -0.325697 -0.945474 0
    outer loop
      vertex -8.09962 -22.2535 0
      vertex -7.76201 -22.3698 7.3
      vertex -8.09962 -22.2535 7.3
    endloop
  endfacet
  facet normal -0.325547 -0.945526 -7.7728e-06
    outer loop
      vertex -7.31804 -22.5226 0
      vertex -7.76201 -22.3698 7.3
      vertex -8.09962 -22.2535 0
    endloop
  endfacet
  facet normal -0.325433 -0.945565 0
    outer loop
      vertex -7.76201 -22.3698 7.3
      vertex -7.31804 -22.5226 0
      vertex -7.31804 -22.5226 7.3
    endloop
  endfacet
  facet normal -0.325623 -0.9455 0
    outer loop
      vertex -7.65565 -22.4064 17.7
      vertex -8.09962 -22.2535 19.5
      vertex -8.09962 -22.2535 17.7
    endloop
  endfacet
  facet normal -0.325547 -0.945526 2.10062e-05
    outer loop
      vertex -8.09962 -22.2535 19.5
      vertex -7.65565 -22.4064 17.7
      vertex -7.31804 -22.5226 19.5
    endloop
  endfacet
  facet normal -0.325447 -0.94556 -0
    outer loop
      vertex -7.31804 -22.5226 19.5
      vertex -7.65565 -22.4064 17.7
      vertex -7.31804 -22.5226 17.7
    endloop
  endfacet
  facet normal -0.325697 -0.945474 0
    outer loop
      vertex -8.09962 -22.2535 11.7
      vertex -7.76201 -22.3698 13.3
      vertex -8.09962 -22.2535 13.3
    endloop
  endfacet
  facet normal -0.325623 -0.9455 -1.74924e-05
    outer loop
      vertex -7.76201 -22.3698 13.3
      vertex -8.09962 -22.2535 11.7
      vertex -7.65565 -22.4064 11.7
    endloop
  endfacet
  facet normal -0.325433 -0.945565 -3.33579e-06
    outer loop
      vertex -7.76201 -22.3698 13.3
      vertex -7.65565 -22.4064 11.7
      vertex -7.31804 -22.5226 13.3
    endloop
  endfacet
  facet normal -0.325447 -0.94556 -0
    outer loop
      vertex -7.31804 -22.5226 13.3
      vertex -7.65565 -22.4064 11.7
      vertex -7.31804 -22.5226 11.7
    endloop
  endfacet
  facet normal -0.390702 -0.920517 0
    outer loop
      vertex -9.63221 -21.6343 0
      vertex -9.30354 -21.7738 7.3
      vertex -9.63221 -21.6343 7.3
    endloop
  endfacet
  facet normal -0.390753 -0.920496 2.69379e-06
    outer loop
      vertex -8.87132 -21.9573 0
      vertex -9.30354 -21.7738 7.3
      vertex -9.63221 -21.6343 0
    endloop
  endfacet
  facet normal -0.390792 -0.920479 0
    outer loop
      vertex -9.30354 -21.7738 7.3
      vertex -8.87132 -21.9573 0
      vertex -8.87132 -21.9573 7.3
    endloop
  endfacet
  facet normal -0.390792 -0.920479 0
    outer loop
      vertex -9.19999 -21.8178 17.7
      vertex -9.63221 -21.6343 19.5
      vertex -9.63221 -21.6343 17.7
    endloop
  endfacet
  facet normal -0.390753 -0.920496 1.09248e-05
    outer loop
      vertex -9.63221 -21.6343 19.5
      vertex -9.19999 -21.8178 17.7
      vertex -8.87132 -21.9573 19.5
    endloop
  endfacet
  facet normal -0.390702 -0.920517 -0
    outer loop
      vertex -8.87132 -21.9573 19.5
      vertex -9.19999 -21.8178 17.7
      vertex -8.87132 -21.9573 17.7
    endloop
  endfacet
  facet normal -0.390702 -0.920517 0
    outer loop
      vertex -9.63221 -21.6343 11.7
      vertex -9.30354 -21.7738 13.3
      vertex -9.63221 -21.6343 13.3
    endloop
  endfacet
  facet normal -0.390792 -0.920479 2.1636e-05
    outer loop
      vertex -9.30354 -21.7738 13.3
      vertex -9.63221 -21.6343 11.7
      vertex -9.19999 -21.8178 11.7
    endloop
  endfacet
  facet normal -0.390792 -0.920479 2.1636e-05
    outer loop
      vertex -9.30354 -21.7738 13.3
      vertex -9.19999 -21.8178 11.7
      vertex -8.87132 -21.9573 13.3
    endloop
  endfacet
  facet normal -0.390702 -0.920517 -0
    outer loop
      vertex -8.87132 -21.9573 13.3
      vertex -9.19999 -21.8178 11.7
      vertex -8.87132 -21.9573 11.7
    endloop
  endfacet
  facet normal -0.292393 -0.956298 0
    outer loop
      vertex -7.31804 -22.5226 0
      vertex -6.97659 -22.627 7.3
      vertex -7.31804 -22.5226 7.3
    endloop
  endfacet
  facet normal -0.2924 -0.956296 3.89942e-07
    outer loop
      vertex -6.52756 -22.7643 0
      vertex -6.97659 -22.627 7.3
      vertex -7.31804 -22.5226 0
    endloop
  endfacet
  facet normal -0.292406 -0.956294 0
    outer loop
      vertex -6.97659 -22.627 7.3
      vertex -6.52756 -22.7643 0
      vertex -6.52756 -22.7643 7.3
    endloop
  endfacet
  facet normal -0.292406 -0.956294 0
    outer loop
      vertex -6.86901 -22.6599 17.7
      vertex -7.31804 -22.5226 19.5
      vertex -7.31804 -22.5226 17.7
    endloop
  endfacet
  facet normal -0.2924 -0.956296 1.58143e-06
    outer loop
      vertex -7.31804 -22.5226 19.5
      vertex -6.86901 -22.6599 17.7
      vertex -6.52756 -22.7643 19.5
    endloop
  endfacet
  facet normal -0.292393 -0.956298 0
    outer loop
      vertex -6.52756 -22.7643 17.7
      vertex -6.52756 -22.7643 19.5
      vertex -6.86901 -22.6599 17.7
    endloop
  endfacet
  facet normal -0.292406 -0.956294 3.13197e-06
    outer loop
      vertex -6.86901 -22.6599 11.7
      vertex -6.52756 -22.7643 13.3
      vertex -6.97659 -22.627 13.3
    endloop
  endfacet
  facet normal -0.292393 -0.956298 0
    outer loop
      vertex -6.52756 -22.7643 11.7
      vertex -6.52756 -22.7643 13.3
      vertex -6.86901 -22.6599 11.7
    endloop
  endfacet
  facet normal -0.292393 -0.956298 0
    outer loop
      vertex -7.31804 -22.5226 11.7
      vertex -6.97659 -22.627 13.3
      vertex -7.31804 -22.5226 13.3
    endloop
  endfacet
  facet normal -0.292406 -0.956294 3.13197e-06
    outer loop
      vertex -6.97659 -22.627 13.3
      vertex -7.31804 -22.5226 11.7
      vertex -6.86901 -22.6599 11.7
    endloop
  endfacet
  facet normal -0.484905 -0.874567 0
    outer loop
      vertex -11.8408 -20.5089 0
      vertex -11.5286 -20.682 7.3
      vertex -11.8408 -20.5089 7.3
    endloop
  endfacet
  facet normal -0.484893 -0.874574 -7.01028e-07
    outer loop
      vertex -11.1179 -20.9097 0
      vertex -11.5286 -20.682 7.3
      vertex -11.8408 -20.5089 0
    endloop
  endfacet
  facet normal -0.484883 -0.874579 0
    outer loop
      vertex -11.5286 -20.682 7.3
      vertex -11.1179 -20.9097 0
      vertex -11.1179 -20.9097 7.3
    endloop
  endfacet
  facet normal -0.484974 -0.874529 0
    outer loop
      vertex -11.4302 -20.7366 17.7
      vertex -11.8408 -20.5089 19.5
      vertex -11.8408 -20.5089 17.7
    endloop
  endfacet
  facet normal -0.484893 -0.874574 2.40954e-05
    outer loop
      vertex -11.8408 -20.5089 19.5
      vertex -11.4302 -20.7366 17.7
      vertex -11.1179 -20.9097 19.5
    endloop
  endfacet
  facet normal -0.484787 -0.874632 -0
    outer loop
      vertex -11.1179 -20.9097 19.5
      vertex -11.4302 -20.7366 17.7
      vertex -11.1179 -20.9097 17.7
    endloop
  endfacet
  facet normal -0.484883 -0.874579 2.46754e-05
    outer loop
      vertex -11.5286 -20.682 13.3
      vertex -11.4302 -20.7366 11.7
      vertex -11.1179 -20.9097 13.3
    endloop
  endfacet
  facet normal -0.484905 -0.874567 0
    outer loop
      vertex -11.8408 -20.5089 11.7
      vertex -11.5286 -20.682 13.3
      vertex -11.8408 -20.5089 13.3
    endloop
  endfacet
  facet normal -0.484974 -0.874529 1.74118e-05
    outer loop
      vertex -11.5286 -20.682 13.3
      vertex -11.8408 -20.5089 11.7
      vertex -11.4302 -20.7366 11.7
    endloop
  endfacet
  facet normal -0.484787 -0.874632 -0
    outer loop
      vertex -11.1179 -20.9097 13.3
      vertex -11.4302 -20.7366 11.7
      vertex -11.1179 -20.9097 11.7
    endloop
  endfacet
  facet normal -0.965935 -0.258785 0
    outer loop
      vertex -22.8858 -6.07401 7.3
      vertex -22.9782 -5.72912 7.3
      vertex -22.9782 -5.72912 0
    endloop
  endfacet
  facet normal -0.965938 -0.258772 6.43836e-07
    outer loop
      vertex -22.7643 -6.52756 0
      vertex -22.8858 -6.07401 7.3
      vertex -22.9782 -5.72912 0
    endloop
  endfacet
  facet normal -0.965941 -0.258763 0
    outer loop
      vertex -22.8858 -6.07401 7.3
      vertex -22.7643 -6.52756 0
      vertex -22.7643 -6.52756 7.3
    endloop
  endfacet
  facet normal -0.965941 -0.258763 0
    outer loop
      vertex -22.8567 -6.18267 17.7
      vertex -22.9782 -5.72912 19.5
      vertex -22.9782 -5.72912 17.7
    endloop
  endfacet
  facet normal -0.965935 -0.258785 -0
    outer loop
      vertex -22.7643 -6.52756 19.5
      vertex -22.8567 -6.18267 17.7
      vertex -22.7643 -6.52756 17.7
    endloop
  endfacet
  facet normal -0.965938 -0.258772 2.61111e-06
    outer loop
      vertex -22.8567 -6.18267 17.7
      vertex -22.7643 -6.52756 19.5
      vertex -22.9782 -5.72912 19.5
    endloop
  endfacet
  facet normal -0.965935 -0.258785 0
    outer loop
      vertex -22.9782 -5.72912 11.7
      vertex -22.8858 -6.07401 13.3
      vertex -22.9782 -5.72912 13.3
    endloop
  endfacet
  facet normal -0.965941 -0.258763 5.17126e-06
    outer loop
      vertex -22.8567 -6.18267 11.7
      vertex -22.8858 -6.07401 13.3
      vertex -22.9782 -5.72912 11.7
    endloop
  endfacet
  facet normal -0.965935 -0.258785 -0
    outer loop
      vertex -22.7643 -6.52756 13.3
      vertex -22.8567 -6.18267 11.7
      vertex -22.7643 -6.52756 11.7
    endloop
  endfacet
  facet normal -0.965941 -0.258763 5.17126e-06
    outer loop
      vertex -22.8567 -6.18267 11.7
      vertex -22.7643 -6.52756 13.3
      vertex -22.8858 -6.07401 13.3
    endloop
  endfacet
  facet normal -0.874632 -0.484787 0
    outer loop
      vertex -20.9097 -11.1179 0
      vertex -20.7366 -11.4302 7.3
      vertex -20.9097 -11.1179 7.3
    endloop
  endfacet
  facet normal -0.874574 -0.484893 -5.94134e-06
    outer loop
      vertex -20.5089 -11.8408 0
      vertex -20.7366 -11.4302 7.3
      vertex -20.9097 -11.1179 0
    endloop
  endfacet
  facet normal -0.874529 -0.484974 0
    outer loop
      vertex -20.7366 -11.4302 7.3
      vertex -20.5089 -11.8408 0
      vertex -20.5089 -11.8408 7.3
    endloop
  endfacet
  facet normal -0.874579 -0.484883 0
    outer loop
      vertex -20.682 -11.5286 17.7
      vertex -20.9097 -11.1179 19.5
      vertex -20.9097 -11.1179 17.7
    endloop
  endfacet
  facet normal -0.874567 -0.484905 -0
    outer loop
      vertex -20.5089 -11.8408 19.5
      vertex -20.682 -11.5286 17.7
      vertex -20.5089 -11.8408 17.7
    endloop
  endfacet
  facet normal -0.874574 -0.484893 2.84306e-06
    outer loop
      vertex -20.682 -11.5286 17.7
      vertex -20.5089 -11.8408 19.5
      vertex -20.9097 -11.1179 19.5
    endloop
  endfacet
  facet normal -0.874632 -0.484787 0
    outer loop
      vertex -20.9097 -11.1179 11.7
      vertex -20.7366 -11.4302 13.3
      vertex -20.9097 -11.1179 13.3
    endloop
  endfacet
  facet normal -0.874579 -0.484883 -2.46754e-05
    outer loop
      vertex -20.682 -11.5286 11.7
      vertex -20.7366 -11.4302 13.3
      vertex -20.9097 -11.1179 11.7
    endloop
  endfacet
  facet normal -0.874567 -0.484905 -0
    outer loop
      vertex -20.5089 -11.8408 13.3
      vertex -20.682 -11.5286 11.7
      vertex -20.5089 -11.8408 11.7
    endloop
  endfacet
  facet normal -0.874529 -0.484974 -1.74118e-05
    outer loop
      vertex -20.682 -11.5286 11.7
      vertex -20.5089 -11.8408 13.3
      vertex -20.7366 -11.4302 13.3
    endloop
  endfacet
  facet normal -0.819166 -0.573556 0
    outer loop
      vertex -19.633 -13.2426 0
      vertex -19.4282 -13.5351 7.3
      vertex -19.633 -13.2426 7.3
    endloop
  endfacet
  facet normal -0.819158 -0.573568 -6.9108e-07
    outer loop
      vertex -19.1589 -13.9197 0
      vertex -19.4282 -13.5351 7.3
      vertex -19.633 -13.2426 0
    endloop
  endfacet
  facet normal -0.819152 -0.573577 0
    outer loop
      vertex -19.4282 -13.5351 7.3
      vertex -19.1589 -13.9197 0
      vertex -19.1589 -13.9197 7.3
    endloop
  endfacet
  facet normal -0.819222 -0.573477 0
    outer loop
      vertex -19.3637 -13.6273 17.7
      vertex -19.633 -13.2426 19.5
      vertex -19.633 -13.2426 17.7
    endloop
  endfacet
  facet normal -0.819074 -0.573688 -0
    outer loop
      vertex -19.1589 -13.9197 19.5
      vertex -19.3637 -13.6273 17.7
      vertex -19.1589 -13.9197 17.7
    endloop
  endfacet
  facet normal -0.819158 -0.573568 2.90622e-05
    outer loop
      vertex -19.3637 -13.6273 17.7
      vertex -19.1589 -13.9197 19.5
      vertex -19.633 -13.2426 19.5
    endloop
  endfacet
  facet normal -0.819166 -0.573556 0
    outer loop
      vertex -19.633 -13.2426 11.7
      vertex -19.4282 -13.5351 13.3
      vertex -19.633 -13.2426 13.3
    endloop
  endfacet
  facet normal -0.819222 -0.573477 2.17077e-05
    outer loop
      vertex -19.3637 -13.6273 11.7
      vertex -19.4282 -13.5351 13.3
      vertex -19.633 -13.2426 11.7
    endloop
  endfacet
  facet normal -0.819074 -0.573688 -0
    outer loop
      vertex -19.1589 -13.9197 13.3
      vertex -19.3637 -13.6273 11.7
      vertex -19.1589 -13.9197 11.7
    endloop
  endfacet
  facet normal -0.819152 -0.573577 3.02975e-05
    outer loop
      vertex -19.3637 -13.6273 11.7
      vertex -19.1589 -13.9197 13.3
      vertex -19.4282 -13.5351 13.3
    endloop
  endfacet
  facet normal -0.798654 -0.601791 0
    outer loop
      vertex -19.1589 -13.9197 0
      vertex -18.944 -14.2049 7.3
      vertex -19.1589 -13.9197 7.3
    endloop
  endfacet
  facet normal -0.798633 -0.601818 -1.66042e-06
    outer loop
      vertex -18.6614 -14.5799 0
      vertex -18.944 -14.2049 7.3
      vertex -19.1589 -13.9197 0
    endloop
  endfacet
  facet normal -0.798618 -0.601838 0
    outer loop
      vertex -18.944 -14.2049 7.3
      vertex -18.6614 -14.5799 0
      vertex -18.6614 -14.5799 7.3
    endloop
  endfacet
  facet normal -0.798618 -0.601838 0
    outer loop
      vertex -18.8763 -14.2947 17.7
      vertex -19.1589 -13.9197 19.5
      vertex -19.1589 -13.9197 17.7
    endloop
  endfacet
  facet normal -0.798654 -0.601791 -0
    outer loop
      vertex -18.6614 -14.5799 19.5
      vertex -18.8763 -14.2947 17.7
      vertex -18.6614 -14.5799 17.7
    endloop
  endfacet
  facet normal -0.798633 -0.601818 -6.73391e-06
    outer loop
      vertex -18.8763 -14.2947 17.7
      vertex -18.6614 -14.5799 19.5
      vertex -19.1589 -13.9197 19.5
    endloop
  endfacet
  facet normal -0.798654 -0.601791 0
    outer loop
      vertex -19.1589 -13.9197 11.7
      vertex -18.944 -14.2049 13.3
      vertex -19.1589 -13.9197 13.3
    endloop
  endfacet
  facet normal -0.798618 -0.601838 -1.33369e-05
    outer loop
      vertex -18.8763 -14.2947 11.7
      vertex -18.944 -14.2049 13.3
      vertex -19.1589 -13.9197 11.7
    endloop
  endfacet
  facet normal -0.798654 -0.601791 -0
    outer loop
      vertex -18.6614 -14.5799 13.3
      vertex -18.8763 -14.2947 11.7
      vertex -18.6614 -14.5799 11.7
    endloop
  endfacet
  facet normal -0.798618 -0.601838 -1.33369e-05
    outer loop
      vertex -18.8763 -14.2947 11.7
      vertex -18.6614 -14.5799 13.3
      vertex -18.944 -14.2049 13.3
    endloop
  endfacet
  facet normal -0.777167 -0.629295 0
    outer loop
      vertex -18.6614 -14.5799 0
      vertex -18.4367 -14.8574 7.3
      vertex -18.6614 -14.5799 7.3
    endloop
  endfacet
  facet normal -0.777149 -0.629317 -1.36222e-06
    outer loop
      vertex -18.1412 -15.2223 0
      vertex -18.4367 -14.8574 7.3
      vertex -18.6614 -14.5799 0
    endloop
  endfacet
  facet normal -0.777136 -0.629333 0
    outer loop
      vertex -18.4367 -14.8574 7.3
      vertex -18.1412 -15.2223 0
      vertex -18.1412 -15.2223 7.3
    endloop
  endfacet
  facet normal -0.777136 -0.629333 0
    outer loop
      vertex -18.3659 -14.9448 17.7
      vertex -18.6614 -14.5799 19.5
      vertex -18.6614 -14.5799 17.7
    endloop
  endfacet
  facet normal -0.777167 -0.629295 -0
    outer loop
      vertex -18.1412 -15.2223 19.5
      vertex -18.3659 -14.9448 17.7
      vertex -18.1412 -15.2223 17.7
    endloop
  endfacet
  facet normal -0.777149 -0.629317 -5.52457e-06
    outer loop
      vertex -18.3659 -14.9448 17.7
      vertex -18.1412 -15.2223 19.5
      vertex -18.6614 -14.5799 19.5
    endloop
  endfacet
  facet normal -0.777167 -0.629295 0
    outer loop
      vertex -18.6614 -14.5799 11.7
      vertex -18.4367 -14.8574 13.3
      vertex -18.6614 -14.5799 13.3
    endloop
  endfacet
  facet normal -0.777136 -0.629333 -1.09414e-05
    outer loop
      vertex -18.3659 -14.9448 11.7
      vertex -18.4367 -14.8574 13.3
      vertex -18.6614 -14.5799 11.7
    endloop
  endfacet
  facet normal -0.777167 -0.629295 -0
    outer loop
      vertex -18.1412 -15.2223 13.3
      vertex -18.3659 -14.9448 11.7
      vertex -18.1412 -15.2223 11.7
    endloop
  endfacet
  facet normal -0.777136 -0.629333 -1.09414e-05
    outer loop
      vertex -18.3659 -14.9448 11.7
      vertex -18.1412 -15.2223 13.3
      vertex -18.4367 -14.8574 13.3
    endloop
  endfacet
  facet normal -0.707107 -0.707107 0
    outer loop
      vertex -16.4507 -17.0352 17.7
      vertex -17.0352 -16.4507 19.5
      vertex -17.0352 -16.4507 17.7
    endloop
  endfacet
  facet normal -0.707107 -0.707107 0
    outer loop
      vertex -17.0352 -16.4507 19.5
      vertex -16.4507 -17.0352 17.7
      vertex -16.4507 -17.0352 19.5
    endloop
  endfacet
  facet normal -0.707107 -0.707107 0
    outer loop
      vertex -16.4507 -17.0352 0
      vertex -17.0352 -16.4507 7.3
      vertex -17.0352 -16.4507 0
    endloop
  endfacet
  facet normal -0.707107 -0.707107 0
    outer loop
      vertex -17.0352 -16.4507 7.3
      vertex -16.4507 -17.0352 0
      vertex -16.4507 -17.0352 7.3
    endloop
  endfacet
  facet normal -0.707107 -0.707107 0
    outer loop
      vertex -16.4507 -17.0352 11.7
      vertex -17.0352 -16.4507 13.3
      vertex -17.0352 -16.4507 11.7
    endloop
  endfacet
  facet normal -0.707107 -0.707107 0
    outer loop
      vertex -17.0352 -16.4507 13.3
      vertex -16.4507 -17.0352 11.7
      vertex -16.4507 -17.0352 13.3
    endloop
  endfacet
  facet normal -0.731456 -0.681889 0
    outer loop
      vertex -17.5989 -15.8461 0
      vertex -17.3554 -16.1073 7.3
      vertex -17.5989 -15.8461 7.3
    endloop
  endfacet
  facet normal -0.731413 -0.681935 -3.03928e-06
    outer loop
      vertex -17.0352 -16.4507 0
      vertex -17.3554 -16.1073 7.3
      vertex -17.5989 -15.8461 0
    endloop
  endfacet
  facet normal -0.731381 -0.681969 0
    outer loop
      vertex -17.3554 -16.1073 7.3
      vertex -17.0352 -16.4507 0
      vertex -17.0352 -16.4507 7.3
    endloop
  endfacet
  facet normal -0.73148 -0.681863 0
    outer loop
      vertex -17.2787 -16.1896 17.7
      vertex -17.5989 -15.8461 19.5
      vertex -17.5989 -15.8461 17.7
    endloop
  endfacet
  facet normal -0.731325 -0.682029 -0
    outer loop
      vertex -17.0352 -16.4507 19.5
      vertex -17.2787 -16.1896 17.7
      vertex -17.0352 -16.4507 17.7
    endloop
  endfacet
  facet normal -0.731413 -0.681935 2.55593e-05
    outer loop
      vertex -17.2787 -16.1896 17.7
      vertex -17.0352 -16.4507 19.5
      vertex -17.5989 -15.8461 19.5
    endloop
  endfacet
  facet normal -0.731456 -0.681889 0
    outer loop
      vertex -17.5989 -15.8461 11.7
      vertex -17.3554 -16.1073 13.3
      vertex -17.5989 -15.8461 13.3
    endloop
  endfacet
  facet normal -0.73148 -0.681863 7.9989e-06
    outer loop
      vertex -17.2787 -16.1896 11.7
      vertex -17.3554 -16.1073 13.3
      vertex -17.5989 -15.8461 11.7
    endloop
  endfacet
  facet normal -0.731325 -0.682029 -0
    outer loop
      vertex -17.0352 -16.4507 13.3
      vertex -17.2787 -16.1896 11.7
      vertex -17.0352 -16.4507 11.7
    endloop
  endfacet
  facet normal -0.731381 -0.681969 1.821e-05
    outer loop
      vertex -17.2787 -16.1896 11.7
      vertex -17.0352 -16.4507 13.3
      vertex -17.3554 -16.1073 13.3
    endloop
  endfacet
  facet normal -0.94556 -0.325447 0
    outer loop
      vertex -22.5226 -7.31804 0
      vertex -22.4064 -7.65565 7.3
      vertex -22.5226 -7.31804 7.3
    endloop
  endfacet
  facet normal -0.945526 -0.325547 -5.1796e-06
    outer loop
      vertex -22.2535 -8.09962 0
      vertex -22.4064 -7.65565 7.3
      vertex -22.5226 -7.31804 0
    endloop
  endfacet
  facet normal -0.9455 -0.325623 0
    outer loop
      vertex -22.4064 -7.65565 7.3
      vertex -22.2535 -8.09962 0
      vertex -22.2535 -8.09962 7.3
    endloop
  endfacet
  facet normal -0.945565 -0.325433 0
    outer loop
      vertex -22.3698 -7.76201 17.7
      vertex -22.5226 -7.31804 19.5
      vertex -22.5226 -7.31804 17.7
    endloop
  endfacet
  facet normal -0.945474 -0.325697 -0
    outer loop
      vertex -22.2535 -8.09962 19.5
      vertex -22.3698 -7.76201 17.7
      vertex -22.2535 -8.09962 17.7
    endloop
  endfacet
  facet normal -0.945526 -0.325547 3.1523e-05
    outer loop
      vertex -22.3698 -7.76201 17.7
      vertex -22.2535 -8.09962 19.5
      vertex -22.5226 -7.31804 19.5
    endloop
  endfacet
  facet normal -0.94556 -0.325447 0
    outer loop
      vertex -22.5226 -7.31804 11.7
      vertex -22.4064 -7.65565 13.3
      vertex -22.5226 -7.31804 13.3
    endloop
  endfacet
  facet normal -0.945565 -0.325433 3.33579e-06
    outer loop
      vertex -22.3698 -7.76201 11.7
      vertex -22.4064 -7.65565 13.3
      vertex -22.5226 -7.31804 11.7
    endloop
  endfacet
  facet normal -0.945474 -0.325697 -0
    outer loop
      vertex -22.2535 -8.09962 13.3
      vertex -22.3698 -7.76201 11.7
      vertex -22.2535 -8.09962 11.7
    endloop
  endfacet
  facet normal -0.9455 -0.325623 1.74924e-05
    outer loop
      vertex -22.3698 -7.76201 11.7
      vertex -22.2535 -8.09962 13.3
      vertex -22.4064 -7.65565 13.3
    endloop
  endfacet
  facet normal -0.93363 -0.358238 0
    outer loop
      vertex -22.2535 -8.09962 0
      vertex -22.1256 -8.43295 7.3
      vertex -22.2535 -8.09962 7.3
    endloop
  endfacet
  facet normal -0.933592 -0.358339 -5.28925e-06
    outer loop
      vertex -21.9573 -8.87132 0
      vertex -22.1256 -8.43295 7.3
      vertex -22.2535 -8.09962 0
    endloop
  endfacet
  facet normal -0.933562 -0.358415 0
    outer loop
      vertex -22.1256 -8.43295 7.3
      vertex -21.9573 -8.87132 0
      vertex -21.9573 -8.87132 7.3
    endloop
  endfacet
  facet normal -0.93356 -0.358422 0
    outer loop
      vertex -22.0852 -8.53798 17.7
      vertex -22.2535 -8.09962 19.5
      vertex -22.2535 -8.09962 17.7
    endloop
  endfacet
  facet normal -0.933634 -0.358228 -0
    outer loop
      vertex -21.9573 -8.87132 19.5
      vertex -22.0852 -8.53798 17.7
      vertex -21.9573 -8.87132 17.7
    endloop
  endfacet
  facet normal -0.933592 -0.358339 -2.34416e-05
    outer loop
      vertex -22.0852 -8.53798 17.7
      vertex -21.9573 -8.87132 19.5
      vertex -22.2535 -8.09962 19.5
    endloop
  endfacet
  facet normal -0.93363 -0.358238 0
    outer loop
      vertex -22.2535 -8.09962 11.7
      vertex -22.1256 -8.43295 13.3
      vertex -22.2535 -8.09962 13.3
    endloop
  endfacet
  facet normal -0.93356 -0.358422 -4.41839e-05
    outer loop
      vertex -22.0852 -8.53798 11.7
      vertex -22.1256 -8.43295 13.3
      vertex -22.2535 -8.09962 11.7
    endloop
  endfacet
  facet normal -0.933634 -0.358228 -0
    outer loop
      vertex -21.9573 -8.87132 13.3
      vertex -22.0852 -8.53798 11.7
      vertex -21.9573 -8.87132 11.7
    endloop
  endfacet
  facet normal -0.933562 -0.358415 -4.47207e-05
    outer loop
      vertex -22.0852 -8.53798 11.7
      vertex -21.9573 -8.87132 13.3
      vertex -22.1256 -8.43295 13.3
    endloop
  endfacet
  facet normal 0.629333 -0.777136 0
    outer loop
      vertex 14.9448 -18.3659 17.7
      vertex 14.5799 -18.6614 19.5
      vertex 14.5799 -18.6614 17.7
    endloop
  endfacet
  facet normal 0.629317 -0.777149 -5.52457e-06
    outer loop
      vertex 14.5799 -18.6614 19.5
      vertex 14.9448 -18.3659 17.7
      vertex 15.2223 -18.1412 19.5
    endloop
  endfacet
  facet normal 0.629295 -0.777167 0
    outer loop
      vertex 15.2223 -18.1412 19.5
      vertex 14.9448 -18.3659 17.7
      vertex 15.2223 -18.1412 17.7
    endloop
  endfacet
  facet normal 0.629295 -0.777167 0
    outer loop
      vertex 14.5799 -18.6614 0
      vertex 14.8574 -18.4367 7.3
      vertex 14.5799 -18.6614 7.3
    endloop
  endfacet
  facet normal 0.629317 -0.777149 -1.36222e-06
    outer loop
      vertex 15.2223 -18.1412 0
      vertex 14.8574 -18.4367 7.3
      vertex 14.5799 -18.6614 0
    endloop
  endfacet
  facet normal 0.629333 -0.777136 0
    outer loop
      vertex 14.8574 -18.4367 7.3
      vertex 15.2223 -18.1412 0
      vertex 15.2223 -18.1412 7.3
    endloop
  endfacet
  facet normal 0.629295 -0.777167 0
    outer loop
      vertex 14.5799 -18.6614 11.7
      vertex 14.8574 -18.4367 13.3
      vertex 14.5799 -18.6614 13.3
    endloop
  endfacet
  facet normal 0.629333 -0.777136 -1.09414e-05
    outer loop
      vertex 14.8574 -18.4367 13.3
      vertex 14.5799 -18.6614 11.7
      vertex 14.9448 -18.3659 11.7
    endloop
  endfacet
  facet normal 0.629333 -0.777136 -1.09414e-05
    outer loop
      vertex 14.8574 -18.4367 13.3
      vertex 14.9448 -18.3659 11.7
      vertex 15.2223 -18.1412 13.3
    endloop
  endfacet
  facet normal 0.629295 -0.777167 0
    outer loop
      vertex 15.2223 -18.1412 13.3
      vertex 14.9448 -18.3659 11.7
      vertex 15.2223 -18.1412 11.7
    endloop
  endfacet
  facet normal 0.731456 -0.681889 0
    outer loop
      vertex 17.5989 -15.8461 19.5
      vertex 17.3554 -16.1073 17.7
      vertex 17.5989 -15.8461 17.7
    endloop
  endfacet
  facet normal 0.731413 -0.681935 1.2326e-05
    outer loop
      vertex 17.0352 -16.4507 19.5
      vertex 17.3554 -16.1073 17.7
      vertex 17.5989 -15.8461 19.5
    endloop
  endfacet
  facet normal 0.731381 -0.681969 0
    outer loop
      vertex 17.3554 -16.1073 17.7
      vertex 17.0352 -16.4507 19.5
      vertex 17.0352 -16.4507 17.7
    endloop
  endfacet
  facet normal 0.73148 -0.681863 0
    outer loop
      vertex 17.2787 -16.1896 7.3
      vertex 17.5989 -15.8461 0
      vertex 17.5989 -15.8461 7.3
    endloop
  endfacet
  facet normal 0.731325 -0.682029 0
    outer loop
      vertex 17.0352 -16.4507 0
      vertex 17.2787 -16.1896 7.3
      vertex 17.0352 -16.4507 7.3
    endloop
  endfacet
  facet normal 0.731413 -0.681935 -6.30229e-06
    outer loop
      vertex 17.2787 -16.1896 7.3
      vertex 17.0352 -16.4507 0
      vertex 17.5989 -15.8461 0
    endloop
  endfacet
  facet normal 0.731456 -0.681889 0
    outer loop
      vertex 17.5989 -15.8461 13.3
      vertex 17.3554 -16.1073 11.7
      vertex 17.5989 -15.8461 11.7
    endloop
  endfacet
  facet normal 0.73148 -0.681863 -7.9989e-06
    outer loop
      vertex 17.2787 -16.1896 13.3
      vertex 17.3554 -16.1073 11.7
      vertex 17.5989 -15.8461 13.3
    endloop
  endfacet
  facet normal 0.731325 -0.682029 0
    outer loop
      vertex 17.0352 -16.4507 11.7
      vertex 17.2787 -16.1896 13.3
      vertex 17.0352 -16.4507 13.3
    endloop
  endfacet
  facet normal 0.731381 -0.681969 -1.821e-05
    outer loop
      vertex 17.2787 -16.1896 13.3
      vertex 17.0352 -16.4507 11.7
      vertex 17.3554 -16.1073 11.7
    endloop
  endfacet
  facet normal 0.573477 -0.819222 0
    outer loop
      vertex 13.6273 -19.3637 17.7
      vertex 13.2426 -19.633 19.5
      vertex 13.2426 -19.633 17.7
    endloop
  endfacet
  facet normal 0.573568 -0.819158 2.90622e-05
    outer loop
      vertex 13.2426 -19.633 19.5
      vertex 13.6273 -19.3637 17.7
      vertex 13.9197 -19.1589 19.5
    endloop
  endfacet
  facet normal 0.573688 -0.819074 0
    outer loop
      vertex 13.9197 -19.1589 17.7
      vertex 13.9197 -19.1589 19.5
      vertex 13.6273 -19.3637 17.7
    endloop
  endfacet
  facet normal 0.573556 -0.819166 0
    outer loop
      vertex 13.2426 -19.633 0
      vertex 13.5351 -19.4282 7.3
      vertex 13.2426 -19.633 7.3
    endloop
  endfacet
  facet normal 0.573568 -0.819158 -6.9108e-07
    outer loop
      vertex 13.9197 -19.1589 0
      vertex 13.5351 -19.4282 7.3
      vertex 13.2426 -19.633 0
    endloop
  endfacet
  facet normal 0.573577 -0.819152 0
    outer loop
      vertex 13.5351 -19.4282 7.3
      vertex 13.9197 -19.1589 0
      vertex 13.9197 -19.1589 7.3
    endloop
  endfacet
  facet normal 0.573556 -0.819166 0
    outer loop
      vertex 13.2426 -19.633 11.7
      vertex 13.5351 -19.4282 13.3
      vertex 13.2426 -19.633 13.3
    endloop
  endfacet
  facet normal 0.573577 -0.819152 3.02975e-05
    outer loop
      vertex 13.5351 -19.4282 13.3
      vertex 13.6273 -19.3637 11.7
      vertex 13.9197 -19.1589 13.3
    endloop
  endfacet
  facet normal 0.573477 -0.819222 2.17077e-05
    outer loop
      vertex 13.5351 -19.4282 13.3
      vertex 13.2426 -19.633 11.7
      vertex 13.6273 -19.3637 11.7
    endloop
  endfacet
  facet normal 0.573688 -0.819074 0
    outer loop
      vertex 13.9197 -19.1589 11.7
      vertex 13.9197 -19.1589 13.3
      vertex 13.6273 -19.3637 11.7
    endloop
  endfacet
  facet normal -0.656195 -0.754592 0
    outer loop
      vertex -15.4918 -17.907 17.7
      vertex -15.8461 -17.5989 19.5
      vertex -15.8461 -17.5989 17.7
    endloop
  endfacet
  facet normal -0.656086 -0.754686 3.75649e-05
    outer loop
      vertex -15.8461 -17.5989 19.5
      vertex -15.4918 -17.907 17.7
      vertex -15.2223 -18.1412 19.5
    endloop
  endfacet
  facet normal -0.655943 -0.75481 -0
    outer loop
      vertex -15.2223 -18.1412 19.5
      vertex -15.4918 -17.907 17.7
      vertex -15.2223 -18.1412 17.7
    endloop
  endfacet
  facet normal -0.656241 -0.754551 0
    outer loop
      vertex -15.8461 -17.5989 0
      vertex -15.5767 -17.8332 7.3
      vertex -15.8461 -17.5989 7.3
    endloop
  endfacet
  facet normal -0.656086 -0.754686 -1.00631e-05
    outer loop
      vertex -15.2223 -18.1412 0
      vertex -15.5767 -17.8332 7.3
      vertex -15.8461 -17.5989 0
    endloop
  endfacet
  facet normal -0.655968 -0.754789 0
    outer loop
      vertex -15.5767 -17.8332 7.3
      vertex -15.2223 -18.1412 0
      vertex -15.2223 -18.1412 7.3
    endloop
  endfacet
  facet normal -0.656241 -0.754551 -0
    outer loop
      vertex -15.8461 -17.5989 13.3
      vertex -15.8461 -17.5989 11.7
      vertex -15.5767 -17.8332 13.3
    endloop
  endfacet
  facet normal -0.656195 -0.754592 -1.37772e-05
    outer loop
      vertex -15.4918 -17.907 11.7
      vertex -15.5767 -17.8332 13.3
      vertex -15.8461 -17.5989 11.7
    endloop
  endfacet
  facet normal -0.655968 -0.754789 7.34769e-06
    outer loop
      vertex -15.5767 -17.8332 13.3
      vertex -15.4918 -17.907 11.7
      vertex -15.2223 -18.1412 13.3
    endloop
  endfacet
  facet normal -0.655943 -0.75481 -0
    outer loop
      vertex -15.2223 -18.1412 13.3
      vertex -15.4918 -17.907 11.7
      vertex -15.2223 -18.1412 11.7
    endloop
  endfacet
  facet normal -0.629295 -0.777167 0
    outer loop
      vertex -15.2223 -18.1412 0
      vertex -14.9448 -18.3659 7.3
      vertex -15.2223 -18.1412 7.3
    endloop
  endfacet
  facet normal -0.629317 -0.777149 1.36222e-06
    outer loop
      vertex -14.5799 -18.6614 0
      vertex -14.9448 -18.3659 7.3
      vertex -15.2223 -18.1412 0
    endloop
  endfacet
  facet normal -0.629333 -0.777136 0
    outer loop
      vertex -14.9448 -18.3659 7.3
      vertex -14.5799 -18.6614 0
      vertex -14.5799 -18.6614 7.3
    endloop
  endfacet
  facet normal -0.629317 -0.777149 5.52457e-06
    outer loop
      vertex -15.2223 -18.1412 19.5
      vertex -14.8574 -18.4367 17.7
      vertex -14.5799 -18.6614 19.5
    endloop
  endfacet
  facet normal -0.629333 -0.777136 0
    outer loop
      vertex -14.8574 -18.4367 17.7
      vertex -15.2223 -18.1412 19.5
      vertex -15.2223 -18.1412 17.7
    endloop
  endfacet
  facet normal -0.629295 -0.777167 -0
    outer loop
      vertex -14.5799 -18.6614 19.5
      vertex -14.8574 -18.4367 17.7
      vertex -14.5799 -18.6614 17.7
    endloop
  endfacet
  facet normal -0.629295 -0.777167 0
    outer loop
      vertex -15.2223 -18.1412 11.7
      vertex -14.9448 -18.3659 13.3
      vertex -15.2223 -18.1412 13.3
    endloop
  endfacet
  facet normal -0.629333 -0.777136 1.09414e-05
    outer loop
      vertex -14.9448 -18.3659 13.3
      vertex -15.2223 -18.1412 11.7
      vertex -14.8574 -18.4367 11.7
    endloop
  endfacet
  facet normal -0.629333 -0.777136 1.09414e-05
    outer loop
      vertex -14.9448 -18.3659 13.3
      vertex -14.8574 -18.4367 11.7
      vertex -14.5799 -18.6614 13.3
    endloop
  endfacet
  facet normal -0.629295 -0.777167 -0
    outer loop
      vertex -14.5799 -18.6614 13.3
      vertex -14.8574 -18.4367 11.7
      vertex -14.5799 -18.6614 11.7
    endloop
  endfacet
  facet normal -0.258785 -0.965935 0
    outer loop
      vertex -6.52756 -22.7643 0
      vertex -6.18267 -22.8567 7.3
      vertex -6.52756 -22.7643 7.3
    endloop
  endfacet
  facet normal -0.258772 -0.965938 -6.43836e-07
    outer loop
      vertex -5.72912 -22.9782 0
      vertex -6.18267 -22.8567 7.3
      vertex -6.52756 -22.7643 0
    endloop
  endfacet
  facet normal -0.258763 -0.965941 0
    outer loop
      vertex -6.18267 -22.8567 7.3
      vertex -5.72912 -22.9782 0
      vertex -5.72912 -22.9782 7.3
    endloop
  endfacet
  facet normal -0.258763 -0.965941 0
    outer loop
      vertex -6.07401 -22.8858 17.7
      vertex -6.52756 -22.7643 19.5
      vertex -6.52756 -22.7643 17.7
    endloop
  endfacet
  facet normal -0.258772 -0.965938 -2.61111e-06
    outer loop
      vertex -6.52756 -22.7643 19.5
      vertex -6.07401 -22.8858 17.7
      vertex -5.72912 -22.9782 19.5
    endloop
  endfacet
  facet normal -0.258785 -0.965935 0
    outer loop
      vertex -5.72912 -22.9782 17.7
      vertex -5.72912 -22.9782 19.5
      vertex -6.07401 -22.8858 17.7
    endloop
  endfacet
  facet normal -0.258785 -0.965935 0
    outer loop
      vertex -6.52756 -22.7643 11.7
      vertex -6.18267 -22.8567 13.3
      vertex -6.52756 -22.7643 13.3
    endloop
  endfacet
  facet normal -0.258763 -0.965941 -5.17126e-06
    outer loop
      vertex -6.18267 -22.8567 13.3
      vertex -6.07401 -22.8858 11.7
      vertex -5.72912 -22.9782 13.3
    endloop
  endfacet
  facet normal -0.258763 -0.965941 -5.17126e-06
    outer loop
      vertex -6.18267 -22.8567 13.3
      vertex -6.52756 -22.7643 11.7
      vertex -6.07401 -22.8858 11.7
    endloop
  endfacet
  facet normal -0.258785 -0.965935 0
    outer loop
      vertex -5.72912 -22.9782 11.7
      vertex -5.72912 -22.9782 13.3
      vertex -6.07401 -22.8858 11.7
    endloop
  endfacet
  facet normal -0.453922 -0.891042 0
    outer loop
      vertex -11.1179 -20.9097 0
      vertex -10.7997 -21.0718 7.3
      vertex -11.1179 -20.9097 7.3
    endloop
  endfacet
  facet normal -0.454024 -0.89099 5.60302e-06
    outer loop
      vertex -10.3814 -21.285 0
      vertex -10.7997 -21.0718 7.3
      vertex -11.1179 -20.9097 0
    endloop
  endfacet
  facet normal -0.454101 -0.89095 0
    outer loop
      vertex -10.7997 -21.0718 7.3
      vertex -10.3814 -21.285 0
      vertex -10.3814 -21.285 7.3
    endloop
  endfacet
  facet normal -0.454015 -0.890994 0
    outer loop
      vertex -10.6995 -21.1229 17.7
      vertex -11.1179 -20.9097 19.5
      vertex -11.1179 -20.9097 17.7
    endloop
  endfacet
  facet normal -0.454024 -0.89099 -2.50017e-06
    outer loop
      vertex -11.1179 -20.9097 19.5
      vertex -10.6995 -21.1229 17.7
      vertex -10.3814 -21.285 19.5
    endloop
  endfacet
  facet normal -0.454035 -0.890984 -0
    outer loop
      vertex -10.3814 -21.285 19.5
      vertex -10.6995 -21.1229 17.7
      vertex -10.3814 -21.285 17.7
    endloop
  endfacet
  facet normal -0.453922 -0.891042 0
    outer loop
      vertex -11.1179 -20.9097 11.7
      vertex -10.7997 -21.0718 13.3
      vertex -11.1179 -20.9097 13.3
    endloop
  endfacet
  facet normal -0.454015 -0.890994 2.34248e-05
    outer loop
      vertex -10.7997 -21.0718 13.3
      vertex -11.1179 -20.9097 11.7
      vertex -10.6995 -21.1229 11.7
    endloop
  endfacet
  facet normal -0.454101 -0.89095 1.66268e-05
    outer loop
      vertex -10.7997 -21.0718 13.3
      vertex -10.6995 -21.1229 11.7
      vertex -10.3814 -21.285 13.3
    endloop
  endfacet
  facet normal -0.454035 -0.890984 -0
    outer loop
      vertex -10.3814 -21.285 13.3
      vertex -10.6995 -21.1229 11.7
      vertex -10.3814 -21.285 11.7
    endloop
  endfacet
  facet normal -0.358228 -0.933634 0
    outer loop
      vertex -8.87132 -21.9573 0
      vertex -8.53798 -22.0852 7.3
      vertex -8.87132 -21.9573 7.3
    endloop
  endfacet
  facet normal -0.358339 -0.933592 5.78012e-06
    outer loop
      vertex -8.09962 -22.2535 0
      vertex -8.53798 -22.0852 7.3
      vertex -8.87132 -21.9573 0
    endloop
  endfacet
  facet normal -0.358422 -0.93356 0
    outer loop
      vertex -8.53798 -22.0852 7.3
      vertex -8.09962 -22.2535 0
      vertex -8.09962 -22.2535 7.3
    endloop
  endfacet
  facet normal -0.358415 -0.933562 0
    outer loop
      vertex -8.43295 -22.1256 17.7
      vertex -8.87132 -21.9573 19.5
      vertex -8.87132 -21.9573 17.7
    endloop
  endfacet
  facet normal -0.358339 -0.933592 2.14508e-05
    outer loop
      vertex -8.87132 -21.9573 19.5
      vertex -8.43295 -22.1256 17.7
      vertex -8.09962 -22.2535 19.5
    endloop
  endfacet
  facet normal -0.358238 -0.93363 -0
    outer loop
      vertex -8.09962 -22.2535 19.5
      vertex -8.43295 -22.1256 17.7
      vertex -8.09962 -22.2535 17.7
    endloop
  endfacet
  facet normal -0.358228 -0.933634 0
    outer loop
      vertex -8.87132 -21.9573 11.7
      vertex -8.53798 -22.0852 13.3
      vertex -8.87132 -21.9573 13.3
    endloop
  endfacet
  facet normal -0.358415 -0.933562 4.47207e-05
    outer loop
      vertex -8.53798 -22.0852 13.3
      vertex -8.87132 -21.9573 11.7
      vertex -8.43295 -22.1256 11.7
    endloop
  endfacet
  facet normal -0.358422 -0.93356 4.41839e-05
    outer loop
      vertex -8.53798 -22.0852 13.3
      vertex -8.43295 -22.1256 11.7
      vertex -8.09962 -22.2535 13.3
    endloop
  endfacet
  facet normal -0.358238 -0.93363 -0
    outer loop
      vertex -8.09962 -22.2535 13.3
      vertex -8.43295 -22.1256 11.7
      vertex -8.09962 -22.2535 11.7
    endloop
  endfacet
  facet normal -0.992526 -0.122029 0
    outer loop
      vertex -23.4947 -2.94146 17.7
      vertex -23.552 -2.47541 19.5
      vertex -23.552 -2.47541 17.7
    endloop
  endfacet
  facet normal -0.992551 -0.121832 -0
    outer loop
      vertex -23.4512 -3.29585 19.5
      vertex -23.4947 -2.94146 17.7
      vertex -23.4512 -3.29585 17.7
    endloop
  endfacet
  facet normal -0.992537 -0.121944 -2.2429e-05
    outer loop
      vertex -23.4947 -2.94146 17.7
      vertex -23.4512 -3.29585 19.5
      vertex -23.552 -2.47541 19.5
    endloop
  endfacet
  facet normal -0.992517 -0.122108 0
    outer loop
      vertex -23.552 -2.47541 0
      vertex -23.5084 -2.8298 7.3
      vertex -23.552 -2.47541 7.3
    endloop
  endfacet
  facet normal -0.992537 -0.121944 8.06596e-06
    outer loop
      vertex -23.4512 -3.29585 0
      vertex -23.5084 -2.8298 7.3
      vertex -23.552 -2.47541 0
    endloop
  endfacet
  facet normal -0.992552 -0.12182 0
    outer loop
      vertex -23.5084 -2.8298 7.3
      vertex -23.4512 -3.29585 0
      vertex -23.4512 -3.29585 7.3
    endloop
  endfacet
  facet normal -0.992517 -0.122108 0
    outer loop
      vertex -23.552 -2.47541 11.7
      vertex -23.5084 -2.8298 13.3
      vertex -23.552 -2.47541 13.3
    endloop
  endfacet
  facet normal -0.992526 -0.122029 1.76136e-05
    outer loop
      vertex -23.4947 -2.94146 11.7
      vertex -23.5084 -2.8298 13.3
      vertex -23.552 -2.47541 11.7
    endloop
  endfacet
  facet normal -0.992551 -0.121832 -0
    outer loop
      vertex -23.4512 -3.29585 13.3
      vertex -23.4947 -2.94146 11.7
      vertex -23.4512 -3.29585 11.7
    endloop
  endfacet
  facet normal -0.992552 -0.12182 2.75132e-06
    outer loop
      vertex -23.4947 -2.94146 11.7
      vertex -23.4512 -3.29585 13.3
      vertex -23.5084 -2.8298 13.3
    endloop
  endfacet
  facet normal -0.996199 -0.0871038 0
    outer loop
      vertex -23.5831 -2.11972 17.7
      vertex -23.624 -1.65195 19.5
      vertex -23.624 -1.65195 17.7
    endloop
  endfacet
  facet normal -0.996199 -0.0871034 -0
    outer loop
      vertex -23.552 -2.47541 19.5
      vertex -23.5831 -2.11972 17.7
      vertex -23.552 -2.47541 17.7
    endloop
  endfacet
  facet normal -0.996199 -0.0871036 -4.97351e-08
    outer loop
      vertex -23.5831 -2.11972 17.7
      vertex -23.552 -2.47541 19.5
      vertex -23.624 -1.65195 19.5
    endloop
  endfacet
  facet normal -0.996199 -0.0871009 0
    outer loop
      vertex -23.624 -1.65195 0
      vertex -23.5929 -2.00765 7.3
      vertex -23.624 -1.65195 7.3
    endloop
  endfacet
  facet normal -0.996199 -0.0871036 -1.31583e-07
    outer loop
      vertex -23.552 -2.47541 0
      vertex -23.5929 -2.00765 7.3
      vertex -23.624 -1.65195 0
    endloop
  endfacet
  facet normal -0.996199 -0.0871057 0
    outer loop
      vertex -23.5929 -2.00765 7.3
      vertex -23.552 -2.47541 0
      vertex -23.552 -2.47541 7.3
    endloop
  endfacet
  facet normal -0.996199 -0.0871009 0
    outer loop
      vertex -23.624 -1.65195 11.7
      vertex -23.5929 -2.00765 13.3
      vertex -23.624 -1.65195 13.3
    endloop
  endfacet
  facet normal -0.996199 -0.0871038 -6.42896e-07
    outer loop
      vertex -23.5831 -2.11972 11.7
      vertex -23.5929 -2.00765 13.3
      vertex -23.624 -1.65195 11.7
    endloop
  endfacet
  facet normal -0.996199 -0.0871034 -0
    outer loop
      vertex -23.552 -2.47541 13.3
      vertex -23.5831 -2.11972 11.7
      vertex -23.552 -2.47541 11.7
    endloop
  endfacet
  facet normal -0.996199 -0.0871057 -5.12465e-07
    outer loop
      vertex -23.5831 -2.11972 11.7
      vertex -23.552 -2.47541 13.3
      vertex -23.5929 -2.00765 13.3
    endloop
  endfacet
  facet normal -0.974382 -0.2249 0
    outer loop
      vertex -23.1642 -4.9237 0
      vertex -23.0839 -5.2716 7.3
      vertex -23.1642 -4.9237 7.3
    endloop
  endfacet
  facet normal -0.974356 -0.225013 -5.66328e-06
    outer loop
      vertex -22.9782 -5.72912 0
      vertex -23.0839 -5.2716 7.3
      vertex -23.1642 -4.9237 0
    endloop
  endfacet
  facet normal -0.974336 -0.225099 0
    outer loop
      vertex -23.0839 -5.2716 7.3
      vertex -22.9782 -5.72912 0
      vertex -22.9782 -5.72912 7.3
    endloop
  endfacet
  facet normal -0.974383 -0.224897 0
    outer loop
      vertex -23.0586 -5.38122 17.7
      vertex -23.1642 -4.9237 19.5
      vertex -23.1642 -4.9237 17.7
    endloop
  endfacet
  facet normal -0.97432 -0.225166 -0
    outer loop
      vertex -22.9782 -5.72912 19.5
      vertex -23.0586 -5.38122 17.7
      vertex -22.9782 -5.72912 17.7
    endloop
  endfacet
  facet normal -0.974356 -0.225013 3.11631e-05
    outer loop
      vertex -23.0586 -5.38122 17.7
      vertex -22.9782 -5.72912 19.5
      vertex -23.1642 -4.9237 19.5
    endloop
  endfacet
  facet normal -0.974382 -0.2249 0
    outer loop
      vertex -23.1642 -4.9237 11.7
      vertex -23.0839 -5.2716 13.3
      vertex -23.1642 -4.9237 13.3
    endloop
  endfacet
  facet normal -0.974383 -0.224897 8.19936e-07
    outer loop
      vertex -23.0586 -5.38122 11.7
      vertex -23.0839 -5.2716 13.3
      vertex -23.1642 -4.9237 11.7
    endloop
  endfacet
  facet normal -0.97432 -0.225166 -0
    outer loop
      vertex -22.9782 -5.72912 13.3
      vertex -23.0586 -5.38122 11.7
      vertex -22.9782 -5.72912 11.7
    endloop
  endfacet
  facet normal -0.974336 -0.225099 1.54103e-05
    outer loop
      vertex -23.0586 -5.38122 11.7
      vertex -22.9782 -5.72912 13.3
      vertex -23.0839 -5.2716 13.3
    endloop
  endfacet
  facet normal -0.838584 -0.544772 0
    outer loop
      vertex -20.0832 -12.5494 0
      vertex -19.8887 -12.8488 7.3
      vertex -20.0832 -12.5494 7.3
    endloop
  endfacet
  facet normal -0.838654 -0.544665 6.21819e-06
    outer loop
      vertex -19.633 -13.2426 0
      vertex -19.8887 -12.8488 7.3
      vertex -20.0832 -12.5494 0
    endloop
  endfacet
  facet normal -0.838706 -0.544584 0
    outer loop
      vertex -19.8887 -12.8488 7.3
      vertex -19.633 -13.2426 0
      vertex -19.633 -13.2426 7.3
    endloop
  endfacet
  facet normal -0.838706 -0.544584 0
    outer loop
      vertex -19.8275 -12.9432 17.7
      vertex -20.0832 -12.5494 19.5
      vertex -20.0832 -12.5494 17.7
    endloop
  endfacet
  facet normal -0.838584 -0.544772 -0
    outer loop
      vertex -19.633 -13.2426 19.5
      vertex -19.8275 -12.9432 17.7
      vertex -19.633 -13.2426 17.7
    endloop
  endfacet
  facet normal -0.838654 -0.544665 2.52182e-05
    outer loop
      vertex -19.8275 -12.9432 17.7
      vertex -19.633 -13.2426 19.5
      vertex -20.0832 -12.5494 19.5
    endloop
  endfacet
  facet normal -0.838584 -0.544772 0
    outer loop
      vertex -20.0832 -12.5494 11.7
      vertex -19.8887 -12.8488 13.3
      vertex -20.0832 -12.5494 13.3
    endloop
  endfacet
  facet normal -0.838706 -0.544584 4.99433e-05
    outer loop
      vertex -19.8275 -12.9432 11.7
      vertex -19.8887 -12.8488 13.3
      vertex -20.0832 -12.5494 11.7
    endloop
  endfacet
  facet normal -0.838584 -0.544772 -0
    outer loop
      vertex -19.633 -13.2426 13.3
      vertex -19.8275 -12.9432 11.7
      vertex -19.633 -13.2426 11.7
    endloop
  endfacet
  facet normal -0.838706 -0.544584 4.99433e-05
    outer loop
      vertex -19.8275 -12.9432 11.7
      vertex -19.633 -13.2426 13.3
      vertex -19.8887 -12.8488 13.3
    endloop
  endfacet
  facet normal -0.85732 -0.514784 0
    outer loop
      vertex -20.5089 -11.8408 0
      vertex -20.3251 -12.1469 7.3
      vertex -20.5089 -11.8408 7.3
    endloop
  endfacet
  facet normal -0.857205 -0.514976 -1.09521e-05
    outer loop
      vertex -20.0832 -12.5494 0
      vertex -20.3251 -12.1469 7.3
      vertex -20.5089 -11.8408 0
    endloop
  endfacet
  facet normal -0.857117 -0.515122 0
    outer loop
      vertex -20.3251 -12.1469 7.3
      vertex -20.0832 -12.5494 0
      vertex -20.0832 -12.5494 7.3
    endloop
  endfacet
  facet normal -0.857211 -0.514965 0
    outer loop
      vertex -20.2671 -12.2433 17.7
      vertex -20.5089 -11.8408 19.5
      vertex -20.5089 -11.8408 17.7
    endloop
  endfacet
  facet normal -0.857196 -0.51499 -0
    outer loop
      vertex -20.0832 -12.5494 19.5
      vertex -20.2671 -12.2433 17.7
      vertex -20.0832 -12.5494 17.7
    endloop
  endfacet
  facet normal -0.857205 -0.514976 3.20575e-06
    outer loop
      vertex -20.2671 -12.2433 17.7
      vertex -20.0832 -12.5494 19.5
      vertex -20.5089 -11.8408 19.5
    endloop
  endfacet
  facet normal -0.85732 -0.514784 0
    outer loop
      vertex -20.5089 -11.8408 11.7
      vertex -20.3251 -12.1469 13.3
      vertex -20.5089 -11.8408 13.3
    endloop
  endfacet
  facet normal -0.857211 -0.514965 -4.72265e-05
    outer loop
      vertex -20.2671 -12.2433 11.7
      vertex -20.3251 -12.1469 13.3
      vertex -20.5089 -11.8408 11.7
    endloop
  endfacet
  facet normal -0.857196 -0.51499 -0
    outer loop
      vertex -20.0832 -12.5494 13.3
      vertex -20.2671 -12.2433 11.7
      vertex -20.0832 -12.5494 11.7
    endloop
  endfacet
  facet normal -0.857117 -0.515122 -3.43912e-05
    outer loop
      vertex -20.2671 -12.2433 11.7
      vertex -20.0832 -12.5494 13.3
      vertex -20.3251 -12.1469 13.3
    endloop
  endfacet
  facet normal 0.258785 -0.965935 0
    outer loop
      vertex 5.72912 -22.9782 0
      vertex 6.07401 -22.8858 7.3
      vertex 5.72912 -22.9782 7.3
    endloop
  endfacet
  facet normal 0.258772 -0.965938 6.43836e-07
    outer loop
      vertex 6.52756 -22.7643 0
      vertex 6.07401 -22.8858 7.3
      vertex 5.72912 -22.9782 0
    endloop
  endfacet
  facet normal 0.258763 -0.965941 0
    outer loop
      vertex 6.07401 -22.8858 7.3
      vertex 6.52756 -22.7643 0
      vertex 6.52756 -22.7643 7.3
    endloop
  endfacet
  facet normal 0.258763 -0.965941 0
    outer loop
      vertex 6.18267 -22.8567 17.7
      vertex 5.72912 -22.9782 19.5
      vertex 5.72912 -22.9782 17.7
    endloop
  endfacet
  facet normal 0.258772 -0.965938 2.61111e-06
    outer loop
      vertex 5.72912 -22.9782 19.5
      vertex 6.18267 -22.8567 17.7
      vertex 6.52756 -22.7643 19.5
    endloop
  endfacet
  facet normal 0.258785 -0.965935 0
    outer loop
      vertex 6.52756 -22.7643 19.5
      vertex 6.18267 -22.8567 17.7
      vertex 6.52756 -22.7643 17.7
    endloop
  endfacet
  facet normal 0.258785 -0.965935 0
    outer loop
      vertex 5.72912 -22.9782 13.3
      vertex 5.72912 -22.9782 11.7
      vertex 6.07401 -22.8858 13.3
    endloop
  endfacet
  facet normal 0.258763 -0.965941 5.17126e-06
    outer loop
      vertex 6.07401 -22.8858 13.3
      vertex 5.72912 -22.9782 11.7
      vertex 6.18267 -22.8567 11.7
    endloop
  endfacet
  facet normal 0.258763 -0.965941 5.17126e-06
    outer loop
      vertex 6.07401 -22.8858 13.3
      vertex 6.18267 -22.8567 11.7
      vertex 6.52756 -22.7643 13.3
    endloop
  endfacet
  facet normal 0.258785 -0.965935 0
    outer loop
      vertex 6.52756 -22.7643 13.3
      vertex 6.18267 -22.8567 11.7
      vertex 6.52756 -22.7643 11.7
    endloop
  endfacet
  facet normal -0.0871057 -0.996199 0
    outer loop
      vertex -2.00765 -23.5929 17.7
      vertex -2.47541 -23.552 19.5
      vertex -2.47541 -23.552 17.7
    endloop
  endfacet
  facet normal -0.0871036 -0.996199 5.33644e-07
    outer loop
      vertex -2.47541 -23.552 19.5
      vertex -2.00765 -23.5929 17.7
      vertex -1.65195 -23.624 19.5
    endloop
  endfacet
  facet normal -0.0871009 -0.996199 0
    outer loop
      vertex -1.65195 -23.624 17.7
      vertex -1.65195 -23.624 19.5
      vertex -2.00765 -23.5929 17.7
    endloop
  endfacet
  facet normal -0.0871034 -0.996199 -0
    outer loop
      vertex -2.47541 -23.552 7.3
      vertex -2.47541 -23.552 0
      vertex -2.11972 -23.5831 7.3
    endloop
  endfacet
  facet normal -0.0871036 -0.996199 1.22634e-08
    outer loop
      vertex -1.65195 -23.624 0
      vertex -2.11972 -23.5831 7.3
      vertex -2.47541 -23.552 0
    endloop
  endfacet
  facet normal -0.0871038 -0.996199 0
    outer loop
      vertex -2.11972 -23.5831 7.3
      vertex -1.65195 -23.624 0
      vertex -1.65195 -23.624 7.3
    endloop
  endfacet
  facet normal -0.0871034 -0.996199 -0
    outer loop
      vertex -2.47541 -23.552 13.3
      vertex -2.47541 -23.552 11.7
      vertex -2.11972 -23.5831 13.3
    endloop
  endfacet
  facet normal -0.0871038 -0.996199 6.42896e-07
    outer loop
      vertex -2.11972 -23.5831 13.3
      vertex -2.00765 -23.5929 11.7
      vertex -1.65195 -23.624 13.3
    endloop
  endfacet
  facet normal -0.0871057 -0.996199 5.12465e-07
    outer loop
      vertex -2.11972 -23.5831 13.3
      vertex -2.47541 -23.552 11.7
      vertex -2.00765 -23.5929 11.7
    endloop
  endfacet
  facet normal -0.0871009 -0.996199 0
    outer loop
      vertex -1.65195 -23.624 11.7
      vertex -1.65195 -23.624 13.3
      vertex -2.00765 -23.5929 11.7
    endloop
  endfacet
  facet normal -0.12182 -0.992552 0
    outer loop
      vertex -2.8298 -23.5084 17.7
      vertex -3.29585 -23.4512 19.5
      vertex -3.29585 -23.4512 17.7
    endloop
  endfacet
  facet normal -0.121944 -0.992537 -3.2712e-05
    outer loop
      vertex -3.29585 -23.4512 19.5
      vertex -2.8298 -23.5084 17.7
      vertex -2.47541 -23.552 19.5
    endloop
  endfacet
  facet normal -0.122108 -0.992517 -0
    outer loop
      vertex -2.47541 -23.552 19.5
      vertex -2.8298 -23.5084 17.7
      vertex -2.47541 -23.552 17.7
    endloop
  endfacet
  facet normal -0.121832 -0.992551 -0
    outer loop
      vertex -3.29585 -23.4512 7.3
      vertex -3.29585 -23.4512 0
      vertex -2.94146 -23.4947 7.3
    endloop
  endfacet
  facet normal -0.121944 -0.992537 5.53043e-06
    outer loop
      vertex -2.47541 -23.552 0
      vertex -2.94146 -23.4947 7.3
      vertex -3.29585 -23.4512 0
    endloop
  endfacet
  facet normal -0.122029 -0.992526 0
    outer loop
      vertex -2.94146 -23.4947 7.3
      vertex -2.47541 -23.552 0
      vertex -2.47541 -23.552 7.3
    endloop
  endfacet
  facet normal -0.121832 -0.992551 0
    outer loop
      vertex -3.29585 -23.4512 11.7
      vertex -2.94146 -23.4947 13.3
      vertex -3.29585 -23.4512 13.3
    endloop
  endfacet
  facet normal -0.12182 -0.992552 -2.75132e-06
    outer loop
      vertex -2.94146 -23.4947 13.3
      vertex -3.29585 -23.4512 11.7
      vertex -2.8298 -23.5084 11.7
    endloop
  endfacet
  facet normal -0.122029 -0.992526 -1.76136e-05
    outer loop
      vertex -2.94146 -23.4947 13.3
      vertex -2.8298 -23.5084 11.7
      vertex -2.47541 -23.552 13.3
    endloop
  endfacet
  facet normal -0.122108 -0.992517 -0
    outer loop
      vertex -2.47541 -23.552 13.3
      vertex -2.8298 -23.5084 11.7
      vertex -2.47541 -23.552 11.7
    endloop
  endfacet
  facet normal -0.225099 -0.974336 0
    outer loop
      vertex -5.2716 -23.0839 17.7
      vertex -5.72912 -22.9782 19.5
      vertex -5.72912 -22.9782 17.7
    endloop
  endfacet
  facet normal -0.225013 -0.974356 2.29677e-05
    outer loop
      vertex -5.72912 -22.9782 19.5
      vertex -5.2716 -23.0839 17.7
      vertex -4.9237 -23.1642 19.5
    endloop
  endfacet
  facet normal -0.2249 -0.974382 -0
    outer loop
      vertex -4.9237 -23.1642 19.5
      vertex -5.2716 -23.0839 17.7
      vertex -4.9237 -23.1642 17.7
    endloop
  endfacet
  facet normal -0.225166 -0.97432 0
    outer loop
      vertex -5.72912 -22.9782 0
      vertex -5.38122 -23.0586 7.3
      vertex -5.72912 -22.9782 7.3
    endloop
  endfacet
  facet normal -0.225013 -0.974356 -7.68406e-06
    outer loop
      vertex -4.9237 -23.1642 0
      vertex -5.38122 -23.0586 7.3
      vertex -5.72912 -22.9782 0
    endloop
  endfacet
  facet normal -0.224897 -0.974383 0
    outer loop
      vertex -5.38122 -23.0586 7.3
      vertex -4.9237 -23.1642 0
      vertex -4.9237 -23.1642 7.3
    endloop
  endfacet
  facet normal -0.225166 -0.97432 -0
    outer loop
      vertex -5.72912 -22.9782 13.3
      vertex -5.72912 -22.9782 11.7
      vertex -5.38122 -23.0586 13.3
    endloop
  endfacet
  facet normal -0.225099 -0.974336 -1.54103e-05
    outer loop
      vertex -5.2716 -23.0839 11.7
      vertex -5.38122 -23.0586 13.3
      vertex -5.72912 -22.9782 11.7
    endloop
  endfacet
  facet normal -0.224897 -0.974383 -8.19936e-07
    outer loop
      vertex -5.38122 -23.0586 13.3
      vertex -5.2716 -23.0839 11.7
      vertex -4.9237 -23.1642 13.3
    endloop
  endfacet
  facet normal -0.2249 -0.974382 -0
    outer loop
      vertex -4.9237 -23.1642 13.3
      vertex -5.2716 -23.0839 11.7
      vertex -4.9237 -23.1642 11.7
    endloop
  endfacet
  facet normal -0.75481 -0.655943 0
    outer loop
      vertex -18.1412 -15.2223 0
      vertex -17.907 -15.4918 7.3
      vertex -18.1412 -15.2223 7.3
    endloop
  endfacet
  facet normal -0.754686 -0.656086 -9.26259e-06
    outer loop
      vertex -17.5989 -15.8461 0
      vertex -17.907 -15.4918 7.3
      vertex -18.1412 -15.2223 0
    endloop
  endfacet
  facet normal -0.754592 -0.656195 0
    outer loop
      vertex -17.907 -15.4918 7.3
      vertex -17.5989 -15.8461 0
      vertex -17.5989 -15.8461 7.3
    endloop
  endfacet
  facet normal -0.754789 -0.655968 0
    outer loop
      vertex -17.8332 -15.5767 17.7
      vertex -18.1412 -15.2223 19.5
      vertex -18.1412 -15.2223 17.7
    endloop
  endfacet
  facet normal -0.754551 -0.656241 -0
    outer loop
      vertex -17.5989 -15.8461 19.5
      vertex -17.8332 -15.5767 17.7
      vertex -17.5989 -15.8461 17.7
    endloop
  endfacet
  facet normal -0.754686 -0.656086 4.08113e-05
    outer loop
      vertex -17.8332 -15.5767 17.7
      vertex -17.5989 -15.8461 19.5
      vertex -18.1412 -15.2223 19.5
    endloop
  endfacet
  facet normal -0.75481 -0.655943 0
    outer loop
      vertex -18.1412 -15.2223 11.7
      vertex -17.907 -15.4918 13.3
      vertex -18.1412 -15.2223 13.3
    endloop
  endfacet
  facet normal -0.754789 -0.655968 -7.34769e-06
    outer loop
      vertex -17.8332 -15.5767 11.7
      vertex -17.907 -15.4918 13.3
      vertex -18.1412 -15.2223 11.7
    endloop
  endfacet
  facet normal -0.754551 -0.656241 -0
    outer loop
      vertex -17.5989 -15.8461 13.3
      vertex -17.8332 -15.5767 11.7
      vertex -17.5989 -15.8461 11.7
    endloop
  endfacet
  facet normal -0.754592 -0.656195 1.37772e-05
    outer loop
      vertex -17.8332 -15.5767 11.7
      vertex -17.5989 -15.8461 13.3
      vertex -17.907 -15.4918 13.3
    endloop
  endfacet
  facet normal -0.190822 -0.981625 0
    outer loop
      vertex -4.46278 -23.2538 17.7
      vertex -4.9237 -23.1642 19.5
      vertex -4.9237 -23.1642 17.7
    endloop
  endfacet
  facet normal -0.190781 -0.981633 1.0853e-05
    outer loop
      vertex -4.9237 -23.1642 19.5
      vertex -4.46278 -23.2538 17.7
      vertex -4.11228 -23.3219 19.5
    endloop
  endfacet
  facet normal -0.190727 -0.981643 0
    outer loop
      vertex -4.11228 -23.3219 17.7
      vertex -4.11228 -23.3219 19.5
      vertex -4.46278 -23.2538 17.7
    endloop
  endfacet
  facet normal -0.190732 -0.981642 0
    outer loop
      vertex -4.9237 -23.1642 0
      vertex -4.57321 -23.2323 7.3
      vertex -4.9237 -23.1642 7.3
    endloop
  endfacet
  facet normal -0.190781 -0.981633 2.41474e-06
    outer loop
      vertex -4.11228 -23.3219 0
      vertex -4.57321 -23.2323 7.3
      vertex -4.9237 -23.1642 0
    endloop
  endfacet
  facet normal -0.190818 -0.981625 0
    outer loop
      vertex -4.57321 -23.2323 7.3
      vertex -4.11228 -23.3219 0
      vertex -4.11228 -23.3219 7.3
    endloop
  endfacet
  facet normal -0.190818 -0.981625 2.05872e-05
    outer loop
      vertex -4.46278 -23.2538 11.7
      vertex -4.11228 -23.3219 13.3
      vertex -4.57321 -23.2323 13.3
    endloop
  endfacet
  facet normal -0.190727 -0.981643 0
    outer loop
      vertex -4.11228 -23.3219 11.7
      vertex -4.11228 -23.3219 13.3
      vertex -4.46278 -23.2538 11.7
    endloop
  endfacet
  facet normal -0.190732 -0.981642 0
    outer loop
      vertex -4.9237 -23.1642 11.7
      vertex -4.57321 -23.2323 13.3
      vertex -4.9237 -23.1642 13.3
    endloop
  endfacet
  facet normal -0.190822 -0.981625 2.03014e-05
    outer loop
      vertex -4.57321 -23.2323 13.3
      vertex -4.9237 -23.1642 11.7
      vertex -4.46278 -23.2538 11.7
    endloop
  endfacet
  facet normal 0.707053 -0.0122794 -0.707053
    outer loop
      vertex 23.6755 -0.356999 11.7
      vertex 22.7817 0 10.8
      vertex 23.6817 0 11.7
    endloop
  endfacet
  facet normal 0.707051 -0.012293 -0.707056
    outer loop
      vertex 22.7817 0 10.8
      vertex 23.6755 -0.356999 11.7
      vertex 22.7727 -0.51765 10.8
    endloop
  endfacet
  facet normal 0.707055 -0.0123495 -0.707051
    outer loop
      vertex 23.6673 -0.826479 11.7
      vertex 22.7727 -0.51765 10.8
      vertex 23.6755 -0.356999 11.7
    endloop
  endfacet
  facet normal 0.70703 -0.0124881 -0.707073
    outer loop
      vertex 22.7727 -0.51765 10.8
      vertex 23.6673 -0.826479 11.7
      vertex 22.7678 -0.795069 10.8
    endloop
  endfacet
  facet normal 0.707052 -0.0124885 0.707052
    outer loop
      vertex 22.7768 -0.277419 8.2
      vertex 23.6817 0 7.3
      vertex 22.7817 0 8.2
    endloop
  endfacet
  facet normal 0.707031 -0.0123491 0.707074
    outer loop
      vertex 23.6817 0 7.3
      vertex 22.7768 -0.277419 8.2
      vertex 23.6735 -0.469479 7.3
    endloop
  endfacet
  facet normal 0.707038 -0.0122927 0.707069
    outer loop
      vertex 22.7678 -0.795069 8.2
      vertex 23.6735 -0.469479 7.3
      vertex 22.7768 -0.277419 8.2
    endloop
  endfacet
  facet normal 0.707036 -0.012279 0.707071
    outer loop
      vertex 23.6735 -0.469479 7.3
      vertex 22.7678 -0.795069 8.2
      vertex 23.6673 -0.826479 7.3
    endloop
  endfacet
  facet normal 0.706168 -0.0370353 -0.707075
    outer loop
      vertex 22.7518 -1.1 10.8
      vertex 23.6673 -0.826479 11.7
      vertex 23.6486 -1.18304 11.7
    endloop
  endfacet
  facet normal 0.706171 -0.0370534 -0.707071
    outer loop
      vertex 22.7678 -0.795069 10.8
      vertex 23.6673 -0.826479 11.7
      vertex 22.7518 -1.1 10.8
    endloop
  endfacet
  facet normal 0.706185 -0.0368081 -0.70707
    outer loop
      vertex 21.4294 -1.49849 9.5
      vertex 22.7518 -1.1 10.8
      vertex 23.6486 -1.18304 11.7
    endloop
  endfacet
  facet normal 0.706192 -0.0368611 -0.707061
    outer loop
      vertex 22.7518 -1.1 10.8
      vertex 21.4294 -1.49849 9.5
      vertex 21.4502 -1.1 9.5
    endloop
  endfacet
  facet normal 0.706196 -0.0370485 -0.707047
    outer loop
      vertex 23.6486 -1.18304 11.7
      vertex 23.624 -1.65195 11.7
      vertex 21.4294 -1.49849 9.5
    endloop
  endfacet
  facet normal 0.706175 -0.036955 0.707072
    outer loop
      vertex 23.6673 -0.826479 7.3
      vertex 22.7678 -0.795069 8.2
      vertex 22.7533 -1.07215 8.2
    endloop
  endfacet
  facet normal 0.706185 -0.0370479 0.707057
    outer loop
      vertex 23.6673 -0.826479 7.3
      vertex 22.7533 -1.07215 8.2
      vertex 23.6427 -1.29539 7.3
    endloop
  endfacet
  facet normal 0.706037 -0.0380271 0.707154
    outer loop
      vertex 22.7518 -1.1 8.2
      vertex 23.6427 -1.29539 7.3
      vertex 22.7533 -1.07215 8.2
    endloop
  endfacet
  facet normal 0.706171 -0.0370356 0.707072
    outer loop
      vertex 23.6427 -1.29539 7.3
      vertex 22.7518 -1.1 8.2
      vertex 23.624 -1.65195 7.3
    endloop
  endfacet
  facet normal 0.706192 -0.0368611 0.707061
    outer loop
      vertex 21.4294 -1.49849 9.5
      vertex 22.7518 -1.1 8.2
      vertex 21.4502 -1.1 9.5
    endloop
  endfacet
  facet normal 0.706202 -0.0369449 0.707046
    outer loop
      vertex 22.7518 -1.1 8.2
      vertex 21.4294 -1.49849 9.5
      vertex 23.624 -1.65195 7.3
    endloop
  endfacet
  facet normal 0.704479 -0.0615949 -0.707047
    outer loop
      vertex 23.5929 -2.00765 11.7
      vertex 21.4294 -1.49849 9.5
      vertex 23.624 -1.65195 11.7
    endloop
  endfacet
  facet normal 0.704466 -0.0616794 -0.707053
    outer loop
      vertex 21.4294 -1.49849 9.5
      vertex 23.5929 -2.00765 11.7
      vertex 21.364 -2.24545 9.5
    endloop
  endfacet
  facet normal 0.704465 -0.061597 -0.707061
    outer loop
      vertex 23.552 -2.47541 11.7
      vertex 21.364 -2.24545 9.5
      vertex 23.5929 -2.00765 11.7
    endloop
  endfacet
  facet normal 0.704479 -0.0615969 0.707047
    outer loop
      vertex 23.624 -1.65195 7.3
      vertex 21.4294 -1.49849 9.5
      vertex 23.5831 -2.11972 7.3
    endloop
  endfacet
  facet normal 0.704464 -0.0616792 0.707055
    outer loop
      vertex 21.364 -2.24545 9.5
      vertex 23.5831 -2.11972 7.3
      vertex 21.4294 -1.49849 9.5
    endloop
  endfacet
  facet normal 0.704465 -0.0615954 0.707061
    outer loop
      vertex 23.5831 -2.11972 7.3
      vertex 21.364 -2.24545 9.5
      vertex 23.552 -2.47541 7.3
    endloop
  endfacet
  facet normal 0.701862 -0.0863489 -0.70706
    outer loop
      vertex 23.5084 -2.8298 11.7
      vertex 21.364 -2.24545 9.5
      vertex 23.552 -2.47541 11.7
    endloop
  endfacet
  facet normal 0.701891 -0.0862015 -0.707049
    outer loop
      vertex 21.364 -2.24545 9.5
      vertex 23.5084 -2.8298 11.7
      vertex 21.2726 -2.98967 9.5
    endloop
  endfacet
  facet normal 0.701893 -0.0861458 -0.707054
    outer loop
      vertex 23.5084 -2.8298 11.7
      vertex 23.4512 -3.29585 11.7
      vertex 21.2726 -2.98967 9.5
    endloop
  endfacet
  facet normal 0.701868 -0.0862935 0.70706
    outer loop
      vertex 23.552 -2.47541 7.3
      vertex 21.364 -2.24545 9.5
      vertex 23.4947 -2.94146 7.3
    endloop
  endfacet
  facet normal 0.701889 -0.0862012 0.707051
    outer loop
      vertex 21.2726 -2.98967 9.5
      vertex 23.4947 -2.94146 7.3
      vertex 21.364 -2.24545 9.5
    endloop
  endfacet
  facet normal 0.701891 -0.0861545 0.707054
    outer loop
      vertex 23.4947 -2.94146 7.3
      vertex 21.2726 -2.98967 9.5
      vertex 23.4512 -3.29585 7.3
    endloop
  endfacet
  facet normal 0.698469 -0.110516 -0.707055
    outer loop
      vertex 23.3954 -3.64851 11.7
      vertex 21.2726 -2.98967 9.5
      vertex 23.4512 -3.29585 11.7
    endloop
  endfacet
  facet normal 0.698444 -0.110625 -0.707064
    outer loop
      vertex 21.2726 -2.98967 9.5
      vertex 23.3954 -3.64851 11.7
      vertex 21.1553 -3.73026 9.5
    endloop
  endfacet
  facet normal 0.69844 -0.110691 -0.707057
    outer loop
      vertex 23.3954 -3.64851 11.7
      vertex 23.3219 -4.11228 11.7
      vertex 21.1553 -3.73026 9.5
    endloop
  endfacet
  facet normal 0.698465 -0.110545 0.707055
    outer loop
      vertex 23.4512 -3.29585 7.3
      vertex 21.2726 -2.98967 9.5
      vertex 23.3778 -3.75962 7.3
    endloop
  endfacet
  facet normal 0.698444 -0.110625 0.707063
    outer loop
      vertex 21.1553 -3.73026 9.5
      vertex 23.3778 -3.75962 7.3
      vertex 21.2726 -2.98967 9.5
    endloop
  endfacet
  facet normal 0.698437 -0.110709 0.707057
    outer loop
      vertex 23.3778 -3.75962 7.3
      vertex 21.1553 -3.73026 9.5
      vertex 23.3219 -4.11228 7.3
    endloop
  endfacet
  facet normal 0.694175 -0.134874 -0.707057
    outer loop
      vertex 23.2538 -4.46278 11.7
      vertex 21.1553 -3.73026 9.5
      vertex 23.3219 -4.11228 11.7
    endloop
  endfacet
  facet normal 0.694177 -0.134869 -0.707056
    outer loop
      vertex 21.1553 -3.73026 9.5
      vertex 23.2538 -4.46278 11.7
      vertex 21.0123 -4.46629 9.5
    endloop
  endfacet
  facet normal 0.69417 -0.134942 -0.707049
    outer loop
      vertex 23.1642 -4.9237 11.7
      vertex 21.0123 -4.46629 9.5
      vertex 23.2538 -4.46278 11.7
    endloop
  endfacet
  facet normal 0.694164 -0.134938 0.707056
    outer loop
      vertex 23.3219 -4.11228 7.3
      vertex 21.1553 -3.73026 9.5
      vertex 23.2323 -4.57321 7.3
    endloop
  endfacet
  facet normal 0.694184 -0.13487 0.707049
    outer loop
      vertex 21.0123 -4.46629 9.5
      vertex 23.2323 -4.57321 7.3
      vertex 21.1553 -3.73026 9.5
    endloop
  endfacet
  facet normal 0.694183 -0.134879 0.707049
    outer loop
      vertex 23.2323 -4.57321 7.3
      vertex 21.0123 -4.46629 9.5
      vertex 23.1642 -4.9237 7.3
    endloop
  endfacet
  facet normal 0.689048 -0.159041 -0.70705
    outer loop
      vertex 23.0839 -5.2716 11.7
      vertex 21.0123 -4.46629 9.5
      vertex 23.1642 -4.9237 11.7
    endloop
  endfacet
  facet normal 0.689029 -0.159101 -0.707054
    outer loop
      vertex 21.0123 -4.46629 9.5
      vertex 23.0839 -5.2716 11.7
      vertex 20.8436 -5.19689 9.5
    endloop
  endfacet
  facet normal 0.689019 -0.159183 -0.707046
    outer loop
      vertex 23.0839 -5.2716 11.7
      vertex 22.9782 -5.72912 11.7
      vertex 20.8436 -5.19689 9.5
    endloop
  endfacet
  facet normal 0.689048 -0.159039 0.70705
    outer loop
      vertex 23.1642 -4.9237 7.3
      vertex 21.0123 -4.46629 9.5
      vertex 23.0586 -5.38122 7.3
    endloop
  endfacet
  facet normal 0.689028 -0.159101 0.707056
    outer loop
      vertex 20.8436 -5.19689 9.5
      vertex 23.0586 -5.38122 7.3
      vertex 21.0123 -4.46629 9.5
    endloop
  endfacet
  facet normal 0.689007 -0.15923 0.707046
    outer loop
      vertex 23.0586 -5.38122 7.3
      vertex 20.8436 -5.19689 9.5
      vertex 22.9782 -5.72912 7.3
    endloop
  endfacet
  facet normal 0.683078 -0.183005 -0.707045
    outer loop
      vertex 22.8858 -6.07401 11.7
      vertex 20.8436 -5.19689 9.5
      vertex 22.9782 -5.72912 11.7
    endloop
  endfacet
  facet normal 0.683061 -0.183056 -0.707049
    outer loop
      vertex 20.8436 -5.19689 9.5
      vertex 22.8858 -6.07401 11.7
      vertex 20.6495 -5.92116 9.5
    endloop
  endfacet
  facet normal 0.683072 -0.182986 -0.707056
    outer loop
      vertex 22.8858 -6.07401 11.7
      vertex 22.7643 -6.52756 11.7
      vertex 20.6495 -5.92116 9.5
    endloop
  endfacet
  facet normal 0.683083 -0.182989 0.707046
    outer loop
      vertex 22.9782 -5.72912 7.3
      vertex 20.8436 -5.19689 9.5
      vertex 22.8567 -6.18267 7.3
    endloop
  endfacet
  facet normal 0.683058 -0.183055 0.707052
    outer loop
      vertex 20.6495 -5.92116 9.5
      vertex 22.8567 -6.18267 7.3
      vertex 20.8436 -5.19689 9.5
    endloop
  endfacet
  facet normal 0.683068 -0.183002 0.707056
    outer loop
      vertex 22.8567 -6.18267 7.3
      vertex 20.6495 -5.92116 9.5
      vertex 22.7643 -6.52756 7.3
    endloop
  endfacet
  facet normal 0.676253 -0.206768 -0.707056
    outer loop
      vertex 22.6599 -6.86901 11.7
      vertex 20.6495 -5.92116 9.5
      vertex 22.7643 -6.52756 11.7
    endloop
  endfacet
  facet normal 0.676267 -0.206733 -0.707054
    outer loop
      vertex 20.6495 -5.92116 9.5
      vertex 22.6599 -6.86901 11.7
      vertex 20.4303 -6.63821 9.5
    endloop
  endfacet
  facet normal 0.676257 -0.206779 -0.707049
    outer loop
      vertex 22.5226 -7.31804 11.7
      vertex 20.4303 -6.63821 9.5
      vertex 22.6599 -6.86901 11.7
    endloop
  endfacet
  facet normal 0.67625 -0.206777 0.707056
    outer loop
      vertex 22.7643 -6.52756 7.3
      vertex 20.6495 -5.92116 9.5
      vertex 22.627 -6.97659 7.3
    endloop
  endfacet
  facet normal 0.676269 -0.206733 0.707052
    outer loop
      vertex 20.4303 -6.63821 9.5
      vertex 22.627 -6.97659 7.3
      vertex 20.6495 -5.92116 9.5
    endloop
  endfacet
  facet normal 0.67626 -0.20677 0.707049
    outer loop
      vertex 22.627 -6.97659 7.3
      vertex 20.4303 -6.63821 9.5
      vertex 22.5226 -7.31804 7.3
    endloop
  endfacet
  facet normal 0.668666 -0.230144 -0.70705
    outer loop
      vertex 22.4064 -7.65565 11.7
      vertex 20.4303 -6.63821 9.5
      vertex 22.5226 -7.31804 11.7
    endloop
  endfacet
  facet normal 0.668636 -0.230216 -0.707055
    outer loop
      vertex 20.4303 -6.63821 9.5
      vertex 22.4064 -7.65565 11.7
      vertex 20.1862 -7.34717 9.5
    endloop
  endfacet
  facet normal 0.668623 -0.230269 -0.70705
    outer loop
      vertex 22.2535 -8.09962 11.7
      vertex 20.1862 -7.34717 9.5
      vertex 22.4064 -7.65565 11.7
    endloop
  endfacet
  facet normal 0.66867 -0.230134 0.70705
    outer loop
      vertex 22.5226 -7.31804 7.3
      vertex 20.4303 -6.63821 9.5
      vertex 22.3698 -7.76201 7.3
    endloop
  endfacet
  facet normal 0.668633 -0.230215 0.707058
    outer loop
      vertex 20.1862 -7.34717 9.5
      vertex 22.3698 -7.76201 7.3
      vertex 20.4303 -6.63821 9.5
    endloop
  endfacet
  facet normal 0.668604 -0.230321 0.70705
    outer loop
      vertex 22.3698 -7.76201 7.3
      vertex 20.1862 -7.34717 9.5
      vertex 22.2535 -8.09962 7.3
    endloop
  endfacet
  facet normal 0.660229 -0.253332 -0.707051
    outer loop
      vertex 22.1256 -8.43295 11.7
      vertex 20.1862 -7.34717 9.5
      vertex 22.2535 -8.09962 11.7
    endloop
  endfacet
  facet normal 0.66019 -0.253415 -0.707057
    outer loop
      vertex 20.1862 -7.34717 9.5
      vertex 22.1256 -8.43295 11.7
      vertex 19.9175 -8.04718 9.5
    endloop
  endfacet
  facet normal 0.660179 -0.253457 -0.707053
    outer loop
      vertex 21.9573 -8.87132 11.7
      vertex 19.9175 -8.04718 9.5
      vertex 22.1256 -8.43295 11.7
    endloop
  endfacet
  facet normal 0.66018 -0.253464 0.707049
    outer loop
      vertex 22.2535 -8.09962 7.3
      vertex 20.1862 -7.34717 9.5
      vertex 22.0852 -8.53798 7.3
    endloop
  endfacet
  facet normal 0.660202 -0.25342 0.707045
    outer loop
      vertex 19.9175 -8.04718 9.5
      vertex 22.0852 -8.53798 7.3
      vertex 20.1862 -7.34717 9.5
    endloop
  endfacet
  facet normal 0.66023 -0.253325 0.707052
    outer loop
      vertex 22.0852 -8.53798 7.3
      vertex 19.9175 -8.04718 9.5
      vertex 21.9573 -8.87132 7.3
    endloop
  endfacet
  facet normal 0.650954 -0.276289 -0.707053
    outer loop
      vertex 21.8178 -9.19999 11.7
      vertex 19.9175 -8.04718 9.5
      vertex 21.9573 -8.87132 11.7
    endloop
  endfacet
  facet normal 0.650934 -0.276327 -0.707056
    outer loop
      vertex 19.9175 -8.04718 9.5
      vertex 21.8178 -9.19999 11.7
      vertex 19.6245 -8.73739 9.5
    endloop
  endfacet
  facet normal 0.650926 -0.276352 -0.707053
    outer loop
      vertex 21.6343 -9.63221 11.7
      vertex 19.6245 -8.73739 9.5
      vertex 21.8178 -9.19999 11.7
    endloop
  endfacet
  facet normal 0.650927 -0.276353 0.707052
    outer loop
      vertex 21.9573 -8.87132 7.3
      vertex 19.9175 -8.04718 9.5
      vertex 21.7738 -9.30354 7.3
    endloop
  endfacet
  facet normal 0.65094 -0.27633 0.70705
    outer loop
      vertex 19.6245 -8.73739 9.5
      vertex 21.7738 -9.30354 7.3
      vertex 19.9175 -8.04718 9.5
    endloop
  endfacet
  facet normal 0.650954 -0.276289 0.707053
    outer loop
      vertex 21.7738 -9.30354 7.3
      vertex 19.6245 -8.73739 9.5
      vertex 21.6343 -9.63221 7.3
    endloop
  endfacet
  facet normal 0.640903 -0.298864 -0.707053
    outer loop
      vertex 21.4834 -9.95581 11.7
      vertex 19.6245 -8.73739 9.5
      vertex 21.6343 -9.63221 11.7
    endloop
  endfacet
  facet normal 0.640899 -0.298871 -0.707053
    outer loop
      vertex 19.6245 -8.73739 9.5
      vertex 21.4834 -9.95581 11.7
      vertex 19.3076 -9.41695 9.5
    endloop
  endfacet
  facet normal 0.640929 -0.298786 -0.707062
    outer loop
      vertex 21.285 -10.3814 11.7
      vertex 19.3076 -9.41695 9.5
      vertex 21.4834 -9.95581 11.7
    endloop
  endfacet
  facet normal 0.640937 -0.29879 0.707054
    outer loop
      vertex 21.6343 -9.63221 7.3
      vertex 19.6245 -8.73739 9.5
      vertex 21.4359 -10.0578 7.3
    endloop
  endfacet
  facet normal 0.640891 -0.298867 0.707062
    outer loop
      vertex 19.3076 -9.41695 9.5
      vertex 21.4359 -10.0578 7.3
      vertex 19.6245 -8.73739 9.5
    endloop
  endfacet
  facet normal 0.640894 -0.298859 0.707063
    outer loop
      vertex 21.4359 -10.0578 7.3
      vertex 19.3076 -9.41695 9.5
      vertex 21.285 -10.3814 7.3
    endloop
  endfacet
  facet normal 0.63006 -0.321071 -0.707063
    outer loop
      vertex 21.1229 -10.6995 11.7
      vertex 19.3076 -9.41695 9.5
      vertex 21.285 -10.3814 11.7
    endloop
  endfacet
  facet normal 0.630073 -0.321049 -0.707061
    outer loop
      vertex 19.3076 -9.41695 9.5
      vertex 21.1229 -10.6995 11.7
      vertex 18.9672 -10.085 9.5
    endloop
  endfacet
  facet normal 0.63007 -0.321058 -0.70706
    outer loop
      vertex 20.9097 -11.1179 11.7
      vertex 18.9672 -10.085 9.5
      vertex 21.1229 -10.6995 11.7
    endloop
  endfacet
  facet normal 0.630037 -0.321118 0.707062
    outer loop
      vertex 21.285 -10.3814 7.3
      vertex 19.3076 -9.41695 9.5
      vertex 21.0718 -10.7997 7.3
    endloop
  endfacet
  facet normal 0.630079 -0.321052 0.707055
    outer loop
      vertex 18.9672 -10.085 9.5
      vertex 21.0718 -10.7997 7.3
      vertex 19.3076 -9.41695 9.5
    endloop
  endfacet
  facet normal 0.630104 -0.320993 0.707059
    outer loop
      vertex 21.0718 -10.7997 7.3
      vertex 18.9672 -10.085 9.5
      vertex 20.9097 -11.1179 7.3
    endloop
  endfacet
  facet normal 0.618499 -0.342819 -0.70706
    outer loop
      vertex 20.7366 -11.4302 11.7
      vertex 18.9672 -10.085 9.5
      vertex 20.9097 -11.1179 11.7
    endloop
  endfacet
  facet normal 0.618496 -0.342823 -0.707061
    outer loop
      vertex 18.9672 -10.085 9.5
      vertex 20.7366 -11.4302 11.7
      vertex 18.6037 -10.7408 9.5
    endloop
  endfacet
  facet normal 0.618438 -0.342958 -0.707046
    outer loop
      vertex 20.7366 -11.4302 11.7
      vertex 20.5089 -11.8408 11.7
      vertex 18.6037 -10.7408 9.5
    endloop
  endfacet
  facet normal 0.618462 -0.342887 0.707059
    outer loop
      vertex 20.9097 -11.1179 7.3
      vertex 18.9672 -10.085 9.5
      vertex 20.682 -11.5286 7.3
    endloop
  endfacet
  facet normal 0.618504 -0.342827 0.707052
    outer loop
      vertex 18.6037 -10.7408 9.5
      vertex 20.682 -11.5286 7.3
      vertex 18.9672 -10.085 9.5
    endloop
  endfacet
  facet normal 0.618465 -0.34291 0.707046
    outer loop
      vertex 20.682 -11.5286 7.3
      vertex 18.6037 -10.7408 9.5
      vertex 20.5089 -11.8408 7.3
    endloop
  endfacet
  facet normal 0.606268 -0.364038 -0.707047
    outer loop
      vertex 20.3251 -12.1469 11.7
      vertex 18.6037 -10.7408 9.5
      vertex 20.5089 -11.8408 11.7
    endloop
  endfacet
  facet normal 0.606162 -0.364188 -0.70706
    outer loop
      vertex 18.6037 -10.7408 9.5
      vertex 20.3251 -12.1469 11.7
      vertex 18.2175 -11.3836 9.5
    endloop
  endfacet
  facet normal 0.606121 -0.364275 -0.707051
    outer loop
      vertex 20.0832 -12.5494 11.7
      vertex 18.2175 -11.3836 9.5
      vertex 20.3251 -12.1469 11.7
    endloop
  endfacet
  facet normal 0.606192 -0.364167 0.707046
    outer loop
      vertex 20.5089 -11.8408 7.3
      vertex 18.6037 -10.7408 9.5
      vertex 20.2671 -12.2433 7.3
    endloop
  endfacet
  facet normal 0.606172 -0.364194 0.707049
    outer loop
      vertex 18.2175 -11.3836 9.5
      vertex 20.2671 -12.2433 7.3
      vertex 18.6037 -10.7408 9.5
    endloop
  endfacet
  facet normal 0.606178 -0.364182 0.70705
    outer loop
      vertex 20.2671 -12.2433 7.3
      vertex 18.2175 -11.3836 9.5
      vertex 20.0832 -12.5494 7.3
    endloop
  endfacet
  facet normal 0.593017 -0.385243 -0.707049
    outer loop
      vertex 19.8887 -12.8488 11.7
      vertex 18.2175 -11.3836 9.5
      vertex 20.0832 -12.5494 11.7
    endloop
  endfacet
  facet normal 0.59306 -0.385187 -0.707044
    outer loop
      vertex 18.2175 -11.3836 9.5
      vertex 19.8887 -12.8488 11.7
      vertex 17.8091 -12.0124 9.5
    endloop
  endfacet
  facet normal 0.5931 -0.385109 -0.707053
    outer loop
      vertex 19.633 -13.2426 11.7
      vertex 17.8091 -12.0124 9.5
      vertex 19.8887 -12.8488 11.7
    endloop
  endfacet
  facet normal 0.593102 -0.38511 0.707051
    outer loop
      vertex 20.0832 -12.5494 7.3
      vertex 18.2175 -11.3836 9.5
      vertex 19.8275 -12.9432 7.3
    endloop
  endfacet
  facet normal 0.593047 -0.385179 0.707059
    outer loop
      vertex 17.8091 -12.0124 9.5
      vertex 19.8275 -12.9432 7.3
      vertex 18.2175 -11.3836 9.5
    endloop
  endfacet
  facet normal 0.593013 -0.38524 0.707054
    outer loop
      vertex 19.8275 -12.9432 7.3
      vertex 17.8091 -12.0124 9.5
      vertex 19.633 -13.2426 7.3
    endloop
  endfacet
  facet normal 0.579282 -0.405596 -0.707053
    outer loop
      vertex 19.4282 -13.5351 11.7
      vertex 17.8091 -12.0124 9.5
      vertex 19.633 -13.2426 11.7
    endloop
  endfacet
  facet normal 0.579304 -0.405569 -0.707051
    outer loop
      vertex 17.8091 -12.0124 9.5
      vertex 19.4282 -13.5351 11.7
      vertex 17.3791 -12.6266 9.5
    endloop
  endfacet
  facet normal 0.579278 -0.405615 -0.707045
    outer loop
      vertex 19.1589 -13.9197 11.7
      vertex 17.3791 -12.6266 9.5
      vertex 19.4282 -13.5351 11.7
    endloop
  endfacet
  facet normal 0.579321 -0.40554 0.707054
    outer loop
      vertex 19.633 -13.2426 7.3
      vertex 17.8091 -12.0124 9.5
      vertex 19.3637 -13.6273 7.3
    endloop
  endfacet
  facet normal 0.579299 -0.405566 0.707057
    outer loop
      vertex 17.3791 -12.6266 9.5
      vertex 19.3637 -13.6273 7.3
      vertex 17.8091 -12.0124 9.5
    endloop
  endfacet
  facet normal 0.579222 -0.405693 0.707046
    outer loop
      vertex 19.3637 -13.6273 7.3
      vertex 17.3791 -12.6266 9.5
      vertex 19.1589 -13.9197 7.3
    endloop
  endfacet
  facet normal 0.564782 -0.425567 -0.707046
    outer loop
      vertex 18.944 -14.2049 11.7
      vertex 17.3791 -12.6266 9.5
      vertex 19.1589 -13.9197 11.7
    endloop
  endfacet
  facet normal 0.564732 -0.425624 -0.707051
    outer loop
      vertex 17.3791 -12.6266 9.5
      vertex 18.944 -14.2049 11.7
      vertex 16.9278 -13.2254 9.5
    endloop
  endfacet
  facet normal 0.56475 -0.425596 -0.707054
    outer loop
      vertex 18.6614 -14.5799 11.7
      vertex 16.9278 -13.2254 9.5
      vertex 18.944 -14.2049 11.7
    endloop
  endfacet
  facet normal 0.564757 -0.425601 0.707045
    outer loop
      vertex 19.1589 -13.9197 7.3
      vertex 17.3791 -12.6266 9.5
      vertex 18.8763 -14.2947 7.3
    endloop
  endfacet
  facet normal 0.564735 -0.425626 0.707049
    outer loop
      vertex 16.9278 -13.2254 9.5
      vertex 18.8763 -14.2947 7.3
      vertex 17.3791 -12.6266 9.5
    endloop
  endfacet
  facet normal 0.564776 -0.425562 0.707054
    outer loop
      vertex 18.8763 -14.2947 7.3
      vertex 16.9278 -13.2254 9.5
      vertex 18.6614 -14.5799 7.3
    endloop
  endfacet
  facet normal 0.54958 -0.445011 -0.707055
    outer loop
      vertex 18.4367 -14.8574 11.7
      vertex 16.9278 -13.2254 9.5
      vertex 18.6614 -14.5799 11.7
    endloop
  endfacet
  facet normal 0.549586 -0.445006 -0.707054
    outer loop
      vertex 16.9278 -13.2254 9.5
      vertex 18.4367 -14.8574 11.7
      vertex 16.4559 -13.8082 9.5
    endloop
  endfacet
  facet normal 0.549562 -0.445041 -0.70705
    outer loop
      vertex 18.1412 -15.2223 11.7
      vertex 16.4559 -13.8082 9.5
      vertex 18.4367 -14.8574 11.7
    endloop
  endfacet
  facet normal 0.549559 -0.445039 0.707054
    outer loop
      vertex 18.6614 -14.5799 7.3
      vertex 16.9278 -13.2254 9.5
      vertex 18.3659 -14.9448 7.3
    endloop
  endfacet
  facet normal 0.549589 -0.445008 0.70705
    outer loop
      vertex 16.4559 -13.8082 9.5
      vertex 18.3659 -14.9448 7.3
      vertex 16.9278 -13.2254 9.5
    endloop
  endfacet
  facet normal 0.549584 -0.445015 0.70705
    outer loop
      vertex 18.3659 -14.9448 7.3
      vertex 16.4559 -13.8082 9.5
      vertex 18.1412 -15.2223 7.3
    endloop
  endfacet
  facet normal 0.533774 -0.463858 -0.707051
    outer loop
      vertex 17.907 -15.4918 11.7
      vertex 16.4559 -13.8082 9.5
      vertex 18.1412 -15.2223 11.7
    endloop
  endfacet
  facet normal 0.533711 -0.463921 -0.707057
    outer loop
      vertex 16.4559 -13.8082 9.5
      vertex 17.907 -15.4918 11.7
      vertex 15.964 -14.3741 9.5
    endloop
  endfacet
  facet normal 0.533625 -0.464042 -0.707043
    outer loop
      vertex 17.5989 -15.8461 11.7
      vertex 15.964 -14.3741 9.5
      vertex 17.907 -15.4918 11.7
    endloop
  endfacet
  facet normal 0.533759 -0.463876 0.70705
    outer loop
      vertex 18.1412 -15.2223 7.3
      vertex 16.4559 -13.8082 9.5
      vertex 17.8332 -15.5767 7.3
    endloop
  endfacet
  facet normal 0.533712 -0.463921 0.707057
    outer loop
      vertex 15.964 -14.3741 9.5
      vertex 17.8332 -15.5767 7.3
      vertex 16.4559 -13.8082 9.5
    endloop
  endfacet
  facet normal 0.533596 -0.464074 0.707043
    outer loop
      vertex 17.8332 -15.5767 7.3
      vertex 15.964 -14.3741 9.5
      vertex 17.5989 -15.8461 7.3
    endloop
  endfacet
  facet normal 0.517265 -0.482213 -0.707042
    outer loop
      vertex 17.3554 -16.1073 11.7
      vertex 15.964 -14.3741 9.5
      vertex 17.5989 -15.8461 11.7
    endloop
  endfacet
  facet normal 0.517135 -0.482333 -0.707055
    outer loop
      vertex 15.964 -14.3741 9.5
      vertex 17.3554 -16.1073 11.7
      vertex 15.4526 -14.9224 9.5
    endloop
  endfacet
  facet normal 0.517195 -0.482254 -0.707064
    outer loop
      vertex 17.0352 -16.4507 11.7
      vertex 15.4526 -14.9224 9.5
      vertex 17.3554 -16.1073 11.7
    endloop
  endfacet
  facet normal 0.517282 -0.482194 0.707042
    outer loop
      vertex 17.5989 -15.8461 7.3
      vertex 15.964 -14.3741 9.5
      vertex 17.2787 -16.1896 7.3
    endloop
  endfacet
  facet normal 0.51713 -0.482328 0.707062
    outer loop
      vertex 15.4526 -14.9224 9.5
      vertex 17.2787 -16.1896 7.3
      vertex 15.964 -14.3741 9.5
    endloop
  endfacet
  facet normal 0.517156 -0.482296 0.707065
    outer loop
      vertex 17.2787 -16.1896 7.3
      vertex 15.4526 -14.9224 9.5
      vertex 17.0352 -16.4507 7.3
    endloop
  endfacet
  facet normal 0.50003 -0.50003 -0.707065
    outer loop
      vertex 16.4507 -17.0352 11.7
      vertex 15.4526 -14.9224 9.5
      vertex 17.0352 -16.4507 11.7
    endloop
  endfacet
  facet normal 0.50003 -0.50003 -0.707065
    outer loop
      vertex 15.4526 -14.9224 9.5
      vertex 16.4507 -17.0352 11.7
      vertex 14.9224 -15.4526 9.5
    endloop
  endfacet
  facet normal 0.50003 -0.50003 0.707065
    outer loop
      vertex 15.4526 -14.9224 9.5
      vertex 16.4507 -17.0352 7.3
      vertex 17.0352 -16.4507 7.3
    endloop
  endfacet
  facet normal 0.50003 -0.50003 0.707065
    outer loop
      vertex 16.4507 -17.0352 7.3
      vertex 15.4526 -14.9224 9.5
      vertex 14.9224 -15.4526 9.5
    endloop
  endfacet
  facet normal 0.482296 -0.517156 -0.707065
    outer loop
      vertex 16.1896 -17.2787 11.7
      vertex 14.9224 -15.4526 9.5
      vertex 16.4507 -17.0352 11.7
    endloop
  endfacet
  facet normal 0.482328 -0.51713 -0.707062
    outer loop
      vertex 14.9224 -15.4526 9.5
      vertex 16.1896 -17.2787 11.7
      vertex 14.3741 -15.964 9.5
    endloop
  endfacet
  facet normal 0.482194 -0.517282 -0.707042
    outer loop
      vertex 15.8461 -17.5989 11.7
      vertex 14.3741 -15.964 9.5
      vertex 16.1896 -17.2787 11.7
    endloop
  endfacet
  facet normal 0.482254 -0.517195 0.707064
    outer loop
      vertex 16.4507 -17.0352 7.3
      vertex 14.9224 -15.4526 9.5
      vertex 16.1073 -17.3554 7.3
    endloop
  endfacet
  facet normal 0.482333 -0.517135 0.707055
    outer loop
      vertex 14.3741 -15.964 9.5
      vertex 16.1073 -17.3554 7.3
      vertex 14.9224 -15.4526 9.5
    endloop
  endfacet
  facet normal 0.482213 -0.517265 0.707042
    outer loop
      vertex 16.1073 -17.3554 7.3
      vertex 14.3741 -15.964 9.5
      vertex 15.8461 -17.5989 7.3
    endloop
  endfacet
  facet normal 0.464074 -0.533596 -0.707043
    outer loop
      vertex 15.5767 -17.8332 11.7
      vertex 14.3741 -15.964 9.5
      vertex 15.8461 -17.5989 11.7
    endloop
  endfacet
  facet normal 0.463921 -0.533712 -0.707057
    outer loop
      vertex 14.3741 -15.964 9.5
      vertex 15.5767 -17.8332 11.7
      vertex 13.8082 -16.4559 9.5
    endloop
  endfacet
  facet normal 0.463876 -0.533759 -0.70705
    outer loop
      vertex 15.2223 -18.1412 11.7
      vertex 13.8082 -16.4559 9.5
      vertex 15.5767 -17.8332 11.7
    endloop
  endfacet
  facet normal 0.464042 -0.533625 0.707043
    outer loop
      vertex 15.8461 -17.5989 7.3
      vertex 14.3741 -15.964 9.5
      vertex 15.4918 -17.907 7.3
    endloop
  endfacet
  facet normal 0.463921 -0.533711 0.707057
    outer loop
      vertex 13.8082 -16.4559 9.5
      vertex 15.4918 -17.907 7.3
      vertex 14.3741 -15.964 9.5
    endloop
  endfacet
  facet normal 0.463858 -0.533774 0.707051
    outer loop
      vertex 15.4918 -17.907 7.3
      vertex 13.8082 -16.4559 9.5
      vertex 15.2223 -18.1412 7.3
    endloop
  endfacet
  facet normal 0.445015 -0.549584 -0.70705
    outer loop
      vertex 14.9448 -18.3659 11.7
      vertex 13.8082 -16.4559 9.5
      vertex 15.2223 -18.1412 11.7
    endloop
  endfacet
  facet normal 0.445008 -0.549589 -0.70705
    outer loop
      vertex 13.8082 -16.4559 9.5
      vertex 14.9448 -18.3659 11.7
      vertex 13.2254 -16.9278 9.5
    endloop
  endfacet
  facet normal 0.445039 -0.549559 -0.707054
    outer loop
      vertex 14.5799 -18.6614 11.7
      vertex 13.2254 -16.9278 9.5
      vertex 14.9448 -18.3659 11.7
    endloop
  endfacet
  facet normal 0.445041 -0.549562 0.70705
    outer loop
      vertex 15.2223 -18.1412 7.3
      vertex 13.8082 -16.4559 9.5
      vertex 14.8574 -18.4367 7.3
    endloop
  endfacet
  facet normal 0.445006 -0.549586 0.707054
    outer loop
      vertex 13.2254 -16.9278 9.5
      vertex 14.8574 -18.4367 7.3
      vertex 13.8082 -16.4559 9.5
    endloop
  endfacet
  facet normal 0.445011 -0.54958 0.707055
    outer loop
      vertex 14.8574 -18.4367 7.3
      vertex 13.2254 -16.9278 9.5
      vertex 14.5799 -18.6614 7.3
    endloop
  endfacet
  facet normal 0.425562 -0.564776 -0.707054
    outer loop
      vertex 14.2947 -18.8763 11.7
      vertex 13.2254 -16.9278 9.5
      vertex 14.5799 -18.6614 11.7
    endloop
  endfacet
  facet normal 0.425626 -0.564735 -0.707049
    outer loop
      vertex 13.2254 -16.9278 9.5
      vertex 14.2947 -18.8763 11.7
      vertex 12.6266 -17.3791 9.5
    endloop
  endfacet
  facet normal 0.425601 -0.564757 -0.707045
    outer loop
      vertex 13.9197 -19.1589 11.7
      vertex 12.6266 -17.3791 9.5
      vertex 14.2947 -18.8763 11.7
    endloop
  endfacet
  facet normal 0.425596 -0.56475 0.707054
    outer loop
      vertex 14.5799 -18.6614 7.3
      vertex 13.2254 -16.9278 9.5
      vertex 14.2049 -18.944 7.3
    endloop
  endfacet
  facet normal 0.425624 -0.564732 0.707051
    outer loop
      vertex 12.6266 -17.3791 9.5
      vertex 14.2049 -18.944 7.3
      vertex 13.2254 -16.9278 9.5
    endloop
  endfacet
  facet normal 0.425567 -0.564782 0.707046
    outer loop
      vertex 14.2049 -18.944 7.3
      vertex 12.6266 -17.3791 9.5
      vertex 13.9197 -19.1589 7.3
    endloop
  endfacet
  facet normal 0.405693 -0.579222 -0.707046
    outer loop
      vertex 13.6273 -19.3637 11.7
      vertex 12.6266 -17.3791 9.5
      vertex 13.9197 -19.1589 11.7
    endloop
  endfacet
  facet normal 0.405566 -0.579299 -0.707057
    outer loop
      vertex 12.6266 -17.3791 9.5
      vertex 13.6273 -19.3637 11.7
      vertex 12.0124 -17.8091 9.5
    endloop
  endfacet
  facet normal 0.40554 -0.579321 -0.707054
    outer loop
      vertex 13.2426 -19.633 11.7
      vertex 12.0124 -17.8091 9.5
      vertex 13.6273 -19.3637 11.7
    endloop
  endfacet
  facet normal 0.405615 -0.579278 0.707045
    outer loop
      vertex 13.9197 -19.1589 7.3
      vertex 12.6266 -17.3791 9.5
      vertex 13.5351 -19.4282 7.3
    endloop
  endfacet
  facet normal 0.405569 -0.579304 0.707051
    outer loop
      vertex 12.0124 -17.8091 9.5
      vertex 13.5351 -19.4282 7.3
      vertex 12.6266 -17.3791 9.5
    endloop
  endfacet
  facet normal 0.405596 -0.579282 0.707053
    outer loop
      vertex 13.5351 -19.4282 7.3
      vertex 12.0124 -17.8091 9.5
      vertex 13.2426 -19.633 7.3
    endloop
  endfacet
  facet normal 0.38524 -0.593013 -0.707054
    outer loop
      vertex 12.9432 -19.8275 11.7
      vertex 12.0124 -17.8091 9.5
      vertex 13.2426 -19.633 11.7
    endloop
  endfacet
  facet normal 0.385179 -0.593047 -0.707059
    outer loop
      vertex 12.0124 -17.8091 9.5
      vertex 12.9432 -19.8275 11.7
      vertex 11.3836 -18.2175 9.5
    endloop
  endfacet
  facet normal 0.38511 -0.593102 -0.707051
    outer loop
      vertex 12.5494 -20.0832 11.7
      vertex 11.3836 -18.2175 9.5
      vertex 12.9432 -19.8275 11.7
    endloop
  endfacet
  facet normal 0.385109 -0.5931 0.707053
    outer loop
      vertex 13.2426 -19.633 7.3
      vertex 12.0124 -17.8091 9.5
      vertex 12.8488 -19.8887 7.3
    endloop
  endfacet
  facet normal 0.385187 -0.59306 0.707044
    outer loop
      vertex 11.3836 -18.2175 9.5
      vertex 12.8488 -19.8887 7.3
      vertex 12.0124 -17.8091 9.5
    endloop
  endfacet
  facet normal 0.385243 -0.593017 0.707049
    outer loop
      vertex 12.8488 -19.8887 7.3
      vertex 11.3836 -18.2175 9.5
      vertex 12.5494 -20.0832 7.3
    endloop
  endfacet
  facet normal 0.364182 -0.606178 -0.70705
    outer loop
      vertex 12.2433 -20.2671 11.7
      vertex 11.3836 -18.2175 9.5
      vertex 12.5494 -20.0832 11.7
    endloop
  endfacet
  facet normal 0.364194 -0.606172 -0.707049
    outer loop
      vertex 11.3836 -18.2175 9.5
      vertex 12.2433 -20.2671 11.7
      vertex 10.7408 -18.6037 9.5
    endloop
  endfacet
  facet normal 0.364167 -0.606192 -0.707046
    outer loop
      vertex 11.8408 -20.5089 11.7
      vertex 10.7408 -18.6037 9.5
      vertex 12.2433 -20.2671 11.7
    endloop
  endfacet
  facet normal 0.364275 -0.606121 0.707051
    outer loop
      vertex 12.5494 -20.0832 7.3
      vertex 11.3836 -18.2175 9.5
      vertex 12.1469 -20.3251 7.3
    endloop
  endfacet
  facet normal 0.364188 -0.606162 0.70706
    outer loop
      vertex 10.7408 -18.6037 9.5
      vertex 12.1469 -20.3251 7.3
      vertex 11.3836 -18.2175 9.5
    endloop
  endfacet
  facet normal 0.364038 -0.606268 0.707047
    outer loop
      vertex 12.1469 -20.3251 7.3
      vertex 10.7408 -18.6037 9.5
      vertex 11.8408 -20.5089 7.3
    endloop
  endfacet
  facet normal 0.34291 -0.618465 -0.707046
    outer loop
      vertex 11.5286 -20.682 11.7
      vertex 10.7408 -18.6037 9.5
      vertex 11.8408 -20.5089 11.7
    endloop
  endfacet
  facet normal 0.342827 -0.618504 -0.707052
    outer loop
      vertex 10.7408 -18.6037 9.5
      vertex 11.5286 -20.682 11.7
      vertex 10.085 -18.9672 9.5
    endloop
  endfacet
  facet normal 0.342887 -0.618462 -0.707059
    outer loop
      vertex 11.1179 -20.9097 11.7
      vertex 10.085 -18.9672 9.5
      vertex 11.5286 -20.682 11.7
    endloop
  endfacet
  facet normal 0.342958 -0.618438 0.707046
    outer loop
      vertex 11.8408 -20.5089 7.3
      vertex 10.7408 -18.6037 9.5
      vertex 11.4302 -20.7366 7.3
    endloop
  endfacet
  facet normal 0.342823 -0.618496 0.707061
    outer loop
      vertex 10.085 -18.9672 9.5
      vertex 11.4302 -20.7366 7.3
      vertex 10.7408 -18.6037 9.5
    endloop
  endfacet
  facet normal 0.342819 -0.618499 0.70706
    outer loop
      vertex 11.4302 -20.7366 7.3
      vertex 10.085 -18.9672 9.5
      vertex 11.1179 -20.9097 7.3
    endloop
  endfacet
  facet normal 0.320993 -0.630104 -0.707059
    outer loop
      vertex 10.7997 -21.0718 11.7
      vertex 10.085 -18.9672 9.5
      vertex 11.1179 -20.9097 11.7
    endloop
  endfacet
  facet normal 0.321052 -0.630079 -0.707055
    outer loop
      vertex 10.085 -18.9672 9.5
      vertex 10.7997 -21.0718 11.7
      vertex 9.41695 -19.3076 9.5
    endloop
  endfacet
  facet normal 0.321118 -0.630037 -0.707062
    outer loop
      vertex 10.3814 -21.285 11.7
      vertex 9.41695 -19.3076 9.5
      vertex 10.7997 -21.0718 11.7
    endloop
  endfacet
  facet normal 0.321058 -0.63007 0.70706
    outer loop
      vertex 11.1179 -20.9097 7.3
      vertex 10.085 -18.9672 9.5
      vertex 10.6995 -21.1229 7.3
    endloop
  endfacet
  facet normal 0.321049 -0.630073 0.707061
    outer loop
      vertex 9.41695 -19.3076 9.5
      vertex 10.6995 -21.1229 7.3
      vertex 10.085 -18.9672 9.5
    endloop
  endfacet
  facet normal 0.321071 -0.63006 0.707063
    outer loop
      vertex 10.6995 -21.1229 7.3
      vertex 9.41695 -19.3076 9.5
      vertex 10.3814 -21.285 7.3
    endloop
  endfacet
  facet normal 0.298859 -0.640894 -0.707063
    outer loop
      vertex 10.0578 -21.4359 11.7
      vertex 9.41695 -19.3076 9.5
      vertex 10.3814 -21.285 11.7
    endloop
  endfacet
  facet normal 0.298867 -0.640891 -0.707062
    outer loop
      vertex 9.41695 -19.3076 9.5
      vertex 10.0578 -21.4359 11.7
      vertex 8.73739 -19.6245 9.5
    endloop
  endfacet
  facet normal 0.29879 -0.640937 -0.707054
    outer loop
      vertex 9.63221 -21.6343 11.7
      vertex 8.73739 -19.6245 9.5
      vertex 10.0578 -21.4359 11.7
    endloop
  endfacet
  facet normal 0.298786 -0.640929 0.707062
    outer loop
      vertex 10.3814 -21.285 7.3
      vertex 9.41695 -19.3076 9.5
      vertex 9.95581 -21.4834 7.3
    endloop
  endfacet
  facet normal 0.298871 -0.640899 0.707053
    outer loop
      vertex 8.73739 -19.6245 9.5
      vertex 9.95581 -21.4834 7.3
      vertex 9.41695 -19.3076 9.5
    endloop
  endfacet
  facet normal 0.298864 -0.640903 0.707053
    outer loop
      vertex 9.95581 -21.4834 7.3
      vertex 8.73739 -19.6245 9.5
      vertex 9.63221 -21.6343 7.3
    endloop
  endfacet
  facet normal 0.276289 -0.650954 -0.707053
    outer loop
      vertex 9.30354 -21.7738 11.7
      vertex 8.73739 -19.6245 9.5
      vertex 9.63221 -21.6343 11.7
    endloop
  endfacet
  facet normal 0.27633 -0.65094 -0.70705
    outer loop
      vertex 8.73739 -19.6245 9.5
      vertex 9.30354 -21.7738 11.7
      vertex 8.04718 -19.9175 9.5
    endloop
  endfacet
  facet normal 0.276353 -0.650927 -0.707052
    outer loop
      vertex 8.87132 -21.9573 11.7
      vertex 8.04718 -19.9175 9.5
      vertex 9.30354 -21.7738 11.7
    endloop
  endfacet
  facet normal 0.276352 -0.650926 0.707053
    outer loop
      vertex 9.63221 -21.6343 7.3
      vertex 8.73739 -19.6245 9.5
      vertex 9.19999 -21.8178 7.3
    endloop
  endfacet
  facet normal 0.276327 -0.650934 0.707056
    outer loop
      vertex 8.04718 -19.9175 9.5
      vertex 9.19999 -21.8178 7.3
      vertex 8.73739 -19.6245 9.5
    endloop
  endfacet
  facet normal 0.276289 -0.650954 0.707053
    outer loop
      vertex 9.19999 -21.8178 7.3
      vertex 8.04718 -19.9175 9.5
      vertex 8.87132 -21.9573 7.3
    endloop
  endfacet
  facet normal 0.253325 -0.66023 -0.707052
    outer loop
      vertex 8.53798 -22.0852 11.7
      vertex 8.04718 -19.9175 9.5
      vertex 8.87132 -21.9573 11.7
    endloop
  endfacet
  facet normal 0.25342 -0.660202 -0.707045
    outer loop
      vertex 8.04718 -19.9175 9.5
      vertex 8.53798 -22.0852 11.7
      vertex 7.34717 -20.1862 9.5
    endloop
  endfacet
  facet normal 0.253464 -0.66018 -0.707049
    outer loop
      vertex 8.53798 -22.0852 11.7
      vertex 8.09962 -22.2535 11.7
      vertex 7.34717 -20.1862 9.5
    endloop
  endfacet
  facet normal 0.253457 -0.660179 0.707053
    outer loop
      vertex 8.87132 -21.9573 7.3
      vertex 8.04718 -19.9175 9.5
      vertex 8.43295 -22.1256 7.3
    endloop
  endfacet
  facet normal 0.253415 -0.66019 0.707057
    outer loop
      vertex 7.34717 -20.1862 9.5
      vertex 8.43295 -22.1256 7.3
      vertex 8.04718 -19.9175 9.5
    endloop
  endfacet
  facet normal 0.253332 -0.660229 0.707051
    outer loop
      vertex 8.43295 -22.1256 7.3
      vertex 7.34717 -20.1862 9.5
      vertex 8.09962 -22.2535 7.3
    endloop
  endfacet
  facet normal 0.230321 -0.668604 -0.70705
    outer loop
      vertex 7.76201 -22.3698 11.7
      vertex 7.34717 -20.1862 9.5
      vertex 8.09962 -22.2535 11.7
    endloop
  endfacet
  facet normal 0.230215 -0.668633 -0.707058
    outer loop
      vertex 7.34717 -20.1862 9.5
      vertex 7.76201 -22.3698 11.7
      vertex 6.63821 -20.4303 9.5
    endloop
  endfacet
  facet normal 0.230134 -0.66867 -0.70705
    outer loop
      vertex 7.31804 -22.5226 11.7
      vertex 6.63821 -20.4303 9.5
      vertex 7.76201 -22.3698 11.7
    endloop
  endfacet
  facet normal 0.230269 -0.668623 0.70705
    outer loop
      vertex 8.09962 -22.2535 7.3
      vertex 7.34717 -20.1862 9.5
      vertex 7.65565 -22.4064 7.3
    endloop
  endfacet
  facet normal 0.230216 -0.668636 0.707055
    outer loop
      vertex 6.63821 -20.4303 9.5
      vertex 7.65565 -22.4064 7.3
      vertex 7.34717 -20.1862 9.5
    endloop
  endfacet
  facet normal 0.230144 -0.668666 0.70705
    outer loop
      vertex 7.65565 -22.4064 7.3
      vertex 6.63821 -20.4303 9.5
      vertex 7.31804 -22.5226 7.3
    endloop
  endfacet
  facet normal 0.20677 -0.67626 -0.707049
    outer loop
      vertex 6.97659 -22.627 11.7
      vertex 6.63821 -20.4303 9.5
      vertex 7.31804 -22.5226 11.7
    endloop
  endfacet
  facet normal 0.206733 -0.676269 -0.707052
    outer loop
      vertex 6.63821 -20.4303 9.5
      vertex 6.97659 -22.627 11.7
      vertex 5.92116 -20.6495 9.5
    endloop
  endfacet
  facet normal 0.206777 -0.67625 -0.707056
    outer loop
      vertex 6.52756 -22.7643 11.7
      vertex 5.92116 -20.6495 9.5
      vertex 6.97659 -22.627 11.7
    endloop
  endfacet
  facet normal 0.206779 -0.676257 0.707049
    outer loop
      vertex 7.31804 -22.5226 7.3
      vertex 6.63821 -20.4303 9.5
      vertex 6.86901 -22.6599 7.3
    endloop
  endfacet
  facet normal 0.206733 -0.676267 0.707054
    outer loop
      vertex 5.92116 -20.6495 9.5
      vertex 6.86901 -22.6599 7.3
      vertex 6.63821 -20.4303 9.5
    endloop
  endfacet
  facet normal 0.206768 -0.676253 0.707056
    outer loop
      vertex 6.86901 -22.6599 7.3
      vertex 5.92116 -20.6495 9.5
      vertex 6.52756 -22.7643 7.3
    endloop
  endfacet
  facet normal 0.183002 -0.683068 -0.707056
    outer loop
      vertex 6.18267 -22.8567 11.7
      vertex 5.92116 -20.6495 9.5
      vertex 6.52756 -22.7643 11.7
    endloop
  endfacet
  facet normal 0.183055 -0.683058 -0.707052
    outer loop
      vertex 5.92116 -20.6495 9.5
      vertex 6.18267 -22.8567 11.7
      vertex 5.19689 -20.8436 9.5
    endloop
  endfacet
  facet normal 0.182989 -0.683083 -0.707046
    outer loop
      vertex 5.72912 -22.9782 11.7
      vertex 5.19689 -20.8436 9.5
      vertex 6.18267 -22.8567 11.7
    endloop
  endfacet
  facet normal 0.182986 -0.683072 0.707056
    outer loop
      vertex 6.52756 -22.7643 7.3
      vertex 5.92116 -20.6495 9.5
      vertex 6.07401 -22.8858 7.3
    endloop
  endfacet
  facet normal 0.183056 -0.683061 0.707049
    outer loop
      vertex 5.19689 -20.8436 9.5
      vertex 6.07401 -22.8858 7.3
      vertex 5.92116 -20.6495 9.5
    endloop
  endfacet
  facet normal 0.183005 -0.683078 0.707045
    outer loop
      vertex 6.07401 -22.8858 7.3
      vertex 5.19689 -20.8436 9.5
      vertex 5.72912 -22.9782 7.3
    endloop
  endfacet
  facet normal 0.15923 -0.689007 -0.707046
    outer loop
      vertex 5.38122 -23.0586 11.7
      vertex 5.19689 -20.8436 9.5
      vertex 5.72912 -22.9782 11.7
    endloop
  endfacet
  facet normal 0.159101 -0.689028 -0.707056
    outer loop
      vertex 5.19689 -20.8436 9.5
      vertex 5.38122 -23.0586 11.7
      vertex 4.46629 -21.0123 9.5
    endloop
  endfacet
  facet normal 0.159039 -0.689048 -0.70705
    outer loop
      vertex 5.38122 -23.0586 11.7
      vertex 4.9237 -23.1642 11.7
      vertex 4.46629 -21.0123 9.5
    endloop
  endfacet
  facet normal 0.159183 -0.689019 0.707046
    outer loop
      vertex 5.2716 -23.0839 7.3
      vertex 5.72912 -22.9782 7.3
      vertex 5.19689 -20.8436 9.5
    endloop
  endfacet
  facet normal 0.159101 -0.689029 0.707054
    outer loop
      vertex 4.46629 -21.0123 9.5
      vertex 5.2716 -23.0839 7.3
      vertex 5.19689 -20.8436 9.5
    endloop
  endfacet
  facet normal 0.159041 -0.689048 0.70705
    outer loop
      vertex 5.2716 -23.0839 7.3
      vertex 4.46629 -21.0123 9.5
      vertex 4.9237 -23.1642 7.3
    endloop
  endfacet
  facet normal 0.134879 -0.694183 -0.707049
    outer loop
      vertex 4.57321 -23.2323 11.7
      vertex 4.46629 -21.0123 9.5
      vertex 4.9237 -23.1642 11.7
    endloop
  endfacet
  facet normal 0.13487 -0.694184 -0.707049
    outer loop
      vertex 4.46629 -21.0123 9.5
      vertex 4.57321 -23.2323 11.7
      vertex 3.73026 -21.1553 9.5
    endloop
  endfacet
  facet normal 0.134938 -0.694164 -0.707056
    outer loop
      vertex 4.11228 -23.3219 11.7
      vertex 3.73026 -21.1553 9.5
      vertex 4.57321 -23.2323 11.7
    endloop
  endfacet
  facet normal 0.134942 -0.69417 0.707049
    outer loop
      vertex 4.46629 -21.0123 9.5
      vertex 4.46278 -23.2538 7.3
      vertex 4.9237 -23.1642 7.3
    endloop
  endfacet
  facet normal 0.134869 -0.694177 0.707056
    outer loop
      vertex 3.73026 -21.1553 9.5
      vertex 4.46278 -23.2538 7.3
      vertex 4.46629 -21.0123 9.5
    endloop
  endfacet
  facet normal 0.134874 -0.694175 0.707057
    outer loop
      vertex 4.46278 -23.2538 7.3
      vertex 3.73026 -21.1553 9.5
      vertex 4.11228 -23.3219 7.3
    endloop
  endfacet
  facet normal 0.110709 -0.698437 -0.707057
    outer loop
      vertex 3.75962 -23.3778 11.7
      vertex 3.73026 -21.1553 9.5
      vertex 4.11228 -23.3219 11.7
    endloop
  endfacet
  facet normal 0.110625 -0.698444 -0.707063
    outer loop
      vertex 3.73026 -21.1553 9.5
      vertex 3.75962 -23.3778 11.7
      vertex 2.98967 -21.2726 9.5
    endloop
  endfacet
  facet normal 0.110545 -0.698465 -0.707055
    outer loop
      vertex 3.29585 -23.4512 11.7
      vertex 2.98967 -21.2726 9.5
      vertex 3.75962 -23.3778 11.7
    endloop
  endfacet
  facet normal 0.110691 -0.69844 0.707057
    outer loop
      vertex 3.64851 -23.3954 7.3
      vertex 4.11228 -23.3219 7.3
      vertex 3.73026 -21.1553 9.5
    endloop
  endfacet
  facet normal 0.110625 -0.698444 0.707064
    outer loop
      vertex 2.98967 -21.2726 9.5
      vertex 3.64851 -23.3954 7.3
      vertex 3.73026 -21.1553 9.5
    endloop
  endfacet
  facet normal 0.110516 -0.698469 0.707055
    outer loop
      vertex 3.64851 -23.3954 7.3
      vertex 2.98967 -21.2726 9.5
      vertex 3.29585 -23.4512 7.3
    endloop
  endfacet
  facet normal 0.0861545 -0.701891 -0.707054
    outer loop
      vertex 2.94146 -23.4947 11.7
      vertex 2.98967 -21.2726 9.5
      vertex 3.29585 -23.4512 11.7
    endloop
  endfacet
  facet normal 0.0862012 -0.701889 -0.707051
    outer loop
      vertex 2.98967 -21.2726 9.5
      vertex 2.94146 -23.4947 11.7
      vertex 2.24545 -21.364 9.5
    endloop
  endfacet
  facet normal 0.0862935 -0.701868 -0.70706
    outer loop
      vertex 2.47541 -23.552 11.7
      vertex 2.24545 -21.364 9.5
      vertex 2.94146 -23.4947 11.7
    endloop
  endfacet
  facet normal 0.0861458 -0.701893 0.707054
    outer loop
      vertex 3.29585 -23.4512 7.3
      vertex 2.98967 -21.2726 9.5
      vertex 2.8298 -23.5084 7.3
    endloop
  endfacet
  facet normal 0.0862015 -0.701891 0.707049
    outer loop
      vertex 2.24545 -21.364 9.5
      vertex 2.8298 -23.5084 7.3
      vertex 2.98967 -21.2726 9.5
    endloop
  endfacet
  facet normal 0.0863489 -0.701862 0.70706
    outer loop
      vertex 2.8298 -23.5084 7.3
      vertex 2.24545 -21.364 9.5
      vertex 2.47541 -23.552 7.3
    endloop
  endfacet
  facet normal 0.0615954 -0.704465 -0.707061
    outer loop
      vertex 2.11972 -23.5831 11.7
      vertex 2.24545 -21.364 9.5
      vertex 2.47541 -23.552 11.7
    endloop
  endfacet
  facet normal 0.0616792 -0.704464 -0.707055
    outer loop
      vertex 2.24545 -21.364 9.5
      vertex 2.11972 -23.5831 11.7
      vertex 1.49849 -21.4294 9.5
    endloop
  endfacet
  facet normal 0.0615969 -0.704479 -0.707047
    outer loop
      vertex 1.65195 -23.624 11.7
      vertex 1.49849 -21.4294 9.5
      vertex 2.11972 -23.5831 11.7
    endloop
  endfacet
  facet normal 0.061597 -0.704465 0.707061
    outer loop
      vertex 2.24545 -21.364 9.5
      vertex 2.00765 -23.5929 7.3
      vertex 2.47541 -23.552 7.3
    endloop
  endfacet
  facet normal 0.0616794 -0.704466 0.707053
    outer loop
      vertex 1.49849 -21.4294 9.5
      vertex 2.00765 -23.5929 7.3
      vertex 2.24545 -21.364 9.5
    endloop
  endfacet
  facet normal 0.0615949 -0.704479 0.707047
    outer loop
      vertex 2.00765 -23.5929 7.3
      vertex 1.49849 -21.4294 9.5
      vertex 1.65195 -23.624 7.3
    endloop
  endfacet
  facet normal 0.0370369 -0.706196 -0.707047
    outer loop
      vertex 1.29539 -23.6427 11.7
      vertex 1.49849 -21.4294 9.5
      vertex 1.65195 -23.624 11.7
    endloop
  endfacet
  facet normal 0.0369701 -0.706195 -0.707051
    outer loop
      vertex 1.49849 -21.4294 9.5
      vertex 1.29539 -23.6427 11.7
      vertex 0.7497 -21.4686 9.5
    endloop
  endfacet
  facet normal 0.0370478 -0.706183 -0.707059
    outer loop
      vertex 0.826479 -23.6673 11.7
      vertex 0.7497 -21.4686 9.5
      vertex 1.29539 -23.6427 11.7
    endloop
  endfacet
  facet normal 0.0370485 -0.706196 0.707047
    outer loop
      vertex 1.65195 -23.624 7.3
      vertex 1.49849 -21.4294 9.5
      vertex 1.18304 -23.6486 7.3
    endloop
  endfacet
  facet normal 0.03697 -0.706192 0.707054
    outer loop
      vertex 0.7497 -21.4686 9.5
      vertex 1.18304 -23.6486 7.3
      vertex 1.49849 -21.4294 9.5
    endloop
  endfacet
  facet normal 0.0370361 -0.706184 0.707059
    outer loop
      vertex 1.18304 -23.6486 7.3
      vertex 0.7497 -21.4686 9.5
      vertex 0.826479 -23.6673 7.3
    endloop
  endfacet
  facet normal 0.0122793 -0.707048 -0.707059
    outer loop
      vertex 0.469479 -23.6735 11.7
      vertex 0.7497 -21.4686 9.5
      vertex 0.826479 -23.6673 11.7
    endloop
  endfacet
  facet normal 0.0123548 -0.707052 -0.707053
    outer loop
      vertex 0.7497 -21.4686 9.5
      vertex 0.469479 -23.6735 11.7
      vertex 0 -21.4817 9.5
    endloop
  endfacet
  facet normal 0.0123495 -0.707053 -0.707053
    outer loop
      vertex 0.469479 -23.6735 11.7
      vertex 0 -23.6817 11.7
      vertex 0 -21.4817 9.5
    endloop
  endfacet
  facet normal 0.0123494 -0.707046 0.707059
    outer loop
      vertex 0.7497 -21.4686 9.5
      vertex 0.356999 -23.6755 7.3
      vertex 0.826479 -23.6673 7.3
    endloop
  endfacet
  facet normal 0.0122794 -0.707053 0.707053
    outer loop
      vertex 0.356999 -23.6755 7.3
      vertex 0 -21.4817 9.5
      vertex 0 -23.6817 7.3
    endloop
  endfacet
  facet normal 0.0123547 -0.707047 0.707059
    outer loop
      vertex 0 -21.4817 9.5
      vertex 0.356999 -23.6755 7.3
      vertex 0.7497 -21.4686 9.5
    endloop
  endfacet
  facet normal -0.0123547 -0.707047 -0.707059
    outer loop
      vertex 0 -21.4817 9.5
      vertex -0.356999 -23.6755 11.7
      vertex -0.7497 -21.4686 9.5
    endloop
  endfacet
  facet normal -0.0122794 -0.707053 -0.707053
    outer loop
      vertex -0.356999 -23.6755 11.7
      vertex 0 -21.4817 9.5
      vertex 0 -23.6817 11.7
    endloop
  endfacet
  facet normal -0.0123494 -0.707046 -0.707059
    outer loop
      vertex -0.356999 -23.6755 11.7
      vertex -0.826479 -23.6673 11.7
      vertex -0.7497 -21.4686 9.5
    endloop
  endfacet
  facet normal -0.0123495 -0.707053 0.707053
    outer loop
      vertex 0 -21.4817 9.5
      vertex -0.469479 -23.6735 7.3
      vertex 0 -23.6817 7.3
    endloop
  endfacet
  facet normal -0.0122793 -0.707048 0.707059
    outer loop
      vertex -0.469479 -23.6735 7.3
      vertex -0.7497 -21.4686 9.5
      vertex -0.826479 -23.6673 7.3
    endloop
  endfacet
  facet normal -0.0123548 -0.707052 0.707053
    outer loop
      vertex -0.7497 -21.4686 9.5
      vertex -0.469479 -23.6735 7.3
      vertex 0 -21.4817 9.5
    endloop
  endfacet
  facet normal -0.0370361 -0.706184 -0.707059
    outer loop
      vertex -1.18304 -23.6486 11.7
      vertex -0.7497 -21.4686 9.5
      vertex -0.826479 -23.6673 11.7
    endloop
  endfacet
  facet normal -0.03697 -0.706192 -0.707054
    outer loop
      vertex -0.7497 -21.4686 9.5
      vertex -1.18304 -23.6486 11.7
      vertex -1.49849 -21.4294 9.5
    endloop
  endfacet
  facet normal -0.0370485 -0.706196 -0.707047
    outer loop
      vertex -1.65195 -23.624 11.7
      vertex -1.49849 -21.4294 9.5
      vertex -1.18304 -23.6486 11.7
    endloop
  endfacet
  facet normal -0.0370478 -0.706183 0.707059
    outer loop
      vertex -0.826479 -23.6673 7.3
      vertex -0.7497 -21.4686 9.5
      vertex -1.29539 -23.6427 7.3
    endloop
  endfacet
  facet normal -0.0369701 -0.706195 0.707051
    outer loop
      vertex -1.49849 -21.4294 9.5
      vertex -1.29539 -23.6427 7.3
      vertex -0.7497 -21.4686 9.5
    endloop
  endfacet
  facet normal -0.0370369 -0.706196 0.707047
    outer loop
      vertex -1.49849 -21.4294 9.5
      vertex -1.65195 -23.624 7.3
      vertex -1.29539 -23.6427 7.3
    endloop
  endfacet
  facet normal -0.0615949 -0.704479 -0.707047
    outer loop
      vertex -2.00765 -23.5929 11.7
      vertex -1.49849 -21.4294 9.5
      vertex -1.65195 -23.624 11.7
    endloop
  endfacet
  facet normal -0.0616794 -0.704466 -0.707053
    outer loop
      vertex -1.49849 -21.4294 9.5
      vertex -2.00765 -23.5929 11.7
      vertex -2.24545 -21.364 9.5
    endloop
  endfacet
  facet normal -0.061597 -0.704465 -0.707061
    outer loop
      vertex -2.00765 -23.5929 11.7
      vertex -2.47541 -23.552 11.7
      vertex -2.24545 -21.364 9.5
    endloop
  endfacet
  facet normal -0.0615969 -0.704479 0.707047
    outer loop
      vertex -1.49849 -21.4294 9.5
      vertex -2.11972 -23.5831 7.3
      vertex -1.65195 -23.624 7.3
    endloop
  endfacet
  facet normal -0.0616792 -0.704464 0.707055
    outer loop
      vertex -2.24545 -21.364 9.5
      vertex -2.11972 -23.5831 7.3
      vertex -1.49849 -21.4294 9.5
    endloop
  endfacet
  facet normal -0.0615954 -0.704465 0.707061
    outer loop
      vertex -2.11972 -23.5831 7.3
      vertex -2.24545 -21.364 9.5
      vertex -2.47541 -23.552 7.3
    endloop
  endfacet
  facet normal -0.0863489 -0.701862 -0.70706
    outer loop
      vertex -2.8298 -23.5084 11.7
      vertex -2.24545 -21.364 9.5
      vertex -2.47541 -23.552 11.7
    endloop
  endfacet
  facet normal -0.0862015 -0.701891 -0.707049
    outer loop
      vertex -2.24545 -21.364 9.5
      vertex -2.8298 -23.5084 11.7
      vertex -2.98967 -21.2726 9.5
    endloop
  endfacet
  facet normal -0.0861458 -0.701893 -0.707054
    outer loop
      vertex -3.29585 -23.4512 11.7
      vertex -2.98967 -21.2726 9.5
      vertex -2.8298 -23.5084 11.7
    endloop
  endfacet
  facet normal -0.0862935 -0.701868 0.70706
    outer loop
      vertex -2.47541 -23.552 7.3
      vertex -2.24545 -21.364 9.5
      vertex -2.94146 -23.4947 7.3
    endloop
  endfacet
  facet normal -0.0862012 -0.701889 0.707051
    outer loop
      vertex -2.98967 -21.2726 9.5
      vertex -2.94146 -23.4947 7.3
      vertex -2.24545 -21.364 9.5
    endloop
  endfacet
  facet normal -0.0861545 -0.701891 0.707054
    outer loop
      vertex -2.98967 -21.2726 9.5
      vertex -3.29585 -23.4512 7.3
      vertex -2.94146 -23.4947 7.3
    endloop
  endfacet
  facet normal -0.110516 -0.698469 -0.707055
    outer loop
      vertex -3.64851 -23.3954 11.7
      vertex -2.98967 -21.2726 9.5
      vertex -3.29585 -23.4512 11.7
    endloop
  endfacet
  facet normal -0.110625 -0.698444 -0.707064
    outer loop
      vertex -2.98967 -21.2726 9.5
      vertex -3.64851 -23.3954 11.7
      vertex -3.73026 -21.1553 9.5
    endloop
  endfacet
  facet normal -0.110691 -0.69844 -0.707057
    outer loop
      vertex -3.64851 -23.3954 11.7
      vertex -4.11228 -23.3219 11.7
      vertex -3.73026 -21.1553 9.5
    endloop
  endfacet
  facet normal -0.110545 -0.698465 0.707055
    outer loop
      vertex -2.98967 -21.2726 9.5
      vertex -3.75962 -23.3778 7.3
      vertex -3.29585 -23.4512 7.3
    endloop
  endfacet
  facet normal -0.110625 -0.698444 0.707063
    outer loop
      vertex -3.73026 -21.1553 9.5
      vertex -3.75962 -23.3778 7.3
      vertex -2.98967 -21.2726 9.5
    endloop
  endfacet
  facet normal -0.110709 -0.698437 0.707057
    outer loop
      vertex -4.11228 -23.3219 7.3
      vertex -3.75962 -23.3778 7.3
      vertex -3.73026 -21.1553 9.5
    endloop
  endfacet
  facet normal -0.134874 -0.694175 -0.707057
    outer loop
      vertex -4.46278 -23.2538 11.7
      vertex -3.73026 -21.1553 9.5
      vertex -4.11228 -23.3219 11.7
    endloop
  endfacet
  facet normal -0.134869 -0.694177 -0.707056
    outer loop
      vertex -3.73026 -21.1553 9.5
      vertex -4.46278 -23.2538 11.7
      vertex -4.46629 -21.0123 9.5
    endloop
  endfacet
  facet normal -0.134942 -0.69417 -0.707049
    outer loop
      vertex -4.46278 -23.2538 11.7
      vertex -4.9237 -23.1642 11.7
      vertex -4.46629 -21.0123 9.5
    endloop
  endfacet
  facet normal -0.134938 -0.694164 0.707056
    outer loop
      vertex -3.73026 -21.1553 9.5
      vertex -4.57321 -23.2323 7.3
      vertex -4.11228 -23.3219 7.3
    endloop
  endfacet
  facet normal -0.13487 -0.694184 0.707049
    outer loop
      vertex -4.46629 -21.0123 9.5
      vertex -4.57321 -23.2323 7.3
      vertex -3.73026 -21.1553 9.5
    endloop
  endfacet
  facet normal -0.134879 -0.694183 0.707049
    outer loop
      vertex -4.57321 -23.2323 7.3
      vertex -4.46629 -21.0123 9.5
      vertex -4.9237 -23.1642 7.3
    endloop
  endfacet
  facet normal -0.159041 -0.689048 -0.70705
    outer loop
      vertex -5.2716 -23.0839 11.7
      vertex -4.46629 -21.0123 9.5
      vertex -4.9237 -23.1642 11.7
    endloop
  endfacet
  facet normal -0.159101 -0.689029 -0.707054
    outer loop
      vertex -4.46629 -21.0123 9.5
      vertex -5.2716 -23.0839 11.7
      vertex -5.19689 -20.8436 9.5
    endloop
  endfacet
  facet normal -0.159183 -0.689019 -0.707046
    outer loop
      vertex -5.2716 -23.0839 11.7
      vertex -5.72912 -22.9782 11.7
      vertex -5.19689 -20.8436 9.5
    endloop
  endfacet
  facet normal -0.159039 -0.689048 0.70705
    outer loop
      vertex -4.46629 -21.0123 9.5
      vertex -5.38122 -23.0586 7.3
      vertex -4.9237 -23.1642 7.3
    endloop
  endfacet
  facet normal -0.159101 -0.689028 0.707056
    outer loop
      vertex -5.19689 -20.8436 9.5
      vertex -5.38122 -23.0586 7.3
      vertex -4.46629 -21.0123 9.5
    endloop
  endfacet
  facet normal -0.15923 -0.689007 0.707046
    outer loop
      vertex -5.72912 -22.9782 7.3
      vertex -5.38122 -23.0586 7.3
      vertex -5.19689 -20.8436 9.5
    endloop
  endfacet
  facet normal -0.183005 -0.683078 -0.707045
    outer loop
      vertex -6.07401 -22.8858 11.7
      vertex -5.19689 -20.8436 9.5
      vertex -5.72912 -22.9782 11.7
    endloop
  endfacet
  facet normal -0.183056 -0.683061 -0.707049
    outer loop
      vertex -5.19689 -20.8436 9.5
      vertex -6.07401 -22.8858 11.7
      vertex -5.92116 -20.6495 9.5
    endloop
  endfacet
  facet normal -0.182986 -0.683072 -0.707056
    outer loop
      vertex -6.52756 -22.7643 11.7
      vertex -5.92116 -20.6495 9.5
      vertex -6.07401 -22.8858 11.7
    endloop
  endfacet
  facet normal -0.182989 -0.683083 0.707046
    outer loop
      vertex -5.19689 -20.8436 9.5
      vertex -6.18267 -22.8567 7.3
      vertex -5.72912 -22.9782 7.3
    endloop
  endfacet
  facet normal -0.183055 -0.683058 0.707052
    outer loop
      vertex -5.92116 -20.6495 9.5
      vertex -6.18267 -22.8567 7.3
      vertex -5.19689 -20.8436 9.5
    endloop
  endfacet
  facet normal -0.183002 -0.683068 0.707056
    outer loop
      vertex -5.92116 -20.6495 9.5
      vertex -6.52756 -22.7643 7.3
      vertex -6.18267 -22.8567 7.3
    endloop
  endfacet
  facet normal -0.206768 -0.676253 -0.707056
    outer loop
      vertex -6.86901 -22.6599 11.7
      vertex -5.92116 -20.6495 9.5
      vertex -6.52756 -22.7643 11.7
    endloop
  endfacet
  facet normal -0.206733 -0.676267 -0.707054
    outer loop
      vertex -5.92116 -20.6495 9.5
      vertex -6.86901 -22.6599 11.7
      vertex -6.63821 -20.4303 9.5
    endloop
  endfacet
  facet normal -0.206779 -0.676257 -0.707049
    outer loop
      vertex -6.86901 -22.6599 11.7
      vertex -7.31804 -22.5226 11.7
      vertex -6.63821 -20.4303 9.5
    endloop
  endfacet
  facet normal -0.206777 -0.67625 0.707056
    outer loop
      vertex -5.92116 -20.6495 9.5
      vertex -6.97659 -22.627 7.3
      vertex -6.52756 -22.7643 7.3
    endloop
  endfacet
  facet normal -0.206733 -0.676269 0.707052
    outer loop
      vertex -6.63821 -20.4303 9.5
      vertex -6.97659 -22.627 7.3
      vertex -5.92116 -20.6495 9.5
    endloop
  endfacet
  facet normal -0.20677 -0.67626 0.707049
    outer loop
      vertex -6.97659 -22.627 7.3
      vertex -6.63821 -20.4303 9.5
      vertex -7.31804 -22.5226 7.3
    endloop
  endfacet
  facet normal -0.230144 -0.668666 -0.70705
    outer loop
      vertex -7.65565 -22.4064 11.7
      vertex -6.63821 -20.4303 9.5
      vertex -7.31804 -22.5226 11.7
    endloop
  endfacet
  facet normal -0.230216 -0.668636 -0.707055
    outer loop
      vertex -6.63821 -20.4303 9.5
      vertex -7.65565 -22.4064 11.7
      vertex -7.34717 -20.1862 9.5
    endloop
  endfacet
  facet normal -0.230269 -0.668623 -0.70705
    outer loop
      vertex -7.65565 -22.4064 11.7
      vertex -8.09962 -22.2535 11.7
      vertex -7.34717 -20.1862 9.5
    endloop
  endfacet
  facet normal -0.230134 -0.66867 0.70705
    outer loop
      vertex -6.63821 -20.4303 9.5
      vertex -7.76201 -22.3698 7.3
      vertex -7.31804 -22.5226 7.3
    endloop
  endfacet
  facet normal -0.230215 -0.668633 0.707058
    outer loop
      vertex -7.34717 -20.1862 9.5
      vertex -7.76201 -22.3698 7.3
      vertex -6.63821 -20.4303 9.5
    endloop
  endfacet
  facet normal -0.230321 -0.668604 0.70705
    outer loop
      vertex -7.76201 -22.3698 7.3
      vertex -7.34717 -20.1862 9.5
      vertex -8.09962 -22.2535 7.3
    endloop
  endfacet
  facet normal -0.253332 -0.660229 -0.707051
    outer loop
      vertex -8.43295 -22.1256 11.7
      vertex -7.34717 -20.1862 9.5
      vertex -8.09962 -22.2535 11.7
    endloop
  endfacet
  facet normal -0.253415 -0.66019 -0.707057
    outer loop
      vertex -7.34717 -20.1862 9.5
      vertex -8.43295 -22.1256 11.7
      vertex -8.04718 -19.9175 9.5
    endloop
  endfacet
  facet normal -0.253457 -0.660179 -0.707053
    outer loop
      vertex -8.43295 -22.1256 11.7
      vertex -8.87132 -21.9573 11.7
      vertex -8.04718 -19.9175 9.5
    endloop
  endfacet
  facet normal -0.253464 -0.66018 0.707049
    outer loop
      vertex -7.34717 -20.1862 9.5
      vertex -8.53798 -22.0852 7.3
      vertex -8.09962 -22.2535 7.3
    endloop
  endfacet
  facet normal -0.25342 -0.660202 0.707045
    outer loop
      vertex -8.04718 -19.9175 9.5
      vertex -8.53798 -22.0852 7.3
      vertex -7.34717 -20.1862 9.5
    endloop
  endfacet
  facet normal -0.253325 -0.66023 0.707052
    outer loop
      vertex -8.53798 -22.0852 7.3
      vertex -8.04718 -19.9175 9.5
      vertex -8.87132 -21.9573 7.3
    endloop
  endfacet
  facet normal -0.276289 -0.650954 -0.707053
    outer loop
      vertex -9.19999 -21.8178 11.7
      vertex -8.04718 -19.9175 9.5
      vertex -8.87132 -21.9573 11.7
    endloop
  endfacet
  facet normal -0.276327 -0.650934 -0.707056
    outer loop
      vertex -8.04718 -19.9175 9.5
      vertex -9.19999 -21.8178 11.7
      vertex -8.73739 -19.6245 9.5
    endloop
  endfacet
  facet normal -0.276352 -0.650926 -0.707053
    outer loop
      vertex -9.19999 -21.8178 11.7
      vertex -9.63221 -21.6343 11.7
      vertex -8.73739 -19.6245 9.5
    endloop
  endfacet
  facet normal -0.276353 -0.650927 0.707052
    outer loop
      vertex -8.04718 -19.9175 9.5
      vertex -9.30354 -21.7738 7.3
      vertex -8.87132 -21.9573 7.3
    endloop
  endfacet
  facet normal -0.27633 -0.65094 0.70705
    outer loop
      vertex -8.73739 -19.6245 9.5
      vertex -9.30354 -21.7738 7.3
      vertex -8.04718 -19.9175 9.5
    endloop
  endfacet
  facet normal -0.276289 -0.650954 0.707053
    outer loop
      vertex -9.30354 -21.7738 7.3
      vertex -8.73739 -19.6245 9.5
      vertex -9.63221 -21.6343 7.3
    endloop
  endfacet
  facet normal -0.298864 -0.640903 -0.707053
    outer loop
      vertex -9.95581 -21.4834 11.7
      vertex -8.73739 -19.6245 9.5
      vertex -9.63221 -21.6343 11.7
    endloop
  endfacet
  facet normal -0.298871 -0.640899 -0.707053
    outer loop
      vertex -8.73739 -19.6245 9.5
      vertex -9.95581 -21.4834 11.7
      vertex -9.41695 -19.3076 9.5
    endloop
  endfacet
  facet normal -0.298786 -0.640929 -0.707062
    outer loop
      vertex -10.3814 -21.285 11.7
      vertex -9.41695 -19.3076 9.5
      vertex -9.95581 -21.4834 11.7
    endloop
  endfacet
  facet normal -0.29879 -0.640937 0.707054
    outer loop
      vertex -8.73739 -19.6245 9.5
      vertex -10.0578 -21.4359 7.3
      vertex -9.63221 -21.6343 7.3
    endloop
  endfacet
  facet normal -0.298867 -0.640891 0.707062
    outer loop
      vertex -9.41695 -19.3076 9.5
      vertex -10.0578 -21.4359 7.3
      vertex -8.73739 -19.6245 9.5
    endloop
  endfacet
  facet normal -0.298859 -0.640894 0.707063
    outer loop
      vertex -10.0578 -21.4359 7.3
      vertex -9.41695 -19.3076 9.5
      vertex -10.3814 -21.285 7.3
    endloop
  endfacet
  facet normal -0.321071 -0.63006 -0.707063
    outer loop
      vertex -10.6995 -21.1229 11.7
      vertex -9.41695 -19.3076 9.5
      vertex -10.3814 -21.285 11.7
    endloop
  endfacet
  facet normal -0.321049 -0.630073 -0.707061
    outer loop
      vertex -9.41695 -19.3076 9.5
      vertex -10.6995 -21.1229 11.7
      vertex -10.085 -18.9672 9.5
    endloop
  endfacet
  facet normal -0.321058 -0.63007 -0.70706
    outer loop
      vertex -10.6995 -21.1229 11.7
      vertex -11.1179 -20.9097 11.7
      vertex -10.085 -18.9672 9.5
    endloop
  endfacet
  facet normal -0.321118 -0.630037 0.707062
    outer loop
      vertex -9.41695 -19.3076 9.5
      vertex -10.7997 -21.0718 7.3
      vertex -10.3814 -21.285 7.3
    endloop
  endfacet
  facet normal -0.321052 -0.630079 0.707055
    outer loop
      vertex -10.085 -18.9672 9.5
      vertex -10.7997 -21.0718 7.3
      vertex -9.41695 -19.3076 9.5
    endloop
  endfacet
  facet normal -0.320993 -0.630104 0.707059
    outer loop
      vertex -10.7997 -21.0718 7.3
      vertex -10.085 -18.9672 9.5
      vertex -11.1179 -20.9097 7.3
    endloop
  endfacet
  facet normal -0.342819 -0.618499 -0.70706
    outer loop
      vertex -11.4302 -20.7366 11.7
      vertex -10.085 -18.9672 9.5
      vertex -11.1179 -20.9097 11.7
    endloop
  endfacet
  facet normal -0.342823 -0.618496 -0.707061
    outer loop
      vertex -10.085 -18.9672 9.5
      vertex -11.4302 -20.7366 11.7
      vertex -10.7408 -18.6037 9.5
    endloop
  endfacet
  facet normal -0.342958 -0.618438 -0.707046
    outer loop
      vertex -11.8408 -20.5089 11.7
      vertex -10.7408 -18.6037 9.5
      vertex -11.4302 -20.7366 11.7
    endloop
  endfacet
  facet normal -0.342887 -0.618462 0.707059
    outer loop
      vertex -10.085 -18.9672 9.5
      vertex -11.5286 -20.682 7.3
      vertex -11.1179 -20.9097 7.3
    endloop
  endfacet
  facet normal -0.342827 -0.618504 0.707052
    outer loop
      vertex -10.7408 -18.6037 9.5
      vertex -11.5286 -20.682 7.3
      vertex -10.085 -18.9672 9.5
    endloop
  endfacet
  facet normal -0.34291 -0.618465 0.707046
    outer loop
      vertex -10.7408 -18.6037 9.5
      vertex -11.8408 -20.5089 7.3
      vertex -11.5286 -20.682 7.3
    endloop
  endfacet
  facet normal -0.364038 -0.606268 -0.707047
    outer loop
      vertex -12.1469 -20.3251 11.7
      vertex -10.7408 -18.6037 9.5
      vertex -11.8408 -20.5089 11.7
    endloop
  endfacet
  facet normal -0.364188 -0.606162 -0.70706
    outer loop
      vertex -10.7408 -18.6037 9.5
      vertex -12.1469 -20.3251 11.7
      vertex -11.3836 -18.2175 9.5
    endloop
  endfacet
  facet normal -0.364275 -0.606121 -0.707051
    outer loop
      vertex -12.5494 -20.0832 11.7
      vertex -11.3836 -18.2175 9.5
      vertex -12.1469 -20.3251 11.7
    endloop
  endfacet
  facet normal -0.364167 -0.606192 0.707046
    outer loop
      vertex -10.7408 -18.6037 9.5
      vertex -12.2433 -20.2671 7.3
      vertex -11.8408 -20.5089 7.3
    endloop
  endfacet
  facet normal -0.364194 -0.606172 0.707049
    outer loop
      vertex -11.3836 -18.2175 9.5
      vertex -12.2433 -20.2671 7.3
      vertex -10.7408 -18.6037 9.5
    endloop
  endfacet
  facet normal -0.364182 -0.606178 0.70705
    outer loop
      vertex -12.2433 -20.2671 7.3
      vertex -11.3836 -18.2175 9.5
      vertex -12.5494 -20.0832 7.3
    endloop
  endfacet
  facet normal -0.385243 -0.593017 -0.707049
    outer loop
      vertex -12.8488 -19.8887 11.7
      vertex -11.3836 -18.2175 9.5
      vertex -12.5494 -20.0832 11.7
    endloop
  endfacet
  facet normal -0.385187 -0.59306 -0.707044
    outer loop
      vertex -11.3836 -18.2175 9.5
      vertex -12.8488 -19.8887 11.7
      vertex -12.0124 -17.8091 9.5
    endloop
  endfacet
  facet normal -0.385109 -0.5931 -0.707053
    outer loop
      vertex -13.2426 -19.633 11.7
      vertex -12.0124 -17.8091 9.5
      vertex -12.8488 -19.8887 11.7
    endloop
  endfacet
  facet normal -0.38511 -0.593102 0.707051
    outer loop
      vertex -11.3836 -18.2175 9.5
      vertex -12.9432 -19.8275 7.3
      vertex -12.5494 -20.0832 7.3
    endloop
  endfacet
  facet normal -0.385179 -0.593047 0.707059
    outer loop
      vertex -12.0124 -17.8091 9.5
      vertex -12.9432 -19.8275 7.3
      vertex -11.3836 -18.2175 9.5
    endloop
  endfacet
  facet normal -0.38524 -0.593013 0.707054
    outer loop
      vertex -12.9432 -19.8275 7.3
      vertex -12.0124 -17.8091 9.5
      vertex -13.2426 -19.633 7.3
    endloop
  endfacet
  facet normal -0.405596 -0.579282 -0.707053
    outer loop
      vertex -13.5351 -19.4282 11.7
      vertex -12.0124 -17.8091 9.5
      vertex -13.2426 -19.633 11.7
    endloop
  endfacet
  facet normal -0.405569 -0.579304 -0.707051
    outer loop
      vertex -12.0124 -17.8091 9.5
      vertex -13.5351 -19.4282 11.7
      vertex -12.6266 -17.3791 9.5
    endloop
  endfacet
  facet normal -0.405615 -0.579278 -0.707045
    outer loop
      vertex -13.5351 -19.4282 11.7
      vertex -13.9197 -19.1589 11.7
      vertex -12.6266 -17.3791 9.5
    endloop
  endfacet
  facet normal -0.40554 -0.579321 0.707054
    outer loop
      vertex -12.0124 -17.8091 9.5
      vertex -13.6273 -19.3637 7.3
      vertex -13.2426 -19.633 7.3
    endloop
  endfacet
  facet normal -0.405566 -0.579299 0.707057
    outer loop
      vertex -12.6266 -17.3791 9.5
      vertex -13.6273 -19.3637 7.3
      vertex -12.0124 -17.8091 9.5
    endloop
  endfacet
  facet normal -0.405693 -0.579222 0.707046
    outer loop
      vertex -13.6273 -19.3637 7.3
      vertex -12.6266 -17.3791 9.5
      vertex -13.9197 -19.1589 7.3
    endloop
  endfacet
  facet normal -0.425567 -0.564782 -0.707046
    outer loop
      vertex -14.2049 -18.944 11.7
      vertex -12.6266 -17.3791 9.5
      vertex -13.9197 -19.1589 11.7
    endloop
  endfacet
  facet normal -0.425624 -0.564732 -0.707051
    outer loop
      vertex -12.6266 -17.3791 9.5
      vertex -14.2049 -18.944 11.7
      vertex -13.2254 -16.9278 9.5
    endloop
  endfacet
  facet normal -0.425596 -0.56475 -0.707054
    outer loop
      vertex -14.5799 -18.6614 11.7
      vertex -13.2254 -16.9278 9.5
      vertex -14.2049 -18.944 11.7
    endloop
  endfacet
  facet normal -0.425601 -0.564757 0.707045
    outer loop
      vertex -13.9197 -19.1589 7.3
      vertex -12.6266 -17.3791 9.5
      vertex -14.2947 -18.8763 7.3
    endloop
  endfacet
  facet normal -0.425626 -0.564735 0.707049
    outer loop
      vertex -13.2254 -16.9278 9.5
      vertex -14.2947 -18.8763 7.3
      vertex -12.6266 -17.3791 9.5
    endloop
  endfacet
  facet normal -0.425562 -0.564776 0.707054
    outer loop
      vertex -14.2947 -18.8763 7.3
      vertex -13.2254 -16.9278 9.5
      vertex -14.5799 -18.6614 7.3
    endloop
  endfacet
  facet normal -0.445011 -0.54958 -0.707055
    outer loop
      vertex -14.8574 -18.4367 11.7
      vertex -13.2254 -16.9278 9.5
      vertex -14.5799 -18.6614 11.7
    endloop
  endfacet
  facet normal -0.445006 -0.549586 -0.707054
    outer loop
      vertex -13.2254 -16.9278 9.5
      vertex -14.8574 -18.4367 11.7
      vertex -13.8082 -16.4559 9.5
    endloop
  endfacet
  facet normal -0.445041 -0.549562 -0.70705
    outer loop
      vertex -14.8574 -18.4367 11.7
      vertex -15.2223 -18.1412 11.7
      vertex -13.8082 -16.4559 9.5
    endloop
  endfacet
  facet normal -0.445039 -0.549559 0.707054
    outer loop
      vertex -13.2254 -16.9278 9.5
      vertex -14.9448 -18.3659 7.3
      vertex -14.5799 -18.6614 7.3
    endloop
  endfacet
  facet normal -0.445008 -0.549589 0.70705
    outer loop
      vertex -13.8082 -16.4559 9.5
      vertex -14.9448 -18.3659 7.3
      vertex -13.2254 -16.9278 9.5
    endloop
  endfacet
  facet normal -0.445015 -0.549584 0.70705
    outer loop
      vertex -14.9448 -18.3659 7.3
      vertex -13.8082 -16.4559 9.5
      vertex -15.2223 -18.1412 7.3
    endloop
  endfacet
  facet normal -0.463858 -0.533774 -0.707051
    outer loop
      vertex -15.4918 -17.907 11.7
      vertex -13.8082 -16.4559 9.5
      vertex -15.2223 -18.1412 11.7
    endloop
  endfacet
  facet normal -0.463921 -0.533711 -0.707057
    outer loop
      vertex -13.8082 -16.4559 9.5
      vertex -15.4918 -17.907 11.7
      vertex -14.3741 -15.964 9.5
    endloop
  endfacet
  facet normal -0.464042 -0.533625 -0.707043
    outer loop
      vertex -15.8461 -17.5989 11.7
      vertex -14.3741 -15.964 9.5
      vertex -15.4918 -17.907 11.7
    endloop
  endfacet
  facet normal -0.463876 -0.533759 0.70705
    outer loop
      vertex -13.8082 -16.4559 9.5
      vertex -15.5767 -17.8332 7.3
      vertex -15.2223 -18.1412 7.3
    endloop
  endfacet
  facet normal -0.463921 -0.533712 0.707057
    outer loop
      vertex -14.3741 -15.964 9.5
      vertex -15.5767 -17.8332 7.3
      vertex -13.8082 -16.4559 9.5
    endloop
  endfacet
  facet normal -0.464074 -0.533596 0.707043
    outer loop
      vertex -15.5767 -17.8332 7.3
      vertex -14.3741 -15.964 9.5
      vertex -15.8461 -17.5989 7.3
    endloop
  endfacet
  facet normal -0.482213 -0.517265 -0.707042
    outer loop
      vertex -16.1073 -17.3554 11.7
      vertex -14.3741 -15.964 9.5
      vertex -15.8461 -17.5989 11.7
    endloop
  endfacet
  facet normal -0.482333 -0.517135 -0.707055
    outer loop
      vertex -14.3741 -15.964 9.5
      vertex -16.1073 -17.3554 11.7
      vertex -14.9224 -15.4526 9.5
    endloop
  endfacet
  facet normal -0.482254 -0.517195 -0.707064
    outer loop
      vertex -16.1073 -17.3554 11.7
      vertex -16.4507 -17.0352 11.7
      vertex -14.9224 -15.4526 9.5
    endloop
  endfacet
  facet normal -0.482194 -0.517282 0.707042
    outer loop
      vertex -14.3741 -15.964 9.5
      vertex -16.1896 -17.2787 7.3
      vertex -15.8461 -17.5989 7.3
    endloop
  endfacet
  facet normal -0.482328 -0.51713 0.707062
    outer loop
      vertex -14.9224 -15.4526 9.5
      vertex -16.1896 -17.2787 7.3
      vertex -14.3741 -15.964 9.5
    endloop
  endfacet
  facet normal -0.482296 -0.517156 0.707065
    outer loop
      vertex -16.1896 -17.2787 7.3
      vertex -14.9224 -15.4526 9.5
      vertex -16.4507 -17.0352 7.3
    endloop
  endfacet
  facet normal -0.50003 -0.50003 -0.707065
    outer loop
      vertex -16.4507 -17.0352 11.7
      vertex -15.4526 -14.9224 9.5
      vertex -14.9224 -15.4526 9.5
    endloop
  endfacet
  facet normal -0.50003 -0.50003 -0.707065
    outer loop
      vertex -15.4526 -14.9224 9.5
      vertex -16.4507 -17.0352 11.7
      vertex -17.0352 -16.4507 11.7
    endloop
  endfacet
  facet normal -0.50003 -0.50003 0.707065
    outer loop
      vertex -15.4526 -14.9224 9.5
      vertex -16.4507 -17.0352 7.3
      vertex -14.9224 -15.4526 9.5
    endloop
  endfacet
  facet normal -0.50003 -0.50003 0.707065
    outer loop
      vertex -16.4507 -17.0352 7.3
      vertex -15.4526 -14.9224 9.5
      vertex -17.0352 -16.4507 7.3
    endloop
  endfacet
  facet normal -0.517156 -0.482296 -0.707065
    outer loop
      vertex -17.2787 -16.1896 11.7
      vertex -15.4526 -14.9224 9.5
      vertex -17.0352 -16.4507 11.7
    endloop
  endfacet
  facet normal -0.51713 -0.482328 -0.707062
    outer loop
      vertex -15.4526 -14.9224 9.5
      vertex -17.2787 -16.1896 11.7
      vertex -15.964 -14.3741 9.5
    endloop
  endfacet
  facet normal -0.517282 -0.482194 -0.707042
    outer loop
      vertex -17.2787 -16.1896 11.7
      vertex -17.5989 -15.8461 11.7
      vertex -15.964 -14.3741 9.5
    endloop
  endfacet
  facet normal -0.517195 -0.482254 0.707064
    outer loop
      vertex -15.4526 -14.9224 9.5
      vertex -17.3554 -16.1073 7.3
      vertex -17.0352 -16.4507 7.3
    endloop
  endfacet
  facet normal -0.517135 -0.482333 0.707055
    outer loop
      vertex -15.964 -14.3741 9.5
      vertex -17.3554 -16.1073 7.3
      vertex -15.4526 -14.9224 9.5
    endloop
  endfacet
  facet normal -0.517265 -0.482213 0.707042
    outer loop
      vertex -17.3554 -16.1073 7.3
      vertex -15.964 -14.3741 9.5
      vertex -17.5989 -15.8461 7.3
    endloop
  endfacet
  facet normal -0.533596 -0.464074 -0.707043
    outer loop
      vertex -17.8332 -15.5767 11.7
      vertex -15.964 -14.3741 9.5
      vertex -17.5989 -15.8461 11.7
    endloop
  endfacet
  facet normal -0.533712 -0.463921 -0.707057
    outer loop
      vertex -15.964 -14.3741 9.5
      vertex -17.8332 -15.5767 11.7
      vertex -16.4559 -13.8082 9.5
    endloop
  endfacet
  facet normal -0.533759 -0.463876 -0.70705
    outer loop
      vertex -18.1412 -15.2223 11.7
      vertex -16.4559 -13.8082 9.5
      vertex -17.8332 -15.5767 11.7
    endloop
  endfacet
  facet normal -0.533625 -0.464042 0.707043
    outer loop
      vertex -15.964 -14.3741 9.5
      vertex -17.907 -15.4918 7.3
      vertex -17.5989 -15.8461 7.3
    endloop
  endfacet
  facet normal -0.533711 -0.463921 0.707057
    outer loop
      vertex -16.4559 -13.8082 9.5
      vertex -17.907 -15.4918 7.3
      vertex -15.964 -14.3741 9.5
    endloop
  endfacet
  facet normal -0.533774 -0.463858 0.707051
    outer loop
      vertex -17.907 -15.4918 7.3
      vertex -16.4559 -13.8082 9.5
      vertex -18.1412 -15.2223 7.3
    endloop
  endfacet
  facet normal -0.549584 -0.445015 -0.70705
    outer loop
      vertex -18.3659 -14.9448 11.7
      vertex -16.4559 -13.8082 9.5
      vertex -18.1412 -15.2223 11.7
    endloop
  endfacet
  facet normal -0.549589 -0.445008 -0.70705
    outer loop
      vertex -16.4559 -13.8082 9.5
      vertex -18.3659 -14.9448 11.7
      vertex -16.9278 -13.2254 9.5
    endloop
  endfacet
  facet normal -0.549559 -0.445039 -0.707054
    outer loop
      vertex -18.3659 -14.9448 11.7
      vertex -18.6614 -14.5799 11.7
      vertex -16.9278 -13.2254 9.5
    endloop
  endfacet
  facet normal -0.549562 -0.445041 0.70705
    outer loop
      vertex -16.4559 -13.8082 9.5
      vertex -18.4367 -14.8574 7.3
      vertex -18.1412 -15.2223 7.3
    endloop
  endfacet
  facet normal -0.549586 -0.445006 0.707054
    outer loop
      vertex -16.9278 -13.2254 9.5
      vertex -18.4367 -14.8574 7.3
      vertex -16.4559 -13.8082 9.5
    endloop
  endfacet
  facet normal -0.54958 -0.445011 0.707055
    outer loop
      vertex -18.4367 -14.8574 7.3
      vertex -16.9278 -13.2254 9.5
      vertex -18.6614 -14.5799 7.3
    endloop
  endfacet
  facet normal -0.564776 -0.425562 -0.707054
    outer loop
      vertex -18.8763 -14.2947 11.7
      vertex -16.9278 -13.2254 9.5
      vertex -18.6614 -14.5799 11.7
    endloop
  endfacet
  facet normal -0.564735 -0.425626 -0.707049
    outer loop
      vertex -16.9278 -13.2254 9.5
      vertex -18.8763 -14.2947 11.7
      vertex -17.3791 -12.6266 9.5
    endloop
  endfacet
  facet normal -0.564757 -0.425601 -0.707045
    outer loop
      vertex -19.1589 -13.9197 11.7
      vertex -17.3791 -12.6266 9.5
      vertex -18.8763 -14.2947 11.7
    endloop
  endfacet
  facet normal -0.56475 -0.425596 0.707054
    outer loop
      vertex -16.9278 -13.2254 9.5
      vertex -18.944 -14.2049 7.3
      vertex -18.6614 -14.5799 7.3
    endloop
  endfacet
  facet normal -0.564732 -0.425624 0.707051
    outer loop
      vertex -17.3791 -12.6266 9.5
      vertex -18.944 -14.2049 7.3
      vertex -16.9278 -13.2254 9.5
    endloop
  endfacet
  facet normal -0.564782 -0.425567 0.707046
    outer loop
      vertex -17.3791 -12.6266 9.5
      vertex -19.1589 -13.9197 7.3
      vertex -18.944 -14.2049 7.3
    endloop
  endfacet
  facet normal -0.579222 -0.405693 -0.707046
    outer loop
      vertex -19.3637 -13.6273 11.7
      vertex -17.3791 -12.6266 9.5
      vertex -19.1589 -13.9197 11.7
    endloop
  endfacet
  facet normal -0.579299 -0.405566 -0.707057
    outer loop
      vertex -17.3791 -12.6266 9.5
      vertex -19.3637 -13.6273 11.7
      vertex -17.8091 -12.0124 9.5
    endloop
  endfacet
  facet normal -0.579321 -0.40554 -0.707054
    outer loop
      vertex -19.3637 -13.6273 11.7
      vertex -19.633 -13.2426 11.7
      vertex -17.8091 -12.0124 9.5
    endloop
  endfacet
  facet normal -0.579278 -0.405615 0.707045
    outer loop
      vertex -17.3791 -12.6266 9.5
      vertex -19.4282 -13.5351 7.3
      vertex -19.1589 -13.9197 7.3
    endloop
  endfacet
  facet normal -0.579304 -0.405569 0.707051
    outer loop
      vertex -17.8091 -12.0124 9.5
      vertex -19.4282 -13.5351 7.3
      vertex -17.3791 -12.6266 9.5
    endloop
  endfacet
  facet normal -0.579282 -0.405596 0.707053
    outer loop
      vertex -19.4282 -13.5351 7.3
      vertex -17.8091 -12.0124 9.5
      vertex -19.633 -13.2426 7.3
    endloop
  endfacet
  facet normal -0.593013 -0.38524 -0.707054
    outer loop
      vertex -19.8275 -12.9432 11.7
      vertex -17.8091 -12.0124 9.5
      vertex -19.633 -13.2426 11.7
    endloop
  endfacet
  facet normal -0.593047 -0.385179 -0.707059
    outer loop
      vertex -17.8091 -12.0124 9.5
      vertex -19.8275 -12.9432 11.7
      vertex -18.2175 -11.3836 9.5
    endloop
  endfacet
  facet normal -0.593102 -0.38511 -0.707051
    outer loop
      vertex -19.8275 -12.9432 11.7
      vertex -20.0832 -12.5494 11.7
      vertex -18.2175 -11.3836 9.5
    endloop
  endfacet
  facet normal -0.5931 -0.385109 0.707053
    outer loop
      vertex -17.8091 -12.0124 9.5
      vertex -19.8887 -12.8488 7.3
      vertex -19.633 -13.2426 7.3
    endloop
  endfacet
  facet normal -0.59306 -0.385187 0.707044
    outer loop
      vertex -18.2175 -11.3836 9.5
      vertex -19.8887 -12.8488 7.3
      vertex -17.8091 -12.0124 9.5
    endloop
  endfacet
  facet normal -0.593017 -0.385243 0.707049
    outer loop
      vertex -19.8887 -12.8488 7.3
      vertex -18.2175 -11.3836 9.5
      vertex -20.0832 -12.5494 7.3
    endloop
  endfacet
  facet normal -0.606178 -0.364182 -0.70705
    outer loop
      vertex -20.2671 -12.2433 11.7
      vertex -18.2175 -11.3836 9.5
      vertex -20.0832 -12.5494 11.7
    endloop
  endfacet
  facet normal -0.606172 -0.364194 -0.707049
    outer loop
      vertex -18.2175 -11.3836 9.5
      vertex -20.2671 -12.2433 11.7
      vertex -18.6037 -10.7408 9.5
    endloop
  endfacet
  facet normal -0.606192 -0.364167 -0.707046
    outer loop
      vertex -20.2671 -12.2433 11.7
      vertex -20.5089 -11.8408 11.7
      vertex -18.6037 -10.7408 9.5
    endloop
  endfacet
  facet normal -0.606121 -0.364275 0.707051
    outer loop
      vertex -18.2175 -11.3836 9.5
      vertex -20.3251 -12.1469 7.3
      vertex -20.0832 -12.5494 7.3
    endloop
  endfacet
  facet normal -0.606162 -0.364188 0.70706
    outer loop
      vertex -18.6037 -10.7408 9.5
      vertex -20.3251 -12.1469 7.3
      vertex -18.2175 -11.3836 9.5
    endloop
  endfacet
  facet normal -0.606268 -0.364038 0.707047
    outer loop
      vertex -20.3251 -12.1469 7.3
      vertex -18.6037 -10.7408 9.5
      vertex -20.5089 -11.8408 7.3
    endloop
  endfacet
  facet normal -0.618465 -0.34291 -0.707046
    outer loop
      vertex -20.682 -11.5286 11.7
      vertex -18.6037 -10.7408 9.5
      vertex -20.5089 -11.8408 11.7
    endloop
  endfacet
  facet normal -0.618504 -0.342827 -0.707052
    outer loop
      vertex -18.6037 -10.7408 9.5
      vertex -20.682 -11.5286 11.7
      vertex -18.9672 -10.085 9.5
    endloop
  endfacet
  facet normal -0.618462 -0.342887 -0.707059
    outer loop
      vertex -20.9097 -11.1179 11.7
      vertex -18.9672 -10.085 9.5
      vertex -20.682 -11.5286 11.7
    endloop
  endfacet
  facet normal -0.618438 -0.342958 0.707046
    outer loop
      vertex -18.6037 -10.7408 9.5
      vertex -20.7366 -11.4302 7.3
      vertex -20.5089 -11.8408 7.3
    endloop
  endfacet
  facet normal -0.618496 -0.342823 0.707061
    outer loop
      vertex -18.9672 -10.085 9.5
      vertex -20.7366 -11.4302 7.3
      vertex -18.6037 -10.7408 9.5
    endloop
  endfacet
  facet normal -0.618499 -0.342819 0.70706
    outer loop
      vertex -20.7366 -11.4302 7.3
      vertex -18.9672 -10.085 9.5
      vertex -20.9097 -11.1179 7.3
    endloop
  endfacet
  facet normal -0.630104 -0.320993 -0.707059
    outer loop
      vertex -21.0718 -10.7997 11.7
      vertex -18.9672 -10.085 9.5
      vertex -20.9097 -11.1179 11.7
    endloop
  endfacet
  facet normal -0.630079 -0.321052 -0.707055
    outer loop
      vertex -18.9672 -10.085 9.5
      vertex -21.0718 -10.7997 11.7
      vertex -19.3076 -9.41695 9.5
    endloop
  endfacet
  facet normal -0.630037 -0.321118 -0.707062
    outer loop
      vertex -21.0718 -10.7997 11.7
      vertex -21.285 -10.3814 11.7
      vertex -19.3076 -9.41695 9.5
    endloop
  endfacet
  facet normal -0.63007 -0.321058 0.70706
    outer loop
      vertex -18.9672 -10.085 9.5
      vertex -21.1229 -10.6995 7.3
      vertex -20.9097 -11.1179 7.3
    endloop
  endfacet
  facet normal -0.630073 -0.321049 0.707061
    outer loop
      vertex -19.3076 -9.41695 9.5
      vertex -21.1229 -10.6995 7.3
      vertex -18.9672 -10.085 9.5
    endloop
  endfacet
  facet normal -0.63006 -0.321071 0.707063
    outer loop
      vertex -21.1229 -10.6995 7.3
      vertex -19.3076 -9.41695 9.5
      vertex -21.285 -10.3814 7.3
    endloop
  endfacet
  facet normal -0.640894 -0.298859 -0.707063
    outer loop
      vertex -21.4359 -10.0578 11.7
      vertex -19.3076 -9.41695 9.5
      vertex -21.285 -10.3814 11.7
    endloop
  endfacet
  facet normal -0.640891 -0.298867 -0.707062
    outer loop
      vertex -19.3076 -9.41695 9.5
      vertex -21.4359 -10.0578 11.7
      vertex -19.6245 -8.73739 9.5
    endloop
  endfacet
  facet normal -0.640937 -0.29879 -0.707054
    outer loop
      vertex -21.6343 -9.63221 11.7
      vertex -19.6245 -8.73739 9.5
      vertex -21.4359 -10.0578 11.7
    endloop
  endfacet
  facet normal -0.640929 -0.298786 0.707062
    outer loop
      vertex -19.3076 -9.41695 9.5
      vertex -21.4834 -9.95581 7.3
      vertex -21.285 -10.3814 7.3
    endloop
  endfacet
  facet normal -0.640899 -0.298871 0.707053
    outer loop
      vertex -19.6245 -8.73739 9.5
      vertex -21.4834 -9.95581 7.3
      vertex -19.3076 -9.41695 9.5
    endloop
  endfacet
  facet normal -0.640903 -0.298864 0.707053
    outer loop
      vertex -21.4834 -9.95581 7.3
      vertex -19.6245 -8.73739 9.5
      vertex -21.6343 -9.63221 7.3
    endloop
  endfacet
  facet normal -0.650954 -0.276289 -0.707053
    outer loop
      vertex -21.7738 -9.30354 11.7
      vertex -19.6245 -8.73739 9.5
      vertex -21.6343 -9.63221 11.7
    endloop
  endfacet
  facet normal -0.65094 -0.27633 -0.70705
    outer loop
      vertex -19.6245 -8.73739 9.5
      vertex -21.7738 -9.30354 11.7
      vertex -19.9175 -8.04718 9.5
    endloop
  endfacet
  facet normal -0.650927 -0.276353 -0.707052
    outer loop
      vertex -21.9573 -8.87132 11.7
      vertex -19.9175 -8.04718 9.5
      vertex -21.7738 -9.30354 11.7
    endloop
  endfacet
  facet normal -0.650926 -0.276352 0.707053
    outer loop
      vertex -19.6245 -8.73739 9.5
      vertex -21.8178 -9.19999 7.3
      vertex -21.6343 -9.63221 7.3
    endloop
  endfacet
  facet normal -0.650934 -0.276327 0.707056
    outer loop
      vertex -19.9175 -8.04718 9.5
      vertex -21.8178 -9.19999 7.3
      vertex -19.6245 -8.73739 9.5
    endloop
  endfacet
  facet normal -0.650954 -0.276289 0.707053
    outer loop
      vertex -21.8178 -9.19999 7.3
      vertex -19.9175 -8.04718 9.5
      vertex -21.9573 -8.87132 7.3
    endloop
  endfacet
  facet normal -0.66023 -0.253325 -0.707052
    outer loop
      vertex -22.0852 -8.53798 11.7
      vertex -19.9175 -8.04718 9.5
      vertex -21.9573 -8.87132 11.7
    endloop
  endfacet
  facet normal -0.660202 -0.25342 -0.707045
    outer loop
      vertex -19.9175 -8.04718 9.5
      vertex -22.0852 -8.53798 11.7
      vertex -20.1862 -7.34717 9.5
    endloop
  endfacet
  facet normal -0.66018 -0.253464 -0.707049
    outer loop
      vertex -22.2535 -8.09962 11.7
      vertex -20.1862 -7.34717 9.5
      vertex -22.0852 -8.53798 11.7
    endloop
  endfacet
  facet normal -0.660179 -0.253457 0.707053
    outer loop
      vertex -19.9175 -8.04718 9.5
      vertex -22.1256 -8.43295 7.3
      vertex -21.9573 -8.87132 7.3
    endloop
  endfacet
  facet normal -0.66019 -0.253415 0.707057
    outer loop
      vertex -20.1862 -7.34717 9.5
      vertex -22.1256 -8.43295 7.3
      vertex -19.9175 -8.04718 9.5
    endloop
  endfacet
  facet normal -0.660229 -0.253332 0.707051
    outer loop
      vertex -20.1862 -7.34717 9.5
      vertex -22.2535 -8.09962 7.3
      vertex -22.1256 -8.43295 7.3
    endloop
  endfacet
  facet normal -0.668604 -0.230321 -0.70705
    outer loop
      vertex -22.3698 -7.76201 11.7
      vertex -20.1862 -7.34717 9.5
      vertex -22.2535 -8.09962 11.7
    endloop
  endfacet
  facet normal -0.668633 -0.230215 -0.707058
    outer loop
      vertex -20.1862 -7.34717 9.5
      vertex -22.3698 -7.76201 11.7
      vertex -20.4303 -6.63821 9.5
    endloop
  endfacet
  facet normal -0.66867 -0.230134 -0.70705
    outer loop
      vertex -22.5226 -7.31804 11.7
      vertex -20.4303 -6.63821 9.5
      vertex -22.3698 -7.76201 11.7
    endloop
  endfacet
  facet normal -0.668623 -0.230269 0.70705
    outer loop
      vertex -20.1862 -7.34717 9.5
      vertex -22.4064 -7.65565 7.3
      vertex -22.2535 -8.09962 7.3
    endloop
  endfacet
  facet normal -0.668636 -0.230216 0.707055
    outer loop
      vertex -20.4303 -6.63821 9.5
      vertex -22.4064 -7.65565 7.3
      vertex -20.1862 -7.34717 9.5
    endloop
  endfacet
  facet normal -0.668666 -0.230144 0.70705
    outer loop
      vertex -22.4064 -7.65565 7.3
      vertex -20.4303 -6.63821 9.5
      vertex -22.5226 -7.31804 7.3
    endloop
  endfacet
  facet normal -0.67626 -0.20677 -0.707049
    outer loop
      vertex -22.627 -6.97659 11.7
      vertex -20.4303 -6.63821 9.5
      vertex -22.5226 -7.31804 11.7
    endloop
  endfacet
  facet normal -0.676269 -0.206733 -0.707052
    outer loop
      vertex -20.4303 -6.63821 9.5
      vertex -22.627 -6.97659 11.7
      vertex -20.6495 -5.92116 9.5
    endloop
  endfacet
  facet normal -0.67625 -0.206777 -0.707056
    outer loop
      vertex -22.627 -6.97659 11.7
      vertex -22.7643 -6.52756 11.7
      vertex -20.6495 -5.92116 9.5
    endloop
  endfacet
  facet normal -0.676257 -0.206779 0.707049
    outer loop
      vertex -20.4303 -6.63821 9.5
      vertex -22.6599 -6.86901 7.3
      vertex -22.5226 -7.31804 7.3
    endloop
  endfacet
  facet normal -0.676267 -0.206733 0.707054
    outer loop
      vertex -20.6495 -5.92116 9.5
      vertex -22.6599 -6.86901 7.3
      vertex -20.4303 -6.63821 9.5
    endloop
  endfacet
  facet normal -0.676253 -0.206768 0.707056
    outer loop
      vertex -22.6599 -6.86901 7.3
      vertex -20.6495 -5.92116 9.5
      vertex -22.7643 -6.52756 7.3
    endloop
  endfacet
  facet normal -0.683068 -0.183002 -0.707056
    outer loop
      vertex -22.8567 -6.18267 11.7
      vertex -20.6495 -5.92116 9.5
      vertex -22.7643 -6.52756 11.7
    endloop
  endfacet
  facet normal -0.683058 -0.183055 -0.707052
    outer loop
      vertex -20.6495 -5.92116 9.5
      vertex -22.8567 -6.18267 11.7
      vertex -20.8436 -5.19689 9.5
    endloop
  endfacet
  facet normal -0.683083 -0.182989 -0.707046
    outer loop
      vertex -22.8567 -6.18267 11.7
      vertex -22.9782 -5.72912 11.7
      vertex -20.8436 -5.19689 9.5
    endloop
  endfacet
  facet normal -0.683072 -0.182986 0.707056
    outer loop
      vertex -20.6495 -5.92116 9.5
      vertex -22.8858 -6.07401 7.3
      vertex -22.7643 -6.52756 7.3
    endloop
  endfacet
  facet normal -0.683061 -0.183056 0.707049
    outer loop
      vertex -20.8436 -5.19689 9.5
      vertex -22.8858 -6.07401 7.3
      vertex -20.6495 -5.92116 9.5
    endloop
  endfacet
  facet normal -0.683078 -0.183005 0.707045
    outer loop
      vertex -22.8858 -6.07401 7.3
      vertex -20.8436 -5.19689 9.5
      vertex -22.9782 -5.72912 7.3
    endloop
  endfacet
  facet normal -0.689007 -0.15923 -0.707046
    outer loop
      vertex -23.0586 -5.38122 11.7
      vertex -20.8436 -5.19689 9.5
      vertex -22.9782 -5.72912 11.7
    endloop
  endfacet
  facet normal -0.689028 -0.159101 -0.707056
    outer loop
      vertex -20.8436 -5.19689 9.5
      vertex -23.0586 -5.38122 11.7
      vertex -21.0123 -4.46629 9.5
    endloop
  endfacet
  facet normal -0.689048 -0.159039 -0.70705
    outer loop
      vertex -23.1642 -4.9237 11.7
      vertex -21.0123 -4.46629 9.5
      vertex -23.0586 -5.38122 11.7
    endloop
  endfacet
  facet normal -0.689019 -0.159183 0.707046
    outer loop
      vertex -23.0839 -5.2716 7.3
      vertex -22.9782 -5.72912 7.3
      vertex -20.8436 -5.19689 9.5
    endloop
  endfacet
  facet normal -0.689029 -0.159101 0.707054
    outer loop
      vertex -21.0123 -4.46629 9.5
      vertex -23.0839 -5.2716 7.3
      vertex -20.8436 -5.19689 9.5
    endloop
  endfacet
  facet normal -0.689048 -0.159041 0.70705
    outer loop
      vertex -21.0123 -4.46629 9.5
      vertex -23.1642 -4.9237 7.3
      vertex -23.0839 -5.2716 7.3
    endloop
  endfacet
  facet normal -0.694183 -0.134879 -0.707049
    outer loop
      vertex -23.2323 -4.57321 11.7
      vertex -21.0123 -4.46629 9.5
      vertex -23.1642 -4.9237 11.7
    endloop
  endfacet
  facet normal -0.694184 -0.13487 -0.707049
    outer loop
      vertex -21.0123 -4.46629 9.5
      vertex -23.2323 -4.57321 11.7
      vertex -21.1553 -3.73026 9.5
    endloop
  endfacet
  facet normal -0.694164 -0.134938 -0.707056
    outer loop
      vertex -23.2323 -4.57321 11.7
      vertex -23.3219 -4.11228 11.7
      vertex -21.1553 -3.73026 9.5
    endloop
  endfacet
  facet normal -0.69417 -0.134942 0.707049
    outer loop
      vertex -21.0123 -4.46629 9.5
      vertex -23.2538 -4.46278 7.3
      vertex -23.1642 -4.9237 7.3
    endloop
  endfacet
  facet normal -0.694177 -0.134869 0.707056
    outer loop
      vertex -21.1553 -3.73026 9.5
      vertex -23.2538 -4.46278 7.3
      vertex -21.0123 -4.46629 9.5
    endloop
  endfacet
  facet normal -0.694175 -0.134874 0.707057
    outer loop
      vertex -23.2538 -4.46278 7.3
      vertex -21.1553 -3.73026 9.5
      vertex -23.3219 -4.11228 7.3
    endloop
  endfacet
  facet normal -0.698437 -0.110709 -0.707057
    outer loop
      vertex -23.3778 -3.75962 11.7
      vertex -21.1553 -3.73026 9.5
      vertex -23.3219 -4.11228 11.7
    endloop
  endfacet
  facet normal -0.698444 -0.110625 -0.707063
    outer loop
      vertex -21.1553 -3.73026 9.5
      vertex -23.3778 -3.75962 11.7
      vertex -21.2726 -2.98967 9.5
    endloop
  endfacet
  facet normal -0.698465 -0.110545 -0.707055
    outer loop
      vertex -23.3778 -3.75962 11.7
      vertex -23.4512 -3.29585 11.7
      vertex -21.2726 -2.98967 9.5
    endloop
  endfacet
  facet normal -0.69844 -0.110691 0.707057
    outer loop
      vertex -23.3954 -3.64851 7.3
      vertex -23.3219 -4.11228 7.3
      vertex -21.1553 -3.73026 9.5
    endloop
  endfacet
  facet normal -0.698444 -0.110625 0.707064
    outer loop
      vertex -21.2726 -2.98967 9.5
      vertex -23.3954 -3.64851 7.3
      vertex -21.1553 -3.73026 9.5
    endloop
  endfacet
  facet normal -0.698469 -0.110516 0.707055
    outer loop
      vertex -23.3954 -3.64851 7.3
      vertex -21.2726 -2.98967 9.5
      vertex -23.4512 -3.29585 7.3
    endloop
  endfacet
  facet normal -0.701891 -0.0861545 -0.707054
    outer loop
      vertex -23.4947 -2.94146 11.7
      vertex -21.2726 -2.98967 9.5
      vertex -23.4512 -3.29585 11.7
    endloop
  endfacet
  facet normal -0.701889 -0.0862012 -0.707051
    outer loop
      vertex -21.2726 -2.98967 9.5
      vertex -23.4947 -2.94146 11.7
      vertex -21.364 -2.24545 9.5
    endloop
  endfacet
  facet normal -0.701868 -0.0862935 -0.70706
    outer loop
      vertex -23.552 -2.47541 11.7
      vertex -21.364 -2.24545 9.5
      vertex -23.4947 -2.94146 11.7
    endloop
  endfacet
  facet normal -0.701893 -0.0861458 0.707054
    outer loop
      vertex -21.2726 -2.98967 9.5
      vertex -23.5084 -2.8298 7.3
      vertex -23.4512 -3.29585 7.3
    endloop
  endfacet
  facet normal -0.701891 -0.0862015 0.707049
    outer loop
      vertex -21.364 -2.24545 9.5
      vertex -23.5084 -2.8298 7.3
      vertex -21.2726 -2.98967 9.5
    endloop
  endfacet
  facet normal -0.701862 -0.0863489 0.70706
    outer loop
      vertex -21.364 -2.24545 9.5
      vertex -23.552 -2.47541 7.3
      vertex -23.5084 -2.8298 7.3
    endloop
  endfacet
  facet normal -0.704465 -0.0615954 -0.707061
    outer loop
      vertex -23.5831 -2.11972 11.7
      vertex -21.364 -2.24545 9.5
      vertex -23.552 -2.47541 11.7
    endloop
  endfacet
  facet normal -0.704464 -0.0616792 -0.707055
    outer loop
      vertex -21.364 -2.24545 9.5
      vertex -23.5831 -2.11972 11.7
      vertex -21.4294 -1.49849 9.5
    endloop
  endfacet
  facet normal -0.704479 -0.0615969 -0.707047
    outer loop
      vertex -23.5831 -2.11972 11.7
      vertex -23.624 -1.65195 11.7
      vertex -21.4294 -1.49849 9.5
    endloop
  endfacet
  facet normal -0.704465 -0.061597 0.707061
    outer loop
      vertex -21.364 -2.24545 9.5
      vertex -23.5929 -2.00765 7.3
      vertex -23.552 -2.47541 7.3
    endloop
  endfacet
  facet normal -0.704466 -0.0616794 0.707053
    outer loop
      vertex -21.4294 -1.49849 9.5
      vertex -23.5929 -2.00765 7.3
      vertex -21.364 -2.24545 9.5
    endloop
  endfacet
  facet normal -0.704479 -0.0615949 0.707047
    outer loop
      vertex -23.5929 -2.00765 7.3
      vertex -21.4294 -1.49849 9.5
      vertex -23.624 -1.65195 7.3
    endloop
  endfacet
  facet normal -0.706196 -0.0370369 -0.707047
    outer loop
      vertex -23.6427 -1.29539 11.7
      vertex -21.4294 -1.49849 9.5
      vertex -23.624 -1.65195 11.7
    endloop
  endfacet
  facet normal -0.706195 -0.0369701 -0.707051
    outer loop
      vertex -21.4294 -1.49849 9.5
      vertex -23.6427 -1.29539 11.7
      vertex -21.4686 -0.7497 9.5
    endloop
  endfacet
  facet normal -0.706183 -0.0370478 -0.707059
    outer loop
      vertex -23.6673 -0.826479 11.7
      vertex -21.4686 -0.7497 9.5
      vertex -23.6427 -1.29539 11.7
    endloop
  endfacet
  facet normal -0.706196 -0.0370485 0.707047
    outer loop
      vertex -21.4294 -1.49849 9.5
      vertex -23.6486 -1.18304 7.3
      vertex -23.624 -1.65195 7.3
    endloop
  endfacet
  facet normal -0.706192 -0.03697 0.707054
    outer loop
      vertex -21.4686 -0.7497 9.5
      vertex -23.6486 -1.18304 7.3
      vertex -21.4294 -1.49849 9.5
    endloop
  endfacet
  facet normal -0.706184 -0.0370361 0.707059
    outer loop
      vertex -21.4686 -0.7497 9.5
      vertex -23.6673 -0.826479 7.3
      vertex -23.6486 -1.18304 7.3
    endloop
  endfacet
  facet normal -0.707048 -0.0122793 -0.707059
    outer loop
      vertex -23.6735 -0.469479 11.7
      vertex -21.4686 -0.7497 9.5
      vertex -23.6673 -0.826479 11.7
    endloop
  endfacet
  facet normal -0.707052 -0.0123548 -0.707053
    outer loop
      vertex -21.4686 -0.7497 9.5
      vertex -23.6735 -0.469479 11.7
      vertex -21.4817 0 9.5
    endloop
  endfacet
  facet normal -0.707053 -0.0123495 -0.707053
    outer loop
      vertex -23.6735 -0.469479 11.7
      vertex -23.6817 0 11.7
      vertex -21.4817 0 9.5
    endloop
  endfacet
  facet normal -0.707046 -0.0123494 0.707059
    outer loop
      vertex -21.4686 -0.7497 9.5
      vertex -23.6755 -0.356999 7.3
      vertex -23.6673 -0.826479 7.3
    endloop
  endfacet
  facet normal -0.707053 -0.0122794 0.707053
    outer loop
      vertex -23.6755 -0.356999 7.3
      vertex -21.4817 0 9.5
      vertex -23.6817 0 7.3
    endloop
  endfacet
  facet normal -0.707047 -0.0123547 0.707059
    outer loop
      vertex -21.4817 0 9.5
      vertex -23.6755 -0.356999 7.3
      vertex -21.4686 -0.7497 9.5
    endloop
  endfacet
  facet normal 0.707053 -0.0122794 -0.707053
    outer loop
      vertex 23.6755 -0.356999 17.7
      vertex 21.4817 0 15.5
      vertex 23.6817 0 17.7
    endloop
  endfacet
  facet normal 0.707047 -0.0123547 -0.707059
    outer loop
      vertex 21.4817 0 15.5
      vertex 23.6755 -0.356999 17.7
      vertex 21.4686 -0.7497 15.5
    endloop
  endfacet
  facet normal 0.707046 -0.0123494 -0.707059
    outer loop
      vertex 23.6673 -0.826479 17.7
      vertex 21.4686 -0.7497 15.5
      vertex 23.6755 -0.356999 17.7
    endloop
  endfacet
  facet normal 0.707053 -0.0123495 0.707053
    outer loop
      vertex 23.6817 0 13.3
      vertex 21.4817 0 15.5
      vertex 23.6735 -0.469479 13.3
    endloop
  endfacet
  facet normal 0.707052 -0.0123548 0.707053
    outer loop
      vertex 21.4686 -0.7497 15.5
      vertex 23.6735 -0.469479 13.3
      vertex 21.4817 0 15.5
    endloop
  endfacet
  facet normal 0.707048 -0.0122793 0.707059
    outer loop
      vertex 23.6735 -0.469479 13.3
      vertex 21.4686 -0.7497 15.5
      vertex 23.6673 -0.826479 13.3
    endloop
  endfacet
  facet normal 0.706184 -0.0370361 -0.707059
    outer loop
      vertex 21.4686 -0.7497 15.5
      vertex 23.6673 -0.826479 17.7
      vertex 23.6486 -1.18304 17.7
    endloop
  endfacet
  facet normal 0.706192 -0.03697 -0.707054
    outer loop
      vertex 21.4686 -0.7497 15.5
      vertex 23.6486 -1.18304 17.7
      vertex 21.4294 -1.49849 15.5
    endloop
  endfacet
  facet normal 0.706196 -0.0370485 -0.707047
    outer loop
      vertex 23.6486 -1.18304 17.7
      vertex 23.624 -1.65195 17.7
      vertex 21.4294 -1.49849 15.5
    endloop
  endfacet
  facet normal 0.706183 -0.0370478 0.707059
    outer loop
      vertex 23.6673 -0.826479 13.3
      vertex 21.4686 -0.7497 15.5
      vertex 23.6427 -1.29539 13.3
    endloop
  endfacet
  facet normal 0.706195 -0.0369701 0.707051
    outer loop
      vertex 21.4294 -1.49849 15.5
      vertex 23.6427 -1.29539 13.3
      vertex 21.4686 -0.7497 15.5
    endloop
  endfacet
  facet normal 0.706196 -0.0370369 0.707047
    outer loop
      vertex 23.6427 -1.29539 13.3
      vertex 21.4294 -1.49849 15.5
      vertex 23.624 -1.65195 13.3
    endloop
  endfacet
  facet normal 0.704479 -0.0615949 -0.707047
    outer loop
      vertex 23.5929 -2.00765 17.7
      vertex 21.4294 -1.49849 15.5
      vertex 23.624 -1.65195 17.7
    endloop
  endfacet
  facet normal 0.704466 -0.0616794 -0.707053
    outer loop
      vertex 21.4294 -1.49849 15.5
      vertex 23.5929 -2.00765 17.7
      vertex 21.364 -2.24545 15.5
    endloop
  endfacet
  facet normal 0.704465 -0.061597 -0.707061
    outer loop
      vertex 23.552 -2.47541 17.7
      vertex 21.364 -2.24545 15.5
      vertex 23.5929 -2.00765 17.7
    endloop
  endfacet
  facet normal 0.704479 -0.0615969 0.707047
    outer loop
      vertex 23.624 -1.65195 13.3
      vertex 21.4294 -1.49849 15.5
      vertex 23.5831 -2.11972 13.3
    endloop
  endfacet
  facet normal 0.704464 -0.0616792 0.707055
    outer loop
      vertex 21.364 -2.24545 15.5
      vertex 23.5831 -2.11972 13.3
      vertex 21.4294 -1.49849 15.5
    endloop
  endfacet
  facet normal 0.704465 -0.0615954 0.707061
    outer loop
      vertex 23.5831 -2.11972 13.3
      vertex 21.364 -2.24545 15.5
      vertex 23.552 -2.47541 13.3
    endloop
  endfacet
  facet normal 0.701862 -0.0863489 -0.70706
    outer loop
      vertex 23.5084 -2.8298 17.7
      vertex 21.364 -2.24545 15.5
      vertex 23.552 -2.47541 17.7
    endloop
  endfacet
  facet normal 0.701891 -0.0862015 -0.707049
    outer loop
      vertex 21.364 -2.24545 15.5
      vertex 23.5084 -2.8298 17.7
      vertex 21.2726 -2.98967 15.5
    endloop
  endfacet
  facet normal 0.701893 -0.0861458 -0.707054
    outer loop
      vertex 23.5084 -2.8298 17.7
      vertex 23.4512 -3.29585 17.7
      vertex 21.2726 -2.98967 15.5
    endloop
  endfacet
  facet normal 0.701868 -0.0862935 0.70706
    outer loop
      vertex 23.552 -2.47541 13.3
      vertex 21.364 -2.24545 15.5
      vertex 23.4947 -2.94146 13.3
    endloop
  endfacet
  facet normal 0.701889 -0.0862012 0.707051
    outer loop
      vertex 21.2726 -2.98967 15.5
      vertex 23.4947 -2.94146 13.3
      vertex 21.364 -2.24545 15.5
    endloop
  endfacet
  facet normal 0.701891 -0.0861545 0.707054
    outer loop
      vertex 23.4947 -2.94146 13.3
      vertex 21.2726 -2.98967 15.5
      vertex 23.4512 -3.29585 13.3
    endloop
  endfacet
  facet normal 0.698469 -0.110516 -0.707055
    outer loop
      vertex 23.3954 -3.64851 17.7
      vertex 21.2726 -2.98967 15.5
      vertex 23.4512 -3.29585 17.7
    endloop
  endfacet
  facet normal 0.698444 -0.110625 -0.707064
    outer loop
      vertex 21.2726 -2.98967 15.5
      vertex 23.3954 -3.64851 17.7
      vertex 21.1553 -3.73026 15.5
    endloop
  endfacet
  facet normal 0.69844 -0.110691 -0.707057
    outer loop
      vertex 23.3954 -3.64851 17.7
      vertex 23.3219 -4.11228 17.7
      vertex 21.1553 -3.73026 15.5
    endloop
  endfacet
  facet normal 0.698465 -0.110545 0.707055
    outer loop
      vertex 23.4512 -3.29585 13.3
      vertex 21.2726 -2.98967 15.5
      vertex 23.3778 -3.75962 13.3
    endloop
  endfacet
  facet normal 0.698444 -0.110625 0.707063
    outer loop
      vertex 21.1553 -3.73026 15.5
      vertex 23.3778 -3.75962 13.3
      vertex 21.2726 -2.98967 15.5
    endloop
  endfacet
  facet normal 0.698437 -0.110709 0.707057
    outer loop
      vertex 23.3778 -3.75962 13.3
      vertex 21.1553 -3.73026 15.5
      vertex 23.3219 -4.11228 13.3
    endloop
  endfacet
  facet normal 0.694175 -0.134874 -0.707057
    outer loop
      vertex 23.2538 -4.46278 17.7
      vertex 21.1553 -3.73026 15.5
      vertex 23.3219 -4.11228 17.7
    endloop
  endfacet
  facet normal 0.694177 -0.134869 -0.707056
    outer loop
      vertex 21.1553 -3.73026 15.5
      vertex 23.2538 -4.46278 17.7
      vertex 21.0123 -4.46629 15.5
    endloop
  endfacet
  facet normal 0.69417 -0.134942 -0.707049
    outer loop
      vertex 23.1642 -4.9237 17.7
      vertex 21.0123 -4.46629 15.5
      vertex 23.2538 -4.46278 17.7
    endloop
  endfacet
  facet normal 0.694164 -0.134938 0.707056
    outer loop
      vertex 23.3219 -4.11228 13.3
      vertex 21.1553 -3.73026 15.5
      vertex 23.2323 -4.57321 13.3
    endloop
  endfacet
  facet normal 0.694184 -0.13487 0.707049
    outer loop
      vertex 21.0123 -4.46629 15.5
      vertex 23.2323 -4.57321 13.3
      vertex 21.1553 -3.73026 15.5
    endloop
  endfacet
  facet normal 0.694183 -0.134879 0.707049
    outer loop
      vertex 23.2323 -4.57321 13.3
      vertex 21.0123 -4.46629 15.5
      vertex 23.1642 -4.9237 13.3
    endloop
  endfacet
  facet normal 0.689048 -0.159041 -0.70705
    outer loop
      vertex 23.0839 -5.2716 17.7
      vertex 21.0123 -4.46629 15.5
      vertex 23.1642 -4.9237 17.7
    endloop
  endfacet
  facet normal 0.689029 -0.159101 -0.707054
    outer loop
      vertex 21.0123 -4.46629 15.5
      vertex 23.0839 -5.2716 17.7
      vertex 20.8436 -5.19689 15.5
    endloop
  endfacet
  facet normal 0.689019 -0.159183 -0.707046
    outer loop
      vertex 23.0839 -5.2716 17.7
      vertex 22.9782 -5.72912 17.7
      vertex 20.8436 -5.19689 15.5
    endloop
  endfacet
  facet normal 0.689048 -0.159039 0.70705
    outer loop
      vertex 23.1642 -4.9237 13.3
      vertex 21.0123 -4.46629 15.5
      vertex 23.0586 -5.38122 13.3
    endloop
  endfacet
  facet normal 0.689028 -0.159101 0.707056
    outer loop
      vertex 20.8436 -5.19689 15.5
      vertex 23.0586 -5.38122 13.3
      vertex 21.0123 -4.46629 15.5
    endloop
  endfacet
  facet normal 0.689007 -0.15923 0.707046
    outer loop
      vertex 23.0586 -5.38122 13.3
      vertex 20.8436 -5.19689 15.5
      vertex 22.9782 -5.72912 13.3
    endloop
  endfacet
  facet normal 0.683078 -0.183005 -0.707045
    outer loop
      vertex 22.8858 -6.07401 17.7
      vertex 20.8436 -5.19689 15.5
      vertex 22.9782 -5.72912 17.7
    endloop
  endfacet
  facet normal 0.683061 -0.183056 -0.707049
    outer loop
      vertex 20.8436 -5.19689 15.5
      vertex 22.8858 -6.07401 17.7
      vertex 20.6495 -5.92116 15.5
    endloop
  endfacet
  facet normal 0.683072 -0.182986 -0.707056
    outer loop
      vertex 22.8858 -6.07401 17.7
      vertex 22.7643 -6.52756 17.7
      vertex 20.6495 -5.92116 15.5
    endloop
  endfacet
  facet normal 0.683083 -0.182989 0.707046
    outer loop
      vertex 22.9782 -5.72912 13.3
      vertex 20.8436 -5.19689 15.5
      vertex 22.8567 -6.18267 13.3
    endloop
  endfacet
  facet normal 0.683058 -0.183055 0.707052
    outer loop
      vertex 20.6495 -5.92116 15.5
      vertex 22.8567 -6.18267 13.3
      vertex 20.8436 -5.19689 15.5
    endloop
  endfacet
  facet normal 0.683068 -0.183002 0.707056
    outer loop
      vertex 22.8567 -6.18267 13.3
      vertex 20.6495 -5.92116 15.5
      vertex 22.7643 -6.52756 13.3
    endloop
  endfacet
  facet normal 0.676253 -0.206768 -0.707056
    outer loop
      vertex 22.6599 -6.86901 17.7
      vertex 20.6495 -5.92116 15.5
      vertex 22.7643 -6.52756 17.7
    endloop
  endfacet
  facet normal 0.676267 -0.206733 -0.707054
    outer loop
      vertex 20.6495 -5.92116 15.5
      vertex 22.6599 -6.86901 17.7
      vertex 20.4303 -6.63821 15.5
    endloop
  endfacet
  facet normal 0.676257 -0.206779 -0.707049
    outer loop
      vertex 22.5226 -7.31804 17.7
      vertex 20.4303 -6.63821 15.5
      vertex 22.6599 -6.86901 17.7
    endloop
  endfacet
  facet normal 0.67625 -0.206777 0.707056
    outer loop
      vertex 22.7643 -6.52756 13.3
      vertex 20.6495 -5.92116 15.5
      vertex 22.627 -6.97659 13.3
    endloop
  endfacet
  facet normal 0.676269 -0.206733 0.707052
    outer loop
      vertex 20.4303 -6.63821 15.5
      vertex 22.627 -6.97659 13.3
      vertex 20.6495 -5.92116 15.5
    endloop
  endfacet
  facet normal 0.67626 -0.20677 0.707049
    outer loop
      vertex 22.627 -6.97659 13.3
      vertex 20.4303 -6.63821 15.5
      vertex 22.5226 -7.31804 13.3
    endloop
  endfacet
  facet normal 0.668666 -0.230144 -0.70705
    outer loop
      vertex 22.4064 -7.65565 17.7
      vertex 20.4303 -6.63821 15.5
      vertex 22.5226 -7.31804 17.7
    endloop
  endfacet
  facet normal 0.668636 -0.230216 -0.707055
    outer loop
      vertex 20.4303 -6.63821 15.5
      vertex 22.4064 -7.65565 17.7
      vertex 20.1862 -7.34717 15.5
    endloop
  endfacet
  facet normal 0.668623 -0.230269 -0.70705
    outer loop
      vertex 22.2535 -8.09962 17.7
      vertex 20.1862 -7.34717 15.5
      vertex 22.4064 -7.65565 17.7
    endloop
  endfacet
  facet normal 0.66867 -0.230134 0.70705
    outer loop
      vertex 22.5226 -7.31804 13.3
      vertex 20.4303 -6.63821 15.5
      vertex 22.3698 -7.76201 13.3
    endloop
  endfacet
  facet normal 0.668633 -0.230215 0.707058
    outer loop
      vertex 20.1862 -7.34717 15.5
      vertex 22.3698 -7.76201 13.3
      vertex 20.4303 -6.63821 15.5
    endloop
  endfacet
  facet normal 0.668604 -0.230321 0.70705
    outer loop
      vertex 22.3698 -7.76201 13.3
      vertex 20.1862 -7.34717 15.5
      vertex 22.2535 -8.09962 13.3
    endloop
  endfacet
  facet normal 0.660229 -0.253332 -0.707051
    outer loop
      vertex 22.1256 -8.43295 17.7
      vertex 20.1862 -7.34717 15.5
      vertex 22.2535 -8.09962 17.7
    endloop
  endfacet
  facet normal 0.66019 -0.253415 -0.707057
    outer loop
      vertex 20.1862 -7.34717 15.5
      vertex 22.1256 -8.43295 17.7
      vertex 19.9175 -8.04718 15.5
    endloop
  endfacet
  facet normal 0.660179 -0.253457 -0.707053
    outer loop
      vertex 21.9573 -8.87132 17.7
      vertex 19.9175 -8.04718 15.5
      vertex 22.1256 -8.43295 17.7
    endloop
  endfacet
  facet normal 0.66018 -0.253464 0.707049
    outer loop
      vertex 22.2535 -8.09962 13.3
      vertex 20.1862 -7.34717 15.5
      vertex 22.0852 -8.53798 13.3
    endloop
  endfacet
  facet normal 0.660202 -0.25342 0.707045
    outer loop
      vertex 19.9175 -8.04718 15.5
      vertex 22.0852 -8.53798 13.3
      vertex 20.1862 -7.34717 15.5
    endloop
  endfacet
  facet normal 0.66023 -0.253325 0.707052
    outer loop
      vertex 22.0852 -8.53798 13.3
      vertex 19.9175 -8.04718 15.5
      vertex 21.9573 -8.87132 13.3
    endloop
  endfacet
  facet normal 0.650954 -0.276289 -0.707053
    outer loop
      vertex 21.8178 -9.19999 17.7
      vertex 19.9175 -8.04718 15.5
      vertex 21.9573 -8.87132 17.7
    endloop
  endfacet
  facet normal 0.650934 -0.276327 -0.707056
    outer loop
      vertex 19.9175 -8.04718 15.5
      vertex 21.8178 -9.19999 17.7
      vertex 19.6245 -8.73739 15.5
    endloop
  endfacet
  facet normal 0.650926 -0.276352 -0.707053
    outer loop
      vertex 21.6343 -9.63221 17.7
      vertex 19.6245 -8.73739 15.5
      vertex 21.8178 -9.19999 17.7
    endloop
  endfacet
  facet normal 0.650927 -0.276353 0.707052
    outer loop
      vertex 21.9573 -8.87132 13.3
      vertex 19.9175 -8.04718 15.5
      vertex 21.7738 -9.30354 13.3
    endloop
  endfacet
  facet normal 0.65094 -0.27633 0.70705
    outer loop
      vertex 19.6245 -8.73739 15.5
      vertex 21.7738 -9.30354 13.3
      vertex 19.9175 -8.04718 15.5
    endloop
  endfacet
  facet normal 0.650954 -0.276289 0.707053
    outer loop
      vertex 21.7738 -9.30354 13.3
      vertex 19.6245 -8.73739 15.5
      vertex 21.6343 -9.63221 13.3
    endloop
  endfacet
  facet normal 0.640903 -0.298864 -0.707053
    outer loop
      vertex 21.4834 -9.95581 17.7
      vertex 19.6245 -8.73739 15.5
      vertex 21.6343 -9.63221 17.7
    endloop
  endfacet
  facet normal 0.640899 -0.298871 -0.707053
    outer loop
      vertex 19.6245 -8.73739 15.5
      vertex 21.4834 -9.95581 17.7
      vertex 19.3076 -9.41695 15.5
    endloop
  endfacet
  facet normal 0.640929 -0.298786 -0.707062
    outer loop
      vertex 21.285 -10.3814 17.7
      vertex 19.3076 -9.41695 15.5
      vertex 21.4834 -9.95581 17.7
    endloop
  endfacet
  facet normal 0.640937 -0.29879 0.707054
    outer loop
      vertex 21.6343 -9.63221 13.3
      vertex 19.6245 -8.73739 15.5
      vertex 21.4359 -10.0578 13.3
    endloop
  endfacet
  facet normal 0.640891 -0.298867 0.707062
    outer loop
      vertex 19.3076 -9.41695 15.5
      vertex 21.4359 -10.0578 13.3
      vertex 19.6245 -8.73739 15.5
    endloop
  endfacet
  facet normal 0.640894 -0.298859 0.707063
    outer loop
      vertex 21.4359 -10.0578 13.3
      vertex 19.3076 -9.41695 15.5
      vertex 21.285 -10.3814 13.3
    endloop
  endfacet
  facet normal 0.63006 -0.321071 -0.707063
    outer loop
      vertex 21.1229 -10.6995 17.7
      vertex 19.3076 -9.41695 15.5
      vertex 21.285 -10.3814 17.7
    endloop
  endfacet
  facet normal 0.630073 -0.321049 -0.707061
    outer loop
      vertex 19.3076 -9.41695 15.5
      vertex 21.1229 -10.6995 17.7
      vertex 18.9672 -10.085 15.5
    endloop
  endfacet
  facet normal 0.63007 -0.321058 -0.70706
    outer loop
      vertex 20.9097 -11.1179 17.7
      vertex 18.9672 -10.085 15.5
      vertex 21.1229 -10.6995 17.7
    endloop
  endfacet
  facet normal 0.630037 -0.321118 0.707062
    outer loop
      vertex 21.285 -10.3814 13.3
      vertex 19.3076 -9.41695 15.5
      vertex 21.0718 -10.7997 13.3
    endloop
  endfacet
  facet normal 0.630079 -0.321052 0.707055
    outer loop
      vertex 18.9672 -10.085 15.5
      vertex 21.0718 -10.7997 13.3
      vertex 19.3076 -9.41695 15.5
    endloop
  endfacet
  facet normal 0.630104 -0.320993 0.707059
    outer loop
      vertex 21.0718 -10.7997 13.3
      vertex 18.9672 -10.085 15.5
      vertex 20.9097 -11.1179 13.3
    endloop
  endfacet
  facet normal 0.618499 -0.342819 -0.70706
    outer loop
      vertex 20.7366 -11.4302 17.7
      vertex 18.9672 -10.085 15.5
      vertex 20.9097 -11.1179 17.7
    endloop
  endfacet
  facet normal 0.618496 -0.342823 -0.707061
    outer loop
      vertex 18.9672 -10.085 15.5
      vertex 20.7366 -11.4302 17.7
      vertex 18.6037 -10.7408 15.5
    endloop
  endfacet
  facet normal 0.618438 -0.342958 -0.707046
    outer loop
      vertex 20.7366 -11.4302 17.7
      vertex 20.5089 -11.8408 17.7
      vertex 18.6037 -10.7408 15.5
    endloop
  endfacet
  facet normal 0.618462 -0.342887 0.707059
    outer loop
      vertex 20.9097 -11.1179 13.3
      vertex 18.9672 -10.085 15.5
      vertex 20.682 -11.5286 13.3
    endloop
  endfacet
  facet normal 0.618504 -0.342827 0.707052
    outer loop
      vertex 18.6037 -10.7408 15.5
      vertex 20.682 -11.5286 13.3
      vertex 18.9672 -10.085 15.5
    endloop
  endfacet
  facet normal 0.618465 -0.34291 0.707046
    outer loop
      vertex 20.682 -11.5286 13.3
      vertex 18.6037 -10.7408 15.5
      vertex 20.5089 -11.8408 13.3
    endloop
  endfacet
  facet normal 0.606268 -0.364038 -0.707047
    outer loop
      vertex 20.3251 -12.1469 17.7
      vertex 18.6037 -10.7408 15.5
      vertex 20.5089 -11.8408 17.7
    endloop
  endfacet
  facet normal 0.606162 -0.364188 -0.70706
    outer loop
      vertex 18.6037 -10.7408 15.5
      vertex 20.3251 -12.1469 17.7
      vertex 18.2175 -11.3836 15.5
    endloop
  endfacet
  facet normal 0.606121 -0.364275 -0.707051
    outer loop
      vertex 20.0832 -12.5494 17.7
      vertex 18.2175 -11.3836 15.5
      vertex 20.3251 -12.1469 17.7
    endloop
  endfacet
  facet normal 0.606192 -0.364167 0.707046
    outer loop
      vertex 20.5089 -11.8408 13.3
      vertex 18.6037 -10.7408 15.5
      vertex 20.2671 -12.2433 13.3
    endloop
  endfacet
  facet normal 0.606172 -0.364194 0.707049
    outer loop
      vertex 18.2175 -11.3836 15.5
      vertex 20.2671 -12.2433 13.3
      vertex 18.6037 -10.7408 15.5
    endloop
  endfacet
  facet normal 0.606178 -0.364182 0.70705
    outer loop
      vertex 20.2671 -12.2433 13.3
      vertex 18.2175 -11.3836 15.5
      vertex 20.0832 -12.5494 13.3
    endloop
  endfacet
  facet normal 0.593017 -0.385243 -0.707049
    outer loop
      vertex 19.8887 -12.8488 17.7
      vertex 18.2175 -11.3836 15.5
      vertex 20.0832 -12.5494 17.7
    endloop
  endfacet
  facet normal 0.59306 -0.385187 -0.707044
    outer loop
      vertex 18.2175 -11.3836 15.5
      vertex 19.8887 -12.8488 17.7
      vertex 17.8091 -12.0124 15.5
    endloop
  endfacet
  facet normal 0.5931 -0.385109 -0.707053
    outer loop
      vertex 19.633 -13.2426 17.7
      vertex 17.8091 -12.0124 15.5
      vertex 19.8887 -12.8488 17.7
    endloop
  endfacet
  facet normal 0.593102 -0.38511 0.707051
    outer loop
      vertex 20.0832 -12.5494 13.3
      vertex 18.2175 -11.3836 15.5
      vertex 19.8275 -12.9432 13.3
    endloop
  endfacet
  facet normal 0.593047 -0.385179 0.707059
    outer loop
      vertex 17.8091 -12.0124 15.5
      vertex 19.8275 -12.9432 13.3
      vertex 18.2175 -11.3836 15.5
    endloop
  endfacet
  facet normal 0.593013 -0.38524 0.707054
    outer loop
      vertex 19.8275 -12.9432 13.3
      vertex 17.8091 -12.0124 15.5
      vertex 19.633 -13.2426 13.3
    endloop
  endfacet
  facet normal 0.579282 -0.405596 -0.707053
    outer loop
      vertex 19.4282 -13.5351 17.7
      vertex 17.8091 -12.0124 15.5
      vertex 19.633 -13.2426 17.7
    endloop
  endfacet
  facet normal 0.579304 -0.405569 -0.707051
    outer loop
      vertex 17.8091 -12.0124 15.5
      vertex 19.4282 -13.5351 17.7
      vertex 17.3791 -12.6266 15.5
    endloop
  endfacet
  facet normal 0.579278 -0.405615 -0.707045
    outer loop
      vertex 19.1589 -13.9197 17.7
      vertex 17.3791 -12.6266 15.5
      vertex 19.4282 -13.5351 17.7
    endloop
  endfacet
  facet normal 0.579321 -0.40554 0.707054
    outer loop
      vertex 19.633 -13.2426 13.3
      vertex 17.8091 -12.0124 15.5
      vertex 19.3637 -13.6273 13.3
    endloop
  endfacet
  facet normal 0.579299 -0.405566 0.707057
    outer loop
      vertex 17.3791 -12.6266 15.5
      vertex 19.3637 -13.6273 13.3
      vertex 17.8091 -12.0124 15.5
    endloop
  endfacet
  facet normal 0.579222 -0.405693 0.707046
    outer loop
      vertex 19.3637 -13.6273 13.3
      vertex 17.3791 -12.6266 15.5
      vertex 19.1589 -13.9197 13.3
    endloop
  endfacet
  facet normal 0.564782 -0.425567 -0.707046
    outer loop
      vertex 18.944 -14.2049 17.7
      vertex 17.3791 -12.6266 15.5
      vertex 19.1589 -13.9197 17.7
    endloop
  endfacet
  facet normal 0.564732 -0.425624 -0.707051
    outer loop
      vertex 17.3791 -12.6266 15.5
      vertex 18.944 -14.2049 17.7
      vertex 16.9278 -13.2254 15.5
    endloop
  endfacet
  facet normal 0.56475 -0.425596 -0.707054
    outer loop
      vertex 18.6614 -14.5799 17.7
      vertex 16.9278 -13.2254 15.5
      vertex 18.944 -14.2049 17.7
    endloop
  endfacet
  facet normal 0.564757 -0.425601 0.707045
    outer loop
      vertex 19.1589 -13.9197 13.3
      vertex 17.3791 -12.6266 15.5
      vertex 18.8763 -14.2947 13.3
    endloop
  endfacet
  facet normal 0.564735 -0.425626 0.707049
    outer loop
      vertex 16.9278 -13.2254 15.5
      vertex 18.8763 -14.2947 13.3
      vertex 17.3791 -12.6266 15.5
    endloop
  endfacet
  facet normal 0.564776 -0.425562 0.707054
    outer loop
      vertex 18.8763 -14.2947 13.3
      vertex 16.9278 -13.2254 15.5
      vertex 18.6614 -14.5799 13.3
    endloop
  endfacet
  facet normal 0.54958 -0.445011 -0.707055
    outer loop
      vertex 18.4367 -14.8574 17.7
      vertex 16.9278 -13.2254 15.5
      vertex 18.6614 -14.5799 17.7
    endloop
  endfacet
  facet normal 0.549586 -0.445006 -0.707054
    outer loop
      vertex 16.9278 -13.2254 15.5
      vertex 18.4367 -14.8574 17.7
      vertex 16.4559 -13.8082 15.5
    endloop
  endfacet
  facet normal 0.549562 -0.445041 -0.70705
    outer loop
      vertex 18.1412 -15.2223 17.7
      vertex 16.4559 -13.8082 15.5
      vertex 18.4367 -14.8574 17.7
    endloop
  endfacet
  facet normal 0.549559 -0.445039 0.707054
    outer loop
      vertex 18.6614 -14.5799 13.3
      vertex 16.9278 -13.2254 15.5
      vertex 18.3659 -14.9448 13.3
    endloop
  endfacet
  facet normal 0.549589 -0.445008 0.70705
    outer loop
      vertex 16.4559 -13.8082 15.5
      vertex 18.3659 -14.9448 13.3
      vertex 16.9278 -13.2254 15.5
    endloop
  endfacet
  facet normal 0.549584 -0.445015 0.70705
    outer loop
      vertex 18.3659 -14.9448 13.3
      vertex 16.4559 -13.8082 15.5
      vertex 18.1412 -15.2223 13.3
    endloop
  endfacet
  facet normal 0.533774 -0.463858 -0.707051
    outer loop
      vertex 17.907 -15.4918 17.7
      vertex 16.4559 -13.8082 15.5
      vertex 18.1412 -15.2223 17.7
    endloop
  endfacet
  facet normal 0.533711 -0.463921 -0.707057
    outer loop
      vertex 16.4559 -13.8082 15.5
      vertex 17.907 -15.4918 17.7
      vertex 15.964 -14.3741 15.5
    endloop
  endfacet
  facet normal 0.533625 -0.464042 -0.707043
    outer loop
      vertex 17.5989 -15.8461 17.7
      vertex 15.964 -14.3741 15.5
      vertex 17.907 -15.4918 17.7
    endloop
  endfacet
  facet normal 0.533759 -0.463876 0.70705
    outer loop
      vertex 18.1412 -15.2223 13.3
      vertex 16.4559 -13.8082 15.5
      vertex 17.8332 -15.5767 13.3
    endloop
  endfacet
  facet normal 0.533712 -0.463921 0.707057
    outer loop
      vertex 15.964 -14.3741 15.5
      vertex 17.8332 -15.5767 13.3
      vertex 16.4559 -13.8082 15.5
    endloop
  endfacet
  facet normal 0.533596 -0.464074 0.707043
    outer loop
      vertex 17.8332 -15.5767 13.3
      vertex 15.964 -14.3741 15.5
      vertex 17.5989 -15.8461 13.3
    endloop
  endfacet
  facet normal 0.517265 -0.482213 -0.707042
    outer loop
      vertex 17.3554 -16.1073 17.7
      vertex 15.964 -14.3741 15.5
      vertex 17.5989 -15.8461 17.7
    endloop
  endfacet
  facet normal 0.517135 -0.482333 -0.707055
    outer loop
      vertex 15.964 -14.3741 15.5
      vertex 17.3554 -16.1073 17.7
      vertex 15.4526 -14.9224 15.5
    endloop
  endfacet
  facet normal 0.517195 -0.482254 -0.707064
    outer loop
      vertex 17.0352 -16.4507 17.7
      vertex 15.4526 -14.9224 15.5
      vertex 17.3554 -16.1073 17.7
    endloop
  endfacet
  facet normal 0.517282 -0.482194 0.707042
    outer loop
      vertex 17.5989 -15.8461 13.3
      vertex 15.964 -14.3741 15.5
      vertex 17.2787 -16.1896 13.3
    endloop
  endfacet
  facet normal 0.51713 -0.482328 0.707062
    outer loop
      vertex 15.4526 -14.9224 15.5
      vertex 17.2787 -16.1896 13.3
      vertex 15.964 -14.3741 15.5
    endloop
  endfacet
  facet normal 0.517156 -0.482296 0.707065
    outer loop
      vertex 17.2787 -16.1896 13.3
      vertex 15.4526 -14.9224 15.5
      vertex 17.0352 -16.4507 13.3
    endloop
  endfacet
  facet normal 0.50003 -0.50003 -0.707065
    outer loop
      vertex 16.4507 -17.0352 17.7
      vertex 15.4526 -14.9224 15.5
      vertex 17.0352 -16.4507 17.7
    endloop
  endfacet
  facet normal 0.50003 -0.50003 -0.707065
    outer loop
      vertex 15.4526 -14.9224 15.5
      vertex 16.4507 -17.0352 17.7
      vertex 14.9224 -15.4526 15.5
    endloop
  endfacet
  facet normal 0.50003 -0.50003 0.707065
    outer loop
      vertex 15.4526 -14.9224 15.5
      vertex 16.4507 -17.0352 13.3
      vertex 17.0352 -16.4507 13.3
    endloop
  endfacet
  facet normal 0.50003 -0.50003 0.707065
    outer loop
      vertex 16.4507 -17.0352 13.3
      vertex 15.4526 -14.9224 15.5
      vertex 14.9224 -15.4526 15.5
    endloop
  endfacet
  facet normal 0.482296 -0.517156 -0.707065
    outer loop
      vertex 16.1896 -17.2787 17.7
      vertex 14.9224 -15.4526 15.5
      vertex 16.4507 -17.0352 17.7
    endloop
  endfacet
  facet normal 0.482328 -0.51713 -0.707062
    outer loop
      vertex 14.9224 -15.4526 15.5
      vertex 16.1896 -17.2787 17.7
      vertex 14.3741 -15.964 15.5
    endloop
  endfacet
  facet normal 0.482194 -0.517282 -0.707042
    outer loop
      vertex 15.8461 -17.5989 17.7
      vertex 14.3741 -15.964 15.5
      vertex 16.1896 -17.2787 17.7
    endloop
  endfacet
  facet normal 0.482254 -0.517195 0.707064
    outer loop
      vertex 16.4507 -17.0352 13.3
      vertex 14.9224 -15.4526 15.5
      vertex 16.1073 -17.3554 13.3
    endloop
  endfacet
  facet normal 0.482333 -0.517135 0.707055
    outer loop
      vertex 14.3741 -15.964 15.5
      vertex 16.1073 -17.3554 13.3
      vertex 14.9224 -15.4526 15.5
    endloop
  endfacet
  facet normal 0.482213 -0.517265 0.707042
    outer loop
      vertex 16.1073 -17.3554 13.3
      vertex 14.3741 -15.964 15.5
      vertex 15.8461 -17.5989 13.3
    endloop
  endfacet
  facet normal 0.464074 -0.533596 -0.707043
    outer loop
      vertex 15.5767 -17.8332 17.7
      vertex 14.3741 -15.964 15.5
      vertex 15.8461 -17.5989 17.7
    endloop
  endfacet
  facet normal 0.463921 -0.533712 -0.707057
    outer loop
      vertex 14.3741 -15.964 15.5
      vertex 15.5767 -17.8332 17.7
      vertex 13.8082 -16.4559 15.5
    endloop
  endfacet
  facet normal 0.463876 -0.533759 -0.70705
    outer loop
      vertex 15.2223 -18.1412 17.7
      vertex 13.8082 -16.4559 15.5
      vertex 15.5767 -17.8332 17.7
    endloop
  endfacet
  facet normal 0.464042 -0.533625 0.707043
    outer loop
      vertex 15.8461 -17.5989 13.3
      vertex 14.3741 -15.964 15.5
      vertex 15.4918 -17.907 13.3
    endloop
  endfacet
  facet normal 0.463921 -0.533711 0.707057
    outer loop
      vertex 13.8082 -16.4559 15.5
      vertex 15.4918 -17.907 13.3
      vertex 14.3741 -15.964 15.5
    endloop
  endfacet
  facet normal 0.463858 -0.533774 0.707051
    outer loop
      vertex 15.4918 -17.907 13.3
      vertex 13.8082 -16.4559 15.5
      vertex 15.2223 -18.1412 13.3
    endloop
  endfacet
  facet normal 0.445015 -0.549584 -0.70705
    outer loop
      vertex 14.9448 -18.3659 17.7
      vertex 13.8082 -16.4559 15.5
      vertex 15.2223 -18.1412 17.7
    endloop
  endfacet
  facet normal 0.445008 -0.549589 -0.70705
    outer loop
      vertex 13.8082 -16.4559 15.5
      vertex 14.9448 -18.3659 17.7
      vertex 13.2254 -16.9278 15.5
    endloop
  endfacet
  facet normal 0.445039 -0.549559 -0.707054
    outer loop
      vertex 14.5799 -18.6614 17.7
      vertex 13.2254 -16.9278 15.5
      vertex 14.9448 -18.3659 17.7
    endloop
  endfacet
  facet normal 0.445041 -0.549562 0.70705
    outer loop
      vertex 15.2223 -18.1412 13.3
      vertex 13.8082 -16.4559 15.5
      vertex 14.8574 -18.4367 13.3
    endloop
  endfacet
  facet normal 0.445006 -0.549586 0.707054
    outer loop
      vertex 13.2254 -16.9278 15.5
      vertex 14.8574 -18.4367 13.3
      vertex 13.8082 -16.4559 15.5
    endloop
  endfacet
  facet normal 0.445011 -0.54958 0.707055
    outer loop
      vertex 14.8574 -18.4367 13.3
      vertex 13.2254 -16.9278 15.5
      vertex 14.5799 -18.6614 13.3
    endloop
  endfacet
  facet normal 0.425562 -0.564776 -0.707054
    outer loop
      vertex 14.2947 -18.8763 17.7
      vertex 13.2254 -16.9278 15.5
      vertex 14.5799 -18.6614 17.7
    endloop
  endfacet
  facet normal 0.425626 -0.564735 -0.707049
    outer loop
      vertex 13.2254 -16.9278 15.5
      vertex 14.2947 -18.8763 17.7
      vertex 12.6266 -17.3791 15.5
    endloop
  endfacet
  facet normal 0.425601 -0.564757 -0.707045
    outer loop
      vertex 13.9197 -19.1589 17.7
      vertex 12.6266 -17.3791 15.5
      vertex 14.2947 -18.8763 17.7
    endloop
  endfacet
  facet normal 0.425596 -0.56475 0.707054
    outer loop
      vertex 14.5799 -18.6614 13.3
      vertex 13.2254 -16.9278 15.5
      vertex 14.2049 -18.944 13.3
    endloop
  endfacet
  facet normal 0.425624 -0.564732 0.707051
    outer loop
      vertex 12.6266 -17.3791 15.5
      vertex 14.2049 -18.944 13.3
      vertex 13.2254 -16.9278 15.5
    endloop
  endfacet
  facet normal 0.425567 -0.564782 0.707046
    outer loop
      vertex 14.2049 -18.944 13.3
      vertex 12.6266 -17.3791 15.5
      vertex 13.9197 -19.1589 13.3
    endloop
  endfacet
  facet normal 0.405693 -0.579222 -0.707046
    outer loop
      vertex 13.6273 -19.3637 17.7
      vertex 12.6266 -17.3791 15.5
      vertex 13.9197 -19.1589 17.7
    endloop
  endfacet
  facet normal 0.405566 -0.579299 -0.707057
    outer loop
      vertex 12.6266 -17.3791 15.5
      vertex 13.6273 -19.3637 17.7
      vertex 12.0124 -17.8091 15.5
    endloop
  endfacet
  facet normal 0.40554 -0.579321 -0.707054
    outer loop
      vertex 13.2426 -19.633 17.7
      vertex 12.0124 -17.8091 15.5
      vertex 13.6273 -19.3637 17.7
    endloop
  endfacet
  facet normal 0.405615 -0.579278 0.707045
    outer loop
      vertex 13.9197 -19.1589 13.3
      vertex 12.6266 -17.3791 15.5
      vertex 13.5351 -19.4282 13.3
    endloop
  endfacet
  facet normal 0.405569 -0.579304 0.707051
    outer loop
      vertex 12.0124 -17.8091 15.5
      vertex 13.5351 -19.4282 13.3
      vertex 12.6266 -17.3791 15.5
    endloop
  endfacet
  facet normal 0.405596 -0.579282 0.707053
    outer loop
      vertex 13.5351 -19.4282 13.3
      vertex 12.0124 -17.8091 15.5
      vertex 13.2426 -19.633 13.3
    endloop
  endfacet
  facet normal 0.38524 -0.593013 -0.707054
    outer loop
      vertex 12.9432 -19.8275 17.7
      vertex 12.0124 -17.8091 15.5
      vertex 13.2426 -19.633 17.7
    endloop
  endfacet
  facet normal 0.385179 -0.593047 -0.707059
    outer loop
      vertex 12.0124 -17.8091 15.5
      vertex 12.9432 -19.8275 17.7
      vertex 11.3836 -18.2175 15.5
    endloop
  endfacet
  facet normal 0.38511 -0.593102 -0.707051
    outer loop
      vertex 12.5494 -20.0832 17.7
      vertex 11.3836 -18.2175 15.5
      vertex 12.9432 -19.8275 17.7
    endloop
  endfacet
  facet normal 0.385109 -0.5931 0.707053
    outer loop
      vertex 13.2426 -19.633 13.3
      vertex 12.0124 -17.8091 15.5
      vertex 12.8488 -19.8887 13.3
    endloop
  endfacet
  facet normal 0.385187 -0.59306 0.707044
    outer loop
      vertex 11.3836 -18.2175 15.5
      vertex 12.8488 -19.8887 13.3
      vertex 12.0124 -17.8091 15.5
    endloop
  endfacet
  facet normal 0.385243 -0.593017 0.707049
    outer loop
      vertex 12.8488 -19.8887 13.3
      vertex 11.3836 -18.2175 15.5
      vertex 12.5494 -20.0832 13.3
    endloop
  endfacet
  facet normal 0.364182 -0.606178 -0.70705
    outer loop
      vertex 12.2433 -20.2671 17.7
      vertex 11.3836 -18.2175 15.5
      vertex 12.5494 -20.0832 17.7
    endloop
  endfacet
  facet normal 0.364194 -0.606172 -0.707049
    outer loop
      vertex 11.3836 -18.2175 15.5
      vertex 12.2433 -20.2671 17.7
      vertex 10.7408 -18.6037 15.5
    endloop
  endfacet
  facet normal 0.364167 -0.606192 -0.707046
    outer loop
      vertex 11.8408 -20.5089 17.7
      vertex 10.7408 -18.6037 15.5
      vertex 12.2433 -20.2671 17.7
    endloop
  endfacet
  facet normal 0.364275 -0.606121 0.707051
    outer loop
      vertex 12.5494 -20.0832 13.3
      vertex 11.3836 -18.2175 15.5
      vertex 12.1469 -20.3251 13.3
    endloop
  endfacet
  facet normal 0.364188 -0.606162 0.70706
    outer loop
      vertex 10.7408 -18.6037 15.5
      vertex 12.1469 -20.3251 13.3
      vertex 11.3836 -18.2175 15.5
    endloop
  endfacet
  facet normal 0.364038 -0.606268 0.707047
    outer loop
      vertex 12.1469 -20.3251 13.3
      vertex 10.7408 -18.6037 15.5
      vertex 11.8408 -20.5089 13.3
    endloop
  endfacet
  facet normal 0.34291 -0.618465 -0.707046
    outer loop
      vertex 11.5286 -20.682 17.7
      vertex 10.7408 -18.6037 15.5
      vertex 11.8408 -20.5089 17.7
    endloop
  endfacet
  facet normal 0.342827 -0.618504 -0.707052
    outer loop
      vertex 10.7408 -18.6037 15.5
      vertex 11.5286 -20.682 17.7
      vertex 10.085 -18.9672 15.5
    endloop
  endfacet
  facet normal 0.342887 -0.618462 -0.707059
    outer loop
      vertex 11.1179 -20.9097 17.7
      vertex 10.085 -18.9672 15.5
      vertex 11.5286 -20.682 17.7
    endloop
  endfacet
  facet normal 0.342958 -0.618438 0.707046
    outer loop
      vertex 11.8408 -20.5089 13.3
      vertex 10.7408 -18.6037 15.5
      vertex 11.4302 -20.7366 13.3
    endloop
  endfacet
  facet normal 0.342823 -0.618496 0.707061
    outer loop
      vertex 10.085 -18.9672 15.5
      vertex 11.4302 -20.7366 13.3
      vertex 10.7408 -18.6037 15.5
    endloop
  endfacet
  facet normal 0.342819 -0.618499 0.70706
    outer loop
      vertex 11.4302 -20.7366 13.3
      vertex 10.085 -18.9672 15.5
      vertex 11.1179 -20.9097 13.3
    endloop
  endfacet
  facet normal 0.320993 -0.630104 -0.707059
    outer loop
      vertex 10.7997 -21.0718 17.7
      vertex 10.085 -18.9672 15.5
      vertex 11.1179 -20.9097 17.7
    endloop
  endfacet
  facet normal 0.321052 -0.630079 -0.707055
    outer loop
      vertex 10.085 -18.9672 15.5
      vertex 10.7997 -21.0718 17.7
      vertex 9.41695 -19.3076 15.5
    endloop
  endfacet
  facet normal 0.321118 -0.630037 -0.707062
    outer loop
      vertex 10.3814 -21.285 17.7
      vertex 9.41695 -19.3076 15.5
      vertex 10.7997 -21.0718 17.7
    endloop
  endfacet
  facet normal 0.321058 -0.63007 0.70706
    outer loop
      vertex 11.1179 -20.9097 13.3
      vertex 10.085 -18.9672 15.5
      vertex 10.6995 -21.1229 13.3
    endloop
  endfacet
  facet normal 0.321049 -0.630073 0.707061
    outer loop
      vertex 9.41695 -19.3076 15.5
      vertex 10.6995 -21.1229 13.3
      vertex 10.085 -18.9672 15.5
    endloop
  endfacet
  facet normal 0.321071 -0.63006 0.707063
    outer loop
      vertex 10.6995 -21.1229 13.3
      vertex 9.41695 -19.3076 15.5
      vertex 10.3814 -21.285 13.3
    endloop
  endfacet
  facet normal 0.298859 -0.640894 -0.707063
    outer loop
      vertex 10.0578 -21.4359 17.7
      vertex 9.41695 -19.3076 15.5
      vertex 10.3814 -21.285 17.7
    endloop
  endfacet
  facet normal 0.298867 -0.640891 -0.707062
    outer loop
      vertex 9.41695 -19.3076 15.5
      vertex 10.0578 -21.4359 17.7
      vertex 8.73739 -19.6245 15.5
    endloop
  endfacet
  facet normal 0.29879 -0.640937 -0.707054
    outer loop
      vertex 9.63221 -21.6343 17.7
      vertex 8.73739 -19.6245 15.5
      vertex 10.0578 -21.4359 17.7
    endloop
  endfacet
  facet normal 0.298786 -0.640929 0.707062
    outer loop
      vertex 10.3814 -21.285 13.3
      vertex 9.41695 -19.3076 15.5
      vertex 9.95581 -21.4834 13.3
    endloop
  endfacet
  facet normal 0.298871 -0.640899 0.707053
    outer loop
      vertex 8.73739 -19.6245 15.5
      vertex 9.95581 -21.4834 13.3
      vertex 9.41695 -19.3076 15.5
    endloop
  endfacet
  facet normal 0.298864 -0.640903 0.707053
    outer loop
      vertex 9.95581 -21.4834 13.3
      vertex 8.73739 -19.6245 15.5
      vertex 9.63221 -21.6343 13.3
    endloop
  endfacet
  facet normal 0.276289 -0.650954 -0.707053
    outer loop
      vertex 9.30354 -21.7738 17.7
      vertex 8.73739 -19.6245 15.5
      vertex 9.63221 -21.6343 17.7
    endloop
  endfacet
  facet normal 0.27633 -0.65094 -0.70705
    outer loop
      vertex 8.73739 -19.6245 15.5
      vertex 9.30354 -21.7738 17.7
      vertex 8.04718 -19.9175 15.5
    endloop
  endfacet
  facet normal 0.276353 -0.650927 -0.707052
    outer loop
      vertex 8.87132 -21.9573 17.7
      vertex 8.04718 -19.9175 15.5
      vertex 9.30354 -21.7738 17.7
    endloop
  endfacet
  facet normal 0.276352 -0.650926 0.707053
    outer loop
      vertex 9.63221 -21.6343 13.3
      vertex 8.73739 -19.6245 15.5
      vertex 9.19999 -21.8178 13.3
    endloop
  endfacet
  facet normal 0.276327 -0.650934 0.707056
    outer loop
      vertex 8.04718 -19.9175 15.5
      vertex 9.19999 -21.8178 13.3
      vertex 8.73739 -19.6245 15.5
    endloop
  endfacet
  facet normal 0.276289 -0.650954 0.707053
    outer loop
      vertex 9.19999 -21.8178 13.3
      vertex 8.04718 -19.9175 15.5
      vertex 8.87132 -21.9573 13.3
    endloop
  endfacet
  facet normal 0.253325 -0.66023 -0.707052
    outer loop
      vertex 8.53798 -22.0852 17.7
      vertex 8.04718 -19.9175 15.5
      vertex 8.87132 -21.9573 17.7
    endloop
  endfacet
  facet normal 0.25342 -0.660202 -0.707045
    outer loop
      vertex 8.04718 -19.9175 15.5
      vertex 8.53798 -22.0852 17.7
      vertex 7.34717 -20.1862 15.5
    endloop
  endfacet
  facet normal 0.253464 -0.66018 -0.707049
    outer loop
      vertex 8.53798 -22.0852 17.7
      vertex 8.09962 -22.2535 17.7
      vertex 7.34717 -20.1862 15.5
    endloop
  endfacet
  facet normal 0.253457 -0.660179 0.707053
    outer loop
      vertex 8.87132 -21.9573 13.3
      vertex 8.04718 -19.9175 15.5
      vertex 8.43295 -22.1256 13.3
    endloop
  endfacet
  facet normal 0.253415 -0.66019 0.707057
    outer loop
      vertex 7.34717 -20.1862 15.5
      vertex 8.43295 -22.1256 13.3
      vertex 8.04718 -19.9175 15.5
    endloop
  endfacet
  facet normal 0.253332 -0.660229 0.707051
    outer loop
      vertex 8.43295 -22.1256 13.3
      vertex 7.34717 -20.1862 15.5
      vertex 8.09962 -22.2535 13.3
    endloop
  endfacet
  facet normal 0.230321 -0.668604 -0.70705
    outer loop
      vertex 7.76201 -22.3698 17.7
      vertex 7.34717 -20.1862 15.5
      vertex 8.09962 -22.2535 17.7
    endloop
  endfacet
  facet normal 0.230215 -0.668633 -0.707058
    outer loop
      vertex 7.34717 -20.1862 15.5
      vertex 7.76201 -22.3698 17.7
      vertex 6.63821 -20.4303 15.5
    endloop
  endfacet
  facet normal 0.230134 -0.66867 -0.70705
    outer loop
      vertex 7.31804 -22.5226 17.7
      vertex 6.63821 -20.4303 15.5
      vertex 7.76201 -22.3698 17.7
    endloop
  endfacet
  facet normal 0.230269 -0.668623 0.70705
    outer loop
      vertex 8.09962 -22.2535 13.3
      vertex 7.34717 -20.1862 15.5
      vertex 7.65565 -22.4064 13.3
    endloop
  endfacet
  facet normal 0.230216 -0.668636 0.707055
    outer loop
      vertex 6.63821 -20.4303 15.5
      vertex 7.65565 -22.4064 13.3
      vertex 7.34717 -20.1862 15.5
    endloop
  endfacet
  facet normal 0.230144 -0.668666 0.70705
    outer loop
      vertex 7.65565 -22.4064 13.3
      vertex 6.63821 -20.4303 15.5
      vertex 7.31804 -22.5226 13.3
    endloop
  endfacet
  facet normal 0.20677 -0.67626 -0.707049
    outer loop
      vertex 6.97659 -22.627 17.7
      vertex 6.63821 -20.4303 15.5
      vertex 7.31804 -22.5226 17.7
    endloop
  endfacet
  facet normal 0.206733 -0.676269 -0.707052
    outer loop
      vertex 6.63821 -20.4303 15.5
      vertex 6.97659 -22.627 17.7
      vertex 5.92116 -20.6495 15.5
    endloop
  endfacet
  facet normal 0.206777 -0.67625 -0.707056
    outer loop
      vertex 6.52756 -22.7643 17.7
      vertex 5.92116 -20.6495 15.5
      vertex 6.97659 -22.627 17.7
    endloop
  endfacet
  facet normal 0.206779 -0.676257 0.707049
    outer loop
      vertex 7.31804 -22.5226 13.3
      vertex 6.63821 -20.4303 15.5
      vertex 6.86901 -22.6599 13.3
    endloop
  endfacet
  facet normal 0.206733 -0.676267 0.707054
    outer loop
      vertex 5.92116 -20.6495 15.5
      vertex 6.86901 -22.6599 13.3
      vertex 6.63821 -20.4303 15.5
    endloop
  endfacet
  facet normal 0.206768 -0.676253 0.707056
    outer loop
      vertex 6.86901 -22.6599 13.3
      vertex 5.92116 -20.6495 15.5
      vertex 6.52756 -22.7643 13.3
    endloop
  endfacet
  facet normal 0.183002 -0.683068 -0.707056
    outer loop
      vertex 6.18267 -22.8567 17.7
      vertex 5.92116 -20.6495 15.5
      vertex 6.52756 -22.7643 17.7
    endloop
  endfacet
  facet normal 0.183055 -0.683058 -0.707052
    outer loop
      vertex 5.92116 -20.6495 15.5
      vertex 6.18267 -22.8567 17.7
      vertex 5.19689 -20.8436 15.5
    endloop
  endfacet
  facet normal 0.182989 -0.683083 -0.707046
    outer loop
      vertex 5.72912 -22.9782 17.7
      vertex 5.19689 -20.8436 15.5
      vertex 6.18267 -22.8567 17.7
    endloop
  endfacet
  facet normal 0.182986 -0.683072 0.707056
    outer loop
      vertex 6.52756 -22.7643 13.3
      vertex 5.92116 -20.6495 15.5
      vertex 6.07401 -22.8858 13.3
    endloop
  endfacet
  facet normal 0.183056 -0.683061 0.707049
    outer loop
      vertex 5.19689 -20.8436 15.5
      vertex 6.07401 -22.8858 13.3
      vertex 5.92116 -20.6495 15.5
    endloop
  endfacet
  facet normal 0.183005 -0.683078 0.707045
    outer loop
      vertex 6.07401 -22.8858 13.3
      vertex 5.19689 -20.8436 15.5
      vertex 5.72912 -22.9782 13.3
    endloop
  endfacet
  facet normal 0.15923 -0.689007 -0.707046
    outer loop
      vertex 5.38122 -23.0586 17.7
      vertex 5.19689 -20.8436 15.5
      vertex 5.72912 -22.9782 17.7
    endloop
  endfacet
  facet normal 0.159101 -0.689028 -0.707056
    outer loop
      vertex 5.19689 -20.8436 15.5
      vertex 5.38122 -23.0586 17.7
      vertex 4.46629 -21.0123 15.5
    endloop
  endfacet
  facet normal 0.159039 -0.689048 -0.70705
    outer loop
      vertex 5.38122 -23.0586 17.7
      vertex 4.9237 -23.1642 17.7
      vertex 4.46629 -21.0123 15.5
    endloop
  endfacet
  facet normal 0.159183 -0.689019 0.707046
    outer loop
      vertex 5.2716 -23.0839 13.3
      vertex 5.72912 -22.9782 13.3
      vertex 5.19689 -20.8436 15.5
    endloop
  endfacet
  facet normal 0.159101 -0.689029 0.707054
    outer loop
      vertex 4.46629 -21.0123 15.5
      vertex 5.2716 -23.0839 13.3
      vertex 5.19689 -20.8436 15.5
    endloop
  endfacet
  facet normal 0.159041 -0.689048 0.70705
    outer loop
      vertex 5.2716 -23.0839 13.3
      vertex 4.46629 -21.0123 15.5
      vertex 4.9237 -23.1642 13.3
    endloop
  endfacet
  facet normal 0.134879 -0.694183 -0.707049
    outer loop
      vertex 4.57321 -23.2323 17.7
      vertex 4.46629 -21.0123 15.5
      vertex 4.9237 -23.1642 17.7
    endloop
  endfacet
  facet normal 0.13487 -0.694184 -0.707049
    outer loop
      vertex 4.46629 -21.0123 15.5
      vertex 4.57321 -23.2323 17.7
      vertex 3.73026 -21.1553 15.5
    endloop
  endfacet
  facet normal 0.134938 -0.694164 -0.707056
    outer loop
      vertex 4.11228 -23.3219 17.7
      vertex 3.73026 -21.1553 15.5
      vertex 4.57321 -23.2323 17.7
    endloop
  endfacet
  facet normal 0.134942 -0.69417 0.707049
    outer loop
      vertex 4.46629 -21.0123 15.5
      vertex 4.46278 -23.2538 13.3
      vertex 4.9237 -23.1642 13.3
    endloop
  endfacet
  facet normal 0.134869 -0.694177 0.707056
    outer loop
      vertex 3.73026 -21.1553 15.5
      vertex 4.46278 -23.2538 13.3
      vertex 4.46629 -21.0123 15.5
    endloop
  endfacet
  facet normal 0.134874 -0.694175 0.707057
    outer loop
      vertex 4.46278 -23.2538 13.3
      vertex 3.73026 -21.1553 15.5
      vertex 4.11228 -23.3219 13.3
    endloop
  endfacet
  facet normal 0.110709 -0.698437 -0.707057
    outer loop
      vertex 3.75962 -23.3778 17.7
      vertex 3.73026 -21.1553 15.5
      vertex 4.11228 -23.3219 17.7
    endloop
  endfacet
  facet normal 0.110625 -0.698444 -0.707063
    outer loop
      vertex 3.73026 -21.1553 15.5
      vertex 3.75962 -23.3778 17.7
      vertex 2.98967 -21.2726 15.5
    endloop
  endfacet
  facet normal 0.110545 -0.698465 -0.707055
    outer loop
      vertex 3.29585 -23.4512 17.7
      vertex 2.98967 -21.2726 15.5
      vertex 3.75962 -23.3778 17.7
    endloop
  endfacet
  facet normal 0.110691 -0.69844 0.707057
    outer loop
      vertex 3.64851 -23.3954 13.3
      vertex 4.11228 -23.3219 13.3
      vertex 3.73026 -21.1553 15.5
    endloop
  endfacet
  facet normal 0.110625 -0.698444 0.707064
    outer loop
      vertex 2.98967 -21.2726 15.5
      vertex 3.64851 -23.3954 13.3
      vertex 3.73026 -21.1553 15.5
    endloop
  endfacet
  facet normal 0.110516 -0.698469 0.707055
    outer loop
      vertex 3.64851 -23.3954 13.3
      vertex 2.98967 -21.2726 15.5
      vertex 3.29585 -23.4512 13.3
    endloop
  endfacet
  facet normal 0.0861545 -0.701891 -0.707054
    outer loop
      vertex 2.94146 -23.4947 17.7
      vertex 2.98967 -21.2726 15.5
      vertex 3.29585 -23.4512 17.7
    endloop
  endfacet
  facet normal 0.0862012 -0.701889 -0.707051
    outer loop
      vertex 2.98967 -21.2726 15.5
      vertex 2.94146 -23.4947 17.7
      vertex 2.24545 -21.364 15.5
    endloop
  endfacet
  facet normal 0.0862935 -0.701868 -0.70706
    outer loop
      vertex 2.47541 -23.552 17.7
      vertex 2.24545 -21.364 15.5
      vertex 2.94146 -23.4947 17.7
    endloop
  endfacet
  facet normal 0.0861458 -0.701893 0.707054
    outer loop
      vertex 3.29585 -23.4512 13.3
      vertex 2.98967 -21.2726 15.5
      vertex 2.8298 -23.5084 13.3
    endloop
  endfacet
  facet normal 0.0862015 -0.701891 0.707049
    outer loop
      vertex 2.24545 -21.364 15.5
      vertex 2.8298 -23.5084 13.3
      vertex 2.98967 -21.2726 15.5
    endloop
  endfacet
  facet normal 0.0863489 -0.701862 0.70706
    outer loop
      vertex 2.8298 -23.5084 13.3
      vertex 2.24545 -21.364 15.5
      vertex 2.47541 -23.552 13.3
    endloop
  endfacet
  facet normal 0.0615954 -0.704465 -0.707061
    outer loop
      vertex 2.11972 -23.5831 17.7
      vertex 2.24545 -21.364 15.5
      vertex 2.47541 -23.552 17.7
    endloop
  endfacet
  facet normal 0.0616792 -0.704464 -0.707055
    outer loop
      vertex 2.24545 -21.364 15.5
      vertex 2.11972 -23.5831 17.7
      vertex 1.49849 -21.4294 15.5
    endloop
  endfacet
  facet normal 0.0615969 -0.704479 -0.707047
    outer loop
      vertex 1.65195 -23.624 17.7
      vertex 1.49849 -21.4294 15.5
      vertex 2.11972 -23.5831 17.7
    endloop
  endfacet
  facet normal 0.061597 -0.704465 0.707061
    outer loop
      vertex 2.24545 -21.364 15.5
      vertex 2.00765 -23.5929 13.3
      vertex 2.47541 -23.552 13.3
    endloop
  endfacet
  facet normal 0.0616794 -0.704466 0.707053
    outer loop
      vertex 1.49849 -21.4294 15.5
      vertex 2.00765 -23.5929 13.3
      vertex 2.24545 -21.364 15.5
    endloop
  endfacet
  facet normal 0.0615949 -0.704479 0.707047
    outer loop
      vertex 2.00765 -23.5929 13.3
      vertex 1.49849 -21.4294 15.5
      vertex 1.65195 -23.624 13.3
    endloop
  endfacet
  facet normal 0.0370369 -0.706196 -0.707047
    outer loop
      vertex 1.29539 -23.6427 17.7
      vertex 1.49849 -21.4294 15.5
      vertex 1.65195 -23.624 17.7
    endloop
  endfacet
  facet normal 0.0369701 -0.706195 -0.707051
    outer loop
      vertex 1.49849 -21.4294 15.5
      vertex 1.29539 -23.6427 17.7
      vertex 0.7497 -21.4686 15.5
    endloop
  endfacet
  facet normal 0.0370478 -0.706183 -0.707059
    outer loop
      vertex 0.826479 -23.6673 17.7
      vertex 0.7497 -21.4686 15.5
      vertex 1.29539 -23.6427 17.7
    endloop
  endfacet
  facet normal 0.0370485 -0.706196 0.707047
    outer loop
      vertex 1.65195 -23.624 13.3
      vertex 1.49849 -21.4294 15.5
      vertex 1.18304 -23.6486 13.3
    endloop
  endfacet
  facet normal 0.03697 -0.706192 0.707054
    outer loop
      vertex 0.7497 -21.4686 15.5
      vertex 1.18304 -23.6486 13.3
      vertex 1.49849 -21.4294 15.5
    endloop
  endfacet
  facet normal 0.0370361 -0.706184 0.707059
    outer loop
      vertex 1.18304 -23.6486 13.3
      vertex 0.7497 -21.4686 15.5
      vertex 0.826479 -23.6673 13.3
    endloop
  endfacet
  facet normal 0.0123548 -0.707052 -0.707053
    outer loop
      vertex 0.7497 -21.4686 15.5
      vertex 0.469479 -23.6735 17.7
      vertex 0 -21.4817 15.5
    endloop
  endfacet
  facet normal 0.0122793 -0.707048 -0.707059
    outer loop
      vertex 0.469479 -23.6735 17.7
      vertex 0.7497 -21.4686 15.5
      vertex 0.826479 -23.6673 17.7
    endloop
  endfacet
  facet normal 0.0123495 -0.707053 -0.707053
    outer loop
      vertex 0.469479 -23.6735 17.7
      vertex 0 -23.6817 17.7
      vertex 0 -21.4817 15.5
    endloop
  endfacet
  facet normal 0.0123494 -0.707046 0.707059
    outer loop
      vertex 0.7497 -21.4686 15.5
      vertex 0.356999 -23.6755 13.3
      vertex 0.826479 -23.6673 13.3
    endloop
  endfacet
  facet normal 0.0122794 -0.707053 0.707053
    outer loop
      vertex 0.356999 -23.6755 13.3
      vertex 0 -21.4817 15.5
      vertex 0 -23.6817 13.3
    endloop
  endfacet
  facet normal 0.0123547 -0.707047 0.707059
    outer loop
      vertex 0 -21.4817 15.5
      vertex 0.356999 -23.6755 13.3
      vertex 0.7497 -21.4686 15.5
    endloop
  endfacet
  facet normal -0.0123547 -0.707047 -0.707059
    outer loop
      vertex 0 -21.4817 15.5
      vertex -0.356999 -23.6755 17.7
      vertex -0.7497 -21.4686 15.5
    endloop
  endfacet
  facet normal -0.0122794 -0.707053 -0.707053
    outer loop
      vertex -0.356999 -23.6755 17.7
      vertex 0 -21.4817 15.5
      vertex 0 -23.6817 17.7
    endloop
  endfacet
  facet normal -0.0123494 -0.707046 -0.707059
    outer loop
      vertex -0.356999 -23.6755 17.7
      vertex -0.826479 -23.6673 17.7
      vertex -0.7497 -21.4686 15.5
    endloop
  endfacet
  facet normal -0.0123495 -0.707053 0.707053
    outer loop
      vertex 0 -21.4817 15.5
      vertex -0.469479 -23.6735 13.3
      vertex 0 -23.6817 13.3
    endloop
  endfacet
  facet normal -0.0123548 -0.707052 0.707053
    outer loop
      vertex -0.7497 -21.4686 15.5
      vertex -0.469479 -23.6735 13.3
      vertex 0 -21.4817 15.5
    endloop
  endfacet
  facet normal -0.0122793 -0.707048 0.707059
    outer loop
      vertex -0.469479 -23.6735 13.3
      vertex -0.7497 -21.4686 15.5
      vertex -0.826479 -23.6673 13.3
    endloop
  endfacet
  facet normal -0.0370361 -0.706184 -0.707059
    outer loop
      vertex -1.18304 -23.6486 17.7
      vertex -0.7497 -21.4686 15.5
      vertex -0.826479 -23.6673 17.7
    endloop
  endfacet
  facet normal -0.03697 -0.706192 -0.707054
    outer loop
      vertex -0.7497 -21.4686 15.5
      vertex -1.18304 -23.6486 17.7
      vertex -1.49849 -21.4294 15.5
    endloop
  endfacet
  facet normal -0.0370485 -0.706196 -0.707047
    outer loop
      vertex -1.65195 -23.624 17.7
      vertex -1.49849 -21.4294 15.5
      vertex -1.18304 -23.6486 17.7
    endloop
  endfacet
  facet normal -0.0370478 -0.706183 0.707059
    outer loop
      vertex -0.826479 -23.6673 13.3
      vertex -0.7497 -21.4686 15.5
      vertex -1.29539 -23.6427 13.3
    endloop
  endfacet
  facet normal -0.0369701 -0.706195 0.707051
    outer loop
      vertex -1.49849 -21.4294 15.5
      vertex -1.29539 -23.6427 13.3
      vertex -0.7497 -21.4686 15.5
    endloop
  endfacet
  facet normal -0.0370369 -0.706196 0.707047
    outer loop
      vertex -1.49849 -21.4294 15.5
      vertex -1.65195 -23.624 13.3
      vertex -1.29539 -23.6427 13.3
    endloop
  endfacet
  facet normal -0.0615949 -0.704479 -0.707047
    outer loop
      vertex -2.00765 -23.5929 17.7
      vertex -1.49849 -21.4294 15.5
      vertex -1.65195 -23.624 17.7
    endloop
  endfacet
  facet normal -0.0616794 -0.704466 -0.707053
    outer loop
      vertex -1.49849 -21.4294 15.5
      vertex -2.00765 -23.5929 17.7
      vertex -2.24545 -21.364 15.5
    endloop
  endfacet
  facet normal -0.061597 -0.704465 -0.707061
    outer loop
      vertex -2.00765 -23.5929 17.7
      vertex -2.47541 -23.552 17.7
      vertex -2.24545 -21.364 15.5
    endloop
  endfacet
  facet normal -0.0615969 -0.704479 0.707047
    outer loop
      vertex -1.49849 -21.4294 15.5
      vertex -2.11972 -23.5831 13.3
      vertex -1.65195 -23.624 13.3
    endloop
  endfacet
  facet normal -0.0616792 -0.704464 0.707055
    outer loop
      vertex -2.24545 -21.364 15.5
      vertex -2.11972 -23.5831 13.3
      vertex -1.49849 -21.4294 15.5
    endloop
  endfacet
  facet normal -0.0615954 -0.704465 0.707061
    outer loop
      vertex -2.11972 -23.5831 13.3
      vertex -2.24545 -21.364 15.5
      vertex -2.47541 -23.552 13.3
    endloop
  endfacet
  facet normal -0.0863489 -0.701862 -0.70706
    outer loop
      vertex -2.8298 -23.5084 17.7
      vertex -2.24545 -21.364 15.5
      vertex -2.47541 -23.552 17.7
    endloop
  endfacet
  facet normal -0.0862015 -0.701891 -0.707049
    outer loop
      vertex -2.24545 -21.364 15.5
      vertex -2.8298 -23.5084 17.7
      vertex -2.98967 -21.2726 15.5
    endloop
  endfacet
  facet normal -0.0861458 -0.701893 -0.707054
    outer loop
      vertex -3.29585 -23.4512 17.7
      vertex -2.98967 -21.2726 15.5
      vertex -2.8298 -23.5084 17.7
    endloop
  endfacet
  facet normal -0.0862935 -0.701868 0.70706
    outer loop
      vertex -2.47541 -23.552 13.3
      vertex -2.24545 -21.364 15.5
      vertex -2.94146 -23.4947 13.3
    endloop
  endfacet
  facet normal -0.0862012 -0.701889 0.707051
    outer loop
      vertex -2.98967 -21.2726 15.5
      vertex -2.94146 -23.4947 13.3
      vertex -2.24545 -21.364 15.5
    endloop
  endfacet
  facet normal -0.0861545 -0.701891 0.707054
    outer loop
      vertex -2.98967 -21.2726 15.5
      vertex -3.29585 -23.4512 13.3
      vertex -2.94146 -23.4947 13.3
    endloop
  endfacet
  facet normal -0.110516 -0.698469 -0.707055
    outer loop
      vertex -3.64851 -23.3954 17.7
      vertex -2.98967 -21.2726 15.5
      vertex -3.29585 -23.4512 17.7
    endloop
  endfacet
  facet normal -0.110625 -0.698444 -0.707064
    outer loop
      vertex -2.98967 -21.2726 15.5
      vertex -3.64851 -23.3954 17.7
      vertex -3.73026 -21.1553 15.5
    endloop
  endfacet
  facet normal -0.110691 -0.69844 -0.707057
    outer loop
      vertex -3.64851 -23.3954 17.7
      vertex -4.11228 -23.3219 17.7
      vertex -3.73026 -21.1553 15.5
    endloop
  endfacet
  facet normal -0.110545 -0.698465 0.707055
    outer loop
      vertex -2.98967 -21.2726 15.5
      vertex -3.75962 -23.3778 13.3
      vertex -3.29585 -23.4512 13.3
    endloop
  endfacet
  facet normal -0.110625 -0.698444 0.707063
    outer loop
      vertex -3.73026 -21.1553 15.5
      vertex -3.75962 -23.3778 13.3
      vertex -2.98967 -21.2726 15.5
    endloop
  endfacet
  facet normal -0.110709 -0.698437 0.707057
    outer loop
      vertex -4.11228 -23.3219 13.3
      vertex -3.75962 -23.3778 13.3
      vertex -3.73026 -21.1553 15.5
    endloop
  endfacet
  facet normal -0.134874 -0.694175 -0.707057
    outer loop
      vertex -4.46278 -23.2538 17.7
      vertex -3.73026 -21.1553 15.5
      vertex -4.11228 -23.3219 17.7
    endloop
  endfacet
  facet normal -0.134869 -0.694177 -0.707056
    outer loop
      vertex -3.73026 -21.1553 15.5
      vertex -4.46278 -23.2538 17.7
      vertex -4.46629 -21.0123 15.5
    endloop
  endfacet
  facet normal -0.134942 -0.69417 -0.707049
    outer loop
      vertex -4.46278 -23.2538 17.7
      vertex -4.9237 -23.1642 17.7
      vertex -4.46629 -21.0123 15.5
    endloop
  endfacet
  facet normal -0.134938 -0.694164 0.707056
    outer loop
      vertex -3.73026 -21.1553 15.5
      vertex -4.57321 -23.2323 13.3
      vertex -4.11228 -23.3219 13.3
    endloop
  endfacet
  facet normal -0.13487 -0.694184 0.707049
    outer loop
      vertex -4.46629 -21.0123 15.5
      vertex -4.57321 -23.2323 13.3
      vertex -3.73026 -21.1553 15.5
    endloop
  endfacet
  facet normal -0.134879 -0.694183 0.707049
    outer loop
      vertex -4.57321 -23.2323 13.3
      vertex -4.46629 -21.0123 15.5
      vertex -4.9237 -23.1642 13.3
    endloop
  endfacet
  facet normal -0.159041 -0.689048 -0.70705
    outer loop
      vertex -5.2716 -23.0839 17.7
      vertex -4.46629 -21.0123 15.5
      vertex -4.9237 -23.1642 17.7
    endloop
  endfacet
  facet normal -0.159101 -0.689029 -0.707054
    outer loop
      vertex -4.46629 -21.0123 15.5
      vertex -5.2716 -23.0839 17.7
      vertex -5.19689 -20.8436 15.5
    endloop
  endfacet
  facet normal -0.159183 -0.689019 -0.707046
    outer loop
      vertex -5.2716 -23.0839 17.7
      vertex -5.72912 -22.9782 17.7
      vertex -5.19689 -20.8436 15.5
    endloop
  endfacet
  facet normal -0.159039 -0.689048 0.70705
    outer loop
      vertex -4.46629 -21.0123 15.5
      vertex -5.38122 -23.0586 13.3
      vertex -4.9237 -23.1642 13.3
    endloop
  endfacet
  facet normal -0.159101 -0.689028 0.707056
    outer loop
      vertex -5.19689 -20.8436 15.5
      vertex -5.38122 -23.0586 13.3
      vertex -4.46629 -21.0123 15.5
    endloop
  endfacet
  facet normal -0.15923 -0.689007 0.707046
    outer loop
      vertex -5.72912 -22.9782 13.3
      vertex -5.38122 -23.0586 13.3
      vertex -5.19689 -20.8436 15.5
    endloop
  endfacet
  facet normal -0.183005 -0.683078 -0.707045
    outer loop
      vertex -6.07401 -22.8858 17.7
      vertex -5.19689 -20.8436 15.5
      vertex -5.72912 -22.9782 17.7
    endloop
  endfacet
  facet normal -0.183056 -0.683061 -0.707049
    outer loop
      vertex -5.19689 -20.8436 15.5
      vertex -6.07401 -22.8858 17.7
      vertex -5.92116 -20.6495 15.5
    endloop
  endfacet
  facet normal -0.182986 -0.683072 -0.707056
    outer loop
      vertex -6.52756 -22.7643 17.7
      vertex -5.92116 -20.6495 15.5
      vertex -6.07401 -22.8858 17.7
    endloop
  endfacet
  facet normal -0.182989 -0.683083 0.707046
    outer loop
      vertex -5.19689 -20.8436 15.5
      vertex -6.18267 -22.8567 13.3
      vertex -5.72912 -22.9782 13.3
    endloop
  endfacet
  facet normal -0.183055 -0.683058 0.707052
    outer loop
      vertex -5.92116 -20.6495 15.5
      vertex -6.18267 -22.8567 13.3
      vertex -5.19689 -20.8436 15.5
    endloop
  endfacet
  facet normal -0.183002 -0.683068 0.707056
    outer loop
      vertex -5.92116 -20.6495 15.5
      vertex -6.52756 -22.7643 13.3
      vertex -6.18267 -22.8567 13.3
    endloop
  endfacet
  facet normal -0.206768 -0.676253 -0.707056
    outer loop
      vertex -6.86901 -22.6599 17.7
      vertex -5.92116 -20.6495 15.5
      vertex -6.52756 -22.7643 17.7
    endloop
  endfacet
  facet normal -0.206733 -0.676267 -0.707054
    outer loop
      vertex -5.92116 -20.6495 15.5
      vertex -6.86901 -22.6599 17.7
      vertex -6.63821 -20.4303 15.5
    endloop
  endfacet
  facet normal -0.206779 -0.676257 -0.707049
    outer loop
      vertex -6.86901 -22.6599 17.7
      vertex -7.31804 -22.5226 17.7
      vertex -6.63821 -20.4303 15.5
    endloop
  endfacet
  facet normal -0.206777 -0.67625 0.707056
    outer loop
      vertex -5.92116 -20.6495 15.5
      vertex -6.97659 -22.627 13.3
      vertex -6.52756 -22.7643 13.3
    endloop
  endfacet
  facet normal -0.206733 -0.676269 0.707052
    outer loop
      vertex -6.63821 -20.4303 15.5
      vertex -6.97659 -22.627 13.3
      vertex -5.92116 -20.6495 15.5
    endloop
  endfacet
  facet normal -0.20677 -0.67626 0.707049
    outer loop
      vertex -6.97659 -22.627 13.3
      vertex -6.63821 -20.4303 15.5
      vertex -7.31804 -22.5226 13.3
    endloop
  endfacet
  facet normal -0.230144 -0.668666 -0.70705
    outer loop
      vertex -7.65565 -22.4064 17.7
      vertex -6.63821 -20.4303 15.5
      vertex -7.31804 -22.5226 17.7
    endloop
  endfacet
  facet normal -0.230216 -0.668636 -0.707055
    outer loop
      vertex -6.63821 -20.4303 15.5
      vertex -7.65565 -22.4064 17.7
      vertex -7.34717 -20.1862 15.5
    endloop
  endfacet
  facet normal -0.230269 -0.668623 -0.70705
    outer loop
      vertex -7.65565 -22.4064 17.7
      vertex -8.09962 -22.2535 17.7
      vertex -7.34717 -20.1862 15.5
    endloop
  endfacet
  facet normal -0.230134 -0.66867 0.70705
    outer loop
      vertex -6.63821 -20.4303 15.5
      vertex -7.76201 -22.3698 13.3
      vertex -7.31804 -22.5226 13.3
    endloop
  endfacet
  facet normal -0.230215 -0.668633 0.707058
    outer loop
      vertex -7.34717 -20.1862 15.5
      vertex -7.76201 -22.3698 13.3
      vertex -6.63821 -20.4303 15.5
    endloop
  endfacet
  facet normal -0.230321 -0.668604 0.70705
    outer loop
      vertex -7.76201 -22.3698 13.3
      vertex -7.34717 -20.1862 15.5
      vertex -8.09962 -22.2535 13.3
    endloop
  endfacet
  facet normal -0.253332 -0.660229 -0.707051
    outer loop
      vertex -8.43295 -22.1256 17.7
      vertex -7.34717 -20.1862 15.5
      vertex -8.09962 -22.2535 17.7
    endloop
  endfacet
  facet normal -0.253415 -0.66019 -0.707057
    outer loop
      vertex -7.34717 -20.1862 15.5
      vertex -8.43295 -22.1256 17.7
      vertex -8.04718 -19.9175 15.5
    endloop
  endfacet
  facet normal -0.253457 -0.660179 -0.707053
    outer loop
      vertex -8.43295 -22.1256 17.7
      vertex -8.87132 -21.9573 17.7
      vertex -8.04718 -19.9175 15.5
    endloop
  endfacet
  facet normal -0.253464 -0.66018 0.707049
    outer loop
      vertex -7.34717 -20.1862 15.5
      vertex -8.53798 -22.0852 13.3
      vertex -8.09962 -22.2535 13.3
    endloop
  endfacet
  facet normal -0.25342 -0.660202 0.707045
    outer loop
      vertex -8.04718 -19.9175 15.5
      vertex -8.53798 -22.0852 13.3
      vertex -7.34717 -20.1862 15.5
    endloop
  endfacet
  facet normal -0.253325 -0.66023 0.707052
    outer loop
      vertex -8.53798 -22.0852 13.3
      vertex -8.04718 -19.9175 15.5
      vertex -8.87132 -21.9573 13.3
    endloop
  endfacet
  facet normal -0.276289 -0.650954 -0.707053
    outer loop
      vertex -9.19999 -21.8178 17.7
      vertex -8.04718 -19.9175 15.5
      vertex -8.87132 -21.9573 17.7
    endloop
  endfacet
  facet normal -0.276327 -0.650934 -0.707056
    outer loop
      vertex -8.04718 -19.9175 15.5
      vertex -9.19999 -21.8178 17.7
      vertex -8.73739 -19.6245 15.5
    endloop
  endfacet
  facet normal -0.276352 -0.650926 -0.707053
    outer loop
      vertex -9.19999 -21.8178 17.7
      vertex -9.63221 -21.6343 17.7
      vertex -8.73739 -19.6245 15.5
    endloop
  endfacet
  facet normal -0.276353 -0.650927 0.707052
    outer loop
      vertex -8.04718 -19.9175 15.5
      vertex -9.30354 -21.7738 13.3
      vertex -8.87132 -21.9573 13.3
    endloop
  endfacet
  facet normal -0.27633 -0.65094 0.70705
    outer loop
      vertex -8.73739 -19.6245 15.5
      vertex -9.30354 -21.7738 13.3
      vertex -8.04718 -19.9175 15.5
    endloop
  endfacet
  facet normal -0.276289 -0.650954 0.707053
    outer loop
      vertex -9.30354 -21.7738 13.3
      vertex -8.73739 -19.6245 15.5
      vertex -9.63221 -21.6343 13.3
    endloop
  endfacet
  facet normal -0.298864 -0.640903 -0.707053
    outer loop
      vertex -9.95581 -21.4834 17.7
      vertex -8.73739 -19.6245 15.5
      vertex -9.63221 -21.6343 17.7
    endloop
  endfacet
  facet normal -0.298871 -0.640899 -0.707053
    outer loop
      vertex -8.73739 -19.6245 15.5
      vertex -9.95581 -21.4834 17.7
      vertex -9.41695 -19.3076 15.5
    endloop
  endfacet
  facet normal -0.298786 -0.640929 -0.707062
    outer loop
      vertex -10.3814 -21.285 17.7
      vertex -9.41695 -19.3076 15.5
      vertex -9.95581 -21.4834 17.7
    endloop
  endfacet
  facet normal -0.29879 -0.640937 0.707054
    outer loop
      vertex -8.73739 -19.6245 15.5
      vertex -10.0578 -21.4359 13.3
      vertex -9.63221 -21.6343 13.3
    endloop
  endfacet
  facet normal -0.298867 -0.640891 0.707062
    outer loop
      vertex -9.41695 -19.3076 15.5
      vertex -10.0578 -21.4359 13.3
      vertex -8.73739 -19.6245 15.5
    endloop
  endfacet
  facet normal -0.298859 -0.640894 0.707063
    outer loop
      vertex -10.0578 -21.4359 13.3
      vertex -9.41695 -19.3076 15.5
      vertex -10.3814 -21.285 13.3
    endloop
  endfacet
  facet normal -0.321071 -0.63006 -0.707063
    outer loop
      vertex -10.6995 -21.1229 17.7
      vertex -9.41695 -19.3076 15.5
      vertex -10.3814 -21.285 17.7
    endloop
  endfacet
  facet normal -0.321049 -0.630073 -0.707061
    outer loop
      vertex -9.41695 -19.3076 15.5
      vertex -10.6995 -21.1229 17.7
      vertex -10.085 -18.9672 15.5
    endloop
  endfacet
  facet normal -0.321058 -0.63007 -0.70706
    outer loop
      vertex -10.6995 -21.1229 17.7
      vertex -11.1179 -20.9097 17.7
      vertex -10.085 -18.9672 15.5
    endloop
  endfacet
  facet normal -0.321118 -0.630037 0.707062
    outer loop
      vertex -9.41695 -19.3076 15.5
      vertex -10.7997 -21.0718 13.3
      vertex -10.3814 -21.285 13.3
    endloop
  endfacet
  facet normal -0.321052 -0.630079 0.707055
    outer loop
      vertex -10.085 -18.9672 15.5
      vertex -10.7997 -21.0718 13.3
      vertex -9.41695 -19.3076 15.5
    endloop
  endfacet
  facet normal -0.320993 -0.630104 0.707059
    outer loop
      vertex -10.7997 -21.0718 13.3
      vertex -10.085 -18.9672 15.5
      vertex -11.1179 -20.9097 13.3
    endloop
  endfacet
  facet normal -0.342819 -0.618499 -0.70706
    outer loop
      vertex -11.4302 -20.7366 17.7
      vertex -10.085 -18.9672 15.5
      vertex -11.1179 -20.9097 17.7
    endloop
  endfacet
  facet normal -0.342823 -0.618496 -0.707061
    outer loop
      vertex -10.085 -18.9672 15.5
      vertex -11.4302 -20.7366 17.7
      vertex -10.7408 -18.6037 15.5
    endloop
  endfacet
  facet normal -0.342958 -0.618438 -0.707046
    outer loop
      vertex -11.8408 -20.5089 17.7
      vertex -10.7408 -18.6037 15.5
      vertex -11.4302 -20.7366 17.7
    endloop
  endfacet
  facet normal -0.342887 -0.618462 0.707059
    outer loop
      vertex -10.085 -18.9672 15.5
      vertex -11.5286 -20.682 13.3
      vertex -11.1179 -20.9097 13.3
    endloop
  endfacet
  facet normal -0.342827 -0.618504 0.707052
    outer loop
      vertex -10.7408 -18.6037 15.5
      vertex -11.5286 -20.682 13.3
      vertex -10.085 -18.9672 15.5
    endloop
  endfacet
  facet normal -0.34291 -0.618465 0.707046
    outer loop
      vertex -10.7408 -18.6037 15.5
      vertex -11.8408 -20.5089 13.3
      vertex -11.5286 -20.682 13.3
    endloop
  endfacet
  facet normal -0.364038 -0.606268 -0.707047
    outer loop
      vertex -12.1469 -20.3251 17.7
      vertex -10.7408 -18.6037 15.5
      vertex -11.8408 -20.5089 17.7
    endloop
  endfacet
  facet normal -0.364188 -0.606162 -0.70706
    outer loop
      vertex -10.7408 -18.6037 15.5
      vertex -12.1469 -20.3251 17.7
      vertex -11.3836 -18.2175 15.5
    endloop
  endfacet
  facet normal -0.364275 -0.606121 -0.707051
    outer loop
      vertex -12.5494 -20.0832 17.7
      vertex -11.3836 -18.2175 15.5
      vertex -12.1469 -20.3251 17.7
    endloop
  endfacet
  facet normal -0.364167 -0.606192 0.707046
    outer loop
      vertex -10.7408 -18.6037 15.5
      vertex -12.2433 -20.2671 13.3
      vertex -11.8408 -20.5089 13.3
    endloop
  endfacet
  facet normal -0.364194 -0.606172 0.707049
    outer loop
      vertex -11.3836 -18.2175 15.5
      vertex -12.2433 -20.2671 13.3
      vertex -10.7408 -18.6037 15.5
    endloop
  endfacet
  facet normal -0.364182 -0.606178 0.70705
    outer loop
      vertex -12.2433 -20.2671 13.3
      vertex -11.3836 -18.2175 15.5
      vertex -12.5494 -20.0832 13.3
    endloop
  endfacet
  facet normal -0.385243 -0.593017 -0.707049
    outer loop
      vertex -12.8488 -19.8887 17.7
      vertex -11.3836 -18.2175 15.5
      vertex -12.5494 -20.0832 17.7
    endloop
  endfacet
  facet normal -0.385187 -0.59306 -0.707044
    outer loop
      vertex -11.3836 -18.2175 15.5
      vertex -12.8488 -19.8887 17.7
      vertex -12.0124 -17.8091 15.5
    endloop
  endfacet
  facet normal -0.385109 -0.5931 -0.707053
    outer loop
      vertex -13.2426 -19.633 17.7
      vertex -12.0124 -17.8091 15.5
      vertex -12.8488 -19.8887 17.7
    endloop
  endfacet
  facet normal -0.38511 -0.593102 0.707051
    outer loop
      vertex -11.3836 -18.2175 15.5
      vertex -12.9432 -19.8275 13.3
      vertex -12.5494 -20.0832 13.3
    endloop
  endfacet
  facet normal -0.385179 -0.593047 0.707059
    outer loop
      vertex -12.0124 -17.8091 15.5
      vertex -12.9432 -19.8275 13.3
      vertex -11.3836 -18.2175 15.5
    endloop
  endfacet
  facet normal -0.38524 -0.593013 0.707054
    outer loop
      vertex -12.9432 -19.8275 13.3
      vertex -12.0124 -17.8091 15.5
      vertex -13.2426 -19.633 13.3
    endloop
  endfacet
  facet normal -0.405596 -0.579282 -0.707053
    outer loop
      vertex -13.5351 -19.4282 17.7
      vertex -12.0124 -17.8091 15.5
      vertex -13.2426 -19.633 17.7
    endloop
  endfacet
  facet normal -0.405569 -0.579304 -0.707051
    outer loop
      vertex -12.0124 -17.8091 15.5
      vertex -13.5351 -19.4282 17.7
      vertex -12.6266 -17.3791 15.5
    endloop
  endfacet
  facet normal -0.405615 -0.579278 -0.707045
    outer loop
      vertex -13.5351 -19.4282 17.7
      vertex -13.9197 -19.1589 17.7
      vertex -12.6266 -17.3791 15.5
    endloop
  endfacet
  facet normal -0.40554 -0.579321 0.707054
    outer loop
      vertex -12.0124 -17.8091 15.5
      vertex -13.6273 -19.3637 13.3
      vertex -13.2426 -19.633 13.3
    endloop
  endfacet
  facet normal -0.405566 -0.579299 0.707057
    outer loop
      vertex -12.6266 -17.3791 15.5
      vertex -13.6273 -19.3637 13.3
      vertex -12.0124 -17.8091 15.5
    endloop
  endfacet
  facet normal -0.405693 -0.579222 0.707046
    outer loop
      vertex -13.6273 -19.3637 13.3
      vertex -12.6266 -17.3791 15.5
      vertex -13.9197 -19.1589 13.3
    endloop
  endfacet
  facet normal -0.425567 -0.564782 -0.707046
    outer loop
      vertex -14.2049 -18.944 17.7
      vertex -12.6266 -17.3791 15.5
      vertex -13.9197 -19.1589 17.7
    endloop
  endfacet
  facet normal -0.425624 -0.564732 -0.707051
    outer loop
      vertex -12.6266 -17.3791 15.5
      vertex -14.2049 -18.944 17.7
      vertex -13.2254 -16.9278 15.5
    endloop
  endfacet
  facet normal -0.425596 -0.56475 -0.707054
    outer loop
      vertex -14.5799 -18.6614 17.7
      vertex -13.2254 -16.9278 15.5
      vertex -14.2049 -18.944 17.7
    endloop
  endfacet
  facet normal -0.425601 -0.564757 0.707045
    outer loop
      vertex -13.9197 -19.1589 13.3
      vertex -12.6266 -17.3791 15.5
      vertex -14.2947 -18.8763 13.3
    endloop
  endfacet
  facet normal -0.425626 -0.564735 0.707049
    outer loop
      vertex -13.2254 -16.9278 15.5
      vertex -14.2947 -18.8763 13.3
      vertex -12.6266 -17.3791 15.5
    endloop
  endfacet
  facet normal -0.425562 -0.564776 0.707054
    outer loop
      vertex -14.2947 -18.8763 13.3
      vertex -13.2254 -16.9278 15.5
      vertex -14.5799 -18.6614 13.3
    endloop
  endfacet
  facet normal -0.445011 -0.54958 -0.707055
    outer loop
      vertex -14.8574 -18.4367 17.7
      vertex -13.2254 -16.9278 15.5
      vertex -14.5799 -18.6614 17.7
    endloop
  endfacet
  facet normal -0.445006 -0.549586 -0.707054
    outer loop
      vertex -13.2254 -16.9278 15.5
      vertex -14.8574 -18.4367 17.7
      vertex -13.8082 -16.4559 15.5
    endloop
  endfacet
  facet normal -0.445041 -0.549562 -0.70705
    outer loop
      vertex -14.8574 -18.4367 17.7
      vertex -15.2223 -18.1412 17.7
      vertex -13.8082 -16.4559 15.5
    endloop
  endfacet
  facet normal -0.445039 -0.549559 0.707054
    outer loop
      vertex -13.2254 -16.9278 15.5
      vertex -14.9448 -18.3659 13.3
      vertex -14.5799 -18.6614 13.3
    endloop
  endfacet
  facet normal -0.445008 -0.549589 0.70705
    outer loop
      vertex -13.8082 -16.4559 15.5
      vertex -14.9448 -18.3659 13.3
      vertex -13.2254 -16.9278 15.5
    endloop
  endfacet
  facet normal -0.445015 -0.549584 0.70705
    outer loop
      vertex -14.9448 -18.3659 13.3
      vertex -13.8082 -16.4559 15.5
      vertex -15.2223 -18.1412 13.3
    endloop
  endfacet
  facet normal -0.463858 -0.533774 -0.707051
    outer loop
      vertex -15.4918 -17.907 17.7
      vertex -13.8082 -16.4559 15.5
      vertex -15.2223 -18.1412 17.7
    endloop
  endfacet
  facet normal -0.463921 -0.533711 -0.707057
    outer loop
      vertex -13.8082 -16.4559 15.5
      vertex -15.4918 -17.907 17.7
      vertex -14.3741 -15.964 15.5
    endloop
  endfacet
  facet normal -0.464042 -0.533625 -0.707043
    outer loop
      vertex -15.8461 -17.5989 17.7
      vertex -14.3741 -15.964 15.5
      vertex -15.4918 -17.907 17.7
    endloop
  endfacet
  facet normal -0.463876 -0.533759 0.70705
    outer loop
      vertex -13.8082 -16.4559 15.5
      vertex -15.5767 -17.8332 13.3
      vertex -15.2223 -18.1412 13.3
    endloop
  endfacet
  facet normal -0.463921 -0.533712 0.707057
    outer loop
      vertex -14.3741 -15.964 15.5
      vertex -15.5767 -17.8332 13.3
      vertex -13.8082 -16.4559 15.5
    endloop
  endfacet
  facet normal -0.464074 -0.533596 0.707043
    outer loop
      vertex -15.5767 -17.8332 13.3
      vertex -14.3741 -15.964 15.5
      vertex -15.8461 -17.5989 13.3
    endloop
  endfacet
  facet normal -0.482213 -0.517265 -0.707042
    outer loop
      vertex -16.1073 -17.3554 17.7
      vertex -14.3741 -15.964 15.5
      vertex -15.8461 -17.5989 17.7
    endloop
  endfacet
  facet normal -0.482333 -0.517135 -0.707055
    outer loop
      vertex -14.3741 -15.964 15.5
      vertex -16.1073 -17.3554 17.7
      vertex -14.9224 -15.4526 15.5
    endloop
  endfacet
  facet normal -0.482254 -0.517195 -0.707064
    outer loop
      vertex -16.1073 -17.3554 17.7
      vertex -16.4507 -17.0352 17.7
      vertex -14.9224 -15.4526 15.5
    endloop
  endfacet
  facet normal -0.482194 -0.517282 0.707042
    outer loop
      vertex -14.3741 -15.964 15.5
      vertex -16.1896 -17.2787 13.3
      vertex -15.8461 -17.5989 13.3
    endloop
  endfacet
  facet normal -0.482328 -0.51713 0.707062
    outer loop
      vertex -14.9224 -15.4526 15.5
      vertex -16.1896 -17.2787 13.3
      vertex -14.3741 -15.964 15.5
    endloop
  endfacet
  facet normal -0.482296 -0.517156 0.707065
    outer loop
      vertex -16.1896 -17.2787 13.3
      vertex -14.9224 -15.4526 15.5
      vertex -16.4507 -17.0352 13.3
    endloop
  endfacet
  facet normal -0.50003 -0.50003 -0.707065
    outer loop
      vertex -16.4507 -17.0352 17.7
      vertex -15.4526 -14.9224 15.5
      vertex -14.9224 -15.4526 15.5
    endloop
  endfacet
  facet normal -0.50003 -0.50003 -0.707065
    outer loop
      vertex -15.4526 -14.9224 15.5
      vertex -16.4507 -17.0352 17.7
      vertex -17.0352 -16.4507 17.7
    endloop
  endfacet
  facet normal -0.50003 -0.50003 0.707065
    outer loop
      vertex -15.4526 -14.9224 15.5
      vertex -16.4507 -17.0352 13.3
      vertex -14.9224 -15.4526 15.5
    endloop
  endfacet
  facet normal -0.50003 -0.50003 0.707065
    outer loop
      vertex -16.4507 -17.0352 13.3
      vertex -15.4526 -14.9224 15.5
      vertex -17.0352 -16.4507 13.3
    endloop
  endfacet
  facet normal -0.517156 -0.482296 -0.707065
    outer loop
      vertex -17.2787 -16.1896 17.7
      vertex -15.4526 -14.9224 15.5
      vertex -17.0352 -16.4507 17.7
    endloop
  endfacet
  facet normal -0.51713 -0.482328 -0.707062
    outer loop
      vertex -15.4526 -14.9224 15.5
      vertex -17.2787 -16.1896 17.7
      vertex -15.964 -14.3741 15.5
    endloop
  endfacet
  facet normal -0.517282 -0.482194 -0.707042
    outer loop
      vertex -17.2787 -16.1896 17.7
      vertex -17.5989 -15.8461 17.7
      vertex -15.964 -14.3741 15.5
    endloop
  endfacet
  facet normal -0.517195 -0.482254 0.707064
    outer loop
      vertex -15.4526 -14.9224 15.5
      vertex -17.3554 -16.1073 13.3
      vertex -17.0352 -16.4507 13.3
    endloop
  endfacet
  facet normal -0.517135 -0.482333 0.707055
    outer loop
      vertex -15.964 -14.3741 15.5
      vertex -17.3554 -16.1073 13.3
      vertex -15.4526 -14.9224 15.5
    endloop
  endfacet
  facet normal -0.517265 -0.482213 0.707042
    outer loop
      vertex -17.3554 -16.1073 13.3
      vertex -15.964 -14.3741 15.5
      vertex -17.5989 -15.8461 13.3
    endloop
  endfacet
  facet normal -0.533596 -0.464074 -0.707043
    outer loop
      vertex -17.8332 -15.5767 17.7
      vertex -15.964 -14.3741 15.5
      vertex -17.5989 -15.8461 17.7
    endloop
  endfacet
  facet normal -0.533712 -0.463921 -0.707057
    outer loop
      vertex -15.964 -14.3741 15.5
      vertex -17.8332 -15.5767 17.7
      vertex -16.4559 -13.8082 15.5
    endloop
  endfacet
  facet normal -0.533759 -0.463876 -0.70705
    outer loop
      vertex -18.1412 -15.2223 17.7
      vertex -16.4559 -13.8082 15.5
      vertex -17.8332 -15.5767 17.7
    endloop
  endfacet
  facet normal -0.533625 -0.464042 0.707043
    outer loop
      vertex -15.964 -14.3741 15.5
      vertex -17.907 -15.4918 13.3
      vertex -17.5989 -15.8461 13.3
    endloop
  endfacet
  facet normal -0.533711 -0.463921 0.707057
    outer loop
      vertex -16.4559 -13.8082 15.5
      vertex -17.907 -15.4918 13.3
      vertex -15.964 -14.3741 15.5
    endloop
  endfacet
  facet normal -0.533774 -0.463858 0.707051
    outer loop
      vertex -17.907 -15.4918 13.3
      vertex -16.4559 -13.8082 15.5
      vertex -18.1412 -15.2223 13.3
    endloop
  endfacet
  facet normal -0.549584 -0.445015 -0.70705
    outer loop
      vertex -18.3659 -14.9448 17.7
      vertex -16.4559 -13.8082 15.5
      vertex -18.1412 -15.2223 17.7
    endloop
  endfacet
  facet normal -0.549589 -0.445008 -0.70705
    outer loop
      vertex -16.4559 -13.8082 15.5
      vertex -18.3659 -14.9448 17.7
      vertex -16.9278 -13.2254 15.5
    endloop
  endfacet
  facet normal -0.549559 -0.445039 -0.707054
    outer loop
      vertex -18.3659 -14.9448 17.7
      vertex -18.6614 -14.5799 17.7
      vertex -16.9278 -13.2254 15.5
    endloop
  endfacet
  facet normal -0.549562 -0.445041 0.70705
    outer loop
      vertex -16.4559 -13.8082 15.5
      vertex -18.4367 -14.8574 13.3
      vertex -18.1412 -15.2223 13.3
    endloop
  endfacet
  facet normal -0.549586 -0.445006 0.707054
    outer loop
      vertex -16.9278 -13.2254 15.5
      vertex -18.4367 -14.8574 13.3
      vertex -16.4559 -13.8082 15.5
    endloop
  endfacet
  facet normal -0.54958 -0.445011 0.707055
    outer loop
      vertex -18.4367 -14.8574 13.3
      vertex -16.9278 -13.2254 15.5
      vertex -18.6614 -14.5799 13.3
    endloop
  endfacet
  facet normal -0.564776 -0.425562 -0.707054
    outer loop
      vertex -18.8763 -14.2947 17.7
      vertex -16.9278 -13.2254 15.5
      vertex -18.6614 -14.5799 17.7
    endloop
  endfacet
  facet normal -0.564735 -0.425626 -0.707049
    outer loop
      vertex -16.9278 -13.2254 15.5
      vertex -18.8763 -14.2947 17.7
      vertex -17.3791 -12.6266 15.5
    endloop
  endfacet
  facet normal -0.564757 -0.425601 -0.707045
    outer loop
      vertex -19.1589 -13.9197 17.7
      vertex -17.3791 -12.6266 15.5
      vertex -18.8763 -14.2947 17.7
    endloop
  endfacet
  facet normal -0.56475 -0.425596 0.707054
    outer loop
      vertex -16.9278 -13.2254 15.5
      vertex -18.944 -14.2049 13.3
      vertex -18.6614 -14.5799 13.3
    endloop
  endfacet
  facet normal -0.564732 -0.425624 0.707051
    outer loop
      vertex -17.3791 -12.6266 15.5
      vertex -18.944 -14.2049 13.3
      vertex -16.9278 -13.2254 15.5
    endloop
  endfacet
  facet normal -0.564782 -0.425567 0.707046
    outer loop
      vertex -17.3791 -12.6266 15.5
      vertex -19.1589 -13.9197 13.3
      vertex -18.944 -14.2049 13.3
    endloop
  endfacet
  facet normal -0.579222 -0.405693 -0.707046
    outer loop
      vertex -19.3637 -13.6273 17.7
      vertex -17.3791 -12.6266 15.5
      vertex -19.1589 -13.9197 17.7
    endloop
  endfacet
  facet normal -0.579299 -0.405566 -0.707057
    outer loop
      vertex -17.3791 -12.6266 15.5
      vertex -19.3637 -13.6273 17.7
      vertex -17.8091 -12.0124 15.5
    endloop
  endfacet
  facet normal -0.579321 -0.40554 -0.707054
    outer loop
      vertex -19.3637 -13.6273 17.7
      vertex -19.633 -13.2426 17.7
      vertex -17.8091 -12.0124 15.5
    endloop
  endfacet
  facet normal -0.579278 -0.405615 0.707045
    outer loop
      vertex -17.3791 -12.6266 15.5
      vertex -19.4282 -13.5351 13.3
      vertex -19.1589 -13.9197 13.3
    endloop
  endfacet
  facet normal -0.579304 -0.405569 0.707051
    outer loop
      vertex -17.8091 -12.0124 15.5
      vertex -19.4282 -13.5351 13.3
      vertex -17.3791 -12.6266 15.5
    endloop
  endfacet
  facet normal -0.579282 -0.405596 0.707053
    outer loop
      vertex -19.4282 -13.5351 13.3
      vertex -17.8091 -12.0124 15.5
      vertex -19.633 -13.2426 13.3
    endloop
  endfacet
  facet normal -0.593013 -0.38524 -0.707054
    outer loop
      vertex -19.8275 -12.9432 17.7
      vertex -17.8091 -12.0124 15.5
      vertex -19.633 -13.2426 17.7
    endloop
  endfacet
  facet normal -0.593047 -0.385179 -0.707059
    outer loop
      vertex -17.8091 -12.0124 15.5
      vertex -19.8275 -12.9432 17.7
      vertex -18.2175 -11.3836 15.5
    endloop
  endfacet
  facet normal -0.593102 -0.38511 -0.707051
    outer loop
      vertex -19.8275 -12.9432 17.7
      vertex -20.0832 -12.5494 17.7
      vertex -18.2175 -11.3836 15.5
    endloop
  endfacet
  facet normal -0.5931 -0.385109 0.707053
    outer loop
      vertex -17.8091 -12.0124 15.5
      vertex -19.8887 -12.8488 13.3
      vertex -19.633 -13.2426 13.3
    endloop
  endfacet
  facet normal -0.59306 -0.385187 0.707044
    outer loop
      vertex -18.2175 -11.3836 15.5
      vertex -19.8887 -12.8488 13.3
      vertex -17.8091 -12.0124 15.5
    endloop
  endfacet
  facet normal -0.593017 -0.385243 0.707049
    outer loop
      vertex -19.8887 -12.8488 13.3
      vertex -18.2175 -11.3836 15.5
      vertex -20.0832 -12.5494 13.3
    endloop
  endfacet
  facet normal -0.606178 -0.364182 -0.70705
    outer loop
      vertex -20.2671 -12.2433 17.7
      vertex -18.2175 -11.3836 15.5
      vertex -20.0832 -12.5494 17.7
    endloop
  endfacet
  facet normal -0.606172 -0.364194 -0.707049
    outer loop
      vertex -18.2175 -11.3836 15.5
      vertex -20.2671 -12.2433 17.7
      vertex -18.6037 -10.7408 15.5
    endloop
  endfacet
  facet normal -0.606192 -0.364167 -0.707046
    outer loop
      vertex -20.2671 -12.2433 17.7
      vertex -20.5089 -11.8408 17.7
      vertex -18.6037 -10.7408 15.5
    endloop
  endfacet
  facet normal -0.606121 -0.364275 0.707051
    outer loop
      vertex -18.2175 -11.3836 15.5
      vertex -20.3251 -12.1469 13.3
      vertex -20.0832 -12.5494 13.3
    endloop
  endfacet
  facet normal -0.606162 -0.364188 0.70706
    outer loop
      vertex -18.6037 -10.7408 15.5
      vertex -20.3251 -12.1469 13.3
      vertex -18.2175 -11.3836 15.5
    endloop
  endfacet
  facet normal -0.606268 -0.364038 0.707047
    outer loop
      vertex -20.3251 -12.1469 13.3
      vertex -18.6037 -10.7408 15.5
      vertex -20.5089 -11.8408 13.3
    endloop
  endfacet
  facet normal -0.618465 -0.34291 -0.707046
    outer loop
      vertex -20.682 -11.5286 17.7
      vertex -18.6037 -10.7408 15.5
      vertex -20.5089 -11.8408 17.7
    endloop
  endfacet
  facet normal -0.618504 -0.342827 -0.707052
    outer loop
      vertex -18.6037 -10.7408 15.5
      vertex -20.682 -11.5286 17.7
      vertex -18.9672 -10.085 15.5
    endloop
  endfacet
  facet normal -0.618462 -0.342887 -0.707059
    outer loop
      vertex -20.9097 -11.1179 17.7
      vertex -18.9672 -10.085 15.5
      vertex -20.682 -11.5286 17.7
    endloop
  endfacet
  facet normal -0.618438 -0.342958 0.707046
    outer loop
      vertex -18.6037 -10.7408 15.5
      vertex -20.7366 -11.4302 13.3
      vertex -20.5089 -11.8408 13.3
    endloop
  endfacet
  facet normal -0.618496 -0.342823 0.707061
    outer loop
      vertex -18.9672 -10.085 15.5
      vertex -20.7366 -11.4302 13.3
      vertex -18.6037 -10.7408 15.5
    endloop
  endfacet
  facet normal -0.618499 -0.342819 0.70706
    outer loop
      vertex -20.7366 -11.4302 13.3
      vertex -18.9672 -10.085 15.5
      vertex -20.9097 -11.1179 13.3
    endloop
  endfacet
  facet normal -0.630104 -0.320993 -0.707059
    outer loop
      vertex -21.0718 -10.7997 17.7
      vertex -18.9672 -10.085 15.5
      vertex -20.9097 -11.1179 17.7
    endloop
  endfacet
  facet normal -0.630079 -0.321052 -0.707055
    outer loop
      vertex -18.9672 -10.085 15.5
      vertex -21.0718 -10.7997 17.7
      vertex -19.3076 -9.41695 15.5
    endloop
  endfacet
  facet normal -0.630037 -0.321118 -0.707062
    outer loop
      vertex -21.0718 -10.7997 17.7
      vertex -21.285 -10.3814 17.7
      vertex -19.3076 -9.41695 15.5
    endloop
  endfacet
  facet normal -0.63007 -0.321058 0.70706
    outer loop
      vertex -18.9672 -10.085 15.5
      vertex -21.1229 -10.6995 13.3
      vertex -20.9097 -11.1179 13.3
    endloop
  endfacet
  facet normal -0.630073 -0.321049 0.707061
    outer loop
      vertex -19.3076 -9.41695 15.5
      vertex -21.1229 -10.6995 13.3
      vertex -18.9672 -10.085 15.5
    endloop
  endfacet
  facet normal -0.63006 -0.321071 0.707063
    outer loop
      vertex -21.1229 -10.6995 13.3
      vertex -19.3076 -9.41695 15.5
      vertex -21.285 -10.3814 13.3
    endloop
  endfacet
  facet normal -0.640894 -0.298859 -0.707063
    outer loop
      vertex -21.4359 -10.0578 17.7
      vertex -19.3076 -9.41695 15.5
      vertex -21.285 -10.3814 17.7
    endloop
  endfacet
  facet normal -0.640891 -0.298867 -0.707062
    outer loop
      vertex -19.3076 -9.41695 15.5
      vertex -21.4359 -10.0578 17.7
      vertex -19.6245 -8.73739 15.5
    endloop
  endfacet
  facet normal -0.640937 -0.29879 -0.707054
    outer loop
      vertex -21.6343 -9.63221 17.7
      vertex -19.6245 -8.73739 15.5
      vertex -21.4359 -10.0578 17.7
    endloop
  endfacet
  facet normal -0.640929 -0.298786 0.707062
    outer loop
      vertex -19.3076 -9.41695 15.5
      vertex -21.4834 -9.95581 13.3
      vertex -21.285 -10.3814 13.3
    endloop
  endfacet
  facet normal -0.640899 -0.298871 0.707053
    outer loop
      vertex -19.6245 -8.73739 15.5
      vertex -21.4834 -9.95581 13.3
      vertex -19.3076 -9.41695 15.5
    endloop
  endfacet
  facet normal -0.640903 -0.298864 0.707053
    outer loop
      vertex -21.4834 -9.95581 13.3
      vertex -19.6245 -8.73739 15.5
      vertex -21.6343 -9.63221 13.3
    endloop
  endfacet
  facet normal -0.650954 -0.276289 -0.707053
    outer loop
      vertex -21.7738 -9.30354 17.7
      vertex -19.6245 -8.73739 15.5
      vertex -21.6343 -9.63221 17.7
    endloop
  endfacet
  facet normal -0.65094 -0.27633 -0.70705
    outer loop
      vertex -19.6245 -8.73739 15.5
      vertex -21.7738 -9.30354 17.7
      vertex -19.9175 -8.04718 15.5
    endloop
  endfacet
  facet normal -0.650927 -0.276353 -0.707052
    outer loop
      vertex -21.9573 -8.87132 17.7
      vertex -19.9175 -8.04718 15.5
      vertex -21.7738 -9.30354 17.7
    endloop
  endfacet
  facet normal -0.650926 -0.276352 0.707053
    outer loop
      vertex -19.6245 -8.73739 15.5
      vertex -21.8178 -9.19999 13.3
      vertex -21.6343 -9.63221 13.3
    endloop
  endfacet
  facet normal -0.650934 -0.276327 0.707056
    outer loop
      vertex -19.9175 -8.04718 15.5
      vertex -21.8178 -9.19999 13.3
      vertex -19.6245 -8.73739 15.5
    endloop
  endfacet
  facet normal -0.650954 -0.276289 0.707053
    outer loop
      vertex -21.8178 -9.19999 13.3
      vertex -19.9175 -8.04718 15.5
      vertex -21.9573 -8.87132 13.3
    endloop
  endfacet
  facet normal -0.66023 -0.253325 -0.707052
    outer loop
      vertex -22.0852 -8.53798 17.7
      vertex -19.9175 -8.04718 15.5
      vertex -21.9573 -8.87132 17.7
    endloop
  endfacet
  facet normal -0.660202 -0.25342 -0.707045
    outer loop
      vertex -19.9175 -8.04718 15.5
      vertex -22.0852 -8.53798 17.7
      vertex -20.1862 -7.34717 15.5
    endloop
  endfacet
  facet normal -0.66018 -0.253464 -0.707049
    outer loop
      vertex -22.2535 -8.09962 17.7
      vertex -20.1862 -7.34717 15.5
      vertex -22.0852 -8.53798 17.7
    endloop
  endfacet
  facet normal -0.660179 -0.253457 0.707053
    outer loop
      vertex -19.9175 -8.04718 15.5
      vertex -22.1256 -8.43295 13.3
      vertex -21.9573 -8.87132 13.3
    endloop
  endfacet
  facet normal -0.66019 -0.253415 0.707057
    outer loop
      vertex -20.1862 -7.34717 15.5
      vertex -22.1256 -8.43295 13.3
      vertex -19.9175 -8.04718 15.5
    endloop
  endfacet
  facet normal -0.660229 -0.253332 0.707051
    outer loop
      vertex -20.1862 -7.34717 15.5
      vertex -22.2535 -8.09962 13.3
      vertex -22.1256 -8.43295 13.3
    endloop
  endfacet
  facet normal -0.668604 -0.230321 -0.70705
    outer loop
      vertex -22.3698 -7.76201 17.7
      vertex -20.1862 -7.34717 15.5
      vertex -22.2535 -8.09962 17.7
    endloop
  endfacet
  facet normal -0.668633 -0.230215 -0.707058
    outer loop
      vertex -20.1862 -7.34717 15.5
      vertex -22.3698 -7.76201 17.7
      vertex -20.4303 -6.63821 15.5
    endloop
  endfacet
  facet normal -0.66867 -0.230134 -0.70705
    outer loop
      vertex -22.5226 -7.31804 17.7
      vertex -20.4303 -6.63821 15.5
      vertex -22.3698 -7.76201 17.7
    endloop
  endfacet
  facet normal -0.668623 -0.230269 0.70705
    outer loop
      vertex -20.1862 -7.34717 15.5
      vertex -22.4064 -7.65565 13.3
      vertex -22.2535 -8.09962 13.3
    endloop
  endfacet
  facet normal -0.668636 -0.230216 0.707055
    outer loop
      vertex -20.4303 -6.63821 15.5
      vertex -22.4064 -7.65565 13.3
      vertex -20.1862 -7.34717 15.5
    endloop
  endfacet
  facet normal -0.668666 -0.230144 0.70705
    outer loop
      vertex -22.4064 -7.65565 13.3
      vertex -20.4303 -6.63821 15.5
      vertex -22.5226 -7.31804 13.3
    endloop
  endfacet
  facet normal -0.67626 -0.20677 -0.707049
    outer loop
      vertex -22.627 -6.97659 17.7
      vertex -20.4303 -6.63821 15.5
      vertex -22.5226 -7.31804 17.7
    endloop
  endfacet
  facet normal -0.676269 -0.206733 -0.707052
    outer loop
      vertex -20.4303 -6.63821 15.5
      vertex -22.627 -6.97659 17.7
      vertex -20.6495 -5.92116 15.5
    endloop
  endfacet
  facet normal -0.67625 -0.206777 -0.707056
    outer loop
      vertex -22.627 -6.97659 17.7
      vertex -22.7643 -6.52756 17.7
      vertex -20.6495 -5.92116 15.5
    endloop
  endfacet
  facet normal -0.676257 -0.206779 0.707049
    outer loop
      vertex -20.4303 -6.63821 15.5
      vertex -22.6599 -6.86901 13.3
      vertex -22.5226 -7.31804 13.3
    endloop
  endfacet
  facet normal -0.676267 -0.206733 0.707054
    outer loop
      vertex -20.6495 -5.92116 15.5
      vertex -22.6599 -6.86901 13.3
      vertex -20.4303 -6.63821 15.5
    endloop
  endfacet
  facet normal -0.676253 -0.206768 0.707056
    outer loop
      vertex -22.6599 -6.86901 13.3
      vertex -20.6495 -5.92116 15.5
      vertex -22.7643 -6.52756 13.3
    endloop
  endfacet
  facet normal -0.683068 -0.183002 -0.707056
    outer loop
      vertex -22.8567 -6.18267 17.7
      vertex -20.6495 -5.92116 15.5
      vertex -22.7643 -6.52756 17.7
    endloop
  endfacet
  facet normal -0.683058 -0.183055 -0.707052
    outer loop
      vertex -20.6495 -5.92116 15.5
      vertex -22.8567 -6.18267 17.7
      vertex -20.8436 -5.19689 15.5
    endloop
  endfacet
  facet normal -0.683083 -0.182989 -0.707046
    outer loop
      vertex -22.8567 -6.18267 17.7
      vertex -22.9782 -5.72912 17.7
      vertex -20.8436 -5.19689 15.5
    endloop
  endfacet
  facet normal -0.683072 -0.182986 0.707056
    outer loop
      vertex -20.6495 -5.92116 15.5
      vertex -22.8858 -6.07401 13.3
      vertex -22.7643 -6.52756 13.3
    endloop
  endfacet
  facet normal -0.683061 -0.183056 0.707049
    outer loop
      vertex -20.8436 -5.19689 15.5
      vertex -22.8858 -6.07401 13.3
      vertex -20.6495 -5.92116 15.5
    endloop
  endfacet
  facet normal -0.683078 -0.183005 0.707045
    outer loop
      vertex -22.8858 -6.07401 13.3
      vertex -20.8436 -5.19689 15.5
      vertex -22.9782 -5.72912 13.3
    endloop
  endfacet
  facet normal -0.689007 -0.15923 -0.707046
    outer loop
      vertex -23.0586 -5.38122 17.7
      vertex -20.8436 -5.19689 15.5
      vertex -22.9782 -5.72912 17.7
    endloop
  endfacet
  facet normal -0.689028 -0.159101 -0.707056
    outer loop
      vertex -20.8436 -5.19689 15.5
      vertex -23.0586 -5.38122 17.7
      vertex -21.0123 -4.46629 15.5
    endloop
  endfacet
  facet normal -0.689048 -0.159039 -0.70705
    outer loop
      vertex -23.1642 -4.9237 17.7
      vertex -21.0123 -4.46629 15.5
      vertex -23.0586 -5.38122 17.7
    endloop
  endfacet
  facet normal -0.689019 -0.159183 0.707046
    outer loop
      vertex -23.0839 -5.2716 13.3
      vertex -22.9782 -5.72912 13.3
      vertex -20.8436 -5.19689 15.5
    endloop
  endfacet
  facet normal -0.689029 -0.159101 0.707054
    outer loop
      vertex -21.0123 -4.46629 15.5
      vertex -23.0839 -5.2716 13.3
      vertex -20.8436 -5.19689 15.5
    endloop
  endfacet
  facet normal -0.689048 -0.159041 0.70705
    outer loop
      vertex -21.0123 -4.46629 15.5
      vertex -23.1642 -4.9237 13.3
      vertex -23.0839 -5.2716 13.3
    endloop
  endfacet
  facet normal -0.694183 -0.134879 -0.707049
    outer loop
      vertex -23.2323 -4.57321 17.7
      vertex -21.0123 -4.46629 15.5
      vertex -23.1642 -4.9237 17.7
    endloop
  endfacet
  facet normal -0.694184 -0.13487 -0.707049
    outer loop
      vertex -21.0123 -4.46629 15.5
      vertex -23.2323 -4.57321 17.7
      vertex -21.1553 -3.73026 15.5
    endloop
  endfacet
  facet normal -0.694164 -0.134938 -0.707056
    outer loop
      vertex -23.2323 -4.57321 17.7
      vertex -23.3219 -4.11228 17.7
      vertex -21.1553 -3.73026 15.5
    endloop
  endfacet
  facet normal -0.69417 -0.134942 0.707049
    outer loop
      vertex -21.0123 -4.46629 15.5
      vertex -23.2538 -4.46278 13.3
      vertex -23.1642 -4.9237 13.3
    endloop
  endfacet
  facet normal -0.694177 -0.134869 0.707056
    outer loop
      vertex -21.1553 -3.73026 15.5
      vertex -23.2538 -4.46278 13.3
      vertex -21.0123 -4.46629 15.5
    endloop
  endfacet
  facet normal -0.694175 -0.134874 0.707057
    outer loop
      vertex -23.2538 -4.46278 13.3
      vertex -21.1553 -3.73026 15.5
      vertex -23.3219 -4.11228 13.3
    endloop
  endfacet
  facet normal -0.698437 -0.110709 -0.707057
    outer loop
      vertex -23.3778 -3.75962 17.7
      vertex -21.1553 -3.73026 15.5
      vertex -23.3219 -4.11228 17.7
    endloop
  endfacet
  facet normal -0.698444 -0.110625 -0.707063
    outer loop
      vertex -21.1553 -3.73026 15.5
      vertex -23.3778 -3.75962 17.7
      vertex -21.2726 -2.98967 15.5
    endloop
  endfacet
  facet normal -0.698465 -0.110545 -0.707055
    outer loop
      vertex -23.3778 -3.75962 17.7
      vertex -23.4512 -3.29585 17.7
      vertex -21.2726 -2.98967 15.5
    endloop
  endfacet
  facet normal -0.69844 -0.110691 0.707057
    outer loop
      vertex -23.3954 -3.64851 13.3
      vertex -23.3219 -4.11228 13.3
      vertex -21.1553 -3.73026 15.5
    endloop
  endfacet
  facet normal -0.698444 -0.110625 0.707064
    outer loop
      vertex -21.2726 -2.98967 15.5
      vertex -23.3954 -3.64851 13.3
      vertex -21.1553 -3.73026 15.5
    endloop
  endfacet
  facet normal -0.698469 -0.110516 0.707055
    outer loop
      vertex -23.3954 -3.64851 13.3
      vertex -21.2726 -2.98967 15.5
      vertex -23.4512 -3.29585 13.3
    endloop
  endfacet
  facet normal -0.701891 -0.0861545 -0.707054
    outer loop
      vertex -23.4947 -2.94146 17.7
      vertex -21.2726 -2.98967 15.5
      vertex -23.4512 -3.29585 17.7
    endloop
  endfacet
  facet normal -0.701889 -0.0862012 -0.707051
    outer loop
      vertex -21.2726 -2.98967 15.5
      vertex -23.4947 -2.94146 17.7
      vertex -21.364 -2.24545 15.5
    endloop
  endfacet
  facet normal -0.701868 -0.0862935 -0.70706
    outer loop
      vertex -23.552 -2.47541 17.7
      vertex -21.364 -2.24545 15.5
      vertex -23.4947 -2.94146 17.7
    endloop
  endfacet
  facet normal -0.701893 -0.0861458 0.707054
    outer loop
      vertex -21.2726 -2.98967 15.5
      vertex -23.5084 -2.8298 13.3
      vertex -23.4512 -3.29585 13.3
    endloop
  endfacet
  facet normal -0.701891 -0.0862015 0.707049
    outer loop
      vertex -21.364 -2.24545 15.5
      vertex -23.5084 -2.8298 13.3
      vertex -21.2726 -2.98967 15.5
    endloop
  endfacet
  facet normal -0.701862 -0.0863489 0.70706
    outer loop
      vertex -21.364 -2.24545 15.5
      vertex -23.552 -2.47541 13.3
      vertex -23.5084 -2.8298 13.3
    endloop
  endfacet
  facet normal -0.704465 -0.0615954 -0.707061
    outer loop
      vertex -23.5831 -2.11972 17.7
      vertex -21.364 -2.24545 15.5
      vertex -23.552 -2.47541 17.7
    endloop
  endfacet
  facet normal -0.704464 -0.0616792 -0.707055
    outer loop
      vertex -21.364 -2.24545 15.5
      vertex -23.5831 -2.11972 17.7
      vertex -21.4294 -1.49849 15.5
    endloop
  endfacet
  facet normal -0.704479 -0.0615969 -0.707047
    outer loop
      vertex -23.5831 -2.11972 17.7
      vertex -23.624 -1.65195 17.7
      vertex -21.4294 -1.49849 15.5
    endloop
  endfacet
  facet normal -0.704465 -0.061597 0.707061
    outer loop
      vertex -21.364 -2.24545 15.5
      vertex -23.5929 -2.00765 13.3
      vertex -23.552 -2.47541 13.3
    endloop
  endfacet
  facet normal -0.704466 -0.0616794 0.707053
    outer loop
      vertex -21.4294 -1.49849 15.5
      vertex -23.5929 -2.00765 13.3
      vertex -21.364 -2.24545 15.5
    endloop
  endfacet
  facet normal -0.704479 -0.0615949 0.707047
    outer loop
      vertex -23.5929 -2.00765 13.3
      vertex -21.4294 -1.49849 15.5
      vertex -23.624 -1.65195 13.3
    endloop
  endfacet
  facet normal -0.706192 -0.0368611 -0.707061
    outer loop
      vertex -21.4294 -1.49849 15.5
      vertex -22.7518 -1.1 16.8
      vertex -21.4502 -1.1 15.5
    endloop
  endfacet
  facet normal -0.706202 -0.0369449 -0.707046
    outer loop
      vertex -23.624 -1.65195 17.7
      vertex -22.7518 -1.1 16.8
      vertex -21.4294 -1.49849 15.5
    endloop
  endfacet
  facet normal -0.706171 -0.0370356 -0.707072
    outer loop
      vertex -23.6427 -1.29539 17.7
      vertex -22.7518 -1.1 16.8
      vertex -23.624 -1.65195 17.7
    endloop
  endfacet
  facet normal -0.706037 -0.0380271 -0.707154
    outer loop
      vertex -22.7518 -1.1 16.8
      vertex -23.6427 -1.29539 17.7
      vertex -22.7533 -1.07215 16.8
    endloop
  endfacet
  facet normal -0.706185 -0.0370479 -0.707057
    outer loop
      vertex -23.6673 -0.826479 17.7
      vertex -22.7533 -1.07215 16.8
      vertex -23.6427 -1.29539 17.7
    endloop
  endfacet
  facet normal -0.706175 -0.036955 -0.707072
    outer loop
      vertex -22.7533 -1.07215 16.8
      vertex -23.6673 -0.826479 17.7
      vertex -22.7678 -0.795069 16.8
    endloop
  endfacet
  facet normal -0.706196 -0.0370485 0.707047
    outer loop
      vertex -21.4294 -1.49849 15.5
      vertex -23.6486 -1.18304 13.3
      vertex -23.624 -1.65195 13.3
    endloop
  endfacet
  facet normal -0.706192 -0.0368611 0.707061
    outer loop
      vertex -22.7518 -1.1 14.2
      vertex -21.4294 -1.49849 15.5
      vertex -21.4502 -1.1 15.5
    endloop
  endfacet
  facet normal -0.706185 -0.0368081 0.70707
    outer loop
      vertex -22.7518 -1.1 14.2
      vertex -23.6486 -1.18304 13.3
      vertex -21.4294 -1.49849 15.5
    endloop
  endfacet
  facet normal -0.706171 -0.0370534 0.707071
    outer loop
      vertex -23.6673 -0.826479 13.3
      vertex -22.7518 -1.1 14.2
      vertex -22.7678 -0.795069 14.2
    endloop
  endfacet
  facet normal -0.706168 -0.0370353 0.707075
    outer loop
      vertex -22.7518 -1.1 14.2
      vertex -23.6673 -0.826479 13.3
      vertex -23.6486 -1.18304 13.3
    endloop
  endfacet
  facet normal -0.707038 -0.0122927 -0.707069
    outer loop
      vertex -22.7678 -0.795069 16.8
      vertex -23.6735 -0.469479 17.7
      vertex -22.7768 -0.277419 16.8
    endloop
  endfacet
  facet normal -0.707036 -0.012279 -0.707071
    outer loop
      vertex -23.6735 -0.469479 17.7
      vertex -22.7678 -0.795069 16.8
      vertex -23.6673 -0.826479 17.7
    endloop
  endfacet
  facet normal -0.707052 -0.0124885 -0.707052
    outer loop
      vertex -22.7768 -0.277419 16.8
      vertex -23.6817 0 17.7
      vertex -22.7817 0 16.8
    endloop
  endfacet
  facet normal -0.707031 -0.0123491 -0.707074
    outer loop
      vertex -23.6817 0 17.7
      vertex -22.7768 -0.277419 16.8
      vertex -23.6735 -0.469479 17.7
    endloop
  endfacet
  facet normal -0.70703 -0.0124881 0.707073
    outer loop
      vertex -22.7727 -0.51765 14.2
      vertex -23.6673 -0.826479 13.3
      vertex -22.7678 -0.795069 14.2
    endloop
  endfacet
  facet normal -0.707055 -0.0123495 0.707051
    outer loop
      vertex -23.6673 -0.826479 13.3
      vertex -22.7727 -0.51765 14.2
      vertex -23.6755 -0.356999 13.3
    endloop
  endfacet
  facet normal -0.707053 -0.0122794 0.707053
    outer loop
      vertex -23.6755 -0.356999 13.3
      vertex -22.7817 0 14.2
      vertex -23.6817 0 13.3
    endloop
  endfacet
  facet normal -0.707051 -0.012293 0.707056
    outer loop
      vertex -22.7817 0 14.2
      vertex -23.6755 -0.356999 13.3
      vertex -22.7727 -0.51765 14.2
    endloop
  endfacet
  facet normal -0.99863 0.0523199 0
    outer loop
      vertex 7.23234 -0.505733 0
      vertex 7.24558 -0.253021 19.5
      vertex 7.24558 -0.253021 0
    endloop
  endfacet
  facet normal -0.99863 0.0523199 0
    outer loop
      vertex 7.24558 -0.253021 19.5
      vertex 7.23234 -0.505733 0
      vertex 7.23234 -0.505733 19.5
    endloop
  endfacet
  facet normal -0.933578 0.358375 0
    outer loop
      vertex 6.72208 -2.7159 4.4
      vertex 6.81277 -2.47965 19.5
      vertex 6.81277 -2.47965 4.4
    endloop
  endfacet
  facet normal -0.933578 0.358375 0
    outer loop
      vertex 6.81277 -2.47965 19.5
      vertex 6.72208 -2.7159 4.4
      vertex 6.72208 -2.7159 19.5
    endloop
  endfacet
  facet normal -0.453997 0.891003 0
    outer loop
      vertex 3.40367 -6.40137 4.4
      vertex 3.17819 -6.51626 19.5
      vertex 3.40367 -6.40137 19.5
    endloop
  endfacet
  facet normal -0.453997 0.891003 0
    outer loop
      vertex 3.17819 -6.51626 19.5
      vertex 3.40367 -6.40137 4.4
      vertex 3.17819 -6.51626 4.4
    endloop
  endfacet
  facet normal 0.933578 0.358375 0
    outer loop
      vertex -6.72208 -2.7159 19.5
      vertex -6.81277 -2.47965 4.4
      vertex -6.81277 -2.47965 19.5
    endloop
  endfacet
  facet normal 0.933578 0.358375 0
    outer loop
      vertex -6.81277 -2.47965 4.4
      vertex -6.72208 -2.7159 19.5
      vertex -6.72208 -2.7159 4.4
    endloop
  endfacet
  facet normal -0.999847 0.0174662 0
    outer loop
      vertex 7.24558 -0.253021 0
      vertex 7.25 0 19.5
      vertex 7.25 0 0
    endloop
  endfacet
  facet normal -0.999847 0.0174662 0
    outer loop
      vertex 7.25 0 19.5
      vertex 7.24558 -0.253021 0
      vertex 7.24558 -0.253021 19.5
    endloop
  endfacet
  facet normal -0.992546 0.121871 0
    outer loop
      vertex 7.17944 -1.009 0
      vertex 7.21028 -0.757831 19.5
      vertex 7.21028 -0.757831 0
    endloop
  endfacet
  facet normal -0.992546 0.121871 0
    outer loop
      vertex 7.21028 -0.757831 19.5
      vertex 7.17944 -1.009 0
      vertex 7.17944 -1.009 19.5
    endloop
  endfacet
  facet normal -0.945519 0.325566 0
    outer loop
      vertex 6.81277 -2.47965 4.4
      vertex 6.89516 -2.24037 19.5
      vertex 6.89516 -2.24037 4.4
    endloop
  endfacet
  facet normal -0.945519 0.325566 0
    outer loop
      vertex 6.89516 -2.24037 19.5
      vertex 6.81277 -2.47965 4.4
      vertex 6.81277 -2.47965 19.5
    endloop
  endfacet
  facet normal -0.874612 0.484824 0
    outer loop
      vertex 6.27868 -3.625 4.4
      vertex 6.40137 -3.40367 19.5
      vertex 6.40137 -3.40367 4.4
    endloop
  endfacet
  facet normal -0.874612 0.484824 0
    outer loop
      vertex 6.40137 -3.40367 19.5
      vertex 6.27868 -3.625 4.4
      vertex 6.27868 -3.625 19.5
    endloop
  endfacet
  facet normal -0.190824 0.981624 0
    outer loop
      vertex 1.50736 -7.09157 0
      vertex 1.25895 -7.13986 19.5
      vertex 1.50736 -7.09157 19.5
    endloop
  endfacet
  facet normal -0.190824 0.981624 0
    outer loop
      vertex 1.25895 -7.13986 19.5
      vertex 1.50736 -7.09157 0
      vertex 1.25895 -7.13986 0
    endloop
  endfacet
  facet normal -0.121871 0.992546 0
    outer loop
      vertex 1.009 -7.17944 0
      vertex 0.757831 -7.21028 19.5
      vertex 1.009 -7.17944 19.5
    endloop
  endfacet
  facet normal -0.121871 0.992546 0
    outer loop
      vertex 0.757831 -7.21028 19.5
      vertex 1.009 -7.17944 0
      vertex 0.757831 -7.21028 0
    endloop
  endfacet
  facet normal -0.292383 0.956301 0
    outer loop
      vertex 2.24037 -6.89516 4.4
      vertex 1.99837 -6.96915 19.5
      vertex 2.24037 -6.89516 19.5
    endloop
  endfacet
  facet normal -0.292383 0.956301 0
    outer loop
      vertex 1.99837 -6.96915 19.5
      vertex 2.24037 -6.89516 4.4
      vertex 1.99837 -6.96915 4.4
    endloop
  endfacet
  facet normal -0.325566 0.945519 0
    outer loop
      vertex 2.47965 -6.81277 4.4
      vertex 2.24037 -6.89516 19.5
      vertex 2.47965 -6.81277 19.5
    endloop
  endfacet
  facet normal -0.325566 0.945519 0
    outer loop
      vertex 2.24037 -6.89516 19.5
      vertex 2.47965 -6.81277 4.4
      vertex 2.24037 -6.89516 4.4
    endloop
  endfacet
  facet normal -0.51503 0.857172 0
    outer loop
      vertex 3.84191 -6.14835 4.4
      vertex 3.625 -6.27868 19.5
      vertex 3.84191 -6.14835 19.5
    endloop
  endfacet
  facet normal -0.51503 0.857172 0
    outer loop
      vertex 3.625 -6.27868 19.5
      vertex 3.84191 -6.14835 4.4
      vertex 3.625 -6.27868 4.4
    endloop
  endfacet
  facet normal -0.544658 0.838658 0
    outer loop
      vertex 4.00174 -6.04455 4.4
      vertex 3.84191 -6.14835 19.5
      vertex 4.00174 -6.04455 19.5
    endloop
  endfacet
  facet normal -0.544658 0.838658 0
    outer loop
      vertex 3.84191 -6.14835 19.5
      vertex 4.00174 -6.04455 4.4
      vertex 3.84191 -6.14835 4.4
    endloop
  endfacet
  facet normal -0.422593 0.906319 0
    outer loop
      vertex 3.17819 -6.51626 4.4
      vertex 2.94884 -6.6232 19.5
      vertex 3.17819 -6.51626 19.5
    endloop
  endfacet
  facet normal -0.422593 0.906319 0
    outer loop
      vertex 2.94884 -6.6232 19.5
      vertex 3.17819 -6.51626 4.4
      vertex 2.94884 -6.6232 4.4
    endloop
  endfacet
  facet normal 0.0871725 0.996193 -0
    outer loop
      vertex -0.505733 -7.23234 0
      vertex -0.757831 -7.21028 19.5
      vertex -0.505733 -7.23234 19.5
    endloop
  endfacet
  facet normal 0.0871725 0.996193 0
    outer loop
      vertex -0.757831 -7.21028 19.5
      vertex -0.505733 -7.23234 0
      vertex -0.757831 -7.21028 0
    endloop
  endfacet
  facet normal 0.0174662 0.999847 -0
    outer loop
      vertex 0 -7.25 0
      vertex -0.253021 -7.24558 19.5
      vertex 0 -7.25 19.5
    endloop
  endfacet
  facet normal 0.0174662 0.999847 0
    outer loop
      vertex -0.253021 -7.24558 19.5
      vertex 0 -7.25 0
      vertex -0.253021 -7.24558 0
    endloop
  endfacet
  facet normal 0.224969 0.974366 -2.07084e-07
    outer loop
      vertex -1.50736 -7.09157 19.5
      vertex -1.73558 -7.03888 4.4
      vertex -1.75393 -7.03464 19.5
    endloop
  endfacet
  facet normal 0.224956 0.974369 -0
    outer loop
      vertex -1.50736 -7.09157 0
      vertex -1.73558 -7.03888 4.4
      vertex -1.50736 -7.09157 19.5
    endloop
  endfacet
  facet normal 0.224956 0.974369 0
    outer loop
      vertex -1.73558 -7.03888 4.4
      vertex -1.50736 -7.09157 0
      vertex -1.73558 -7.03888 0
    endloop
  endfacet
  facet normal 0.225131 0.974329 0
    outer loop
      vertex -1.75393 -7.03464 19.5
      vertex -1.73558 -7.03888 4.4
      vertex -1.75393 -7.03464 4.4
    endloop
  endfacet
  facet normal 0.292383 0.956301 -0
    outer loop
      vertex -1.99837 -6.96915 4.4
      vertex -2.24037 -6.89516 19.5
      vertex -1.99837 -6.96915 19.5
    endloop
  endfacet
  facet normal 0.292383 0.956301 0
    outer loop
      vertex -2.24037 -6.89516 19.5
      vertex -1.99837 -6.96915 4.4
      vertex -2.24037 -6.89516 4.4
    endloop
  endfacet
  facet normal 0.51503 0.857172 -0
    outer loop
      vertex -3.625 -6.27868 4.4
      vertex -3.84191 -6.14835 19.5
      vertex -3.625 -6.27868 19.5
    endloop
  endfacet
  facet normal 0.51503 0.857172 0
    outer loop
      vertex -3.84191 -6.14835 19.5
      vertex -3.625 -6.27868 4.4
      vertex -3.84191 -6.14835 4.4
    endloop
  endfacet
  facet normal 0.544658 0.838658 -0
    outer loop
      vertex -3.84191 -6.14835 4.4
      vertex -4.00174 -6.04455 19.5
      vertex -3.84191 -6.14835 19.5
    endloop
  endfacet
  facet normal 0.544658 0.838658 0
    outer loop
      vertex -4.00174 -6.04455 19.5
      vertex -3.84191 -6.14835 4.4
      vertex -4.00174 -6.04455 4.4
    endloop
  endfacet
  facet normal 0.453997 0.891003 -0
    outer loop
      vertex -3.17819 -6.51626 4.4
      vertex -3.40367 -6.40137 19.5
      vertex -3.17819 -6.51626 19.5
    endloop
  endfacet
  facet normal 0.453997 0.891003 0
    outer loop
      vertex -3.40367 -6.40137 19.5
      vertex -3.17819 -6.51626 4.4
      vertex -3.40367 -6.40137 4.4
    endloop
  endfacet
  facet normal 0.956301 0.292383 0
    outer loop
      vertex -6.89516 -2.24037 19.5
      vertex -6.96915 -1.99837 4.4
      vertex -6.96915 -1.99837 19.5
    endloop
  endfacet
  facet normal 0.956301 0.292383 0
    outer loop
      vertex -6.96915 -1.99837 4.4
      vertex -6.89516 -2.24037 19.5
      vertex -6.89516 -2.24037 4.4
    endloop
  endfacet
  facet normal 0.945519 0.325566 0
    outer loop
      vertex -6.81277 -2.47965 19.5
      vertex -6.89516 -2.24037 4.4
      vertex -6.89516 -2.24037 19.5
    endloop
  endfacet
  facet normal 0.945519 0.325566 0
    outer loop
      vertex -6.89516 -2.24037 4.4
      vertex -6.81277 -2.47965 19.5
      vertex -6.81277 -2.47965 4.4
    endloop
  endfacet
  facet normal 0.992546 0.121871 0
    outer loop
      vertex -7.17944 -1.009 19.5
      vertex -7.21028 -0.757831 0
      vertex -7.21028 -0.757831 19.5
    endloop
  endfacet
  facet normal 0.992546 0.121871 0
    outer loop
      vertex -7.21028 -0.757831 0
      vertex -7.17944 -1.009 19.5
      vertex -7.17944 -1.009 0
    endloop
  endfacet
  facet normal 0.981624 0.190824 0
    outer loop
      vertex -7.09157 -1.50736 19.5
      vertex -7.13986 -1.25895 0
      vertex -7.13986 -1.25895 19.5
    endloop
  endfacet
  facet normal 0.981624 0.190824 0
    outer loop
      vertex -7.13986 -1.25895 0
      vertex -7.09157 -1.50736 19.5
      vertex -7.09157 -1.50736 0
    endloop
  endfacet
  facet normal 0.999847 0.0174662 0
    outer loop
      vertex -7.24558 -0.253021 19.5
      vertex -7.25 0 0
      vertex -7.25 0 19.5
    endloop
  endfacet
  facet normal 0.999847 0.0174662 0
    outer loop
      vertex -7.25 0 0
      vertex -7.24558 -0.253021 19.5
      vertex -7.24558 -0.253021 0
    endloop
  endfacet
  facet normal 0.874612 0.484824 0
    outer loop
      vertex -6.27868 -3.625 19.5
      vertex -6.40137 -3.40367 4.4
      vertex -6.40137 -3.40367 19.5
    endloop
  endfacet
  facet normal 0.874612 0.484824 0
    outer loop
      vertex -6.40137 -3.40367 4.4
      vertex -6.27868 -3.625 19.5
      vertex -6.27868 -3.625 4.4
    endloop
  endfacet
  facet normal 0.838658 0.544658 0
    outer loop
      vertex -6.04455 -4.00174 19.5
      vertex -6.14835 -3.84191 4.4
      vertex -6.14835 -3.84191 19.5
    endloop
  endfacet
  facet normal 0.838658 0.544658 0
    outer loop
      vertex -6.14835 -3.84191 4.4
      vertex -6.04455 -4.00174 19.5
      vertex -6.04455 -4.00174 4.4
    endloop
  endfacet
  facet normal 0.891003 0.453997 0
    outer loop
      vertex -6.40137 -3.40367 19.5
      vertex -6.51626 -3.17819 4.4
      vertex -6.51626 -3.17819 19.5
    endloop
  endfacet
  facet normal 0.891003 0.453997 0
    outer loop
      vertex -6.51626 -3.17819 4.4
      vertex -6.40137 -3.40367 19.5
      vertex -6.40137 -3.40367 4.4
    endloop
  endfacet
  facet normal 0.920501 0.390741 0
    outer loop
      vertex -6.6232 -2.94884 19.5
      vertex -6.72208 -2.7159 4.4
      vertex -6.72208 -2.7159 19.5
    endloop
  endfacet
  facet normal 0.920501 0.390741 0
    outer loop
      vertex -6.72208 -2.7159 4.4
      vertex -6.6232 -2.94884 19.5
      vertex -6.6232 -2.94884 4.4
    endloop
  endfacet
  facet normal -0.996193 0.0871725 0
    outer loop
      vertex 7.21028 -0.757831 0
      vertex 7.23234 -0.505733 19.5
      vertex 7.23234 -0.505733 0
    endloop
  endfacet
  facet normal -0.996193 0.0871725 0
    outer loop
      vertex 7.23234 -0.505733 19.5
      vertex 7.21028 -0.757831 0
      vertex 7.21028 -0.757831 19.5
    endloop
  endfacet
  facet normal -0.0871725 0.996193 0
    outer loop
      vertex 0.757831 -7.21028 0
      vertex 0.505733 -7.23234 19.5
      vertex 0.757831 -7.21028 19.5
    endloop
  endfacet
  facet normal -0.0871725 0.996193 0
    outer loop
      vertex 0.505733 -7.23234 19.5
      vertex 0.757831 -7.21028 0
      vertex 0.505733 -7.23234 0
    endloop
  endfacet
  facet normal -0.0174662 0.999847 0
    outer loop
      vertex 0.253021 -7.24558 0
      vertex 0 -7.25 19.5
      vertex 0.253021 -7.24558 19.5
    endloop
  endfacet
  facet normal -0.0174662 0.999847 0
    outer loop
      vertex 0 -7.25 19.5
      vertex 0.253021 -7.24558 0
      vertex 0 -7.25 0
    endloop
  endfacet
  facet normal -0.974369 0.224956 0
    outer loop
      vertex 7.03888 -1.73558 4.4
      vertex 7.09157 -1.50736 0
      vertex 7.03888 -1.73558 0
    endloop
  endfacet
  facet normal -0.974369 0.224956 0
    outer loop
      vertex 7.09157 -1.50736 0
      vertex 7.03888 -1.73558 4.4
      vertex 7.09157 -1.50736 19.5
    endloop
  endfacet
  facet normal -0.974329 0.225131 0
    outer loop
      vertex 7.03464 -1.75393 19.5
      vertex 7.03888 -1.73558 4.4
      vertex 7.03464 -1.75393 4.4
    endloop
  endfacet
  facet normal -0.974366 0.224969 -2.07084e-07
    outer loop
      vertex 7.03888 -1.73558 4.4
      vertex 7.03464 -1.75393 19.5
      vertex 7.09157 -1.50736 19.5
    endloop
  endfacet
  facet normal -0.891003 0.453997 0
    outer loop
      vertex 6.40137 -3.40367 4.4
      vertex 6.51626 -3.17819 19.5
      vertex 6.51626 -3.17819 4.4
    endloop
  endfacet
  facet normal -0.891003 0.453997 0
    outer loop
      vertex 6.51626 -3.17819 19.5
      vertex 6.40137 -3.40367 4.4
      vertex 6.40137 -3.40367 19.5
    endloop
  endfacet
  facet normal -0.0523199 0.99863 0
    outer loop
      vertex 0.505733 -7.23234 0
      vertex 0.253021 -7.24558 19.5
      vertex 0.505733 -7.23234 19.5
    endloop
  endfacet
  facet normal -0.0523199 0.99863 0
    outer loop
      vertex 0.253021 -7.24558 19.5
      vertex 0.505733 -7.23234 0
      vertex 0.253021 -7.24558 0
    endloop
  endfacet
  facet normal -0.156403 0.987693 0
    outer loop
      vertex 1.25895 -7.13986 0
      vertex 1.009 -7.17944 19.5
      vertex 1.25895 -7.13986 19.5
    endloop
  endfacet
  facet normal -0.156403 0.987693 0
    outer loop
      vertex 1.009 -7.17944 19.5
      vertex 1.25895 -7.13986 0
      vertex 1.009 -7.17944 0
    endloop
  endfacet
  facet normal -0.358375 0.933578 0
    outer loop
      vertex 2.7159 -6.72208 4.4
      vertex 2.47965 -6.81277 19.5
      vertex 2.7159 -6.72208 19.5
    endloop
  endfacet
  facet normal -0.358375 0.933578 0
    outer loop
      vertex 2.47965 -6.81277 19.5
      vertex 2.7159 -6.72208 4.4
      vertex 2.47965 -6.81277 4.4
    endloop
  endfacet
  facet normal -0.258791 0.965933 0
    outer loop
      vertex 1.99837 -6.96915 4.4
      vertex 1.75393 -7.03464 19.5
      vertex 1.99837 -6.96915 19.5
    endloop
  endfacet
  facet normal -0.258791 0.965933 0
    outer loop
      vertex 1.75393 -7.03464 19.5
      vertex 1.99837 -6.96915 4.4
      vertex 1.75393 -7.03464 4.4
    endloop
  endfacet
  facet normal -0.225131 0.974329 0
    outer loop
      vertex 1.73558 -7.03888 4.4
      vertex 1.75393 -7.03464 19.5
      vertex 1.75393 -7.03464 4.4
    endloop
  endfacet
  facet normal -0.224969 0.974366 -2.07084e-07
    outer loop
      vertex 1.75393 -7.03464 19.5
      vertex 1.73558 -7.03888 4.4
      vertex 1.50736 -7.09157 19.5
    endloop
  endfacet
  facet normal -0.224956 0.974369 0
    outer loop
      vertex 1.50736 -7.09157 0
      vertex 1.73558 -7.03888 4.4
      vertex 1.73558 -7.03888 0
    endloop
  endfacet
  facet normal -0.224956 0.974369 0
    outer loop
      vertex 1.73558 -7.03888 4.4
      vertex 1.50736 -7.09157 0
      vertex 1.50736 -7.09157 19.5
    endloop
  endfacet
  facet normal -0.484824 0.874612 0
    outer loop
      vertex 3.625 -6.27868 4.4
      vertex 3.40367 -6.40137 19.5
      vertex 3.625 -6.27868 19.5
    endloop
  endfacet
  facet normal -0.484824 0.874612 0
    outer loop
      vertex 3.40367 -6.40137 19.5
      vertex 3.625 -6.27868 4.4
      vertex 3.40367 -6.40137 4.4
    endloop
  endfacet
  facet normal 0.390741 0.920501 -0
    outer loop
      vertex -2.7159 -6.72208 4.4
      vertex -2.94884 -6.6232 19.5
      vertex -2.7159 -6.72208 19.5
    endloop
  endfacet
  facet normal 0.390741 0.920501 0
    outer loop
      vertex -2.94884 -6.6232 19.5
      vertex -2.7159 -6.72208 4.4
      vertex -2.94884 -6.6232 4.4
    endloop
  endfacet
  facet normal 0.121871 0.992546 -0
    outer loop
      vertex -0.757831 -7.21028 0
      vertex -1.009 -7.17944 19.5
      vertex -0.757831 -7.21028 19.5
    endloop
  endfacet
  facet normal 0.121871 0.992546 0
    outer loop
      vertex -1.009 -7.17944 19.5
      vertex -0.757831 -7.21028 0
      vertex -1.009 -7.17944 0
    endloop
  endfacet
  facet normal 0.190824 0.981624 -0
    outer loop
      vertex -1.25895 -7.13986 0
      vertex -1.50736 -7.09157 19.5
      vertex -1.25895 -7.13986 19.5
    endloop
  endfacet
  facet normal 0.190824 0.981624 0
    outer loop
      vertex -1.50736 -7.09157 19.5
      vertex -1.25895 -7.13986 0
      vertex -1.50736 -7.09157 0
    endloop
  endfacet
  facet normal 0.156403 0.987693 -0
    outer loop
      vertex -1.009 -7.17944 0
      vertex -1.25895 -7.13986 19.5
      vertex -1.009 -7.17944 19.5
    endloop
  endfacet
  facet normal 0.156403 0.987693 0
    outer loop
      vertex -1.25895 -7.13986 19.5
      vertex -1.009 -7.17944 0
      vertex -1.25895 -7.13986 0
    endloop
  endfacet
  facet normal 0.0523199 0.99863 -0
    outer loop
      vertex -0.253021 -7.24558 0
      vertex -0.505733 -7.23234 19.5
      vertex -0.253021 -7.24558 19.5
    endloop
  endfacet
  facet normal 0.0523199 0.99863 0
    outer loop
      vertex -0.505733 -7.23234 19.5
      vertex -0.253021 -7.24558 0
      vertex -0.505733 -7.23234 0
    endloop
  endfacet
  facet normal 0.325566 0.945519 -0
    outer loop
      vertex -2.24037 -6.89516 4.4
      vertex -2.47965 -6.81277 19.5
      vertex -2.24037 -6.89516 19.5
    endloop
  endfacet
  facet normal 0.325566 0.945519 0
    outer loop
      vertex -2.47965 -6.81277 19.5
      vertex -2.24037 -6.89516 4.4
      vertex -2.47965 -6.81277 4.4
    endloop
  endfacet
  facet normal 0.258791 0.965933 -0
    outer loop
      vertex -1.75393 -7.03464 4.4
      vertex -1.99837 -6.96915 19.5
      vertex -1.75393 -7.03464 19.5
    endloop
  endfacet
  facet normal 0.258791 0.965933 0
    outer loop
      vertex -1.99837 -6.96915 19.5
      vertex -1.75393 -7.03464 4.4
      vertex -1.99837 -6.96915 4.4
    endloop
  endfacet
  facet normal 0.484824 0.874612 -0
    outer loop
      vertex -3.40367 -6.40137 4.4
      vertex -3.625 -6.27868 19.5
      vertex -3.40367 -6.40137 19.5
    endloop
  endfacet
  facet normal 0.484824 0.874612 0
    outer loop
      vertex -3.625 -6.27868 19.5
      vertex -3.40367 -6.40137 4.4
      vertex -3.625 -6.27868 4.4
    endloop
  endfacet
  facet normal 0.422593 0.906319 -0
    outer loop
      vertex -2.94884 -6.6232 4.4
      vertex -3.17819 -6.51626 19.5
      vertex -2.94884 -6.6232 19.5
    endloop
  endfacet
  facet normal 0.422593 0.906319 0
    outer loop
      vertex -3.17819 -6.51626 19.5
      vertex -2.94884 -6.6232 4.4
      vertex -3.17819 -6.51626 4.4
    endloop
  endfacet
  facet normal 0.974369 0.224956 0
    outer loop
      vertex -7.09157 -1.50736 19.5
      vertex -7.03888 -1.73558 4.4
      vertex -7.09157 -1.50736 0
    endloop
  endfacet
  facet normal 0.974366 0.224969 -2.07084e-07
    outer loop
      vertex -7.03464 -1.75393 19.5
      vertex -7.03888 -1.73558 4.4
      vertex -7.09157 -1.50736 19.5
    endloop
  endfacet
  facet normal 0.974329 0.225131 0
    outer loop
      vertex -7.03888 -1.73558 4.4
      vertex -7.03464 -1.75393 19.5
      vertex -7.03464 -1.75393 4.4
    endloop
  endfacet
  facet normal 0.974369 0.224956 0
    outer loop
      vertex -7.09157 -1.50736 0
      vertex -7.03888 -1.73558 4.4
      vertex -7.03888 -1.73558 0
    endloop
  endfacet
  facet normal 0.965933 0.258791 0
    outer loop
      vertex -6.96915 -1.99837 19.5
      vertex -7.03464 -1.75393 4.4
      vertex -7.03464 -1.75393 19.5
    endloop
  endfacet
  facet normal 0.965933 0.258791 0
    outer loop
      vertex -7.03464 -1.75393 4.4
      vertex -6.96915 -1.99837 19.5
      vertex -6.96915 -1.99837 4.4
    endloop
  endfacet
  facet normal 0.987693 0.156403 0
    outer loop
      vertex -7.13986 -1.25895 19.5
      vertex -7.17944 -1.009 0
      vertex -7.17944 -1.009 19.5
    endloop
  endfacet
  facet normal 0.987693 0.156403 0
    outer loop
      vertex -7.17944 -1.009 0
      vertex -7.13986 -1.25895 19.5
      vertex -7.13986 -1.25895 0
    endloop
  endfacet
  facet normal 0.996193 0.0871725 0
    outer loop
      vertex -7.21028 -0.757831 19.5
      vertex -7.23234 -0.505733 0
      vertex -7.23234 -0.505733 19.5
    endloop
  endfacet
  facet normal 0.996193 0.0871725 0
    outer loop
      vertex -7.23234 -0.505733 0
      vertex -7.21028 -0.757831 19.5
      vertex -7.21028 -0.757831 0
    endloop
  endfacet
  facet normal 0.99863 0.0523199 0
    outer loop
      vertex -7.23234 -0.505733 19.5
      vertex -7.24558 -0.253021 0
      vertex -7.24558 -0.253021 19.5
    endloop
  endfacet
  facet normal 0.99863 0.0523199 0
    outer loop
      vertex -7.24558 -0.253021 0
      vertex -7.23234 -0.505733 19.5
      vertex -7.23234 -0.505733 0
    endloop
  endfacet
  facet normal 0.857172 0.51503 0
    outer loop
      vertex -6.14835 -3.84191 19.5
      vertex -6.27868 -3.625 4.4
      vertex -6.27868 -3.625 19.5
    endloop
  endfacet
  facet normal 0.857172 0.51503 0
    outer loop
      vertex -6.27868 -3.625 4.4
      vertex -6.14835 -3.84191 19.5
      vertex -6.14835 -3.84191 4.4
    endloop
  endfacet
  facet normal 0.906319 0.422593 0
    outer loop
      vertex -6.51626 -3.17819 19.5
      vertex -6.6232 -2.94884 4.4
      vertex -6.6232 -2.94884 19.5
    endloop
  endfacet
  facet normal 0.906319 0.422593 0
    outer loop
      vertex -6.6232 -2.94884 4.4
      vertex -6.51626 -3.17819 19.5
      vertex -6.51626 -3.17819 4.4
    endloop
  endfacet
  facet normal -0.981624 0.190824 0
    outer loop
      vertex 7.09157 -1.50736 0
      vertex 7.13986 -1.25895 19.5
      vertex 7.13986 -1.25895 0
    endloop
  endfacet
  facet normal -0.981624 0.190824 0
    outer loop
      vertex 7.13986 -1.25895 19.5
      vertex 7.09157 -1.50736 0
      vertex 7.09157 -1.50736 19.5
    endloop
  endfacet
  facet normal -0.965933 0.258791 0
    outer loop
      vertex 6.96915 -1.99837 4.4
      vertex 7.03464 -1.75393 19.5
      vertex 7.03464 -1.75393 4.4
    endloop
  endfacet
  facet normal -0.965933 0.258791 0
    outer loop
      vertex 7.03464 -1.75393 19.5
      vertex 6.96915 -1.99837 4.4
      vertex 6.96915 -1.99837 19.5
    endloop
  endfacet
  facet normal -0.956301 0.292383 0
    outer loop
      vertex 6.89516 -2.24037 4.4
      vertex 6.96915 -1.99837 19.5
      vertex 6.96915 -1.99837 4.4
    endloop
  endfacet
  facet normal -0.956301 0.292383 0
    outer loop
      vertex 6.96915 -1.99837 19.5
      vertex 6.89516 -2.24037 4.4
      vertex 6.89516 -2.24037 19.5
    endloop
  endfacet
  facet normal -0.920501 0.390741 0
    outer loop
      vertex 6.6232 -2.94884 4.4
      vertex 6.72208 -2.7159 19.5
      vertex 6.72208 -2.7159 4.4
    endloop
  endfacet
  facet normal -0.920501 0.390741 0
    outer loop
      vertex 6.72208 -2.7159 19.5
      vertex 6.6232 -2.94884 4.4
      vertex 6.6232 -2.94884 19.5
    endloop
  endfacet
  facet normal -0.906319 0.422593 0
    outer loop
      vertex 6.51626 -3.17819 4.4
      vertex 6.6232 -2.94884 19.5
      vertex 6.6232 -2.94884 4.4
    endloop
  endfacet
  facet normal -0.906319 0.422593 0
    outer loop
      vertex 6.6232 -2.94884 19.5
      vertex 6.51626 -3.17819 4.4
      vertex 6.51626 -3.17819 19.5
    endloop
  endfacet
  facet normal -0.390741 0.920501 0
    outer loop
      vertex 2.94884 -6.6232 4.4
      vertex 2.7159 -6.72208 19.5
      vertex 2.94884 -6.6232 19.5
    endloop
  endfacet
  facet normal -0.390741 0.920501 0
    outer loop
      vertex 2.7159 -6.72208 19.5
      vertex 2.94884 -6.6232 4.4
      vertex 2.7159 -6.72208 4.4
    endloop
  endfacet
  facet normal 0.358375 0.933578 -0
    outer loop
      vertex -2.47965 -6.81277 4.4
      vertex -2.7159 -6.72208 19.5
      vertex -2.47965 -6.81277 19.5
    endloop
  endfacet
  facet normal 0.358375 0.933578 0
    outer loop
      vertex -2.7159 -6.72208 19.5
      vertex -2.47965 -6.81277 4.4
      vertex -2.7159 -6.72208 4.4
    endloop
  endfacet
  facet normal -0.987693 0.156403 0
    outer loop
      vertex 7.13986 -1.25895 0
      vertex 7.17944 -1.009 19.5
      vertex 7.17944 -1.009 0
    endloop
  endfacet
  facet normal -0.987693 0.156403 0
    outer loop
      vertex 7.17944 -1.009 19.5
      vertex 7.13986 -1.25895 0
      vertex 7.13986 -1.25895 19.5
    endloop
  endfacet
  facet normal -0.857172 0.51503 0
    outer loop
      vertex 6.14835 -3.84191 4.4
      vertex 6.27868 -3.625 19.5
      vertex 6.27868 -3.625 4.4
    endloop
  endfacet
  facet normal -0.857172 0.51503 0
    outer loop
      vertex 6.27868 -3.625 19.5
      vertex 6.14835 -3.84191 4.4
      vertex 6.14835 -3.84191 19.5
    endloop
  endfacet
  facet normal -0.838658 0.544658 0
    outer loop
      vertex 6.04455 -4.00174 4.4
      vertex 6.14835 -3.84191 19.5
      vertex 6.14835 -3.84191 4.4
    endloop
  endfacet
  facet normal -0.838658 0.544658 0
    outer loop
      vertex 6.14835 -3.84191 19.5
      vertex 6.04455 -4.00174 4.4
      vertex 6.04455 -4.00174 19.5
    endloop
  endfacet
  facet normal 0 1 0
    outer loop
      vertex -7.25 0 19.5
      vertex -11.7 0 11.5
      vertex -11.7 0 19.5
    endloop
  endfacet
  facet normal 0 1 0
    outer loop
      vertex -7.25 0 0
      vertex -18.3 0 11.5
      vertex -11.7 0 11.5
    endloop
  endfacet
  facet normal 0 1 0
    outer loop
      vertex -18.3 0 11.5
      vertex -7.25 0 0
      vertex -21.4817 0 9.5
    endloop
  endfacet
  facet normal 0 1 -0
    outer loop
      vertex -7.25 0 0
      vertex -11.7 0 11.5
      vertex -7.25 0 19.5
    endloop
  endfacet
  facet normal 0 1 0
    outer loop
      vertex -21.4817 0 9.5
      vertex -7.25 0 0
      vertex -23.6817 0 0
    endloop
  endfacet
  facet normal 0 1 0
    outer loop
      vertex -21.4817 0 9.5
      vertex -23.6817 0 0
      vertex -23.6817 0 7.3
    endloop
  endfacet
  facet normal 0 1 -0
    outer loop
      vertex -18.3 0 11.5
      vertex -22.7817 0 14.2
      vertex -18.3 0 14.2
    endloop
  endfacet
  facet normal 0 1 -0
    outer loop
      vertex -21.4817 0 9.5
      vertex -22.7817 0 14.2
      vertex -18.3 0 11.5
    endloop
  endfacet
  facet normal 0 1 0
    outer loop
      vertex -22.7817 0 14.2
      vertex -23.6817 0 11.7
      vertex -23.6817 0 13.3
    endloop
  endfacet
  facet normal 0 1 0
    outer loop
      vertex -22.7817 0 14.2
      vertex -21.4817 0 9.5
      vertex -23.6817 0 11.7
    endloop
  endfacet
  facet normal 0 1 -0
    outer loop
      vertex -22.7817 0 16.8
      vertex -23.6817 0 19.5
      vertex -18.3 0 19.5
    endloop
  endfacet
  facet normal 0 1 0
    outer loop
      vertex -22.7817 0 16.8
      vertex -18.3 0 19.5
      vertex -18.3 0 16.8
    endloop
  endfacet
  facet normal 0 1 0
    outer loop
      vertex -23.6817 0 19.5
      vertex -22.7817 0 16.8
      vertex -23.6817 0 17.7
    endloop
  endfacet
  facet normal 0 1 0
    outer loop
      vertex 18.3 0 5.5
      vertex 22.7817 0 8.2
      vertex 23.6817 0 7.3
    endloop
  endfacet
  facet normal 0 1 0
    outer loop
      vertex 22.7817 0 8.2
      vertex 18.3 0 5.5
      vertex 18.3 0 8.2
    endloop
  endfacet
  facet normal 0 1 0
    outer loop
      vertex 7.25 0 0
      vertex 18.3 0 5.5
      vertex 23.6817 0 0
    endloop
  endfacet
  facet normal 0 1 -0
    outer loop
      vertex 23.6817 0 0
      vertex 18.3 0 5.5
      vertex 23.6817 0 7.3
    endloop
  endfacet
  facet normal 0 1 -0
    outer loop
      vertex 11.7 0 5.5
      vertex 7.25 0 19.5
      vertex 11.7 0 19.5
    endloop
  endfacet
  facet normal 0 1 0
    outer loop
      vertex 11.7 0 5.5
      vertex 7.25 0 0
      vertex 7.25 0 19.5
    endloop
  endfacet
  facet normal 0 1 0
    outer loop
      vertex 18.3 0 5.5
      vertex 7.25 0 0
      vertex 11.7 0 5.5
    endloop
  endfacet
  facet normal 0 1 -0
    outer loop
      vertex 23.6817 0 17.7
      vertex 18.3 0 19.5
      vertex 23.6817 0 19.5
    endloop
  endfacet
  facet normal 0 1 -0
    outer loop
      vertex 21.4817 0 15.5
      vertex 18.3 0 19.5
      vertex 23.6817 0 17.7
    endloop
  endfacet
  facet normal 0 1 0
    outer loop
      vertex 22.7817 0 10.8
      vertex 23.6817 0 13.3
      vertex 23.6817 0 11.7
    endloop
  endfacet
  facet normal 0 1 0
    outer loop
      vertex 23.6817 0 13.3
      vertex 22.7817 0 10.8
      vertex 21.4817 0 15.5
    endloop
  endfacet
  facet normal 0 1 0
    outer loop
      vertex 21.4817 0 15.5
      vertex 22.7817 0 10.8
      vertex 18.3 0 10.8
    endloop
  endfacet
  facet normal 0 1 0
    outer loop
      vertex 21.4817 0 15.5
      vertex 18.3 0 10.8
      vertex 18.3 0 19.5
    endloop
  endfacet
endsolid OpenSCAD_Model
