solid OpenSCAD_Model
  facet normal -1 0 0
    outer loop
      vertex -3 -18 0
      vertex -3 18 5
      vertex -3 18 0
    endloop
  endfacet
  facet normal -1 -0 0
    outer loop
      vertex -3 18 5
      vertex -3 -18 0
      vertex -3 -18 5
    endloop
  endfacet
  facet normal 0 0 1
    outer loop
      vertex 23.2068 4.56105 5
      vertex 31 18 5
      vertex 23.2308 4.70632 5
    endloop
  endfacet
  facet normal 0 0 1
    outer loop
      vertex 31 -18 5
      vertex 23.2452 -4.85284 5
      vertex 23.25 -5 5
    endloop
  endfacet
  facet normal 0 0 1
    outer loop
      vertex 31 18 5
      vertex 23.2068 4.56105 5
      vertex 31 -18 5
    endloop
  endfacet
  facet normal 0 0 1
    outer loop
      vertex 31 -18 5
      vertex 23.2308 -4.70632 5
      vertex 23.2452 -4.85284 5
    endloop
  endfacet
  facet normal -0 0 1
    outer loop
      vertex 23.2068 -4.56105 5
      vertex 31 -18 5
      vertex 23.2068 4.56105 5
    endloop
  endfacet
  facet normal 0 0 1
    outer loop
      vertex 31 -18 5
      vertex 23.2068 -4.56105 5
      vertex 23.2308 -4.70632 5
    endloop
  endfacet
  facet normal -0 0 1
    outer loop
      vertex 23.1733 4.41766 5
      vertex 23.2068 -4.56105 5
      vertex 23.2068 4.56105 5
    endloop
  endfacet
  facet normal 0 0 1
    outer loop
      vertex 23.1733 4.41766 5
      vertex 23.1733 -4.41766 5
      vertex 23.2068 -4.56105 5
    endloop
  endfacet
  facet normal -0 0 1
    outer loop
      vertex 23.1306 4.27676 5
      vertex 23.1733 -4.41766 5
      vertex 23.1733 4.41766 5
    endloop
  endfacet
  facet normal 0 0 1
    outer loop
      vertex 23.1306 4.27676 5
      vertex 23.1306 -4.27676 5
      vertex 23.1733 -4.41766 5
    endloop
  endfacet
  facet normal -0 0 1
    outer loop
      vertex 23.0787 4.13896 5
      vertex 23.1306 -4.27676 5
      vertex 23.1306 4.27676 5
    endloop
  endfacet
  facet normal 0 0 1
    outer loop
      vertex 23.0787 4.13896 5
      vertex 23.0787 -4.13896 5
      vertex 23.1306 -4.27676 5
    endloop
  endfacet
  facet normal -0 0 1
    outer loop
      vertex 23.018 4.00485 5
      vertex 23.0787 -4.13896 5
      vertex 23.0787 4.13896 5
    endloop
  endfacet
  facet normal 0 0 1
    outer loop
      vertex 23.018 4.00485 5
      vertex 23.018 -4.00485 5
      vertex 23.0787 -4.13896 5
    endloop
  endfacet
  facet normal -0 0 1
    outer loop
      vertex 22.9486 3.875 5
      vertex 23.018 -4.00485 5
      vertex 23.018 4.00485 5
    endloop
  endfacet
  facet normal 0 0 1
    outer loop
      vertex 22.9486 3.875 5
      vertex 22.9486 -3.875 5
      vertex 23.018 -4.00485 5
    endloop
  endfacet
  facet normal -0 0 1
    outer loop
      vertex 22.8708 3.74997 5
      vertex 22.9486 -3.875 5
      vertex 22.9486 3.875 5
    endloop
  endfacet
  facet normal 0 0 1
    outer loop
      vertex 22.8708 3.74997 5
      vertex 22.8708 -3.74997 5
      vertex 22.9486 -3.875 5
    endloop
  endfacet
  facet normal -0 0 1
    outer loop
      vertex 22.785 3.63029 5
      vertex 22.8708 -3.74997 5
      vertex 22.8708 3.74997 5
    endloop
  endfacet
  facet normal 0 0 1
    outer loop
      vertex 22.785 3.63029 5
      vertex 22.785 -3.63029 5
      vertex 22.8708 -3.74997 5
    endloop
  endfacet
  facet normal -0 0 1
    outer loop
      vertex 22.6916 3.51647 5
      vertex 22.785 -3.63029 5
      vertex 22.785 3.63029 5
    endloop
  endfacet
  facet normal 0 0 1
    outer loop
      vertex 22.6916 3.51647 5
      vertex 22.6916 -3.51647 5
      vertex 22.785 -3.63029 5
    endloop
  endfacet
  facet normal -0 0 1
    outer loop
      vertex 22.591 3.40901 5
      vertex 22.6916 -3.51647 5
      vertex 22.6916 3.51647 5
    endloop
  endfacet
  facet normal 0 0 1
    outer loop
      vertex 22.591 3.40901 5
      vertex 22.591 -3.40901 5
      vertex 22.6916 -3.51647 5
    endloop
  endfacet
  facet normal -0 0 1
    outer loop
      vertex 22.4835 3.30836 5
      vertex 22.591 -3.40901 5
      vertex 22.591 3.40901 5
    endloop
  endfacet
  facet normal 0 0 1
    outer loop
      vertex 22.4835 3.30836 5
      vertex 22.4835 -3.30836 5
      vertex 22.591 -3.40901 5
    endloop
  endfacet
  facet normal -0 0 1
    outer loop
      vertex 22.3697 3.21495 5
      vertex 22.4835 -3.30836 5
      vertex 22.4835 3.30836 5
    endloop
  endfacet
  facet normal 0 0 1
    outer loop
      vertex 22.3697 3.21495 5
      vertex 22.3697 -3.21495 5
      vertex 22.4835 -3.30836 5
    endloop
  endfacet
  facet normal -0 0 1
    outer loop
      vertex 22.25 3.12919 5
      vertex 22.3697 -3.21495 5
      vertex 22.3697 3.21495 5
    endloop
  endfacet
  facet normal 0 0 1
    outer loop
      vertex 22.25 3.12919 5
      vertex 22.25 -3.12919 5
      vertex 22.3697 -3.21495 5
    endloop
  endfacet
  facet normal -0 0 1
    outer loop
      vertex 22.125 3.05144 5
      vertex 22.25 -3.12919 5
      vertex 22.25 3.12919 5
    endloop
  endfacet
  facet normal 0 0 1
    outer loop
      vertex 22.125 3.05144 5
      vertex 22.125 -3.05144 5
      vertex 22.25 -3.12919 5
    endloop
  endfacet
  facet normal -0 0 1
    outer loop
      vertex 21.9951 2.98204 5
      vertex 22.125 -3.05144 5
      vertex 22.125 3.05144 5
    endloop
  endfacet
  facet normal 0 0 1
    outer loop
      vertex 21.9951 2.98204 5
      vertex 21.9951 -2.98204 5
      vertex 22.125 -3.05144 5
    endloop
  endfacet
  facet normal -0 0 1
    outer loop
      vertex 21.861 2.92127 5
      vertex 21.9951 -2.98204 5
      vertex 21.9951 2.98204 5
    endloop
  endfacet
  facet normal 0 0 1
    outer loop
      vertex 21.861 2.92127 5
      vertex 21.861 -2.92127 5
      vertex 21.9951 -2.98204 5
    endloop
  endfacet
  facet normal -0 0 1
    outer loop
      vertex 21.7232 2.86941 5
      vertex 21.861 -2.92127 5
      vertex 21.861 2.92127 5
    endloop
  endfacet
  facet normal 0 0 1
    outer loop
      vertex 21.7232 2.86941 5
      vertex 21.7232 -2.86941 5
      vertex 21.861 -2.92127 5
    endloop
  endfacet
  facet normal -0 0 1
    outer loop
      vertex 21.5823 2.82667 5
      vertex 21.7232 -2.86941 5
      vertex 21.7232 2.86941 5
    endloop
  endfacet
  facet normal 0 0 1
    outer loop
      vertex 21.5823 2.82667 5
      vertex 21.5823 -2.82667 5
      vertex 21.7232 -2.86941 5
    endloop
  endfacet
  facet normal -0 0 1
    outer loop
      vertex 21.439 2.79323 5
      vertex 21.5823 -2.82667 5
      vertex 21.5823 2.82667 5
    endloop
  endfacet
  facet normal 0 0 1
    outer loop
      vertex 21.439 2.79323 5
      vertex 21.439 -2.79323 5
      vertex 21.5823 -2.82667 5
    endloop
  endfacet
  facet normal -0 0 1
    outer loop
      vertex 21.2937 2.76925 5
      vertex 21.439 -2.79323 5
      vertex 21.439 2.79323 5
    endloop
  endfacet
  facet normal 0 0 1
    outer loop
      vertex 21.2937 2.76925 5
      vertex 21.2937 -2.76925 5
      vertex 21.439 -2.79323 5
    endloop
  endfacet
  facet normal -0 0 1
    outer loop
      vertex 21.1472 2.75482 5
      vertex 21.2937 -2.76925 5
      vertex 21.2937 2.76925 5
    endloop
  endfacet
  facet normal 0 0 1
    outer loop
      vertex 21.1472 2.75482 5
      vertex 21.1472 -2.75482 5
      vertex 21.2937 -2.76925 5
    endloop
  endfacet
  facet normal -0 0 1
    outer loop
      vertex 21 2.75 5
      vertex 21.1472 -2.75482 5
      vertex 21.1472 2.75482 5
    endloop
  endfacet
  facet normal 0 0 1
    outer loop
      vertex 21 2.75 5
      vertex 21 -2.75 5
      vertex 21.1472 -2.75482 5
    endloop
  endfacet
  facet normal 0 0 1
    outer loop
      vertex 20.8528 2.75482 5
      vertex 21 -2.75 5
      vertex 21 2.75 5
    endloop
  endfacet
  facet normal 0 0 1
    outer loop
      vertex 20.8528 2.75482 5
      vertex 20.8528 -2.75482 5
      vertex 21 -2.75 5
    endloop
  endfacet
  facet normal 0 0 1
    outer loop
      vertex 20.7063 2.76925 5
      vertex 20.8528 -2.75482 5
      vertex 20.8528 2.75482 5
    endloop
  endfacet
  facet normal 0 0 1
    outer loop
      vertex 20.7063 2.76925 5
      vertex 20.7063 -2.76925 5
      vertex 20.8528 -2.75482 5
    endloop
  endfacet
  facet normal 0 0 1
    outer loop
      vertex 20.561 2.79323 5
      vertex 20.7063 -2.76925 5
      vertex 20.7063 2.76925 5
    endloop
  endfacet
  facet normal 0 0 1
    outer loop
      vertex 20.561 2.79323 5
      vertex 20.561 -2.79323 5
      vertex 20.7063 -2.76925 5
    endloop
  endfacet
  facet normal 0 0 1
    outer loop
      vertex 20.4177 2.82667 5
      vertex 20.561 -2.79323 5
      vertex 20.561 2.79323 5
    endloop
  endfacet
  facet normal 0 0 1
    outer loop
      vertex 20.4177 2.82667 5
      vertex 20.4177 -2.82667 5
      vertex 20.561 -2.79323 5
    endloop
  endfacet
  facet normal 0 0 1
    outer loop
      vertex 20.2768 2.86941 5
      vertex 20.4177 -2.82667 5
      vertex 20.4177 2.82667 5
    endloop
  endfacet
  facet normal 0 0 1
    outer loop
      vertex 20.2768 2.86941 5
      vertex 20.2768 -2.86941 5
      vertex 20.4177 -2.82667 5
    endloop
  endfacet
  facet normal 0 0 1
    outer loop
      vertex 20.139 2.92127 5
      vertex 20.2768 -2.86941 5
      vertex 20.2768 2.86941 5
    endloop
  endfacet
  facet normal 0 0 1
    outer loop
      vertex 20.139 2.92127 5
      vertex 20.139 -2.92127 5
      vertex 20.2768 -2.86941 5
    endloop
  endfacet
  facet normal 0 0 1
    outer loop
      vertex 20.0049 2.98204 5
      vertex 20.139 -2.92127 5
      vertex 20.139 2.92127 5
    endloop
  endfacet
  facet normal 0 0 1
    outer loop
      vertex 20.0049 2.98204 5
      vertex 20.0049 -2.98204 5
      vertex 20.139 -2.92127 5
    endloop
  endfacet
  facet normal 0 0 1
    outer loop
      vertex 19.875 3.05144 5
      vertex 20.0049 -2.98204 5
      vertex 20.0049 2.98204 5
    endloop
  endfacet
  facet normal 0 0 1
    outer loop
      vertex 19.875 3.05144 5
      vertex 19.875 -3.05144 5
      vertex 20.0049 -2.98204 5
    endloop
  endfacet
  facet normal 0 0 1
    outer loop
      vertex 19.75 3.12919 5
      vertex 19.875 -3.05144 5
      vertex 19.875 3.05144 5
    endloop
  endfacet
  facet normal 0 0 1
    outer loop
      vertex 19.75 3.12919 5
      vertex 19.75 -3.12919 5
      vertex 19.875 -3.05144 5
    endloop
  endfacet
  facet normal 0 0 1
    outer loop
      vertex 19.6303 3.21495 5
      vertex 19.75 -3.12919 5
      vertex 19.75 3.12919 5
    endloop
  endfacet
  facet normal 0 0 1
    outer loop
      vertex 19.6303 3.21495 5
      vertex 19.6303 -3.21495 5
      vertex 19.75 -3.12919 5
    endloop
  endfacet
  facet normal 0 0 1
    outer loop
      vertex 19.5165 3.30836 5
      vertex 19.6303 -3.21495 5
      vertex 19.6303 3.21495 5
    endloop
  endfacet
  facet normal 0 0 1
    outer loop
      vertex 19.5165 3.30836 5
      vertex 19.5165 -3.30836 5
      vertex 19.6303 -3.21495 5
    endloop
  endfacet
  facet normal 0 0 1
    outer loop
      vertex 19.409 3.40901 5
      vertex 19.5165 -3.30836 5
      vertex 19.5165 3.30836 5
    endloop
  endfacet
  facet normal 0 0 1
    outer loop
      vertex 19.409 3.40901 5
      vertex 19.409 -3.40901 5
      vertex 19.5165 -3.30836 5
    endloop
  endfacet
  facet normal 0 0 1
    outer loop
      vertex 19.3084 3.51647 5
      vertex 19.409 -3.40901 5
      vertex 19.409 3.40901 5
    endloop
  endfacet
  facet normal 0 0 1
    outer loop
      vertex 19.3084 3.51647 5
      vertex 19.3084 -3.51647 5
      vertex 19.409 -3.40901 5
    endloop
  endfacet
  facet normal 0 0 1
    outer loop
      vertex 19.215 3.63029 5
      vertex 19.3084 -3.51647 5
      vertex 19.3084 3.51647 5
    endloop
  endfacet
  facet normal 0 0 1
    outer loop
      vertex 19.215 3.63029 5
      vertex 19.215 -3.63029 5
      vertex 19.3084 -3.51647 5
    endloop
  endfacet
  facet normal 0 0 1
    outer loop
      vertex 19.1292 3.74997 5
      vertex 19.215 -3.63029 5
      vertex 19.215 3.63029 5
    endloop
  endfacet
  facet normal 0 0 1
    outer loop
      vertex 19.1292 3.74997 5
      vertex 19.1292 -3.74997 5
      vertex 19.215 -3.63029 5
    endloop
  endfacet
  facet normal 0 0 1
    outer loop
      vertex 19.0514 3.875 5
      vertex 19.1292 -3.74997 5
      vertex 19.1292 3.74997 5
    endloop
  endfacet
  facet normal 0 0 1
    outer loop
      vertex 19.0514 3.875 5
      vertex 19.0514 -3.875 5
      vertex 19.1292 -3.74997 5
    endloop
  endfacet
  facet normal 0 0 1
    outer loop
      vertex 18.982 4.00485 5
      vertex 19.0514 -3.875 5
      vertex 19.0514 3.875 5
    endloop
  endfacet
  facet normal 0 0 1
    outer loop
      vertex 18.982 4.00485 5
      vertex 18.982 -4.00485 5
      vertex 19.0514 -3.875 5
    endloop
  endfacet
  facet normal 0 0 1
    outer loop
      vertex 18.9213 4.13896 5
      vertex 18.982 -4.00485 5
      vertex 18.982 4.00485 5
    endloop
  endfacet
  facet normal 0 0 1
    outer loop
      vertex 18.9213 4.13896 5
      vertex 18.9213 -4.13896 5
      vertex 18.982 -4.00485 5
    endloop
  endfacet
  facet normal 0 0 1
    outer loop
      vertex 18.8694 4.27676 5
      vertex 18.9213 -4.13896 5
      vertex 18.9213 4.13896 5
    endloop
  endfacet
  facet normal 0 0 1
    outer loop
      vertex 18.8694 4.27676 5
      vertex 18.8694 -4.27676 5
      vertex 18.9213 -4.13896 5
    endloop
  endfacet
  facet normal 0 0 1
    outer loop
      vertex 18.8267 4.41766 5
      vertex 18.8694 -4.27676 5
      vertex 18.8694 4.27676 5
    endloop
  endfacet
  facet normal 0 0 1
    outer loop
      vertex 18.8267 4.41766 5
      vertex 18.8267 -4.41766 5
      vertex 18.8694 -4.27676 5
    endloop
  endfacet
  facet normal 0 0 1
    outer loop
      vertex 10 16 5
      vertex 18.8267 4.41766 5
      vertex 18.7932 4.56105 5
    endloop
  endfacet
  facet normal 0 0 1
    outer loop
      vertex 18.8267 4.41766 5
      vertex 10 16 5
      vertex 18.8267 -4.41766 5
    endloop
  endfacet
  facet normal 0 0 1
    outer loop
      vertex 10 16 5
      vertex 18.7932 4.56105 5
      vertex 18.7692 4.70632 5
    endloop
  endfacet
  facet normal 0 0 1
    outer loop
      vertex 10 -16 5
      vertex 18.8267 -4.41766 5
      vertex 10 16 5
    endloop
  endfacet
  facet normal 0 0 1
    outer loop
      vertex 10 16 5
      vertex 18.7692 4.70632 5
      vertex 18.7548 4.85284 5
    endloop
  endfacet
  facet normal 0 0 1
    outer loop
      vertex 18.8267 -4.41766 5
      vertex 10 -16 5
      vertex 18.7932 -4.56105 5
    endloop
  endfacet
  facet normal 0 0 1
    outer loop
      vertex 10 16 5
      vertex 18.7548 4.85284 5
      vertex 18.75 5 5
    endloop
  endfacet
  facet normal 0 0 1
    outer loop
      vertex 18.7932 -4.56105 5
      vertex 10 -16 5
      vertex 18.7692 -4.70632 5
    endloop
  endfacet
  facet normal 0 0 1
    outer loop
      vertex 23.25 5 5
      vertex 31 18 5
      vertex 23.25 15 5
    endloop
  endfacet
  facet normal 0 0 1
    outer loop
      vertex 31 18 5
      vertex 23.2452 15.1472 5
      vertex 23.25 15 5
    endloop
  endfacet
  facet normal 0 0 1
    outer loop
      vertex 31 18 5
      vertex 23.2308 15.2937 5
      vertex 23.2452 15.1472 5
    endloop
  endfacet
  facet normal 0 0 1
    outer loop
      vertex 31 18 5
      vertex 23.2068 15.439 5
      vertex 23.2308 15.2937 5
    endloop
  endfacet
  facet normal 0 0 1
    outer loop
      vertex 31 18 5
      vertex 23.1733 15.5823 5
      vertex 23.2068 15.439 5
    endloop
  endfacet
  facet normal 0 0 1
    outer loop
      vertex 31 18 5
      vertex 23.1306 15.7232 5
      vertex 23.1733 15.5823 5
    endloop
  endfacet
  facet normal 0 0 1
    outer loop
      vertex 31 18 5
      vertex 23.0787 15.861 5
      vertex 23.1306 15.7232 5
    endloop
  endfacet
  facet normal 0 0 1
    outer loop
      vertex 31 18 5
      vertex 23.018 15.9951 5
      vertex 23.0787 15.861 5
    endloop
  endfacet
  facet normal 0 0 1
    outer loop
      vertex 31 18 5
      vertex 22.9486 16.125 5
      vertex 23.018 15.9951 5
    endloop
  endfacet
  facet normal 0 0 1
    outer loop
      vertex 31 18 5
      vertex 22.8708 16.25 5
      vertex 22.9486 16.125 5
    endloop
  endfacet
  facet normal 0 0 1
    outer loop
      vertex 31 18 5
      vertex 22.785 16.3697 5
      vertex 22.8708 16.25 5
    endloop
  endfacet
  facet normal 0 0 1
    outer loop
      vertex 31 18 5
      vertex 22.6916 16.4835 5
      vertex 22.785 16.3697 5
    endloop
  endfacet
  facet normal 0 0 1
    outer loop
      vertex 31 18 5
      vertex 22.591 16.591 5
      vertex 22.6916 16.4835 5
    endloop
  endfacet
  facet normal 0 0 1
    outer loop
      vertex 31 18 5
      vertex 22.4835 16.6916 5
      vertex 22.591 16.591 5
    endloop
  endfacet
  facet normal 0 0 1
    outer loop
      vertex 31 18 5
      vertex 22.3697 16.785 5
      vertex 22.4835 16.6916 5
    endloop
  endfacet
  facet normal 0 0 1
    outer loop
      vertex 31 18 5
      vertex 22.25 16.8708 5
      vertex 22.3697 16.785 5
    endloop
  endfacet
  facet normal 0 0 1
    outer loop
      vertex 31 18 5
      vertex 22.125 16.9486 5
      vertex 22.25 16.8708 5
    endloop
  endfacet
  facet normal 0 0 1
    outer loop
      vertex 31 18 5
      vertex 21.9951 17.018 5
      vertex 22.125 16.9486 5
    endloop
  endfacet
  facet normal 0 0 1
    outer loop
      vertex 31 18 5
      vertex 21.861 17.0787 5
      vertex 21.9951 17.018 5
    endloop
  endfacet
  facet normal 0 0 1
    outer loop
      vertex 31 18 5
      vertex 21.7232 17.1306 5
      vertex 21.861 17.0787 5
    endloop
  endfacet
  facet normal 0 0 1
    outer loop
      vertex 31 18 5
      vertex 21.5823 17.1733 5
      vertex 21.7232 17.1306 5
    endloop
  endfacet
  facet normal 0 0 1
    outer loop
      vertex 31 18 5
      vertex 21.439 17.2068 5
      vertex 21.5823 17.1733 5
    endloop
  endfacet
  facet normal 0 0 1
    outer loop
      vertex 31 18 5
      vertex 21.2937 17.2308 5
      vertex 21.439 17.2068 5
    endloop
  endfacet
  facet normal 0 0 1
    outer loop
      vertex 31 18 5
      vertex 21.1472 17.2452 5
      vertex 21.2937 17.2308 5
    endloop
  endfacet
  facet normal 0 0 1
    outer loop
      vertex 31 18 5
      vertex 21 17.25 5
      vertex 21.1472 17.2452 5
    endloop
  endfacet
  facet normal 0 0 1
    outer loop
      vertex 31 18 5
      vertex 20.8528 17.2452 5
      vertex 21 17.25 5
    endloop
  endfacet
  facet normal 0 0 1
    outer loop
      vertex 10 16 5
      vertex 18.75 5 5
      vertex 18.75 15 5
    endloop
  endfacet
  facet normal 0 0 1
    outer loop
      vertex 18.7692 -4.70632 5
      vertex 10 -16 5
      vertex 18.7548 -4.85284 5
    endloop
  endfacet
  facet normal 0 0 1
    outer loop
      vertex 18.7548 -4.85284 5
      vertex 10 -16 5
      vertex 18.75 -5 5
    endloop
  endfacet
  facet normal 0 0 1
    outer loop
      vertex 18.7548 15.1472 5
      vertex 10 16 5
      vertex 18.75 15 5
    endloop
  endfacet
  facet normal 0 0 1
    outer loop
      vertex 18.7692 15.2937 5
      vertex 10 16 5
      vertex 18.7548 15.1472 5
    endloop
  endfacet
  facet normal 0 0 1
    outer loop
      vertex 18.7932 15.439 5
      vertex 10 16 5
      vertex 18.7692 15.2937 5
    endloop
  endfacet
  facet normal 0 0 1
    outer loop
      vertex 18.8267 15.5823 5
      vertex 10 16 5
      vertex 18.7932 15.439 5
    endloop
  endfacet
  facet normal 0 0 1
    outer loop
      vertex 18.8694 15.7232 5
      vertex 10 16 5
      vertex 18.8267 15.5823 5
    endloop
  endfacet
  facet normal 0 0 1
    outer loop
      vertex 18.9213 15.861 5
      vertex 10 16 5
      vertex 18.8694 15.7232 5
    endloop
  endfacet
  facet normal 0 0 1
    outer loop
      vertex 18.982 15.9951 5
      vertex 10 16 5
      vertex 18.9213 15.861 5
    endloop
  endfacet
  facet normal 0 0 1
    outer loop
      vertex 19.0514 16.125 5
      vertex 10 16 5
      vertex 18.982 15.9951 5
    endloop
  endfacet
  facet normal 0 0 1
    outer loop
      vertex 19.1292 16.25 5
      vertex 10 16 5
      vertex 19.0514 16.125 5
    endloop
  endfacet
  facet normal 0 0 1
    outer loop
      vertex 19.215 16.3697 5
      vertex 10 16 5
      vertex 19.1292 16.25 5
    endloop
  endfacet
  facet normal 0 0 1
    outer loop
      vertex 19.3084 16.4835 5
      vertex 10 16 5
      vertex 19.215 16.3697 5
    endloop
  endfacet
  facet normal 0 0 1
    outer loop
      vertex 19.409 16.591 5
      vertex 10 16 5
      vertex 19.3084 16.4835 5
    endloop
  endfacet
  facet normal 0 0 1
    outer loop
      vertex 19.5165 16.6916 5
      vertex 10 16 5
      vertex 19.409 16.591 5
    endloop
  endfacet
  facet normal 0 0 1
    outer loop
      vertex 19.6303 16.785 5
      vertex 10 16 5
      vertex 19.5165 16.6916 5
    endloop
  endfacet
  facet normal 0 0 1
    outer loop
      vertex 19.75 16.8708 5
      vertex 10 16 5
      vertex 19.6303 16.785 5
    endloop
  endfacet
  facet normal 0 0 1
    outer loop
      vertex 19.875 16.9486 5
      vertex 10 16 5
      vertex 19.75 16.8708 5
    endloop
  endfacet
  facet normal 0 0 1
    outer loop
      vertex 20.0049 17.018 5
      vertex 10 16 5
      vertex 19.875 16.9486 5
    endloop
  endfacet
  facet normal 0 0 1
    outer loop
      vertex 20.139 17.0787 5
      vertex 10 16 5
      vertex 20.0049 17.018 5
    endloop
  endfacet
  facet normal 0 0 1
    outer loop
      vertex 20.2768 17.1306 5
      vertex 10 16 5
      vertex 20.139 17.0787 5
    endloop
  endfacet
  facet normal 0 0 1
    outer loop
      vertex 20.4177 17.1733 5
      vertex 10 16 5
      vertex 20.2768 17.1306 5
    endloop
  endfacet
  facet normal 0 0 1
    outer loop
      vertex 20.561 17.2068 5
      vertex 10 16 5
      vertex 20.4177 17.1733 5
    endloop
  endfacet
  facet normal 0 0 1
    outer loop
      vertex -3 18 5
      vertex 20.561 17.2068 5
      vertex 20.7063 17.2308 5
    endloop
  endfacet
  facet normal 0 0 1
    outer loop
      vertex 20.561 17.2068 5
      vertex -3 18 5
      vertex 10 16 5
    endloop
  endfacet
  facet normal 0 0 1
    outer loop
      vertex -3 18 5
      vertex 20.7063 17.2308 5
      vertex 20.8528 17.2452 5
    endloop
  endfacet
  facet normal -0 0 1
    outer loop
      vertex -3 18 5
      vertex 20.8528 17.2452 5
      vertex 31 18 5
    endloop
  endfacet
  facet normal 0 0 1
    outer loop
      vertex 0 16 5
      vertex -3 18 5
      vertex 0 -16 5
    endloop
  endfacet
  facet normal 0 0 1
    outer loop
      vertex 10 16 5
      vertex -3 18 5
      vertex 0 16 5
    endloop
  endfacet
  facet normal 0 0 1
    outer loop
      vertex 23.2452 4.85284 5
      vertex 31 18 5
      vertex 23.25 5 5
    endloop
  endfacet
  facet normal 0 0 1
    outer loop
      vertex 23.2308 4.70632 5
      vertex 31 18 5
      vertex 23.2452 4.85284 5
    endloop
  endfacet
  facet normal -0 0 1
    outer loop
      vertex 23.25 -15 5
      vertex 31 -18 5
      vertex 23.25 -5 5
    endloop
  endfacet
  facet normal -0 0 1
    outer loop
      vertex 23.2452 -15.1472 5
      vertex 31 -18 5
      vertex 23.25 -15 5
    endloop
  endfacet
  facet normal -0 0 1
    outer loop
      vertex 23.2308 -15.2937 5
      vertex 31 -18 5
      vertex 23.2452 -15.1472 5
    endloop
  endfacet
  facet normal -0 0 1
    outer loop
      vertex 23.2068 -15.439 5
      vertex 31 -18 5
      vertex 23.2308 -15.2937 5
    endloop
  endfacet
  facet normal -0 0 1
    outer loop
      vertex 23.1733 -15.5823 5
      vertex 31 -18 5
      vertex 23.2068 -15.439 5
    endloop
  endfacet
  facet normal -0 0 1
    outer loop
      vertex 23.1306 -15.7232 5
      vertex 31 -18 5
      vertex 23.1733 -15.5823 5
    endloop
  endfacet
  facet normal -0 0 1
    outer loop
      vertex 23.0787 -15.861 5
      vertex 31 -18 5
      vertex 23.1306 -15.7232 5
    endloop
  endfacet
  facet normal -0 0 1
    outer loop
      vertex 23.018 -15.9951 5
      vertex 31 -18 5
      vertex 23.0787 -15.861 5
    endloop
  endfacet
  facet normal -0 0 1
    outer loop
      vertex 22.9486 -16.125 5
      vertex 31 -18 5
      vertex 23.018 -15.9951 5
    endloop
  endfacet
  facet normal -0 0 1
    outer loop
      vertex 22.8708 -16.25 5
      vertex 31 -18 5
      vertex 22.9486 -16.125 5
    endloop
  endfacet
  facet normal -0 0 1
    outer loop
      vertex 22.785 -16.3697 5
      vertex 31 -18 5
      vertex 22.8708 -16.25 5
    endloop
  endfacet
  facet normal -0 0 1
    outer loop
      vertex 22.6916 -16.4835 5
      vertex 31 -18 5
      vertex 22.785 -16.3697 5
    endloop
  endfacet
  facet normal -0 0 1
    outer loop
      vertex 22.591 -16.591 5
      vertex 31 -18 5
      vertex 22.6916 -16.4835 5
    endloop
  endfacet
  facet normal -0 0 1
    outer loop
      vertex 22.4835 -16.6916 5
      vertex 31 -18 5
      vertex 22.591 -16.591 5
    endloop
  endfacet
  facet normal -0 0 1
    outer loop
      vertex 22.3697 -16.785 5
      vertex 31 -18 5
      vertex 22.4835 -16.6916 5
    endloop
  endfacet
  facet normal -0 0 1
    outer loop
      vertex 22.25 -16.8708 5
      vertex 31 -18 5
      vertex 22.3697 -16.785 5
    endloop
  endfacet
  facet normal -0 0 1
    outer loop
      vertex 22.125 -16.9486 5
      vertex 31 -18 5
      vertex 22.25 -16.8708 5
    endloop
  endfacet
  facet normal -0 0 1
    outer loop
      vertex 21.9951 -17.018 5
      vertex 31 -18 5
      vertex 22.125 -16.9486 5
    endloop
  endfacet
  facet normal -0 0 1
    outer loop
      vertex 21.861 -17.0787 5
      vertex 31 -18 5
      vertex 21.9951 -17.018 5
    endloop
  endfacet
  facet normal -0 0 1
    outer loop
      vertex 21.7232 -17.1306 5
      vertex 31 -18 5
      vertex 21.861 -17.0787 5
    endloop
  endfacet
  facet normal -0 0 1
    outer loop
      vertex 21.5823 -17.1733 5
      vertex 31 -18 5
      vertex 21.7232 -17.1306 5
    endloop
  endfacet
  facet normal -0 0 1
    outer loop
      vertex 21.439 -17.2068 5
      vertex 31 -18 5
      vertex 21.5823 -17.1733 5
    endloop
  endfacet
  facet normal -0 0 1
    outer loop
      vertex 21.2937 -17.2308 5
      vertex 31 -18 5
      vertex 21.439 -17.2068 5
    endloop
  endfacet
  facet normal -0 0 1
    outer loop
      vertex 21.1472 -17.2452 5
      vertex 31 -18 5
      vertex 21.2937 -17.2308 5
    endloop
  endfacet
  facet normal -0 0 1
    outer loop
      vertex 21 -17.25 5
      vertex 31 -18 5
      vertex 21.1472 -17.2452 5
    endloop
  endfacet
  facet normal 0 0 1
    outer loop
      vertex 20.8528 -17.2452 5
      vertex 31 -18 5
      vertex 21 -17.25 5
    endloop
  endfacet
  facet normal 0 0 1
    outer loop
      vertex 18.75 -5 5
      vertex 10 -16 5
      vertex 18.75 -15 5
    endloop
  endfacet
  facet normal 0 0 1
    outer loop
      vertex 18.75 -15 5
      vertex 10 -16 5
      vertex 18.7548 -15.1472 5
    endloop
  endfacet
  facet normal 0 0 1
    outer loop
      vertex 18.7548 -15.1472 5
      vertex 10 -16 5
      vertex 18.7692 -15.2937 5
    endloop
  endfacet
  facet normal 0 0 1
    outer loop
      vertex 18.7692 -15.2937 5
      vertex 10 -16 5
      vertex 18.7932 -15.439 5
    endloop
  endfacet
  facet normal 0 0 1
    outer loop
      vertex 18.7932 -15.439 5
      vertex 10 -16 5
      vertex 18.8267 -15.5823 5
    endloop
  endfacet
  facet normal 0 0 1
    outer loop
      vertex 10 -16 5
      vertex 18.8694 -15.7232 5
      vertex 18.8267 -15.5823 5
    endloop
  endfacet
  facet normal 0 0 1
    outer loop
      vertex 10 -16 5
      vertex 18.9213 -15.861 5
      vertex 18.8694 -15.7232 5
    endloop
  endfacet
  facet normal 0 0 1
    outer loop
      vertex 10 -16 5
      vertex 18.982 -15.9951 5
      vertex 18.9213 -15.861 5
    endloop
  endfacet
  facet normal -0 0 1
    outer loop
      vertex 10 -16 5
      vertex 19.0514 -16.125 5
      vertex 18.982 -15.9951 5
    endloop
  endfacet
  facet normal 0 0 1
    outer loop
      vertex 10 -16 5
      vertex 19.1292 -16.25 5
      vertex 19.0514 -16.125 5
    endloop
  endfacet
  facet normal 0 0 1
    outer loop
      vertex 10 -16 5
      vertex 19.215 -16.3697 5
      vertex 19.1292 -16.25 5
    endloop
  endfacet
  facet normal 0 0 1
    outer loop
      vertex 10 -16 5
      vertex 19.3084 -16.4835 5
      vertex 19.215 -16.3697 5
    endloop
  endfacet
  facet normal 0 0 1
    outer loop
      vertex 10 -16 5
      vertex 19.409 -16.591 5
      vertex 19.3084 -16.4835 5
    endloop
  endfacet
  facet normal 0 0 1
    outer loop
      vertex 10 -16 5
      vertex 19.5165 -16.6916 5
      vertex 19.409 -16.591 5
    endloop
  endfacet
  facet normal 0 0 1
    outer loop
      vertex 10 -16 5
      vertex 19.6303 -16.785 5
      vertex 19.5165 -16.6916 5
    endloop
  endfacet
  facet normal 0 0 1
    outer loop
      vertex 10 -16 5
      vertex 19.75 -16.8708 5
      vertex 19.6303 -16.785 5
    endloop
  endfacet
  facet normal 0 0 1
    outer loop
      vertex 10 -16 5
      vertex 19.875 -16.9486 5
      vertex 19.75 -16.8708 5
    endloop
  endfacet
  facet normal 0 0 1
    outer loop
      vertex 10 -16 5
      vertex 20.0049 -17.018 5
      vertex 19.875 -16.9486 5
    endloop
  endfacet
  facet normal 0 0 1
    outer loop
      vertex 10 -16 5
      vertex 20.139 -17.0787 5
      vertex 20.0049 -17.018 5
    endloop
  endfacet
  facet normal 0 0 1
    outer loop
      vertex 10 -16 5
      vertex 20.2768 -17.1306 5
      vertex 20.139 -17.0787 5
    endloop
  endfacet
  facet normal 0 0 1
    outer loop
      vertex 10 -16 5
      vertex 20.4177 -17.1733 5
      vertex 20.2768 -17.1306 5
    endloop
  endfacet
  facet normal 0 0 1
    outer loop
      vertex 10 -16 5
      vertex 20.561 -17.2068 5
      vertex 20.4177 -17.1733 5
    endloop
  endfacet
  facet normal 0 0 1
    outer loop
      vertex -3 -18 5
      vertex 20.561 -17.2068 5
      vertex 10 -16 5
    endloop
  endfacet
  facet normal 0 0 1
    outer loop
      vertex -3 -18 5
      vertex 10 -16 5
      vertex 0 -16 5
    endloop
  endfacet
  facet normal 0 0 1
    outer loop
      vertex 20.561 -17.2068 5
      vertex -3 -18 5
      vertex 20.7063 -17.2308 5
    endloop
  endfacet
  facet normal 0 0 1
    outer loop
      vertex 20.7063 -17.2308 5
      vertex -3 -18 5
      vertex 20.8528 -17.2452 5
    endloop
  endfacet
  facet normal 0 0 1
    outer loop
      vertex 20.8528 -17.2452 5
      vertex -3 -18 5
      vertex 31 -18 5
    endloop
  endfacet
  facet normal 0 0 1
    outer loop
      vertex -3 -18 5
      vertex 0 -16 5
      vertex -3 18 5
    endloop
  endfacet
  facet normal 1 -0 0
    outer loop
      vertex 31 -18 5
      vertex 31 18 0
      vertex 31 18 5
    endloop
  endfacet
  facet normal 1 0 0
    outer loop
      vertex 31 18 0
      vertex 31 -18 5
      vertex 31 -18 0
    endloop
  endfacet
  facet normal 0 1 -0
    outer loop
      vertex 31 18 0
      vertex -3 18 5
      vertex 31 18 5
    endloop
  endfacet
  facet normal 0 1 0
    outer loop
      vertex -3 18 5
      vertex 31 18 0
      vertex -3 18 0
    endloop
  endfacet
  facet normal 0 0 -1
    outer loop
      vertex 23.2068 -4.56105 0
      vertex 31 -18 0
      vertex 23.2308 -4.70632 0
    endloop
  endfacet
  facet normal 0 0 -1
    outer loop
      vertex 31 18 0
      vertex 23.2452 4.85284 0
      vertex 23.25 5 0
    endloop
  endfacet
  facet normal 0 0 -1
    outer loop
      vertex 31 -18 0
      vertex 23.2068 -4.56105 0
      vertex 31 18 0
    endloop
  endfacet
  facet normal 0 0 -1
    outer loop
      vertex 31 18 0
      vertex 23.2308 4.70632 0
      vertex 23.2452 4.85284 0
    endloop
  endfacet
  facet normal 0 0 -1
    outer loop
      vertex 23.2068 4.56105 0
      vertex 31 18 0
      vertex 23.2068 -4.56105 0
    endloop
  endfacet
  facet normal 0 0 -1
    outer loop
      vertex 31 18 0
      vertex 23.2068 4.56105 0
      vertex 23.2308 4.70632 0
    endloop
  endfacet
  facet normal 0 0 -1
    outer loop
      vertex 23.1733 -4.41766 0
      vertex 23.2068 4.56105 0
      vertex 23.2068 -4.56105 0
    endloop
  endfacet
  facet normal 0 0 -1
    outer loop
      vertex 23.1733 -4.41766 0
      vertex 23.1733 4.41766 0
      vertex 23.2068 4.56105 0
    endloop
  endfacet
  facet normal 0 0 -1
    outer loop
      vertex 23.1306 -4.27676 0
      vertex 23.1733 4.41766 0
      vertex 23.1733 -4.41766 0
    endloop
  endfacet
  facet normal 0 0 -1
    outer loop
      vertex 23.1306 -4.27676 0
      vertex 23.1306 4.27676 0
      vertex 23.1733 4.41766 0
    endloop
  endfacet
  facet normal 0 0 -1
    outer loop
      vertex 23.0787 -4.13896 0
      vertex 23.1306 4.27676 0
      vertex 23.1306 -4.27676 0
    endloop
  endfacet
  facet normal 0 0 -1
    outer loop
      vertex 23.0787 -4.13896 0
      vertex 23.0787 4.13896 0
      vertex 23.1306 4.27676 0
    endloop
  endfacet
  facet normal 0 0 -1
    outer loop
      vertex 23.018 -4.00485 0
      vertex 23.0787 4.13896 0
      vertex 23.0787 -4.13896 0
    endloop
  endfacet
  facet normal 0 0 -1
    outer loop
      vertex 23.018 -4.00485 0
      vertex 23.018 4.00485 0
      vertex 23.0787 4.13896 0
    endloop
  endfacet
  facet normal 0 0 -1
    outer loop
      vertex 22.9486 -3.875 0
      vertex 23.018 4.00485 0
      vertex 23.018 -4.00485 0
    endloop
  endfacet
  facet normal 0 0 -1
    outer loop
      vertex 22.9486 -3.875 0
      vertex 22.9486 3.875 0
      vertex 23.018 4.00485 0
    endloop
  endfacet
  facet normal 0 0 -1
    outer loop
      vertex 22.8708 -3.74997 0
      vertex 22.9486 3.875 0
      vertex 22.9486 -3.875 0
    endloop
  endfacet
  facet normal 0 0 -1
    outer loop
      vertex 22.8708 -3.74997 0
      vertex 22.8708 3.74997 0
      vertex 22.9486 3.875 0
    endloop
  endfacet
  facet normal 0 0 -1
    outer loop
      vertex 22.785 -3.63029 0
      vertex 22.8708 3.74997 0
      vertex 22.8708 -3.74997 0
    endloop
  endfacet
  facet normal 0 0 -1
    outer loop
      vertex 22.785 -3.63029 0
      vertex 22.785 3.63029 0
      vertex 22.8708 3.74997 0
    endloop
  endfacet
  facet normal 0 0 -1
    outer loop
      vertex 22.6916 -3.51647 0
      vertex 22.785 3.63029 0
      vertex 22.785 -3.63029 0
    endloop
  endfacet
  facet normal 0 0 -1
    outer loop
      vertex 22.6916 -3.51647 0
      vertex 22.6916 3.51647 0
      vertex 22.785 3.63029 0
    endloop
  endfacet
  facet normal 0 0 -1
    outer loop
      vertex 22.591 -3.40901 0
      vertex 22.6916 3.51647 0
      vertex 22.6916 -3.51647 0
    endloop
  endfacet
  facet normal 0 0 -1
    outer loop
      vertex 22.591 -3.40901 0
      vertex 22.591 3.40901 0
      vertex 22.6916 3.51647 0
    endloop
  endfacet
  facet normal 0 0 -1
    outer loop
      vertex 22.4835 -3.30836 0
      vertex 22.591 3.40901 0
      vertex 22.591 -3.40901 0
    endloop
  endfacet
  facet normal 0 0 -1
    outer loop
      vertex 22.4835 -3.30836 0
      vertex 22.4835 3.30836 0
      vertex 22.591 3.40901 0
    endloop
  endfacet
  facet normal 0 0 -1
    outer loop
      vertex 22.3697 -3.21495 0
      vertex 22.4835 3.30836 0
      vertex 22.4835 -3.30836 0
    endloop
  endfacet
  facet normal 0 0 -1
    outer loop
      vertex 22.3697 -3.21495 0
      vertex 22.3697 3.21495 0
      vertex 22.4835 3.30836 0
    endloop
  endfacet
  facet normal 0 0 -1
    outer loop
      vertex 22.25 -3.12919 0
      vertex 22.3697 3.21495 0
      vertex 22.3697 -3.21495 0
    endloop
  endfacet
  facet normal 0 0 -1
    outer loop
      vertex 22.25 -3.12919 0
      vertex 22.25 3.12919 0
      vertex 22.3697 3.21495 0
    endloop
  endfacet
  facet normal 0 0 -1
    outer loop
      vertex 22.125 -3.05144 0
      vertex 22.25 3.12919 0
      vertex 22.25 -3.12919 0
    endloop
  endfacet
  facet normal 0 0 -1
    outer loop
      vertex 22.125 -3.05144 0
      vertex 22.125 3.05144 0
      vertex 22.25 3.12919 0
    endloop
  endfacet
  facet normal 0 0 -1
    outer loop
      vertex 21.9951 -2.98204 0
      vertex 22.125 3.05144 0
      vertex 22.125 -3.05144 0
    endloop
  endfacet
  facet normal 0 0 -1
    outer loop
      vertex 21.9951 -2.98204 0
      vertex 21.9951 2.98204 0
      vertex 22.125 3.05144 0
    endloop
  endfacet
  facet normal 0 0 -1
    outer loop
      vertex 21.861 -2.92127 0
      vertex 21.9951 2.98204 0
      vertex 21.9951 -2.98204 0
    endloop
  endfacet
  facet normal 0 0 -1
    outer loop
      vertex 21.861 -2.92127 0
      vertex 21.861 2.92127 0
      vertex 21.9951 2.98204 0
    endloop
  endfacet
  facet normal 0 0 -1
    outer loop
      vertex 21.7232 -2.86941 0
      vertex 21.861 2.92127 0
      vertex 21.861 -2.92127 0
    endloop
  endfacet
  facet normal 0 0 -1
    outer loop
      vertex 21.7232 -2.86941 0
      vertex 21.7232 2.86941 0
      vertex 21.861 2.92127 0
    endloop
  endfacet
  facet normal 0 0 -1
    outer loop
      vertex 21.5823 -2.82667 0
      vertex 21.7232 2.86941 0
      vertex 21.7232 -2.86941 0
    endloop
  endfacet
  facet normal 0 0 -1
    outer loop
      vertex 21.5823 -2.82667 0
      vertex 21.5823 2.82667 0
      vertex 21.7232 2.86941 0
    endloop
  endfacet
  facet normal 0 0 -1
    outer loop
      vertex 21.439 -2.79323 0
      vertex 21.5823 2.82667 0
      vertex 21.5823 -2.82667 0
    endloop
  endfacet
  facet normal 0 0 -1
    outer loop
      vertex 21.439 -2.79323 0
      vertex 21.439 2.79323 0
      vertex 21.5823 2.82667 0
    endloop
  endfacet
  facet normal 0 0 -1
    outer loop
      vertex 21.2937 -2.76925 0
      vertex 21.439 2.79323 0
      vertex 21.439 -2.79323 0
    endloop
  endfacet
  facet normal 0 0 -1
    outer loop
      vertex 21.2937 -2.76925 0
      vertex 21.2937 2.76925 0
      vertex 21.439 2.79323 0
    endloop
  endfacet
  facet normal 0 0 -1
    outer loop
      vertex 21.1472 -2.75482 0
      vertex 21.2937 2.76925 0
      vertex 21.2937 -2.76925 0
    endloop
  endfacet
  facet normal 0 0 -1
    outer loop
      vertex 21.1472 -2.75482 0
      vertex 21.1472 2.75482 0
      vertex 21.2937 2.76925 0
    endloop
  endfacet
  facet normal 0 0 -1
    outer loop
      vertex 21 -2.75 0
      vertex 21.1472 2.75482 0
      vertex 21.1472 -2.75482 0
    endloop
  endfacet
  facet normal 0 0 -1
    outer loop
      vertex 21 -2.75 0
      vertex 21 2.75 0
      vertex 21.1472 2.75482 0
    endloop
  endfacet
  facet normal 0 0 -1
    outer loop
      vertex 20.8528 -2.75482 0
      vertex 21 2.75 0
      vertex 21 -2.75 0
    endloop
  endfacet
  facet normal 0 0 -1
    outer loop
      vertex 20.8528 -2.75482 0
      vertex 20.8528 2.75482 0
      vertex 21 2.75 0
    endloop
  endfacet
  facet normal 0 0 -1
    outer loop
      vertex 20.7063 -2.76925 0
      vertex 20.8528 2.75482 0
      vertex 20.8528 -2.75482 0
    endloop
  endfacet
  facet normal 0 0 -1
    outer loop
      vertex 20.7063 -2.76925 0
      vertex 20.7063 2.76925 0
      vertex 20.8528 2.75482 0
    endloop
  endfacet
  facet normal 0 0 -1
    outer loop
      vertex 20.561 -2.79323 0
      vertex 20.7063 2.76925 0
      vertex 20.7063 -2.76925 0
    endloop
  endfacet
  facet normal 0 0 -1
    outer loop
      vertex 20.561 -2.79323 0
      vertex 20.561 2.79323 0
      vertex 20.7063 2.76925 0
    endloop
  endfacet
  facet normal 0 0 -1
    outer loop
      vertex 20.4177 -2.82667 0
      vertex 20.561 2.79323 0
      vertex 20.561 -2.79323 0
    endloop
  endfacet
  facet normal 0 0 -1
    outer loop
      vertex 20.4177 -2.82667 0
      vertex 20.4177 2.82667 0
      vertex 20.561 2.79323 0
    endloop
  endfacet
  facet normal 0 0 -1
    outer loop
      vertex 20.2768 -2.86941 0
      vertex 20.4177 2.82667 0
      vertex 20.4177 -2.82667 0
    endloop
  endfacet
  facet normal 0 0 -1
    outer loop
      vertex 20.2768 -2.86941 0
      vertex 20.2768 2.86941 0
      vertex 20.4177 2.82667 0
    endloop
  endfacet
  facet normal 0 0 -1
    outer loop
      vertex 20.139 -2.92127 0
      vertex 20.2768 2.86941 0
      vertex 20.2768 -2.86941 0
    endloop
  endfacet
  facet normal 0 0 -1
    outer loop
      vertex 20.139 -2.92127 0
      vertex 20.139 2.92127 0
      vertex 20.2768 2.86941 0
    endloop
  endfacet
  facet normal 0 0 -1
    outer loop
      vertex 20.0049 -2.98204 0
      vertex 20.139 2.92127 0
      vertex 20.139 -2.92127 0
    endloop
  endfacet
  facet normal 0 0 -1
    outer loop
      vertex 20.0049 -2.98204 0
      vertex 20.0049 2.98204 0
      vertex 20.139 2.92127 0
    endloop
  endfacet
  facet normal 0 0 -1
    outer loop
      vertex 19.875 -3.05144 0
      vertex 20.0049 2.98204 0
      vertex 20.0049 -2.98204 0
    endloop
  endfacet
  facet normal 0 0 -1
    outer loop
      vertex 19.875 -3.05144 0
      vertex 19.875 3.05144 0
      vertex 20.0049 2.98204 0
    endloop
  endfacet
  facet normal 0 0 -1
    outer loop
      vertex 19.75 -3.12919 0
      vertex 19.875 3.05144 0
      vertex 19.875 -3.05144 0
    endloop
  endfacet
  facet normal 0 0 -1
    outer loop
      vertex 19.75 -3.12919 0
      vertex 19.75 3.12919 0
      vertex 19.875 3.05144 0
    endloop
  endfacet
  facet normal 0 0 -1
    outer loop
      vertex 19.6303 -3.21495 0
      vertex 19.75 3.12919 0
      vertex 19.75 -3.12919 0
    endloop
  endfacet
  facet normal 0 0 -1
    outer loop
      vertex 19.6303 -3.21495 0
      vertex 19.6303 3.21495 0
      vertex 19.75 3.12919 0
    endloop
  endfacet
  facet normal 0 0 -1
    outer loop
      vertex 19.5165 -3.30836 0
      vertex 19.6303 3.21495 0
      vertex 19.6303 -3.21495 0
    endloop
  endfacet
  facet normal 0 0 -1
    outer loop
      vertex 19.5165 -3.30836 0
      vertex 19.5165 3.30836 0
      vertex 19.6303 3.21495 0
    endloop
  endfacet
  facet normal 0 0 -1
    outer loop
      vertex 19.409 -3.40901 0
      vertex 19.5165 3.30836 0
      vertex 19.5165 -3.30836 0
    endloop
  endfacet
  facet normal 0 0 -1
    outer loop
      vertex 19.409 -3.40901 0
      vertex 19.409 3.40901 0
      vertex 19.5165 3.30836 0
    endloop
  endfacet
  facet normal 0 0 -1
    outer loop
      vertex 19.3084 -3.51647 0
      vertex 19.409 3.40901 0
      vertex 19.409 -3.40901 0
    endloop
  endfacet
  facet normal 0 0 -1
    outer loop
      vertex 19.3084 -3.51647 0
      vertex 19.3084 3.51647 0
      vertex 19.409 3.40901 0
    endloop
  endfacet
  facet normal 0 0 -1
    outer loop
      vertex 19.215 -3.63029 0
      vertex 19.3084 3.51647 0
      vertex 19.3084 -3.51647 0
    endloop
  endfacet
  facet normal 0 0 -1
    outer loop
      vertex 19.215 -3.63029 0
      vertex 19.215 3.63029 0
      vertex 19.3084 3.51647 0
    endloop
  endfacet
  facet normal 0 0 -1
    outer loop
      vertex 19.1292 -3.74997 0
      vertex 19.215 3.63029 0
      vertex 19.215 -3.63029 0
    endloop
  endfacet
  facet normal 0 0 -1
    outer loop
      vertex 19.1292 -3.74997 0
      vertex 19.1292 3.74997 0
      vertex 19.215 3.63029 0
    endloop
  endfacet
  facet normal 0 0 -1
    outer loop
      vertex 19.0514 -3.875 0
      vertex 19.1292 3.74997 0
      vertex 19.1292 -3.74997 0
    endloop
  endfacet
  facet normal 0 0 -1
    outer loop
      vertex 19.0514 -3.875 0
      vertex 19.0514 3.875 0
      vertex 19.1292 3.74997 0
    endloop
  endfacet
  facet normal 0 0 -1
    outer loop
      vertex 18.982 -4.00485 0
      vertex 19.0514 3.875 0
      vertex 19.0514 -3.875 0
    endloop
  endfacet
  facet normal 0 0 -1
    outer loop
      vertex 18.982 -4.00485 0
      vertex 18.982 4.00485 0
      vertex 19.0514 3.875 0
    endloop
  endfacet
  facet normal 0 0 -1
    outer loop
      vertex 18.9213 -4.13896 0
      vertex 18.982 4.00485 0
      vertex 18.982 -4.00485 0
    endloop
  endfacet
  facet normal 0 0 -1
    outer loop
      vertex 18.9213 -4.13896 0
      vertex 18.9213 4.13896 0
      vertex 18.982 4.00485 0
    endloop
  endfacet
  facet normal 0 0 -1
    outer loop
      vertex 18.8694 -4.27676 0
      vertex 18.9213 4.13896 0
      vertex 18.9213 -4.13896 0
    endloop
  endfacet
  facet normal 0 0 -1
    outer loop
      vertex 18.8694 -4.27676 0
      vertex 18.8694 4.27676 0
      vertex 18.9213 4.13896 0
    endloop
  endfacet
  facet normal 0 0 -1
    outer loop
      vertex 18.8267 -4.41766 0
      vertex 18.8694 4.27676 0
      vertex 18.8694 -4.27676 0
    endloop
  endfacet
  facet normal 0 0 -1
    outer loop
      vertex 18.8267 -4.41766 0
      vertex 18.8267 4.41766 0
      vertex 18.8694 4.27676 0
    endloop
  endfacet
  facet normal 0 0 -1
    outer loop
      vertex -3 -18 0
      vertex 18.8267 -4.41766 0
      vertex 18.7932 -4.56105 0
    endloop
  endfacet
  facet normal -0 0 -1
    outer loop
      vertex 18.8267 -4.41766 0
      vertex -3 -18 0
      vertex 18.8267 4.41766 0
    endloop
  endfacet
  facet normal 0 0 -1
    outer loop
      vertex -3 -18 0
      vertex 18.7932 -4.56105 0
      vertex 18.7692 -4.70632 0
    endloop
  endfacet
  facet normal 0 0 -1
    outer loop
      vertex -3 18 0
      vertex 18.8267 4.41766 0
      vertex -3 -18 0
    endloop
  endfacet
  facet normal 0 0 -1
    outer loop
      vertex -3 -18 0
      vertex 18.7692 -4.70632 0
      vertex 18.7548 -4.85284 0
    endloop
  endfacet
  facet normal 0 0 -1
    outer loop
      vertex 18.8267 4.41766 0
      vertex -3 18 0
      vertex 18.7932 4.56105 0
    endloop
  endfacet
  facet normal 0 0 -1
    outer loop
      vertex -3 -18 0
      vertex 18.7548 -4.85284 0
      vertex 18.75 -5 0
    endloop
  endfacet
  facet normal 0 0 -1
    outer loop
      vertex 18.7932 4.56105 0
      vertex -3 18 0
      vertex 18.7692 4.70632 0
    endloop
  endfacet
  facet normal 0 0 -1
    outer loop
      vertex 23.25 -5 0
      vertex 31 -18 0
      vertex 23.25 -15 0
    endloop
  endfacet
  facet normal 0 0 -1
    outer loop
      vertex 31 -18 0
      vertex 23.2452 -15.1472 0
      vertex 23.25 -15 0
    endloop
  endfacet
  facet normal 0 0 -1
    outer loop
      vertex 31 -18 0
      vertex 23.2308 -15.2937 0
      vertex 23.2452 -15.1472 0
    endloop
  endfacet
  facet normal 0 0 -1
    outer loop
      vertex 31 -18 0
      vertex 23.2068 -15.439 0
      vertex 23.2308 -15.2937 0
    endloop
  endfacet
  facet normal 0 0 -1
    outer loop
      vertex 31 -18 0
      vertex 23.1733 -15.5823 0
      vertex 23.2068 -15.439 0
    endloop
  endfacet
  facet normal 0 0 -1
    outer loop
      vertex 31 -18 0
      vertex 23.1306 -15.7232 0
      vertex 23.1733 -15.5823 0
    endloop
  endfacet
  facet normal 0 0 -1
    outer loop
      vertex 31 -18 0
      vertex 23.0787 -15.861 0
      vertex 23.1306 -15.7232 0
    endloop
  endfacet
  facet normal 0 0 -1
    outer loop
      vertex 31 -18 0
      vertex 23.018 -15.9951 0
      vertex 23.0787 -15.861 0
    endloop
  endfacet
  facet normal 0 0 -1
    outer loop
      vertex 31 -18 0
      vertex 22.9486 -16.125 0
      vertex 23.018 -15.9951 0
    endloop
  endfacet
  facet normal 0 0 -1
    outer loop
      vertex 31 -18 0
      vertex 22.8708 -16.25 0
      vertex 22.9486 -16.125 0
    endloop
  endfacet
  facet normal 0 0 -1
    outer loop
      vertex 31 -18 0
      vertex 22.785 -16.3697 0
      vertex 22.8708 -16.25 0
    endloop
  endfacet
  facet normal 0 0 -1
    outer loop
      vertex 31 -18 0
      vertex 22.6916 -16.4835 0
      vertex 22.785 -16.3697 0
    endloop
  endfacet
  facet normal 0 0 -1
    outer loop
      vertex 31 -18 0
      vertex 22.591 -16.591 0
      vertex 22.6916 -16.4835 0
    endloop
  endfacet
  facet normal 0 0 -1
    outer loop
      vertex 31 -18 0
      vertex 22.4835 -16.6916 0
      vertex 22.591 -16.591 0
    endloop
  endfacet
  facet normal 0 0 -1
    outer loop
      vertex 31 -18 0
      vertex 22.3697 -16.785 0
      vertex 22.4835 -16.6916 0
    endloop
  endfacet
  facet normal 0 0 -1
    outer loop
      vertex 31 -18 0
      vertex 22.25 -16.8708 0
      vertex 22.3697 -16.785 0
    endloop
  endfacet
  facet normal 0 0 -1
    outer loop
      vertex 31 -18 0
      vertex 22.125 -16.9486 0
      vertex 22.25 -16.8708 0
    endloop
  endfacet
  facet normal 0 0 -1
    outer loop
      vertex 31 -18 0
      vertex 21.9951 -17.018 0
      vertex 22.125 -16.9486 0
    endloop
  endfacet
  facet normal 0 0 -1
    outer loop
      vertex 31 -18 0
      vertex 21.861 -17.0787 0
      vertex 21.9951 -17.018 0
    endloop
  endfacet
  facet normal 0 0 -1
    outer loop
      vertex 31 -18 0
      vertex 21.7232 -17.1306 0
      vertex 21.861 -17.0787 0
    endloop
  endfacet
  facet normal 0 0 -1
    outer loop
      vertex 31 -18 0
      vertex 21.5823 -17.1733 0
      vertex 21.7232 -17.1306 0
    endloop
  endfacet
  facet normal 0 0 -1
    outer loop
      vertex 31 -18 0
      vertex 21.439 -17.2068 0
      vertex 21.5823 -17.1733 0
    endloop
  endfacet
  facet normal 0 0 -1
    outer loop
      vertex 31 -18 0
      vertex 21.2937 -17.2308 0
      vertex 21.439 -17.2068 0
    endloop
  endfacet
  facet normal 0 0 -1
    outer loop
      vertex 31 -18 0
      vertex 21.1472 -17.2452 0
      vertex 21.2937 -17.2308 0
    endloop
  endfacet
  facet normal 0 0 -1
    outer loop
      vertex 31 -18 0
      vertex 21 -17.25 0
      vertex 21.1472 -17.2452 0
    endloop
  endfacet
  facet normal 0 0 -1
    outer loop
      vertex 31 -18 0
      vertex 20.8528 -17.2452 0
      vertex 21 -17.25 0
    endloop
  endfacet
  facet normal 0 0 -1
    outer loop
      vertex -3 -18 0
      vertex 18.75 -5 0
      vertex 18.75 -15 0
    endloop
  endfacet
  facet normal 0 0 -1
    outer loop
      vertex 18.7692 4.70632 0
      vertex -3 18 0
      vertex 18.7548 4.85284 0
    endloop
  endfacet
  facet normal 0 0 -1
    outer loop
      vertex 18.7548 4.85284 0
      vertex -3 18 0
      vertex 18.75 5 0
    endloop
  endfacet
  facet normal -0 0 -1
    outer loop
      vertex 18.7548 -15.1472 0
      vertex -3 -18 0
      vertex 18.75 -15 0
    endloop
  endfacet
  facet normal -0 0 -1
    outer loop
      vertex 18.7692 -15.2937 0
      vertex -3 -18 0
      vertex 18.7548 -15.1472 0
    endloop
  endfacet
  facet normal -0 0 -1
    outer loop
      vertex 18.7932 -15.439 0
      vertex -3 -18 0
      vertex 18.7692 -15.2937 0
    endloop
  endfacet
  facet normal -0 0 -1
    outer loop
      vertex 18.8267 -15.5823 0
      vertex -3 -18 0
      vertex 18.7932 -15.439 0
    endloop
  endfacet
  facet normal -0 0 -1
    outer loop
      vertex 18.8694 -15.7232 0
      vertex -3 -18 0
      vertex 18.8267 -15.5823 0
    endloop
  endfacet
  facet normal -0 0 -1
    outer loop
      vertex 18.9213 -15.861 0
      vertex -3 -18 0
      vertex 18.8694 -15.7232 0
    endloop
  endfacet
  facet normal -0 0 -1
    outer loop
      vertex 18.982 -15.9951 0
      vertex -3 -18 0
      vertex 18.9213 -15.861 0
    endloop
  endfacet
  facet normal -0 0 -1
    outer loop
      vertex 19.0514 -16.125 0
      vertex -3 -18 0
      vertex 18.982 -15.9951 0
    endloop
  endfacet
  facet normal -0 0 -1
    outer loop
      vertex 19.1292 -16.25 0
      vertex -3 -18 0
      vertex 19.0514 -16.125 0
    endloop
  endfacet
  facet normal -0 0 -1
    outer loop
      vertex 19.215 -16.3697 0
      vertex -3 -18 0
      vertex 19.1292 -16.25 0
    endloop
  endfacet
  facet normal -0 0 -1
    outer loop
      vertex 19.3084 -16.4835 0
      vertex -3 -18 0
      vertex 19.215 -16.3697 0
    endloop
  endfacet
  facet normal -0 0 -1
    outer loop
      vertex 19.409 -16.591 0
      vertex -3 -18 0
      vertex 19.3084 -16.4835 0
    endloop
  endfacet
  facet normal -0 0 -1
    outer loop
      vertex 19.5165 -16.6916 0
      vertex -3 -18 0
      vertex 19.409 -16.591 0
    endloop
  endfacet
  facet normal -0 0 -1
    outer loop
      vertex 19.6303 -16.785 0
      vertex -3 -18 0
      vertex 19.5165 -16.6916 0
    endloop
  endfacet
  facet normal -0 0 -1
    outer loop
      vertex 19.75 -16.8708 0
      vertex -3 -18 0
      vertex 19.6303 -16.785 0
    endloop
  endfacet
  facet normal -0 0 -1
    outer loop
      vertex 19.875 -16.9486 0
      vertex -3 -18 0
      vertex 19.75 -16.8708 0
    endloop
  endfacet
  facet normal -0 0 -1
    outer loop
      vertex 20.0049 -17.018 0
      vertex -3 -18 0
      vertex 19.875 -16.9486 0
    endloop
  endfacet
  facet normal -0 0 -1
    outer loop
      vertex 20.139 -17.0787 0
      vertex -3 -18 0
      vertex 20.0049 -17.018 0
    endloop
  endfacet
  facet normal -0 0 -1
    outer loop
      vertex 20.2768 -17.1306 0
      vertex -3 -18 0
      vertex 20.139 -17.0787 0
    endloop
  endfacet
  facet normal -0 0 -1
    outer loop
      vertex 20.4177 -17.1733 0
      vertex -3 -18 0
      vertex 20.2768 -17.1306 0
    endloop
  endfacet
  facet normal -0 0 -1
    outer loop
      vertex 20.561 -17.2068 0
      vertex -3 -18 0
      vertex 20.4177 -17.1733 0
    endloop
  endfacet
  facet normal -0 0 -1
    outer loop
      vertex 20.7063 -17.2308 0
      vertex -3 -18 0
      vertex 20.561 -17.2068 0
    endloop
  endfacet
  facet normal -0 0 -1
    outer loop
      vertex 20.8528 -17.2452 0
      vertex -3 -18 0
      vertex 20.7063 -17.2308 0
    endloop
  endfacet
  facet normal 0 0 -1
    outer loop
      vertex -3 -18 0
      vertex 20.8528 -17.2452 0
      vertex 31 -18 0
    endloop
  endfacet
  facet normal 0 0 -1
    outer loop
      vertex 23.2452 -4.85284 0
      vertex 31 -18 0
      vertex 23.25 -5 0
    endloop
  endfacet
  facet normal 0 0 -1
    outer loop
      vertex 23.2308 -4.70632 0
      vertex 31 -18 0
      vertex 23.2452 -4.85284 0
    endloop
  endfacet
  facet normal 0 0 -1
    outer loop
      vertex 23.25 15 0
      vertex 31 18 0
      vertex 23.25 5 0
    endloop
  endfacet
  facet normal 0 0 -1
    outer loop
      vertex 23.2452 15.1472 0
      vertex 31 18 0
      vertex 23.25 15 0
    endloop
  endfacet
  facet normal 0 0 -1
    outer loop
      vertex 23.2308 15.2937 0
      vertex 31 18 0
      vertex 23.2452 15.1472 0
    endloop
  endfacet
  facet normal 0 0 -1
    outer loop
      vertex 23.2068 15.439 0
      vertex 31 18 0
      vertex 23.2308 15.2937 0
    endloop
  endfacet
  facet normal 0 0 -1
    outer loop
      vertex 23.1733 15.5823 0
      vertex 31 18 0
      vertex 23.2068 15.439 0
    endloop
  endfacet
  facet normal 0 0 -1
    outer loop
      vertex 23.1306 15.7232 0
      vertex 31 18 0
      vertex 23.1733 15.5823 0
    endloop
  endfacet
  facet normal 0 0 -1
    outer loop
      vertex 23.0787 15.861 0
      vertex 31 18 0
      vertex 23.1306 15.7232 0
    endloop
  endfacet
  facet normal 0 0 -1
    outer loop
      vertex 23.018 15.9951 0
      vertex 31 18 0
      vertex 23.0787 15.861 0
    endloop
  endfacet
  facet normal 0 0 -1
    outer loop
      vertex 22.9486 16.125 0
      vertex 31 18 0
      vertex 23.018 15.9951 0
    endloop
  endfacet
  facet normal 0 0 -1
    outer loop
      vertex 22.8708 16.25 0
      vertex 31 18 0
      vertex 22.9486 16.125 0
    endloop
  endfacet
  facet normal 0 0 -1
    outer loop
      vertex 22.785 16.3697 0
      vertex 31 18 0
      vertex 22.8708 16.25 0
    endloop
  endfacet
  facet normal 0 0 -1
    outer loop
      vertex 22.6916 16.4835 0
      vertex 31 18 0
      vertex 22.785 16.3697 0
    endloop
  endfacet
  facet normal 0 0 -1
    outer loop
      vertex 22.591 16.591 0
      vertex 31 18 0
      vertex 22.6916 16.4835 0
    endloop
  endfacet
  facet normal 0 0 -1
    outer loop
      vertex 22.4835 16.6916 0
      vertex 31 18 0
      vertex 22.591 16.591 0
    endloop
  endfacet
  facet normal 0 0 -1
    outer loop
      vertex 22.3697 16.785 0
      vertex 31 18 0
      vertex 22.4835 16.6916 0
    endloop
  endfacet
  facet normal 0 0 -1
    outer loop
      vertex 22.25 16.8708 0
      vertex 31 18 0
      vertex 22.3697 16.785 0
    endloop
  endfacet
  facet normal 0 0 -1
    outer loop
      vertex 22.125 16.9486 0
      vertex 31 18 0
      vertex 22.25 16.8708 0
    endloop
  endfacet
  facet normal 0 0 -1
    outer loop
      vertex 21.9951 17.018 0
      vertex 31 18 0
      vertex 22.125 16.9486 0
    endloop
  endfacet
  facet normal 0 0 -1
    outer loop
      vertex 21.861 17.0787 0
      vertex 31 18 0
      vertex 21.9951 17.018 0
    endloop
  endfacet
  facet normal 0 0 -1
    outer loop
      vertex 21.7232 17.1306 0
      vertex 31 18 0
      vertex 21.861 17.0787 0
    endloop
  endfacet
  facet normal 0 0 -1
    outer loop
      vertex 21.5823 17.1733 0
      vertex 31 18 0
      vertex 21.7232 17.1306 0
    endloop
  endfacet
  facet normal 0 0 -1
    outer loop
      vertex 21.439 17.2068 0
      vertex 31 18 0
      vertex 21.5823 17.1733 0
    endloop
  endfacet
  facet normal 0 0 -1
    outer loop
      vertex 21.2937 17.2308 0
      vertex 31 18 0
      vertex 21.439 17.2068 0
    endloop
  endfacet
  facet normal 0 0 -1
    outer loop
      vertex 21.1472 17.2452 0
      vertex 31 18 0
      vertex 21.2937 17.2308 0
    endloop
  endfacet
  facet normal 0 0 -1
    outer loop
      vertex 21 17.25 0
      vertex 31 18 0
      vertex 21.1472 17.2452 0
    endloop
  endfacet
  facet normal 0 0 -1
    outer loop
      vertex 20.8528 17.2452 0
      vertex 31 18 0
      vertex 21 17.25 0
    endloop
  endfacet
  facet normal 0 0 -1
    outer loop
      vertex 18.75 5 0
      vertex -3 18 0
      vertex 18.75 15 0
    endloop
  endfacet
  facet normal 0 0 -1
    outer loop
      vertex 18.75 15 0
      vertex -3 18 0
      vertex 18.7548 15.1472 0
    endloop
  endfacet
  facet normal 0 0 -1
    outer loop
      vertex 18.7548 15.1472 0
      vertex -3 18 0
      vertex 18.7692 15.2937 0
    endloop
  endfacet
  facet normal 0 0 -1
    outer loop
      vertex 18.7692 15.2937 0
      vertex -3 18 0
      vertex 18.7932 15.439 0
    endloop
  endfacet
  facet normal 0 0 -1
    outer loop
      vertex 18.7932 15.439 0
      vertex -3 18 0
      vertex 18.8267 15.5823 0
    endloop
  endfacet
  facet normal 0 0 -1
    outer loop
      vertex 18.8267 15.5823 0
      vertex -3 18 0
      vertex 18.8694 15.7232 0
    endloop
  endfacet
  facet normal 0 0 -1
    outer loop
      vertex 18.8694 15.7232 0
      vertex -3 18 0
      vertex 18.9213 15.861 0
    endloop
  endfacet
  facet normal 0 0 -1
    outer loop
      vertex 18.9213 15.861 0
      vertex -3 18 0
      vertex 18.982 15.9951 0
    endloop
  endfacet
  facet normal 0 0 -1
    outer loop
      vertex 18.982 15.9951 0
      vertex -3 18 0
      vertex 19.0514 16.125 0
    endloop
  endfacet
  facet normal 0 0 -1
    outer loop
      vertex 20.8528 17.2452 0
      vertex -3 18 0
      vertex 31 18 0
    endloop
  endfacet
  facet normal 0 0 -1
    outer loop
      vertex 20.7063 17.2308 0
      vertex -3 18 0
      vertex 20.8528 17.2452 0
    endloop
  endfacet
  facet normal 0 0 -1
    outer loop
      vertex 20.561 17.2068 0
      vertex -3 18 0
      vertex 20.7063 17.2308 0
    endloop
  endfacet
  facet normal 0 0 -1
    outer loop
      vertex 20.4177 17.1733 0
      vertex -3 18 0
      vertex 20.561 17.2068 0
    endloop
  endfacet
  facet normal 0 0 -1
    outer loop
      vertex 20.2768 17.1306 0
      vertex -3 18 0
      vertex 20.4177 17.1733 0
    endloop
  endfacet
  facet normal 0 0 -1
    outer loop
      vertex 20.139 17.0787 0
      vertex -3 18 0
      vertex 20.2768 17.1306 0
    endloop
  endfacet
  facet normal 0 0 -1
    outer loop
      vertex 20.0049 17.018 0
      vertex -3 18 0
      vertex 20.139 17.0787 0
    endloop
  endfacet
  facet normal 0 0 -1
    outer loop
      vertex 19.875 16.9486 0
      vertex -3 18 0
      vertex 20.0049 17.018 0
    endloop
  endfacet
  facet normal 0 0 -1
    outer loop
      vertex 19.75 16.8708 0
      vertex -3 18 0
      vertex 19.875 16.9486 0
    endloop
  endfacet
  facet normal 0 0 -1
    outer loop
      vertex 19.6303 16.785 0
      vertex -3 18 0
      vertex 19.75 16.8708 0
    endloop
  endfacet
  facet normal 0 0 -1
    outer loop
      vertex 19.5165 16.6916 0
      vertex -3 18 0
      vertex 19.6303 16.785 0
    endloop
  endfacet
  facet normal 0 0 -1
    outer loop
      vertex 19.409 16.591 0
      vertex -3 18 0
      vertex 19.5165 16.6916 0
    endloop
  endfacet
  facet normal 0 0 -1
    outer loop
      vertex 19.3084 16.4835 0
      vertex -3 18 0
      vertex 19.409 16.591 0
    endloop
  endfacet
  facet normal 0 0 -1
    outer loop
      vertex 19.215 16.3697 0
      vertex -3 18 0
      vertex 19.3084 16.4835 0
    endloop
  endfacet
  facet normal 0 0 -1
    outer loop
      vertex 19.1292 16.25 0
      vertex -3 18 0
      vertex 19.215 16.3697 0
    endloop
  endfacet
  facet normal 0 0 -1
    outer loop
      vertex 19.0514 16.125 0
      vertex -3 18 0
      vertex 19.1292 16.25 0
    endloop
  endfacet
  facet normal 0 -1 0
    outer loop
      vertex -3 -18 0
      vertex 31 -18 5
      vertex -3 -18 5
    endloop
  endfacet
  facet normal 0 -1 -0
    outer loop
      vertex 31 -18 5
      vertex -3 -18 0
      vertex 31 -18 0
    endloop
  endfacet
  facet normal 0 -0.965844 0.259126
    outer loop
      vertex 0 -7 38.5455
      vertex 0 -7.95122 35
      vertex 3 -7 38.5455
    endloop
  endfacet
  facet normal 0 -0.965842 0.25913
    outer loop
      vertex 3 -7 38.5455
      vertex 10 -5 46
      vertex 3 -5 46
    endloop
  endfacet
  facet normal -3.13339e-05 -0.965837 0.25915
    outer loop
      vertex 0 -8 34.8182
      vertex 3 -7 38.5455
      vertex 0 -7.95122 35
    endloop
  endfacet
  facet normal -1.52428e-06 -0.965843 0.259128
    outer loop
      vertex 10 -16 5
      vertex 3 -7 38.5455
      vertex 0 -8 34.8182
    endloop
  endfacet
  facet normal 0 -0.965843 0.259128
    outer loop
      vertex 10 -16 5
      vertex 0 -8 34.8182
      vertex 0 -16 5
    endloop
  endfacet
  facet normal 1.68265e-06 -0.965843 0.259129
    outer loop
      vertex 3 -7 38.5455
      vertex 10 -16 5
      vertex 10 -5 46
    endloop
  endfacet
  facet normal -0 0 1
    outer loop
      vertex 3 5 46
      vertex 10 -5 46
      vertex 10 5 46
    endloop
  endfacet
  facet normal 0 0 1
    outer loop
      vertex 10 -5 46
      vertex 3 5 46
      vertex 3 -5 46
    endloop
  endfacet
  facet normal 1 0 0
    outer loop
      vertex 0 -7.95122 35
      vertex 0 -8 35
      vertex 0 -8 34.8182
    endloop
  endfacet
  facet normal -1 0 0
    outer loop
      vertex 0 16 5
      vertex 0 7 8
      vertex 0 8 15
    endloop
  endfacet
  facet normal -1 0 0
    outer loop
      vertex 0 16 5
      vertex 0 -7 8
      vertex 0 7 8
    endloop
  endfacet
  facet normal -1 0 0
    outer loop
      vertex 0 -7 8
      vertex 0 -8 15
      vertex 0 -7 15
    endloop
  endfacet
  facet normal -1 -0 0
    outer loop
      vertex 0 -8 15
      vertex 0 -16 5
      vertex 0 -8 34.8182
    endloop
  endfacet
  facet normal -1 -0 0
    outer loop
      vertex 0 -7 8
      vertex 0 -16 5
      vertex 0 -8 15
    endloop
  endfacet
  facet normal -1 0 0
    outer loop
      vertex 0 -16 5
      vertex 0 -7 8
      vertex 0 16 5
    endloop
  endfacet
  facet normal -1 0 0
    outer loop
      vertex 0 16 5
      vertex 0 8 15
      vertex 0 8 34.8182
    endloop
  endfacet
  facet normal -1 -0 0
    outer loop
      vertex 0 8 15
      vertex 0 7 8
      vertex 0 7 15
    endloop
  endfacet
  facet normal 1 0 -0
    outer loop
      vertex 0 8 34.8182
      vertex 0 8 35
      vertex 0 7.95122 35
    endloop
  endfacet
  facet normal 1 0 0
    outer loop
      vertex 0 7 35
      vertex 0 6.7 30
      vertex 0 7 15
    endloop
  endfacet
  facet normal 1 0 0
    outer loop
      vertex 0 7 35
      vertex 0 -6.7 30
      vertex 0 6.7 30
    endloop
  endfacet
  facet normal 1 -0 0
    outer loop
      vertex 0 -7 35
      vertex 0 -6.7 30
      vertex 0 7 35
    endloop
  endfacet
  facet normal 1 0 0
    outer loop
      vertex 0 -7 15
      vertex 0 -6.7 30
      vertex 0 -7 35
    endloop
  endfacet
  facet normal 1 0 0
    outer loop
      vertex 0 -6.7 30
      vertex 0 -7 15
      vertex 0 -6.7 15
    endloop
  endfacet
  facet normal 1 0 0
    outer loop
      vertex 0 7 15
      vertex 0 6.7 30
      vertex 0 6.7 15
    endloop
  endfacet
  facet normal -1 0 0
    outer loop
      vertex 0 -7 35
      vertex 0 -7.95122 35
      vertex 0 -7 38.5455
    endloop
  endfacet
  facet normal -1 0 0
    outer loop
      vertex 0 7.95122 35
      vertex 0 7 35
      vertex 0 7 38.5455
    endloop
  endfacet
  facet normal 1 0 0
    outer loop
      vertex 10 5 46
      vertex 10 2.19529 37.1439
      vertex 10 2.2 37
    endloop
  endfacet
  facet normal 1 0 0
    outer loop
      vertex 10 5 46
      vertex 10 2.18118 37.2872
      vertex 10 2.19529 37.1439
    endloop
  endfacet
  facet normal 1 0 0
    outer loop
      vertex 10 5 46
      vertex 10 2.15773 37.4292
      vertex 10 2.18118 37.2872
    endloop
  endfacet
  facet normal 1 0 0
    outer loop
      vertex 10 5 46
      vertex 10 2.12504 37.5694
      vertex 10 2.15773 37.4292
    endloop
  endfacet
  facet normal 1 0 0
    outer loop
      vertex 10 5 46
      vertex 10 2.08325 37.7072
      vertex 10 2.12504 37.5694
    endloop
  endfacet
  facet normal 1 0 0
    outer loop
      vertex 10 5 46
      vertex 10 2.03253 37.8419
      vertex 10 2.08325 37.7072
    endloop
  endfacet
  facet normal 1 0 0
    outer loop
      vertex 10 5 46
      vertex 10 1.97312 37.973
      vertex 10 2.03253 37.8419
    endloop
  endfacet
  facet normal 1 0 0
    outer loop
      vertex 10 5 46
      vertex 10 1.90526 38.1
      vertex 10 1.97312 37.973
    endloop
  endfacet
  facet normal 1 0 0
    outer loop
      vertex 10 5 46
      vertex 10 1.82923 38.2223
      vertex 10 1.90526 38.1
    endloop
  endfacet
  facet normal 1 0 0
    outer loop
      vertex 10 5 46
      vertex 10 1.74538 38.3393
      vertex 10 1.82923 38.2223
    endloop
  endfacet
  facet normal 1 0 0
    outer loop
      vertex 10 5 46
      vertex 10 1.65405 38.4506
      vertex 10 1.74538 38.3393
    endloop
  endfacet
  facet normal 1 0 0
    outer loop
      vertex 10 5 46
      vertex 10 1.55563 38.5556
      vertex 10 1.65405 38.4506
    endloop
  endfacet
  facet normal 1 0 0
    outer loop
      vertex 10 5 46
      vertex 10 1.45056 38.654
      vertex 10 1.55563 38.5556
    endloop
  endfacet
  facet normal 1 0 0
    outer loop
      vertex 10 5 46
      vertex 10 1.33927 38.7454
      vertex 10 1.45056 38.654
    endloop
  endfacet
  facet normal 1 0 0
    outer loop
      vertex 10 5 46
      vertex 10 1.22225 38.8292
      vertex 10 1.33927 38.7454
    endloop
  endfacet
  facet normal 1 0 0
    outer loop
      vertex 10 5 46
      vertex 10 1.1 38.9053
      vertex 10 1.22225 38.8292
    endloop
  endfacet
  facet normal 1 0 0
    outer loop
      vertex 10 5 46
      vertex 10 0.973035 38.9731
      vertex 10 1.1 38.9053
    endloop
  endfacet
  facet normal 1 0 0
    outer loop
      vertex 10 5 46
      vertex 10 0.841903 39.0325
      vertex 10 0.973035 38.9731
    endloop
  endfacet
  facet normal 1 0 0
    outer loop
      vertex 10 5 46
      vertex 10 0.707167 39.0832
      vertex 10 0.841903 39.0325
    endloop
  endfacet
  facet normal 1 0 0
    outer loop
      vertex 10 5 46
      vertex 10 0.569402 39.125
      vertex 10 0.707167 39.0832
    endloop
  endfacet
  facet normal 1 0 0
    outer loop
      vertex 10 5 46
      vertex 10 0.429198 39.1577
      vertex 10 0.569402 39.125
    endloop
  endfacet
  facet normal 1 0 0
    outer loop
      vertex 10 5 46
      vertex 10 0.287157 39.1812
      vertex 10 0.429198 39.1577
    endloop
  endfacet
  facet normal 1 0 0
    outer loop
      vertex 10 5 46
      vertex 10 0.143887 39.1953
      vertex 10 0.287157 39.1812
    endloop
  endfacet
  facet normal 1 0 0
    outer loop
      vertex 10 5 46
      vertex 10 0 39.2
      vertex 10 0.143887 39.1953
    endloop
  endfacet
  facet normal 1 -0 0
    outer loop
      vertex 10 -5 46
      vertex 10 0 39.2
      vertex 10 5 46
    endloop
  endfacet
  facet normal 1 0 0
    outer loop
      vertex 10 0 39.2
      vertex 10 -5 46
      vertex 10 -0.143887 39.1953
    endloop
  endfacet
  facet normal 1 0 0
    outer loop
      vertex 10 -0.143887 39.1953
      vertex 10 -5 46
      vertex 10 -0.287157 39.1812
    endloop
  endfacet
  facet normal 1 0 0
    outer loop
      vertex 10 -0.287157 39.1812
      vertex 10 -5 46
      vertex 10 -0.429198 39.1577
    endloop
  endfacet
  facet normal 1 0 0
    outer loop
      vertex 10 -0.429198 39.1577
      vertex 10 -5 46
      vertex 10 -0.569402 39.125
    endloop
  endfacet
  facet normal 1 0 0
    outer loop
      vertex 10 -0.569402 39.125
      vertex 10 -5 46
      vertex 10 -0.707167 39.0832
    endloop
  endfacet
  facet normal 1 0 0
    outer loop
      vertex 10 -0.707167 39.0832
      vertex 10 -5 46
      vertex 10 -0.841903 39.0325
    endloop
  endfacet
  facet normal 1 0 0
    outer loop
      vertex 10 -0.841903 39.0325
      vertex 10 -5 46
      vertex 10 -0.973035 38.9731
    endloop
  endfacet
  facet normal 1 0 0
    outer loop
      vertex 10 -0.973035 38.9731
      vertex 10 -5 46
      vertex 10 -1.1 38.9053
    endloop
  endfacet
  facet normal 1 0 0
    outer loop
      vertex 10 -1.1 38.9053
      vertex 10 -5 46
      vertex 10 -1.22225 38.8292
    endloop
  endfacet
  facet normal 1 0 0
    outer loop
      vertex 10 -1.22225 38.8292
      vertex 10 -5 46
      vertex 10 -1.33927 38.7454
    endloop
  endfacet
  facet normal 1 0 0
    outer loop
      vertex 10 -1.33927 38.7454
      vertex 10 -5 46
      vertex 10 -1.45056 38.654
    endloop
  endfacet
  facet normal 1 0 0
    outer loop
      vertex 10 -1.45056 38.654
      vertex 10 -5 46
      vertex 10 -1.55563 38.5556
    endloop
  endfacet
  facet normal 1 0 0
    outer loop
      vertex 10 -16 5
      vertex 10 -2.2 37
      vertex 10 -5 46
    endloop
  endfacet
  facet normal 1 0 0
    outer loop
      vertex 10 -2.19529 37.1439
      vertex 10 -5 46
      vertex 10 -2.2 37
    endloop
  endfacet
  facet normal 1 0 0
    outer loop
      vertex 10 -2.18118 37.2872
      vertex 10 -5 46
      vertex 10 -2.19529 37.1439
    endloop
  endfacet
  facet normal 1 0 0
    outer loop
      vertex 10 -2.15773 37.4292
      vertex 10 -5 46
      vertex 10 -2.18118 37.2872
    endloop
  endfacet
  facet normal 1 0 0
    outer loop
      vertex 10 -2.12504 37.5694
      vertex 10 -5 46
      vertex 10 -2.15773 37.4292
    endloop
  endfacet
  facet normal 1 0 0
    outer loop
      vertex 10 -2.08325 37.7072
      vertex 10 -5 46
      vertex 10 -2.12504 37.5694
    endloop
  endfacet
  facet normal 1 0 0
    outer loop
      vertex 10 -2.03253 37.8419
      vertex 10 -5 46
      vertex 10 -2.08325 37.7072
    endloop
  endfacet
  facet normal 1 0 0
    outer loop
      vertex 10 -1.97312 37.973
      vertex 10 -5 46
      vertex 10 -2.03253 37.8419
    endloop
  endfacet
  facet normal 1 0 0
    outer loop
      vertex 10 -1.90526 38.1
      vertex 10 -5 46
      vertex 10 -1.97312 37.973
    endloop
  endfacet
  facet normal 1 0 0
    outer loop
      vertex 10 -1.82923 38.2223
      vertex 10 -5 46
      vertex 10 -1.90526 38.1
    endloop
  endfacet
  facet normal 1 0 0
    outer loop
      vertex 10 -1.74538 38.3393
      vertex 10 -5 46
      vertex 10 -1.82923 38.2223
    endloop
  endfacet
  facet normal 1 0 0
    outer loop
      vertex 10 -1.65405 38.4506
      vertex 10 -5 46
      vertex 10 -1.74538 38.3393
    endloop
  endfacet
  facet normal 1 0 0
    outer loop
      vertex 10 -1.55563 38.5556
      vertex 10 -5 46
      vertex 10 -1.65405 38.4506
    endloop
  endfacet
  facet normal 1 -0 0
    outer loop
      vertex 10 2.2 37
      vertex 10 16 5
      vertex 10 5 46
    endloop
  endfacet
  facet normal 1 -0 0
    outer loop
      vertex 10 2.2 13
      vertex 10 16 5
      vertex 10 2.2 37
    endloop
  endfacet
  facet normal 1 -0 0
    outer loop
      vertex 10 2.19529 12.8561
      vertex 10 16 5
      vertex 10 2.2 13
    endloop
  endfacet
  facet normal 1 -0 0
    outer loop
      vertex 10 2.18118 12.7128
      vertex 10 16 5
      vertex 10 2.19529 12.8561
    endloop
  endfacet
  facet normal 1 -0 0
    outer loop
      vertex 10 2.15773 12.5708
      vertex 10 16 5
      vertex 10 2.18118 12.7128
    endloop
  endfacet
  facet normal 1 -0 0
    outer loop
      vertex 10 2.12504 12.4306
      vertex 10 16 5
      vertex 10 2.15773 12.5708
    endloop
  endfacet
  facet normal 1 -0 0
    outer loop
      vertex 10 2.08325 12.2928
      vertex 10 16 5
      vertex 10 2.12504 12.4306
    endloop
  endfacet
  facet normal 1 -0 0
    outer loop
      vertex 10 2.03253 12.1581
      vertex 10 16 5
      vertex 10 2.08325 12.2928
    endloop
  endfacet
  facet normal 1 -0 0
    outer loop
      vertex 10 1.97312 12.027
      vertex 10 16 5
      vertex 10 2.03253 12.1581
    endloop
  endfacet
  facet normal 1 -0 0
    outer loop
      vertex 10 1.90526 11.9
      vertex 10 16 5
      vertex 10 1.97312 12.027
    endloop
  endfacet
  facet normal 1 -0 0
    outer loop
      vertex 10 1.82923 11.7777
      vertex 10 16 5
      vertex 10 1.90526 11.9
    endloop
  endfacet
  facet normal 1 -0 0
    outer loop
      vertex 10 1.74538 11.6607
      vertex 10 16 5
      vertex 10 1.82923 11.7777
    endloop
  endfacet
  facet normal 1 -0 0
    outer loop
      vertex 10 1.65405 11.5494
      vertex 10 16 5
      vertex 10 1.74538 11.6607
    endloop
  endfacet
  facet normal 1 -0 0
    outer loop
      vertex 10 1.55563 11.4444
      vertex 10 16 5
      vertex 10 1.65405 11.5494
    endloop
  endfacet
  facet normal 1 -0 0
    outer loop
      vertex 10 1.45056 11.346
      vertex 10 16 5
      vertex 10 1.55563 11.4444
    endloop
  endfacet
  facet normal 1 -0 0
    outer loop
      vertex 10 1.33927 11.2546
      vertex 10 16 5
      vertex 10 1.45056 11.346
    endloop
  endfacet
  facet normal 1 -0 0
    outer loop
      vertex 10 1.22225 11.1708
      vertex 10 16 5
      vertex 10 1.33927 11.2546
    endloop
  endfacet
  facet normal 1 -0 0
    outer loop
      vertex 10 1.1 11.0947
      vertex 10 16 5
      vertex 10 1.22225 11.1708
    endloop
  endfacet
  facet normal 1 -0 0
    outer loop
      vertex 10 0.973035 11.0269
      vertex 10 16 5
      vertex 10 1.1 11.0947
    endloop
  endfacet
  facet normal 1 -0 0
    outer loop
      vertex 10 0.841903 10.9675
      vertex 10 16 5
      vertex 10 0.973035 11.0269
    endloop
  endfacet
  facet normal 1 -0 0
    outer loop
      vertex 10 0.707167 10.9168
      vertex 10 16 5
      vertex 10 0.841903 10.9675
    endloop
  endfacet
  facet normal 1 -0 0
    outer loop
      vertex 10 0.569402 10.875
      vertex 10 16 5
      vertex 10 0.707167 10.9168
    endloop
  endfacet
  facet normal 1 -0 0
    outer loop
      vertex 10 0.429198 10.8423
      vertex 10 16 5
      vertex 10 0.569402 10.875
    endloop
  endfacet
  facet normal 1 -0 0
    outer loop
      vertex 10 0.287157 10.8188
      vertex 10 16 5
      vertex 10 0.429198 10.8423
    endloop
  endfacet
  facet normal 1 -0 0
    outer loop
      vertex 10 0.143887 10.8047
      vertex 10 16 5
      vertex 10 0.287157 10.8188
    endloop
  endfacet
  facet normal 1 -0 0
    outer loop
      vertex 10 0 10.8
      vertex 10 16 5
      vertex 10 0.143887 10.8047
    endloop
  endfacet
  facet normal 1 0 0
    outer loop
      vertex 10 -16 5
      vertex 10 0 10.8
      vertex 10 -0.143887 10.8047
    endloop
  endfacet
  facet normal 1 0 0
    outer loop
      vertex 10 -16 5
      vertex 10 -0.143887 10.8047
      vertex 10 -0.287157 10.8188
    endloop
  endfacet
  facet normal 1 0 0
    outer loop
      vertex 10 -16 5
      vertex 10 -0.287157 10.8188
      vertex 10 -0.429198 10.8423
    endloop
  endfacet
  facet normal 1 0 0
    outer loop
      vertex 10 -16 5
      vertex 10 -0.429198 10.8423
      vertex 10 -0.569402 10.875
    endloop
  endfacet
  facet normal 1 0 0
    outer loop
      vertex 10 -16 5
      vertex 10 -0.569402 10.875
      vertex 10 -0.707167 10.9168
    endloop
  endfacet
  facet normal 1 0 0
    outer loop
      vertex 10 -2.2 37
      vertex 10 -16 5
      vertex 10 -2.2 13
    endloop
  endfacet
  facet normal 1 0 0
    outer loop
      vertex 10 0 10.8
      vertex 10 -16 5
      vertex 10 16 5
    endloop
  endfacet
  facet normal 1 0 0
    outer loop
      vertex 10 -0.841903 10.9675
      vertex 10 -16 5
      vertex 10 -0.707167 10.9168
    endloop
  endfacet
  facet normal 1 0 0
    outer loop
      vertex 10 -0.973035 11.0269
      vertex 10 -16 5
      vertex 10 -0.841903 10.9675
    endloop
  endfacet
  facet normal 1 0 0
    outer loop
      vertex 10 -1.1 11.0947
      vertex 10 -16 5
      vertex 10 -0.973035 11.0269
    endloop
  endfacet
  facet normal 1 0 0
    outer loop
      vertex 10 -1.22225 11.1708
      vertex 10 -16 5
      vertex 10 -1.1 11.0947
    endloop
  endfacet
  facet normal 1 0 0
    outer loop
      vertex 10 -1.33927 11.2546
      vertex 10 -16 5
      vertex 10 -1.22225 11.1708
    endloop
  endfacet
  facet normal 1 0 0
    outer loop
      vertex 10 -1.45056 11.346
      vertex 10 -16 5
      vertex 10 -1.33927 11.2546
    endloop
  endfacet
  facet normal 1 0 0
    outer loop
      vertex 10 -1.55563 11.4444
      vertex 10 -16 5
      vertex 10 -1.45056 11.346
    endloop
  endfacet
  facet normal 1 0 0
    outer loop
      vertex 10 -1.65405 11.5494
      vertex 10 -16 5
      vertex 10 -1.55563 11.4444
    endloop
  endfacet
  facet normal 1 0 0
    outer loop
      vertex 10 -1.74538 11.6607
      vertex 10 -16 5
      vertex 10 -1.65405 11.5494
    endloop
  endfacet
  facet normal 1 0 0
    outer loop
      vertex 10 -1.82923 11.7777
      vertex 10 -16 5
      vertex 10 -1.74538 11.6607
    endloop
  endfacet
  facet normal 1 0 0
    outer loop
      vertex 10 -1.90526 11.9
      vertex 10 -16 5
      vertex 10 -1.82923 11.7777
    endloop
  endfacet
  facet normal 1 0 0
    outer loop
      vertex 10 -1.97312 12.027
      vertex 10 -16 5
      vertex 10 -1.90526 11.9
    endloop
  endfacet
  facet normal 1 0 0
    outer loop
      vertex 10 -2.03253 12.1581
      vertex 10 -16 5
      vertex 10 -1.97312 12.027
    endloop
  endfacet
  facet normal 1 0 0
    outer loop
      vertex 10 -2.08325 12.2928
      vertex 10 -16 5
      vertex 10 -2.03253 12.1581
    endloop
  endfacet
  facet normal 1 0 0
    outer loop
      vertex 10 -2.12504 12.4306
      vertex 10 -16 5
      vertex 10 -2.08325 12.2928
    endloop
  endfacet
  facet normal 1 0 0
    outer loop
      vertex 10 -2.15773 12.5708
      vertex 10 -16 5
      vertex 10 -2.12504 12.4306
    endloop
  endfacet
  facet normal 1 0 0
    outer loop
      vertex 10 -2.18118 12.7128
      vertex 10 -16 5
      vertex 10 -2.15773 12.5708
    endloop
  endfacet
  facet normal 1 0 0
    outer loop
      vertex 10 -2.19529 12.8561
      vertex 10 -16 5
      vertex 10 -2.18118 12.7128
    endloop
  endfacet
  facet normal 1 0 0
    outer loop
      vertex 10 -2.2 13
      vertex 10 -16 5
      vertex 10 -2.19529 12.8561
    endloop
  endfacet
  facet normal 0 0.965842 0.25913
    outer loop
      vertex 10 5 46
      vertex 3 7 38.5455
      vertex 3 5 46
    endloop
  endfacet
  facet normal 0 0.965844 0.259126
    outer loop
      vertex 3 7 38.5455
      vertex 0 7.95122 35
      vertex 0 7 38.5455
    endloop
  endfacet
  facet normal 1.68265e-06 0.965843 0.259129
    outer loop
      vertex 10 16 5
      vertex 3 7 38.5455
      vertex 10 5 46
    endloop
  endfacet
  facet normal -3.13339e-05 0.965837 0.25915
    outer loop
      vertex 3 7 38.5455
      vertex 0 8 34.8182
      vertex 0 7.95122 35
    endloop
  endfacet
  facet normal -1.52428e-06 0.965843 0.259128
    outer loop
      vertex 3 7 38.5455
      vertex 10 16 5
      vertex 0 8 34.8182
    endloop
  endfacet
  facet normal 0 0.965843 0.259128
    outer loop
      vertex 0 8 34.8182
      vertex 10 16 5
      vertex 0 16 5
    endloop
  endfacet
  facet normal 0.935826 -0.352463 0
    outer loop
      vertex 18.8694 -4.27676 5
      vertex 18.9213 -4.13896 0
      vertex 18.9213 -4.13896 5
    endloop
  endfacet
  facet normal 0.935826 -0.352463 0
    outer loop
      vertex 18.9213 -4.13896 0
      vertex 18.8694 -4.27676 5
      vertex 18.8694 -4.27676 0
    endloop
  endfacet
  facet normal 1 -0 0
    outer loop
      vertex 18.75 -15 5
      vertex 18.75 -5 0
      vertex 18.75 -5 5
    endloop
  endfacet
  facet normal 1 0 0
    outer loop
      vertex 18.75 -5 0
      vertex 18.75 -15 5
      vertex 18.75 -15 0
    endloop
  endfacet
  facet normal -0.999468 -0.0326002 0
    outer loop
      vertex 23.25 -5 0
      vertex 23.2452 -4.85284 5
      vertex 23.2452 -4.85284 0
    endloop
  endfacet
  facet normal -0.999468 -0.0326002 0
    outer loop
      vertex 23.2452 -4.85284 5
      vertex 23.25 -5 0
      vertex 23.25 -5 5
    endloop
  endfacet
  facet normal 0.986626 -0.163 0
    outer loop
      vertex 18.7692 -4.70632 5
      vertex 18.7932 -4.56105 0
      vertex 18.7932 -4.56105 5
    endloop
  endfacet
  facet normal 0.986626 -0.163 0
    outer loop
      vertex 18.7932 -4.56105 0
      vertex 18.7692 -4.70632 5
      vertex 18.7692 -4.70632 0
    endloop
  endfacet
  facet normal -0.730024 -0.683421 0
    outer loop
      vertex 22.6916 -3.51647 0
      vertex 22.591 -3.40901 5
      vertex 22.591 -3.40901 0
    endloop
  endfacet
  facet normal -0.730024 -0.683421 0
    outer loop
      vertex 22.591 -3.40901 5
      vertex 22.6916 -3.51647 0
      vertex 22.6916 -3.51647 5
    endloop
  endfacet
  facet normal -0.986626 -0.163 0
    outer loop
      vertex 23.2308 -4.70632 0
      vertex 23.2068 -4.56105 5
      vertex 23.2068 -4.56105 0
    endloop
  endfacet
  facet normal -0.986626 -0.163 0
    outer loop
      vertex 23.2068 -4.56105 5
      vertex 23.2308 -4.70632 0
      vertex 23.2308 -4.70632 5
    endloop
  endfacet
  facet normal 0.999468 -0.0326002 0
    outer loop
      vertex 18.75 -5 5
      vertex 18.7548 -4.85284 0
      vertex 18.7548 -4.85284 5
    endloop
  endfacet
  facet normal 0.999468 -0.0326002 0
    outer loop
      vertex 18.7548 -4.85284 0
      vertex 18.75 -5 5
      vertex 18.75 -5 0
    endloop
  endfacet
  facet normal 0.957019 -0.290026 0
    outer loop
      vertex 18.8267 -4.41766 5
      vertex 18.8694 -4.27676 0
      vertex 18.8694 -4.27676 5
    endloop
  endfacet
  facet normal 0.957019 -0.290026 0
    outer loop
      vertex 18.8694 -4.27676 0
      vertex 18.8267 -4.41766 5
      vertex 18.8267 -4.41766 0
    endloop
  endfacet
  facet normal -0.227638 0.973746 0
    outer loop
      vertex 21.5823 -17.1733 0
      vertex 21.439 -17.2068 5
      vertex 21.5823 -17.1733 5
    endloop
  endfacet
  facet normal -0.227638 0.973746 0
    outer loop
      vertex 21.439 -17.2068 5
      vertex 21.5823 -17.1733 0
      vertex 21.439 -17.2068 0
    endloop
  endfacet
  facet normal 0.528411 0.848989 -0
    outer loop
      vertex 19.875 -16.9486 0
      vertex 19.75 -16.8708 5
      vertex 19.875 -16.9486 5
    endloop
  endfacet
  facet normal 0.528411 0.848989 0
    outer loop
      vertex 19.75 -16.8708 5
      vertex 19.875 -16.9486 0
      vertex 19.75 -16.8708 0
    endloop
  endfacet
  facet normal 0.0325914 0.999469 -0
    outer loop
      vertex 21 -17.25 0
      vertex 20.8528 -17.2452 5
      vertex 21 -17.25 5
    endloop
  endfacet
  facet normal 0.0325914 0.999469 0
    outer loop
      vertex 20.8528 -17.2452 5
      vertex 21 -17.25 0
      vertex 20.8528 -17.2452 0
    endloop
  endfacet
  facet normal 0.772988 0.634421 0
    outer loop
      vertex 19.3084 -16.4835 5
      vertex 19.215 -16.3697 0
      vertex 19.215 -16.3697 5
    endloop
  endfacet
  facet normal 0.772988 0.634421 0
    outer loop
      vertex 19.215 -16.3697 0
      vertex 19.3084 -16.4835 5
      vertex 19.3084 -16.4835 0
    endloop
  endfacet
  facet normal 0.935826 0.352463 0
    outer loop
      vertex 18.9213 -15.861 5
      vertex 18.8694 -15.7232 0
      vertex 18.8694 -15.7232 5
    endloop
  endfacet
  facet normal 0.935826 0.352463 0
    outer loop
      vertex 18.8694 -15.7232 0
      vertex 18.9213 -15.861 5
      vertex 18.9213 -15.861 0
    endloop
  endfacet
  facet normal -0.935826 -0.352463 0
    outer loop
      vertex 23.1306 -4.27676 0
      vertex 23.0787 -4.13896 5
      vertex 23.0787 -4.13896 0
    endloop
  endfacet
  facet normal -0.935826 -0.352463 0
    outer loop
      vertex 23.0787 -4.13896 5
      vertex 23.1306 -4.27676 0
      vertex 23.1306 -4.27676 5
    endloop
  endfacet
  facet normal 0.973778 -0.227502 0
    outer loop
      vertex 18.7932 -4.56105 5
      vertex 18.8267 -4.41766 0
      vertex 18.8267 -4.41766 5
    endloop
  endfacet
  facet normal 0.973778 -0.227502 0
    outer loop
      vertex 18.8267 -4.41766 0
      vertex 18.7932 -4.56105 5
      vertex 18.7932 -4.56105 0
    endloop
  endfacet
  facet normal -0.999469 0.0325914 0
    outer loop
      vertex 23.2452 -15.1472 0
      vertex 23.25 -15 5
      vertex 23.25 -15 0
    endloop
  endfacet
  facet normal -0.999469 0.0325914 0
    outer loop
      vertex 23.25 -15 5
      vertex 23.2452 -15.1472 0
      vertex 23.2452 -15.1472 5
    endloop
  endfacet
  facet normal -0.0325914 0.999469 0
    outer loop
      vertex 21.1472 -17.2452 0
      vertex 21 -17.25 5
      vertex 21.1472 -17.2452 5
    endloop
  endfacet
  facet normal -0.0325914 0.999469 0
    outer loop
      vertex 21 -17.25 5
      vertex 21.1472 -17.2452 0
      vertex 21 -17.25 0
    endloop
  endfacet
  facet normal -0.0978221 0.995204 0
    outer loop
      vertex 21.2937 -17.2308 0
      vertex 21.1472 -17.2452 5
      vertex 21.2937 -17.2308 5
    endloop
  endfacet
  facet normal -0.0978221 0.995204 0
    outer loop
      vertex 21.1472 -17.2452 5
      vertex 21.2937 -17.2308 0
      vertex 21.1472 -17.2452 0
    endloop
  endfacet
  facet normal 0.582586 0.812769 -0
    outer loop
      vertex 19.75 -16.8708 0
      vertex 19.6303 -16.785 5
      vertex 19.75 -16.8708 5
    endloop
  endfacet
  facet normal 0.582586 0.812769 0
    outer loop
      vertex 19.6303 -16.785 5
      vertex 19.75 -16.8708 0
      vertex 19.6303 -16.785 0
    endloop
  endfacet
  facet normal 0.352463 0.935826 -0
    outer loop
      vertex 20.2768 -17.1306 0
      vertex 20.139 -17.0787 5
      vertex 20.2768 -17.1306 5
    endloop
  endfacet
  facet normal 0.352463 0.935826 0
    outer loop
      vertex 20.139 -17.0787 5
      vertex 20.2768 -17.1306 0
      vertex 20.139 -17.0787 0
    endloop
  endfacet
  facet normal 0.848989 0.528411 0
    outer loop
      vertex 19.1292 -16.25 5
      vertex 19.0514 -16.125 0
      vertex 19.0514 -16.125 5
    endloop
  endfacet
  facet normal 0.848989 0.528411 0
    outer loop
      vertex 19.0514 -16.125 0
      vertex 19.1292 -16.25 5
      vertex 19.1292 -16.25 0
    endloop
  endfacet
  facet normal 0.812769 0.582586 0
    outer loop
      vertex 19.215 -16.3697 5
      vertex 19.1292 -16.25 0
      vertex 19.1292 -16.25 5
    endloop
  endfacet
  facet normal 0.812769 0.582586 0
    outer loop
      vertex 19.1292 -16.25 0
      vertex 19.215 -16.3697 5
      vertex 19.215 -16.3697 0
    endloop
  endfacet
  facet normal 0.999469 0.0325914 0
    outer loop
      vertex 18.7548 -15.1472 5
      vertex 18.75 -15 0
      vertex 18.75 -15 5
    endloop
  endfacet
  facet normal 0.999469 0.0325914 0
    outer loop
      vertex 18.75 -15 0
      vertex 18.7548 -15.1472 5
      vertex 18.7548 -15.1472 0
    endloop
  endfacet
  facet normal 0.683467 -0.729982 0
    outer loop
      vertex 19.409 -3.40901 0
      vertex 19.5165 -3.30836 5
      vertex 19.409 -3.40901 5
    endloop
  endfacet
  facet normal 0.683467 -0.729982 0
    outer loop
      vertex 19.5165 -3.30836 5
      vertex 19.409 -3.40901 0
      vertex 19.5165 -3.30836 0
    endloop
  endfacet
  facet normal -1 0 0
    outer loop
      vertex 23.25 -15 0
      vertex 23.25 -5 5
      vertex 23.25 -5 0
    endloop
  endfacet
  facet normal -1 -0 0
    outer loop
      vertex 23.25 -5 5
      vertex 23.25 -15 0
      vertex 23.25 -15 5
    endloop
  endfacet
  facet normal -0.935826 0.352463 0
    outer loop
      vertex 23.0787 -15.861 0
      vertex 23.1306 -15.7232 5
      vertex 23.1306 -15.7232 0
    endloop
  endfacet
  facet normal -0.935826 0.352463 0
    outer loop
      vertex 23.1306 -15.7232 5
      vertex 23.0787 -15.861 0
      vertex 23.0787 -15.861 5
    endloop
  endfacet
  facet normal -0.848989 0.528411 0
    outer loop
      vertex 22.8708 -16.25 0
      vertex 22.9486 -16.125 5
      vertex 22.9486 -16.125 0
    endloop
  endfacet
  facet normal -0.848989 0.528411 0
    outer loop
      vertex 22.9486 -16.125 5
      vertex 22.8708 -16.25 0
      vertex 22.8708 -16.25 5
    endloop
  endfacet
  facet normal -0.730151 0.683286 0
    outer loop
      vertex 22.591 -16.591 0
      vertex 22.6916 -16.4835 5
      vertex 22.6916 -16.4835 0
    endloop
  endfacet
  facet normal -0.730151 0.683286 0
    outer loop
      vertex 22.6916 -16.4835 5
      vertex 22.591 -16.591 0
      vertex 22.591 -16.591 5
    endloop
  endfacet
  facet normal -0.162967 0.986631 0
    outer loop
      vertex 21.439 -17.2068 0
      vertex 21.2937 -17.2308 5
      vertex 21.439 -17.2068 5
    endloop
  endfacet
  facet normal -0.162967 0.986631 0
    outer loop
      vertex 21.2937 -17.2308 5
      vertex 21.439 -17.2068 0
      vertex 21.2937 -17.2308 0
    endloop
  endfacet
  facet normal -0.352463 0.935826 0
    outer loop
      vertex 21.861 -17.0787 0
      vertex 21.7232 -17.1306 5
      vertex 21.861 -17.0787 5
    endloop
  endfacet
  facet normal -0.352463 0.935826 0
    outer loop
      vertex 21.7232 -17.1306 5
      vertex 21.861 -17.0787 0
      vertex 21.7232 -17.1306 0
    endloop
  endfacet
  facet normal 0.683286 0.730151 -0
    outer loop
      vertex 19.5165 -16.6916 0
      vertex 19.409 -16.591 5
      vertex 19.5165 -16.6916 5
    endloop
  endfacet
  facet normal 0.683286 0.730151 0
    outer loop
      vertex 19.409 -16.591 5
      vertex 19.5165 -16.6916 0
      vertex 19.409 -16.591 0
    endloop
  endfacet
  facet normal 0.634421 0.772988 -0
    outer loop
      vertex 19.6303 -16.785 0
      vertex 19.5165 -16.6916 5
      vertex 19.6303 -16.785 5
    endloop
  endfacet
  facet normal 0.634421 0.772988 0
    outer loop
      vertex 19.5165 -16.6916 5
      vertex 19.6303 -16.785 0
      vertex 19.5165 -16.6916 0
    endloop
  endfacet
  facet normal 0.471222 0.882014 -0
    outer loop
      vertex 20.0049 -17.018 0
      vertex 19.875 -16.9486 5
      vertex 20.0049 -17.018 5
    endloop
  endfacet
  facet normal 0.471222 0.882014 0
    outer loop
      vertex 19.875 -16.9486 5
      vertex 20.0049 -17.018 0
      vertex 19.875 -16.9486 0
    endloop
  endfacet
  facet normal 0.412369 0.911017 -0
    outer loop
      vertex 20.139 -17.0787 0
      vertex 20.0049 -17.018 5
      vertex 20.139 -17.0787 5
    endloop
  endfacet
  facet normal 0.412369 0.911017 0
    outer loop
      vertex 20.0049 -17.018 5
      vertex 20.139 -17.0787 0
      vertex 20.0049 -17.018 0
    endloop
  endfacet
  facet normal 0.290026 0.957019 -0
    outer loop
      vertex 20.4177 -17.1733 0
      vertex 20.2768 -17.1306 5
      vertex 20.4177 -17.1733 5
    endloop
  endfacet
  facet normal 0.290026 0.957019 0
    outer loop
      vertex 20.2768 -17.1306 5
      vertex 20.4177 -17.1733 0
      vertex 20.2768 -17.1306 0
    endloop
  endfacet
  facet normal 0.162967 0.986631 -0
    outer loop
      vertex 20.7063 -17.2308 0
      vertex 20.561 -17.2068 5
      vertex 20.7063 -17.2308 5
    endloop
  endfacet
  facet normal 0.162967 0.986631 0
    outer loop
      vertex 20.561 -17.2068 5
      vertex 20.7063 -17.2308 0
      vertex 20.561 -17.2068 0
    endloop
  endfacet
  facet normal 0.911017 0.412369 0
    outer loop
      vertex 18.982 -15.9951 5
      vertex 18.9213 -15.861 0
      vertex 18.9213 -15.861 5
    endloop
  endfacet
  facet normal 0.911017 0.412369 0
    outer loop
      vertex 18.9213 -15.861 0
      vertex 18.982 -15.9951 5
      vertex 18.982 -15.9951 0
    endloop
  endfacet
  facet normal 0.973746 0.227638 0
    outer loop
      vertex 18.8267 -15.5823 5
      vertex 18.7932 -15.439 0
      vertex 18.7932 -15.439 5
    endloop
  endfacet
  facet normal 0.973746 0.227638 0
    outer loop
      vertex 18.7932 -15.439 0
      vertex 18.8267 -15.5823 5
      vertex 18.8267 -15.5823 0
    endloop
  endfacet
  facet normal 0.995204 0.0978221 0
    outer loop
      vertex 18.7692 -15.2937 5
      vertex 18.7548 -15.1472 0
      vertex 18.7548 -15.1472 5
    endloop
  endfacet
  facet normal 0.995204 0.0978221 0
    outer loop
      vertex 18.7548 -15.1472 0
      vertex 18.7692 -15.2937 5
      vertex 18.7692 -15.2937 0
    endloop
  endfacet
  facet normal -0.528166 -0.849141 0
    outer loop
      vertex 22.125 -3.05144 0
      vertex 22.25 -3.12919 5
      vertex 22.125 -3.05144 5
    endloop
  endfacet
  facet normal -0.528166 -0.849141 -0
    outer loop
      vertex 22.25 -3.12919 5
      vertex 22.125 -3.05144 0
      vertex 22.25 -3.12919 0
    endloop
  endfacet
  facet normal -0.227251 -0.973836 0
    outer loop
      vertex 21.439 -2.79323 0
      vertex 21.5823 -2.82667 5
      vertex 21.439 -2.79323 5
    endloop
  endfacet
  facet normal -0.227251 -0.973836 -0
    outer loop
      vertex 21.5823 -2.82667 5
      vertex 21.439 -2.79323 0
      vertex 21.5823 -2.82667 0
    endloop
  endfacet
  facet normal -0.471222 -0.882014 0
    outer loop
      vertex 21.9951 -2.98204 0
      vertex 22.125 -3.05144 5
      vertex 21.9951 -2.98204 5
    endloop
  endfacet
  facet normal -0.471222 -0.882014 -0
    outer loop
      vertex 22.125 -3.05144 5
      vertex 21.9951 -2.98204 0
      vertex 22.125 -3.05144 0
    endloop
  endfacet
  facet normal 0.911028 -0.412344 0
    outer loop
      vertex 18.9213 -4.13896 5
      vertex 18.982 -4.00485 0
      vertex 18.982 -4.00485 5
    endloop
  endfacet
  facet normal 0.911028 -0.412344 0
    outer loop
      vertex 18.982 -4.00485 0
      vertex 18.9213 -4.13896 5
      vertex 18.9213 -4.13896 0
    endloop
  endfacet
  facet normal 0.471222 -0.882014 0
    outer loop
      vertex 19.875 -3.05144 0
      vertex 20.0049 -2.98204 5
      vertex 19.875 -3.05144 5
    endloop
  endfacet
  facet normal 0.471222 -0.882014 0
    outer loop
      vertex 20.0049 -2.98204 5
      vertex 19.875 -3.05144 0
      vertex 20.0049 -2.98204 0
    endloop
  endfacet
  facet normal -0.911028 -0.412344 0
    outer loop
      vertex 23.0787 -4.13896 0
      vertex 23.018 -4.00485 5
      vertex 23.018 -4.00485 0
    endloop
  endfacet
  facet normal -0.911028 -0.412344 0
    outer loop
      vertex 23.018 -4.00485 5
      vertex 23.0787 -4.13896 0
      vertex 23.0787 -4.13896 5
    endloop
  endfacet
  facet normal -0.995205 -0.0978089 0
    outer loop
      vertex 23.2452 -4.85284 0
      vertex 23.2308 -4.70632 5
      vertex 23.2308 -4.70632 0
    endloop
  endfacet
  facet normal -0.995205 -0.0978089 0
    outer loop
      vertex 23.2308 -4.70632 5
      vertex 23.2452 -4.85284 0
      vertex 23.2452 -4.85284 5
    endloop
  endfacet
  facet normal -0.986631 0.162967 0
    outer loop
      vertex 23.2068 -15.439 0
      vertex 23.2308 -15.2937 5
      vertex 23.2308 -15.2937 0
    endloop
  endfacet
  facet normal -0.986631 0.162967 0
    outer loop
      vertex 23.2308 -15.2937 5
      vertex 23.2068 -15.439 0
      vertex 23.2068 -15.439 5
    endloop
  endfacet
  facet normal -0.957019 0.290026 0
    outer loop
      vertex 23.1306 -15.7232 0
      vertex 23.1733 -15.5823 5
      vertex 23.1733 -15.5823 0
    endloop
  endfacet
  facet normal -0.957019 0.290026 0
    outer loop
      vertex 23.1733 -15.5823 5
      vertex 23.1306 -15.7232 0
      vertex 23.1306 -15.7232 5
    endloop
  endfacet
  facet normal -0.973746 0.227638 0
    outer loop
      vertex 23.1733 -15.5823 0
      vertex 23.2068 -15.439 5
      vertex 23.2068 -15.439 0
    endloop
  endfacet
  facet normal -0.973746 0.227638 0
    outer loop
      vertex 23.2068 -15.439 5
      vertex 23.1733 -15.5823 0
      vertex 23.1733 -15.5823 5
    endloop
  endfacet
  facet normal -0.412369 0.911017 0
    outer loop
      vertex 21.9951 -17.018 0
      vertex 21.861 -17.0787 5
      vertex 21.9951 -17.018 5
    endloop
  endfacet
  facet normal -0.412369 0.911017 0
    outer loop
      vertex 21.861 -17.0787 5
      vertex 21.9951 -17.018 0
      vertex 21.861 -17.0787 0
    endloop
  endfacet
  facet normal -0.471222 0.882014 0
    outer loop
      vertex 22.125 -16.9486 0
      vertex 21.9951 -17.018 5
      vertex 22.125 -16.9486 5
    endloop
  endfacet
  facet normal -0.471222 0.882014 0
    outer loop
      vertex 21.9951 -17.018 5
      vertex 22.125 -16.9486 0
      vertex 21.9951 -17.018 0
    endloop
  endfacet
  facet normal -0.911017 0.412369 0
    outer loop
      vertex 23.018 -15.9951 0
      vertex 23.0787 -15.861 5
      vertex 23.0787 -15.861 0
    endloop
  endfacet
  facet normal -0.911017 0.412369 0
    outer loop
      vertex 23.0787 -15.861 5
      vertex 23.018 -15.9951 0
      vertex 23.018 -15.9951 5
    endloop
  endfacet
  facet normal -0.882014 0.471222 0
    outer loop
      vertex 22.9486 -16.125 0
      vertex 23.018 -15.9951 5
      vertex 23.018 -15.9951 0
    endloop
  endfacet
  facet normal -0.882014 0.471222 0
    outer loop
      vertex 23.018 -15.9951 5
      vertex 22.9486 -16.125 0
      vertex 22.9486 -16.125 5
    endloop
  endfacet
  facet normal -0.812769 0.582586 0
    outer loop
      vertex 22.785 -16.3697 0
      vertex 22.8708 -16.25 5
      vertex 22.8708 -16.25 0
    endloop
  endfacet
  facet normal -0.812769 0.582586 0
    outer loop
      vertex 22.8708 -16.25 5
      vertex 22.785 -16.3697 0
      vertex 22.785 -16.3697 5
    endloop
  endfacet
  facet normal -0.290026 0.957019 0
    outer loop
      vertex 21.7232 -17.1306 0
      vertex 21.5823 -17.1733 5
      vertex 21.7232 -17.1306 5
    endloop
  endfacet
  facet normal -0.290026 0.957019 0
    outer loop
      vertex 21.5823 -17.1733 5
      vertex 21.7232 -17.1306 0
      vertex 21.5823 -17.1733 0
    endloop
  endfacet
  facet normal 0.227638 0.973746 -0
    outer loop
      vertex 20.561 -17.2068 0
      vertex 20.4177 -17.1733 5
      vertex 20.561 -17.2068 5
    endloop
  endfacet
  facet normal 0.227638 0.973746 0
    outer loop
      vertex 20.4177 -17.1733 5
      vertex 20.561 -17.2068 0
      vertex 20.4177 -17.1733 0
    endloop
  endfacet
  facet normal 0.0978221 0.995204 -0
    outer loop
      vertex 20.8528 -17.2452 0
      vertex 20.7063 -17.2308 5
      vertex 20.8528 -17.2452 5
    endloop
  endfacet
  facet normal 0.0978221 0.995204 0
    outer loop
      vertex 20.7063 -17.2308 5
      vertex 20.8528 -17.2452 0
      vertex 20.7063 -17.2308 0
    endloop
  endfacet
  facet normal 0.730151 0.683286 0
    outer loop
      vertex 19.409 -16.591 5
      vertex 19.3084 -16.4835 0
      vertex 19.3084 -16.4835 5
    endloop
  endfacet
  facet normal 0.730151 0.683286 0
    outer loop
      vertex 19.3084 -16.4835 0
      vertex 19.409 -16.591 5
      vertex 19.409 -16.591 0
    endloop
  endfacet
  facet normal 0.882014 0.471222 0
    outer loop
      vertex 19.0514 -16.125 5
      vertex 18.982 -15.9951 0
      vertex 18.982 -15.9951 5
    endloop
  endfacet
  facet normal 0.882014 0.471222 0
    outer loop
      vertex 18.982 -15.9951 0
      vertex 19.0514 -16.125 5
      vertex 19.0514 -16.125 0
    endloop
  endfacet
  facet normal 0.957019 0.290026 0
    outer loop
      vertex 18.8694 -15.7232 5
      vertex 18.8267 -15.5823 0
      vertex 18.8267 -15.5823 5
    endloop
  endfacet
  facet normal 0.957019 0.290026 0
    outer loop
      vertex 18.8267 -15.5823 0
      vertex 18.8694 -15.7232 5
      vertex 18.8694 -15.7232 0
    endloop
  endfacet
  facet normal 0.986631 0.162967 0
    outer loop
      vertex 18.7932 -15.439 5
      vertex 18.7692 -15.2937 0
      vertex 18.7692 -15.2937 5
    endloop
  endfacet
  facet normal 0.986631 0.162967 0
    outer loop
      vertex 18.7692 -15.2937 0
      vertex 18.7932 -15.439 5
      vertex 18.7932 -15.439 0
    endloop
  endfacet
  facet normal 0.995205 -0.0978089 0
    outer loop
      vertex 18.7548 -4.85284 5
      vertex 18.7692 -4.70632 0
      vertex 18.7692 -4.70632 5
    endloop
  endfacet
  facet normal 0.995205 -0.0978089 0
    outer loop
      vertex 18.7692 -4.70632 0
      vertex 18.7548 -4.85284 5
      vertex 18.7548 -4.85284 0
    endloop
  endfacet
  facet normal -0.683467 -0.729982 0
    outer loop
      vertex 22.4835 -3.30836 0
      vertex 22.591 -3.40901 5
      vertex 22.4835 -3.30836 5
    endloop
  endfacet
  facet normal -0.683467 -0.729982 -0
    outer loop
      vertex 22.591 -3.40901 5
      vertex 22.4835 -3.30836 0
      vertex 22.591 -3.40901 0
    endloop
  endfacet
  facet normal -0.352225 -0.935915 0
    outer loop
      vertex 21.7232 -2.86941 0
      vertex 21.861 -2.92127 5
      vertex 21.7232 -2.86941 5
    endloop
  endfacet
  facet normal -0.352225 -0.935915 -0
    outer loop
      vertex 21.861 -2.92127 5
      vertex 21.7232 -2.86941 0
      vertex 21.861 -2.92127 0
    endloop
  endfacet
  facet normal -0.412764 -0.910838 0
    outer loop
      vertex 21.861 -2.92127 0
      vertex 21.9951 -2.98204 5
      vertex 21.861 -2.92127 5
    endloop
  endfacet
  facet normal -0.412764 -0.910838 -0
    outer loop
      vertex 21.9951 -2.98204 5
      vertex 21.861 -2.92127 0
      vertex 21.9951 -2.98204 0
    endloop
  endfacet
  facet normal -0.582407 -0.812898 0
    outer loop
      vertex 22.25 -3.12919 0
      vertex 22.3697 -3.21495 5
      vertex 22.25 -3.12919 5
    endloop
  endfacet
  facet normal -0.582407 -0.812898 -0
    outer loop
      vertex 22.3697 -3.21495 5
      vertex 22.25 -3.12919 0
      vertex 22.3697 -3.21495 0
    endloop
  endfacet
  facet normal 0.162835 -0.986653 0
    outer loop
      vertex 20.561 -2.79323 0
      vertex 20.7063 -2.76925 5
      vertex 20.561 -2.79323 5
    endloop
  endfacet
  facet normal 0.162835 -0.986653 0
    outer loop
      vertex 20.7063 -2.76925 5
      vertex 20.561 -2.79323 0
      vertex 20.7063 -2.76925 0
    endloop
  endfacet
  facet normal 0.849046 -0.528319 0
    outer loop
      vertex 19.0514 -3.875 5
      vertex 19.1292 -3.74997 0
      vertex 19.1292 -3.74997 5
    endloop
  endfacet
  facet normal 0.849046 -0.528319 0
    outer loop
      vertex 19.1292 -3.74997 0
      vertex 19.0514 -3.875 5
      vertex 19.0514 -3.875 0
    endloop
  endfacet
  facet normal 0.773043 -0.634354 0
    outer loop
      vertex 19.215 -3.63029 5
      vertex 19.3084 -3.51647 0
      vertex 19.3084 -3.51647 5
    endloop
  endfacet
  facet normal 0.773043 -0.634354 0
    outer loop
      vertex 19.3084 -3.51647 0
      vertex 19.215 -3.63029 5
      vertex 19.215 -3.63029 0
    endloop
  endfacet
  facet normal 0.634461 -0.772955 0
    outer loop
      vertex 19.5165 -3.30836 0
      vertex 19.6303 -3.21495 5
      vertex 19.5165 -3.30836 5
    endloop
  endfacet
  facet normal 0.634461 -0.772955 0
    outer loop
      vertex 19.6303 -3.21495 5
      vertex 19.5165 -3.30836 0
      vertex 19.6303 -3.21495 0
    endloop
  endfacet
  facet normal 0.582407 -0.812898 0
    outer loop
      vertex 19.6303 -3.21495 0
      vertex 19.75 -3.12919 5
      vertex 19.6303 -3.21495 5
    endloop
  endfacet
  facet normal 0.582407 -0.812898 0
    outer loop
      vertex 19.75 -3.12919 5
      vertex 19.6303 -3.21495 0
      vertex 19.75 -3.12919 0
    endloop
  endfacet
  facet normal -0.881939 -0.471364 0
    outer loop
      vertex 23.018 -4.00485 0
      vertex 22.9486 -3.875 5
      vertex 22.9486 -3.875 0
    endloop
  endfacet
  facet normal -0.881939 -0.471364 0
    outer loop
      vertex 22.9486 -3.875 5
      vertex 23.018 -4.00485 0
      vertex 23.018 -4.00485 5
    endloop
  endfacet
  facet normal -0.957019 -0.290026 0
    outer loop
      vertex 23.1733 -4.41766 0
      vertex 23.1306 -4.27676 5
      vertex 23.1306 -4.27676 0
    endloop
  endfacet
  facet normal -0.957019 -0.290026 0
    outer loop
      vertex 23.1306 -4.27676 5
      vertex 23.1733 -4.41766 0
      vertex 23.1733 -4.41766 5
    endloop
  endfacet
  facet normal -0.995204 0.0978221 0
    outer loop
      vertex 23.2308 -15.2937 0
      vertex 23.2452 -15.1472 5
      vertex 23.2452 -15.1472 0
    endloop
  endfacet
  facet normal -0.995204 0.0978221 0
    outer loop
      vertex 23.2452 -15.1472 5
      vertex 23.2308 -15.2937 0
      vertex 23.2308 -15.2937 5
    endloop
  endfacet
  facet normal -0.582586 0.812769 0
    outer loop
      vertex 22.3697 -16.785 0
      vertex 22.25 -16.8708 5
      vertex 22.3697 -16.785 5
    endloop
  endfacet
  facet normal -0.582586 0.812769 0
    outer loop
      vertex 22.25 -16.8708 5
      vertex 22.3697 -16.785 0
      vertex 22.25 -16.8708 0
    endloop
  endfacet
  facet normal -0.683286 0.730151 0
    outer loop
      vertex 22.591 -16.591 0
      vertex 22.4835 -16.6916 5
      vertex 22.591 -16.591 5
    endloop
  endfacet
  facet normal -0.683286 0.730151 0
    outer loop
      vertex 22.4835 -16.6916 5
      vertex 22.591 -16.591 0
      vertex 22.4835 -16.6916 0
    endloop
  endfacet
  facet normal -0.634421 0.772988 0
    outer loop
      vertex 22.4835 -16.6916 0
      vertex 22.3697 -16.785 5
      vertex 22.4835 -16.6916 5
    endloop
  endfacet
  facet normal -0.634421 0.772988 0
    outer loop
      vertex 22.3697 -16.785 5
      vertex 22.4835 -16.6916 0
      vertex 22.3697 -16.785 0
    endloop
  endfacet
  facet normal -0.772988 0.634421 0
    outer loop
      vertex 22.6916 -16.4835 0
      vertex 22.785 -16.3697 5
      vertex 22.785 -16.3697 0
    endloop
  endfacet
  facet normal -0.772988 0.634421 0
    outer loop
      vertex 22.785 -16.3697 5
      vertex 22.6916 -16.4835 0
      vertex 22.6916 -16.4835 5
    endloop
  endfacet
  facet normal -0.634461 -0.772955 0
    outer loop
      vertex 22.3697 -3.21495 0
      vertex 22.4835 -3.30836 5
      vertex 22.3697 -3.21495 5
    endloop
  endfacet
  facet normal -0.634461 -0.772955 -0
    outer loop
      vertex 22.4835 -3.30836 5
      vertex 22.3697 -3.21495 0
      vertex 22.4835 -3.30836 0
    endloop
  endfacet
  facet normal -0.290275 -0.956943 0
    outer loop
      vertex 21.5823 -2.82667 0
      vertex 21.7232 -2.86941 5
      vertex 21.5823 -2.82667 5
    endloop
  endfacet
  facet normal -0.290275 -0.956943 -0
    outer loop
      vertex 21.7232 -2.86941 5
      vertex 21.5823 -2.82667 0
      vertex 21.7232 -2.86941 0
    endloop
  endfacet
  facet normal -0.162835 -0.986653 0
    outer loop
      vertex 21.2937 -2.76925 0
      vertex 21.439 -2.79323 5
      vertex 21.2937 -2.76925 5
    endloop
  endfacet
  facet normal -0.162835 -0.986653 -0
    outer loop
      vertex 21.439 -2.79323 5
      vertex 21.2937 -2.76925 0
      vertex 21.439 -2.79323 0
    endloop
  endfacet
  facet normal -0.0980239 -0.995184 0
    outer loop
      vertex 21.1472 -2.75482 0
      vertex 21.2937 -2.76925 5
      vertex 21.1472 -2.75482 5
    endloop
  endfacet
  facet normal -0.0980239 -0.995184 -0
    outer loop
      vertex 21.2937 -2.76925 5
      vertex 21.1472 -2.75482 0
      vertex 21.2937 -2.76925 0
    endloop
  endfacet
  facet normal 0.0980239 -0.995184 0
    outer loop
      vertex 20.7063 -2.76925 0
      vertex 20.8528 -2.75482 5
      vertex 20.7063 -2.76925 5
    endloop
  endfacet
  facet normal 0.0980239 -0.995184 0
    outer loop
      vertex 20.8528 -2.75482 5
      vertex 20.7063 -2.76925 0
      vertex 20.8528 -2.75482 0
    endloop
  endfacet
  facet normal 0.412764 -0.910838 0
    outer loop
      vertex 20.0049 -2.98204 0
      vertex 20.139 -2.92127 5
      vertex 20.0049 -2.98204 5
    endloop
  endfacet
  facet normal 0.412764 -0.910838 0
    outer loop
      vertex 20.139 -2.92127 5
      vertex 20.0049 -2.98204 0
      vertex 20.139 -2.92127 0
    endloop
  endfacet
  facet normal 0.881939 -0.471364 0
    outer loop
      vertex 18.982 -4.00485 5
      vertex 19.0514 -3.875 0
      vertex 19.0514 -3.875 5
    endloop
  endfacet
  facet normal 0.881939 -0.471364 0
    outer loop
      vertex 19.0514 -3.875 0
      vertex 18.982 -4.00485 5
      vertex 18.982 -4.00485 0
    endloop
  endfacet
  facet normal 0.812723 -0.582651 0
    outer loop
      vertex 19.1292 -3.74997 5
      vertex 19.215 -3.63029 0
      vertex 19.215 -3.63029 5
    endloop
  endfacet
  facet normal 0.812723 -0.582651 0
    outer loop
      vertex 19.215 -3.63029 0
      vertex 19.1292 -3.74997 5
      vertex 19.1292 -3.74997 0
    endloop
  endfacet
  facet normal 0.730024 -0.683421 0
    outer loop
      vertex 19.3084 -3.51647 5
      vertex 19.409 -3.40901 0
      vertex 19.409 -3.40901 5
    endloop
  endfacet
  facet normal 0.730024 -0.683421 0
    outer loop
      vertex 19.409 -3.40901 0
      vertex 19.3084 -3.51647 5
      vertex 19.3084 -3.51647 0
    endloop
  endfacet
  facet normal -0.773043 -0.634354 0
    outer loop
      vertex 22.785 -3.63029 0
      vertex 22.6916 -3.51647 5
      vertex 22.6916 -3.51647 0
    endloop
  endfacet
  facet normal -0.773043 -0.634354 0
    outer loop
      vertex 22.6916 -3.51647 5
      vertex 22.785 -3.63029 0
      vertex 22.785 -3.63029 5
    endloop
  endfacet
  facet normal -0.812723 -0.582651 0
    outer loop
      vertex 22.8708 -3.74997 0
      vertex 22.785 -3.63029 5
      vertex 22.785 -3.63029 0
    endloop
  endfacet
  facet normal -0.812723 -0.582651 0
    outer loop
      vertex 22.785 -3.63029 5
      vertex 22.8708 -3.74997 0
      vertex 22.8708 -3.74997 5
    endloop
  endfacet
  facet normal -0.849046 -0.528319 0
    outer loop
      vertex 22.9486 -3.875 0
      vertex 22.8708 -3.74997 5
      vertex 22.8708 -3.74997 0
    endloop
  endfacet
  facet normal -0.849046 -0.528319 0
    outer loop
      vertex 22.8708 -3.74997 5
      vertex 22.9486 -3.875 0
      vertex 22.9486 -3.875 5
    endloop
  endfacet
  facet normal -0.973778 -0.227502 0
    outer loop
      vertex 23.2068 -4.56105 0
      vertex 23.1733 -4.41766 5
      vertex 23.1733 -4.41766 0
    endloop
  endfacet
  facet normal -0.973778 -0.227502 0
    outer loop
      vertex 23.1733 -4.41766 5
      vertex 23.2068 -4.56105 0
      vertex 23.2068 -4.56105 5
    endloop
  endfacet
  facet normal -0.528411 0.848989 0
    outer loop
      vertex 22.25 -16.8708 0
      vertex 22.125 -16.9486 5
      vertex 22.25 -16.8708 5
    endloop
  endfacet
  facet normal -0.528411 0.848989 0
    outer loop
      vertex 22.125 -16.9486 5
      vertex 22.25 -16.8708 0
      vertex 22.125 -16.9486 0
    endloop
  endfacet
  facet normal 0.032727 -0.999464 0
    outer loop
      vertex 20.8528 -2.75482 0
      vertex 21 -2.75 5
      vertex 20.8528 -2.75482 5
    endloop
  endfacet
  facet normal 0.032727 -0.999464 0
    outer loop
      vertex 21 -2.75 5
      vertex 20.8528 -2.75482 0
      vertex 21 -2.75 0
    endloop
  endfacet
  facet normal 0.227251 -0.973836 0
    outer loop
      vertex 20.4177 -2.82667 0
      vertex 20.561 -2.79323 5
      vertex 20.4177 -2.82667 5
    endloop
  endfacet
  facet normal 0.227251 -0.973836 0
    outer loop
      vertex 20.561 -2.79323 5
      vertex 20.4177 -2.82667 0
      vertex 20.561 -2.79323 0
    endloop
  endfacet
  facet normal 0.528166 -0.849141 0
    outer loop
      vertex 19.75 -3.12919 0
      vertex 19.875 -3.05144 5
      vertex 19.75 -3.12919 5
    endloop
  endfacet
  facet normal 0.528166 -0.849141 0
    outer loop
      vertex 19.875 -3.05144 5
      vertex 19.75 -3.12919 0
      vertex 19.875 -3.05144 0
    endloop
  endfacet
  facet normal -0.032727 -0.999464 0
    outer loop
      vertex 21 -2.75 0
      vertex 21.1472 -2.75482 5
      vertex 21 -2.75 5
    endloop
  endfacet
  facet normal -0.032727 -0.999464 -0
    outer loop
      vertex 21.1472 -2.75482 5
      vertex 21 -2.75 0
      vertex 21.1472 -2.75482 0
    endloop
  endfacet
  facet normal 0.290275 -0.956943 0
    outer loop
      vertex 20.2768 -2.86941 0
      vertex 20.4177 -2.82667 5
      vertex 20.2768 -2.86941 5
    endloop
  endfacet
  facet normal 0.290275 -0.956943 0
    outer loop
      vertex 20.4177 -2.82667 5
      vertex 20.2768 -2.86941 0
      vertex 20.4177 -2.82667 0
    endloop
  endfacet
  facet normal 0.352225 -0.935915 0
    outer loop
      vertex 20.139 -2.92127 0
      vertex 20.2768 -2.86941 5
      vertex 20.139 -2.92127 5
    endloop
  endfacet
  facet normal 0.352225 -0.935915 0
    outer loop
      vertex 20.2768 -2.86941 5
      vertex 20.139 -2.92127 0
      vertex 20.2768 -2.86941 0
    endloop
  endfacet
  facet normal -1 0 0
    outer loop
      vertex 23.25 5 0
      vertex 23.25 15 5
      vertex 23.25 15 0
    endloop
  endfacet
  facet normal -1 -0 0
    outer loop
      vertex 23.25 15 5
      vertex 23.25 5 0
      vertex 23.25 5 5
    endloop
  endfacet
  facet normal -0.999469 -0.0325914 0
    outer loop
      vertex 23.25 15 0
      vertex 23.2452 15.1472 5
      vertex 23.2452 15.1472 0
    endloop
  endfacet
  facet normal -0.999469 -0.0325914 0
    outer loop
      vertex 23.2452 15.1472 5
      vertex 23.25 15 0
      vertex 23.25 15 5
    endloop
  endfacet
  facet normal 0.999469 -0.0325914 0
    outer loop
      vertex 18.75 15 5
      vertex 18.7548 15.1472 0
      vertex 18.7548 15.1472 5
    endloop
  endfacet
  facet normal 0.999469 -0.0325914 0
    outer loop
      vertex 18.7548 15.1472 0
      vertex 18.75 15 5
      vertex 18.75 15 0
    endloop
  endfacet
  facet normal 1 -0 0
    outer loop
      vertex 18.75 5 5
      vertex 18.75 15 0
      vertex 18.75 15 5
    endloop
  endfacet
  facet normal 1 0 0
    outer loop
      vertex 18.75 15 0
      vertex 18.75 5 5
      vertex 18.75 5 0
    endloop
  endfacet
  facet normal -0.227251 0.973836 0
    outer loop
      vertex 21.5823 2.82667 0
      vertex 21.439 2.79323 5
      vertex 21.5823 2.82667 5
    endloop
  endfacet
  facet normal -0.227251 0.973836 0
    outer loop
      vertex 21.439 2.79323 5
      vertex 21.5823 2.82667 0
      vertex 21.439 2.79323 0
    endloop
  endfacet
  facet normal -0.881939 0.471364 0
    outer loop
      vertex 22.9486 3.875 0
      vertex 23.018 4.00485 5
      vertex 23.018 4.00485 0
    endloop
  endfacet
  facet normal -0.881939 0.471364 0
    outer loop
      vertex 23.018 4.00485 5
      vertex 22.9486 3.875 0
      vertex 22.9486 3.875 5
    endloop
  endfacet
  facet normal 0.352225 0.935915 -0
    outer loop
      vertex 20.2768 2.86941 0
      vertex 20.139 2.92127 5
      vertex 20.2768 2.86941 5
    endloop
  endfacet
  facet normal 0.352225 0.935915 0
    outer loop
      vertex 20.139 2.92127 5
      vertex 20.2768 2.86941 0
      vertex 20.139 2.92127 0
    endloop
  endfacet
  facet normal -0.973778 0.227502 0
    outer loop
      vertex 23.1733 4.41766 0
      vertex 23.2068 4.56105 5
      vertex 23.2068 4.56105 0
    endloop
  endfacet
  facet normal -0.973778 0.227502 0
    outer loop
      vertex 23.2068 4.56105 5
      vertex 23.1733 4.41766 0
      vertex 23.1733 4.41766 5
    endloop
  endfacet
  facet normal -0.935826 0.352463 0
    outer loop
      vertex 23.0787 4.13896 0
      vertex 23.1306 4.27676 5
      vertex 23.1306 4.27676 0
    endloop
  endfacet
  facet normal -0.935826 0.352463 0
    outer loop
      vertex 23.1306 4.27676 5
      vertex 23.0787 4.13896 0
      vertex 23.0787 4.13896 5
    endloop
  endfacet
  facet normal -0.911017 -0.412369 0
    outer loop
      vertex 23.0787 15.861 0
      vertex 23.018 15.9951 5
      vertex 23.018 15.9951 0
    endloop
  endfacet
  facet normal -0.911017 -0.412369 0
    outer loop
      vertex 23.018 15.9951 5
      vertex 23.0787 15.861 0
      vertex 23.0787 15.861 5
    endloop
  endfacet
  facet normal -0.352463 -0.935826 0
    outer loop
      vertex 21.7232 17.1306 0
      vertex 21.861 17.0787 5
      vertex 21.7232 17.1306 5
    endloop
  endfacet
  facet normal -0.352463 -0.935826 -0
    outer loop
      vertex 21.861 17.0787 5
      vertex 21.7232 17.1306 0
      vertex 21.861 17.0787 0
    endloop
  endfacet
  facet normal 0.848989 -0.528411 0
    outer loop
      vertex 19.0514 16.125 5
      vertex 19.1292 16.25 0
      vertex 19.1292 16.25 5
    endloop
  endfacet
  facet normal 0.848989 -0.528411 0
    outer loop
      vertex 19.1292 16.25 0
      vertex 19.0514 16.125 5
      vertex 19.0514 16.125 0
    endloop
  endfacet
  facet normal 0.957019 -0.290026 0
    outer loop
      vertex 18.8267 15.5823 5
      vertex 18.8694 15.7232 0
      vertex 18.8694 15.7232 5
    endloop
  endfacet
  facet normal 0.957019 -0.290026 0
    outer loop
      vertex 18.8694 15.7232 0
      vertex 18.8267 15.5823 5
      vertex 18.8267 15.5823 0
    endloop
  endfacet
  facet normal 0.935826 -0.352463 0
    outer loop
      vertex 18.8694 15.7232 5
      vertex 18.9213 15.861 0
      vertex 18.9213 15.861 5
    endloop
  endfacet
  facet normal 0.935826 -0.352463 0
    outer loop
      vertex 18.9213 15.861 0
      vertex 18.8694 15.7232 5
      vertex 18.8694 15.7232 0
    endloop
  endfacet
  facet normal 0.999468 0.0326002 0
    outer loop
      vertex 18.7548 4.85284 5
      vertex 18.75 5 0
      vertex 18.75 5 5
    endloop
  endfacet
  facet normal 0.999468 0.0326002 0
    outer loop
      vertex 18.75 5 0
      vertex 18.7548 4.85284 5
      vertex 18.7548 4.85284 0
    endloop
  endfacet
  facet normal -0.849046 0.528319 0
    outer loop
      vertex 22.8708 3.74997 0
      vertex 22.9486 3.875 5
      vertex 22.9486 3.875 0
    endloop
  endfacet
  facet normal -0.849046 0.528319 0
    outer loop
      vertex 22.9486 3.875 5
      vertex 22.8708 3.74997 0
      vertex 22.8708 3.74997 5
    endloop
  endfacet
  facet normal -0.999468 0.0326002 0
    outer loop
      vertex 23.2452 4.85284 0
      vertex 23.25 5 5
      vertex 23.25 5 0
    endloop
  endfacet
  facet normal -0.999468 0.0326002 0
    outer loop
      vertex 23.25 5 5
      vertex 23.2452 4.85284 0
      vertex 23.2452 4.85284 5
    endloop
  endfacet
  facet normal -0.986626 0.163 0
    outer loop
      vertex 23.2068 4.56105 0
      vertex 23.2308 4.70632 5
      vertex 23.2308 4.70632 0
    endloop
  endfacet
  facet normal -0.986626 0.163 0
    outer loop
      vertex 23.2308 4.70632 5
      vertex 23.2068 4.56105 0
      vertex 23.2068 4.56105 5
    endloop
  endfacet
  facet normal -0.995205 0.0978089 0
    outer loop
      vertex 23.2308 4.70632 0
      vertex 23.2452 4.85284 5
      vertex 23.2452 4.85284 0
    endloop
  endfacet
  facet normal -0.995205 0.0978089 0
    outer loop
      vertex 23.2452 4.85284 5
      vertex 23.2308 4.70632 0
      vertex 23.2308 4.70632 5
    endloop
  endfacet
  facet normal -0.957019 0.290026 0
    outer loop
      vertex 23.1306 4.27676 0
      vertex 23.1733 4.41766 5
      vertex 23.1733 4.41766 0
    endloop
  endfacet
  facet normal -0.957019 0.290026 0
    outer loop
      vertex 23.1733 4.41766 5
      vertex 23.1306 4.27676 0
      vertex 23.1306 4.27676 5
    endloop
  endfacet
  facet normal -0.634421 -0.772988 0
    outer loop
      vertex 22.3697 16.785 0
      vertex 22.4835 16.6916 5
      vertex 22.3697 16.785 5
    endloop
  endfacet
  facet normal -0.634421 -0.772988 -0
    outer loop
      vertex 22.4835 16.6916 5
      vertex 22.3697 16.785 0
      vertex 22.4835 16.6916 0
    endloop
  endfacet
  facet normal -0.412369 -0.911017 0
    outer loop
      vertex 21.861 17.0787 0
      vertex 21.9951 17.018 5
      vertex 21.861 17.0787 5
    endloop
  endfacet
  facet normal -0.412369 -0.911017 -0
    outer loop
      vertex 21.9951 17.018 5
      vertex 21.861 17.0787 0
      vertex 21.9951 17.018 0
    endloop
  endfacet
  facet normal 0.683286 -0.730151 0
    outer loop
      vertex 19.409 16.591 0
      vertex 19.5165 16.6916 5
      vertex 19.409 16.591 5
    endloop
  endfacet
  facet normal 0.683286 -0.730151 0
    outer loop
      vertex 19.5165 16.6916 5
      vertex 19.409 16.591 0
      vertex 19.5165 16.6916 0
    endloop
  endfacet
  facet normal 0.812769 -0.582586 0
    outer loop
      vertex 19.1292 16.25 5
      vertex 19.215 16.3697 0
      vertex 19.215 16.3697 5
    endloop
  endfacet
  facet normal 0.812769 -0.582586 0
    outer loop
      vertex 19.215 16.3697 0
      vertex 19.1292 16.25 5
      vertex 19.1292 16.25 0
    endloop
  endfacet
  facet normal -0.0325914 -0.999469 0
    outer loop
      vertex 21 17.25 0
      vertex 21.1472 17.2452 5
      vertex 21 17.25 5
    endloop
  endfacet
  facet normal -0.0325914 -0.999469 -0
    outer loop
      vertex 21.1472 17.2452 5
      vertex 21 17.25 0
      vertex 21.1472 17.2452 0
    endloop
  endfacet
  facet normal 0.290026 -0.957019 0
    outer loop
      vertex 20.2768 17.1306 0
      vertex 20.4177 17.1733 5
      vertex 20.2768 17.1306 5
    endloop
  endfacet
  facet normal 0.290026 -0.957019 0
    outer loop
      vertex 20.4177 17.1733 5
      vertex 20.2768 17.1306 0
      vertex 20.4177 17.1733 0
    endloop
  endfacet
  facet normal 0.973746 -0.227638 0
    outer loop
      vertex 18.7932 15.439 5
      vertex 18.8267 15.5823 0
      vertex 18.8267 15.5823 5
    endloop
  endfacet
  facet normal 0.973746 -0.227638 0
    outer loop
      vertex 18.8267 15.5823 0
      vertex 18.7932 15.439 5
      vertex 18.7932 15.439 0
    endloop
  endfacet
  facet normal 0.986631 -0.162967 0
    outer loop
      vertex 18.7692 15.2937 5
      vertex 18.7932 15.439 0
      vertex 18.7932 15.439 5
    endloop
  endfacet
  facet normal 0.986631 -0.162967 0
    outer loop
      vertex 18.7932 15.439 0
      vertex 18.7692 15.2937 5
      vertex 18.7692 15.2937 0
    endloop
  endfacet
  facet normal 0.995204 -0.0978221 0
    outer loop
      vertex 18.7548 15.1472 5
      vertex 18.7692 15.2937 0
      vertex 18.7692 15.2937 5
    endloop
  endfacet
  facet normal 0.995204 -0.0978221 0
    outer loop
      vertex 18.7692 15.2937 0
      vertex 18.7548 15.1472 5
      vertex 18.7548 15.1472 0
    endloop
  endfacet
  facet normal -0.911028 0.412344 0
    outer loop
      vertex 23.018 4.00485 0
      vertex 23.0787 4.13896 5
      vertex 23.0787 4.13896 0
    endloop
  endfacet
  facet normal -0.911028 0.412344 0
    outer loop
      vertex 23.0787 4.13896 5
      vertex 23.018 4.00485 0
      vertex 23.018 4.00485 5
    endloop
  endfacet
  facet normal 0.0980239 0.995184 -0
    outer loop
      vertex 20.8528 2.75482 0
      vertex 20.7063 2.76925 5
      vertex 20.8528 2.75482 5
    endloop
  endfacet
  facet normal 0.0980239 0.995184 0
    outer loop
      vertex 20.7063 2.76925 5
      vertex 20.8528 2.75482 0
      vertex 20.7063 2.76925 0
    endloop
  endfacet
  facet normal -0.032727 0.999464 0
    outer loop
      vertex 21.1472 2.75482 0
      vertex 21 2.75 5
      vertex 21.1472 2.75482 5
    endloop
  endfacet
  facet normal -0.032727 0.999464 0
    outer loop
      vertex 21 2.75 5
      vertex 21.1472 2.75482 0
      vertex 21 2.75 0
    endloop
  endfacet
  facet normal -0.412764 0.910838 0
    outer loop
      vertex 21.9951 2.98204 0
      vertex 21.861 2.92127 5
      vertex 21.9951 2.98204 5
    endloop
  endfacet
  facet normal -0.412764 0.910838 0
    outer loop
      vertex 21.861 2.92127 5
      vertex 21.9951 2.98204 0
      vertex 21.861 2.92127 0
    endloop
  endfacet
  facet normal -0.471222 0.882014 0
    outer loop
      vertex 22.125 3.05144 0
      vertex 21.9951 2.98204 5
      vertex 22.125 3.05144 5
    endloop
  endfacet
  facet normal -0.471222 0.882014 0
    outer loop
      vertex 21.9951 2.98204 5
      vertex 22.125 3.05144 0
      vertex 21.9951 2.98204 0
    endloop
  endfacet
  facet normal -0.528166 0.849141 0
    outer loop
      vertex 22.25 3.12919 0
      vertex 22.125 3.05144 5
      vertex 22.25 3.12919 5
    endloop
  endfacet
  facet normal -0.528166 0.849141 0
    outer loop
      vertex 22.125 3.05144 5
      vertex 22.25 3.12919 0
      vertex 22.125 3.05144 0
    endloop
  endfacet
  facet normal -0.582407 0.812898 0
    outer loop
      vertex 22.3697 3.21495 0
      vertex 22.25 3.12919 5
      vertex 22.3697 3.21495 5
    endloop
  endfacet
  facet normal -0.582407 0.812898 0
    outer loop
      vertex 22.25 3.12919 5
      vertex 22.3697 3.21495 0
      vertex 22.25 3.12919 0
    endloop
  endfacet
  facet normal -0.773043 0.634354 0
    outer loop
      vertex 22.6916 3.51647 0
      vertex 22.785 3.63029 5
      vertex 22.785 3.63029 0
    endloop
  endfacet
  facet normal -0.773043 0.634354 0
    outer loop
      vertex 22.785 3.63029 5
      vertex 22.6916 3.51647 0
      vertex 22.6916 3.51647 5
    endloop
  endfacet
  facet normal 0.290275 0.956943 -0
    outer loop
      vertex 20.4177 2.82667 0
      vertex 20.2768 2.86941 5
      vertex 20.4177 2.82667 5
    endloop
  endfacet
  facet normal 0.290275 0.956943 0
    outer loop
      vertex 20.2768 2.86941 5
      vertex 20.4177 2.82667 0
      vertex 20.2768 2.86941 0
    endloop
  endfacet
  facet normal 0.730024 0.683421 0
    outer loop
      vertex 19.409 3.40901 5
      vertex 19.3084 3.51647 0
      vertex 19.3084 3.51647 5
    endloop
  endfacet
  facet normal 0.730024 0.683421 0
    outer loop
      vertex 19.3084 3.51647 0
      vertex 19.409 3.40901 5
      vertex 19.409 3.40901 0
    endloop
  endfacet
  facet normal 0.582407 0.812898 -0
    outer loop
      vertex 19.75 3.12919 0
      vertex 19.6303 3.21495 5
      vertex 19.75 3.12919 5
    endloop
  endfacet
  facet normal 0.582407 0.812898 0
    outer loop
      vertex 19.6303 3.21495 5
      vertex 19.75 3.12919 0
      vertex 19.6303 3.21495 0
    endloop
  endfacet
  facet normal 0.471222 0.882014 -0
    outer loop
      vertex 20.0049 2.98204 0
      vertex 19.875 3.05144 5
      vertex 20.0049 2.98204 5
    endloop
  endfacet
  facet normal 0.471222 0.882014 0
    outer loop
      vertex 19.875 3.05144 5
      vertex 20.0049 2.98204 0
      vertex 19.875 3.05144 0
    endloop
  endfacet
  facet normal 0.773043 0.634354 0
    outer loop
      vertex 19.3084 3.51647 5
      vertex 19.215 3.63029 0
      vertex 19.215 3.63029 5
    endloop
  endfacet
  facet normal 0.773043 0.634354 0
    outer loop
      vertex 19.215 3.63029 0
      vertex 19.3084 3.51647 5
      vertex 19.3084 3.51647 0
    endloop
  endfacet
  facet normal 0.911028 0.412344 0
    outer loop
      vertex 18.982 4.00485 5
      vertex 18.9213 4.13896 0
      vertex 18.9213 4.13896 5
    endloop
  endfacet
  facet normal 0.911028 0.412344 0
    outer loop
      vertex 18.9213 4.13896 0
      vertex 18.982 4.00485 5
      vertex 18.982 4.00485 0
    endloop
  endfacet
  facet normal 0.995205 0.0978089 0
    outer loop
      vertex 18.7692 4.70632 5
      vertex 18.7548 4.85284 0
      vertex 18.7548 4.85284 5
    endloop
  endfacet
  facet normal 0.995205 0.0978089 0
    outer loop
      vertex 18.7548 4.85284 0
      vertex 18.7692 4.70632 5
      vertex 18.7692 4.70632 0
    endloop
  endfacet
  facet normal -0.995204 -0.0978221 0
    outer loop
      vertex 23.2452 15.1472 0
      vertex 23.2308 15.2937 5
      vertex 23.2308 15.2937 0
    endloop
  endfacet
  facet normal -0.995204 -0.0978221 0
    outer loop
      vertex 23.2308 15.2937 5
      vertex 23.2452 15.1472 0
      vertex 23.2452 15.1472 5
    endloop
  endfacet
  facet normal -0.935826 -0.352463 0
    outer loop
      vertex 23.1306 15.7232 0
      vertex 23.0787 15.861 5
      vertex 23.0787 15.861 0
    endloop
  endfacet
  facet normal -0.935826 -0.352463 0
    outer loop
      vertex 23.0787 15.861 5
      vertex 23.1306 15.7232 0
      vertex 23.1306 15.7232 5
    endloop
  endfacet
  facet normal -0.986631 -0.162967 0
    outer loop
      vertex 23.2308 15.2937 0
      vertex 23.2068 15.439 5
      vertex 23.2068 15.439 0
    endloop
  endfacet
  facet normal -0.986631 -0.162967 0
    outer loop
      vertex 23.2068 15.439 5
      vertex 23.2308 15.2937 0
      vertex 23.2308 15.2937 5
    endloop
  endfacet
  facet normal -0.882014 -0.471222 0
    outer loop
      vertex 23.018 15.9951 0
      vertex 22.9486 16.125 5
      vertex 22.9486 16.125 0
    endloop
  endfacet
  facet normal -0.882014 -0.471222 0
    outer loop
      vertex 22.9486 16.125 5
      vertex 23.018 15.9951 0
      vertex 23.018 15.9951 5
    endloop
  endfacet
  facet normal -0.772988 -0.634421 0
    outer loop
      vertex 22.785 16.3697 0
      vertex 22.6916 16.4835 5
      vertex 22.6916 16.4835 0
    endloop
  endfacet
  facet normal -0.772988 -0.634421 0
    outer loop
      vertex 22.6916 16.4835 5
      vertex 22.785 16.3697 0
      vertex 22.785 16.3697 5
    endloop
  endfacet
  facet normal -0.812769 -0.582586 0
    outer loop
      vertex 22.8708 16.25 0
      vertex 22.785 16.3697 5
      vertex 22.785 16.3697 0
    endloop
  endfacet
  facet normal -0.812769 -0.582586 0
    outer loop
      vertex 22.785 16.3697 5
      vertex 22.8708 16.25 0
      vertex 22.8708 16.25 5
    endloop
  endfacet
  facet normal -0.227638 -0.973746 0
    outer loop
      vertex 21.439 17.2068 0
      vertex 21.5823 17.1733 5
      vertex 21.439 17.2068 5
    endloop
  endfacet
  facet normal -0.227638 -0.973746 -0
    outer loop
      vertex 21.5823 17.1733 5
      vertex 21.439 17.2068 0
      vertex 21.5823 17.1733 0
    endloop
  endfacet
  facet normal -0.471222 -0.882014 0
    outer loop
      vertex 21.9951 17.018 0
      vertex 22.125 16.9486 5
      vertex 21.9951 17.018 5
    endloop
  endfacet
  facet normal -0.471222 -0.882014 -0
    outer loop
      vertex 22.125 16.9486 5
      vertex 21.9951 17.018 0
      vertex 22.125 16.9486 0
    endloop
  endfacet
  facet normal -0.582586 -0.812769 0
    outer loop
      vertex 22.25 16.8708 0
      vertex 22.3697 16.785 5
      vertex 22.25 16.8708 5
    endloop
  endfacet
  facet normal -0.582586 -0.812769 -0
    outer loop
      vertex 22.3697 16.785 5
      vertex 22.25 16.8708 0
      vertex 22.3697 16.785 0
    endloop
  endfacet
  facet normal -0.730151 -0.683286 0
    outer loop
      vertex 22.6916 16.4835 0
      vertex 22.591 16.591 5
      vertex 22.591 16.591 0
    endloop
  endfacet
  facet normal -0.730151 -0.683286 0
    outer loop
      vertex 22.591 16.591 5
      vertex 22.6916 16.4835 0
      vertex 22.6916 16.4835 5
    endloop
  endfacet
  facet normal -0.528411 -0.848989 0
    outer loop
      vertex 22.125 16.9486 0
      vertex 22.25 16.8708 5
      vertex 22.125 16.9486 5
    endloop
  endfacet
  facet normal -0.528411 -0.848989 -0
    outer loop
      vertex 22.25 16.8708 5
      vertex 22.125 16.9486 0
      vertex 22.25 16.8708 0
    endloop
  endfacet
  facet normal 0.911017 -0.412369 0
    outer loop
      vertex 18.9213 15.861 5
      vertex 18.982 15.9951 0
      vertex 18.982 15.9951 5
    endloop
  endfacet
  facet normal 0.911017 -0.412369 0
    outer loop
      vertex 18.982 15.9951 0
      vertex 18.9213 15.861 5
      vertex 18.9213 15.861 0
    endloop
  endfacet
  facet normal 0.471222 -0.882014 0
    outer loop
      vertex 19.875 16.9486 0
      vertex 20.0049 17.018 5
      vertex 19.875 16.9486 5
    endloop
  endfacet
  facet normal 0.471222 -0.882014 0
    outer loop
      vertex 20.0049 17.018 5
      vertex 19.875 16.9486 0
      vertex 20.0049 17.018 0
    endloop
  endfacet
  facet normal 0.582586 -0.812769 0
    outer loop
      vertex 19.6303 16.785 0
      vertex 19.75 16.8708 5
      vertex 19.6303 16.785 5
    endloop
  endfacet
  facet normal 0.582586 -0.812769 0
    outer loop
      vertex 19.75 16.8708 5
      vertex 19.6303 16.785 0
      vertex 19.75 16.8708 0
    endloop
  endfacet
  facet normal 0.634421 -0.772988 0
    outer loop
      vertex 19.5165 16.6916 0
      vertex 19.6303 16.785 5
      vertex 19.5165 16.6916 5
    endloop
  endfacet
  facet normal 0.634421 -0.772988 0
    outer loop
      vertex 19.6303 16.785 5
      vertex 19.5165 16.6916 0
      vertex 19.6303 16.785 0
    endloop
  endfacet
  facet normal 0.730151 -0.683286 0
    outer loop
      vertex 19.3084 16.4835 5
      vertex 19.409 16.591 0
      vertex 19.409 16.591 5
    endloop
  endfacet
  facet normal 0.730151 -0.683286 0
    outer loop
      vertex 19.409 16.591 0
      vertex 19.3084 16.4835 5
      vertex 19.3084 16.4835 0
    endloop
  endfacet
  facet normal 0.412369 -0.911017 0
    outer loop
      vertex 20.0049 17.018 0
      vertex 20.139 17.0787 5
      vertex 20.0049 17.018 5
    endloop
  endfacet
  facet normal 0.412369 -0.911017 0
    outer loop
      vertex 20.139 17.0787 5
      vertex 20.0049 17.018 0
      vertex 20.139 17.0787 0
    endloop
  endfacet
  facet normal 0.162967 -0.986631 0
    outer loop
      vertex 20.561 17.2068 0
      vertex 20.7063 17.2308 5
      vertex 20.561 17.2068 5
    endloop
  endfacet
  facet normal 0.162967 -0.986631 0
    outer loop
      vertex 20.7063 17.2308 5
      vertex 20.561 17.2068 0
      vertex 20.7063 17.2308 0
    endloop
  endfacet
  facet normal 0.0325914 -0.999469 0
    outer loop
      vertex 20.8528 17.2452 0
      vertex 21 17.25 5
      vertex 20.8528 17.2452 5
    endloop
  endfacet
  facet normal 0.0325914 -0.999469 0
    outer loop
      vertex 21 17.25 5
      vertex 20.8528 17.2452 0
      vertex 21 17.25 0
    endloop
  endfacet
  facet normal 0.0978221 -0.995204 0
    outer loop
      vertex 20.7063 17.2308 0
      vertex 20.8528 17.2452 5
      vertex 20.7063 17.2308 5
    endloop
  endfacet
  facet normal 0.0978221 -0.995204 0
    outer loop
      vertex 20.8528 17.2452 5
      vertex 20.7063 17.2308 0
      vertex 20.8528 17.2452 0
    endloop
  endfacet
  facet normal 0.162835 0.986653 -0
    outer loop
      vertex 20.7063 2.76925 0
      vertex 20.561 2.79323 5
      vertex 20.7063 2.76925 5
    endloop
  endfacet
  facet normal 0.162835 0.986653 0
    outer loop
      vertex 20.561 2.79323 5
      vertex 20.7063 2.76925 0
      vertex 20.561 2.79323 0
    endloop
  endfacet
  facet normal 0.032727 0.999464 -0
    outer loop
      vertex 21 2.75 0
      vertex 20.8528 2.75482 5
      vertex 21 2.75 5
    endloop
  endfacet
  facet normal 0.032727 0.999464 0
    outer loop
      vertex 20.8528 2.75482 5
      vertex 21 2.75 0
      vertex 20.8528 2.75482 0
    endloop
  endfacet
  facet normal -0.352225 0.935915 0
    outer loop
      vertex 21.861 2.92127 0
      vertex 21.7232 2.86941 5
      vertex 21.861 2.92127 5
    endloop
  endfacet
  facet normal -0.352225 0.935915 0
    outer loop
      vertex 21.7232 2.86941 5
      vertex 21.861 2.92127 0
      vertex 21.7232 2.86941 0
    endloop
  endfacet
  facet normal -0.730024 0.683421 0
    outer loop
      vertex 22.591 3.40901 0
      vertex 22.6916 3.51647 5
      vertex 22.6916 3.51647 0
    endloop
  endfacet
  facet normal -0.730024 0.683421 0
    outer loop
      vertex 22.6916 3.51647 5
      vertex 22.591 3.40901 0
      vertex 22.591 3.40901 5
    endloop
  endfacet
  facet normal -0.634461 0.772955 0
    outer loop
      vertex 22.4835 3.30836 0
      vertex 22.3697 3.21495 5
      vertex 22.4835 3.30836 5
    endloop
  endfacet
  facet normal -0.634461 0.772955 0
    outer loop
      vertex 22.3697 3.21495 5
      vertex 22.4835 3.30836 0
      vertex 22.3697 3.21495 0
    endloop
  endfacet
  facet normal -0.812723 0.582651 0
    outer loop
      vertex 22.785 3.63029 0
      vertex 22.8708 3.74997 5
      vertex 22.8708 3.74997 0
    endloop
  endfacet
  facet normal -0.812723 0.582651 0
    outer loop
      vertex 22.8708 3.74997 5
      vertex 22.785 3.63029 0
      vertex 22.785 3.63029 5
    endloop
  endfacet
  facet normal 0.227251 0.973836 -0
    outer loop
      vertex 20.561 2.79323 0
      vertex 20.4177 2.82667 5
      vertex 20.561 2.79323 5
    endloop
  endfacet
  facet normal 0.227251 0.973836 0
    outer loop
      vertex 20.4177 2.82667 5
      vertex 20.561 2.79323 0
      vertex 20.4177 2.82667 0
    endloop
  endfacet
  facet normal 0.683467 0.729982 -0
    outer loop
      vertex 19.5165 3.30836 0
      vertex 19.409 3.40901 5
      vertex 19.5165 3.30836 5
    endloop
  endfacet
  facet normal 0.683467 0.729982 0
    outer loop
      vertex 19.409 3.40901 5
      vertex 19.5165 3.30836 0
      vertex 19.409 3.40901 0
    endloop
  endfacet
  facet normal 0.528166 0.849141 -0
    outer loop
      vertex 19.875 3.05144 0
      vertex 19.75 3.12919 5
      vertex 19.875 3.05144 5
    endloop
  endfacet
  facet normal 0.528166 0.849141 0
    outer loop
      vertex 19.75 3.12919 5
      vertex 19.875 3.05144 0
      vertex 19.75 3.12919 0
    endloop
  endfacet
  facet normal 0.412764 0.910838 -0
    outer loop
      vertex 20.139 2.92127 0
      vertex 20.0049 2.98204 5
      vertex 20.139 2.92127 5
    endloop
  endfacet
  facet normal 0.412764 0.910838 0
    outer loop
      vertex 20.0049 2.98204 5
      vertex 20.139 2.92127 0
      vertex 20.0049 2.98204 0
    endloop
  endfacet
  facet normal 0.849046 0.528319 0
    outer loop
      vertex 19.1292 3.74997 5
      vertex 19.0514 3.875 0
      vertex 19.0514 3.875 5
    endloop
  endfacet
  facet normal 0.849046 0.528319 0
    outer loop
      vertex 19.0514 3.875 0
      vertex 19.1292 3.74997 5
      vertex 19.1292 3.74997 0
    endloop
  endfacet
  facet normal 0.881939 0.471364 0
    outer loop
      vertex 19.0514 3.875 5
      vertex 18.982 4.00485 0
      vertex 18.982 4.00485 5
    endloop
  endfacet
  facet normal 0.881939 0.471364 0
    outer loop
      vertex 18.982 4.00485 0
      vertex 19.0514 3.875 5
      vertex 19.0514 3.875 0
    endloop
  endfacet
  facet normal 0.986626 0.163 0
    outer loop
      vertex 18.7932 4.56105 5
      vertex 18.7692 4.70632 0
      vertex 18.7692 4.70632 5
    endloop
  endfacet
  facet normal 0.986626 0.163 0
    outer loop
      vertex 18.7692 4.70632 0
      vertex 18.7932 4.56105 5
      vertex 18.7932 4.56105 0
    endloop
  endfacet
  facet normal 0.935826 0.352463 0
    outer loop
      vertex 18.9213 4.13896 5
      vertex 18.8694 4.27676 0
      vertex 18.8694 4.27676 5
    endloop
  endfacet
  facet normal 0.935826 0.352463 0
    outer loop
      vertex 18.8694 4.27676 0
      vertex 18.9213 4.13896 5
      vertex 18.9213 4.13896 0
    endloop
  endfacet
  facet normal 0.973778 0.227502 0
    outer loop
      vertex 18.8267 4.41766 5
      vertex 18.7932 4.56105 0
      vertex 18.7932 4.56105 5
    endloop
  endfacet
  facet normal 0.973778 0.227502 0
    outer loop
      vertex 18.7932 4.56105 0
      vertex 18.8267 4.41766 5
      vertex 18.8267 4.41766 0
    endloop
  endfacet
  facet normal -0.973746 -0.227638 0
    outer loop
      vertex 23.2068 15.439 0
      vertex 23.1733 15.5823 5
      vertex 23.1733 15.5823 0
    endloop
  endfacet
  facet normal -0.973746 -0.227638 0
    outer loop
      vertex 23.1733 15.5823 5
      vertex 23.2068 15.439 0
      vertex 23.2068 15.439 5
    endloop
  endfacet
  facet normal -0.957019 -0.290026 0
    outer loop
      vertex 23.1733 15.5823 0
      vertex 23.1306 15.7232 5
      vertex 23.1306 15.7232 0
    endloop
  endfacet
  facet normal -0.957019 -0.290026 0
    outer loop
      vertex 23.1306 15.7232 5
      vertex 23.1733 15.5823 0
      vertex 23.1733 15.5823 5
    endloop
  endfacet
  facet normal -0.848989 -0.528411 0
    outer loop
      vertex 22.9486 16.125 0
      vertex 22.8708 16.25 5
      vertex 22.8708 16.25 0
    endloop
  endfacet
  facet normal -0.848989 -0.528411 0
    outer loop
      vertex 22.8708 16.25 5
      vertex 22.9486 16.125 0
      vertex 22.9486 16.125 5
    endloop
  endfacet
  facet normal -0.290026 -0.957019 0
    outer loop
      vertex 21.5823 17.1733 0
      vertex 21.7232 17.1306 5
      vertex 21.5823 17.1733 5
    endloop
  endfacet
  facet normal -0.290026 -0.957019 -0
    outer loop
      vertex 21.7232 17.1306 5
      vertex 21.5823 17.1733 0
      vertex 21.7232 17.1306 0
    endloop
  endfacet
  facet normal 0.882014 -0.471222 0
    outer loop
      vertex 18.982 15.9951 5
      vertex 19.0514 16.125 0
      vertex 19.0514 16.125 5
    endloop
  endfacet
  facet normal 0.882014 -0.471222 0
    outer loop
      vertex 19.0514 16.125 0
      vertex 18.982 15.9951 5
      vertex 18.982 15.9951 0
    endloop
  endfacet
  facet normal 0.528411 -0.848989 0
    outer loop
      vertex 19.75 16.8708 0
      vertex 19.875 16.9486 5
      vertex 19.75 16.8708 5
    endloop
  endfacet
  facet normal 0.528411 -0.848989 0
    outer loop
      vertex 19.875 16.9486 5
      vertex 19.75 16.8708 0
      vertex 19.875 16.9486 0
    endloop
  endfacet
  facet normal 0.772988 -0.634421 0
    outer loop
      vertex 19.215 16.3697 5
      vertex 19.3084 16.4835 0
      vertex 19.3084 16.4835 5
    endloop
  endfacet
  facet normal 0.772988 -0.634421 0
    outer loop
      vertex 19.3084 16.4835 0
      vertex 19.215 16.3697 5
      vertex 19.215 16.3697 0
    endloop
  endfacet
  facet normal 0.352463 -0.935826 0
    outer loop
      vertex 20.139 17.0787 0
      vertex 20.2768 17.1306 5
      vertex 20.139 17.0787 5
    endloop
  endfacet
  facet normal 0.352463 -0.935826 0
    outer loop
      vertex 20.2768 17.1306 5
      vertex 20.139 17.0787 0
      vertex 20.2768 17.1306 0
    endloop
  endfacet
  facet normal -0.0978221 -0.995204 0
    outer loop
      vertex 21.1472 17.2452 0
      vertex 21.2937 17.2308 5
      vertex 21.1472 17.2452 5
    endloop
  endfacet
  facet normal -0.0978221 -0.995204 -0
    outer loop
      vertex 21.2937 17.2308 5
      vertex 21.1472 17.2452 0
      vertex 21.2937 17.2308 0
    endloop
  endfacet
  facet normal -0.162967 -0.986631 0
    outer loop
      vertex 21.2937 17.2308 0
      vertex 21.439 17.2068 5
      vertex 21.2937 17.2308 5
    endloop
  endfacet
  facet normal -0.162967 -0.986631 -0
    outer loop
      vertex 21.439 17.2068 5
      vertex 21.2937 17.2308 0
      vertex 21.439 17.2068 0
    endloop
  endfacet
  facet normal -0.162835 0.986653 0
    outer loop
      vertex 21.439 2.79323 0
      vertex 21.2937 2.76925 5
      vertex 21.439 2.79323 5
    endloop
  endfacet
  facet normal -0.162835 0.986653 0
    outer loop
      vertex 21.2937 2.76925 5
      vertex 21.439 2.79323 0
      vertex 21.2937 2.76925 0
    endloop
  endfacet
  facet normal -0.0980239 0.995184 0
    outer loop
      vertex 21.2937 2.76925 0
      vertex 21.1472 2.75482 5
      vertex 21.2937 2.76925 5
    endloop
  endfacet
  facet normal -0.0980239 0.995184 0
    outer loop
      vertex 21.1472 2.75482 5
      vertex 21.2937 2.76925 0
      vertex 21.1472 2.75482 0
    endloop
  endfacet
  facet normal -0.290275 0.956943 0
    outer loop
      vertex 21.7232 2.86941 0
      vertex 21.5823 2.82667 5
      vertex 21.7232 2.86941 5
    endloop
  endfacet
  facet normal -0.290275 0.956943 0
    outer loop
      vertex 21.5823 2.82667 5
      vertex 21.7232 2.86941 0
      vertex 21.5823 2.82667 0
    endloop
  endfacet
  facet normal -0.683467 0.729982 0
    outer loop
      vertex 22.591 3.40901 0
      vertex 22.4835 3.30836 5
      vertex 22.591 3.40901 5
    endloop
  endfacet
  facet normal -0.683467 0.729982 0
    outer loop
      vertex 22.4835 3.30836 5
      vertex 22.591 3.40901 0
      vertex 22.4835 3.30836 0
    endloop
  endfacet
  facet normal 0.634461 0.772955 -0
    outer loop
      vertex 19.6303 3.21495 0
      vertex 19.5165 3.30836 5
      vertex 19.6303 3.21495 5
    endloop
  endfacet
  facet normal 0.634461 0.772955 0
    outer loop
      vertex 19.5165 3.30836 5
      vertex 19.6303 3.21495 0
      vertex 19.5165 3.30836 0
    endloop
  endfacet
  facet normal 0.812723 0.582651 0
    outer loop
      vertex 19.215 3.63029 5
      vertex 19.1292 3.74997 0
      vertex 19.1292 3.74997 5
    endloop
  endfacet
  facet normal 0.812723 0.582651 0
    outer loop
      vertex 19.1292 3.74997 0
      vertex 19.215 3.63029 5
      vertex 19.215 3.63029 0
    endloop
  endfacet
  facet normal 0.957019 0.290026 0
    outer loop
      vertex 18.8694 4.27676 5
      vertex 18.8267 4.41766 0
      vertex 18.8267 4.41766 5
    endloop
  endfacet
  facet normal 0.957019 0.290026 0
    outer loop
      vertex 18.8267 4.41766 0
      vertex 18.8694 4.27676 5
      vertex 18.8694 4.27676 0
    endloop
  endfacet
  facet normal -0.683286 -0.730151 0
    outer loop
      vertex 22.4835 16.6916 0
      vertex 22.591 16.591 5
      vertex 22.4835 16.6916 5
    endloop
  endfacet
  facet normal -0.683286 -0.730151 -0
    outer loop
      vertex 22.591 16.591 5
      vertex 22.4835 16.6916 0
      vertex 22.591 16.591 0
    endloop
  endfacet
  facet normal 0.227638 -0.973746 0
    outer loop
      vertex 20.4177 17.1733 0
      vertex 20.561 17.2068 5
      vertex 20.4177 17.1733 5
    endloop
  endfacet
  facet normal 0.227638 -0.973746 0
    outer loop
      vertex 20.561 17.2068 5
      vertex 20.4177 17.1733 0
      vertex 20.561 17.2068 0
    endloop
  endfacet
  facet normal -1 0 0
    outer loop
      vertex 3 2.2 13
      vertex 3 7 38.5455
      vertex 3 7 8
    endloop
  endfacet
  facet normal -1 0 0
    outer loop
      vertex 3 7 38.5455
      vertex 3 2.2 13
      vertex 3 2.2 37
    endloop
  endfacet
  facet normal -1 0 0
    outer loop
      vertex 3 7 8
      vertex 3 2.19529 12.8561
      vertex 3 2.2 13
    endloop
  endfacet
  facet normal -1 0 0
    outer loop
      vertex 3 7 8
      vertex 3 2.18118 12.7128
      vertex 3 2.19529 12.8561
    endloop
  endfacet
  facet normal -1 0 0
    outer loop
      vertex 3 7 8
      vertex 3 2.15773 12.5708
      vertex 3 2.18118 12.7128
    endloop
  endfacet
  facet normal -1 0 0
    outer loop
      vertex 3 7 8
      vertex 3 2.12504 12.4306
      vertex 3 2.15773 12.5708
    endloop
  endfacet
  facet normal -1 0 0
    outer loop
      vertex 3 7 8
      vertex 3 2.08325 12.2928
      vertex 3 2.12504 12.4306
    endloop
  endfacet
  facet normal -1 0 0
    outer loop
      vertex 3 7 8
      vertex 3 2.03253 12.1581
      vertex 3 2.08325 12.2928
    endloop
  endfacet
  facet normal -1 0 0
    outer loop
      vertex 3 7 8
      vertex 3 1.97312 12.027
      vertex 3 2.03253 12.1581
    endloop
  endfacet
  facet normal -1 0 0
    outer loop
      vertex 3 7 8
      vertex 3 1.90526 11.9
      vertex 3 1.97312 12.027
    endloop
  endfacet
  facet normal -1 0 0
    outer loop
      vertex 3 7 8
      vertex 3 1.82923 11.7777
      vertex 3 1.90526 11.9
    endloop
  endfacet
  facet normal -1 0 0
    outer loop
      vertex 3 7 8
      vertex 3 1.74538 11.6607
      vertex 3 1.82923 11.7777
    endloop
  endfacet
  facet normal -1 0 0
    outer loop
      vertex 3 7 8
      vertex 3 1.65405 11.5494
      vertex 3 1.74538 11.6607
    endloop
  endfacet
  facet normal -1 0 0
    outer loop
      vertex 3 7 8
      vertex 3 1.55563 11.4444
      vertex 3 1.65405 11.5494
    endloop
  endfacet
  facet normal -1 0 0
    outer loop
      vertex 3 7 8
      vertex 3 1.45056 11.346
      vertex 3 1.55563 11.4444
    endloop
  endfacet
  facet normal -1 0 0
    outer loop
      vertex 3 7 8
      vertex 3 1.33927 11.2546
      vertex 3 1.45056 11.346
    endloop
  endfacet
  facet normal -1 0 0
    outer loop
      vertex 3 7 8
      vertex 3 1.22225 11.1708
      vertex 3 1.33927 11.2546
    endloop
  endfacet
  facet normal -1 0 0
    outer loop
      vertex 3 7 8
      vertex 3 1.1 11.0947
      vertex 3 1.22225 11.1708
    endloop
  endfacet
  facet normal -1 0 0
    outer loop
      vertex 3 7 8
      vertex 3 0.973035 11.0269
      vertex 3 1.1 11.0947
    endloop
  endfacet
  facet normal -1 0 0
    outer loop
      vertex 3 7 8
      vertex 3 0.841903 10.9675
      vertex 3 0.973035 11.0269
    endloop
  endfacet
  facet normal -1 0 0
    outer loop
      vertex 3 7 8
      vertex 3 0.707167 10.9168
      vertex 3 0.841903 10.9675
    endloop
  endfacet
  facet normal -1 0 0
    outer loop
      vertex 3 7 8
      vertex 3 0.569402 10.875
      vertex 3 0.707167 10.9168
    endloop
  endfacet
  facet normal -1 0 0
    outer loop
      vertex 3 7 8
      vertex 3 0.429198 10.8423
      vertex 3 0.569402 10.875
    endloop
  endfacet
  facet normal -1 0 0
    outer loop
      vertex 3 7 8
      vertex 3 0.287157 10.8188
      vertex 3 0.429198 10.8423
    endloop
  endfacet
  facet normal -1 0 0
    outer loop
      vertex 3 7 8
      vertex 3 0.143887 10.8047
      vertex 3 0.287157 10.8188
    endloop
  endfacet
  facet normal -1 0 0
    outer loop
      vertex 3 7 8
      vertex 3 0 10.8
      vertex 3 0.143887 10.8047
    endloop
  endfacet
  facet normal -1 0 0
    outer loop
      vertex 3 -7 8
      vertex 3 0 10.8
      vertex 3 7 8
    endloop
  endfacet
  facet normal -1 -0 0
    outer loop
      vertex 3 0 10.8
      vertex 3 -7 8
      vertex 3 -0.143887 10.8047
    endloop
  endfacet
  facet normal -1 -0 0
    outer loop
      vertex 3 -0.143887 10.8047
      vertex 3 -7 8
      vertex 3 -0.287157 10.8188
    endloop
  endfacet
  facet normal -1 -0 0
    outer loop
      vertex 3 -0.287157 10.8188
      vertex 3 -7 8
      vertex 3 -0.429198 10.8423
    endloop
  endfacet
  facet normal -1 -0 0
    outer loop
      vertex 3 -0.429198 10.8423
      vertex 3 -7 8
      vertex 3 -0.569402 10.875
    endloop
  endfacet
  facet normal -1 -0 0
    outer loop
      vertex 3 -0.569402 10.875
      vertex 3 -7 8
      vertex 3 -0.707167 10.9168
    endloop
  endfacet
  facet normal -1 0 0
    outer loop
      vertex 3 -7 38.5455
      vertex 3 -2.2 37
      vertex 3 -2.2 13
    endloop
  endfacet
  facet normal -1 0 0
    outer loop
      vertex 3 -7 8
      vertex 3 -2.2 13
      vertex 3 -2.19529 12.8561
    endloop
  endfacet
  facet normal -1 -0 0
    outer loop
      vertex 3 -0.707167 10.9168
      vertex 3 -7 8
      vertex 3 -0.841903 10.9675
    endloop
  endfacet
  facet normal -1 0 0
    outer loop
      vertex 3 -7 8
      vertex 3 -0.973035 11.0269
      vertex 3 -0.841903 10.9675
    endloop
  endfacet
  facet normal -1 0 0
    outer loop
      vertex 3 -7 8
      vertex 3 -1.1 11.0947
      vertex 3 -0.973035 11.0269
    endloop
  endfacet
  facet normal -1 0 0
    outer loop
      vertex 3 -7 8
      vertex 3 -1.22225 11.1708
      vertex 3 -1.1 11.0947
    endloop
  endfacet
  facet normal -1 0 0
    outer loop
      vertex 3 -7 8
      vertex 3 -1.33927 11.2546
      vertex 3 -1.22225 11.1708
    endloop
  endfacet
  facet normal -1 0 0
    outer loop
      vertex 3 -7 8
      vertex 3 -1.45056 11.346
      vertex 3 -1.33927 11.2546
    endloop
  endfacet
  facet normal -1 0 0
    outer loop
      vertex 3 -7 8
      vertex 3 -1.55563 11.4444
      vertex 3 -1.45056 11.346
    endloop
  endfacet
  facet normal -1 0 0
    outer loop
      vertex 3 -7 8
      vertex 3 -1.65405 11.5494
      vertex 3 -1.55563 11.4444
    endloop
  endfacet
  facet normal -1 0 0
    outer loop
      vertex 3 -7 8
      vertex 3 -1.74538 11.6607
      vertex 3 -1.65405 11.5494
    endloop
  endfacet
  facet normal -1 0 0
    outer loop
      vertex 3 -7 8
      vertex 3 -1.82923 11.7777
      vertex 3 -1.74538 11.6607
    endloop
  endfacet
  facet normal -1 0 0
    outer loop
      vertex 3 -7 8
      vertex 3 -1.90526 11.9
      vertex 3 -1.82923 11.7777
    endloop
  endfacet
  facet normal -1 0 0
    outer loop
      vertex 3 -7 8
      vertex 3 -1.97312 12.027
      vertex 3 -1.90526 11.9
    endloop
  endfacet
  facet normal -1 0 0
    outer loop
      vertex 3 -7 8
      vertex 3 -2.03253 12.1581
      vertex 3 -1.97312 12.027
    endloop
  endfacet
  facet normal -1 0 0
    outer loop
      vertex 3 -7 8
      vertex 3 -2.08325 12.2928
      vertex 3 -2.03253 12.1581
    endloop
  endfacet
  facet normal -1 0 0
    outer loop
      vertex 3 -7 8
      vertex 3 -2.12504 12.4306
      vertex 3 -2.08325 12.2928
    endloop
  endfacet
  facet normal -1 0 0
    outer loop
      vertex 3 -7 8
      vertex 3 -2.15773 12.5708
      vertex 3 -2.12504 12.4306
    endloop
  endfacet
  facet normal -1 0 0
    outer loop
      vertex 3 -7 8
      vertex 3 -2.18118 12.7128
      vertex 3 -2.15773 12.5708
    endloop
  endfacet
  facet normal -1 0 0
    outer loop
      vertex 3 -7 8
      vertex 3 -2.19529 12.8561
      vertex 3 -2.18118 12.7128
    endloop
  endfacet
  facet normal -1 -0 0
    outer loop
      vertex 3 -2.2 13
      vertex 3 -7 8
      vertex 3 -7 38.5455
    endloop
  endfacet
  facet normal -1 0 0
    outer loop
      vertex 3 -2.2 37
      vertex 3 -7 38.5455
      vertex 3 -5 46
    endloop
  endfacet
  facet normal -1 0 0
    outer loop
      vertex 3 2.19529 37.1439
      vertex 3 7 38.5455
      vertex 3 2.2 37
    endloop
  endfacet
  facet normal -1 0 0
    outer loop
      vertex 3 2.18118 37.2872
      vertex 3 7 38.5455
      vertex 3 2.19529 37.1439
    endloop
  endfacet
  facet normal -1 0 0
    outer loop
      vertex 3 2.15773 37.4292
      vertex 3 7 38.5455
      vertex 3 2.18118 37.2872
    endloop
  endfacet
  facet normal -1 0 0
    outer loop
      vertex 3 2.12504 37.5694
      vertex 3 7 38.5455
      vertex 3 2.15773 37.4292
    endloop
  endfacet
  facet normal -1 0 0
    outer loop
      vertex 3 2.08325 37.7072
      vertex 3 7 38.5455
      vertex 3 2.12504 37.5694
    endloop
  endfacet
  facet normal -1 0 0
    outer loop
      vertex 3 2.03253 37.8419
      vertex 3 7 38.5455
      vertex 3 2.08325 37.7072
    endloop
  endfacet
  facet normal -1 0 0
    outer loop
      vertex 3 1.97312 37.973
      vertex 3 7 38.5455
      vertex 3 2.03253 37.8419
    endloop
  endfacet
  facet normal -1 0 0
    outer loop
      vertex 3 1.90526 38.1
      vertex 3 7 38.5455
      vertex 3 1.97312 37.973
    endloop
  endfacet
  facet normal -1 0 0
    outer loop
      vertex 3 1.82923 38.2223
      vertex 3 7 38.5455
      vertex 3 1.90526 38.1
    endloop
  endfacet
  facet normal -1 0 0
    outer loop
      vertex 3 1.74538 38.3393
      vertex 3 7 38.5455
      vertex 3 1.82923 38.2223
    endloop
  endfacet
  facet normal -1 0 0
    outer loop
      vertex 3 1.65405 38.4506
      vertex 3 7 38.5455
      vertex 3 1.74538 38.3393
    endloop
  endfacet
  facet normal -1 0 0
    outer loop
      vertex 3 1.55563 38.5556
      vertex 3 7 38.5455
      vertex 3 1.65405 38.4506
    endloop
  endfacet
  facet normal -1 0 0
    outer loop
      vertex 3 1.45056 38.654
      vertex 3 7 38.5455
      vertex 3 1.55563 38.5556
    endloop
  endfacet
  facet normal -1 0 0
    outer loop
      vertex 3 7 38.5455
      vertex 3 1.45056 38.654
      vertex 3 5 46
    endloop
  endfacet
  facet normal -1 0 0
    outer loop
      vertex 3 1.33927 38.7454
      vertex 3 5 46
      vertex 3 1.45056 38.654
    endloop
  endfacet
  facet normal -1 0 0
    outer loop
      vertex 3 1.22225 38.8292
      vertex 3 5 46
      vertex 3 1.33927 38.7454
    endloop
  endfacet
  facet normal -1 0 0
    outer loop
      vertex 3 1.1 38.9053
      vertex 3 5 46
      vertex 3 1.22225 38.8292
    endloop
  endfacet
  facet normal -1 0 0
    outer loop
      vertex 3 0.973035 38.9731
      vertex 3 5 46
      vertex 3 1.1 38.9053
    endloop
  endfacet
  facet normal -1 0 0
    outer loop
      vertex 3 0.841903 39.0325
      vertex 3 5 46
      vertex 3 0.973035 38.9731
    endloop
  endfacet
  facet normal -1 0 0
    outer loop
      vertex 3 0.707167 39.0832
      vertex 3 5 46
      vertex 3 0.841903 39.0325
    endloop
  endfacet
  facet normal -1 0 0
    outer loop
      vertex 3 0.569402 39.125
      vertex 3 5 46
      vertex 3 0.707167 39.0832
    endloop
  endfacet
  facet normal -1 0 0
    outer loop
      vertex 3 0.429198 39.1577
      vertex 3 5 46
      vertex 3 0.569402 39.125
    endloop
  endfacet
  facet normal -1 0 0
    outer loop
      vertex 3 0.287157 39.1812
      vertex 3 5 46
      vertex 3 0.429198 39.1577
    endloop
  endfacet
  facet normal -1 0 0
    outer loop
      vertex 3 0.143887 39.1953
      vertex 3 5 46
      vertex 3 0.287157 39.1812
    endloop
  endfacet
  facet normal -1 0 0
    outer loop
      vertex 3 0 39.2
      vertex 3 5 46
      vertex 3 0.143887 39.1953
    endloop
  endfacet
  facet normal -1 0 0
    outer loop
      vertex 3 -5 46
      vertex 3 0 39.2
      vertex 3 -0.143887 39.1953
    endloop
  endfacet
  facet normal -1 0 0
    outer loop
      vertex 3 -5 46
      vertex 3 -0.143887 39.1953
      vertex 3 -0.287157 39.1812
    endloop
  endfacet
  facet normal -1 0 0
    outer loop
      vertex 3 -5 46
      vertex 3 -0.287157 39.1812
      vertex 3 -0.429198 39.1577
    endloop
  endfacet
  facet normal -1 0 0
    outer loop
      vertex 3 -5 46
      vertex 3 -0.429198 39.1577
      vertex 3 -0.569402 39.125
    endloop
  endfacet
  facet normal -1 0 0
    outer loop
      vertex 3 -5 46
      vertex 3 -0.569402 39.125
      vertex 3 -0.707167 39.0832
    endloop
  endfacet
  facet normal -1 0 0
    outer loop
      vertex 3 -5 46
      vertex 3 -0.707167 39.0832
      vertex 3 -0.841903 39.0325
    endloop
  endfacet
  facet normal -1 0 0
    outer loop
      vertex 3 -5 46
      vertex 3 -0.841903 39.0325
      vertex 3 -0.973035 38.9731
    endloop
  endfacet
  facet normal -1 0 0
    outer loop
      vertex 3 -5 46
      vertex 3 -0.973035 38.9731
      vertex 3 -1.1 38.9053
    endloop
  endfacet
  facet normal -1 0 0
    outer loop
      vertex 3 -5 46
      vertex 3 -1.1 38.9053
      vertex 3 -1.22225 38.8292
    endloop
  endfacet
  facet normal -1 0 0
    outer loop
      vertex 3 -5 46
      vertex 3 -1.22225 38.8292
      vertex 3 -1.33927 38.7454
    endloop
  endfacet
  facet normal -1 0 0
    outer loop
      vertex 3 -5 46
      vertex 3 -1.33927 38.7454
      vertex 3 -1.45056 38.654
    endloop
  endfacet
  facet normal -1 0 0
    outer loop
      vertex 3 -5 46
      vertex 3 -1.45056 38.654
      vertex 3 -1.55563 38.5556
    endloop
  endfacet
  facet normal -1 0 0
    outer loop
      vertex 3 -5 46
      vertex 3 -1.55563 38.5556
      vertex 3 -1.65405 38.4506
    endloop
  endfacet
  facet normal -1 0 0
    outer loop
      vertex 3 0 39.2
      vertex 3 -5 46
      vertex 3 5 46
    endloop
  endfacet
  facet normal -1 0 0
    outer loop
      vertex 3 -1.74538 38.3393
      vertex 3 -5 46
      vertex 3 -1.65405 38.4506
    endloop
  endfacet
  facet normal -1 0 0
    outer loop
      vertex 3 -1.82923 38.2223
      vertex 3 -5 46
      vertex 3 -1.74538 38.3393
    endloop
  endfacet
  facet normal -1 0 0
    outer loop
      vertex 3 -1.90526 38.1
      vertex 3 -5 46
      vertex 3 -1.82923 38.2223
    endloop
  endfacet
  facet normal -1 0 0
    outer loop
      vertex 3 -1.97312 37.973
      vertex 3 -5 46
      vertex 3 -1.90526 38.1
    endloop
  endfacet
  facet normal -1 0 0
    outer loop
      vertex 3 -2.03253 37.8419
      vertex 3 -5 46
      vertex 3 -1.97312 37.973
    endloop
  endfacet
  facet normal -1 0 0
    outer loop
      vertex 3 -2.08325 37.7072
      vertex 3 -5 46
      vertex 3 -2.03253 37.8419
    endloop
  endfacet
  facet normal -1 0 0
    outer loop
      vertex 3 -2.12504 37.5694
      vertex 3 -5 46
      vertex 3 -2.08325 37.7072
    endloop
  endfacet
  facet normal -1 0 0
    outer loop
      vertex 3 -2.15773 37.4292
      vertex 3 -5 46
      vertex 3 -2.12504 37.5694
    endloop
  endfacet
  facet normal -1 0 0
    outer loop
      vertex 3 -2.18118 37.2872
      vertex 3 -5 46
      vertex 3 -2.15773 37.4292
    endloop
  endfacet
  facet normal -1 0 0
    outer loop
      vertex 3 -2.19529 37.1439
      vertex 3 -5 46
      vertex 3 -2.18118 37.2872
    endloop
  endfacet
  facet normal -1 0 0
    outer loop
      vertex 3 -5 46
      vertex 3 -2.19529 37.1439
      vertex 3 -2.2 37
    endloop
  endfacet
  facet normal -0 0 1
    outer loop
      vertex 0 7 8
      vertex 3 -7 8
      vertex 3 7 8
    endloop
  endfacet
  facet normal 0 0 1
    outer loop
      vertex 3 -7 8
      vertex 0 7 8
      vertex 0 -7 8
    endloop
  endfacet
  facet normal 0 1 0
    outer loop
      vertex 3 -7 38.5455
      vertex 0 -7 35
      vertex 0 -7 38.5455
    endloop
  endfacet
  facet normal 0 1 0
    outer loop
      vertex 3 -7 38.5455
      vertex 0 -7 15
      vertex 0 -7 35
    endloop
  endfacet
  facet normal 0 1 -0
    outer loop
      vertex 3 -7 8
      vertex 0 -7 15
      vertex 3 -7 38.5455
    endloop
  endfacet
  facet normal 0 1 0
    outer loop
      vertex 0 -7 15
      vertex 3 -7 8
      vertex 0 -7 8
    endloop
  endfacet
  facet normal 0 -1 0
    outer loop
      vertex 0 7 35
      vertex 3 7 38.5455
      vertex 0 7 38.5455
    endloop
  endfacet
  facet normal 0 -1 0
    outer loop
      vertex 0 7 15
      vertex 3 7 38.5455
      vertex 0 7 35
    endloop
  endfacet
  facet normal 0 -1 0
    outer loop
      vertex 3 7 8
      vertex 0 7 15
      vertex 0 7 8
    endloop
  endfacet
  facet normal 0 -1 0
    outer loop
      vertex 0 7 15
      vertex 3 7 8
      vertex 3 7 38.5455
    endloop
  endfacet
  facet normal 0 1 -0
    outer loop
      vertex 10 -2.2 13
      vertex 3 -2.2 37
      vertex 10 -2.2 37
    endloop
  endfacet
  facet normal 0 1 0
    outer loop
      vertex 3 -2.2 37
      vertex 10 -2.2 13
      vertex 3 -2.2 13
    endloop
  endfacet
  facet normal 0 0.63467 -0.772783
    outer loop
      vertex 3 -1.45056 38.654
      vertex 10 -1.33927 38.7454
      vertex 10 -1.45056 38.654
    endloop
  endfacet
  facet normal 0 0.63467 -0.772783
    outer loop
      vertex 10 -1.33927 38.7454
      vertex 3 -1.45056 38.654
      vertex 3 -1.33927 38.7454
    endloop
  endfacet
  facet normal -0 0.68356 0.729895
    outer loop
      vertex 3 -1.45056 11.346
      vertex 10 -1.55563 11.4444
      vertex 10 -1.45056 11.346
    endloop
  endfacet
  facet normal 0 0.68356 0.729895
    outer loop
      vertex 10 -1.55563 11.4444
      vertex 3 -1.45056 11.346
      vertex 3 -1.55563 11.4444
    endloop
  endfacet
  facet normal 0 -0.999465 0.0327135
    outer loop
      vertex 3 2.19529 12.8561
      vertex 10 2.2 13
      vertex 3 2.2 13
    endloop
  endfacet
  facet normal 0 -0.999465 0.0327135
    outer loop
      vertex 10 2.2 13
      vertex 3 2.19529 12.8561
      vertex 10 2.19529 12.8561
    endloop
  endfacet
  facet normal 0 0.999465 -0.0327135
    outer loop
      vertex 10 -2.2 37
      vertex 3 -2.19529 37.1439
      vertex 10 -2.19529 37.1439
    endloop
  endfacet
  facet normal 0 0.999465 -0.0327135
    outer loop
      vertex 3 -2.19529 37.1439
      vertex 10 -2.2 37
      vertex 3 -2.2 37
    endloop
  endfacet
  facet normal 0 -0.849268 -0.527963
    outer loop
      vertex 3 1.90526 38.1
      vertex 10 1.82923 38.2223
      vertex 3 1.82923 38.2223
    endloop
  endfacet
  facet normal 0 -0.849268 -0.527963
    outer loop
      vertex 10 1.82923 38.2223
      vertex 3 1.90526 38.1
      vertex 10 1.90526 38.1
    endloop
  endfacet
  facet normal 0 -0.41262 -0.910903
    outer loop
      vertex 3 0.841903 39.0325
      vertex 10 0.973035 38.9731
      vertex 10 0.841903 39.0325
    endloop
  endfacet
  facet normal -0 -0.41262 -0.910903
    outer loop
      vertex 10 0.973035 38.9731
      vertex 3 0.841903 39.0325
      vertex 3 0.973035 38.9731
    endloop
  endfacet
  facet normal 0 0.290345 -0.956922
    outer loop
      vertex 3 -0.707167 39.0832
      vertex 10 -0.569402 39.125
      vertex 10 -0.707167 39.0832
    endloop
  endfacet
  facet normal 0 0.290345 -0.956922
    outer loop
      vertex 10 -0.569402 39.125
      vertex 3 -0.707167 39.0832
      vertex 3 -0.569402 39.125
    endloop
  endfacet
  facet normal -0 0.0326471 0.999467
    outer loop
      vertex 3 0 10.8
      vertex 10 -0.143887 10.8047
      vertex 10 0 10.8
    endloop
  endfacet
  facet normal 0 0.0326471 0.999467
    outer loop
      vertex 10 -0.143887 10.8047
      vertex 3 0 10.8
      vertex 3 -0.143887 10.8047
    endloop
  endfacet
  facet normal 0 -1 0
    outer loop
      vertex 3 2.2 13
      vertex 10 2.2 37
      vertex 3 2.2 37
    endloop
  endfacet
  facet normal 0 -1 -0
    outer loop
      vertex 10 2.2 37
      vertex 3 2.2 13
      vertex 10 2.2 13
    endloop
  endfacet
  facet normal 0 -0.935854 -0.352387
    outer loop
      vertex 3 2.08325 37.7072
      vertex 10 2.03253 37.8419
      vertex 3 2.03253 37.8419
    endloop
  endfacet
  facet normal 0 -0.935854 -0.352387
    outer loop
      vertex 10 2.03253 37.8419
      vertex 3 2.08325 37.7072
      vertex 10 2.08325 37.7072
    endloop
  endfacet
  facet normal 0 -0.68356 -0.729895
    outer loop
      vertex 3 1.45056 38.654
      vertex 10 1.55563 38.5556
      vertex 10 1.45056 38.654
    endloop
  endfacet
  facet normal -0 -0.68356 -0.729895
    outer loop
      vertex 10 1.55563 38.5556
      vertex 3 1.45056 38.654
      vertex 3 1.55563 38.5556
    endloop
  endfacet
  facet normal 0 0.163226 -0.986589
    outer loop
      vertex 3 -0.429198 39.1577
      vertex 10 -0.287157 39.1812
      vertex 10 -0.429198 39.1577
    endloop
  endfacet
  facet normal 0 0.163226 -0.986589
    outer loop
      vertex 10 -0.287157 39.1812
      vertex 3 -0.429198 39.1577
      vertex 3 -0.287157 39.1812
    endloop
  endfacet
  facet normal 0 0.881987 -0.471273
    outer loop
      vertex 10 -1.97312 37.973
      vertex 3 -1.90526 38.1
      vertex 10 -1.90526 38.1
    endloop
  endfacet
  facet normal 0 0.881987 -0.471273
    outer loop
      vertex 3 -1.90526 38.1
      vertex 10 -1.97312 37.973
      vertex 3 -1.97312 37.973
    endloop
  endfacet
  facet normal 0 0.77305 -0.634345
    outer loop
      vertex 10 -1.74538 38.3393
      vertex 3 -1.65405 38.4506
      vertex 10 -1.65405 38.4506
    endloop
  endfacet
  facet normal 0 0.77305 -0.634345
    outer loop
      vertex 3 -1.65405 38.4506
      vertex 10 -1.74538 38.3393
      vertex 3 -1.74538 38.3393
    endloop
  endfacet
  facet normal 0 0.999465 0.0327135
    outer loop
      vertex 10 -2.19529 12.8561
      vertex 3 -2.2 13
      vertex 10 -2.2 13
    endloop
  endfacet
  facet normal 0 0.999465 0.0327135
    outer loop
      vertex 3 -2.2 13
      vertex 10 -2.19529 12.8561
      vertex 3 -2.19529 12.8561
    endloop
  endfacet
  facet normal 0 0.910839 0.412761
    outer loop
      vertex 10 -1.97312 12.027
      vertex 3 -2.03253 12.1581
      vertex 10 -2.03253 12.1581
    endloop
  endfacet
  facet normal 0 0.910839 0.412761
    outer loop
      vertex 3 -2.03253 12.1581
      vertex 10 -1.97312 12.027
      vertex 3 -1.97312 12.027
    endloop
  endfacet
  facet normal -0 0.528469 0.848953
    outer loop
      vertex 3 -1.1 11.0947
      vertex 10 -1.22225 11.1708
      vertex 10 -1.1 11.0947
    endloop
  endfacet
  facet normal 0 0.528469 0.848953
    outer loop
      vertex 10 -1.22225 11.1708
      vertex 3 -1.1 11.0947
      vertex 3 -1.22225 11.1708
    endloop
  endfacet
  facet normal -0 0.47105 0.882107
    outer loop
      vertex 3 -0.973035 11.0269
      vertex 10 -1.1 11.0947
      vertex 10 -0.973035 11.0269
    endloop
  endfacet
  facet normal 0 0.47105 0.882107
    outer loop
      vertex 10 -1.1 11.0947
      vertex 3 -0.973035 11.0269
      vertex 3 -1.1 11.0947
    endloop
  endfacet
  facet normal 0 -0.0326471 -0.999467
    outer loop
      vertex 3 0 39.2
      vertex 10 0.143887 39.1953
      vertex 10 0 39.2
    endloop
  endfacet
  facet normal -0 -0.0326471 -0.999467
    outer loop
      vertex 10 0.143887 39.1953
      vertex 3 0 39.2
      vertex 3 0.143887 39.1953
    endloop
  endfacet
  facet normal 0 -0.41262 0.910903
    outer loop
      vertex 3 0.973035 11.0269
      vertex 10 0.841903 10.9675
      vertex 10 0.973035 11.0269
    endloop
  endfacet
  facet normal 0 -0.41262 0.910903
    outer loop
      vertex 10 0.841903 10.9675
      vertex 3 0.973035 11.0269
      vertex 3 0.841903 10.9675
    endloop
  endfacet
  facet normal 0 -0.999465 -0.0327135
    outer loop
      vertex 3 2.2 37
      vertex 10 2.19529 37.1439
      vertex 3 2.19529 37.1439
    endloop
  endfacet
  facet normal 0 -0.999465 -0.0327135
    outer loop
      vertex 10 2.19529 37.1439
      vertex 3 2.2 37
      vertex 10 2.2 37
    endloop
  endfacet
  facet normal 0 -0.352183 -0.935931
    outer loop
      vertex 3 0.707167 39.0832
      vertex 10 0.841903 39.0325
      vertex 10 0.707167 39.0832
    endloop
  endfacet
  facet normal -0 -0.352183 -0.935931
    outer loop
      vertex 10 0.841903 39.0325
      vertex 3 0.707167 39.0832
      vertex 3 0.841903 39.0325
    endloop
  endfacet
  facet normal 0 -0.227136 -0.973863
    outer loop
      vertex 3 0.429198 39.1577
      vertex 10 0.569402 39.125
      vertex 10 0.429198 39.1577
    endloop
  endfacet
  facet normal -0 -0.227136 -0.973863
    outer loop
      vertex 10 0.569402 39.125
      vertex 3 0.429198 39.1577
      vertex 3 0.569402 39.125
    endloop
  endfacet
  facet normal 0 -0.986637 -0.162934
    outer loop
      vertex 3 2.18118 37.2872
      vertex 10 2.15773 37.4292
      vertex 3 2.15773 37.4292
    endloop
  endfacet
  facet normal 0 -0.986637 -0.162934
    outer loop
      vertex 10 2.15773 37.4292
      vertex 3 2.18118 37.2872
      vertex 10 2.18118 37.2872
    endloop
  endfacet
  facet normal 0 -0.729598 -0.683876
    outer loop
      vertex 3 1.65405 38.4506
      vertex 10 1.55563 38.5556
      vertex 3 1.55563 38.5556
    endloop
  endfacet
  facet normal 0 -0.729598 -0.683876
    outer loop
      vertex 10 1.55563 38.5556
      vertex 3 1.65405 38.4506
      vertex 10 1.65405 38.4506
    endloop
  endfacet
  facet normal 0 -0.910839 -0.412761
    outer loop
      vertex 3 2.03253 37.8419
      vertex 10 1.97312 37.973
      vertex 3 1.97312 37.973
    endloop
  endfacet
  facet normal 0 -0.910839 -0.412761
    outer loop
      vertex 10 1.97312 37.973
      vertex 3 2.03253 37.8419
      vertex 10 2.03253 37.8419
    endloop
  endfacet
  facet normal 0 -0.582224 -0.813029
    outer loop
      vertex 3 1.22225 38.8292
      vertex 10 1.33927 38.7454
      vertex 10 1.22225 38.8292
    endloop
  endfacet
  facet normal -0 -0.582224 -0.813029
    outer loop
      vertex 10 1.33927 38.7454
      vertex 3 1.22225 38.8292
      vertex 3 1.33927 38.7454
    endloop
  endfacet
  facet normal 0 0.47105 -0.882107
    outer loop
      vertex 3 -1.1 38.9053
      vertex 10 -0.973035 38.9731
      vertex 10 -1.1 38.9053
    endloop
  endfacet
  facet normal 0 0.47105 -0.882107
    outer loop
      vertex 10 -0.973035 38.9731
      vertex 3 -1.1 38.9053
      vertex 3 -0.973035 38.9731
    endloop
  endfacet
  facet normal 0 0.227136 -0.973863
    outer loop
      vertex 3 -0.569402 39.125
      vertex 10 -0.429198 39.1577
      vertex 10 -0.569402 39.125
    endloop
  endfacet
  facet normal 0 0.227136 -0.973863
    outer loop
      vertex 10 -0.429198 39.1577
      vertex 3 -0.569402 39.125
      vertex 3 -0.429198 39.1577
    endloop
  endfacet
  facet normal 0 0.0326471 -0.999467
    outer loop
      vertex 3 -0.143887 39.1953
      vertex 10 0 39.2
      vertex 10 -0.143887 39.1953
    endloop
  endfacet
  facet normal 0 0.0326471 -0.999467
    outer loop
      vertex 10 0 39.2
      vertex 3 -0.143887 39.1953
      vertex 3 0 39.2
    endloop
  endfacet
  facet normal 0 0.729598 -0.683876
    outer loop
      vertex 10 -1.65405 38.4506
      vertex 3 -1.55563 38.5556
      vertex 10 -1.55563 38.5556
    endloop
  endfacet
  facet normal 0 0.729598 -0.683876
    outer loop
      vertex 3 -1.55563 38.5556
      vertex 10 -1.65405 38.4506
      vertex 3 -1.65405 38.4506
    endloop
  endfacet
  facet normal 0 0.956962 -0.290214
    outer loop
      vertex 10 -2.12504 37.5694
      vertex 3 -2.08325 37.7072
      vertex 10 -2.08325 37.7072
    endloop
  endfacet
  facet normal 0 0.956962 -0.290214
    outer loop
      vertex 3 -2.08325 37.7072
      vertex 10 -2.12504 37.5694
      vertex 3 -2.12504 37.5694
    endloop
  endfacet
  facet normal 0 0.973877 -0.227076
    outer loop
      vertex 10 -2.15773 37.4292
      vertex 3 -2.12504 37.5694
      vertex 10 -2.12504 37.5694
    endloop
  endfacet
  facet normal 0 0.973877 -0.227076
    outer loop
      vertex 3 -2.12504 37.5694
      vertex 10 -2.15773 37.4292
      vertex 3 -2.15773 37.4292
    endloop
  endfacet
  facet normal 0 0.935854 -0.352387
    outer loop
      vertex 10 -2.08325 37.7072
      vertex 3 -2.03253 37.8419
      vertex 10 -2.03253 37.8419
    endloop
  endfacet
  facet normal 0 0.935854 -0.352387
    outer loop
      vertex 3 -2.03253 37.8419
      vertex 10 -2.08325 37.7072
      vertex 3 -2.08325 37.7072
    endloop
  endfacet
  facet normal 0 0.973877 0.227076
    outer loop
      vertex 10 -2.12504 12.4306
      vertex 3 -2.15773 12.5708
      vertex 10 -2.15773 12.5708
    endloop
  endfacet
  facet normal 0 0.973877 0.227076
    outer loop
      vertex 3 -2.15773 12.5708
      vertex 10 -2.12504 12.4306
      vertex 3 -2.12504 12.4306
    endloop
  endfacet
  facet normal 0 0.935854 0.352387
    outer loop
      vertex 10 -2.03253 12.1581
      vertex 3 -2.08325 12.2928
      vertex 10 -2.08325 12.2928
    endloop
  endfacet
  facet normal 0 0.935854 0.352387
    outer loop
      vertex 3 -2.08325 12.2928
      vertex 10 -2.03253 12.1581
      vertex 3 -2.03253 12.1581
    endloop
  endfacet
  facet normal 0 0.995187 0.0979909
    outer loop
      vertex 10 -2.18118 12.7128
      vertex 3 -2.19529 12.8561
      vertex 10 -2.19529 12.8561
    endloop
  endfacet
  facet normal 0 0.995187 0.0979909
    outer loop
      vertex 3 -2.19529 12.8561
      vertex 10 -2.18118 12.7128
      vertex 3 -2.18118 12.7128
    endloop
  endfacet
  facet normal 0 0.881987 0.471273
    outer loop
      vertex 10 -1.90526 11.9
      vertex 3 -1.97312 12.027
      vertex 10 -1.97312 12.027
    endloop
  endfacet
  facet normal 0 0.881987 0.471273
    outer loop
      vertex 3 -1.97312 12.027
      vertex 10 -1.90526 11.9
      vertex 3 -1.90526 11.9
    endloop
  endfacet
  facet normal 0 0.729598 0.683876
    outer loop
      vertex 10 -1.55563 11.4444
      vertex 3 -1.65405 11.5494
      vertex 10 -1.65405 11.5494
    endloop
  endfacet
  facet normal 0 0.729598 0.683876
    outer loop
      vertex 3 -1.65405 11.5494
      vertex 10 -1.55563 11.4444
      vertex 3 -1.55563 11.4444
    endloop
  endfacet
  facet normal 0 0.812817 0.582519
    outer loop
      vertex 10 -1.74538 11.6607
      vertex 3 -1.82923 11.7777
      vertex 10 -1.82923 11.7777
    endloop
  endfacet
  facet normal 0 0.812817 0.582519
    outer loop
      vertex 3 -1.82923 11.7777
      vertex 10 -1.74538 11.6607
      vertex 3 -1.74538 11.6607
    endloop
  endfacet
  facet normal 0 -0.0326471 0.999467
    outer loop
      vertex 3 0.143887 10.8047
      vertex 10 0 10.8
      vertex 10 0.143887 10.8047
    endloop
  endfacet
  facet normal 0 -0.0326471 0.999467
    outer loop
      vertex 10 0 10.8
      vertex 3 0.143887 10.8047
      vertex 3 0 10.8
    endloop
  endfacet
  facet normal -0 0.0979424 0.995192
    outer loop
      vertex 3 -0.143887 10.8047
      vertex 10 -0.287157 10.8188
      vertex 10 -0.143887 10.8047
    endloop
  endfacet
  facet normal 0 0.0979424 0.995192
    outer loop
      vertex 10 -0.287157 10.8188
      vertex 3 -0.143887 10.8047
      vertex 3 -0.287157 10.8188
    endloop
  endfacet
  facet normal -0 0.582224 0.813029
    outer loop
      vertex 3 -1.22225 11.1708
      vertex 10 -1.33927 11.2546
      vertex 10 -1.22225 11.1708
    endloop
  endfacet
  facet normal 0 0.582224 0.813029
    outer loop
      vertex 10 -1.33927 11.2546
      vertex 3 -1.22225 11.1708
      vertex 3 -1.33927 11.2546
    endloop
  endfacet
  facet normal -0 0.41262 0.910903
    outer loop
      vertex 3 -0.841903 10.9675
      vertex 10 -0.973035 11.0269
      vertex 10 -0.841903 10.9675
    endloop
  endfacet
  facet normal 0 0.41262 0.910903
    outer loop
      vertex 10 -0.973035 11.0269
      vertex 3 -0.841903 10.9675
      vertex 3 -0.973035 11.0269
    endloop
  endfacet
  facet normal -0 0.290345 0.956922
    outer loop
      vertex 3 -0.569402 10.875
      vertex 10 -0.707167 10.9168
      vertex 10 -0.569402 10.875
    endloop
  endfacet
  facet normal 0 0.290345 0.956922
    outer loop
      vertex 10 -0.707167 10.9168
      vertex 3 -0.569402 10.875
      vertex 3 -0.707167 10.9168
    endloop
  endfacet
  facet normal 0 -0.227136 0.973863
    outer loop
      vertex 3 0.569402 10.875
      vertex 10 0.429198 10.8423
      vertex 10 0.569402 10.875
    endloop
  endfacet
  facet normal 0 -0.227136 0.973863
    outer loop
      vertex 10 0.429198 10.8423
      vertex 3 0.569402 10.875
      vertex 3 0.429198 10.8423
    endloop
  endfacet
  facet normal 0 -0.729598 0.683876
    outer loop
      vertex 3 1.55563 11.4444
      vertex 10 1.65405 11.5494
      vertex 3 1.65405 11.5494
    endloop
  endfacet
  facet normal 0 -0.729598 0.683876
    outer loop
      vertex 10 1.65405 11.5494
      vertex 3 1.55563 11.4444
      vertex 10 1.55563 11.4444
    endloop
  endfacet
  facet normal 0 -0.973877 0.227076
    outer loop
      vertex 3 2.12504 12.4306
      vertex 10 2.15773 12.5708
      vertex 3 2.15773 12.5708
    endloop
  endfacet
  facet normal 0 -0.973877 0.227076
    outer loop
      vertex 10 2.15773 12.5708
      vertex 3 2.12504 12.4306
      vertex 10 2.12504 12.4306
    endloop
  endfacet
  facet normal 0 -0.290345 0.956922
    outer loop
      vertex 3 0.707167 10.9168
      vertex 10 0.569402 10.875
      vertex 10 0.707167 10.9168
    endloop
  endfacet
  facet normal 0 -0.290345 0.956922
    outer loop
      vertex 10 0.569402 10.875
      vertex 3 0.707167 10.9168
      vertex 3 0.569402 10.875
    endloop
  endfacet
  facet normal 0 -0.63467 0.772783
    outer loop
      vertex 3 1.45056 11.346
      vertex 10 1.33927 11.2546
      vertex 10 1.45056 11.346
    endloop
  endfacet
  facet normal 0 -0.63467 0.772783
    outer loop
      vertex 10 1.33927 11.2546
      vertex 3 1.45056 11.346
      vertex 3 1.33927 11.2546
    endloop
  endfacet
  facet normal 0 -0.47105 0.882107
    outer loop
      vertex 3 1.1 11.0947
      vertex 10 0.973035 11.0269
      vertex 10 1.1 11.0947
    endloop
  endfacet
  facet normal 0 -0.47105 0.882107
    outer loop
      vertex 10 0.973035 11.0269
      vertex 3 1.1 11.0947
      vertex 3 0.973035 11.0269
    endloop
  endfacet
  facet normal 0 -0.163226 -0.986589
    outer loop
      vertex 3 0.287157 39.1812
      vertex 10 0.429198 39.1577
      vertex 10 0.287157 39.1812
    endloop
  endfacet
  facet normal -0 -0.163226 -0.986589
    outer loop
      vertex 10 0.429198 39.1577
      vertex 3 0.287157 39.1812
      vertex 3 0.429198 39.1577
    endloop
  endfacet
  facet normal 0 -0.0979424 -0.995192
    outer loop
      vertex 3 0.143887 39.1953
      vertex 10 0.287157 39.1812
      vertex 10 0.143887 39.1953
    endloop
  endfacet
  facet normal -0 -0.0979424 -0.995192
    outer loop
      vertex 10 0.287157 39.1812
      vertex 3 0.143887 39.1953
      vertex 3 0.287157 39.1812
    endloop
  endfacet
  facet normal 0 -0.290345 -0.956922
    outer loop
      vertex 3 0.569402 39.125
      vertex 10 0.707167 39.0832
      vertex 10 0.569402 39.125
    endloop
  endfacet
  facet normal -0 -0.290345 -0.956922
    outer loop
      vertex 10 0.707167 39.0832
      vertex 3 0.569402 39.125
      vertex 3 0.707167 39.0832
    endloop
  endfacet
  facet normal 0 -0.995187 -0.0979909
    outer loop
      vertex 3 2.19529 37.1439
      vertex 10 2.18118 37.2872
      vertex 3 2.18118 37.2872
    endloop
  endfacet
  facet normal 0 -0.995187 -0.0979909
    outer loop
      vertex 10 2.18118 37.2872
      vertex 3 2.19529 37.1439
      vertex 10 2.19529 37.1439
    endloop
  endfacet
  facet normal 0 -0.956962 -0.290214
    outer loop
      vertex 3 2.12504 37.5694
      vertex 10 2.08325 37.7072
      vertex 3 2.08325 37.7072
    endloop
  endfacet
  facet normal 0 -0.956962 -0.290214
    outer loop
      vertex 10 2.08325 37.7072
      vertex 3 2.12504 37.5694
      vertex 10 2.12504 37.5694
    endloop
  endfacet
  facet normal 0 -0.973877 -0.227076
    outer loop
      vertex 3 2.15773 37.4292
      vertex 10 2.12504 37.5694
      vertex 3 2.12504 37.5694
    endloop
  endfacet
  facet normal 0 -0.973877 -0.227076
    outer loop
      vertex 10 2.12504 37.5694
      vertex 3 2.15773 37.4292
      vertex 10 2.15773 37.4292
    endloop
  endfacet
  facet normal 0 -0.812817 -0.582519
    outer loop
      vertex 3 1.82923 38.2223
      vertex 10 1.74538 38.3393
      vertex 3 1.74538 38.3393
    endloop
  endfacet
  facet normal 0 -0.812817 -0.582519
    outer loop
      vertex 10 1.74538 38.3393
      vertex 3 1.82923 38.2223
      vertex 10 1.82923 38.2223
    endloop
  endfacet
  facet normal 0 -0.77305 -0.634345
    outer loop
      vertex 3 1.74538 38.3393
      vertex 10 1.65405 38.4506
      vertex 3 1.65405 38.4506
    endloop
  endfacet
  facet normal 0 -0.77305 -0.634345
    outer loop
      vertex 10 1.65405 38.4506
      vertex 3 1.74538 38.3393
      vertex 10 1.74538 38.3393
    endloop
  endfacet
  facet normal 0 -0.881987 -0.471273
    outer loop
      vertex 3 1.97312 37.973
      vertex 10 1.90526 38.1
      vertex 3 1.90526 38.1
    endloop
  endfacet
  facet normal 0 -0.881987 -0.471273
    outer loop
      vertex 10 1.90526 38.1
      vertex 3 1.97312 37.973
      vertex 10 1.97312 37.973
    endloop
  endfacet
  facet normal 0 -0.528469 -0.848953
    outer loop
      vertex 3 1.1 38.9053
      vertex 10 1.22225 38.8292
      vertex 10 1.1 38.9053
    endloop
  endfacet
  facet normal -0 -0.528469 -0.848953
    outer loop
      vertex 10 1.22225 38.8292
      vertex 3 1.1 38.9053
      vertex 3 1.22225 38.8292
    endloop
  endfacet
  facet normal 0 -0.47105 -0.882107
    outer loop
      vertex 3 0.973035 38.9731
      vertex 10 1.1 38.9053
      vertex 10 0.973035 38.9731
    endloop
  endfacet
  facet normal -0 -0.47105 -0.882107
    outer loop
      vertex 10 1.1 38.9053
      vertex 3 0.973035 38.9731
      vertex 3 1.1 38.9053
    endloop
  endfacet
  facet normal 0 -0.63467 -0.772783
    outer loop
      vertex 3 1.33927 38.7454
      vertex 10 1.45056 38.654
      vertex 10 1.33927 38.7454
    endloop
  endfacet
  facet normal -0 -0.63467 -0.772783
    outer loop
      vertex 10 1.45056 38.654
      vertex 3 1.33927 38.7454
      vertex 3 1.45056 38.654
    endloop
  endfacet
  facet normal 0 0.41262 -0.910903
    outer loop
      vertex 3 -0.973035 38.9731
      vertex 10 -0.841903 39.0325
      vertex 10 -0.973035 38.9731
    endloop
  endfacet
  facet normal 0 0.41262 -0.910903
    outer loop
      vertex 10 -0.841903 39.0325
      vertex 3 -0.973035 38.9731
      vertex 3 -0.841903 39.0325
    endloop
  endfacet
  facet normal 0 0.352183 -0.935931
    outer loop
      vertex 3 -0.841903 39.0325
      vertex 10 -0.707167 39.0832
      vertex 10 -0.841903 39.0325
    endloop
  endfacet
  facet normal 0 0.352183 -0.935931
    outer loop
      vertex 10 -0.707167 39.0832
      vertex 3 -0.841903 39.0325
      vertex 3 -0.707167 39.0832
    endloop
  endfacet
  facet normal 0 0.528469 -0.848953
    outer loop
      vertex 3 -1.22225 38.8292
      vertex 10 -1.1 38.9053
      vertex 10 -1.22225 38.8292
    endloop
  endfacet
  facet normal 0 0.528469 -0.848953
    outer loop
      vertex 10 -1.1 38.9053
      vertex 3 -1.22225 38.8292
      vertex 3 -1.1 38.9053
    endloop
  endfacet
  facet normal 0 0.582224 -0.813029
    outer loop
      vertex 3 -1.33927 38.7454
      vertex 10 -1.22225 38.8292
      vertex 10 -1.33927 38.7454
    endloop
  endfacet
  facet normal 0 0.582224 -0.813029
    outer loop
      vertex 10 -1.22225 38.8292
      vertex 3 -1.33927 38.7454
      vertex 3 -1.22225 38.8292
    endloop
  endfacet
  facet normal 0 0.0979424 -0.995192
    outer loop
      vertex 3 -0.287157 39.1812
      vertex 10 -0.143887 39.1953
      vertex 10 -0.287157 39.1812
    endloop
  endfacet
  facet normal 0 0.0979424 -0.995192
    outer loop
      vertex 10 -0.143887 39.1953
      vertex 3 -0.287157 39.1812
      vertex 3 -0.143887 39.1953
    endloop
  endfacet
  facet normal 0 0.812817 -0.582519
    outer loop
      vertex 10 -1.82923 38.2223
      vertex 3 -1.74538 38.3393
      vertex 10 -1.74538 38.3393
    endloop
  endfacet
  facet normal 0 0.812817 -0.582519
    outer loop
      vertex 3 -1.74538 38.3393
      vertex 10 -1.82923 38.2223
      vertex 3 -1.82923 38.2223
    endloop
  endfacet
  facet normal 0 0.849268 -0.527963
    outer loop
      vertex 10 -1.90526 38.1
      vertex 3 -1.82923 38.2223
      vertex 10 -1.82923 38.2223
    endloop
  endfacet
  facet normal 0 0.849268 -0.527963
    outer loop
      vertex 3 -1.82923 38.2223
      vertex 10 -1.90526 38.1
      vertex 3 -1.90526 38.1
    endloop
  endfacet
  facet normal 0 0.68356 -0.729895
    outer loop
      vertex 3 -1.55563 38.5556
      vertex 10 -1.45056 38.654
      vertex 10 -1.55563 38.5556
    endloop
  endfacet
  facet normal 0 0.68356 -0.729895
    outer loop
      vertex 10 -1.45056 38.654
      vertex 3 -1.55563 38.5556
      vertex 3 -1.45056 38.654
    endloop
  endfacet
  facet normal 0 0.910839 -0.412761
    outer loop
      vertex 10 -2.03253 37.8419
      vertex 3 -1.97312 37.973
      vertex 10 -1.97312 37.973
    endloop
  endfacet
  facet normal 0 0.910839 -0.412761
    outer loop
      vertex 3 -1.97312 37.973
      vertex 10 -2.03253 37.8419
      vertex 3 -2.03253 37.8419
    endloop
  endfacet
  facet normal 0 0.986637 -0.162934
    outer loop
      vertex 10 -2.18118 37.2872
      vertex 3 -2.15773 37.4292
      vertex 10 -2.15773 37.4292
    endloop
  endfacet
  facet normal 0 0.986637 -0.162934
    outer loop
      vertex 3 -2.15773 37.4292
      vertex 10 -2.18118 37.2872
      vertex 3 -2.18118 37.2872
    endloop
  endfacet
  facet normal 0 0.995187 -0.0979909
    outer loop
      vertex 10 -2.19529 37.1439
      vertex 3 -2.18118 37.2872
      vertex 10 -2.18118 37.2872
    endloop
  endfacet
  facet normal 0 0.995187 -0.0979909
    outer loop
      vertex 3 -2.18118 37.2872
      vertex 10 -2.19529 37.1439
      vertex 3 -2.19529 37.1439
    endloop
  endfacet
  facet normal 0 0.956962 0.290214
    outer loop
      vertex 10 -2.08325 12.2928
      vertex 3 -2.12504 12.4306
      vertex 10 -2.12504 12.4306
    endloop
  endfacet
  facet normal 0 0.956962 0.290214
    outer loop
      vertex 3 -2.12504 12.4306
      vertex 10 -2.08325 12.2928
      vertex 3 -2.08325 12.2928
    endloop
  endfacet
  facet normal 0 0.986637 0.162934
    outer loop
      vertex 10 -2.15773 12.5708
      vertex 3 -2.18118 12.7128
      vertex 10 -2.18118 12.7128
    endloop
  endfacet
  facet normal 0 0.986637 0.162934
    outer loop
      vertex 3 -2.18118 12.7128
      vertex 10 -2.15773 12.5708
      vertex 3 -2.15773 12.5708
    endloop
  endfacet
  facet normal 0 0.849268 0.527963
    outer loop
      vertex 10 -1.82923 11.7777
      vertex 3 -1.90526 11.9
      vertex 10 -1.90526 11.9
    endloop
  endfacet
  facet normal 0 0.849268 0.527963
    outer loop
      vertex 3 -1.90526 11.9
      vertex 10 -1.82923 11.7777
      vertex 3 -1.82923 11.7777
    endloop
  endfacet
  facet normal 0 0.77305 0.634345
    outer loop
      vertex 10 -1.65405 11.5494
      vertex 3 -1.74538 11.6607
      vertex 10 -1.74538 11.6607
    endloop
  endfacet
  facet normal 0 0.77305 0.634345
    outer loop
      vertex 3 -1.74538 11.6607
      vertex 10 -1.65405 11.5494
      vertex 3 -1.65405 11.5494
    endloop
  endfacet
  facet normal -0 0.163226 0.986589
    outer loop
      vertex 3 -0.287157 10.8188
      vertex 10 -0.429198 10.8423
      vertex 10 -0.287157 10.8188
    endloop
  endfacet
  facet normal 0 0.163226 0.986589
    outer loop
      vertex 10 -0.429198 10.8423
      vertex 3 -0.287157 10.8188
      vertex 3 -0.429198 10.8423
    endloop
  endfacet
  facet normal -0 0.63467 0.772783
    outer loop
      vertex 3 -1.33927 11.2546
      vertex 10 -1.45056 11.346
      vertex 10 -1.33927 11.2546
    endloop
  endfacet
  facet normal 0 0.63467 0.772783
    outer loop
      vertex 10 -1.45056 11.346
      vertex 3 -1.33927 11.2546
      vertex 3 -1.45056 11.346
    endloop
  endfacet
  facet normal -0 0.352183 0.935931
    outer loop
      vertex 3 -0.707167 10.9168
      vertex 10 -0.841903 10.9675
      vertex 10 -0.707167 10.9168
    endloop
  endfacet
  facet normal 0 0.352183 0.935931
    outer loop
      vertex 10 -0.841903 10.9675
      vertex 3 -0.707167 10.9168
      vertex 3 -0.841903 10.9675
    endloop
  endfacet
  facet normal 0 -0.0979424 0.995192
    outer loop
      vertex 3 0.287157 10.8188
      vertex 10 0.143887 10.8047
      vertex 10 0.287157 10.8188
    endloop
  endfacet
  facet normal 0 -0.0979424 0.995192
    outer loop
      vertex 10 0.143887 10.8047
      vertex 3 0.287157 10.8188
      vertex 3 0.143887 10.8047
    endloop
  endfacet
  facet normal 0 -0.77305 0.634345
    outer loop
      vertex 3 1.65405 11.5494
      vertex 10 1.74538 11.6607
      vertex 3 1.74538 11.6607
    endloop
  endfacet
  facet normal 0 -0.77305 0.634345
    outer loop
      vertex 10 1.74538 11.6607
      vertex 3 1.65405 11.5494
      vertex 10 1.65405 11.5494
    endloop
  endfacet
  facet normal 0 -0.881987 0.471273
    outer loop
      vertex 3 1.90526 11.9
      vertex 10 1.97312 12.027
      vertex 3 1.97312 12.027
    endloop
  endfacet
  facet normal 0 -0.881987 0.471273
    outer loop
      vertex 10 1.97312 12.027
      vertex 3 1.90526 11.9
      vertex 10 1.90526 11.9
    endloop
  endfacet
  facet normal 0 -0.812817 0.582519
    outer loop
      vertex 3 1.74538 11.6607
      vertex 10 1.82923 11.7777
      vertex 3 1.82923 11.7777
    endloop
  endfacet
  facet normal 0 -0.812817 0.582519
    outer loop
      vertex 10 1.82923 11.7777
      vertex 3 1.74538 11.6607
      vertex 10 1.74538 11.6607
    endloop
  endfacet
  facet normal 0 -0.910839 0.412761
    outer loop
      vertex 3 1.97312 12.027
      vertex 10 2.03253 12.1581
      vertex 3 2.03253 12.1581
    endloop
  endfacet
  facet normal 0 -0.910839 0.412761
    outer loop
      vertex 10 2.03253 12.1581
      vertex 3 1.97312 12.027
      vertex 10 1.97312 12.027
    endloop
  endfacet
  facet normal 0 -0.956962 0.290214
    outer loop
      vertex 3 2.08325 12.2928
      vertex 10 2.12504 12.4306
      vertex 3 2.12504 12.4306
    endloop
  endfacet
  facet normal 0 -0.956962 0.290214
    outer loop
      vertex 10 2.12504 12.4306
      vertex 3 2.08325 12.2928
      vertex 10 2.08325 12.2928
    endloop
  endfacet
  facet normal 0 -0.986637 0.162934
    outer loop
      vertex 3 2.15773 12.5708
      vertex 10 2.18118 12.7128
      vertex 3 2.18118 12.7128
    endloop
  endfacet
  facet normal 0 -0.986637 0.162934
    outer loop
      vertex 10 2.18118 12.7128
      vertex 3 2.15773 12.5708
      vertex 10 2.15773 12.5708
    endloop
  endfacet
  facet normal 0 -0.163226 0.986589
    outer loop
      vertex 3 0.429198 10.8423
      vertex 10 0.287157 10.8188
      vertex 10 0.429198 10.8423
    endloop
  endfacet
  facet normal 0 -0.163226 0.986589
    outer loop
      vertex 10 0.287157 10.8188
      vertex 3 0.429198 10.8423
      vertex 3 0.287157 10.8188
    endloop
  endfacet
  facet normal 0 -0.352183 0.935931
    outer loop
      vertex 3 0.841903 10.9675
      vertex 10 0.707167 10.9168
      vertex 10 0.841903 10.9675
    endloop
  endfacet
  facet normal 0 -0.352183 0.935931
    outer loop
      vertex 10 0.707167 10.9168
      vertex 3 0.841903 10.9675
      vertex 3 0.707167 10.9168
    endloop
  endfacet
  facet normal 0 -0.68356 0.729895
    outer loop
      vertex 3 1.55563 11.4444
      vertex 10 1.45056 11.346
      vertex 10 1.55563 11.4444
    endloop
  endfacet
  facet normal 0 -0.68356 0.729895
    outer loop
      vertex 10 1.45056 11.346
      vertex 3 1.55563 11.4444
      vertex 3 1.45056 11.346
    endloop
  endfacet
  facet normal 0 -0.528469 0.848953
    outer loop
      vertex 3 1.22225 11.1708
      vertex 10 1.1 11.0947
      vertex 10 1.22225 11.1708
    endloop
  endfacet
  facet normal 0 -0.528469 0.848953
    outer loop
      vertex 10 1.1 11.0947
      vertex 3 1.22225 11.1708
      vertex 3 1.1 11.0947
    endloop
  endfacet
  facet normal 0 -0.582224 0.813029
    outer loop
      vertex 3 1.33927 11.2546
      vertex 10 1.22225 11.1708
      vertex 10 1.33927 11.2546
    endloop
  endfacet
  facet normal 0 -0.582224 0.813029
    outer loop
      vertex 10 1.22225 11.1708
      vertex 3 1.33927 11.2546
      vertex 3 1.22225 11.1708
    endloop
  endfacet
  facet normal -0 0.227136 0.973863
    outer loop
      vertex 3 -0.429198 10.8423
      vertex 10 -0.569402 10.875
      vertex 10 -0.429198 10.8423
    endloop
  endfacet
  facet normal 0 0.227136 0.973863
    outer loop
      vertex 10 -0.569402 10.875
      vertex 3 -0.429198 10.8423
      vertex 3 -0.569402 10.875
    endloop
  endfacet
  facet normal 0 -0.849268 0.527963
    outer loop
      vertex 3 1.82923 11.7777
      vertex 10 1.90526 11.9
      vertex 3 1.90526 11.9
    endloop
  endfacet
  facet normal 0 -0.849268 0.527963
    outer loop
      vertex 10 1.90526 11.9
      vertex 3 1.82923 11.7777
      vertex 10 1.82923 11.7777
    endloop
  endfacet
  facet normal 0 -0.935854 0.352387
    outer loop
      vertex 3 2.03253 12.1581
      vertex 10 2.08325 12.2928
      vertex 3 2.08325 12.2928
    endloop
  endfacet
  facet normal 0 -0.935854 0.352387
    outer loop
      vertex 10 2.08325 12.2928
      vertex 3 2.03253 12.1581
      vertex 10 2.03253 12.1581
    endloop
  endfacet
  facet normal 0 -0.995187 0.0979909
    outer loop
      vertex 3 2.18118 12.7128
      vertex 10 2.19529 12.8561
      vertex 3 2.19529 12.8561
    endloop
  endfacet
  facet normal 0 -0.995187 0.0979909
    outer loop
      vertex 10 2.19529 12.8561
      vertex 3 2.18118 12.7128
      vertex 10 2.18118 12.7128
    endloop
  endfacet
  facet normal -1 0 0
    outer loop
      vertex -16 3.79186 20.2485
      vertex -16 8 15
      vertex -16 3.8 20
    endloop
  endfacet
  facet normal -1 0 0
    outer loop
      vertex -16 8 15
      vertex -16 3.79186 19.7515
      vertex -16 3.8 20
    endloop
  endfacet
  facet normal -1 0 0
    outer loop
      vertex -16 8 15
      vertex -16 3.76749 19.504
      vertex -16 3.79186 19.7515
    endloop
  endfacet
  facet normal -1 0 0
    outer loop
      vertex -16 8 15
      vertex -16 3.72698 19.2587
      vertex -16 3.76749 19.504
    endloop
  endfacet
  facet normal -1 0 0
    outer loop
      vertex -16 8 15
      vertex -16 3.67052 19.0165
      vertex -16 3.72698 19.2587
    endloop
  endfacet
  facet normal -1 0 0
    outer loop
      vertex -16 8 15
      vertex -16 3.59833 18.7785
      vertex -16 3.67052 19.0165
    endloop
  endfacet
  facet normal -1 0 0
    outer loop
      vertex -16 8 15
      vertex -16 3.51074 18.5458
      vertex -16 3.59833 18.7785
    endloop
  endfacet
  facet normal -1 0 0
    outer loop
      vertex -16 8 15
      vertex -16 3.40812 18.3193
      vertex -16 3.51074 18.5458
    endloop
  endfacet
  facet normal -1 0 0
    outer loop
      vertex -16 8 15
      vertex -16 3.2909 18.1
      vertex -16 3.40812 18.3193
    endloop
  endfacet
  facet normal -1 0 0
    outer loop
      vertex -16 8 15
      vertex -16 3.15958 17.8888
      vertex -16 3.2909 18.1
    endloop
  endfacet
  facet normal -1 0 0
    outer loop
      vertex -16 8 15
      vertex -16 3.01474 17.6867
      vertex -16 3.15958 17.8888
    endloop
  endfacet
  facet normal -1 0 0
    outer loop
      vertex -16 8 15
      vertex -16 2.85699 17.4945
      vertex -16 3.01474 17.6867
    endloop
  endfacet
  facet normal -1 0 0
    outer loop
      vertex -16 8 15
      vertex -16 2.68701 17.313
      vertex -16 2.85699 17.4945
    endloop
  endfacet
  facet normal -1 0 0
    outer loop
      vertex -16 8 15
      vertex -16 2.50551 17.143
      vertex -16 2.68701 17.313
    endloop
  endfacet
  facet normal -1 0 0
    outer loop
      vertex -16 8 15
      vertex -16 2.31329 16.9853
      vertex -16 2.50551 17.143
    endloop
  endfacet
  facet normal -1 0 0
    outer loop
      vertex -16 8 15
      vertex -16 2.11117 16.8404
      vertex -16 2.31329 16.9853
    endloop
  endfacet
  facet normal -1 0 0
    outer loop
      vertex -16 8 15
      vertex -16 1.9 16.7091
      vertex -16 2.11117 16.8404
    endloop
  endfacet
  facet normal -1 0 0
    outer loop
      vertex -16 8 15
      vertex -16 1.6807 16.5919
      vertex -16 1.9 16.7091
    endloop
  endfacet
  facet normal -1 0 0
    outer loop
      vertex -16 8 15
      vertex -16 1.4542 16.4893
      vertex -16 1.6807 16.5919
    endloop
  endfacet
  facet normal -1 0 0
    outer loop
      vertex -16 8 15
      vertex -16 1.22147 16.4017
      vertex -16 1.4542 16.4893
    endloop
  endfacet
  facet normal -1 0 0
    outer loop
      vertex -16 8 15
      vertex -16 0.983512 16.3295
      vertex -16 1.22147 16.4017
    endloop
  endfacet
  facet normal -1 0 0
    outer loop
      vertex -16 8 15
      vertex -16 0.741343 16.273
      vertex -16 0.983512 16.3295
    endloop
  endfacet
  facet normal -1 0 0
    outer loop
      vertex -16 8 15
      vertex -16 0.495999 16.2325
      vertex -16 0.741343 16.273
    endloop
  endfacet
  facet normal -1 0 0
    outer loop
      vertex -16 8 15
      vertex -16 0.248531 16.2081
      vertex -16 0.495999 16.2325
    endloop
  endfacet
  facet normal -1 0 0
    outer loop
      vertex -16 8 15
      vertex -16 0 16.2
      vertex -16 0.248531 16.2081
    endloop
  endfacet
  facet normal -1 0 0
    outer loop
      vertex -16 -8 15
      vertex -16 0 16.2
      vertex -16 8 15
    endloop
  endfacet
  facet normal -1 -0 0
    outer loop
      vertex -16 0 16.2
      vertex -16 -8 15
      vertex -16 -0.248531 16.2081
    endloop
  endfacet
  facet normal -1 -0 0
    outer loop
      vertex -16 -3.79186 19.7515
      vertex -16 -8 15
      vertex -16 -3.8 20
    endloop
  endfacet
  facet normal -1 -0 0
    outer loop
      vertex -16 -3.76749 19.504
      vertex -16 -8 15
      vertex -16 -3.79186 19.7515
    endloop
  endfacet
  facet normal -1 -0 0
    outer loop
      vertex -16 -3.72698 19.2587
      vertex -16 -8 15
      vertex -16 -3.76749 19.504
    endloop
  endfacet
  facet normal -1 -0 0
    outer loop
      vertex -16 -3.67052 19.0165
      vertex -16 -8 15
      vertex -16 -3.72698 19.2587
    endloop
  endfacet
  facet normal -1 -0 0
    outer loop
      vertex -16 -3.59833 18.7785
      vertex -16 -8 15
      vertex -16 -3.67052 19.0165
    endloop
  endfacet
  facet normal -1 -0 0
    outer loop
      vertex -16 -3.51074 18.5458
      vertex -16 -8 15
      vertex -16 -3.59833 18.7785
    endloop
  endfacet
  facet normal -1 -0 0
    outer loop
      vertex -16 -3.40812 18.3193
      vertex -16 -8 15
      vertex -16 -3.51074 18.5458
    endloop
  endfacet
  facet normal -1 -0 0
    outer loop
      vertex -16 -3.2909 18.1
      vertex -16 -8 15
      vertex -16 -3.40812 18.3193
    endloop
  endfacet
  facet normal -1 -0 0
    outer loop
      vertex -16 -3.15958 17.8888
      vertex -16 -8 15
      vertex -16 -3.2909 18.1
    endloop
  endfacet
  facet normal -1 -0 0
    outer loop
      vertex -16 -3.01474 17.6867
      vertex -16 -8 15
      vertex -16 -3.15958 17.8888
    endloop
  endfacet
  facet normal -1 -0 0
    outer loop
      vertex -16 -2.85699 17.4945
      vertex -16 -8 15
      vertex -16 -3.01474 17.6867
    endloop
  endfacet
  facet normal -1 -0 0
    outer loop
      vertex -16 -2.68701 17.313
      vertex -16 -8 15
      vertex -16 -2.85699 17.4945
    endloop
  endfacet
  facet normal -1 -0 0
    outer loop
      vertex -16 -2.50551 17.143
      vertex -16 -8 15
      vertex -16 -2.68701 17.313
    endloop
  endfacet
  facet normal -1 -0 0
    outer loop
      vertex -16 -2.31329 16.9853
      vertex -16 -8 15
      vertex -16 -2.50551 17.143
    endloop
  endfacet
  facet normal -1 -0 0
    outer loop
      vertex -16 -2.11117 16.8404
      vertex -16 -8 15
      vertex -16 -2.31329 16.9853
    endloop
  endfacet
  facet normal -1 -0 0
    outer loop
      vertex -16 -1.9 16.7091
      vertex -16 -8 15
      vertex -16 -2.11117 16.8404
    endloop
  endfacet
  facet normal -1 -0 0
    outer loop
      vertex -16 -1.6807 16.5919
      vertex -16 -8 15
      vertex -16 -1.9 16.7091
    endloop
  endfacet
  facet normal -1 -0 0
    outer loop
      vertex -16 -1.4542 16.4893
      vertex -16 -8 15
      vertex -16 -1.6807 16.5919
    endloop
  endfacet
  facet normal -1 -0 0
    outer loop
      vertex -16 -1.22147 16.4017
      vertex -16 -8 15
      vertex -16 -1.4542 16.4893
    endloop
  endfacet
  facet normal -1 -0 0
    outer loop
      vertex -16 -0.983512 16.3295
      vertex -16 -8 15
      vertex -16 -1.22147 16.4017
    endloop
  endfacet
  facet normal -1 -0 0
    outer loop
      vertex -16 -0.741343 16.273
      vertex -16 -8 15
      vertex -16 -0.983512 16.3295
    endloop
  endfacet
  facet normal -1 -0 0
    outer loop
      vertex -16 -0.495999 16.2325
      vertex -16 -8 15
      vertex -16 -0.741343 16.273
    endloop
  endfacet
  facet normal -1 -0 0
    outer loop
      vertex -16 -0.248531 16.2081
      vertex -16 -8 15
      vertex -16 -0.495999 16.2325
    endloop
  endfacet
  facet normal -1 0 0
    outer loop
      vertex -16 3.76749 20.496
      vertex -16 8 15
      vertex -16 3.79186 20.2485
    endloop
  endfacet
  facet normal -1 0 0
    outer loop
      vertex -16 3.72698 20.7413
      vertex -16 8 15
      vertex -16 3.76749 20.496
    endloop
  endfacet
  facet normal -1 0 0
    outer loop
      vertex -16 3.67052 20.9835
      vertex -16 8 15
      vertex -16 3.72698 20.7413
    endloop
  endfacet
  facet normal -1 0 0
    outer loop
      vertex -16 3.59833 21.2215
      vertex -16 8 15
      vertex -16 3.67052 20.9835
    endloop
  endfacet
  facet normal -1 0 0
    outer loop
      vertex -16 8 15
      vertex -16 3.59833 21.2215
      vertex -16 8 35
    endloop
  endfacet
  facet normal -1 0 0
    outer loop
      vertex -16 3.51074 21.4542
      vertex -16 8 35
      vertex -16 3.59833 21.2215
    endloop
  endfacet
  facet normal -1 0 0
    outer loop
      vertex -16 3.40812 21.6807
      vertex -16 8 35
      vertex -16 3.51074 21.4542
    endloop
  endfacet
  facet normal -1 0 0
    outer loop
      vertex -16 3.2909 21.9
      vertex -16 8 35
      vertex -16 3.40812 21.6807
    endloop
  endfacet
  facet normal -1 0 0
    outer loop
      vertex -16 3.15958 22.1112
      vertex -16 8 35
      vertex -16 3.2909 21.9
    endloop
  endfacet
  facet normal -1 0 0
    outer loop
      vertex -16 3.01474 22.3133
      vertex -16 8 35
      vertex -16 3.15958 22.1112
    endloop
  endfacet
  facet normal -1 0 0
    outer loop
      vertex -16 2.85699 22.5055
      vertex -16 8 35
      vertex -16 3.01474 22.3133
    endloop
  endfacet
  facet normal -1 0 0
    outer loop
      vertex -16 2.68701 22.687
      vertex -16 8 35
      vertex -16 2.85699 22.5055
    endloop
  endfacet
  facet normal -1 0 0
    outer loop
      vertex -16 2.50551 22.857
      vertex -16 8 35
      vertex -16 2.68701 22.687
    endloop
  endfacet
  facet normal -1 0 0
    outer loop
      vertex -16 2.31329 23.0147
      vertex -16 8 35
      vertex -16 2.50551 22.857
    endloop
  endfacet
  facet normal -1 0 0
    outer loop
      vertex -16 2.11117 23.1596
      vertex -16 8 35
      vertex -16 2.31329 23.0147
    endloop
  endfacet
  facet normal -1 0 0
    outer loop
      vertex -16 1.9 23.2909
      vertex -16 8 35
      vertex -16 2.11117 23.1596
    endloop
  endfacet
  facet normal -1 0 0
    outer loop
      vertex -16 1.6807 23.4081
      vertex -16 8 35
      vertex -16 1.9 23.2909
    endloop
  endfacet
  facet normal -1 0 0
    outer loop
      vertex -16 1.4542 23.5107
      vertex -16 8 35
      vertex -16 1.6807 23.4081
    endloop
  endfacet
  facet normal -1 0 0
    outer loop
      vertex -16 1.22147 23.5983
      vertex -16 8 35
      vertex -16 1.4542 23.5107
    endloop
  endfacet
  facet normal -1 0 0
    outer loop
      vertex -16 0.983512 23.6705
      vertex -16 8 35
      vertex -16 1.22147 23.5983
    endloop
  endfacet
  facet normal -1 0 0
    outer loop
      vertex -16 0.741343 23.727
      vertex -16 8 35
      vertex -16 0.983512 23.6705
    endloop
  endfacet
  facet normal -1 0 0
    outer loop
      vertex -16 0.495999 23.7675
      vertex -16 8 35
      vertex -16 0.741343 23.727
    endloop
  endfacet
  facet normal -1 0 0
    outer loop
      vertex -16 0.248531 23.7919
      vertex -16 8 35
      vertex -16 0.495999 23.7675
    endloop
  endfacet
  facet normal -1 0 0
    outer loop
      vertex -16 0 23.8
      vertex -16 8 35
      vertex -16 0.248531 23.7919
    endloop
  endfacet
  facet normal -1 0 0
    outer loop
      vertex -16 -8 35
      vertex -16 0 23.8
      vertex -16 -0.248531 23.7919
    endloop
  endfacet
  facet normal -1 0 0
    outer loop
      vertex -16 -8 35
      vertex -16 -0.248531 23.7919
      vertex -16 -0.495999 23.7675
    endloop
  endfacet
  facet normal -1 0 0
    outer loop
      vertex -16 -8 35
      vertex -16 -0.495999 23.7675
      vertex -16 -0.741343 23.727
    endloop
  endfacet
  facet normal -1 0 0
    outer loop
      vertex -16 -8 35
      vertex -16 -0.741343 23.727
      vertex -16 -0.983512 23.6705
    endloop
  endfacet
  facet normal -1 0 0
    outer loop
      vertex -16 -8 35
      vertex -16 -0.983512 23.6705
      vertex -16 -1.22147 23.5983
    endloop
  endfacet
  facet normal -1 0 0
    outer loop
      vertex -16 -8 35
      vertex -16 -1.22147 23.5983
      vertex -16 -1.4542 23.5107
    endloop
  endfacet
  facet normal -1 0 0
    outer loop
      vertex -16 -8 35
      vertex -16 -1.4542 23.5107
      vertex -16 -1.6807 23.4081
    endloop
  endfacet
  facet normal -1 0 0
    outer loop
      vertex -16 -8 35
      vertex -16 -1.6807 23.4081
      vertex -16 -1.9 23.2909
    endloop
  endfacet
  facet normal -1 0 0
    outer loop
      vertex -16 -8 35
      vertex -16 -1.9 23.2909
      vertex -16 -2.11117 23.1596
    endloop
  endfacet
  facet normal -1 0 0
    outer loop
      vertex -16 -8 35
      vertex -16 -2.11117 23.1596
      vertex -16 -2.31329 23.0147
    endloop
  endfacet
  facet normal -1 0 0
    outer loop
      vertex -16 -8 35
      vertex -16 -2.31329 23.0147
      vertex -16 -2.50551 22.857
    endloop
  endfacet
  facet normal -1 0 0
    outer loop
      vertex -16 -8 35
      vertex -16 -2.50551 22.857
      vertex -16 -2.68701 22.687
    endloop
  endfacet
  facet normal -1 0 0
    outer loop
      vertex -16 -8 35
      vertex -16 -2.68701 22.687
      vertex -16 -2.85699 22.5055
    endloop
  endfacet
  facet normal -1 0 0
    outer loop
      vertex -16 -8 15
      vertex -16 -3.79186 20.2485
      vertex -16 -3.8 20
    endloop
  endfacet
  facet normal -1 0 0
    outer loop
      vertex -16 -8 15
      vertex -16 -3.76749 20.496
      vertex -16 -3.79186 20.2485
    endloop
  endfacet
  facet normal -1 0 0
    outer loop
      vertex -16 -8 15
      vertex -16 -3.72698 20.7413
      vertex -16 -3.76749 20.496
    endloop
  endfacet
  facet normal -1 0 0
    outer loop
      vertex -16 -8 15
      vertex -16 -3.67052 20.9835
      vertex -16 -3.72698 20.7413
    endloop
  endfacet
  facet normal -1 0 0
    outer loop
      vertex -16 -8 15
      vertex -16 -3.59833 21.2215
      vertex -16 -3.67052 20.9835
    endloop
  endfacet
  facet normal -1 0 0
    outer loop
      vertex -16 -8 35
      vertex -16 -3.59833 21.2215
      vertex -16 -8 15
    endloop
  endfacet
  facet normal -1 0 0
    outer loop
      vertex -16 -3.59833 21.2215
      vertex -16 -8 35
      vertex -16 -3.51074 21.4542
    endloop
  endfacet
  facet normal -1 0 0
    outer loop
      vertex -16 -3.51074 21.4542
      vertex -16 -8 35
      vertex -16 -3.40812 21.6807
    endloop
  endfacet
  facet normal -1 0 0
    outer loop
      vertex -16 -3.40812 21.6807
      vertex -16 -8 35
      vertex -16 -3.2909 21.9
    endloop
  endfacet
  facet normal -1 0 0
    outer loop
      vertex -16 0 23.8
      vertex -16 -8 35
      vertex -16 8 35
    endloop
  endfacet
  facet normal -1 0 0
    outer loop
      vertex -16 -3.01474 22.3133
      vertex -16 -8 35
      vertex -16 -2.85699 22.5055
    endloop
  endfacet
  facet normal -1 0 0
    outer loop
      vertex -16 -3.15958 22.1112
      vertex -16 -8 35
      vertex -16 -3.01474 22.3133
    endloop
  endfacet
  facet normal -1 0 0
    outer loop
      vertex -16 -3.2909 21.9
      vertex -16 -8 35
      vertex -16 -3.15958 22.1112
    endloop
  endfacet
  facet normal -0 0 1
    outer loop
      vertex -4.8 8 35
      vertex 0 7.95122 35
      vertex 0 8 35
    endloop
  endfacet
  facet normal 0 0 1
    outer loop
      vertex 0 7.95122 35
      vertex -4.8 8 35
      vertex 0 7 35
    endloop
  endfacet
  facet normal 0 0 1
    outer loop
      vertex 0 7 35
      vertex -4.8 -3 35
      vertex 0 -7 35
    endloop
  endfacet
  facet normal 0 0 1
    outer loop
      vertex -6.6 -8 35
      vertex 0 -7 35
      vertex -4.8 -3 35
    endloop
  endfacet
  facet normal 0 0 1
    outer loop
      vertex 0 7 35
      vertex -4.8 8 35
      vertex -4.8 -3 35
    endloop
  endfacet
  facet normal 0 0 1
    outer loop
      vertex 0 -7 35
      vertex -6.6 -8 35
      vertex 0 -7.95122 35
    endloop
  endfacet
  facet normal 0 0 1
    outer loop
      vertex -6.6 -8 35
      vertex -4.8 -3 35
      vertex -6.6 -3 35
    endloop
  endfacet
  facet normal 0 0 1
    outer loop
      vertex 0 -7.95122 35
      vertex -6.6 -8 35
      vertex 0 -8 35
    endloop
  endfacet
  facet normal 0 0 1
    outer loop
      vertex -11.2 8 35
      vertex -16 8 35
      vertex -11.2 -3 35
    endloop
  endfacet
  facet normal -0 0 1
    outer loop
      vertex -11.2 -3 35
      vertex -9.4 -8 35
      vertex -9.4 -3 35
    endloop
  endfacet
  facet normal 0 0 1
    outer loop
      vertex -16 -8 35
      vertex -11.2 -3 35
      vertex -16 8 35
    endloop
  endfacet
  facet normal 0 0 1
    outer loop
      vertex -11.2 -3 35
      vertex -16 -8 35
      vertex -9.4 -8 35
    endloop
  endfacet
  facet normal 0 1 -0
    outer loop
      vertex 0 8 34.8182
      vertex -4.8 8 35
      vertex 0 8 35
    endloop
  endfacet
  facet normal 0 1 0
    outer loop
      vertex 0 8 34.8182
      vertex -4.8 8 28
      vertex -4.8 8 35
    endloop
  endfacet
  facet normal 0 1 0
    outer loop
      vertex 0 8 34.8182
      vertex -4.80685 8 27.7907
      vertex -4.8 8 28
    endloop
  endfacet
  facet normal 0 1 0
    outer loop
      vertex 0 8 34.8182
      vertex -4.82738 8 27.5823
      vertex -4.80685 8 27.7907
    endloop
  endfacet
  facet normal 0 1 0
    outer loop
      vertex 0 8 34.8182
      vertex -4.86149 8 27.3757
      vertex -4.82738 8 27.5823
    endloop
  endfacet
  facet normal 0 1 -0
    outer loop
      vertex 0 8 15
      vertex -4.86149 8 27.3757
      vertex 0 8 34.8182
    endloop
  endfacet
  facet normal 0 1 0
    outer loop
      vertex -4.86149 8 27.3757
      vertex 0 8 15
      vertex -4.90904 8 27.1718
    endloop
  endfacet
  facet normal 0 1 0
    outer loop
      vertex -4.90904 8 27.1718
      vertex 0 8 15
      vertex -4.96982 8 26.9714
    endloop
  endfacet
  facet normal 0 1 0
    outer loop
      vertex -4.96982 8 26.9714
      vertex 0 8 15
      vertex -5.04358 8 26.7754
    endloop
  endfacet
  facet normal 0 1 0
    outer loop
      vertex -5.04358 8 26.7754
      vertex 0 8 15
      vertex -5.13001 8 26.5847
    endloop
  endfacet
  facet normal 0 1 0
    outer loop
      vertex -7.79071 8 24.8069
      vertex 0 8 15
      vertex -8 8 24.8
    endloop
  endfacet
  facet normal 0 1 0
    outer loop
      vertex -7.58232 8 24.8274
      vertex 0 8 15
      vertex -7.79071 8 24.8069
    endloop
  endfacet
  facet normal 0 1 0
    outer loop
      vertex -7.37571 8 24.8615
      vertex 0 8 15
      vertex -7.58232 8 24.8274
    endloop
  endfacet
  facet normal 0 1 0
    outer loop
      vertex -7.17178 8 24.909
      vertex 0 8 15
      vertex -7.37571 8 24.8615
    endloop
  endfacet
  facet normal 0 1 0
    outer loop
      vertex -6.97139 8 24.9698
      vertex 0 8 15
      vertex -7.17178 8 24.909
    endloop
  endfacet
  facet normal 0 1 0
    outer loop
      vertex -6.77541 8 25.0436
      vertex 0 8 15
      vertex -6.97139 8 24.9698
    endloop
  endfacet
  facet normal 0 1 0
    outer loop
      vertex -6.58468 8 25.13
      vertex 0 8 15
      vertex -6.77541 8 25.0436
    endloop
  endfacet
  facet normal 0 1 0
    outer loop
      vertex -6.4 8 25.2287
      vertex 0 8 15
      vertex -6.58468 8 25.13
    endloop
  endfacet
  facet normal 0 1 0
    outer loop
      vertex -6.22217 8 25.3393
      vertex 0 8 15
      vertex -6.4 8 25.2287
    endloop
  endfacet
  facet normal 0 1 0
    outer loop
      vertex -6.05196 8 25.4613
      vertex 0 8 15
      vertex -6.22217 8 25.3393
    endloop
  endfacet
  facet normal 0 1 0
    outer loop
      vertex -5.89009 8 25.5941
      vertex 0 8 15
      vertex -6.05196 8 25.4613
    endloop
  endfacet
  facet normal 0 1 0
    outer loop
      vertex -5.73726 8 25.7373
      vertex 0 8 15
      vertex -5.89009 8 25.5941
    endloop
  endfacet
  facet normal 0 1 0
    outer loop
      vertex -5.59411 8 25.8901
      vertex 0 8 15
      vertex -5.73726 8 25.7373
    endloop
  endfacet
  facet normal 0 1 0
    outer loop
      vertex -5.46127 8 26.052
      vertex 0 8 15
      vertex -5.59411 8 25.8901
    endloop
  endfacet
  facet normal 0 1 0
    outer loop
      vertex -5.3393 8 26.2222
      vertex 0 8 15
      vertex -5.46127 8 26.052
    endloop
  endfacet
  facet normal 0 1 0
    outer loop
      vertex -5.22872 8 26.4
      vertex 0 8 15
      vertex -5.3393 8 26.2222
    endloop
  endfacet
  facet normal 0 1 0
    outer loop
      vertex -5.13001 8 26.5847
      vertex 0 8 15
      vertex -5.22872 8 26.4
    endloop
  endfacet
  facet normal 0 1 -0
    outer loop
      vertex -11.2 8 28
      vertex -16 8 35
      vertex -11.2 8 35
    endloop
  endfacet
  facet normal 0 1 0
    outer loop
      vertex -11.1931 8 27.7907
      vertex -16 8 35
      vertex -11.2 8 28
    endloop
  endfacet
  facet normal 0 1 0
    outer loop
      vertex -11.1726 8 27.5823
      vertex -16 8 35
      vertex -11.1931 8 27.7907
    endloop
  endfacet
  facet normal 0 1 0
    outer loop
      vertex -11.1385 8 27.3757
      vertex -16 8 35
      vertex -11.1726 8 27.5823
    endloop
  endfacet
  facet normal 0 1 0
    outer loop
      vertex -16 8 15
      vertex -11.1385 8 27.3757
      vertex -11.091 8 27.1718
    endloop
  endfacet
  facet normal 0 1 0
    outer loop
      vertex -16 8 15
      vertex -11.091 8 27.1718
      vertex -11.0302 8 26.9714
    endloop
  endfacet
  facet normal 0 1 0
    outer loop
      vertex -16 8 15
      vertex -11.0302 8 26.9714
      vertex -10.9564 8 26.7754
    endloop
  endfacet
  facet normal 0 1 0
    outer loop
      vertex -16 8 15
      vertex -10.9564 8 26.7754
      vertex -10.87 8 26.5847
    endloop
  endfacet
  facet normal 0 1 0
    outer loop
      vertex -16 8 15
      vertex -10.87 8 26.5847
      vertex -10.7713 8 26.4
    endloop
  endfacet
  facet normal 0 1 0
    outer loop
      vertex -16 8 15
      vertex -8 8 24.8
      vertex 0 8 15
    endloop
  endfacet
  facet normal 0 1 0
    outer loop
      vertex -8 8 24.8
      vertex -16 8 15
      vertex -8.20929 8 24.8069
    endloop
  endfacet
  facet normal 0 1 0
    outer loop
      vertex -8.20929 8 24.8069
      vertex -16 8 15
      vertex -8.41768 8 24.8274
    endloop
  endfacet
  facet normal 0 1 0
    outer loop
      vertex -8.41768 8 24.8274
      vertex -16 8 15
      vertex -8.62429 8 24.8615
    endloop
  endfacet
  facet normal 0 1 0
    outer loop
      vertex -8.62429 8 24.8615
      vertex -16 8 15
      vertex -8.82822 8 24.909
    endloop
  endfacet
  facet normal 0 1 0
    outer loop
      vertex -8.82822 8 24.909
      vertex -16 8 15
      vertex -9.02861 8 24.9698
    endloop
  endfacet
  facet normal 0 1 0
    outer loop
      vertex -9.02861 8 24.9698
      vertex -16 8 15
      vertex -9.22459 8 25.0436
    endloop
  endfacet
  facet normal 0 1 0
    outer loop
      vertex -9.22459 8 25.0436
      vertex -16 8 15
      vertex -9.41532 8 25.13
    endloop
  endfacet
  facet normal 0 1 0
    outer loop
      vertex -9.41532 8 25.13
      vertex -16 8 15
      vertex -9.6 8 25.2287
    endloop
  endfacet
  facet normal 0 1 0
    outer loop
      vertex -9.6 8 25.2287
      vertex -16 8 15
      vertex -9.77782 8 25.3393
    endloop
  endfacet
  facet normal 0 1 0
    outer loop
      vertex -9.77782 8 25.3393
      vertex -16 8 15
      vertex -9.94804 8 25.4613
    endloop
  endfacet
  facet normal 0 1 0
    outer loop
      vertex -9.94804 8 25.4613
      vertex -16 8 15
      vertex -10.1099 8 25.5941
    endloop
  endfacet
  facet normal 0 1 0
    outer loop
      vertex -11.1385 8 27.3757
      vertex -16 8 15
      vertex -16 8 35
    endloop
  endfacet
  facet normal 0 1 0
    outer loop
      vertex -10.6607 8 26.2222
      vertex -16 8 15
      vertex -10.7713 8 26.4
    endloop
  endfacet
  facet normal 0 1 0
    outer loop
      vertex -10.5387 8 26.052
      vertex -16 8 15
      vertex -10.6607 8 26.2222
    endloop
  endfacet
  facet normal 0 1 0
    outer loop
      vertex -10.4059 8 25.8901
      vertex -16 8 15
      vertex -10.5387 8 26.052
    endloop
  endfacet
  facet normal 0 1 0
    outer loop
      vertex -10.2627 8 25.7373
      vertex -16 8 15
      vertex -10.4059 8 25.8901
    endloop
  endfacet
  facet normal 0 1 0
    outer loop
      vertex -10.1099 8 25.5941
      vertex -16 8 15
      vertex -10.2627 8 25.7373
    endloop
  endfacet
  facet normal 0 0 -1
    outer loop
      vertex -16 -8 15
      vertex 0 -7 15
      vertex 0 -8 15
    endloop
  endfacet
  facet normal -0 0 -1
    outer loop
      vertex 0 -7 15
      vertex -16 -8 15
      vertex 0 -6.7 15
    endloop
  endfacet
  facet normal -0 0 -1
    outer loop
      vertex 0 -6.7 15
      vertex -16 -8 15
      vertex 0 6.7 15
    endloop
  endfacet
  facet normal 0 0 -1
    outer loop
      vertex -16 8 15
      vertex 0 6.7 15
      vertex -16 -8 15
    endloop
  endfacet
  facet normal 0 0 -1
    outer loop
      vertex 0 6.7 15
      vertex -16 8 15
      vertex 0 7 15
    endloop
  endfacet
  facet normal 0 0 -1
    outer loop
      vertex 0 7 15
      vertex -16 8 15
      vertex 0 8 15
    endloop
  endfacet
  facet normal 0 0 -1
    outer loop
      vertex 0 -6.7 15
      vertex 2.7 6.7 15
      vertex 2.7 -6.7 15
    endloop
  endfacet
  facet normal -0 0 -1
    outer loop
      vertex 2.7 6.7 15
      vertex 0 -6.7 15
      vertex 0 6.7 15
    endloop
  endfacet
  facet normal 0 -1 0
    outer loop
      vertex -16 -8 35
      vertex -9.4 -8 28
      vertex -9.4 -8 35
    endloop
  endfacet
  facet normal 0 -1 0
    outer loop
      vertex -16 -8 35
      vertex -9.397 -8 27.9084
      vertex -9.4 -8 28
    endloop
  endfacet
  facet normal 0 -1 0
    outer loop
      vertex -16 -8 35
      vertex -9.38802 -8 27.8173
      vertex -9.397 -8 27.9084
    endloop
  endfacet
  facet normal 0 -1 0
    outer loop
      vertex -16 -8 35
      vertex -9.3731 -8 27.7269
      vertex -9.38802 -8 27.8173
    endloop
  endfacet
  facet normal 0 -1 0
    outer loop
      vertex -16 -8 35
      vertex -9.3523 -8 27.6377
      vertex -9.3731 -8 27.7269
    endloop
  endfacet
  facet normal 0 -1 0
    outer loop
      vertex -16 -8 15
      vertex -9.3523 -8 27.6377
      vertex -16 -8 35
    endloop
  endfacet
  facet normal 0 -1 -0
    outer loop
      vertex -9.3523 -8 27.6377
      vertex -16 -8 15
      vertex -9.3257 -8 27.55
    endloop
  endfacet
  facet normal 0 -1 -0
    outer loop
      vertex -9.3257 -8 27.55
      vertex -16 -8 15
      vertex -9.29343 -8 27.4642
    endloop
  endfacet
  facet normal 0 -1 -0
    outer loop
      vertex -9.29343 -8 27.4642
      vertex -16 -8 15
      vertex -9.25562 -8 27.3808
    endloop
  endfacet
  facet normal 0 -1 -0
    outer loop
      vertex -9.25562 -8 27.3808
      vertex -16 -8 15
      vertex -9.21243 -8 27.3
    endloop
  endfacet
  facet normal 0 -1 -0
    outer loop
      vertex -9.21243 -8 27.3
      vertex -16 -8 15
      vertex -9.16406 -8 27.2222
    endloop
  endfacet
  facet normal 0 -1 -0
    outer loop
      vertex -9.16406 -8 27.2222
      vertex -16 -8 15
      vertex -9.11069 -8 27.1477
    endloop
  endfacet
  facet normal 0 -1 -0
    outer loop
      vertex -8.09156 -8 26.603
      vertex -16 -8 15
      vertex -8 -8 26.6
    endloop
  endfacet
  facet normal 0 -1 -0
    outer loop
      vertex -8.18274 -8 26.612
      vertex -16 -8 15
      vertex -8.09156 -8 26.603
    endloop
  endfacet
  facet normal 0 -1 -0
    outer loop
      vertex -8.27313 -8 26.6269
      vertex -16 -8 15
      vertex -8.18274 -8 26.612
    endloop
  endfacet
  facet normal 0 -1 -0
    outer loop
      vertex -8.36235 -8 26.6477
      vertex -16 -8 15
      vertex -8.27313 -8 26.6269
    endloop
  endfacet
  facet normal 0 -1 -0
    outer loop
      vertex -8.45002 -8 26.6743
      vertex -16 -8 15
      vertex -8.36235 -8 26.6477
    endloop
  endfacet
  facet normal 0 -1 -0
    outer loop
      vertex -8.53576 -8 26.7066
      vertex -16 -8 15
      vertex -8.45002 -8 26.6743
    endloop
  endfacet
  facet normal 0 -1 -0
    outer loop
      vertex -8.6192 -8 26.7444
      vertex -16 -8 15
      vertex -8.53576 -8 26.7066
    endloop
  endfacet
  facet normal 0 -1 -0
    outer loop
      vertex -8.7 -8 26.7876
      vertex -16 -8 15
      vertex -8.6192 -8 26.7444
    endloop
  endfacet
  facet normal 0 -1 -0
    outer loop
      vertex -8.7778 -8 26.8359
      vertex -16 -8 15
      vertex -8.7 -8 26.7876
    endloop
  endfacet
  facet normal 0 -1 -0
    outer loop
      vertex -8.85227 -8 26.8893
      vertex -16 -8 15
      vertex -8.7778 -8 26.8359
    endloop
  endfacet
  facet normal 0 -1 -0
    outer loop
      vertex -8.92308 -8 26.9474
      vertex -16 -8 15
      vertex -8.85227 -8 26.8893
    endloop
  endfacet
  facet normal 0 -1 -0
    outer loop
      vertex -8.98995 -8 27.01
      vertex -16 -8 15
      vertex -8.92308 -8 26.9474
    endloop
  endfacet
  facet normal 0 -1 -0
    outer loop
      vertex -9.05258 -8 27.0769
      vertex -16 -8 15
      vertex -8.98995 -8 27.01
    endloop
  endfacet
  facet normal 0 -1 -0
    outer loop
      vertex -9.11069 -8 27.1477
      vertex -16 -8 15
      vertex -9.05258 -8 27.0769
    endloop
  endfacet
  facet normal 0 -1 0
    outer loop
      vertex -6.6 -8 35
      vertex 0 -8 34.8182
      vertex 0 -8 35
    endloop
  endfacet
  facet normal 0 -1 0
    outer loop
      vertex -6.6 -8 28
      vertex 0 -8 34.8182
      vertex -6.6 -8 35
    endloop
  endfacet
  facet normal 0 -1 0
    outer loop
      vertex -6.603 -8 27.9084
      vertex 0 -8 34.8182
      vertex -6.6 -8 28
    endloop
  endfacet
  facet normal 0 -1 0
    outer loop
      vertex -6.61198 -8 27.8173
      vertex 0 -8 34.8182
      vertex -6.603 -8 27.9084
    endloop
  endfacet
  facet normal 0 -1 0
    outer loop
      vertex -6.6269 -8 27.7269
      vertex 0 -8 34.8182
      vertex -6.61198 -8 27.8173
    endloop
  endfacet
  facet normal 0 -1 0
    outer loop
      vertex -6.6477 -8 27.6377
      vertex 0 -8 34.8182
      vertex -6.6269 -8 27.7269
    endloop
  endfacet
  facet normal 0 -1 0
    outer loop
      vertex 0 -8 15
      vertex -6.6477 -8 27.6377
      vertex -6.6743 -8 27.55
    endloop
  endfacet
  facet normal 0 -1 0
    outer loop
      vertex 0 -8 15
      vertex -6.6743 -8 27.55
      vertex -6.70657 -8 27.4642
    endloop
  endfacet
  facet normal 0 -1 0
    outer loop
      vertex 0 -8 15
      vertex -6.70657 -8 27.4642
      vertex -6.74438 -8 27.3808
    endloop
  endfacet
  facet normal 0 -1 0
    outer loop
      vertex 0 -8 15
      vertex -6.74438 -8 27.3808
      vertex -6.78756 -8 27.3
    endloop
  endfacet
  facet normal 0 -1 0
    outer loop
      vertex 0 -8 15
      vertex -6.78756 -8 27.3
      vertex -6.83594 -8 27.2222
    endloop
  endfacet
  facet normal 0 -1 0
    outer loop
      vertex 0 -8 15
      vertex -6.83594 -8 27.2222
      vertex -6.88931 -8 27.1477
    endloop
  endfacet
  facet normal 0 -1 0
    outer loop
      vertex 0 -8 15
      vertex -6.88931 -8 27.1477
      vertex -6.94742 -8 27.0769
    endloop
  endfacet
  facet normal 0 -1 0
    outer loop
      vertex 0 -8 15
      vertex -8 -8 26.6
      vertex -16 -8 15
    endloop
  endfacet
  facet normal 0 -1 0
    outer loop
      vertex -8 -8 26.6
      vertex 0 -8 15
      vertex -7.90843 -8 26.603
    endloop
  endfacet
  facet normal 0 -1 0
    outer loop
      vertex -7.90843 -8 26.603
      vertex 0 -8 15
      vertex -7.81726 -8 26.612
    endloop
  endfacet
  facet normal 0 -1 0
    outer loop
      vertex -7.81726 -8 26.612
      vertex 0 -8 15
      vertex -7.72687 -8 26.6269
    endloop
  endfacet
  facet normal 0 -1 0
    outer loop
      vertex -7.72687 -8 26.6269
      vertex 0 -8 15
      vertex -7.63765 -8 26.6477
    endloop
  endfacet
  facet normal 0 -1 0
    outer loop
      vertex -7.63765 -8 26.6477
      vertex 0 -8 15
      vertex -7.54998 -8 26.6743
    endloop
  endfacet
  facet normal 0 -1 0
    outer loop
      vertex -7.54998 -8 26.6743
      vertex 0 -8 15
      vertex -7.46424 -8 26.7066
    endloop
  endfacet
  facet normal 0 -1 0
    outer loop
      vertex -7.46424 -8 26.7066
      vertex 0 -8 15
      vertex -7.3808 -8 26.7444
    endloop
  endfacet
  facet normal 0 -1 0
    outer loop
      vertex -7.3808 -8 26.7444
      vertex 0 -8 15
      vertex -7.3 -8 26.7876
    endloop
  endfacet
  facet normal 0 -1 0
    outer loop
      vertex -7.3 -8 26.7876
      vertex 0 -8 15
      vertex -7.2222 -8 26.8359
    endloop
  endfacet
  facet normal 0 -1 0
    outer loop
      vertex -7.2222 -8 26.8359
      vertex 0 -8 15
      vertex -7.14773 -8 26.8893
    endloop
  endfacet
  facet normal 0 -1 0
    outer loop
      vertex -7.14773 -8 26.8893
      vertex 0 -8 15
      vertex -7.07692 -8 26.9474
    endloop
  endfacet
  facet normal 0 -1 0
    outer loop
      vertex -7.07692 -8 26.9474
      vertex 0 -8 15
      vertex -7.01005 -8 27.01
    endloop
  endfacet
  facet normal 0 -1 0
    outer loop
      vertex -7.01005 -8 27.01
      vertex 0 -8 15
      vertex -6.94742 -8 27.0769
    endloop
  endfacet
  facet normal 0 -1 0
    outer loop
      vertex -6.6477 -8 27.6377
      vertex 0 -8 15
      vertex 0 -8 34.8182
    endloop
  endfacet
  facet normal -0 0 1
    outer loop
      vertex 0 6.7 30
      vertex 2.7 -6.7 30
      vertex 2.7 6.7 30
    endloop
  endfacet
  facet normal 0 0 1
    outer loop
      vertex 2.7 -6.7 30
      vertex 0 6.7 30
      vertex 0 -6.7 30
    endloop
  endfacet
  facet normal 1 -0 0
    outer loop
      vertex 2.7 2.12504 20.5694
      vertex 2.7 6.7 15
      vertex 2.7 6.7 30
    endloop
  endfacet
  facet normal 1 0 0
    outer loop
      vertex 2.7 6.7 15
      vertex 2.7 2.19529 20.1439
      vertex 2.7 2.2 20
    endloop
  endfacet
  facet normal 1 0 0
    outer loop
      vertex 2.7 6.7 15
      vertex 2.7 2.18118 20.2872
      vertex 2.7 2.19529 20.1439
    endloop
  endfacet
  facet normal 1 0 0
    outer loop
      vertex 2.7 6.7 15
      vertex 2.7 2.15773 20.4292
      vertex 2.7 2.18118 20.2872
    endloop
  endfacet
  facet normal 1 0 0
    outer loop
      vertex 2.7 6.7 15
      vertex 2.7 2.12504 20.5694
      vertex 2.7 2.15773 20.4292
    endloop
  endfacet
  facet normal 1 0 0
    outer loop
      vertex 2.7 6.7 30
      vertex 2.7 2.08325 20.7072
      vertex 2.7 2.12504 20.5694
    endloop
  endfacet
  facet normal 1 0 0
    outer loop
      vertex 2.7 6.7 30
      vertex 2.7 2.03253 20.8419
      vertex 2.7 2.08325 20.7072
    endloop
  endfacet
  facet normal 1 0 0
    outer loop
      vertex 2.7 6.7 30
      vertex 2.7 1.97312 20.973
      vertex 2.7 2.03253 20.8419
    endloop
  endfacet
  facet normal 1 0 0
    outer loop
      vertex 2.7 6.7 30
      vertex 2.7 1.90526 21.1
      vertex 2.7 1.97312 20.973
    endloop
  endfacet
  facet normal 1 0 0
    outer loop
      vertex 2.7 6.7 30
      vertex 2.7 1.82923 21.2223
      vertex 2.7 1.90526 21.1
    endloop
  endfacet
  facet normal 1 0 0
    outer loop
      vertex 2.7 6.7 30
      vertex 2.7 1.74538 21.3393
      vertex 2.7 1.82923 21.2223
    endloop
  endfacet
  facet normal 1 0 0
    outer loop
      vertex 2.7 6.7 30
      vertex 2.7 1.65405 21.4506
      vertex 2.7 1.74538 21.3393
    endloop
  endfacet
  facet normal 1 0 0
    outer loop
      vertex 2.7 6.7 30
      vertex 2.7 1.55563 21.5556
      vertex 2.7 1.65405 21.4506
    endloop
  endfacet
  facet normal 1 0 0
    outer loop
      vertex 2.7 6.7 30
      vertex 2.7 1.45056 21.654
      vertex 2.7 1.55563 21.5556
    endloop
  endfacet
  facet normal 1 0 0
    outer loop
      vertex 2.7 6.7 30
      vertex 2.7 1.33927 21.7454
      vertex 2.7 1.45056 21.654
    endloop
  endfacet
  facet normal 1 0 0
    outer loop
      vertex 2.7 6.7 30
      vertex 2.7 1.22225 21.8292
      vertex 2.7 1.33927 21.7454
    endloop
  endfacet
  facet normal 1 0 0
    outer loop
      vertex 2.7 6.7 30
      vertex 2.7 1.1 21.9053
      vertex 2.7 1.22225 21.8292
    endloop
  endfacet
  facet normal 1 0 0
    outer loop
      vertex 2.7 6.7 30
      vertex 2.7 0.973035 21.9731
      vertex 2.7 1.1 21.9053
    endloop
  endfacet
  facet normal 1 0 0
    outer loop
      vertex 2.7 6.7 30
      vertex 2.7 0.841903 22.0325
      vertex 2.7 0.973035 21.9731
    endloop
  endfacet
  facet normal 1 0 0
    outer loop
      vertex 2.7 6.7 30
      vertex 2.7 0.707167 22.0832
      vertex 2.7 0.841903 22.0325
    endloop
  endfacet
  facet normal 1 0 0
    outer loop
      vertex 2.7 6.7 30
      vertex 2.7 0.569402 22.125
      vertex 2.7 0.707167 22.0832
    endloop
  endfacet
  facet normal 1 0 0
    outer loop
      vertex 2.7 6.7 30
      vertex 2.7 0.429198 22.1577
      vertex 2.7 0.569402 22.125
    endloop
  endfacet
  facet normal 1 0 0
    outer loop
      vertex 2.7 6.7 30
      vertex 2.7 0.287157 22.1812
      vertex 2.7 0.429198 22.1577
    endloop
  endfacet
  facet normal 1 0 0
    outer loop
      vertex 2.7 6.7 30
      vertex 2.7 0.143887 22.1953
      vertex 2.7 0.287157 22.1812
    endloop
  endfacet
  facet normal 1 0 0
    outer loop
      vertex 2.7 6.7 30
      vertex 2.7 0 22.2
      vertex 2.7 0.143887 22.1953
    endloop
  endfacet
  facet normal 1 -0 0
    outer loop
      vertex 2.7 -6.7 30
      vertex 2.7 0 22.2
      vertex 2.7 6.7 30
    endloop
  endfacet
  facet normal 1 0 0
    outer loop
      vertex 2.7 0 22.2
      vertex 2.7 -6.7 30
      vertex 2.7 -0.143887 22.1953
    endloop
  endfacet
  facet normal 1 0 0
    outer loop
      vertex 2.7 -0.143887 22.1953
      vertex 2.7 -6.7 30
      vertex 2.7 -0.287157 22.1812
    endloop
  endfacet
  facet normal 1 0 0
    outer loop
      vertex 2.7 -0.287157 22.1812
      vertex 2.7 -6.7 30
      vertex 2.7 -0.429198 22.1577
    endloop
  endfacet
  facet normal 1 0 0
    outer loop
      vertex 2.7 -0.429198 22.1577
      vertex 2.7 -6.7 30
      vertex 2.7 -0.569402 22.125
    endloop
  endfacet
  facet normal 1 0 0
    outer loop
      vertex 2.7 -0.569402 22.125
      vertex 2.7 -6.7 30
      vertex 2.7 -0.707167 22.0832
    endloop
  endfacet
  facet normal 1 0 0
    outer loop
      vertex 2.7 -0.707167 22.0832
      vertex 2.7 -6.7 30
      vertex 2.7 -0.841903 22.0325
    endloop
  endfacet
  facet normal 1 0 0
    outer loop
      vertex 2.7 -0.841903 22.0325
      vertex 2.7 -6.7 30
      vertex 2.7 -0.973035 21.9731
    endloop
  endfacet
  facet normal 1 0 0
    outer loop
      vertex 2.7 -0.973035 21.9731
      vertex 2.7 -6.7 30
      vertex 2.7 -1.1 21.9053
    endloop
  endfacet
  facet normal 1 0 0
    outer loop
      vertex 2.7 -1.1 21.9053
      vertex 2.7 -6.7 30
      vertex 2.7 -1.22225 21.8292
    endloop
  endfacet
  facet normal 1 0 0
    outer loop
      vertex 2.7 -1.22225 21.8292
      vertex 2.7 -6.7 30
      vertex 2.7 -1.33927 21.7454
    endloop
  endfacet
  facet normal 1 0 0
    outer loop
      vertex 2.7 -1.33927 21.7454
      vertex 2.7 -6.7 30
      vertex 2.7 -1.45056 21.654
    endloop
  endfacet
  facet normal 1 0 0
    outer loop
      vertex 2.7 -2.18118 20.2872
      vertex 2.7 -6.7 15
      vertex 2.7 -2.19529 20.1439
    endloop
  endfacet
  facet normal 1 0 0
    outer loop
      vertex 2.7 -2.15773 20.4292
      vertex 2.7 -6.7 15
      vertex 2.7 -2.18118 20.2872
    endloop
  endfacet
  facet normal 1 0 0
    outer loop
      vertex 2.7 -2.12504 20.5694
      vertex 2.7 -6.7 15
      vertex 2.7 -2.15773 20.4292
    endloop
  endfacet
  facet normal 1 0 0
    outer loop
      vertex 2.7 -6.7 15
      vertex 2.7 -2.12504 20.5694
      vertex 2.7 -6.7 30
    endloop
  endfacet
  facet normal 1 0 0
    outer loop
      vertex 2.7 -2.08325 20.7072
      vertex 2.7 -6.7 30
      vertex 2.7 -2.12504 20.5694
    endloop
  endfacet
  facet normal 1 0 0
    outer loop
      vertex 2.7 -2.03253 20.8419
      vertex 2.7 -6.7 30
      vertex 2.7 -2.08325 20.7072
    endloop
  endfacet
  facet normal 1 0 0
    outer loop
      vertex 2.7 -1.97312 20.973
      vertex 2.7 -6.7 30
      vertex 2.7 -2.03253 20.8419
    endloop
  endfacet
  facet normal 1 0 0
    outer loop
      vertex 2.7 -1.90526 21.1
      vertex 2.7 -6.7 30
      vertex 2.7 -1.97312 20.973
    endloop
  endfacet
  facet normal 1 0 0
    outer loop
      vertex 2.7 -1.82923 21.2223
      vertex 2.7 -6.7 30
      vertex 2.7 -1.90526 21.1
    endloop
  endfacet
  facet normal 1 0 0
    outer loop
      vertex 2.7 -1.74538 21.3393
      vertex 2.7 -6.7 30
      vertex 2.7 -1.82923 21.2223
    endloop
  endfacet
  facet normal 1 0 0
    outer loop
      vertex 2.7 -1.65405 21.4506
      vertex 2.7 -6.7 30
      vertex 2.7 -1.74538 21.3393
    endloop
  endfacet
  facet normal 1 0 0
    outer loop
      vertex 2.7 -1.55563 21.5556
      vertex 2.7 -6.7 30
      vertex 2.7 -1.65405 21.4506
    endloop
  endfacet
  facet normal 1 0 0
    outer loop
      vertex 2.7 -1.45056 21.654
      vertex 2.7 -6.7 30
      vertex 2.7 -1.55563 21.5556
    endloop
  endfacet
  facet normal 1 -0 0
    outer loop
      vertex 2.7 2.19529 19.8561
      vertex 2.7 6.7 15
      vertex 2.7 2.2 20
    endloop
  endfacet
  facet normal 1 -0 0
    outer loop
      vertex 2.7 2.18118 19.7128
      vertex 2.7 6.7 15
      vertex 2.7 2.19529 19.8561
    endloop
  endfacet
  facet normal 1 -0 0
    outer loop
      vertex 2.7 2.15773 19.5708
      vertex 2.7 6.7 15
      vertex 2.7 2.18118 19.7128
    endloop
  endfacet
  facet normal 1 -0 0
    outer loop
      vertex 2.7 2.12504 19.4306
      vertex 2.7 6.7 15
      vertex 2.7 2.15773 19.5708
    endloop
  endfacet
  facet normal 1 -0 0
    outer loop
      vertex 2.7 2.08325 19.2928
      vertex 2.7 6.7 15
      vertex 2.7 2.12504 19.4306
    endloop
  endfacet
  facet normal 1 -0 0
    outer loop
      vertex 2.7 2.03253 19.1581
      vertex 2.7 6.7 15
      vertex 2.7 2.08325 19.2928
    endloop
  endfacet
  facet normal 1 -0 0
    outer loop
      vertex 2.7 1.97312 19.027
      vertex 2.7 6.7 15
      vertex 2.7 2.03253 19.1581
    endloop
  endfacet
  facet normal 1 -0 0
    outer loop
      vertex 2.7 1.90526 18.9
      vertex 2.7 6.7 15
      vertex 2.7 1.97312 19.027
    endloop
  endfacet
  facet normal 1 -0 0
    outer loop
      vertex 2.7 1.82923 18.7777
      vertex 2.7 6.7 15
      vertex 2.7 1.90526 18.9
    endloop
  endfacet
  facet normal 1 -0 0
    outer loop
      vertex 2.7 1.74538 18.6607
      vertex 2.7 6.7 15
      vertex 2.7 1.82923 18.7777
    endloop
  endfacet
  facet normal 1 -0 0
    outer loop
      vertex 2.7 1.65405 18.5494
      vertex 2.7 6.7 15
      vertex 2.7 1.74538 18.6607
    endloop
  endfacet
  facet normal 1 -0 0
    outer loop
      vertex 2.7 1.55563 18.4444
      vertex 2.7 6.7 15
      vertex 2.7 1.65405 18.5494
    endloop
  endfacet
  facet normal 1 -0 0
    outer loop
      vertex 2.7 1.45056 18.346
      vertex 2.7 6.7 15
      vertex 2.7 1.55563 18.4444
    endloop
  endfacet
  facet normal 1 -0 0
    outer loop
      vertex 2.7 1.33927 18.2546
      vertex 2.7 6.7 15
      vertex 2.7 1.45056 18.346
    endloop
  endfacet
  facet normal 1 -0 0
    outer loop
      vertex 2.7 1.22225 18.1708
      vertex 2.7 6.7 15
      vertex 2.7 1.33927 18.2546
    endloop
  endfacet
  facet normal 1 -0 0
    outer loop
      vertex 2.7 1.1 18.0947
      vertex 2.7 6.7 15
      vertex 2.7 1.22225 18.1708
    endloop
  endfacet
  facet normal 1 -0 0
    outer loop
      vertex 2.7 0.973035 18.0269
      vertex 2.7 6.7 15
      vertex 2.7 1.1 18.0947
    endloop
  endfacet
  facet normal 1 -0 0
    outer loop
      vertex 2.7 0.841903 17.9675
      vertex 2.7 6.7 15
      vertex 2.7 0.973035 18.0269
    endloop
  endfacet
  facet normal 1 -0 0
    outer loop
      vertex 2.7 0.707167 17.9168
      vertex 2.7 6.7 15
      vertex 2.7 0.841903 17.9675
    endloop
  endfacet
  facet normal 1 -0 0
    outer loop
      vertex 2.7 0.569402 17.875
      vertex 2.7 6.7 15
      vertex 2.7 0.707167 17.9168
    endloop
  endfacet
  facet normal 1 -0 0
    outer loop
      vertex 2.7 0.429198 17.8423
      vertex 2.7 6.7 15
      vertex 2.7 0.569402 17.875
    endloop
  endfacet
  facet normal 1 -0 0
    outer loop
      vertex 2.7 0.287157 17.8188
      vertex 2.7 6.7 15
      vertex 2.7 0.429198 17.8423
    endloop
  endfacet
  facet normal 1 -0 0
    outer loop
      vertex 2.7 0.143887 17.8047
      vertex 2.7 6.7 15
      vertex 2.7 0.287157 17.8188
    endloop
  endfacet
  facet normal 1 -0 0
    outer loop
      vertex 2.7 0 17.8
      vertex 2.7 6.7 15
      vertex 2.7 0.143887 17.8047
    endloop
  endfacet
  facet normal 1 0 0
    outer loop
      vertex 2.7 -6.7 15
      vertex 2.7 0 17.8
      vertex 2.7 -0.143887 17.8047
    endloop
  endfacet
  facet normal 1 0 0
    outer loop
      vertex 2.7 -6.7 15
      vertex 2.7 -0.143887 17.8047
      vertex 2.7 -0.287157 17.8188
    endloop
  endfacet
  facet normal 1 0 0
    outer loop
      vertex 2.7 -6.7 15
      vertex 2.7 -0.287157 17.8188
      vertex 2.7 -0.429198 17.8423
    endloop
  endfacet
  facet normal 1 0 0
    outer loop
      vertex 2.7 -6.7 15
      vertex 2.7 -0.429198 17.8423
      vertex 2.7 -0.569402 17.875
    endloop
  endfacet
  facet normal 1 0 0
    outer loop
      vertex 2.7 -6.7 15
      vertex 2.7 -0.569402 17.875
      vertex 2.7 -0.707167 17.9168
    endloop
  endfacet
  facet normal 1 0 0
    outer loop
      vertex 2.7 -6.7 15
      vertex 2.7 -0.707167 17.9168
      vertex 2.7 -0.841903 17.9675
    endloop
  endfacet
  facet normal 1 0 0
    outer loop
      vertex 2.7 -2.19529 20.1439
      vertex 2.7 -6.7 15
      vertex 2.7 -2.2 20
    endloop
  endfacet
  facet normal 1 0 0
    outer loop
      vertex 2.7 -2.2 20
      vertex 2.7 -6.7 15
      vertex 2.7 -2.19529 19.8561
    endloop
  endfacet
  facet normal 1 0 0
    outer loop
      vertex 2.7 -2.19529 19.8561
      vertex 2.7 -6.7 15
      vertex 2.7 -2.18118 19.7128
    endloop
  endfacet
  facet normal 1 0 0
    outer loop
      vertex 2.7 -2.18118 19.7128
      vertex 2.7 -6.7 15
      vertex 2.7 -2.15773 19.5708
    endloop
  endfacet
  facet normal 1 0 0
    outer loop
      vertex 2.7 -2.15773 19.5708
      vertex 2.7 -6.7 15
      vertex 2.7 -2.12504 19.4306
    endloop
  endfacet
  facet normal 1 0 0
    outer loop
      vertex 2.7 -2.12504 19.4306
      vertex 2.7 -6.7 15
      vertex 2.7 -2.08325 19.2928
    endloop
  endfacet
  facet normal 1 0 0
    outer loop
      vertex 2.7 0 17.8
      vertex 2.7 -6.7 15
      vertex 2.7 6.7 15
    endloop
  endfacet
  facet normal 1 0 0
    outer loop
      vertex 2.7 -0.973035 18.0269
      vertex 2.7 -6.7 15
      vertex 2.7 -0.841903 17.9675
    endloop
  endfacet
  facet normal 1 0 0
    outer loop
      vertex 2.7 -1.1 18.0947
      vertex 2.7 -6.7 15
      vertex 2.7 -0.973035 18.0269
    endloop
  endfacet
  facet normal 1 0 0
    outer loop
      vertex 2.7 -1.22225 18.1708
      vertex 2.7 -6.7 15
      vertex 2.7 -1.1 18.0947
    endloop
  endfacet
  facet normal 1 0 0
    outer loop
      vertex 2.7 -1.33927 18.2546
      vertex 2.7 -6.7 15
      vertex 2.7 -1.22225 18.1708
    endloop
  endfacet
  facet normal 1 0 0
    outer loop
      vertex 2.7 -1.45056 18.346
      vertex 2.7 -6.7 15
      vertex 2.7 -1.33927 18.2546
    endloop
  endfacet
  facet normal 1 0 0
    outer loop
      vertex 2.7 -1.55563 18.4444
      vertex 2.7 -6.7 15
      vertex 2.7 -1.45056 18.346
    endloop
  endfacet
  facet normal 1 0 0
    outer loop
      vertex 2.7 -1.65405 18.5494
      vertex 2.7 -6.7 15
      vertex 2.7 -1.55563 18.4444
    endloop
  endfacet
  facet normal 1 0 0
    outer loop
      vertex 2.7 -1.74538 18.6607
      vertex 2.7 -6.7 15
      vertex 2.7 -1.65405 18.5494
    endloop
  endfacet
  facet normal 1 0 0
    outer loop
      vertex 2.7 -1.82923 18.7777
      vertex 2.7 -6.7 15
      vertex 2.7 -1.74538 18.6607
    endloop
  endfacet
  facet normal 1 0 0
    outer loop
      vertex 2.7 -1.90526 18.9
      vertex 2.7 -6.7 15
      vertex 2.7 -1.82923 18.7777
    endloop
  endfacet
  facet normal 1 0 0
    outer loop
      vertex 2.7 -1.97312 19.027
      vertex 2.7 -6.7 15
      vertex 2.7 -1.90526 18.9
    endloop
  endfacet
  facet normal 1 0 0
    outer loop
      vertex 2.7 -2.03253 19.1581
      vertex 2.7 -6.7 15
      vertex 2.7 -1.97312 19.027
    endloop
  endfacet
  facet normal 1 0 0
    outer loop
      vertex 2.7 -2.08325 19.2928
      vertex 2.7 -6.7 15
      vertex 2.7 -2.03253 19.1581
    endloop
  endfacet
  facet normal 0 1 -0
    outer loop
      vertex 2.7 6.7 15
      vertex 0 6.7 30
      vertex 2.7 6.7 30
    endloop
  endfacet
  facet normal 0 1 0
    outer loop
      vertex 0 6.7 30
      vertex 2.7 6.7 15
      vertex 0 6.7 15
    endloop
  endfacet
  facet normal 0 -1 0
    outer loop
      vertex 0 -6.7 15
      vertex 2.7 -6.7 30
      vertex 0 -6.7 30
    endloop
  endfacet
  facet normal 0 -1 -0
    outer loop
      vertex 2.7 -6.7 30
      vertex 0 -6.7 15
      vertex 2.7 -6.7 15
    endloop
  endfacet
  facet normal -0.88196 0 0.471325
    outer loop
      vertex -6.78756 -8 27.3
      vertex -6.74438 -3 27.3808
      vertex -6.78756 -3 27.3
    endloop
  endfacet
  facet normal -0.88196 0 0.471325
    outer loop
      vertex -6.74438 -3 27.3808
      vertex -6.78756 -8 27.3
      vertex -6.74438 -8 27.3808
    endloop
  endfacet
  facet normal -0.352534 0 0.935799
    outer loop
      vertex -7.54998 -3 26.6743
      vertex -7.46424 -8 26.7066
      vertex -7.46424 -3 26.7066
    endloop
  endfacet
  facet normal -0.352534 0 0.935799
    outer loop
      vertex -7.46424 -8 26.7066
      vertex -7.54998 -3 26.6743
      vertex -7.54998 -8 26.6743
    endloop
  endfacet
  facet normal 0.352534 0 0.935799
    outer loop
      vertex -8.53576 -3 26.7066
      vertex -8.45002 -8 26.6743
      vertex -8.45002 -3 26.6743
    endloop
  endfacet
  facet normal 0.352534 0 0.935799
    outer loop
      vertex -8.45002 -8 26.6743
      vertex -8.53576 -3 26.7066
      vertex -8.53576 -8 26.7066
    endloop
  endfacet
  facet normal 0.910774 -0 0.412906
    outer loop
      vertex -9.29343 -8 27.4642
      vertex -9.25562 -3 27.3808
      vertex -9.29343 -3 27.4642
    endloop
  endfacet
  facet normal 0.910774 0 0.412906
    outer loop
      vertex -9.25562 -3 27.3808
      vertex -9.29343 -8 27.4642
      vertex -9.25562 -8 27.3808
    endloop
  endfacet
  facet normal -0.0982392 0 0.995163
    outer loop
      vertex -7.90843 -3 26.603
      vertex -7.81726 -8 26.612
      vertex -7.81726 -3 26.612
    endloop
  endfacet
  facet normal -0.0982392 0 0.995163
    outer loop
      vertex -7.81726 -8 26.612
      vertex -7.90843 -3 26.603
      vertex -7.90843 -8 26.603
    endloop
  endfacet
  facet normal -0.527444 0 0.84959
    outer loop
      vertex -7.3 -3 26.7876
      vertex -7.2222 -8 26.8359
      vertex -7.2222 -3 26.8359
    endloop
  endfacet
  facet normal -0.527444 0 0.84959
    outer loop
      vertex -7.2222 -8 26.8359
      vertex -7.3 -3 26.7876
      vertex -7.3 -8 26.7876
    endloop
  endfacet
  facet normal 0.73002 -0 0.683426
    outer loop
      vertex -9.05258 -8 27.0769
      vertex -8.98995 -3 27.01
      vertex -9.05258 -3 27.0769
    endloop
  endfacet
  facet normal 0.73002 0 0.683426
    outer loop
      vertex -8.98995 -3 27.01
      vertex -9.05258 -8 27.0769
      vertex -8.98995 -8 27.01
    endloop
  endfacet
  facet normal 0.162646 0 0.986684
    outer loop
      vertex -8.27313 -3 26.6269
      vertex -8.18274 -8 26.612
      vertex -8.18274 -3 26.612
    endloop
  endfacet
  facet normal 0.162646 0 0.986684
    outer loop
      vertex -8.18274 -8 26.612
      vertex -8.27313 -3 26.6269
      vertex -8.27313 -8 26.6269
    endloop
  endfacet
  facet normal -0.956951 0 0.29025
    outer loop
      vertex -6.6743 -8 27.55
      vertex -6.6477 -3 27.6377
      vertex -6.6743 -3 27.55
    endloop
  endfacet
  facet normal -0.956951 0 0.29025
    outer loop
      vertex -6.6477 -3 27.6377
      vertex -6.6743 -8 27.55
      vertex -6.6477 -8 27.6377
    endloop
  endfacet
  facet normal -0.812929 0 0.582363
    outer loop
      vertex -6.88931 -8 27.1477
      vertex -6.83594 -3 27.2222
      vertex -6.88931 -3 27.1477
    endloop
  endfacet
  facet normal -0.812929 0 0.582363
    outer loop
      vertex -6.83594 -3 27.2222
      vertex -6.88931 -8 27.1477
      vertex -6.83594 -8 27.2222
    endloop
  endfacet
  facet normal -0.683414 0 0.730031
    outer loop
      vertex -7.07692 -3 26.9474
      vertex -7.01005 -8 27.01
      vertex -7.01005 -3 27.01
    endloop
  endfacet
  facet normal -0.683414 0 0.730031
    outer loop
      vertex -7.01005 -8 27.01
      vertex -7.07692 -3 26.9474
      vertex -7.07692 -8 26.9474
    endloop
  endfacet
  facet normal 0.0327478 0 0.999464
    outer loop
      vertex -8.09156 -3 26.603
      vertex -8 -8 26.6
      vertex -8 -3 26.6
    endloop
  endfacet
  facet normal 0.0327478 0 0.999464
    outer loop
      vertex -8 -8 26.6
      vertex -8.09156 -3 26.603
      vertex -8.09156 -8 26.603
    endloop
  endfacet
  facet normal -0.162646 0 0.986684
    outer loop
      vertex -7.81726 -3 26.612
      vertex -7.72687 -8 26.6269
      vertex -7.72687 -3 26.6269
    endloop
  endfacet
  facet normal -0.162646 0 0.986684
    outer loop
      vertex -7.72687 -8 26.6269
      vertex -7.81726 -3 26.612
      vertex -7.81726 -8 26.612
    endloop
  endfacet
  facet normal -0.634313 0 0.773076
    outer loop
      vertex -7.14773 -3 26.8893
      vertex -7.07692 -8 26.9474
      vertex -7.07692 -3 26.9474
    endloop
  endfacet
  facet normal -0.634313 0 0.773076
    outer loop
      vertex -7.07692 -8 26.9474
      vertex -7.14773 -3 26.8893
      vertex -7.14773 -8 26.8893
    endloop
  endfacet
  facet normal 0.999464 -0 0.0327335
    outer loop
      vertex -9.4 -8 28
      vertex -9.397 -3 27.9084
      vertex -9.4 -3 28
    endloop
  endfacet
  facet normal 0.999464 0 0.0327335
    outer loop
      vertex -9.397 -3 27.9084
      vertex -9.4 -8 28
      vertex -9.397 -8 27.9084
    endloop
  endfacet
  facet normal 0.973873 -0 0.227092
    outer loop
      vertex -9.3731 -8 27.7269
      vertex -9.3523 -3 27.6377
      vertex -9.3731 -3 27.7269
    endloop
  endfacet
  facet normal 0.973873 0 0.227092
    outer loop
      vertex -9.3523 -3 27.6377
      vertex -9.3731 -8 27.7269
      vertex -9.3523 -8 27.6377
    endloop
  endfacet
  facet normal 0.849247 -0 0.527996
    outer loop
      vertex -9.21243 -8 27.3
      vertex -9.16406 -3 27.2222
      vertex -9.21243 -3 27.3
    endloop
  endfacet
  facet normal 0.849247 0 0.527996
    outer loop
      vertex -9.16406 -3 27.2222
      vertex -9.21243 -8 27.3
      vertex -9.16406 -8 27.2222
    endloop
  endfacet
  facet normal 0.812929 -0 0.582363
    outer loop
      vertex -9.16406 -8 27.2222
      vertex -9.11069 -3 27.1477
      vertex -9.16406 -3 27.2222
    endloop
  endfacet
  facet normal 0.812929 0 0.582363
    outer loop
      vertex -9.11069 -3 27.1477
      vertex -9.16406 -8 27.2222
      vertex -9.11069 -8 27.1477
    endloop
  endfacet
  facet normal 0.227043 0 0.973885
    outer loop
      vertex -8.36235 -3 26.6477
      vertex -8.27313 -8 26.6269
      vertex -8.27313 -3 26.6269
    endloop
  endfacet
  facet normal 0.227043 0 0.973885
    outer loop
      vertex -8.27313 -8 26.6269
      vertex -8.36235 -3 26.6477
      vertex -8.36235 -8 26.6477
    endloop
  endfacet
  facet normal 0.0982285 0 0.995164
    outer loop
      vertex -8.18274 -3 26.612
      vertex -8.09156 -8 26.603
      vertex -8.09156 -3 26.603
    endloop
  endfacet
  facet normal 0.0982285 0 0.995164
    outer loop
      vertex -8.09156 -8 26.603
      vertex -8.18274 -3 26.612
      vertex -8.18274 -8 26.612
    endloop
  endfacet
  facet normal 0.527444 0 0.84959
    outer loop
      vertex -8.7778 -3 26.8359
      vertex -8.7 -8 26.7876
      vertex -8.7 -3 26.7876
    endloop
  endfacet
  facet normal 0.527444 0 0.84959
    outer loop
      vertex -8.7 -8 26.7876
      vertex -8.7778 -3 26.8359
      vertex -8.7778 -8 26.8359
    endloop
  endfacet
  facet normal 0.582734 0 0.812663
    outer loop
      vertex -8.85227 -3 26.8893
      vertex -8.7778 -8 26.8359
      vertex -8.7778 -3 26.8359
    endloop
  endfacet
  facet normal 0.582734 0 0.812663
    outer loop
      vertex -8.7778 -8 26.8359
      vertex -8.85227 -3 26.8893
      vertex -8.85227 -8 26.8893
    endloop
  endfacet
  facet normal 0.471494 0 0.881869
    outer loop
      vertex -8.7 -3 26.7876
      vertex -8.6192 -8 26.7444
      vertex -8.6192 -3 26.7444
    endloop
  endfacet
  facet normal 0.471494 0 0.881869
    outer loop
      vertex -8.6192 -8 26.7444
      vertex -8.7 -3 26.7876
      vertex -8.7 -8 26.7876
    endloop
  endfacet
  facet normal -0.999464 0 0.0327335
    outer loop
      vertex -6.603 -8 27.9084
      vertex -6.6 -3 28
      vertex -6.603 -3 27.9084
    endloop
  endfacet
  facet normal -0.999464 0 0.0327335
    outer loop
      vertex -6.6 -3 28
      vertex -6.603 -8 27.9084
      vertex -6.6 -8 28
    endloop
  endfacet
  facet normal -0.995177 0 0.0980976
    outer loop
      vertex -6.61198 -8 27.8173
      vertex -6.603 -3 27.9084
      vertex -6.61198 -3 27.8173
    endloop
  endfacet
  facet normal -0.995177 0 0.0980976
    outer loop
      vertex -6.603 -3 27.9084
      vertex -6.61198 -8 27.8173
      vertex -6.603 -8 27.9084
    endloop
  endfacet
  facet normal -0.910774 0 0.412906
    outer loop
      vertex -6.74438 -8 27.3808
      vertex -6.70657 -3 27.4642
      vertex -6.74438 -3 27.3808
    endloop
  endfacet
  facet normal -0.910774 0 0.412906
    outer loop
      vertex -6.70657 -3 27.4642
      vertex -6.74438 -8 27.3808
      vertex -6.70657 -8 27.4642
    endloop
  endfacet
  facet normal -0.986652 0 0.162841
    outer loop
      vertex -6.6269 -8 27.7269
      vertex -6.61198 -3 27.8173
      vertex -6.6269 -3 27.7269
    endloop
  endfacet
  facet normal -0.986652 0 0.162841
    outer loop
      vertex -6.61198 -3 27.8173
      vertex -6.6269 -8 27.7269
      vertex -6.61198 -8 27.8173
    endloop
  endfacet
  facet normal -0.973873 0 0.227092
    outer loop
      vertex -6.6477 -8 27.6377
      vertex -6.6269 -3 27.7269
      vertex -6.6477 -3 27.6377
    endloop
  endfacet
  facet normal -0.973873 0 0.227092
    outer loop
      vertex -6.6269 -3 27.7269
      vertex -6.6477 -8 27.6377
      vertex -6.6269 -8 27.7269
    endloop
  endfacet
  facet normal -0.849198 0 0.528075
    outer loop
      vertex -6.83594 -8 27.2222
      vertex -6.78756 -3 27.3
      vertex -6.83594 -3 27.2222
    endloop
  endfacet
  facet normal -0.849198 0 0.528075
    outer loop
      vertex -6.78756 -3 27.3
      vertex -6.83594 -8 27.2222
      vertex -6.78756 -8 27.3
    endloop
  endfacet
  facet normal -0.772979 0 0.634432
    outer loop
      vertex -6.94742 -8 27.0769
      vertex -6.88931 -3 27.1477
      vertex -6.94742 -3 27.0769
    endloop
  endfacet
  facet normal -0.772979 0 0.634432
    outer loop
      vertex -6.88931 -3 27.1477
      vertex -6.94742 -8 27.0769
      vertex -6.88931 -8 27.1477
    endloop
  endfacet
  facet normal -0.73002 0 0.683426
    outer loop
      vertex -7.01005 -8 27.01
      vertex -6.94742 -3 27.0769
      vertex -7.01005 -3 27.01
    endloop
  endfacet
  facet normal -0.73002 0 0.683426
    outer loop
      vertex -6.94742 -3 27.0769
      vertex -7.01005 -8 27.01
      vertex -6.94742 -8 27.0769
    endloop
  endfacet
  facet normal -0.227043 0 0.973885
    outer loop
      vertex -7.72687 -3 26.6269
      vertex -7.63765 -8 26.6477
      vertex -7.63765 -3 26.6477
    endloop
  endfacet
  facet normal -0.227043 0 0.973885
    outer loop
      vertex -7.63765 -8 26.6477
      vertex -7.72687 -3 26.6269
      vertex -7.72687 -8 26.6269
    endloop
  endfacet
  facet normal -0.290341 0 0.956923
    outer loop
      vertex -7.63765 -3 26.6477
      vertex -7.54998 -8 26.6743
      vertex -7.54998 -3 26.6743
    endloop
  endfacet
  facet normal -0.290341 0 0.956923
    outer loop
      vertex -7.54998 -8 26.6743
      vertex -7.63765 -3 26.6477
      vertex -7.63765 -8 26.6477
    endloop
  endfacet
  facet normal -0.0327443 0 0.999464
    outer loop
      vertex -8 -3 26.6
      vertex -7.90843 -8 26.603
      vertex -7.90843 -3 26.603
    endloop
  endfacet
  facet normal -0.0327443 0 0.999464
    outer loop
      vertex -7.90843 -8 26.603
      vertex -8 -3 26.6
      vertex -8 -8 26.6
    endloop
  endfacet
  facet normal -0.471494 0 0.881869
    outer loop
      vertex -7.3808 -3 26.7444
      vertex -7.3 -8 26.7876
      vertex -7.3 -3 26.7876
    endloop
  endfacet
  facet normal -0.471494 0 0.881869
    outer loop
      vertex -7.3 -8 26.7876
      vertex -7.3808 -3 26.7444
      vertex -7.3808 -8 26.7444
    endloop
  endfacet
  facet normal -0.412651 0 0.910889
    outer loop
      vertex -7.46424 -3 26.7066
      vertex -7.3808 -8 26.7444
      vertex -7.3808 -3 26.7444
    endloop
  endfacet
  facet normal -0.412651 0 0.910889
    outer loop
      vertex -7.3808 -8 26.7444
      vertex -7.46424 -3 26.7066
      vertex -7.46424 -8 26.7066
    endloop
  endfacet
  facet normal -0.582734 0 0.812663
    outer loop
      vertex -7.2222 -3 26.8359
      vertex -7.14773 -8 26.8893
      vertex -7.14773 -3 26.8893
    endloop
  endfacet
  facet normal -0.582734 0 0.812663
    outer loop
      vertex -7.14773 -8 26.8893
      vertex -7.2222 -3 26.8359
      vertex -7.2222 -8 26.8359
    endloop
  endfacet
  facet normal 0.956951 -0 0.29025
    outer loop
      vertex -9.3523 -8 27.6377
      vertex -9.3257 -3 27.55
      vertex -9.3523 -3 27.6377
    endloop
  endfacet
  facet normal 0.956951 0 0.29025
    outer loop
      vertex -9.3257 -3 27.55
      vertex -9.3523 -8 27.6377
      vertex -9.3257 -8 27.55
    endloop
  endfacet
  facet normal 0.935988 -0 0.352032
    outer loop
      vertex -9.3257 -8 27.55
      vertex -9.29343 -3 27.4642
      vertex -9.3257 -3 27.55
    endloop
  endfacet
  facet normal 0.935988 0 0.352032
    outer loop
      vertex -9.29343 -3 27.4642
      vertex -9.3257 -8 27.55
      vertex -9.29343 -8 27.4642
    endloop
  endfacet
  facet normal 0.986652 -0 0.162841
    outer loop
      vertex -9.38802 -8 27.8173
      vertex -9.3731 -3 27.7269
      vertex -9.38802 -3 27.8173
    endloop
  endfacet
  facet normal 0.986652 0 0.162841
    outer loop
      vertex -9.3731 -3 27.7269
      vertex -9.38802 -8 27.8173
      vertex -9.3731 -8 27.7269
    endloop
  endfacet
  facet normal 0.995177 -0 0.0980976
    outer loop
      vertex -9.397 -8 27.9084
      vertex -9.38802 -3 27.8173
      vertex -9.397 -3 27.9084
    endloop
  endfacet
  facet normal 0.995177 0 0.0980976
    outer loop
      vertex -9.38802 -3 27.8173
      vertex -9.397 -8 27.9084
      vertex -9.38802 -8 27.8173
    endloop
  endfacet
  facet normal 0.881914 -0 0.471409
    outer loop
      vertex -9.25562 -8 27.3808
      vertex -9.21243 -3 27.3
      vertex -9.25562 -3 27.3808
    endloop
  endfacet
  facet normal 0.881914 0 0.471409
    outer loop
      vertex -9.21243 -3 27.3
      vertex -9.25562 -8 27.3808
      vertex -9.21243 -8 27.3
    endloop
  endfacet
  facet normal 0.772979 -0 0.634432
    outer loop
      vertex -9.11069 -8 27.1477
      vertex -9.05258 -3 27.0769
      vertex -9.11069 -3 27.1477
    endloop
  endfacet
  facet normal 0.772979 0 0.634432
    outer loop
      vertex -9.05258 -3 27.0769
      vertex -9.11069 -8 27.1477
      vertex -9.05258 -8 27.0769
    endloop
  endfacet
  facet normal 0.290341 0 0.956923
    outer loop
      vertex -8.45002 -3 26.6743
      vertex -8.36235 -8 26.6477
      vertex -8.36235 -3 26.6477
    endloop
  endfacet
  facet normal 0.290341 0 0.956923
    outer loop
      vertex -8.36235 -8 26.6477
      vertex -8.45002 -3 26.6743
      vertex -8.45002 -8 26.6743
    endloop
  endfacet
  facet normal 0.412651 0 0.910889
    outer loop
      vertex -8.6192 -3 26.7444
      vertex -8.53576 -8 26.7066
      vertex -8.53576 -3 26.7066
    endloop
  endfacet
  facet normal 0.412651 0 0.910889
    outer loop
      vertex -8.53576 -8 26.7066
      vertex -8.6192 -3 26.7444
      vertex -8.6192 -8 26.7444
    endloop
  endfacet
  facet normal 0.634313 0 0.773076
    outer loop
      vertex -8.92308 -3 26.9474
      vertex -8.85227 -8 26.8893
      vertex -8.85227 -3 26.8893
    endloop
  endfacet
  facet normal 0.634313 0 0.773076
    outer loop
      vertex -8.85227 -8 26.8893
      vertex -8.92308 -3 26.9474
      vertex -8.92308 -8 26.9474
    endloop
  endfacet
  facet normal 0.683414 0 0.730031
    outer loop
      vertex -8.98995 -3 27.01
      vertex -8.92308 -8 26.9474
      vertex -8.92308 -3 26.9474
    endloop
  endfacet
  facet normal 0.683414 0 0.730031
    outer loop
      vertex -8.92308 -8 26.9474
      vertex -8.98995 -3 27.01
      vertex -8.98995 -8 27.01
    endloop
  endfacet
  facet normal -0.935988 0 0.352032
    outer loop
      vertex -6.70657 -8 27.4642
      vertex -6.6743 -3 27.55
      vertex -6.70657 -3 27.4642
    endloop
  endfacet
  facet normal -0.935988 0 0.352032
    outer loop
      vertex -6.6743 -3 27.55
      vertex -6.70657 -8 27.4642
      vertex -6.6743 -8 27.55
    endloop
  endfacet
  facet normal -0.973869 0 0.227109
    outer loop
      vertex -4.90904 -3 27.1718
      vertex -4.86149 8 27.3757
      vertex -4.90904 8 27.1718
    endloop
  endfacet
  facet normal -0.973869 0 0.227109
    outer loop
      vertex -4.86149 8 27.3757
      vertex -4.90904 -3 27.1718
      vertex -4.86149 -3 27.3757
    endloop
  endfacet
  facet normal -0.999465 0 0.0327106
    outer loop
      vertex -4.80685 -3 27.7907
      vertex -4.8 8 28
      vertex -4.80685 8 27.7907
    endloop
  endfacet
  facet normal -0.999465 0 0.0327106
    outer loop
      vertex -4.8 8 28
      vertex -4.80685 -3 27.7907
      vertex -4.8 -3 28
    endloop
  endfacet
  facet normal -0.683743 0 0.729723
    outer loop
      vertex -5.89009 8 25.5941
      vertex -5.73726 -3 25.7373
      vertex -5.73726 8 25.7373
    endloop
  endfacet
  facet normal -0.683743 0 0.729723
    outer loop
      vertex -5.73726 -3 25.7373
      vertex -5.89009 8 25.5941
      vertex -5.89009 -3 25.5941
    endloop
  endfacet
  facet normal -0.956954 0 0.290238
    outer loop
      vertex -4.96982 -3 26.9714
      vertex -4.90904 8 27.1718
      vertex -4.96982 8 26.9714
    endloop
  endfacet
  facet normal -0.956954 0 0.290238
    outer loop
      vertex -4.90904 8 27.1718
      vertex -4.96982 -3 26.9714
      vertex -4.90904 -3 27.1718
    endloop
  endfacet
  facet normal -0.0979007 0 0.995196
    outer loop
      vertex -7.79071 8 24.8069
      vertex -7.58232 -3 24.8274
      vertex -7.58232 8 24.8274
    endloop
  endfacet
  facet normal -0.0979007 0 0.995196
    outer loop
      vertex -7.58232 -3 24.8274
      vertex -7.79071 8 24.8069
      vertex -7.79071 -3 24.8069
    endloop
  endfacet
  facet normal -0.471347 0 0.881948
    outer loop
      vertex -6.58468 8 25.13
      vertex -6.4 -3 25.2287
      vertex -6.4 8 25.2287
    endloop
  endfacet
  facet normal -0.471347 0 0.881948
    outer loop
      vertex -6.4 -3 25.2287
      vertex -6.58468 8 25.13
      vertex -6.58468 -3 25.13
    endloop
  endfacet
  facet normal 0.849123 -0 0.528195
    outer loop
      vertex -10.7713 -3 26.4
      vertex -10.6607 8 26.2222
      vertex -10.7713 8 26.4
    endloop
  endfacet
  facet normal 0.849123 0 0.528195
    outer loop
      vertex -10.6607 8 26.2222
      vertex -10.7713 -3 26.4
      vertex -10.6607 -3 26.2222
    endloop
  endfacet
  facet normal 0.812764 -0 0.582593
    outer loop
      vertex -10.6607 -3 26.2222
      vertex -10.5387 8 26.052
      vertex -10.6607 8 26.2222
    endloop
  endfacet
  facet normal 0.812764 0 0.582593
    outer loop
      vertex -10.5387 8 26.052
      vertex -10.6607 -3 26.2222
      vertex -10.5387 -3 26.052
    endloop
  endfacet
  facet normal 0.995197 -0 0.097896
    outer loop
      vertex -11.1931 -3 27.7907
      vertex -11.1726 8 27.5823
      vertex -11.1931 8 27.7907
    endloop
  endfacet
  facet normal 0.995197 0 0.097896
    outer loop
      vertex -11.1726 8 27.5823
      vertex -11.1931 -3 27.7907
      vertex -11.1726 -3 27.5823
    endloop
  endfacet
  facet normal 0.634293 0 0.773093
    outer loop
      vertex -10.1099 8 25.5941
      vertex -9.94804 -3 25.4613
      vertex -9.94804 8 25.4613
    endloop
  endfacet
  facet normal 0.634293 0 0.773093
    outer loop
      vertex -9.94804 -3 25.4613
      vertex -10.1099 8 25.5941
      vertex -10.1099 -3 25.5941
    endloop
  endfacet
  facet normal 0.290339 0 0.956924
    outer loop
      vertex -9.02861 8 24.9698
      vertex -8.82822 -3 24.909
      vertex -8.82822 8 24.909
    endloop
  endfacet
  facet normal 0.290339 0 0.956924
    outer loop
      vertex -8.82822 -3 24.909
      vertex -9.02861 8 24.9698
      vertex -9.02861 -3 24.9698
    endloop
  endfacet
  facet normal -0.910819 0 0.412806
    outer loop
      vertex -5.13001 -3 26.5847
      vertex -5.04358 8 26.7754
      vertex -5.13001 8 26.5847
    endloop
  endfacet
  facet normal -0.910819 0 0.412806
    outer loop
      vertex -5.04358 8 26.7754
      vertex -5.13001 -3 26.5847
      vertex -5.04358 -3 26.7754
    endloop
  endfacet
  facet normal -0.881949 0 0.471344
    outer loop
      vertex -5.22872 -3 26.4
      vertex -5.13001 8 26.5847
      vertex -5.22872 8 26.4
    endloop
  endfacet
  facet normal -0.881949 0 0.471344
    outer loop
      vertex -5.13001 8 26.5847
      vertex -5.22872 -3 26.4
      vertex -5.13001 -3 26.5847
    endloop
  endfacet
  facet normal -0.729775 0 0.683687
    outer loop
      vertex -5.73726 -3 25.7373
      vertex -5.59411 8 25.8901
      vertex -5.73726 8 25.7373
    endloop
  endfacet
  facet normal -0.729775 0 0.683687
    outer loop
      vertex -5.59411 8 25.8901
      vertex -5.73726 -3 25.7373
      vertex -5.59411 -3 25.8901
    endloop
  endfacet
  facet normal -0.226851 0 0.97393
    outer loop
      vertex -7.37571 8 24.8615
      vertex -7.17178 -3 24.909
      vertex -7.17178 8 24.909
    endloop
  endfacet
  facet normal -0.226851 0 0.97393
    outer loop
      vertex -7.17178 -3 24.909
      vertex -7.37571 8 24.8615
      vertex -7.37571 -3 24.8615
    endloop
  endfacet
  facet normal -0.162842 0 0.986652
    outer loop
      vertex -7.58232 8 24.8274
      vertex -7.37571 -3 24.8615
      vertex -7.37571 8 24.8615
    endloop
  endfacet
  facet normal -0.162842 0 0.986652
    outer loop
      vertex -7.37571 -3 24.8615
      vertex -7.58232 8 24.8274
      vertex -7.58232 -3 24.8274
    endloop
  endfacet
  facet normal -0.63427 0 0.773112
    outer loop
      vertex -6.05196 8 25.4613
      vertex -5.89009 -3 25.5941
      vertex -5.89009 8 25.5941
    endloop
  endfacet
  facet normal -0.63427 0 0.773112
    outer loop
      vertex -5.89009 -3 25.5941
      vertex -6.05196 8 25.4613
      vertex -6.05196 -3 25.4613
    endloop
  endfacet
  facet normal -0.58257 0 0.812781
    outer loop
      vertex -6.22217 8 25.3393
      vertex -6.05196 -3 25.4613
      vertex -6.05196 8 25.4613
    endloop
  endfacet
  facet normal -0.58257 0 0.812781
    outer loop
      vertex -6.05196 -3 25.4613
      vertex -6.22217 8 25.3393
      vertex -6.22217 -3 25.3393
    endloop
  endfacet
  facet normal 0.973922 -0 0.226882
    outer loop
      vertex -11.1385 -3 27.3757
      vertex -11.091 8 27.1718
      vertex -11.1385 8 27.3757
    endloop
  endfacet
  facet normal 0.973922 0 0.226882
    outer loop
      vertex -11.091 8 27.1718
      vertex -11.1385 -3 27.3757
      vertex -11.091 -3 27.1718
    endloop
  endfacet
  facet normal 0.986651 -0 0.16285
    outer loop
      vertex -11.1726 -3 27.5823
      vertex -11.1385 8 27.3757
      vertex -11.1726 8 27.5823
    endloop
  endfacet
  facet normal 0.986651 0 0.16285
    outer loop
      vertex -11.1385 8 27.3757
      vertex -11.1726 -3 27.5823
      vertex -11.1385 -3 27.3757
    endloop
  endfacet
  facet normal 0.528152 0 0.84915
    outer loop
      vertex -9.77782 8 25.3393
      vertex -9.6 -3 25.2287
      vertex -9.6 8 25.2287
    endloop
  endfacet
  facet normal 0.528152 0 0.84915
    outer loop
      vertex -9.6 -3 25.2287
      vertex -9.77782 8 25.3393
      vertex -9.77782 -3 25.3393
    endloop
  endfacet
  facet normal 0.582547 0 0.812797
    outer loop
      vertex -9.94804 8 25.4613
      vertex -9.77782 -3 25.3393
      vertex -9.77782 8 25.3393
    endloop
  endfacet
  facet normal 0.582547 0 0.812797
    outer loop
      vertex -9.77782 -3 25.3393
      vertex -9.94804 8 25.4613
      vertex -9.94804 -3 25.4613
    endloop
  endfacet
  facet normal 0.0979007 0 0.995196
    outer loop
      vertex -8.41768 8 24.8274
      vertex -8.20929 -3 24.8069
      vertex -8.20929 8 24.8069
    endloop
  endfacet
  facet normal 0.0979007 0 0.995196
    outer loop
      vertex -8.20929 -3 24.8069
      vertex -8.41768 8 24.8274
      vertex -8.41768 -3 24.8274
    endloop
  endfacet
  facet normal 0.162842 0 0.986652
    outer loop
      vertex -8.62429 8 24.8615
      vertex -8.41768 -3 24.8274
      vertex -8.41768 8 24.8274
    endloop
  endfacet
  facet normal 0.162842 0 0.986652
    outer loop
      vertex -8.41768 -3 24.8274
      vertex -8.62429 8 24.8615
      vertex -8.62429 -3 24.8615
    endloop
  endfacet
  facet normal -0.995183 0 0.0980379
    outer loop
      vertex -4.82738 -3 27.5823
      vertex -4.80685 8 27.7907
      vertex -4.82738 8 27.5823
    endloop
  endfacet
  facet normal -0.995183 0 0.0980379
    outer loop
      vertex -4.80685 8 27.7907
      vertex -4.82738 -3 27.5823
      vertex -4.80685 -3 27.7907
    endloop
  endfacet
  facet normal -0.986643 0 0.162896
    outer loop
      vertex -4.86149 -3 27.3757
      vertex -4.82738 8 27.5823
      vertex -4.86149 8 27.3757
    endloop
  endfacet
  facet normal -0.986643 0 0.162896
    outer loop
      vertex -4.82738 8 27.5823
      vertex -4.86149 -3 27.3757
      vertex -4.82738 -3 27.5823
    endloop
  endfacet
  facet normal -0.93592 0 0.352212
    outer loop
      vertex -5.04358 -3 26.7754
      vertex -4.96982 8 26.9714
      vertex -5.04358 8 26.7754
    endloop
  endfacet
  facet normal -0.93592 0 0.352212
    outer loop
      vertex -4.96982 8 26.9714
      vertex -5.04358 -3 26.7754
      vertex -4.96982 -3 26.9714
    endloop
  endfacet
  facet normal -0.773076 0 0.634314
    outer loop
      vertex -5.59411 -3 25.8901
      vertex -5.46127 8 26.052
      vertex -5.59411 8 25.8901
    endloop
  endfacet
  facet normal -0.773076 0 0.634314
    outer loop
      vertex -5.46127 8 26.052
      vertex -5.59411 -3 25.8901
      vertex -5.46127 -3 26.052
    endloop
  endfacet
  facet normal -0.849166 0 0.528126
    outer loop
      vertex -5.3393 -3 26.2222
      vertex -5.22872 8 26.4
      vertex -5.3393 8 26.2222
    endloop
  endfacet
  facet normal -0.849166 0 0.528126
    outer loop
      vertex -5.22872 8 26.4
      vertex -5.3393 -3 26.2222
      vertex -5.22872 -3 26.4
    endloop
  endfacet
  facet normal -0.812832 0 0.582498
    outer loop
      vertex -5.46127 -3 26.052
      vertex -5.3393 8 26.2222
      vertex -5.46127 8 26.052
    endloop
  endfacet
  facet normal -0.812832 0 0.582498
    outer loop
      vertex -5.3393 8 26.2222
      vertex -5.46127 -3 26.052
      vertex -5.3393 -3 26.2222
    endloop
  endfacet
  facet normal -0.0329507 0 0.999457
    outer loop
      vertex -8 8 24.8
      vertex -7.79071 -3 24.8069
      vertex -7.79071 8 24.8069
    endloop
  endfacet
  facet normal -0.0329507 0 0.999457
    outer loop
      vertex -7.79071 -3 24.8069
      vertex -8 8 24.8
      vertex -8 -3 24.8
    endloop
  endfacet
  facet normal -0.35241 0 0.935846
    outer loop
      vertex -6.97139 8 24.9698
      vertex -6.77541 -3 25.0436
      vertex -6.77541 8 25.0436
    endloop
  endfacet
  facet normal -0.35241 0 0.935846
    outer loop
      vertex -6.77541 -3 25.0436
      vertex -6.97139 8 24.9698
      vertex -6.97139 -3 24.9698
    endloop
  endfacet
  facet normal -0.290339 0 0.956924
    outer loop
      vertex -7.17178 8 24.909
      vertex -6.97139 -3 24.9698
      vertex -6.97139 8 24.9698
    endloop
  endfacet
  facet normal -0.290339 0 0.956924
    outer loop
      vertex -6.97139 -3 24.9698
      vertex -7.17178 8 24.909
      vertex -7.17178 -3 24.909
    endloop
  endfacet
  facet normal -0.412633 0 0.910897
    outer loop
      vertex -6.77541 8 25.0436
      vertex -6.58468 -3 25.13
      vertex -6.58468 8 25.13
    endloop
  endfacet
  facet normal -0.412633 0 0.910897
    outer loop
      vertex -6.58468 -3 25.13
      vertex -6.77541 8 25.0436
      vertex -6.77541 -3 25.0436
    endloop
  endfacet
  facet normal -0.528131 0 0.849163
    outer loop
      vertex -6.4 8 25.2287
      vertex -6.22217 -3 25.3393
      vertex -6.22217 8 25.3393
    endloop
  endfacet
  facet normal -0.528131 0 0.849163
    outer loop
      vertex -6.22217 -3 25.3393
      vertex -6.4 8 25.2287
      vertex -6.4 -3 25.2287
    endloop
  endfacet
  facet normal 0.999457 -0 0.0329491
    outer loop
      vertex -11.2 -3 28
      vertex -11.1931 8 27.7907
      vertex -11.2 8 28
    endloop
  endfacet
  facet normal 0.999457 0 0.0329491
    outer loop
      vertex -11.1931 8 27.7907
      vertex -11.2 -3 28
      vertex -11.1931 -3 27.7907
    endloop
  endfacet
  facet normal 0.729656 -0 0.683814
    outer loop
      vertex -10.4059 -3 25.8901
      vertex -10.2627 8 25.7373
      vertex -10.4059 8 25.8901
    endloop
  endfacet
  facet normal 0.729656 0 0.683814
    outer loop
      vertex -10.2627 8 25.7373
      vertex -10.4059 -3 25.8901
      vertex -10.2627 -3 25.7373
    endloop
  endfacet
  facet normal 0.773169 -0 0.6342
    outer loop
      vertex -10.5387 -3 26.052
      vertex -10.4059 8 25.8901
      vertex -10.5387 8 26.052
    endloop
  endfacet
  facet normal 0.773169 0 0.6342
    outer loop
      vertex -10.4059 8 25.8901
      vertex -10.5387 -3 26.052
      vertex -10.4059 -3 25.8901
    endloop
  endfacet
  facet normal 0.910873 -0 0.412687
    outer loop
      vertex -10.9564 -3 26.7754
      vertex -10.87 8 26.5847
      vertex -10.9564 8 26.7754
    endloop
  endfacet
  facet normal 0.910873 0 0.412687
    outer loop
      vertex -10.87 8 26.5847
      vertex -10.9564 -3 26.7754
      vertex -10.87 -3 26.5847
    endloop
  endfacet
  facet normal 0.881969 -0 0.471307
    outer loop
      vertex -10.87 -3 26.5847
      vertex -10.7713 8 26.4
      vertex -10.87 8 26.5847
    endloop
  endfacet
  facet normal 0.881969 0 0.471307
    outer loop
      vertex -10.7713 8 26.4
      vertex -10.87 -3 26.5847
      vertex -10.7713 -3 26.4
    endloop
  endfacet
  facet normal 0.935857 -0 0.352379
    outer loop
      vertex -11.0302 -3 26.9714
      vertex -10.9564 8 26.7754
      vertex -11.0302 8 26.9714
    endloop
  endfacet
  facet normal 0.935857 0 0.352379
    outer loop
      vertex -10.9564 8 26.7754
      vertex -11.0302 -3 26.9714
      vertex -10.9564 -3 26.7754
    endloop
  endfacet
  facet normal 0.956928 -0 0.290325
    outer loop
      vertex -11.091 -3 27.1718
      vertex -11.0302 8 26.9714
      vertex -11.091 8 27.1718
    endloop
  endfacet
  facet normal 0.956928 0 0.290325
    outer loop
      vertex -11.0302 8 26.9714
      vertex -11.091 -3 27.1718
      vertex -11.0302 -3 26.9714
    endloop
  endfacet
  facet normal 0.683814 0 0.729656
    outer loop
      vertex -10.2627 8 25.7373
      vertex -10.1099 -3 25.5941
      vertex -10.1099 8 25.5941
    endloop
  endfacet
  facet normal 0.683814 0 0.729656
    outer loop
      vertex -10.1099 -3 25.5941
      vertex -10.2627 8 25.7373
      vertex -10.2627 -3 25.7373
    endloop
  endfacet
  facet normal 0.412633 0 0.910897
    outer loop
      vertex -9.41532 8 25.13
      vertex -9.22459 -3 25.0436
      vertex -9.22459 8 25.0436
    endloop
  endfacet
  facet normal 0.412633 0 0.910897
    outer loop
      vertex -9.22459 -3 25.0436
      vertex -9.41532 8 25.13
      vertex -9.41532 -3 25.13
    endloop
  endfacet
  facet normal 0.471347 0 0.881948
    outer loop
      vertex -9.6 8 25.2287
      vertex -9.41532 -3 25.13
      vertex -9.41532 8 25.13
    endloop
  endfacet
  facet normal 0.471347 0 0.881948
    outer loop
      vertex -9.41532 -3 25.13
      vertex -9.6 8 25.2287
      vertex -9.6 -3 25.2287
    endloop
  endfacet
  facet normal 0.35241 0 0.935846
    outer loop
      vertex -9.22459 8 25.0436
      vertex -9.02861 -3 24.9698
      vertex -9.02861 8 24.9698
    endloop
  endfacet
  facet normal 0.35241 0 0.935846
    outer loop
      vertex -9.02861 -3 24.9698
      vertex -9.22459 8 25.0436
      vertex -9.22459 -3 25.0436
    endloop
  endfacet
  facet normal 0.226851 0 0.97393
    outer loop
      vertex -8.82822 8 24.909
      vertex -8.62429 -3 24.8615
      vertex -8.62429 8 24.8615
    endloop
  endfacet
  facet normal 0.226851 0 0.97393
    outer loop
      vertex -8.62429 -3 24.8615
      vertex -8.82822 8 24.909
      vertex -8.82822 -3 24.909
    endloop
  endfacet
  facet normal 0.0329507 0 0.999457
    outer loop
      vertex -8.20929 8 24.8069
      vertex -8 -3 24.8
      vertex -8 8 24.8
    endloop
  endfacet
  facet normal 0.0329507 0 0.999457
    outer loop
      vertex -8 -3 24.8
      vertex -8.20929 8 24.8069
      vertex -8.20929 -3 24.8069
    endloop
  endfacet
  facet normal 0 1 -0
    outer loop
      vertex -4.8 -3 28
      vertex -6.6 -3 35
      vertex -4.8 -3 35
    endloop
  endfacet
  facet normal 0 1 0
    outer loop
      vertex -4.8 -3 28
      vertex -6.6 -3 28
      vertex -6.6 -3 35
    endloop
  endfacet
  facet normal 0 1 0
    outer loop
      vertex -4.8 -3 28
      vertex -6.603 -3 27.9084
      vertex -6.6 -3 28
    endloop
  endfacet
  facet normal 0 1 -0
    outer loop
      vertex -4.80685 -3 27.7907
      vertex -6.603 -3 27.9084
      vertex -4.8 -3 28
    endloop
  endfacet
  facet normal 0 1 0
    outer loop
      vertex -6.603 -3 27.9084
      vertex -4.80685 -3 27.7907
      vertex -6.61198 -3 27.8173
    endloop
  endfacet
  facet normal 0 1 -0
    outer loop
      vertex -4.82738 -3 27.5823
      vertex -6.61198 -3 27.8173
      vertex -4.80685 -3 27.7907
    endloop
  endfacet
  facet normal 0 1 0
    outer loop
      vertex -6.61198 -3 27.8173
      vertex -4.82738 -3 27.5823
      vertex -6.6269 -3 27.7269
    endloop
  endfacet
  facet normal 0 1 -0
    outer loop
      vertex -4.86149 -3 27.3757
      vertex -6.6269 -3 27.7269
      vertex -4.82738 -3 27.5823
    endloop
  endfacet
  facet normal 0 1 0
    outer loop
      vertex -6.6269 -3 27.7269
      vertex -4.86149 -3 27.3757
      vertex -6.6477 -3 27.6377
    endloop
  endfacet
  facet normal 0 1 -0
    outer loop
      vertex -4.90904 -3 27.1718
      vertex -6.6477 -3 27.6377
      vertex -4.86149 -3 27.3757
    endloop
  endfacet
  facet normal 0 1 0
    outer loop
      vertex -6.6477 -3 27.6377
      vertex -4.90904 -3 27.1718
      vertex -6.6743 -3 27.55
    endloop
  endfacet
  facet normal 0 1 -0
    outer loop
      vertex -4.96982 -3 26.9714
      vertex -6.6743 -3 27.55
      vertex -4.90904 -3 27.1718
    endloop
  endfacet
  facet normal 0 1 0
    outer loop
      vertex -6.6743 -3 27.55
      vertex -4.96982 -3 26.9714
      vertex -6.70657 -3 27.4642
    endloop
  endfacet
  facet normal 0 1 -0
    outer loop
      vertex -5.04358 -3 26.7754
      vertex -6.70657 -3 27.4642
      vertex -4.96982 -3 26.9714
    endloop
  endfacet
  facet normal 0 1 0
    outer loop
      vertex -6.70657 -3 27.4642
      vertex -5.04358 -3 26.7754
      vertex -6.74438 -3 27.3808
    endloop
  endfacet
  facet normal 0 1 -0
    outer loop
      vertex -5.13001 -3 26.5847
      vertex -6.74438 -3 27.3808
      vertex -5.04358 -3 26.7754
    endloop
  endfacet
  facet normal 0 1 0
    outer loop
      vertex -6.74438 -3 27.3808
      vertex -5.13001 -3 26.5847
      vertex -6.78756 -3 27.3
    endloop
  endfacet
  facet normal 0 1 -0
    outer loop
      vertex -5.22872 -3 26.4
      vertex -6.78756 -3 27.3
      vertex -5.13001 -3 26.5847
    endloop
  endfacet
  facet normal 0 1 0
    outer loop
      vertex -6.78756 -3 27.3
      vertex -5.22872 -3 26.4
      vertex -6.83594 -3 27.2222
    endloop
  endfacet
  facet normal 0 1 -0
    outer loop
      vertex -5.3393 -3 26.2222
      vertex -6.83594 -3 27.2222
      vertex -5.22872 -3 26.4
    endloop
  endfacet
  facet normal 0 1 0
    outer loop
      vertex -6.83594 -3 27.2222
      vertex -5.3393 -3 26.2222
      vertex -6.88931 -3 27.1477
    endloop
  endfacet
  facet normal 0 1 -0
    outer loop
      vertex -5.46127 -3 26.052
      vertex -6.88931 -3 27.1477
      vertex -5.3393 -3 26.2222
    endloop
  endfacet
  facet normal 0 1 0
    outer loop
      vertex -6.88931 -3 27.1477
      vertex -5.46127 -3 26.052
      vertex -6.94742 -3 27.0769
    endloop
  endfacet
  facet normal 0 1 -0
    outer loop
      vertex -5.59411 -3 25.8901
      vertex -6.94742 -3 27.0769
      vertex -5.46127 -3 26.052
    endloop
  endfacet
  facet normal 0 1 0
    outer loop
      vertex -6.94742 -3 27.0769
      vertex -5.59411 -3 25.8901
      vertex -7.01005 -3 27.01
    endloop
  endfacet
  facet normal 0 1 -0
    outer loop
      vertex -5.73726 -3 25.7373
      vertex -7.01005 -3 27.01
      vertex -5.59411 -3 25.8901
    endloop
  endfacet
  facet normal 0 1 0
    outer loop
      vertex -7.01005 -3 27.01
      vertex -5.73726 -3 25.7373
      vertex -7.07692 -3 26.9474
    endloop
  endfacet
  facet normal 0 1 -0
    outer loop
      vertex -5.89009 -3 25.5941
      vertex -7.07692 -3 26.9474
      vertex -5.73726 -3 25.7373
    endloop
  endfacet
  facet normal 0 1 0
    outer loop
      vertex -7.07692 -3 26.9474
      vertex -5.89009 -3 25.5941
      vertex -7.14773 -3 26.8893
    endloop
  endfacet
  facet normal 0 1 -0
    outer loop
      vertex -6.05196 -3 25.4613
      vertex -7.14773 -3 26.8893
      vertex -5.89009 -3 25.5941
    endloop
  endfacet
  facet normal 0 1 0
    outer loop
      vertex -7.14773 -3 26.8893
      vertex -6.05196 -3 25.4613
      vertex -7.2222 -3 26.8359
    endloop
  endfacet
  facet normal 0 1 0
    outer loop
      vertex -7.2222 -3 26.8359
      vertex -6.22217 -3 25.3393
      vertex -7.3 -3 26.7876
    endloop
  endfacet
  facet normal 0 1 -0
    outer loop
      vertex -6.22217 -3 25.3393
      vertex -7.2222 -3 26.8359
      vertex -6.05196 -3 25.4613
    endloop
  endfacet
  facet normal 0 1 -0
    outer loop
      vertex -9.4 -3 28
      vertex -11.2 -3 35
      vertex -9.4 -3 35
    endloop
  endfacet
  facet normal 0 1 0
    outer loop
      vertex -9.4 -3 28
      vertex -11.2 -3 28
      vertex -11.2 -3 35
    endloop
  endfacet
  facet normal 0 1 0
    outer loop
      vertex -9.397 -3 27.9084
      vertex -11.2 -3 28
      vertex -9.4 -3 28
    endloop
  endfacet
  facet normal 0 1 0
    outer loop
      vertex -11.1931 -3 27.7907
      vertex -9.397 -3 27.9084
      vertex -9.38802 -3 27.8173
    endloop
  endfacet
  facet normal 0 1 0
    outer loop
      vertex -9.397 -3 27.9084
      vertex -11.1931 -3 27.7907
      vertex -11.2 -3 28
    endloop
  endfacet
  facet normal 0 1 0
    outer loop
      vertex -11.1726 -3 27.5823
      vertex -9.38802 -3 27.8173
      vertex -9.3731 -3 27.7269
    endloop
  endfacet
  facet normal 0 1 0
    outer loop
      vertex -11.1385 -3 27.3757
      vertex -9.3731 -3 27.7269
      vertex -9.3523 -3 27.6377
    endloop
  endfacet
  facet normal 0 1 0
    outer loop
      vertex -9.38802 -3 27.8173
      vertex -11.1726 -3 27.5823
      vertex -11.1931 -3 27.7907
    endloop
  endfacet
  facet normal 0 1 0
    outer loop
      vertex -11.091 -3 27.1718
      vertex -9.3523 -3 27.6377
      vertex -9.3257 -3 27.55
    endloop
  endfacet
  facet normal 0 1 0
    outer loop
      vertex -11.0302 -3 26.9714
      vertex -9.3257 -3 27.55
      vertex -9.29343 -3 27.4642
    endloop
  endfacet
  facet normal 0 1 0
    outer loop
      vertex -10.9564 -3 26.7754
      vertex -9.29343 -3 27.4642
      vertex -9.25562 -3 27.3808
    endloop
  endfacet
  facet normal 0 1 0
    outer loop
      vertex -9.3731 -3 27.7269
      vertex -11.1385 -3 27.3757
      vertex -11.1726 -3 27.5823
    endloop
  endfacet
  facet normal 0 1 0
    outer loop
      vertex -10.87 -3 26.5847
      vertex -9.25562 -3 27.3808
      vertex -9.21243 -3 27.3
    endloop
  endfacet
  facet normal 0 1 0
    outer loop
      vertex -10.7713 -3 26.4
      vertex -9.21243 -3 27.3
      vertex -9.16406 -3 27.2222
    endloop
  endfacet
  facet normal 0 1 0
    outer loop
      vertex -9.3523 -3 27.6377
      vertex -11.091 -3 27.1718
      vertex -11.1385 -3 27.3757
    endloop
  endfacet
  facet normal 0 1 0
    outer loop
      vertex -10.6607 -3 26.2222
      vertex -9.16406 -3 27.2222
      vertex -9.11069 -3 27.1477
    endloop
  endfacet
  facet normal 0 1 0
    outer loop
      vertex -10.5387 -3 26.052
      vertex -9.11069 -3 27.1477
      vertex -9.05258 -3 27.0769
    endloop
  endfacet
  facet normal 0 1 0
    outer loop
      vertex -10.4059 -3 25.8901
      vertex -9.05258 -3 27.0769
      vertex -8.98995 -3 27.01
    endloop
  endfacet
  facet normal 0 1 0
    outer loop
      vertex -9.3257 -3 27.55
      vertex -11.0302 -3 26.9714
      vertex -11.091 -3 27.1718
    endloop
  endfacet
  facet normal 0 1 0
    outer loop
      vertex -10.2627 -3 25.7373
      vertex -8.98995 -3 27.01
      vertex -8.92308 -3 26.9474
    endloop
  endfacet
  facet normal 0 1 0
    outer loop
      vertex -10.1099 -3 25.5941
      vertex -8.92308 -3 26.9474
      vertex -8.85227 -3 26.8893
    endloop
  endfacet
  facet normal 0 1 0
    outer loop
      vertex -9.94804 -3 25.4613
      vertex -8.85227 -3 26.8893
      vertex -8.7778 -3 26.8359
    endloop
  endfacet
  facet normal 0 1 0
    outer loop
      vertex -9.77782 -3 25.3393
      vertex -8.7778 -3 26.8359
      vertex -8.7 -3 26.7876
    endloop
  endfacet
  facet normal 0 1 0
    outer loop
      vertex -9.29343 -3 27.4642
      vertex -10.9564 -3 26.7754
      vertex -11.0302 -3 26.9714
    endloop
  endfacet
  facet normal 0 1 0
    outer loop
      vertex -9.6 -3 25.2287
      vertex -8.7 -3 26.7876
      vertex -8.6192 -3 26.7444
    endloop
  endfacet
  facet normal 0 1 0
    outer loop
      vertex -9.41532 -3 25.13
      vertex -8.6192 -3 26.7444
      vertex -8.53576 -3 26.7066
    endloop
  endfacet
  facet normal 0 1 0
    outer loop
      vertex -9.22459 -3 25.0436
      vertex -8.53576 -3 26.7066
      vertex -8.45002 -3 26.6743
    endloop
  endfacet
  facet normal 0 1 0
    outer loop
      vertex -9.02861 -3 24.9698
      vertex -8.45002 -3 26.6743
      vertex -8.36235 -3 26.6477
    endloop
  endfacet
  facet normal 0 1 0
    outer loop
      vertex -8.82822 -3 24.909
      vertex -8.36235 -3 26.6477
      vertex -8.27313 -3 26.6269
    endloop
  endfacet
  facet normal 0 1 0
    outer loop
      vertex -8.62429 -3 24.8615
      vertex -8.27313 -3 26.6269
      vertex -8.18274 -3 26.612
    endloop
  endfacet
  facet normal 0 1 0
    outer loop
      vertex -8.41768 -3 24.8274
      vertex -8.18274 -3 26.612
      vertex -8.09156 -3 26.603
    endloop
  endfacet
  facet normal 0 1 0
    outer loop
      vertex -9.25562 -3 27.3808
      vertex -10.87 -3 26.5847
      vertex -10.9564 -3 26.7754
    endloop
  endfacet
  facet normal 0 1 0
    outer loop
      vertex -8.20929 -3 24.8069
      vertex -8.09156 -3 26.603
      vertex -8 -3 26.6
    endloop
  endfacet
  facet normal 0 1 -0
    outer loop
      vertex -6.4 -3 25.2287
      vertex -7.3 -3 26.7876
      vertex -6.22217 -3 25.3393
    endloop
  endfacet
  facet normal 0 1 0
    outer loop
      vertex -7.3 -3 26.7876
      vertex -6.4 -3 25.2287
      vertex -7.3808 -3 26.7444
    endloop
  endfacet
  facet normal 0 1 0
    outer loop
      vertex -9.21243 -3 27.3
      vertex -10.7713 -3 26.4
      vertex -10.87 -3 26.5847
    endloop
  endfacet
  facet normal 0 1 -0
    outer loop
      vertex -6.58468 -3 25.13
      vertex -7.3808 -3 26.7444
      vertex -6.4 -3 25.2287
    endloop
  endfacet
  facet normal 0 1 0
    outer loop
      vertex -9.16406 -3 27.2222
      vertex -10.6607 -3 26.2222
      vertex -10.7713 -3 26.4
    endloop
  endfacet
  facet normal 0 1 0
    outer loop
      vertex -7.3808 -3 26.7444
      vertex -6.58468 -3 25.13
      vertex -7.46424 -3 26.7066
    endloop
  endfacet
  facet normal 0 1 0
    outer loop
      vertex -9.11069 -3 27.1477
      vertex -10.5387 -3 26.052
      vertex -10.6607 -3 26.2222
    endloop
  endfacet
  facet normal 0 1 -0
    outer loop
      vertex -6.77541 -3 25.0436
      vertex -7.46424 -3 26.7066
      vertex -6.58468 -3 25.13
    endloop
  endfacet
  facet normal 0 1 0
    outer loop
      vertex -9.05258 -3 27.0769
      vertex -10.4059 -3 25.8901
      vertex -10.5387 -3 26.052
    endloop
  endfacet
  facet normal 0 1 0
    outer loop
      vertex -7.46424 -3 26.7066
      vertex -6.77541 -3 25.0436
      vertex -7.54998 -3 26.6743
    endloop
  endfacet
  facet normal 0 1 0
    outer loop
      vertex -8.98995 -3 27.01
      vertex -10.2627 -3 25.7373
      vertex -10.4059 -3 25.8901
    endloop
  endfacet
  facet normal 0 1 -0
    outer loop
      vertex -6.97139 -3 24.9698
      vertex -7.54998 -3 26.6743
      vertex -6.77541 -3 25.0436
    endloop
  endfacet
  facet normal 0 1 0
    outer loop
      vertex -8.92308 -3 26.9474
      vertex -10.1099 -3 25.5941
      vertex -10.2627 -3 25.7373
    endloop
  endfacet
  facet normal 0 1 0
    outer loop
      vertex -7.54998 -3 26.6743
      vertex -6.97139 -3 24.9698
      vertex -7.63765 -3 26.6477
    endloop
  endfacet
  facet normal 0 1 0
    outer loop
      vertex -8.85227 -3 26.8893
      vertex -9.94804 -3 25.4613
      vertex -10.1099 -3 25.5941
    endloop
  endfacet
  facet normal 0 1 -0
    outer loop
      vertex -7.17178 -3 24.909
      vertex -7.63765 -3 26.6477
      vertex -6.97139 -3 24.9698
    endloop
  endfacet
  facet normal 0 1 0
    outer loop
      vertex -8.7778 -3 26.8359
      vertex -9.77782 -3 25.3393
      vertex -9.94804 -3 25.4613
    endloop
  endfacet
  facet normal 0 1 0
    outer loop
      vertex -7.63765 -3 26.6477
      vertex -7.17178 -3 24.909
      vertex -7.72687 -3 26.6269
    endloop
  endfacet
  facet normal 0 1 0
    outer loop
      vertex -8.7 -3 26.7876
      vertex -9.6 -3 25.2287
      vertex -9.77782 -3 25.3393
    endloop
  endfacet
  facet normal 0 1 -0
    outer loop
      vertex -7.37571 -3 24.8615
      vertex -7.72687 -3 26.6269
      vertex -7.17178 -3 24.909
    endloop
  endfacet
  facet normal 0 1 0
    outer loop
      vertex -8.6192 -3 26.7444
      vertex -9.41532 -3 25.13
      vertex -9.6 -3 25.2287
    endloop
  endfacet
  facet normal 0 1 0
    outer loop
      vertex -7.72687 -3 26.6269
      vertex -7.37571 -3 24.8615
      vertex -7.81726 -3 26.612
    endloop
  endfacet
  facet normal 0 1 0
    outer loop
      vertex -8.53576 -3 26.7066
      vertex -9.22459 -3 25.0436
      vertex -9.41532 -3 25.13
    endloop
  endfacet
  facet normal 0 1 -0
    outer loop
      vertex -7.58232 -3 24.8274
      vertex -7.81726 -3 26.612
      vertex -7.37571 -3 24.8615
    endloop
  endfacet
  facet normal 0 1 0
    outer loop
      vertex -8.45002 -3 26.6743
      vertex -9.02861 -3 24.9698
      vertex -9.22459 -3 25.0436
    endloop
  endfacet
  facet normal 0 1 0
    outer loop
      vertex -7.81726 -3 26.612
      vertex -7.58232 -3 24.8274
      vertex -7.90843 -3 26.603
    endloop
  endfacet
  facet normal 0 1 0
    outer loop
      vertex -8.36235 -3 26.6477
      vertex -8.82822 -3 24.909
      vertex -9.02861 -3 24.9698
    endloop
  endfacet
  facet normal 0 1 -0
    outer loop
      vertex -7.79071 -3 24.8069
      vertex -7.90843 -3 26.603
      vertex -7.58232 -3 24.8274
    endloop
  endfacet
  facet normal 0 1 0
    outer loop
      vertex -8.27313 -3 26.6269
      vertex -8.62429 -3 24.8615
      vertex -8.82822 -3 24.909
    endloop
  endfacet
  facet normal 0 1 0
    outer loop
      vertex -7.90843 -3 26.603
      vertex -7.79071 -3 24.8069
      vertex -8 -3 26.6
    endloop
  endfacet
  facet normal 0 1 0
    outer loop
      vertex -8.18274 -3 26.612
      vertex -8.41768 -3 24.8274
      vertex -8.62429 -3 24.8615
    endloop
  endfacet
  facet normal 0 1 0
    outer loop
      vertex -8 -3 24.8
      vertex -8 -3 26.6
      vertex -7.79071 -3 24.8069
    endloop
  endfacet
  facet normal 0 1 0
    outer loop
      vertex -8.09156 -3 26.603
      vertex -8.20929 -3 24.8069
      vertex -8.41768 -3 24.8274
    endloop
  endfacet
  facet normal 0 1 0
    outer loop
      vertex -8 -3 26.6
      vertex -8 -3 24.8
      vertex -8.20929 -3 24.8069
    endloop
  endfacet
  facet normal 1 -0 0
    outer loop
      vertex -9.4 -8 35
      vertex -9.4 -3 28
      vertex -9.4 -3 35
    endloop
  endfacet
  facet normal 1 0 0
    outer loop
      vertex -9.4 -3 28
      vertex -9.4 -8 35
      vertex -9.4 -8 28
    endloop
  endfacet
  facet normal -1 0 0
    outer loop
      vertex -6.6 -8 28
      vertex -6.6 -3 35
      vertex -6.6 -3 28
    endloop
  endfacet
  facet normal -1 -0 0
    outer loop
      vertex -6.6 -3 35
      vertex -6.6 -8 28
      vertex -6.6 -8 35
    endloop
  endfacet
  facet normal 1 -0 0
    outer loop
      vertex -11.2 -3 35
      vertex -11.2 8 28
      vertex -11.2 8 35
    endloop
  endfacet
  facet normal 1 0 0
    outer loop
      vertex -11.2 8 28
      vertex -11.2 -3 35
      vertex -11.2 -3 28
    endloop
  endfacet
  facet normal -1 0 0
    outer loop
      vertex -4.8 -3 28
      vertex -4.8 8 35
      vertex -4.8 8 28
    endloop
  endfacet
  facet normal -1 -0 0
    outer loop
      vertex -4.8 8 35
      vertex -4.8 -3 28
      vertex -4.8 -3 35
    endloop
  endfacet
  facet normal 0 -0.0326471 -0.999467
    outer loop
      vertex -12 0 22.2
      vertex 2.7 0.143887 22.1953
      vertex 2.7 0 22.2
    endloop
  endfacet
  facet normal -0 -0.0326471 -0.999467
    outer loop
      vertex 2.7 0.143887 22.1953
      vertex -12 0 22.2
      vertex -12 0.143887 22.1953
    endloop
  endfacet
  facet normal 0 -0.999465 0.0327135
    outer loop
      vertex -12 2.19529 19.8561
      vertex 2.7 2.2 20
      vertex -12 2.2 20
    endloop
  endfacet
  facet normal 0 -0.999465 0.0327135
    outer loop
      vertex 2.7 2.2 20
      vertex -12 2.19529 19.8561
      vertex 2.7 2.19529 19.8561
    endloop
  endfacet
  facet normal 0 -0.910839 0.412761
    outer loop
      vertex -12 1.97312 19.027
      vertex 2.7 2.03253 19.1581
      vertex -12 2.03253 19.1581
    endloop
  endfacet
  facet normal 0 -0.910839 0.412761
    outer loop
      vertex 2.7 2.03253 19.1581
      vertex -12 1.97312 19.027
      vertex 2.7 1.97312 19.027
    endloop
  endfacet
  facet normal 0 -0.47105 -0.882107
    outer loop
      vertex -12 0.973035 21.9731
      vertex 2.7 1.1 21.9053
      vertex 2.7 0.973035 21.9731
    endloop
  endfacet
  facet normal -0 -0.47105 -0.882107
    outer loop
      vertex 2.7 1.1 21.9053
      vertex -12 0.973035 21.9731
      vertex -12 1.1 21.9053
    endloop
  endfacet
  facet normal -0 0.0326471 0.999467
    outer loop
      vertex -12 0 17.8
      vertex 2.7 -0.143887 17.8047
      vertex 2.7 0 17.8
    endloop
  endfacet
  facet normal 0 0.0326471 0.999467
    outer loop
      vertex 2.7 -0.143887 17.8047
      vertex -12 0 17.8
      vertex -12 -0.143887 17.8047
    endloop
  endfacet
  facet normal 0 0.995187 0.0979909
    outer loop
      vertex 2.7 -2.18118 19.7128
      vertex -12 -2.19529 19.8561
      vertex 2.7 -2.19529 19.8561
    endloop
  endfacet
  facet normal 0 0.995187 0.0979909
    outer loop
      vertex -12 -2.19529 19.8561
      vertex 2.7 -2.18118 19.7128
      vertex -12 -2.18118 19.7128
    endloop
  endfacet
  facet normal 0 -0.41262 0.910903
    outer loop
      vertex -12 0.973035 18.0269
      vertex 2.7 0.841903 17.9675
      vertex 2.7 0.973035 18.0269
    endloop
  endfacet
  facet normal 0 -0.41262 0.910903
    outer loop
      vertex 2.7 0.841903 17.9675
      vertex -12 0.973035 18.0269
      vertex -12 0.841903 17.9675
    endloop
  endfacet
  facet normal 0 -0.290345 0.956922
    outer loop
      vertex -12 0.707167 17.9168
      vertex 2.7 0.569402 17.875
      vertex 2.7 0.707167 17.9168
    endloop
  endfacet
  facet normal 0 -0.290345 0.956922
    outer loop
      vertex 2.7 0.569402 17.875
      vertex -12 0.707167 17.9168
      vertex -12 0.569402 17.875
    endloop
  endfacet
  facet normal 0 -0.63467 0.772783
    outer loop
      vertex -12 1.45056 18.346
      vertex 2.7 1.33927 18.2546
      vertex 2.7 1.45056 18.346
    endloop
  endfacet
  facet normal 0 -0.63467 0.772783
    outer loop
      vertex 2.7 1.33927 18.2546
      vertex -12 1.45056 18.346
      vertex -12 1.33927 18.2546
    endloop
  endfacet
  facet normal 0 -0.729598 0.683876
    outer loop
      vertex -12 1.55563 18.4444
      vertex 2.7 1.65405 18.5494
      vertex -12 1.65405 18.5494
    endloop
  endfacet
  facet normal 0 -0.729598 0.683876
    outer loop
      vertex 2.7 1.65405 18.5494
      vertex -12 1.55563 18.4444
      vertex 2.7 1.55563 18.4444
    endloop
  endfacet
  facet normal 0 -0.528469 0.848953
    outer loop
      vertex -12 1.22225 18.1708
      vertex 2.7 1.1 18.0947
      vertex 2.7 1.22225 18.1708
    endloop
  endfacet
  facet normal 0 -0.528469 0.848953
    outer loop
      vertex 2.7 1.1 18.0947
      vertex -12 1.22225 18.1708
      vertex -12 1.1 18.0947
    endloop
  endfacet
  facet normal 0 -0.47105 0.882107
    outer loop
      vertex -12 1.1 18.0947
      vertex 2.7 0.973035 18.0269
      vertex 2.7 1.1 18.0947
    endloop
  endfacet
  facet normal 0 -0.47105 0.882107
    outer loop
      vertex 2.7 0.973035 18.0269
      vertex -12 1.1 18.0947
      vertex -12 0.973035 18.0269
    endloop
  endfacet
  facet normal 0 -0.986637 0.162934
    outer loop
      vertex -12 2.15773 19.5708
      vertex 2.7 2.18118 19.7128
      vertex -12 2.18118 19.7128
    endloop
  endfacet
  facet normal 0 -0.986637 0.162934
    outer loop
      vertex 2.7 2.18118 19.7128
      vertex -12 2.15773 19.5708
      vertex 2.7 2.15773 19.5708
    endloop
  endfacet
  facet normal 0 -0.995187 0.0979909
    outer loop
      vertex -12 2.18118 19.7128
      vertex 2.7 2.19529 19.8561
      vertex -12 2.19529 19.8561
    endloop
  endfacet
  facet normal 0 -0.995187 0.0979909
    outer loop
      vertex 2.7 2.19529 19.8561
      vertex -12 2.18118 19.7128
      vertex 2.7 2.18118 19.7128
    endloop
  endfacet
  facet normal 0 -0.77305 0.634345
    outer loop
      vertex -12 1.65405 18.5494
      vertex 2.7 1.74538 18.6607
      vertex -12 1.74538 18.6607
    endloop
  endfacet
  facet normal 0 -0.77305 0.634345
    outer loop
      vertex 2.7 1.74538 18.6607
      vertex -12 1.65405 18.5494
      vertex 2.7 1.65405 18.5494
    endloop
  endfacet
  facet normal 0 -0.881987 0.471273
    outer loop
      vertex -12 1.90526 18.9
      vertex 2.7 1.97312 19.027
      vertex -12 1.97312 19.027
    endloop
  endfacet
  facet normal 0 -0.881987 0.471273
    outer loop
      vertex 2.7 1.97312 19.027
      vertex -12 1.90526 18.9
      vertex 2.7 1.90526 18.9
    endloop
  endfacet
  facet normal 0 -0.227136 -0.973863
    outer loop
      vertex -12 0.429198 22.1577
      vertex 2.7 0.569402 22.125
      vertex 2.7 0.429198 22.1577
    endloop
  endfacet
  facet normal -0 -0.227136 -0.973863
    outer loop
      vertex 2.7 0.569402 22.125
      vertex -12 0.429198 22.1577
      vertex -12 0.569402 22.125
    endloop
  endfacet
  facet normal 0 -0.0979424 -0.995192
    outer loop
      vertex -12 0.143887 22.1953
      vertex 2.7 0.287157 22.1812
      vertex 2.7 0.143887 22.1953
    endloop
  endfacet
  facet normal -0 -0.0979424 -0.995192
    outer loop
      vertex 2.7 0.287157 22.1812
      vertex -12 0.143887 22.1953
      vertex -12 0.287157 22.1812
    endloop
  endfacet
  facet normal 0 -0.812817 -0.582519
    outer loop
      vertex -12 1.82923 21.2223
      vertex 2.7 1.74538 21.3393
      vertex -12 1.74538 21.3393
    endloop
  endfacet
  facet normal 0 -0.812817 -0.582519
    outer loop
      vertex 2.7 1.74538 21.3393
      vertex -12 1.82923 21.2223
      vertex 2.7 1.82923 21.2223
    endloop
  endfacet
  facet normal 0 -0.881987 -0.471273
    outer loop
      vertex -12 1.97312 20.973
      vertex 2.7 1.90526 21.1
      vertex -12 1.90526 21.1
    endloop
  endfacet
  facet normal 0 -0.881987 -0.471273
    outer loop
      vertex 2.7 1.90526 21.1
      vertex -12 1.97312 20.973
      vertex 2.7 1.97312 20.973
    endloop
  endfacet
  facet normal 0 -0.77305 -0.634345
    outer loop
      vertex -12 1.74538 21.3393
      vertex 2.7 1.65405 21.4506
      vertex -12 1.65405 21.4506
    endloop
  endfacet
  facet normal 0 -0.77305 -0.634345
    outer loop
      vertex 2.7 1.65405 21.4506
      vertex -12 1.74538 21.3393
      vertex 2.7 1.74538 21.3393
    endloop
  endfacet
  facet normal 0 -0.986637 -0.162934
    outer loop
      vertex -12 2.18118 20.2872
      vertex 2.7 2.15773 20.4292
      vertex -12 2.15773 20.4292
    endloop
  endfacet
  facet normal 0 -0.986637 -0.162934
    outer loop
      vertex 2.7 2.15773 20.4292
      vertex -12 2.18118 20.2872
      vertex 2.7 2.18118 20.2872
    endloop
  endfacet
  facet normal 0 -0.973877 -0.227076
    outer loop
      vertex -12 2.15773 20.4292
      vertex 2.7 2.12504 20.5694
      vertex -12 2.12504 20.5694
    endloop
  endfacet
  facet normal 0 -0.973877 -0.227076
    outer loop
      vertex 2.7 2.12504 20.5694
      vertex -12 2.15773 20.4292
      vertex 2.7 2.15773 20.4292
    endloop
  endfacet
  facet normal -0 0.290345 0.956922
    outer loop
      vertex -12 -0.569402 17.875
      vertex 2.7 -0.707167 17.9168
      vertex 2.7 -0.569402 17.875
    endloop
  endfacet
  facet normal 0 0.290345 0.956922
    outer loop
      vertex 2.7 -0.707167 17.9168
      vertex -12 -0.569402 17.875
      vertex -12 -0.707167 17.9168
    endloop
  endfacet
  facet normal 0 0.935854 0.352387
    outer loop
      vertex 2.7 -2.03253 19.1581
      vertex -12 -2.08325 19.2928
      vertex 2.7 -2.08325 19.2928
    endloop
  endfacet
  facet normal 0 0.935854 0.352387
    outer loop
      vertex -12 -2.08325 19.2928
      vertex 2.7 -2.03253 19.1581
      vertex -12 -2.03253 19.1581
    endloop
  endfacet
  facet normal 0 -0.227136 0.973863
    outer loop
      vertex -12 0.569402 17.875
      vertex 2.7 0.429198 17.8423
      vertex 2.7 0.569402 17.875
    endloop
  endfacet
  facet normal 0 -0.227136 0.973863
    outer loop
      vertex 2.7 0.429198 17.8423
      vertex -12 0.569402 17.875
      vertex -12 0.429198 17.8423
    endloop
  endfacet
  facet normal 0 -0.0979424 0.995192
    outer loop
      vertex -12 0.287157 17.8188
      vertex 2.7 0.143887 17.8047
      vertex 2.7 0.287157 17.8188
    endloop
  endfacet
  facet normal 0 -0.0979424 0.995192
    outer loop
      vertex 2.7 0.143887 17.8047
      vertex -12 0.287157 17.8188
      vertex -12 0.143887 17.8047
    endloop
  endfacet
  facet normal 0 -0.163226 0.986589
    outer loop
      vertex -12 0.429198 17.8423
      vertex 2.7 0.287157 17.8188
      vertex 2.7 0.429198 17.8423
    endloop
  endfacet
  facet normal 0 -0.163226 0.986589
    outer loop
      vertex 2.7 0.287157 17.8188
      vertex -12 0.429198 17.8423
      vertex -12 0.287157 17.8188
    endloop
  endfacet
  facet normal 0 -0.352183 0.935931
    outer loop
      vertex -12 0.841903 17.9675
      vertex 2.7 0.707167 17.9168
      vertex 2.7 0.841903 17.9675
    endloop
  endfacet
  facet normal 0 -0.352183 0.935931
    outer loop
      vertex 2.7 0.707167 17.9168
      vertex -12 0.841903 17.9675
      vertex -12 0.707167 17.9168
    endloop
  endfacet
  facet normal 0 -0.68356 0.729895
    outer loop
      vertex -12 1.55563 18.4444
      vertex 2.7 1.45056 18.346
      vertex 2.7 1.55563 18.4444
    endloop
  endfacet
  facet normal 0 -0.68356 0.729895
    outer loop
      vertex 2.7 1.45056 18.346
      vertex -12 1.55563 18.4444
      vertex -12 1.45056 18.346
    endloop
  endfacet
  facet normal 0 -0.582224 0.813029
    outer loop
      vertex -12 1.33927 18.2546
      vertex 2.7 1.22225 18.1708
      vertex 2.7 1.33927 18.2546
    endloop
  endfacet
  facet normal 0 -0.582224 0.813029
    outer loop
      vertex 2.7 1.22225 18.1708
      vertex -12 1.33927 18.2546
      vertex -12 1.22225 18.1708
    endloop
  endfacet
  facet normal 0 -0.999465 -0.0327135
    outer loop
      vertex -12 2.2 20
      vertex 2.7 2.19529 20.1439
      vertex -12 2.19529 20.1439
    endloop
  endfacet
  facet normal 0 -0.999465 -0.0327135
    outer loop
      vertex 2.7 2.19529 20.1439
      vertex -12 2.2 20
      vertex 2.7 2.2 20
    endloop
  endfacet
  facet normal 0 -0.956962 0.290214
    outer loop
      vertex -12 2.08325 19.2928
      vertex 2.7 2.12504 19.4306
      vertex -12 2.12504 19.4306
    endloop
  endfacet
  facet normal 0 -0.956962 0.290214
    outer loop
      vertex 2.7 2.12504 19.4306
      vertex -12 2.08325 19.2928
      vertex 2.7 2.08325 19.2928
    endloop
  endfacet
  facet normal 0 -0.973877 0.227076
    outer loop
      vertex -12 2.12504 19.4306
      vertex 2.7 2.15773 19.5708
      vertex -12 2.15773 19.5708
    endloop
  endfacet
  facet normal 0 -0.973877 0.227076
    outer loop
      vertex 2.7 2.15773 19.5708
      vertex -12 2.12504 19.4306
      vertex 2.7 2.12504 19.4306
    endloop
  endfacet
  facet normal 0 -0.935854 0.352387
    outer loop
      vertex -12 2.03253 19.1581
      vertex 2.7 2.08325 19.2928
      vertex -12 2.08325 19.2928
    endloop
  endfacet
  facet normal 0 -0.935854 0.352387
    outer loop
      vertex 2.7 2.08325 19.2928
      vertex -12 2.03253 19.1581
      vertex 2.7 2.03253 19.1581
    endloop
  endfacet
  facet normal 0 -0.812817 0.582519
    outer loop
      vertex -12 1.74538 18.6607
      vertex 2.7 1.82923 18.7777
      vertex -12 1.82923 18.7777
    endloop
  endfacet
  facet normal 0 -0.812817 0.582519
    outer loop
      vertex 2.7 1.82923 18.7777
      vertex -12 1.74538 18.6607
      vertex 2.7 1.74538 18.6607
    endloop
  endfacet
  facet normal 0 -0.352183 -0.935931
    outer loop
      vertex -12 0.707167 22.0832
      vertex 2.7 0.841903 22.0325
      vertex 2.7 0.707167 22.0832
    endloop
  endfacet
  facet normal -0 -0.352183 -0.935931
    outer loop
      vertex 2.7 0.841903 22.0325
      vertex -12 0.707167 22.0832
      vertex -12 0.841903 22.0325
    endloop
  endfacet
  facet normal 0 -0.41262 -0.910903
    outer loop
      vertex -12 0.841903 22.0325
      vertex 2.7 0.973035 21.9731
      vertex 2.7 0.841903 22.0325
    endloop
  endfacet
  facet normal -0 -0.41262 -0.910903
    outer loop
      vertex 2.7 0.973035 21.9731
      vertex -12 0.841903 22.0325
      vertex -12 0.973035 21.9731
    endloop
  endfacet
  facet normal 0 -0.290345 -0.956922
    outer loop
      vertex -12 0.569402 22.125
      vertex 2.7 0.707167 22.0832
      vertex 2.7 0.569402 22.125
    endloop
  endfacet
  facet normal -0 -0.290345 -0.956922
    outer loop
      vertex 2.7 0.707167 22.0832
      vertex -12 0.569402 22.125
      vertex -12 0.707167 22.0832
    endloop
  endfacet
  facet normal 0 -0.163226 -0.986589
    outer loop
      vertex -12 0.287157 22.1812
      vertex 2.7 0.429198 22.1577
      vertex 2.7 0.287157 22.1812
    endloop
  endfacet
  facet normal -0 -0.163226 -0.986589
    outer loop
      vertex 2.7 0.429198 22.1577
      vertex -12 0.287157 22.1812
      vertex -12 0.429198 22.1577
    endloop
  endfacet
  facet normal 0 -0.68356 -0.729895
    outer loop
      vertex -12 1.45056 21.654
      vertex 2.7 1.55563 21.5556
      vertex 2.7 1.45056 21.654
    endloop
  endfacet
  facet normal -0 -0.68356 -0.729895
    outer loop
      vertex 2.7 1.55563 21.5556
      vertex -12 1.45056 21.654
      vertex -12 1.55563 21.5556
    endloop
  endfacet
  facet normal 0 -0.849268 -0.527963
    outer loop
      vertex -12 1.90526 21.1
      vertex 2.7 1.82923 21.2223
      vertex -12 1.82923 21.2223
    endloop
  endfacet
  facet normal 0 -0.849268 -0.527963
    outer loop
      vertex 2.7 1.82923 21.2223
      vertex -12 1.90526 21.1
      vertex 2.7 1.90526 21.1
    endloop
  endfacet
  facet normal 0 -0.910839 -0.412761
    outer loop
      vertex -12 2.03253 20.8419
      vertex 2.7 1.97312 20.973
      vertex -12 1.97312 20.973
    endloop
  endfacet
  facet normal 0 -0.910839 -0.412761
    outer loop
      vertex 2.7 1.97312 20.973
      vertex -12 2.03253 20.8419
      vertex 2.7 2.03253 20.8419
    endloop
  endfacet
  facet normal 0 -0.956962 -0.290214
    outer loop
      vertex -12 2.12504 20.5694
      vertex 2.7 2.08325 20.7072
      vertex -12 2.08325 20.7072
    endloop
  endfacet
  facet normal 0 -0.956962 -0.290214
    outer loop
      vertex 2.7 2.08325 20.7072
      vertex -12 2.12504 20.5694
      vertex 2.7 2.12504 20.5694
    endloop
  endfacet
  facet normal 0 -0.995187 -0.0979909
    outer loop
      vertex -12 2.19529 20.1439
      vertex 2.7 2.18118 20.2872
      vertex -12 2.18118 20.2872
    endloop
  endfacet
  facet normal 0 -0.995187 -0.0979909
    outer loop
      vertex 2.7 2.18118 20.2872
      vertex -12 2.19529 20.1439
      vertex 2.7 2.19529 20.1439
    endloop
  endfacet
  facet normal 0 -0.0326471 0.999467
    outer loop
      vertex -12 0.143887 17.8047
      vertex 2.7 0 17.8
      vertex 2.7 0.143887 17.8047
    endloop
  endfacet
  facet normal 0 -0.0326471 0.999467
    outer loop
      vertex 2.7 0 17.8
      vertex -12 0.143887 17.8047
      vertex -12 0 17.8
    endloop
  endfacet
  facet normal -0 0.163226 0.986589
    outer loop
      vertex -12 -0.287157 17.8188
      vertex 2.7 -0.429198 17.8423
      vertex 2.7 -0.287157 17.8188
    endloop
  endfacet
  facet normal 0 0.163226 0.986589
    outer loop
      vertex 2.7 -0.429198 17.8423
      vertex -12 -0.287157 17.8188
      vertex -12 -0.429198 17.8423
    endloop
  endfacet
  facet normal -0 0.47105 0.882107
    outer loop
      vertex -12 -0.973035 18.0269
      vertex 2.7 -1.1 18.0947
      vertex 2.7 -0.973035 18.0269
    endloop
  endfacet
  facet normal 0 0.47105 0.882107
    outer loop
      vertex 2.7 -1.1 18.0947
      vertex -12 -0.973035 18.0269
      vertex -12 -1.1 18.0947
    endloop
  endfacet
  facet normal 0 0.935854 -0.352387
    outer loop
      vertex 2.7 -2.08325 20.7072
      vertex -12 -2.03253 20.8419
      vertex 2.7 -2.03253 20.8419
    endloop
  endfacet
  facet normal 0 0.935854 -0.352387
    outer loop
      vertex -12 -2.03253 20.8419
      vertex 2.7 -2.08325 20.7072
      vertex -12 -2.08325 20.7072
    endloop
  endfacet
  facet normal 0 0.63467 -0.772783
    outer loop
      vertex -12 -1.45056 21.654
      vertex 2.7 -1.33927 21.7454
      vertex 2.7 -1.45056 21.654
    endloop
  endfacet
  facet normal 0 0.63467 -0.772783
    outer loop
      vertex 2.7 -1.33927 21.7454
      vertex -12 -1.45056 21.654
      vertex -12 -1.33927 21.7454
    endloop
  endfacet
  facet normal 0 0.0326471 -0.999467
    outer loop
      vertex -12 -0.143887 22.1953
      vertex 2.7 0 22.2
      vertex 2.7 -0.143887 22.1953
    endloop
  endfacet
  facet normal 0 0.0326471 -0.999467
    outer loop
      vertex 2.7 0 22.2
      vertex -12 -0.143887 22.1953
      vertex -12 0 22.2
    endloop
  endfacet
  facet normal 0 0.910839 0.412761
    outer loop
      vertex 2.7 -1.97312 19.027
      vertex -12 -2.03253 19.1581
      vertex 2.7 -2.03253 19.1581
    endloop
  endfacet
  facet normal 0 0.910839 0.412761
    outer loop
      vertex -12 -2.03253 19.1581
      vertex 2.7 -1.97312 19.027
      vertex -12 -1.97312 19.027
    endloop
  endfacet
  facet normal 0 -0.849268 0.527963
    outer loop
      vertex -12 1.82923 18.7777
      vertex 2.7 1.90526 18.9
      vertex -12 1.90526 18.9
    endloop
  endfacet
  facet normal 0 -0.849268 0.527963
    outer loop
      vertex 2.7 1.90526 18.9
      vertex -12 1.82923 18.7777
      vertex 2.7 1.82923 18.7777
    endloop
  endfacet
  facet normal 0 -0.528469 -0.848953
    outer loop
      vertex -12 1.1 21.9053
      vertex 2.7 1.22225 21.8292
      vertex 2.7 1.1 21.9053
    endloop
  endfacet
  facet normal -0 -0.528469 -0.848953
    outer loop
      vertex 2.7 1.22225 21.8292
      vertex -12 1.1 21.9053
      vertex -12 1.22225 21.8292
    endloop
  endfacet
  facet normal 0 -0.582224 -0.813029
    outer loop
      vertex -12 1.22225 21.8292
      vertex 2.7 1.33927 21.7454
      vertex 2.7 1.22225 21.8292
    endloop
  endfacet
  facet normal -0 -0.582224 -0.813029
    outer loop
      vertex 2.7 1.33927 21.7454
      vertex -12 1.22225 21.8292
      vertex -12 1.33927 21.7454
    endloop
  endfacet
  facet normal 0 -0.63467 -0.772783
    outer loop
      vertex -12 1.33927 21.7454
      vertex 2.7 1.45056 21.654
      vertex 2.7 1.33927 21.7454
    endloop
  endfacet
  facet normal -0 -0.63467 -0.772783
    outer loop
      vertex 2.7 1.45056 21.654
      vertex -12 1.33927 21.7454
      vertex -12 1.45056 21.654
    endloop
  endfacet
  facet normal 0 -0.729598 -0.683876
    outer loop
      vertex -12 1.65405 21.4506
      vertex 2.7 1.55563 21.5556
      vertex -12 1.55563 21.5556
    endloop
  endfacet
  facet normal 0 -0.729598 -0.683876
    outer loop
      vertex 2.7 1.55563 21.5556
      vertex -12 1.65405 21.4506
      vertex 2.7 1.65405 21.4506
    endloop
  endfacet
  facet normal 0 -0.935854 -0.352387
    outer loop
      vertex -12 2.08325 20.7072
      vertex 2.7 2.03253 20.8419
      vertex -12 2.03253 20.8419
    endloop
  endfacet
  facet normal 0 -0.935854 -0.352387
    outer loop
      vertex 2.7 2.03253 20.8419
      vertex -12 2.08325 20.7072
      vertex 2.7 2.08325 20.7072
    endloop
  endfacet
  facet normal -0 0.0979424 0.995192
    outer loop
      vertex -12 -0.143887 17.8047
      vertex 2.7 -0.287157 17.8188
      vertex 2.7 -0.143887 17.8047
    endloop
  endfacet
  facet normal 0 0.0979424 0.995192
    outer loop
      vertex 2.7 -0.287157 17.8188
      vertex -12 -0.143887 17.8047
      vertex -12 -0.287157 17.8188
    endloop
  endfacet
  facet normal -0 0.227136 0.973863
    outer loop
      vertex -12 -0.429198 17.8423
      vertex 2.7 -0.569402 17.875
      vertex 2.7 -0.429198 17.8423
    endloop
  endfacet
  facet normal 0 0.227136 0.973863
    outer loop
      vertex 2.7 -0.569402 17.875
      vertex -12 -0.429198 17.8423
      vertex -12 -0.569402 17.875
    endloop
  endfacet
  facet normal -0 0.63467 0.772783
    outer loop
      vertex -12 -1.33927 18.2546
      vertex 2.7 -1.45056 18.346
      vertex 2.7 -1.33927 18.2546
    endloop
  endfacet
  facet normal 0 0.63467 0.772783
    outer loop
      vertex 2.7 -1.45056 18.346
      vertex -12 -1.33927 18.2546
      vertex -12 -1.45056 18.346
    endloop
  endfacet
  facet normal -0 0.582224 0.813029
    outer loop
      vertex -12 -1.22225 18.1708
      vertex 2.7 -1.33927 18.2546
      vertex 2.7 -1.22225 18.1708
    endloop
  endfacet
  facet normal 0 0.582224 0.813029
    outer loop
      vertex 2.7 -1.33927 18.2546
      vertex -12 -1.22225 18.1708
      vertex -12 -1.33927 18.2546
    endloop
  endfacet
  facet normal -0 0.528469 0.848953
    outer loop
      vertex -12 -1.1 18.0947
      vertex 2.7 -1.22225 18.1708
      vertex 2.7 -1.1 18.0947
    endloop
  endfacet
  facet normal 0 0.528469 0.848953
    outer loop
      vertex 2.7 -1.22225 18.1708
      vertex -12 -1.1 18.0947
      vertex -12 -1.22225 18.1708
    endloop
  endfacet
  facet normal 0 0.881987 0.471273
    outer loop
      vertex 2.7 -1.90526 18.9
      vertex -12 -1.97312 19.027
      vertex 2.7 -1.97312 19.027
    endloop
  endfacet
  facet normal 0 0.881987 0.471273
    outer loop
      vertex -12 -1.97312 19.027
      vertex 2.7 -1.90526 18.9
      vertex -12 -1.90526 18.9
    endloop
  endfacet
  facet normal 0 0.77305 0.634345
    outer loop
      vertex 2.7 -1.65405 18.5494
      vertex -12 -1.74538 18.6607
      vertex 2.7 -1.74538 18.6607
    endloop
  endfacet
  facet normal 0 0.77305 0.634345
    outer loop
      vertex -12 -1.74538 18.6607
      vertex 2.7 -1.65405 18.5494
      vertex -12 -1.65405 18.5494
    endloop
  endfacet
  facet normal -0 0.41262 0.910903
    outer loop
      vertex -12 -0.841903 17.9675
      vertex 2.7 -0.973035 18.0269
      vertex 2.7 -0.841903 17.9675
    endloop
  endfacet
  facet normal 0 0.41262 0.910903
    outer loop
      vertex 2.7 -0.973035 18.0269
      vertex -12 -0.841903 17.9675
      vertex -12 -0.973035 18.0269
    endloop
  endfacet
  facet normal 0 0.973877 -0.227076
    outer loop
      vertex 2.7 -2.15773 20.4292
      vertex -12 -2.12504 20.5694
      vertex 2.7 -2.12504 20.5694
    endloop
  endfacet
  facet normal 0 0.973877 -0.227076
    outer loop
      vertex -12 -2.12504 20.5694
      vertex 2.7 -2.15773 20.4292
      vertex -12 -2.15773 20.4292
    endloop
  endfacet
  facet normal 0 0.47105 -0.882107
    outer loop
      vertex -12 -1.1 21.9053
      vertex 2.7 -0.973035 21.9731
      vertex 2.7 -1.1 21.9053
    endloop
  endfacet
  facet normal 0 0.47105 -0.882107
    outer loop
      vertex 2.7 -0.973035 21.9731
      vertex -12 -1.1 21.9053
      vertex -12 -0.973035 21.9731
    endloop
  endfacet
  facet normal 0 0.352183 -0.935931
    outer loop
      vertex -12 -0.841903 22.0325
      vertex 2.7 -0.707167 22.0832
      vertex 2.7 -0.841903 22.0325
    endloop
  endfacet
  facet normal 0 0.352183 -0.935931
    outer loop
      vertex 2.7 -0.707167 22.0832
      vertex -12 -0.841903 22.0325
      vertex -12 -0.707167 22.0832
    endloop
  endfacet
  facet normal 0 0.290345 -0.956922
    outer loop
      vertex -12 -0.707167 22.0832
      vertex 2.7 -0.569402 22.125
      vertex 2.7 -0.707167 22.0832
    endloop
  endfacet
  facet normal 0 0.290345 -0.956922
    outer loop
      vertex 2.7 -0.569402 22.125
      vertex -12 -0.707167 22.0832
      vertex -12 -0.569402 22.125
    endloop
  endfacet
  facet normal 0 0.973877 0.227076
    outer loop
      vertex 2.7 -2.12504 19.4306
      vertex -12 -2.15773 19.5708
      vertex 2.7 -2.15773 19.5708
    endloop
  endfacet
  facet normal 0 0.973877 0.227076
    outer loop
      vertex -12 -2.15773 19.5708
      vertex 2.7 -2.12504 19.4306
      vertex -12 -2.12504 19.4306
    endloop
  endfacet
  facet normal 0 0.956962 0.290214
    outer loop
      vertex 2.7 -2.08325 19.2928
      vertex -12 -2.12504 19.4306
      vertex 2.7 -2.12504 19.4306
    endloop
  endfacet
  facet normal 0 0.956962 0.290214
    outer loop
      vertex -12 -2.12504 19.4306
      vertex 2.7 -2.08325 19.2928
      vertex -12 -2.08325 19.2928
    endloop
  endfacet
  facet normal 0 0.986637 0.162934
    outer loop
      vertex 2.7 -2.15773 19.5708
      vertex -12 -2.18118 19.7128
      vertex 2.7 -2.18118 19.7128
    endloop
  endfacet
  facet normal 0 0.986637 0.162934
    outer loop
      vertex -12 -2.18118 19.7128
      vertex 2.7 -2.15773 19.5708
      vertex -12 -2.15773 19.5708
    endloop
  endfacet
  facet normal 0 0.812817 0.582519
    outer loop
      vertex 2.7 -1.74538 18.6607
      vertex -12 -1.82923 18.7777
      vertex 2.7 -1.82923 18.7777
    endloop
  endfacet
  facet normal 0 0.812817 0.582519
    outer loop
      vertex -12 -1.82923 18.7777
      vertex 2.7 -1.74538 18.6607
      vertex -12 -1.74538 18.6607
    endloop
  endfacet
  facet normal 0 0.849268 0.527963
    outer loop
      vertex 2.7 -1.82923 18.7777
      vertex -12 -1.90526 18.9
      vertex 2.7 -1.90526 18.9
    endloop
  endfacet
  facet normal 0 0.849268 0.527963
    outer loop
      vertex -12 -1.90526 18.9
      vertex 2.7 -1.82923 18.7777
      vertex -12 -1.82923 18.7777
    endloop
  endfacet
  facet normal -0 0.352183 0.935931
    outer loop
      vertex -12 -0.707167 17.9168
      vertex 2.7 -0.841903 17.9675
      vertex 2.7 -0.707167 17.9168
    endloop
  endfacet
  facet normal 0 0.352183 0.935931
    outer loop
      vertex 2.7 -0.841903 17.9675
      vertex -12 -0.707167 17.9168
      vertex -12 -0.841903 17.9675
    endloop
  endfacet
  facet normal 0 0.999465 0.0327135
    outer loop
      vertex 2.7 -2.19529 19.8561
      vertex -12 -2.2 20
      vertex 2.7 -2.2 20
    endloop
  endfacet
  facet normal 0 0.999465 0.0327135
    outer loop
      vertex -12 -2.2 20
      vertex 2.7 -2.19529 19.8561
      vertex -12 -2.19529 19.8561
    endloop
  endfacet
  facet normal 0 0.999465 -0.0327135
    outer loop
      vertex 2.7 -2.2 20
      vertex -12 -2.19529 20.1439
      vertex 2.7 -2.19529 20.1439
    endloop
  endfacet
  facet normal 0 0.999465 -0.0327135
    outer loop
      vertex -12 -2.19529 20.1439
      vertex 2.7 -2.2 20
      vertex -12 -2.2 20
    endloop
  endfacet
  facet normal 0 0.986637 -0.162934
    outer loop
      vertex 2.7 -2.18118 20.2872
      vertex -12 -2.15773 20.4292
      vertex 2.7 -2.15773 20.4292
    endloop
  endfacet
  facet normal 0 0.986637 -0.162934
    outer loop
      vertex -12 -2.15773 20.4292
      vertex 2.7 -2.18118 20.2872
      vertex -12 -2.18118 20.2872
    endloop
  endfacet
  facet normal 0 0.729598 -0.683876
    outer loop
      vertex 2.7 -1.65405 21.4506
      vertex -12 -1.55563 21.5556
      vertex 2.7 -1.55563 21.5556
    endloop
  endfacet
  facet normal 0 0.729598 -0.683876
    outer loop
      vertex -12 -1.55563 21.5556
      vertex 2.7 -1.65405 21.4506
      vertex -12 -1.65405 21.4506
    endloop
  endfacet
  facet normal 0 0.68356 -0.729895
    outer loop
      vertex -12 -1.55563 21.5556
      vertex 2.7 -1.45056 21.654
      vertex 2.7 -1.55563 21.5556
    endloop
  endfacet
  facet normal 0 0.68356 -0.729895
    outer loop
      vertex 2.7 -1.45056 21.654
      vertex -12 -1.55563 21.5556
      vertex -12 -1.45056 21.654
    endloop
  endfacet
  facet normal 0 0.582224 -0.813029
    outer loop
      vertex -12 -1.33927 21.7454
      vertex 2.7 -1.22225 21.8292
      vertex 2.7 -1.33927 21.7454
    endloop
  endfacet
  facet normal 0 0.582224 -0.813029
    outer loop
      vertex 2.7 -1.22225 21.8292
      vertex -12 -1.33927 21.7454
      vertex -12 -1.22225 21.8292
    endloop
  endfacet
  facet normal 0 0.41262 -0.910903
    outer loop
      vertex -12 -0.973035 21.9731
      vertex 2.7 -0.841903 22.0325
      vertex 2.7 -0.973035 21.9731
    endloop
  endfacet
  facet normal 0 0.41262 -0.910903
    outer loop
      vertex 2.7 -0.841903 22.0325
      vertex -12 -0.973035 21.9731
      vertex -12 -0.841903 22.0325
    endloop
  endfacet
  facet normal 0 0.163226 -0.986589
    outer loop
      vertex -12 -0.429198 22.1577
      vertex 2.7 -0.287157 22.1812
      vertex 2.7 -0.429198 22.1577
    endloop
  endfacet
  facet normal 0 0.163226 -0.986589
    outer loop
      vertex 2.7 -0.287157 22.1812
      vertex -12 -0.429198 22.1577
      vertex -12 -0.287157 22.1812
    endloop
  endfacet
  facet normal 0 0.729598 0.683876
    outer loop
      vertex 2.7 -1.55563 18.4444
      vertex -12 -1.65405 18.5494
      vertex 2.7 -1.65405 18.5494
    endloop
  endfacet
  facet normal 0 0.729598 0.683876
    outer loop
      vertex -12 -1.65405 18.5494
      vertex 2.7 -1.55563 18.4444
      vertex -12 -1.55563 18.4444
    endloop
  endfacet
  facet normal -0 0.68356 0.729895
    outer loop
      vertex -12 -1.45056 18.346
      vertex 2.7 -1.55563 18.4444
      vertex 2.7 -1.45056 18.346
    endloop
  endfacet
  facet normal 0 0.68356 0.729895
    outer loop
      vertex 2.7 -1.55563 18.4444
      vertex -12 -1.45056 18.346
      vertex -12 -1.55563 18.4444
    endloop
  endfacet
  facet normal 0 0.956962 -0.290214
    outer loop
      vertex 2.7 -2.12504 20.5694
      vertex -12 -2.08325 20.7072
      vertex 2.7 -2.08325 20.7072
    endloop
  endfacet
  facet normal 0 0.956962 -0.290214
    outer loop
      vertex -12 -2.08325 20.7072
      vertex 2.7 -2.12504 20.5694
      vertex -12 -2.12504 20.5694
    endloop
  endfacet
  facet normal 0 0.995187 -0.0979909
    outer loop
      vertex 2.7 -2.19529 20.1439
      vertex -12 -2.18118 20.2872
      vertex 2.7 -2.18118 20.2872
    endloop
  endfacet
  facet normal 0 0.995187 -0.0979909
    outer loop
      vertex -12 -2.18118 20.2872
      vertex 2.7 -2.19529 20.1439
      vertex -12 -2.19529 20.1439
    endloop
  endfacet
  facet normal 0 0.910839 -0.412761
    outer loop
      vertex 2.7 -2.03253 20.8419
      vertex -12 -1.97312 20.973
      vertex 2.7 -1.97312 20.973
    endloop
  endfacet
  facet normal 0 0.910839 -0.412761
    outer loop
      vertex -12 -1.97312 20.973
      vertex 2.7 -2.03253 20.8419
      vertex -12 -2.03253 20.8419
    endloop
  endfacet
  facet normal 0 0.881987 -0.471273
    outer loop
      vertex 2.7 -1.97312 20.973
      vertex -12 -1.90526 21.1
      vertex 2.7 -1.90526 21.1
    endloop
  endfacet
  facet normal 0 0.881987 -0.471273
    outer loop
      vertex -12 -1.90526 21.1
      vertex 2.7 -1.97312 20.973
      vertex -12 -1.97312 20.973
    endloop
  endfacet
  facet normal 0 0.812817 -0.582519
    outer loop
      vertex 2.7 -1.82923 21.2223
      vertex -12 -1.74538 21.3393
      vertex 2.7 -1.74538 21.3393
    endloop
  endfacet
  facet normal 0 0.812817 -0.582519
    outer loop
      vertex -12 -1.74538 21.3393
      vertex 2.7 -1.82923 21.2223
      vertex -12 -1.82923 21.2223
    endloop
  endfacet
  facet normal 0 0.528469 -0.848953
    outer loop
      vertex -12 -1.22225 21.8292
      vertex 2.7 -1.1 21.9053
      vertex 2.7 -1.22225 21.8292
    endloop
  endfacet
  facet normal 0 0.528469 -0.848953
    outer loop
      vertex 2.7 -1.1 21.9053
      vertex -12 -1.22225 21.8292
      vertex -12 -1.1 21.9053
    endloop
  endfacet
  facet normal 0 0.227136 -0.973863
    outer loop
      vertex -12 -0.569402 22.125
      vertex 2.7 -0.429198 22.1577
      vertex 2.7 -0.569402 22.125
    endloop
  endfacet
  facet normal 0 0.227136 -0.973863
    outer loop
      vertex 2.7 -0.429198 22.1577
      vertex -12 -0.569402 22.125
      vertex -12 -0.429198 22.1577
    endloop
  endfacet
  facet normal 0 0.0979424 -0.995192
    outer loop
      vertex -12 -0.287157 22.1812
      vertex 2.7 -0.143887 22.1953
      vertex 2.7 -0.287157 22.1812
    endloop
  endfacet
  facet normal 0 0.0979424 -0.995192
    outer loop
      vertex 2.7 -0.143887 22.1953
      vertex -12 -0.287157 22.1812
      vertex -12 -0.143887 22.1953
    endloop
  endfacet
  facet normal 0 0.77305 -0.634345
    outer loop
      vertex 2.7 -1.74538 21.3393
      vertex -12 -1.65405 21.4506
      vertex 2.7 -1.65405 21.4506
    endloop
  endfacet
  facet normal 0 0.77305 -0.634345
    outer loop
      vertex -12 -1.65405 21.4506
      vertex 2.7 -1.74538 21.3393
      vertex -12 -1.74538 21.3393
    endloop
  endfacet
  facet normal 0 0.849268 -0.527963
    outer loop
      vertex 2.7 -1.90526 21.1
      vertex -12 -1.82923 21.2223
      vertex 2.7 -1.82923 21.2223
    endloop
  endfacet
  facet normal 0 0.849268 -0.527963
    outer loop
      vertex -12 -1.82923 21.2223
      vertex 2.7 -1.90526 21.1
      vertex -12 -1.90526 21.1
    endloop
  endfacet
  facet normal 0 -0.0325742 0.999469
    outer loop
      vertex -16 0.248531 16.2081
      vertex -12 0 16.2
      vertex -12 0.248531 16.2081
    endloop
  endfacet
  facet normal 0 -0.0325742 0.999469
    outer loop
      vertex -12 0 16.2
      vertex -16 0.248531 16.2081
      vertex -16 0 16.2
    endloop
  endfacet
  facet normal 0 -0.0325742 -0.999469
    outer loop
      vertex -16 0 23.8
      vertex -12 0.248531 23.7919
      vertex -12 0 23.8
    endloop
  endfacet
  facet normal -0 -0.0325742 -0.999469
    outer loop
      vertex -12 0.248531 23.7919
      vertex -16 0 23.8
      vertex -16 0.248531 23.7919
    endloop
  endfacet
  facet normal 0 -0.999464 -0.032739
    outer loop
      vertex -16 3.8 20
      vertex -12 3.79186 20.2485
      vertex -16 3.79186 20.2485
    endloop
  endfacet
  facet normal 0 -0.999464 -0.032739
    outer loop
      vertex -12 3.79186 20.2485
      vertex -16 3.8 20
      vertex -12 3.8 20
    endloop
  endfacet
  facet normal 0 0.999464 0.032739
    outer loop
      vertex -12 -3.79186 19.7515
      vertex -16 -3.8 20
      vertex -12 -3.8 20
    endloop
  endfacet
  facet normal 0 0.999464 0.032739
    outer loop
      vertex -16 -3.8 20
      vertex -12 -3.79186 19.7515
      vertex -16 -3.79186 19.7515
    endloop
  endfacet
  facet normal 0 -0.683607 -0.729851
    outer loop
      vertex -16 2.50551 22.857
      vertex -12 2.68701 22.687
      vertex -12 2.50551 22.857
    endloop
  endfacet
  facet normal -0 -0.683607 -0.729851
    outer loop
      vertex -12 2.68701 22.687
      vertex -16 2.50551 22.857
      vertex -16 2.68701 22.687
    endloop
  endfacet
  facet normal 0 -0.910873 -0.412688
    outer loop
      vertex -16 3.51074 21.4542
      vertex -12 3.40812 21.6807
      vertex -16 3.40812 21.6807
    endloop
  endfacet
  facet normal 0 -0.910873 -0.412688
    outer loop
      vertex -12 3.40812 21.6807
      vertex -16 3.51074 21.4542
      vertex -12 3.51074 21.4542
    endloop
  endfacet
  facet normal 0 -0.412621 -0.910903
    outer loop
      vertex -16 1.4542 23.5107
      vertex -12 1.6807 23.4081
      vertex -12 1.4542 23.5107
    endloop
  endfacet
  facet normal -0 -0.412621 -0.910903
    outer loop
      vertex -12 1.6807 23.4081
      vertex -16 1.4542 23.5107
      vertex -16 1.6807 23.4081
    endloop
  endfacet
  facet normal 0 -0.973889 -0.227026
    outer loop
      vertex -16 3.72698 20.7413
      vertex -12 3.67052 20.9835
      vertex -16 3.67052 20.9835
    endloop
  endfacet
  facet normal 0 -0.973889 -0.227026
    outer loop
      vertex -12 3.67052 20.9835
      vertex -16 3.72698 20.7413
      vertex -12 3.72698 20.7413
    endloop
  endfacet
  facet normal 0 0.973889 0.227026
    outer loop
      vertex -12 -3.67052 19.0165
      vertex -16 -3.72698 19.2587
      vertex -12 -3.72698 19.2587
    endloop
  endfacet
  facet normal 0 0.973889 0.227026
    outer loop
      vertex -16 -3.72698 19.2587
      vertex -12 -3.67052 19.0165
      vertex -16 -3.67052 19.0165
    endloop
  endfacet
  facet normal 0 -0.0981228 0.995174
    outer loop
      vertex -16 0.495999 16.2325
      vertex -12 0.248531 16.2081
      vertex -12 0.495999 16.2325
    endloop
  endfacet
  facet normal 0 -0.0981228 0.995174
    outer loop
      vertex -12 0.248531 16.2081
      vertex -16 0.495999 16.2325
      vertex -16 0.248531 16.2081
    endloop
  endfacet
  facet normal 0 -0.634271 0.773111
    outer loop
      vertex -16 2.50551 17.143
      vertex -12 2.31329 16.9853
      vertex -12 2.50551 17.143
    endloop
  endfacet
  facet normal 0 -0.634271 0.773111
    outer loop
      vertex -12 2.31329 16.9853
      vertex -16 2.50551 17.143
      vertex -16 2.31329 16.9853
    endloop
  endfacet
  facet normal 0 -0.47134 0.881952
    outer loop
      vertex -16 1.9 16.7091
      vertex -12 1.6807 16.5919
      vertex -12 1.9 16.7091
    endloop
  endfacet
  facet normal 0 -0.47134 0.881952
    outer loop
      vertex -12 1.6807 16.5919
      vertex -16 1.9 16.7091
      vertex -16 1.6807 16.5919
    endloop
  endfacet
  facet normal 0 -0.995187 0.0979908
    outer loop
      vertex -16 3.76749 19.504
      vertex -12 3.79186 19.7515
      vertex -16 3.79186 19.7515
    endloop
  endfacet
  facet normal 0 -0.995187 0.0979908
    outer loop
      vertex -12 3.79186 19.7515
      vertex -16 3.76749 19.504
      vertex -12 3.76749 19.504
    endloop
  endfacet
  facet normal 0 -0.290344 -0.956922
    outer loop
      vertex -16 0.983512 23.6705
      vertex -12 1.22147 23.5983
      vertex -12 0.983512 23.6705
    endloop
  endfacet
  facet normal -0 -0.290344 -0.956922
    outer loop
      vertex -12 1.22147 23.5983
      vertex -16 0.983512 23.6705
      vertex -16 1.22147 23.5983
    endloop
  endfacet
  facet normal 0 -0.528027 -0.849227
    outer loop
      vertex -16 1.9 23.2909
      vertex -12 2.11117 23.1596
      vertex -12 1.9 23.2909
    endloop
  endfacet
  facet normal -0 -0.528027 -0.849227
    outer loop
      vertex -12 2.11117 23.1596
      vertex -16 1.9 23.2909
      vertex -16 2.11117 23.1596
    endloop
  endfacet
  facet normal 0 -0.47134 -0.881952
    outer loop
      vertex -16 1.6807 23.4081
      vertex -12 1.9 23.2909
      vertex -12 1.6807 23.4081
    endloop
  endfacet
  facet normal -0 -0.47134 -0.881952
    outer loop
      vertex -12 1.9 23.2909
      vertex -16 1.6807 23.4081
      vertex -16 1.9 23.2909
    endloop
  endfacet
  facet normal 0 -0.352273 -0.935897
    outer loop
      vertex -16 1.22147 23.5983
      vertex -12 1.4542 23.5107
      vertex -12 1.22147 23.5983
    endloop
  endfacet
  facet normal -0 -0.352273 -0.935897
    outer loop
      vertex -12 1.4542 23.5107
      vertex -16 1.22147 23.5983
      vertex -16 1.4542 23.5107
    endloop
  endfacet
  facet normal 0 -0.16287 -0.986648
    outer loop
      vertex -16 0.495999 23.7675
      vertex -12 0.741343 23.727
      vertex -12 0.495999 23.7675
    endloop
  endfacet
  facet normal -0 -0.16287 -0.986648
    outer loop
      vertex -12 0.741343 23.727
      vertex -16 0.495999 23.7675
      vertex -16 0.741343 23.727
    endloop
  endfacet
  facet normal 0 -0.849225 -0.528031
    outer loop
      vertex -16 3.2909 21.9
      vertex -12 3.15958 22.1112
      vertex -16 3.15958 22.1112
    endloop
  endfacet
  facet normal 0 -0.849225 -0.528031
    outer loop
      vertex -12 3.15958 22.1112
      vertex -16 3.2909 21.9
      vertex -12 3.2909 21.9
    endloop
  endfacet
  facet normal 0 -0.881918 -0.471402
    outer loop
      vertex -16 3.40812 21.6807
      vertex -12 3.2909 21.9
      vertex -16 3.2909 21.9
    endloop
  endfacet
  facet normal 0 -0.881918 -0.471402
    outer loop
      vertex -12 3.2909 21.9
      vertex -16 3.40812 21.6807
      vertex -12 3.40812 21.6807
    endloop
  endfacet
  facet normal 0 -0.77298 -0.634431
    outer loop
      vertex -16 3.01474 22.3133
      vertex -12 2.85699 22.5055
      vertex -16 2.85699 22.5055
    endloop
  endfacet
  facet normal 0 -0.77298 -0.634431
    outer loop
      vertex -12 2.85699 22.5055
      vertex -16 3.01474 22.3133
      vertex -12 3.01474 22.3133
    endloop
  endfacet
  facet normal 0 -0.935895 -0.352278
    outer loop
      vertex -16 3.59833 21.2215
      vertex -12 3.51074 21.4542
      vertex -16 3.51074 21.4542
    endloop
  endfacet
  facet normal 0 -0.935895 -0.352278
    outer loop
      vertex -12 3.51074 21.4542
      vertex -16 3.59833 21.2215
      vertex -12 3.59833 21.2215
    endloop
  endfacet
  facet normal 0 -0.995187 -0.0979908
    outer loop
      vertex -16 3.79186 20.2485
      vertex -12 3.76749 20.496
      vertex -16 3.76749 20.496
    endloop
  endfacet
  facet normal 0 -0.995187 -0.0979908
    outer loop
      vertex -12 3.76749 20.496
      vertex -16 3.79186 20.2485
      vertex -12 3.79186 20.2485
    endloop
  endfacet
  facet normal 0 0.528027 -0.849227
    outer loop
      vertex -16 -2.11117 23.1596
      vertex -12 -1.9 23.2909
      vertex -12 -2.11117 23.1596
    endloop
  endfacet
  facet normal 0 0.528027 -0.849227
    outer loop
      vertex -12 -1.9 23.2909
      vertex -16 -2.11117 23.1596
      vertex -16 -1.9 23.2909
    endloop
  endfacet
  facet normal 0 0.995187 0.0979908
    outer loop
      vertex -12 -3.76749 19.504
      vertex -16 -3.79186 19.7515
      vertex -12 -3.79186 19.7515
    endloop
  endfacet
  facet normal 0 0.995187 0.0979908
    outer loop
      vertex -16 -3.79186 19.7515
      vertex -12 -3.76749 19.504
      vertex -16 -3.76749 19.504
    endloop
  endfacet
  facet normal 0 0.910873 0.412688
    outer loop
      vertex -12 -3.40812 18.3193
      vertex -16 -3.51074 18.5458
      vertex -12 -3.51074 18.5458
    endloop
  endfacet
  facet normal 0 0.910873 0.412688
    outer loop
      vertex -16 -3.51074 18.5458
      vertex -12 -3.40812 18.3193
      vertex -16 -3.40812 18.3193
    endloop
  endfacet
  facet normal 0 -0.16287 0.986648
    outer loop
      vertex -16 0.741343 16.273
      vertex -12 0.495999 16.2325
      vertex -12 0.741343 16.273
    endloop
  endfacet
  facet normal 0 -0.16287 0.986648
    outer loop
      vertex -12 0.495999 16.2325
      vertex -16 0.741343 16.273
      vertex -16 0.495999 16.2325
    endloop
  endfacet
  facet normal 0 -0.412621 0.910903
    outer loop
      vertex -16 1.6807 16.5919
      vertex -12 1.4542 16.4893
      vertex -12 1.6807 16.5919
    endloop
  endfacet
  facet normal 0 -0.412621 0.910903
    outer loop
      vertex -12 1.4542 16.4893
      vertex -16 1.6807 16.5919
      vertex -16 1.4542 16.4893
    endloop
  endfacet
  facet normal 0 -0.290344 0.956922
    outer loop
      vertex -16 1.22147 16.4017
      vertex -12 0.983512 16.3295
      vertex -12 1.22147 16.4017
    endloop
  endfacet
  facet normal 0 -0.290344 0.956922
    outer loop
      vertex -12 0.983512 16.3295
      vertex -16 1.22147 16.4017
      vertex -16 0.983512 16.3295
    endloop
  endfacet
  facet normal 0 -0.683607 0.729851
    outer loop
      vertex -16 2.68701 17.313
      vertex -12 2.50551 17.143
      vertex -12 2.68701 17.313
    endloop
  endfacet
  facet normal 0 -0.683607 0.729851
    outer loop
      vertex -12 2.50551 17.143
      vertex -16 2.68701 17.313
      vertex -16 2.50551 17.143
    endloop
  endfacet
  facet normal 0 -0.528027 0.849227
    outer loop
      vertex -16 2.11117 16.8404
      vertex -12 1.9 16.7091
      vertex -12 2.11117 16.8404
    endloop
  endfacet
  facet normal 0 -0.528027 0.849227
    outer loop
      vertex -12 1.9 16.7091
      vertex -16 2.11117 16.8404
      vertex -16 1.9 16.7091
    endloop
  endfacet
  facet normal 0 -0.956948 0.290261
    outer loop
      vertex -16 3.59833 18.7785
      vertex -12 3.67052 19.0165
      vertex -16 3.67052 19.0165
    endloop
  endfacet
  facet normal 0 -0.956948 0.290261
    outer loop
      vertex -12 3.67052 19.0165
      vertex -16 3.59833 18.7785
      vertex -12 3.59833 18.7785
    endloop
  endfacet
  facet normal 0 -0.986636 0.162938
    outer loop
      vertex -16 3.72698 19.2587
      vertex -12 3.76749 19.504
      vertex -16 3.76749 19.504
    endloop
  endfacet
  facet normal 0 -0.986636 0.162938
    outer loop
      vertex -12 3.76749 19.504
      vertex -16 3.72698 19.2587
      vertex -12 3.72698 19.2587
    endloop
  endfacet
  facet normal 0 -0.999464 0.032739
    outer loop
      vertex -16 3.79186 19.7515
      vertex -12 3.8 20
      vertex -16 3.8 20
    endloop
  endfacet
  facet normal 0 -0.999464 0.032739
    outer loop
      vertex -12 3.8 20
      vertex -16 3.79186 19.7515
      vertex -12 3.79186 19.7515
    endloop
  endfacet
  facet normal 0 -0.881918 0.471402
    outer loop
      vertex -16 3.2909 18.1
      vertex -12 3.40812 18.3193
      vertex -16 3.40812 18.3193
    endloop
  endfacet
  facet normal 0 -0.881918 0.471402
    outer loop
      vertex -12 3.40812 18.3193
      vertex -16 3.2909 18.1
      vertex -12 3.2909 18.1
    endloop
  endfacet
  facet normal 0 -0.935895 0.352278
    outer loop
      vertex -16 3.51074 18.5458
      vertex -12 3.59833 18.7785
      vertex -16 3.59833 18.7785
    endloop
  endfacet
  facet normal 0 -0.935895 0.352278
    outer loop
      vertex -12 3.59833 18.7785
      vertex -16 3.51074 18.5458
      vertex -12 3.51074 18.5458
    endloop
  endfacet
  facet normal 0 -0.849225 0.528031
    outer loop
      vertex -16 3.15958 17.8888
      vertex -12 3.2909 18.1
      vertex -16 3.2909 18.1
    endloop
  endfacet
  facet normal 0 -0.849225 0.528031
    outer loop
      vertex -12 3.2909 18.1
      vertex -16 3.15958 17.8888
      vertex -12 3.15958 17.8888
    endloop
  endfacet
  facet normal 0 -0.77298 0.634431
    outer loop
      vertex -16 2.85699 17.4945
      vertex -12 3.01474 17.6867
      vertex -16 3.01474 17.6867
    endloop
  endfacet
  facet normal 0 -0.77298 0.634431
    outer loop
      vertex -12 3.01474 17.6867
      vertex -16 2.85699 17.4945
      vertex -12 2.85699 17.4945
    endloop
  endfacet
  facet normal 0 -0.582645 -0.812727
    outer loop
      vertex -16 2.11117 23.1596
      vertex -12 2.31329 23.0147
      vertex -12 2.11117 23.1596
    endloop
  endfacet
  facet normal -0 -0.582645 -0.812727
    outer loop
      vertex -12 2.31329 23.0147
      vertex -16 2.11117 23.1596
      vertex -16 2.31329 23.0147
    endloop
  endfacet
  facet normal 0 -0.634271 -0.773111
    outer loop
      vertex -16 2.31329 23.0147
      vertex -12 2.50551 22.857
      vertex -12 2.31329 23.0147
    endloop
  endfacet
  facet normal -0 -0.634271 -0.773111
    outer loop
      vertex -12 2.50551 22.857
      vertex -16 2.31329 23.0147
      vertex -16 2.50551 22.857
    endloop
  endfacet
  facet normal 0 -0.227206 -0.973847
    outer loop
      vertex -16 0.741343 23.727
      vertex -12 0.983512 23.6705
      vertex -12 0.741343 23.727
    endloop
  endfacet
  facet normal -0 -0.227206 -0.973847
    outer loop
      vertex -12 0.983512 23.6705
      vertex -16 0.741343 23.727
      vertex -16 0.983512 23.6705
    endloop
  endfacet
  facet normal 0 -0.0981228 -0.995174
    outer loop
      vertex -16 0.248531 23.7919
      vertex -12 0.495999 23.7675
      vertex -12 0.248531 23.7919
    endloop
  endfacet
  facet normal -0 -0.0981228 -0.995174
    outer loop
      vertex -12 0.495999 23.7675
      vertex -16 0.248531 23.7919
      vertex -16 0.495999 23.7675
    endloop
  endfacet
  facet normal 0 -0.812814 -0.582523
    outer loop
      vertex -16 3.15958 22.1112
      vertex -12 3.01474 22.3133
      vertex -16 3.01474 22.3133
    endloop
  endfacet
  facet normal 0 -0.812814 -0.582523
    outer loop
      vertex -12 3.01474 22.3133
      vertex -16 3.15958 22.1112
      vertex -12 3.15958 22.1112
    endloop
  endfacet
  facet normal -0 0.0325742 0.999469
    outer loop
      vertex -16 0 16.2
      vertex -12 -0.248531 16.2081
      vertex -12 0 16.2
    endloop
  endfacet
  facet normal 0 0.0325742 0.999469
    outer loop
      vertex -12 -0.248531 16.2081
      vertex -16 0 16.2
      vertex -16 -0.248531 16.2081
    endloop
  endfacet
  facet normal -0 0.0981228 0.995174
    outer loop
      vertex -16 -0.248531 16.2081
      vertex -12 -0.495999 16.2325
      vertex -12 -0.248531 16.2081
    endloop
  endfacet
  facet normal 0 0.0981228 0.995174
    outer loop
      vertex -12 -0.495999 16.2325
      vertex -16 -0.248531 16.2081
      vertex -16 -0.495999 16.2325
    endloop
  endfacet
  facet normal -0 0.16287 0.986648
    outer loop
      vertex -16 -0.495999 16.2325
      vertex -12 -0.741343 16.273
      vertex -12 -0.495999 16.2325
    endloop
  endfacet
  facet normal 0 0.16287 0.986648
    outer loop
      vertex -12 -0.741343 16.273
      vertex -16 -0.495999 16.2325
      vertex -16 -0.741343 16.273
    endloop
  endfacet
  facet normal 0 0.935895 0.352278
    outer loop
      vertex -12 -3.51074 18.5458
      vertex -16 -3.59833 18.7785
      vertex -12 -3.59833 18.7785
    endloop
  endfacet
  facet normal 0 0.935895 0.352278
    outer loop
      vertex -16 -3.59833 18.7785
      vertex -12 -3.51074 18.5458
      vertex -16 -3.51074 18.5458
    endloop
  endfacet
  facet normal 0 -0.227206 0.973847
    outer loop
      vertex -16 0.983512 16.3295
      vertex -12 0.741343 16.273
      vertex -12 0.983512 16.3295
    endloop
  endfacet
  facet normal 0 -0.227206 0.973847
    outer loop
      vertex -12 0.741343 16.273
      vertex -16 0.983512 16.3295
      vertex -16 0.741343 16.273
    endloop
  endfacet
  facet normal 0 -0.352273 0.935897
    outer loop
      vertex -16 1.4542 16.4893
      vertex -12 1.22147 16.4017
      vertex -12 1.4542 16.4893
    endloop
  endfacet
  facet normal 0 -0.352273 0.935897
    outer loop
      vertex -12 1.22147 16.4017
      vertex -16 1.4542 16.4893
      vertex -16 1.22147 16.4017
    endloop
  endfacet
  facet normal 0 -0.729891 0.683564
    outer loop
      vertex -16 2.68701 17.313
      vertex -12 2.85699 17.4945
      vertex -16 2.85699 17.4945
    endloop
  endfacet
  facet normal 0 -0.729891 0.683564
    outer loop
      vertex -12 2.85699 17.4945
      vertex -16 2.68701 17.313
      vertex -12 2.68701 17.313
    endloop
  endfacet
  facet normal 0 -0.582645 0.812727
    outer loop
      vertex -16 2.31329 16.9853
      vertex -12 2.11117 16.8404
      vertex -12 2.31329 16.9853
    endloop
  endfacet
  facet normal 0 -0.582645 0.812727
    outer loop
      vertex -12 2.11117 16.8404
      vertex -16 2.31329 16.9853
      vertex -16 2.11117 16.8404
    endloop
  endfacet
  facet normal 0 -0.973889 0.227026
    outer loop
      vertex -16 3.67052 19.0165
      vertex -12 3.72698 19.2587
      vertex -16 3.72698 19.2587
    endloop
  endfacet
  facet normal 0 -0.973889 0.227026
    outer loop
      vertex -12 3.72698 19.2587
      vertex -16 3.67052 19.0165
      vertex -12 3.67052 19.0165
    endloop
  endfacet
  facet normal 0 -0.910873 0.412688
    outer loop
      vertex -16 3.40812 18.3193
      vertex -12 3.51074 18.5458
      vertex -16 3.51074 18.5458
    endloop
  endfacet
  facet normal 0 -0.910873 0.412688
    outer loop
      vertex -12 3.51074 18.5458
      vertex -16 3.40812 18.3193
      vertex -12 3.40812 18.3193
    endloop
  endfacet
  facet normal 0 -0.812814 0.582523
    outer loop
      vertex -16 3.01474 17.6867
      vertex -12 3.15958 17.8888
      vertex -16 3.15958 17.8888
    endloop
  endfacet
  facet normal 0 -0.812814 0.582523
    outer loop
      vertex -12 3.15958 17.8888
      vertex -16 3.01474 17.6867
      vertex -12 3.01474 17.6867
    endloop
  endfacet
  facet normal 0 -0.729891 -0.683564
    outer loop
      vertex -16 2.85699 22.5055
      vertex -12 2.68701 22.687
      vertex -16 2.68701 22.687
    endloop
  endfacet
  facet normal 0 -0.729891 -0.683564
    outer loop
      vertex -12 2.68701 22.687
      vertex -16 2.85699 22.5055
      vertex -12 2.85699 22.5055
    endloop
  endfacet
  facet normal 0 -0.956948 -0.290261
    outer loop
      vertex -16 3.67052 20.9835
      vertex -12 3.59833 21.2215
      vertex -16 3.59833 21.2215
    endloop
  endfacet
  facet normal 0 -0.956948 -0.290261
    outer loop
      vertex -12 3.59833 21.2215
      vertex -16 3.67052 20.9835
      vertex -12 3.67052 20.9835
    endloop
  endfacet
  facet normal 0 -0.986636 -0.162938
    outer loop
      vertex -16 3.76749 20.496
      vertex -12 3.72698 20.7413
      vertex -16 3.72698 20.7413
    endloop
  endfacet
  facet normal 0 -0.986636 -0.162938
    outer loop
      vertex -12 3.72698 20.7413
      vertex -16 3.76749 20.496
      vertex -12 3.76749 20.496
    endloop
  endfacet
  facet normal -0 0.47134 0.881952
    outer loop
      vertex -16 -1.6807 16.5919
      vertex -12 -1.9 16.7091
      vertex -12 -1.6807 16.5919
    endloop
  endfacet
  facet normal 0 0.47134 0.881952
    outer loop
      vertex -12 -1.9 16.7091
      vertex -16 -1.6807 16.5919
      vertex -16 -1.9 16.7091
    endloop
  endfacet
  facet normal -0 0.352273 0.935897
    outer loop
      vertex -16 -1.22147 16.4017
      vertex -12 -1.4542 16.4893
      vertex -12 -1.22147 16.4017
    endloop
  endfacet
  facet normal 0 0.352273 0.935897
    outer loop
      vertex -12 -1.4542 16.4893
      vertex -16 -1.22147 16.4017
      vertex -16 -1.4542 16.4893
    endloop
  endfacet
  facet normal -0 0.290344 0.956922
    outer loop
      vertex -16 -0.983512 16.3295
      vertex -12 -1.22147 16.4017
      vertex -12 -0.983512 16.3295
    endloop
  endfacet
  facet normal 0 0.290344 0.956922
    outer loop
      vertex -12 -1.22147 16.4017
      vertex -16 -0.983512 16.3295
      vertex -16 -1.22147 16.4017
    endloop
  endfacet
  facet normal 0 0.729891 0.683564
    outer loop
      vertex -12 -2.68701 17.313
      vertex -16 -2.85699 17.4945
      vertex -12 -2.85699 17.4945
    endloop
  endfacet
  facet normal 0 0.729891 0.683564
    outer loop
      vertex -16 -2.85699 17.4945
      vertex -12 -2.68701 17.313
      vertex -16 -2.68701 17.313
    endloop
  endfacet
  facet normal -0 0.683607 0.729851
    outer loop
      vertex -16 -2.50551 17.143
      vertex -12 -2.68701 17.313
      vertex -12 -2.50551 17.143
    endloop
  endfacet
  facet normal 0 0.683607 0.729851
    outer loop
      vertex -12 -2.68701 17.313
      vertex -16 -2.50551 17.143
      vertex -16 -2.68701 17.313
    endloop
  endfacet
  facet normal 0 0.881918 0.471402
    outer loop
      vertex -12 -3.2909 18.1
      vertex -16 -3.40812 18.3193
      vertex -12 -3.40812 18.3193
    endloop
  endfacet
  facet normal 0 0.881918 0.471402
    outer loop
      vertex -16 -3.40812 18.3193
      vertex -12 -3.2909 18.1
      vertex -16 -3.2909 18.1
    endloop
  endfacet
  facet normal 0 0.77298 0.634431
    outer loop
      vertex -12 -2.85699 17.4945
      vertex -16 -3.01474 17.6867
      vertex -12 -3.01474 17.6867
    endloop
  endfacet
  facet normal 0 0.77298 0.634431
    outer loop
      vertex -16 -3.01474 17.6867
      vertex -12 -2.85699 17.4945
      vertex -16 -2.85699 17.4945
    endloop
  endfacet
  facet normal 0 0.812814 0.582523
    outer loop
      vertex -12 -3.01474 17.6867
      vertex -16 -3.15958 17.8888
      vertex -12 -3.15958 17.8888
    endloop
  endfacet
  facet normal 0 0.812814 0.582523
    outer loop
      vertex -16 -3.15958 17.8888
      vertex -12 -3.01474 17.6867
      vertex -16 -3.01474 17.6867
    endloop
  endfacet
  facet normal -0 0.528027 0.849227
    outer loop
      vertex -16 -1.9 16.7091
      vertex -12 -2.11117 16.8404
      vertex -12 -1.9 16.7091
    endloop
  endfacet
  facet normal 0 0.528027 0.849227
    outer loop
      vertex -12 -2.11117 16.8404
      vertex -16 -1.9 16.7091
      vertex -16 -2.11117 16.8404
    endloop
  endfacet
  facet normal -0 0.634271 0.773111
    outer loop
      vertex -16 -2.31329 16.9853
      vertex -12 -2.50551 17.143
      vertex -12 -2.31329 16.9853
    endloop
  endfacet
  facet normal 0 0.634271 0.773111
    outer loop
      vertex -12 -2.50551 17.143
      vertex -16 -2.31329 16.9853
      vertex -16 -2.50551 17.143
    endloop
  endfacet
  facet normal -1 0 0
    outer loop
      vertex -12 2.2 20
      vertex -12 3.8 20
      vertex -12 3.79186 19.7515
    endloop
  endfacet
  facet normal -1 0 0
    outer loop
      vertex -12 2.19529 19.8561
      vertex -12 3.79186 19.7515
      vertex -12 3.76749 19.504
    endloop
  endfacet
  facet normal -1 0 0
    outer loop
      vertex -12 3.8 20
      vertex -12 2.2 20
      vertex -12 3.79186 20.2485
    endloop
  endfacet
  facet normal -1 0 0
    outer loop
      vertex -12 2.18118 19.7128
      vertex -12 3.76749 19.504
      vertex -12 3.72698 19.2587
    endloop
  endfacet
  facet normal -1 0 0
    outer loop
      vertex -12 2.19529 20.1439
      vertex -12 3.79186 20.2485
      vertex -12 2.2 20
    endloop
  endfacet
  facet normal -1 0 0
    outer loop
      vertex -12 2.15773 19.5708
      vertex -12 3.72698 19.2587
      vertex -12 3.67052 19.0165
    endloop
  endfacet
  facet normal -1 -0 0
    outer loop
      vertex -12 3.79186 20.2485
      vertex -12 2.19529 20.1439
      vertex -12 3.76749 20.496
    endloop
  endfacet
  facet normal -1 0 0
    outer loop
      vertex -12 2.12504 19.4306
      vertex -12 3.67052 19.0165
      vertex -12 3.59833 18.7785
    endloop
  endfacet
  facet normal -1 0 0
    outer loop
      vertex -12 2.18118 20.2872
      vertex -12 3.76749 20.496
      vertex -12 2.19529 20.1439
    endloop
  endfacet
  facet normal -1 0 0
    outer loop
      vertex -12 2.08325 19.2928
      vertex -12 3.59833 18.7785
      vertex -12 3.51074 18.5458
    endloop
  endfacet
  facet normal -1 -0 0
    outer loop
      vertex -12 3.76749 20.496
      vertex -12 2.18118 20.2872
      vertex -12 3.72698 20.7413
    endloop
  endfacet
  facet normal -1 0 0
    outer loop
      vertex -12 2.03253 19.1581
      vertex -12 3.51074 18.5458
      vertex -12 3.40812 18.3193
    endloop
  endfacet
  facet normal -1 0 0
    outer loop
      vertex -12 2.15773 20.4292
      vertex -12 3.72698 20.7413
      vertex -12 2.18118 20.2872
    endloop
  endfacet
  facet normal -1 0 0
    outer loop
      vertex -12 1.97312 19.027
      vertex -12 3.40812 18.3193
      vertex -12 3.2909 18.1
    endloop
  endfacet
  facet normal -1 -0 0
    outer loop
      vertex -12 3.72698 20.7413
      vertex -12 2.15773 20.4292
      vertex -12 3.67052 20.9835
    endloop
  endfacet
  facet normal -1 0 0
    outer loop
      vertex -12 1.90526 18.9
      vertex -12 3.2909 18.1
      vertex -12 3.15958 17.8888
    endloop
  endfacet
  facet normal -1 0 0
    outer loop
      vertex -12 2.12504 20.5694
      vertex -12 3.67052 20.9835
      vertex -12 2.15773 20.4292
    endloop
  endfacet
  facet normal -1 0 0
    outer loop
      vertex -12 1.82923 18.7777
      vertex -12 3.15958 17.8888
      vertex -12 3.01474 17.6867
    endloop
  endfacet
  facet normal -1 -0 0
    outer loop
      vertex -12 3.67052 20.9835
      vertex -12 2.12504 20.5694
      vertex -12 3.59833 21.2215
    endloop
  endfacet
  facet normal -1 0 0
    outer loop
      vertex -12 1.74538 18.6607
      vertex -12 3.01474 17.6867
      vertex -12 2.85699 17.4945
    endloop
  endfacet
  facet normal -1 0 0
    outer loop
      vertex -12 2.08325 20.7072
      vertex -12 3.59833 21.2215
      vertex -12 2.12504 20.5694
    endloop
  endfacet
  facet normal -1 0 0
    outer loop
      vertex -12 1.65405 18.5494
      vertex -12 2.85699 17.4945
      vertex -12 2.68701 17.313
    endloop
  endfacet
  facet normal -1 -0 0
    outer loop
      vertex -12 3.59833 21.2215
      vertex -12 2.08325 20.7072
      vertex -12 3.51074 21.4542
    endloop
  endfacet
  facet normal -1 0 0
    outer loop
      vertex -12 1.55563 18.4444
      vertex -12 2.68701 17.313
      vertex -12 2.50551 17.143
    endloop
  endfacet
  facet normal -1 0 0
    outer loop
      vertex -12 2.03253 20.8419
      vertex -12 3.51074 21.4542
      vertex -12 2.08325 20.7072
    endloop
  endfacet
  facet normal -1 0 0
    outer loop
      vertex -12 1.45056 18.346
      vertex -12 2.50551 17.143
      vertex -12 2.31329 16.9853
    endloop
  endfacet
  facet normal -1 -0 0
    outer loop
      vertex -12 3.51074 21.4542
      vertex -12 2.03253 20.8419
      vertex -12 3.40812 21.6807
    endloop
  endfacet
  facet normal -1 0 0
    outer loop
      vertex -12 1.97312 20.973
      vertex -12 3.40812 21.6807
      vertex -12 2.03253 20.8419
    endloop
  endfacet
  facet normal -1 0 0
    outer loop
      vertex -12 3.79186 19.7515
      vertex -12 2.19529 19.8561
      vertex -12 2.2 20
    endloop
  endfacet
  facet normal -1 0 0
    outer loop
      vertex -12 3.76749 19.504
      vertex -12 2.18118 19.7128
      vertex -12 2.19529 19.8561
    endloop
  endfacet
  facet normal -1 0 0
    outer loop
      vertex -12 3.72698 19.2587
      vertex -12 2.15773 19.5708
      vertex -12 2.18118 19.7128
    endloop
  endfacet
  facet normal -1 0 0
    outer loop
      vertex -12 3.67052 19.0165
      vertex -12 2.12504 19.4306
      vertex -12 2.15773 19.5708
    endloop
  endfacet
  facet normal -1 0 0
    outer loop
      vertex -12 1.33927 18.2546
      vertex -12 2.31329 16.9853
      vertex -12 2.11117 16.8404
    endloop
  endfacet
  facet normal -1 0 0
    outer loop
      vertex -12 3.59833 18.7785
      vertex -12 2.08325 19.2928
      vertex -12 2.12504 19.4306
    endloop
  endfacet
  facet normal -1 0 0
    outer loop
      vertex -12 3.51074 18.5458
      vertex -12 2.03253 19.1581
      vertex -12 2.08325 19.2928
    endloop
  endfacet
  facet normal -1 0 0
    outer loop
      vertex -12 3.40812 18.3193
      vertex -12 1.97312 19.027
      vertex -12 2.03253 19.1581
    endloop
  endfacet
  facet normal -1 0 0
    outer loop
      vertex -12 3.2909 18.1
      vertex -12 1.90526 18.9
      vertex -12 1.97312 19.027
    endloop
  endfacet
  facet normal -1 0 0
    outer loop
      vertex -12 1.22225 18.1708
      vertex -12 2.11117 16.8404
      vertex -12 1.9 16.7091
    endloop
  endfacet
  facet normal -1 0 0
    outer loop
      vertex -12 3.15958 17.8888
      vertex -12 1.82923 18.7777
      vertex -12 1.90526 18.9
    endloop
  endfacet
  facet normal -1 0 0
    outer loop
      vertex -12 3.01474 17.6867
      vertex -12 1.74538 18.6607
      vertex -12 1.82923 18.7777
    endloop
  endfacet
  facet normal -1 0 0
    outer loop
      vertex -12 1.1 18.0947
      vertex -12 1.9 16.7091
      vertex -12 1.6807 16.5919
    endloop
  endfacet
  facet normal -1 0 0
    outer loop
      vertex -12 2.85699 17.4945
      vertex -12 1.65405 18.5494
      vertex -12 1.74538 18.6607
    endloop
  endfacet
  facet normal -1 0 0
    outer loop
      vertex -12 2.68701 17.313
      vertex -12 1.55563 18.4444
      vertex -12 1.65405 18.5494
    endloop
  endfacet
  facet normal -1 0 0
    outer loop
      vertex -12 0.973035 18.0269
      vertex -12 1.6807 16.5919
      vertex -12 1.4542 16.4893
    endloop
  endfacet
  facet normal -1 0 0
    outer loop
      vertex -12 2.50551 17.143
      vertex -12 1.45056 18.346
      vertex -12 1.55563 18.4444
    endloop
  endfacet
  facet normal -1 0 0
    outer loop
      vertex -12 2.31329 16.9853
      vertex -12 1.33927 18.2546
      vertex -12 1.45056 18.346
    endloop
  endfacet
  facet normal -1 0 0
    outer loop
      vertex -12 2.11117 16.8404
      vertex -12 1.22225 18.1708
      vertex -12 1.33927 18.2546
    endloop
  endfacet
  facet normal -1 0 0
    outer loop
      vertex -12 0.841903 17.9675
      vertex -12 1.4542 16.4893
      vertex -12 1.22147 16.4017
    endloop
  endfacet
  facet normal -1 0 0
    outer loop
      vertex -12 1.9 16.7091
      vertex -12 1.1 18.0947
      vertex -12 1.22225 18.1708
    endloop
  endfacet
  facet normal -1 0 0
    outer loop
      vertex -12 0.707167 17.9168
      vertex -12 1.22147 16.4017
      vertex -12 0.983512 16.3295
    endloop
  endfacet
  facet normal -1 0 0
    outer loop
      vertex -12 1.6807 16.5919
      vertex -12 0.973035 18.0269
      vertex -12 1.1 18.0947
    endloop
  endfacet
  facet normal -1 0 0
    outer loop
      vertex -12 1.4542 16.4893
      vertex -12 0.841903 17.9675
      vertex -12 0.973035 18.0269
    endloop
  endfacet
  facet normal -1 0 0
    outer loop
      vertex -12 0.569402 17.875
      vertex -12 0.983512 16.3295
      vertex -12 0.741343 16.273
    endloop
  endfacet
  facet normal -1 0 0
    outer loop
      vertex -12 1.22147 16.4017
      vertex -12 0.707167 17.9168
      vertex -12 0.841903 17.9675
    endloop
  endfacet
  facet normal -1 0 0
    outer loop
      vertex -12 0.983512 16.3295
      vertex -12 0.569402 17.875
      vertex -12 0.707167 17.9168
    endloop
  endfacet
  facet normal -1 0 0
    outer loop
      vertex -12 0.429198 17.8423
      vertex -12 0.741343 16.273
      vertex -12 0.495999 16.2325
    endloop
  endfacet
  facet normal -1 0 0
    outer loop
      vertex -12 0.741343 16.273
      vertex -12 0.429198 17.8423
      vertex -12 0.569402 17.875
    endloop
  endfacet
  facet normal -1 0 0
    outer loop
      vertex -12 0.495999 16.2325
      vertex -12 0.287157 17.8188
      vertex -12 0.429198 17.8423
    endloop
  endfacet
  facet normal -1 0 0
    outer loop
      vertex -12 0.248531 16.2081
      vertex -12 0.287157 17.8188
      vertex -12 0.495999 16.2325
    endloop
  endfacet
  facet normal -1 0 0
    outer loop
      vertex -12 0.248531 16.2081
      vertex -12 0.143887 17.8047
      vertex -12 0.287157 17.8188
    endloop
  endfacet
  facet normal -1 0 0
    outer loop
      vertex -12 0 16.2
      vertex -12 0.143887 17.8047
      vertex -12 0.248531 16.2081
    endloop
  endfacet
  facet normal -1 0 0
    outer loop
      vertex -12 0 16.2
      vertex -12 0 17.8
      vertex -12 0.143887 17.8047
    endloop
  endfacet
  facet normal -1 0 0
    outer loop
      vertex -12 0 16.2
      vertex -12 -0.143887 17.8047
      vertex -12 0 17.8
    endloop
  endfacet
  facet normal -1 0 0
    outer loop
      vertex -12 -0.248531 16.2081
      vertex -12 -0.143887 17.8047
      vertex -12 0 16.2
    endloop
  endfacet
  facet normal -1 0 0
    outer loop
      vertex -12 -0.248531 16.2081
      vertex -12 -0.287157 17.8188
      vertex -12 -0.143887 17.8047
    endloop
  endfacet
  facet normal -1 0 0
    outer loop
      vertex -12 -0.495999 16.2325
      vertex -12 -0.287157 17.8188
      vertex -12 -0.248531 16.2081
    endloop
  endfacet
  facet normal -1 -0 0
    outer loop
      vertex -12 -0.287157 17.8188
      vertex -12 -0.495999 16.2325
      vertex -12 -0.429198 17.8423
    endloop
  endfacet
  facet normal -1 0 0
    outer loop
      vertex -12 -0.741343 16.273
      vertex -12 -0.429198 17.8423
      vertex -12 -0.495999 16.2325
    endloop
  endfacet
  facet normal -1 -0 0
    outer loop
      vertex -12 -0.429198 17.8423
      vertex -12 -0.741343 16.273
      vertex -12 -0.569402 17.875
    endloop
  endfacet
  facet normal -1 0 0
    outer loop
      vertex -12 -0.983512 16.3295
      vertex -12 -0.569402 17.875
      vertex -12 -0.741343 16.273
    endloop
  endfacet
  facet normal -1 -0 0
    outer loop
      vertex -12 -0.569402 17.875
      vertex -12 -0.983512 16.3295
      vertex -12 -0.707167 17.9168
    endloop
  endfacet
  facet normal -1 0 0
    outer loop
      vertex -12 -1.22147 16.4017
      vertex -12 -0.707167 17.9168
      vertex -12 -0.983512 16.3295
    endloop
  endfacet
  facet normal -1 -0 0
    outer loop
      vertex -12 -0.707167 17.9168
      vertex -12 -1.22147 16.4017
      vertex -12 -0.841903 17.9675
    endloop
  endfacet
  facet normal -1 0 0
    outer loop
      vertex -12 -1.4542 16.4893
      vertex -12 -0.841903 17.9675
      vertex -12 -1.22147 16.4017
    endloop
  endfacet
  facet normal -1 -0 0
    outer loop
      vertex -12 -0.841903 17.9675
      vertex -12 -1.4542 16.4893
      vertex -12 -0.973035 18.0269
    endloop
  endfacet
  facet normal -1 0 0
    outer loop
      vertex -12 -1.6807 16.5919
      vertex -12 -0.973035 18.0269
      vertex -12 -1.4542 16.4893
    endloop
  endfacet
  facet normal -1 -0 0
    outer loop
      vertex -12 -0.973035 18.0269
      vertex -12 -1.6807 16.5919
      vertex -12 -1.1 18.0947
    endloop
  endfacet
  facet normal -1 0 0
    outer loop
      vertex -12 -1.9 16.7091
      vertex -12 -1.1 18.0947
      vertex -12 -1.6807 16.5919
    endloop
  endfacet
  facet normal -1 -0 0
    outer loop
      vertex -12 -1.1 18.0947
      vertex -12 -1.9 16.7091
      vertex -12 -1.22225 18.1708
    endloop
  endfacet
  facet normal -1 0 0
    outer loop
      vertex -12 -2.11117 16.8404
      vertex -12 -1.22225 18.1708
      vertex -12 -1.9 16.7091
    endloop
  endfacet
  facet normal -1 -0 0
    outer loop
      vertex -12 -1.22225 18.1708
      vertex -12 -2.11117 16.8404
      vertex -12 -1.33927 18.2546
    endloop
  endfacet
  facet normal -1 0 0
    outer loop
      vertex -12 -2.31329 16.9853
      vertex -12 -1.33927 18.2546
      vertex -12 -2.11117 16.8404
    endloop
  endfacet
  facet normal -1 -0 0
    outer loop
      vertex -12 -1.33927 18.2546
      vertex -12 -2.31329 16.9853
      vertex -12 -1.45056 18.346
    endloop
  endfacet
  facet normal -1 0 0
    outer loop
      vertex -12 -2.50551 17.143
      vertex -12 -1.45056 18.346
      vertex -12 -2.31329 16.9853
    endloop
  endfacet
  facet normal -1 -0 0
    outer loop
      vertex -12 -1.45056 18.346
      vertex -12 -2.50551 17.143
      vertex -12 -1.55563 18.4444
    endloop
  endfacet
  facet normal -1 0 0
    outer loop
      vertex -12 -2.68701 17.313
      vertex -12 -1.55563 18.4444
      vertex -12 -2.50551 17.143
    endloop
  endfacet
  facet normal -1 -0 0
    outer loop
      vertex -12 -1.55563 18.4444
      vertex -12 -2.68701 17.313
      vertex -12 -1.65405 18.5494
    endloop
  endfacet
  facet normal -1 0 0
    outer loop
      vertex -12 -2.85699 17.4945
      vertex -12 -1.65405 18.5494
      vertex -12 -2.68701 17.313
    endloop
  endfacet
  facet normal -1 -0 0
    outer loop
      vertex -12 -1.65405 18.5494
      vertex -12 -2.85699 17.4945
      vertex -12 -1.74538 18.6607
    endloop
  endfacet
  facet normal -1 0 0
    outer loop
      vertex -12 -3.01474 17.6867
      vertex -12 -1.74538 18.6607
      vertex -12 -2.85699 17.4945
    endloop
  endfacet
  facet normal -1 -0 0
    outer loop
      vertex -12 -1.74538 18.6607
      vertex -12 -3.01474 17.6867
      vertex -12 -1.82923 18.7777
    endloop
  endfacet
  facet normal -1 0 0
    outer loop
      vertex -12 -3.15958 17.8888
      vertex -12 -1.82923 18.7777
      vertex -12 -3.01474 17.6867
    endloop
  endfacet
  facet normal -1 -0 0
    outer loop
      vertex -12 -1.82923 18.7777
      vertex -12 -3.15958 17.8888
      vertex -12 -1.90526 18.9
    endloop
  endfacet
  facet normal -1 0 0
    outer loop
      vertex -12 -3.2909 18.1
      vertex -12 -1.90526 18.9
      vertex -12 -3.15958 17.8888
    endloop
  endfacet
  facet normal -1 -0 0
    outer loop
      vertex -12 -1.90526 18.9
      vertex -12 -3.2909 18.1
      vertex -12 -1.97312 19.027
    endloop
  endfacet
  facet normal -1 0 0
    outer loop
      vertex -12 -3.40812 18.3193
      vertex -12 -1.97312 19.027
      vertex -12 -3.2909 18.1
    endloop
  endfacet
  facet normal -1 -0 0
    outer loop
      vertex -12 3.40812 21.6807
      vertex -12 1.97312 20.973
      vertex -12 3.2909 21.9
    endloop
  endfacet
  facet normal -1 0 0
    outer loop
      vertex -12 1.90526 21.1
      vertex -12 3.2909 21.9
      vertex -12 1.97312 20.973
    endloop
  endfacet
  facet normal -1 -0 0
    outer loop
      vertex -12 3.2909 21.9
      vertex -12 1.90526 21.1
      vertex -12 3.15958 22.1112
    endloop
  endfacet
  facet normal -1 0 0
    outer loop
      vertex -12 1.82923 21.2223
      vertex -12 3.15958 22.1112
      vertex -12 1.90526 21.1
    endloop
  endfacet
  facet normal -1 -0 0
    outer loop
      vertex -12 3.15958 22.1112
      vertex -12 1.82923 21.2223
      vertex -12 3.01474 22.3133
    endloop
  endfacet
  facet normal -1 0 0
    outer loop
      vertex -12 1.74538 21.3393
      vertex -12 3.01474 22.3133
      vertex -12 1.82923 21.2223
    endloop
  endfacet
  facet normal -1 -0 0
    outer loop
      vertex -12 3.01474 22.3133
      vertex -12 1.74538 21.3393
      vertex -12 2.85699 22.5055
    endloop
  endfacet
  facet normal -1 0 0
    outer loop
      vertex -12 1.65405 21.4506
      vertex -12 2.85699 22.5055
      vertex -12 1.74538 21.3393
    endloop
  endfacet
  facet normal -1 -0 0
    outer loop
      vertex -12 2.85699 22.5055
      vertex -12 1.65405 21.4506
      vertex -12 2.68701 22.687
    endloop
  endfacet
  facet normal -1 0 0
    outer loop
      vertex -12 1.55563 21.5556
      vertex -12 2.68701 22.687
      vertex -12 1.65405 21.4506
    endloop
  endfacet
  facet normal -1 -0 0
    outer loop
      vertex -12 2.68701 22.687
      vertex -12 1.55563 21.5556
      vertex -12 2.50551 22.857
    endloop
  endfacet
  facet normal -1 0 0
    outer loop
      vertex -12 1.45056 21.654
      vertex -12 2.50551 22.857
      vertex -12 1.55563 21.5556
    endloop
  endfacet
  facet normal -1 -0 0
    outer loop
      vertex -12 2.50551 22.857
      vertex -12 1.45056 21.654
      vertex -12 2.31329 23.0147
    endloop
  endfacet
  facet normal -1 0 0
    outer loop
      vertex -12 1.33927 21.7454
      vertex -12 2.31329 23.0147
      vertex -12 1.45056 21.654
    endloop
  endfacet
  facet normal -1 -0 0
    outer loop
      vertex -12 2.31329 23.0147
      vertex -12 1.33927 21.7454
      vertex -12 2.11117 23.1596
    endloop
  endfacet
  facet normal -1 0 0
    outer loop
      vertex -12 1.22225 21.8292
      vertex -12 2.11117 23.1596
      vertex -12 1.33927 21.7454
    endloop
  endfacet
  facet normal -1 -0 0
    outer loop
      vertex -12 2.11117 23.1596
      vertex -12 1.22225 21.8292
      vertex -12 1.9 23.2909
    endloop
  endfacet
  facet normal -1 0 0
    outer loop
      vertex -12 1.1 21.9053
      vertex -12 1.9 23.2909
      vertex -12 1.22225 21.8292
    endloop
  endfacet
  facet normal -1 -0 0
    outer loop
      vertex -12 1.9 23.2909
      vertex -12 1.1 21.9053
      vertex -12 1.6807 23.4081
    endloop
  endfacet
  facet normal -1 0 0
    outer loop
      vertex -12 0.973035 21.9731
      vertex -12 1.6807 23.4081
      vertex -12 1.1 21.9053
    endloop
  endfacet
  facet normal -1 -0 0
    outer loop
      vertex -12 1.6807 23.4081
      vertex -12 0.973035 21.9731
      vertex -12 1.4542 23.5107
    endloop
  endfacet
  facet normal -1 0 0
    outer loop
      vertex -12 0.841903 22.0325
      vertex -12 1.4542 23.5107
      vertex -12 0.973035 21.9731
    endloop
  endfacet
  facet normal -1 -0 0
    outer loop
      vertex -12 1.4542 23.5107
      vertex -12 0.841903 22.0325
      vertex -12 1.22147 23.5983
    endloop
  endfacet
  facet normal -1 0 0
    outer loop
      vertex -12 0.707167 22.0832
      vertex -12 1.22147 23.5983
      vertex -12 0.841903 22.0325
    endloop
  endfacet
  facet normal -1 -0 0
    outer loop
      vertex -12 1.22147 23.5983
      vertex -12 0.707167 22.0832
      vertex -12 0.983512 23.6705
    endloop
  endfacet
  facet normal -1 0 0
    outer loop
      vertex -12 0.569402 22.125
      vertex -12 0.983512 23.6705
      vertex -12 0.707167 22.0832
    endloop
  endfacet
  facet normal -1 -0 0
    outer loop
      vertex -12 0.983512 23.6705
      vertex -12 0.569402 22.125
      vertex -12 0.741343 23.727
    endloop
  endfacet
  facet normal -1 0 0
    outer loop
      vertex -12 0.429198 22.1577
      vertex -12 0.741343 23.727
      vertex -12 0.569402 22.125
    endloop
  endfacet
  facet normal -1 -0 0
    outer loop
      vertex -12 0.741343 23.727
      vertex -12 0.429198 22.1577
      vertex -12 0.495999 23.7675
    endloop
  endfacet
  facet normal -1 0 0
    outer loop
      vertex -12 0.287157 22.1812
      vertex -12 0.495999 23.7675
      vertex -12 0.429198 22.1577
    endloop
  endfacet
  facet normal -1 0 0
    outer loop
      vertex -12 0.287157 22.1812
      vertex -12 0.248531 23.7919
      vertex -12 0.495999 23.7675
    endloop
  endfacet
  facet normal -1 0 0
    outer loop
      vertex -12 0.143887 22.1953
      vertex -12 0.248531 23.7919
      vertex -12 0.287157 22.1812
    endloop
  endfacet
  facet normal -1 0 0
    outer loop
      vertex -12 0 22.2
      vertex -12 0.248531 23.7919
      vertex -12 0.143887 22.1953
    endloop
  endfacet
  facet normal -1 0 0
    outer loop
      vertex -12 0 22.2
      vertex -12 0 23.8
      vertex -12 0.248531 23.7919
    endloop
  endfacet
  facet normal -1 0 0
    outer loop
      vertex -12 -0.143887 22.1953
      vertex -12 0 23.8
      vertex -12 0 22.2
    endloop
  endfacet
  facet normal -1 0 0
    outer loop
      vertex -12 -0.143887 22.1953
      vertex -12 -0.248531 23.7919
      vertex -12 0 23.8
    endloop
  endfacet
  facet normal -1 0 0
    outer loop
      vertex -12 -0.287157 22.1812
      vertex -12 -0.248531 23.7919
      vertex -12 -0.143887 22.1953
    endloop
  endfacet
  facet normal -1 0 0
    outer loop
      vertex -12 -0.495999 23.7675
      vertex -12 -0.287157 22.1812
      vertex -12 -0.429198 22.1577
    endloop
  endfacet
  facet normal -1 0 0
    outer loop
      vertex -12 -0.287157 22.1812
      vertex -12 -0.495999 23.7675
      vertex -12 -0.248531 23.7919
    endloop
  endfacet
  facet normal -1 0 0
    outer loop
      vertex -12 -0.741343 23.727
      vertex -12 -0.429198 22.1577
      vertex -12 -0.569402 22.125
    endloop
  endfacet
  facet normal -1 0 0
    outer loop
      vertex -12 -0.983512 23.6705
      vertex -12 -0.569402 22.125
      vertex -12 -0.707167 22.0832
    endloop
  endfacet
  facet normal -1 0 0
    outer loop
      vertex -12 -0.429198 22.1577
      vertex -12 -0.741343 23.727
      vertex -12 -0.495999 23.7675
    endloop
  endfacet
  facet normal -1 0 0
    outer loop
      vertex -12 -1.22147 23.5983
      vertex -12 -0.707167 22.0832
      vertex -12 -0.841903 22.0325
    endloop
  endfacet
  facet normal -1 0 0
    outer loop
      vertex -12 -1.4542 23.5107
      vertex -12 -0.841903 22.0325
      vertex -12 -0.973035 21.9731
    endloop
  endfacet
  facet normal -1 0 0
    outer loop
      vertex -12 -0.569402 22.125
      vertex -12 -0.983512 23.6705
      vertex -12 -0.741343 23.727
    endloop
  endfacet
  facet normal -1 0 0
    outer loop
      vertex -12 -1.6807 23.4081
      vertex -12 -0.973035 21.9731
      vertex -12 -1.1 21.9053
    endloop
  endfacet
  facet normal -1 0 0
    outer loop
      vertex -12 -0.707167 22.0832
      vertex -12 -1.22147 23.5983
      vertex -12 -0.983512 23.6705
    endloop
  endfacet
  facet normal -1 0 0
    outer loop
      vertex -12 -1.9 23.2909
      vertex -12 -1.1 21.9053
      vertex -12 -1.22225 21.8292
    endloop
  endfacet
  facet normal -1 0 0
    outer loop
      vertex -12 -2.11117 23.1596
      vertex -12 -1.22225 21.8292
      vertex -12 -1.33927 21.7454
    endloop
  endfacet
  facet normal -1 0 0
    outer loop
      vertex -12 -2.31329 23.0147
      vertex -12 -1.33927 21.7454
      vertex -12 -1.45056 21.654
    endloop
  endfacet
  facet normal -1 0 0
    outer loop
      vertex -12 -0.841903 22.0325
      vertex -12 -1.4542 23.5107
      vertex -12 -1.22147 23.5983
    endloop
  endfacet
  facet normal -1 0 0
    outer loop
      vertex -12 -2.50551 22.857
      vertex -12 -1.45056 21.654
      vertex -12 -1.55563 21.5556
    endloop
  endfacet
  facet normal -1 0 0
    outer loop
      vertex -12 -2.68701 22.687
      vertex -12 -1.55563 21.5556
      vertex -12 -1.65405 21.4506
    endloop
  endfacet
  facet normal -1 0 0
    outer loop
      vertex -12 -0.973035 21.9731
      vertex -12 -1.6807 23.4081
      vertex -12 -1.4542 23.5107
    endloop
  endfacet
  facet normal -1 0 0
    outer loop
      vertex -12 -2.85699 22.5055
      vertex -12 -1.65405 21.4506
      vertex -12 -1.74538 21.3393
    endloop
  endfacet
  facet normal -1 0 0
    outer loop
      vertex -12 -3.01474 22.3133
      vertex -12 -1.74538 21.3393
      vertex -12 -1.82923 21.2223
    endloop
  endfacet
  facet normal -1 0 0
    outer loop
      vertex -12 -1.1 21.9053
      vertex -12 -1.9 23.2909
      vertex -12 -1.6807 23.4081
    endloop
  endfacet
  facet normal -1 0 0
    outer loop
      vertex -12 -3.15958 22.1112
      vertex -12 -1.82923 21.2223
      vertex -12 -1.90526 21.1
    endloop
  endfacet
  facet normal -1 0 0
    outer loop
      vertex -12 -3.2909 21.9
      vertex -12 -1.90526 21.1
      vertex -12 -1.97312 20.973
    endloop
  endfacet
  facet normal -1 0 0
    outer loop
      vertex -12 -3.40812 21.6807
      vertex -12 -1.97312 20.973
      vertex -12 -2.03253 20.8419
    endloop
  endfacet
  facet normal -1 0 0
    outer loop
      vertex -12 -3.51074 21.4542
      vertex -12 -2.03253 20.8419
      vertex -12 -2.08325 20.7072
    endloop
  endfacet
  facet normal -1 0 0
    outer loop
      vertex -12 -1.22225 21.8292
      vertex -12 -2.11117 23.1596
      vertex -12 -1.9 23.2909
    endloop
  endfacet
  facet normal -1 0 0
    outer loop
      vertex -12 -3.59833 21.2215
      vertex -12 -2.08325 20.7072
      vertex -12 -2.12504 20.5694
    endloop
  endfacet
  facet normal -1 0 0
    outer loop
      vertex -12 -3.67052 20.9835
      vertex -12 -2.12504 20.5694
      vertex -12 -2.15773 20.4292
    endloop
  endfacet
  facet normal -1 0 0
    outer loop
      vertex -12 -3.72698 20.7413
      vertex -12 -2.15773 20.4292
      vertex -12 -2.18118 20.2872
    endloop
  endfacet
  facet normal -1 0 0
    outer loop
      vertex -12 -3.76749 20.496
      vertex -12 -2.18118 20.2872
      vertex -12 -2.19529 20.1439
    endloop
  endfacet
  facet normal -1 0 0
    outer loop
      vertex -12 -3.79186 20.2485
      vertex -12 -2.19529 20.1439
      vertex -12 -2.2 20
    endloop
  endfacet
  facet normal -1 -0 0
    outer loop
      vertex -12 -1.97312 19.027
      vertex -12 -3.40812 18.3193
      vertex -12 -2.03253 19.1581
    endloop
  endfacet
  facet normal -1 0 0
    outer loop
      vertex -12 -1.33927 21.7454
      vertex -12 -2.31329 23.0147
      vertex -12 -2.11117 23.1596
    endloop
  endfacet
  facet normal -1 0 0
    outer loop
      vertex -12 -3.51074 18.5458
      vertex -12 -2.03253 19.1581
      vertex -12 -3.40812 18.3193
    endloop
  endfacet
  facet normal -1 0 0
    outer loop
      vertex -12 -1.45056 21.654
      vertex -12 -2.50551 22.857
      vertex -12 -2.31329 23.0147
    endloop
  endfacet
  facet normal -1 -0 0
    outer loop
      vertex -12 -2.03253 19.1581
      vertex -12 -3.51074 18.5458
      vertex -12 -2.08325 19.2928
    endloop
  endfacet
  facet normal -1 0 0
    outer loop
      vertex -12 -1.55563 21.5556
      vertex -12 -2.68701 22.687
      vertex -12 -2.50551 22.857
    endloop
  endfacet
  facet normal -1 0 0
    outer loop
      vertex -12 -3.59833 18.7785
      vertex -12 -2.08325 19.2928
      vertex -12 -3.51074 18.5458
    endloop
  endfacet
  facet normal -1 0 0
    outer loop
      vertex -12 -1.65405 21.4506
      vertex -12 -2.85699 22.5055
      vertex -12 -2.68701 22.687
    endloop
  endfacet
  facet normal -1 -0 0
    outer loop
      vertex -12 -2.08325 19.2928
      vertex -12 -3.59833 18.7785
      vertex -12 -2.12504 19.4306
    endloop
  endfacet
  facet normal -1 0 0
    outer loop
      vertex -12 -1.74538 21.3393
      vertex -12 -3.01474 22.3133
      vertex -12 -2.85699 22.5055
    endloop
  endfacet
  facet normal -1 0 0
    outer loop
      vertex -12 -3.67052 19.0165
      vertex -12 -2.12504 19.4306
      vertex -12 -3.59833 18.7785
    endloop
  endfacet
  facet normal -1 0 0
    outer loop
      vertex -12 -1.82923 21.2223
      vertex -12 -3.15958 22.1112
      vertex -12 -3.01474 22.3133
    endloop
  endfacet
  facet normal -1 -0 0
    outer loop
      vertex -12 -2.12504 19.4306
      vertex -12 -3.67052 19.0165
      vertex -12 -2.15773 19.5708
    endloop
  endfacet
  facet normal -1 0 0
    outer loop
      vertex -12 -1.90526 21.1
      vertex -12 -3.2909 21.9
      vertex -12 -3.15958 22.1112
    endloop
  endfacet
  facet normal -1 0 0
    outer loop
      vertex -12 -3.72698 19.2587
      vertex -12 -2.15773 19.5708
      vertex -12 -3.67052 19.0165
    endloop
  endfacet
  facet normal -1 0 0
    outer loop
      vertex -12 -1.97312 20.973
      vertex -12 -3.40812 21.6807
      vertex -12 -3.2909 21.9
    endloop
  endfacet
  facet normal -1 -0 0
    outer loop
      vertex -12 -2.15773 19.5708
      vertex -12 -3.72698 19.2587
      vertex -12 -2.18118 19.7128
    endloop
  endfacet
  facet normal -1 0 0
    outer loop
      vertex -12 -2.03253 20.8419
      vertex -12 -3.51074 21.4542
      vertex -12 -3.40812 21.6807
    endloop
  endfacet
  facet normal -1 0 0
    outer loop
      vertex -12 -3.76749 19.504
      vertex -12 -2.18118 19.7128
      vertex -12 -3.72698 19.2587
    endloop
  endfacet
  facet normal -1 0 0
    outer loop
      vertex -12 -2.08325 20.7072
      vertex -12 -3.59833 21.2215
      vertex -12 -3.51074 21.4542
    endloop
  endfacet
  facet normal -1 -0 0
    outer loop
      vertex -12 -2.18118 19.7128
      vertex -12 -3.76749 19.504
      vertex -12 -2.19529 19.8561
    endloop
  endfacet
  facet normal -1 0 0
    outer loop
      vertex -12 -2.12504 20.5694
      vertex -12 -3.67052 20.9835
      vertex -12 -3.59833 21.2215
    endloop
  endfacet
  facet normal -1 0 0
    outer loop
      vertex -12 -3.79186 19.7515
      vertex -12 -2.19529 19.8561
      vertex -12 -3.76749 19.504
    endloop
  endfacet
  facet normal -1 0 0
    outer loop
      vertex -12 -2.15773 20.4292
      vertex -12 -3.72698 20.7413
      vertex -12 -3.67052 20.9835
    endloop
  endfacet
  facet normal -1 -0 0
    outer loop
      vertex -12 -2.19529 19.8561
      vertex -12 -3.79186 19.7515
      vertex -12 -2.2 20
    endloop
  endfacet
  facet normal -1 0 0
    outer loop
      vertex -12 -2.18118 20.2872
      vertex -12 -3.76749 20.496
      vertex -12 -3.72698 20.7413
    endloop
  endfacet
  facet normal -1 0 0
    outer loop
      vertex -12 -3.8 20
      vertex -12 -2.2 20
      vertex -12 -3.79186 19.7515
    endloop
  endfacet
  facet normal -1 0 0
    outer loop
      vertex -12 -2.19529 20.1439
      vertex -12 -3.79186 20.2485
      vertex -12 -3.76749 20.496
    endloop
  endfacet
  facet normal -1 0 0
    outer loop
      vertex -12 -2.2 20
      vertex -12 -3.8 20
      vertex -12 -3.79186 20.2485
    endloop
  endfacet
  facet normal 0 0.849225 -0.528031
    outer loop
      vertex -12 -3.2909 21.9
      vertex -16 -3.15958 22.1112
      vertex -12 -3.15958 22.1112
    endloop
  endfacet
  facet normal 0 0.849225 -0.528031
    outer loop
      vertex -16 -3.15958 22.1112
      vertex -12 -3.2909 21.9
      vertex -16 -3.2909 21.9
    endloop
  endfacet
  facet normal 0 0.986636 -0.162938
    outer loop
      vertex -12 -3.76749 20.496
      vertex -16 -3.72698 20.7413
      vertex -12 -3.72698 20.7413
    endloop
  endfacet
  facet normal 0 0.986636 -0.162938
    outer loop
      vertex -16 -3.72698 20.7413
      vertex -12 -3.76749 20.496
      vertex -16 -3.76749 20.496
    endloop
  endfacet
  facet normal 0 0.634271 -0.773111
    outer loop
      vertex -16 -2.50551 22.857
      vertex -12 -2.31329 23.0147
      vertex -12 -2.50551 22.857
    endloop
  endfacet
  facet normal 0 0.634271 -0.773111
    outer loop
      vertex -12 -2.31329 23.0147
      vertex -16 -2.50551 22.857
      vertex -16 -2.31329 23.0147
    endloop
  endfacet
  facet normal 0 0.352273 -0.935897
    outer loop
      vertex -16 -1.4542 23.5107
      vertex -12 -1.22147 23.5983
      vertex -12 -1.4542 23.5107
    endloop
  endfacet
  facet normal 0 0.352273 -0.935897
    outer loop
      vertex -12 -1.22147 23.5983
      vertex -16 -1.4542 23.5107
      vertex -16 -1.22147 23.5983
    endloop
  endfacet
  facet normal 0 0.290344 -0.956922
    outer loop
      vertex -16 -1.22147 23.5983
      vertex -12 -0.983512 23.6705
      vertex -12 -1.22147 23.5983
    endloop
  endfacet
  facet normal 0 0.290344 -0.956922
    outer loop
      vertex -12 -0.983512 23.6705
      vertex -16 -1.22147 23.5983
      vertex -16 -0.983512 23.6705
    endloop
  endfacet
  facet normal 0 0.16287 -0.986648
    outer loop
      vertex -16 -0.741343 23.727
      vertex -12 -0.495999 23.7675
      vertex -12 -0.741343 23.727
    endloop
  endfacet
  facet normal 0 0.16287 -0.986648
    outer loop
      vertex -12 -0.495999 23.7675
      vertex -16 -0.741343 23.727
      vertex -16 -0.495999 23.7675
    endloop
  endfacet
  facet normal 0 0.0981228 -0.995174
    outer loop
      vertex -16 -0.495999 23.7675
      vertex -12 -0.248531 23.7919
      vertex -12 -0.495999 23.7675
    endloop
  endfacet
  facet normal 0 0.0981228 -0.995174
    outer loop
      vertex -12 -0.248531 23.7919
      vertex -16 -0.495999 23.7675
      vertex -16 -0.248531 23.7919
    endloop
  endfacet
  facet normal 0 0.986636 0.162938
    outer loop
      vertex -12 -3.72698 19.2587
      vertex -16 -3.76749 19.504
      vertex -12 -3.76749 19.504
    endloop
  endfacet
  facet normal 0 0.986636 0.162938
    outer loop
      vertex -16 -3.76749 19.504
      vertex -12 -3.72698 19.2587
      vertex -16 -3.72698 19.2587
    endloop
  endfacet
  facet normal -0 0.412621 0.910903
    outer loop
      vertex -16 -1.4542 16.4893
      vertex -12 -1.6807 16.5919
      vertex -12 -1.4542 16.4893
    endloop
  endfacet
  facet normal 0 0.412621 0.910903
    outer loop
      vertex -12 -1.6807 16.5919
      vertex -16 -1.4542 16.4893
      vertex -16 -1.6807 16.5919
    endloop
  endfacet
  facet normal -0 0.227206 0.973847
    outer loop
      vertex -16 -0.741343 16.273
      vertex -12 -0.983512 16.3295
      vertex -12 -0.741343 16.273
    endloop
  endfacet
  facet normal 0 0.227206 0.973847
    outer loop
      vertex -12 -0.983512 16.3295
      vertex -16 -0.741343 16.273
      vertex -16 -0.983512 16.3295
    endloop
  endfacet
  facet normal 0 0.849225 0.528031
    outer loop
      vertex -12 -3.15958 17.8888
      vertex -16 -3.2909 18.1
      vertex -12 -3.2909 18.1
    endloop
  endfacet
  facet normal 0 0.849225 0.528031
    outer loop
      vertex -16 -3.2909 18.1
      vertex -12 -3.15958 17.8888
      vertex -16 -3.15958 17.8888
    endloop
  endfacet
  facet normal -0 0.582645 0.812727
    outer loop
      vertex -16 -2.11117 16.8404
      vertex -12 -2.31329 16.9853
      vertex -12 -2.11117 16.8404
    endloop
  endfacet
  facet normal 0 0.582645 0.812727
    outer loop
      vertex -12 -2.31329 16.9853
      vertex -16 -2.11117 16.8404
      vertex -16 -2.31329 16.9853
    endloop
  endfacet
  facet normal 0 0.999464 -0.032739
    outer loop
      vertex -12 -3.8 20
      vertex -16 -3.79186 20.2485
      vertex -12 -3.79186 20.2485
    endloop
  endfacet
  facet normal 0 0.999464 -0.032739
    outer loop
      vertex -16 -3.79186 20.2485
      vertex -12 -3.8 20
      vertex -16 -3.8 20
    endloop
  endfacet
  facet normal 0 0.995187 -0.0979908
    outer loop
      vertex -12 -3.79186 20.2485
      vertex -16 -3.76749 20.496
      vertex -12 -3.76749 20.496
    endloop
  endfacet
  facet normal 0 0.995187 -0.0979908
    outer loop
      vertex -16 -3.76749 20.496
      vertex -12 -3.79186 20.2485
      vertex -16 -3.79186 20.2485
    endloop
  endfacet
  facet normal 0 0.973889 -0.227026
    outer loop
      vertex -12 -3.72698 20.7413
      vertex -16 -3.67052 20.9835
      vertex -12 -3.67052 20.9835
    endloop
  endfacet
  facet normal 0 0.973889 -0.227026
    outer loop
      vertex -16 -3.67052 20.9835
      vertex -12 -3.72698 20.7413
      vertex -16 -3.72698 20.7413
    endloop
  endfacet
  facet normal 0 0.412621 -0.910903
    outer loop
      vertex -16 -1.6807 23.4081
      vertex -12 -1.4542 23.5107
      vertex -12 -1.6807 23.4081
    endloop
  endfacet
  facet normal 0 0.412621 -0.910903
    outer loop
      vertex -12 -1.4542 23.5107
      vertex -16 -1.6807 23.4081
      vertex -16 -1.4542 23.5107
    endloop
  endfacet
  facet normal 0 0.47134 -0.881952
    outer loop
      vertex -16 -1.9 23.2909
      vertex -12 -1.6807 23.4081
      vertex -12 -1.9 23.2909
    endloop
  endfacet
  facet normal 0 0.47134 -0.881952
    outer loop
      vertex -12 -1.6807 23.4081
      vertex -16 -1.9 23.2909
      vertex -16 -1.6807 23.4081
    endloop
  endfacet
  facet normal 0 0.729891 -0.683564
    outer loop
      vertex -12 -2.85699 22.5055
      vertex -16 -2.68701 22.687
      vertex -12 -2.68701 22.687
    endloop
  endfacet
  facet normal 0 0.729891 -0.683564
    outer loop
      vertex -16 -2.68701 22.687
      vertex -12 -2.85699 22.5055
      vertex -16 -2.85699 22.5055
    endloop
  endfacet
  facet normal 0 0.683607 -0.729851
    outer loop
      vertex -16 -2.68701 22.687
      vertex -12 -2.50551 22.857
      vertex -12 -2.68701 22.687
    endloop
  endfacet
  facet normal 0 0.683607 -0.729851
    outer loop
      vertex -12 -2.50551 22.857
      vertex -16 -2.68701 22.687
      vertex -16 -2.50551 22.857
    endloop
  endfacet
  facet normal 0 0.582645 -0.812727
    outer loop
      vertex -16 -2.31329 23.0147
      vertex -12 -2.11117 23.1596
      vertex -12 -2.31329 23.0147
    endloop
  endfacet
  facet normal 0 0.582645 -0.812727
    outer loop
      vertex -12 -2.11117 23.1596
      vertex -16 -2.31329 23.0147
      vertex -16 -2.11117 23.1596
    endloop
  endfacet
  facet normal 0 0.227206 -0.973847
    outer loop
      vertex -16 -0.983512 23.6705
      vertex -12 -0.741343 23.727
      vertex -12 -0.983512 23.6705
    endloop
  endfacet
  facet normal 0 0.227206 -0.973847
    outer loop
      vertex -12 -0.741343 23.727
      vertex -16 -0.983512 23.6705
      vertex -16 -0.741343 23.727
    endloop
  endfacet
  facet normal 0 0.0325742 -0.999469
    outer loop
      vertex -16 -0.248531 23.7919
      vertex -12 0 23.8
      vertex -12 -0.248531 23.7919
    endloop
  endfacet
  facet normal 0 0.0325742 -0.999469
    outer loop
      vertex -12 0 23.8
      vertex -16 -0.248531 23.7919
      vertex -16 0 23.8
    endloop
  endfacet
  facet normal 0 0.956948 0.290261
    outer loop
      vertex -12 -3.59833 18.7785
      vertex -16 -3.67052 19.0165
      vertex -12 -3.67052 19.0165
    endloop
  endfacet
  facet normal 0 0.956948 0.290261
    outer loop
      vertex -16 -3.67052 19.0165
      vertex -12 -3.59833 18.7785
      vertex -16 -3.59833 18.7785
    endloop
  endfacet
  facet normal 0 0.77298 -0.634431
    outer loop
      vertex -12 -3.01474 22.3133
      vertex -16 -2.85699 22.5055
      vertex -12 -2.85699 22.5055
    endloop
  endfacet
  facet normal 0 0.77298 -0.634431
    outer loop
      vertex -16 -2.85699 22.5055
      vertex -12 -3.01474 22.3133
      vertex -16 -3.01474 22.3133
    endloop
  endfacet
  facet normal 0 0.935895 -0.352278
    outer loop
      vertex -12 -3.59833 21.2215
      vertex -16 -3.51074 21.4542
      vertex -12 -3.51074 21.4542
    endloop
  endfacet
  facet normal 0 0.935895 -0.352278
    outer loop
      vertex -16 -3.51074 21.4542
      vertex -12 -3.59833 21.2215
      vertex -16 -3.59833 21.2215
    endloop
  endfacet
  facet normal 0 0.812814 -0.582523
    outer loop
      vertex -12 -3.15958 22.1112
      vertex -16 -3.01474 22.3133
      vertex -12 -3.01474 22.3133
    endloop
  endfacet
  facet normal 0 0.812814 -0.582523
    outer loop
      vertex -16 -3.01474 22.3133
      vertex -12 -3.15958 22.1112
      vertex -16 -3.15958 22.1112
    endloop
  endfacet
  facet normal 0 0.956948 -0.290261
    outer loop
      vertex -12 -3.67052 20.9835
      vertex -16 -3.59833 21.2215
      vertex -12 -3.59833 21.2215
    endloop
  endfacet
  facet normal 0 0.956948 -0.290261
    outer loop
      vertex -16 -3.59833 21.2215
      vertex -12 -3.67052 20.9835
      vertex -16 -3.67052 20.9835
    endloop
  endfacet
  facet normal 0 0.910873 -0.412688
    outer loop
      vertex -12 -3.51074 21.4542
      vertex -16 -3.40812 21.6807
      vertex -12 -3.40812 21.6807
    endloop
  endfacet
  facet normal 0 0.910873 -0.412688
    outer loop
      vertex -16 -3.40812 21.6807
      vertex -12 -3.51074 21.4542
      vertex -16 -3.51074 21.4542
    endloop
  endfacet
  facet normal 0 0.881918 -0.471402
    outer loop
      vertex -12 -3.40812 21.6807
      vertex -16 -3.2909 21.9
      vertex -12 -3.2909 21.9
    endloop
  endfacet
  facet normal 0 0.881918 -0.471402
    outer loop
      vertex -16 -3.2909 21.9
      vertex -12 -3.40812 21.6807
      vertex -16 -3.40812 21.6807
    endloop
  endfacet
endsolid OpenSCAD_Model
