solid OpenSCAD_Model
  facet normal -1 0 0
    outer loop
      vertex -16 3.79186 -4.75147
      vertex -16 8 -10
      vertex -16 3.8 -5
    endloop
  endfacet
  facet normal -1 0 0
    outer loop
      vertex -16 8 -10
      vertex -16 3.79186 -5.24853
      vertex -16 3.8 -5
    endloop
  endfacet
  facet normal -1 0 0
    outer loop
      vertex -16 8 -10
      vertex -16 3.76749 -5.496
      vertex -16 3.79186 -5.24853
    endloop
  endfacet
  facet normal -1 0 0
    outer loop
      vertex -16 8 -10
      vertex -16 3.72698 -5.74134
      vertex -16 3.76749 -5.496
    endloop
  endfacet
  facet normal -1 0 0
    outer loop
      vertex -16 8 -10
      vertex -16 3.67052 -5.98351
      vertex -16 3.72698 -5.74134
    endloop
  endfacet
  facet normal -1 0 0
    outer loop
      vertex -16 8 -10
      vertex -16 3.59833 -6.22147
      vertex -16 3.67052 -5.98351
    endloop
  endfacet
  facet normal -1 0 0
    outer loop
      vertex -16 8 -10
      vertex -16 3.51074 -6.4542
      vertex -16 3.59833 -6.22147
    endloop
  endfacet
  facet normal -1 0 0
    outer loop
      vertex -16 8 -10
      vertex -16 3.40812 -6.6807
      vertex -16 3.51074 -6.4542
    endloop
  endfacet
  facet normal -1 0 0
    outer loop
      vertex -16 8 -10
      vertex -16 3.2909 -6.9
      vertex -16 3.40812 -6.6807
    endloop
  endfacet
  facet normal -1 0 0
    outer loop
      vertex -16 8 -10
      vertex -16 3.15958 -7.11117
      vertex -16 3.2909 -6.9
    endloop
  endfacet
  facet normal -1 0 0
    outer loop
      vertex -16 8 -10
      vertex -16 3.01474 -7.31329
      vertex -16 3.15958 -7.11117
    endloop
  endfacet
  facet normal -1 0 0
    outer loop
      vertex -16 8 -10
      vertex -16 2.85699 -7.50551
      vertex -16 3.01474 -7.31329
    endloop
  endfacet
  facet normal -1 0 0
    outer loop
      vertex -16 8 -10
      vertex -16 2.68701 -7.68701
      vertex -16 2.85699 -7.50551
    endloop
  endfacet
  facet normal -1 0 0
    outer loop
      vertex -16 8 -10
      vertex -16 2.50551 -7.85699
      vertex -16 2.68701 -7.68701
    endloop
  endfacet
  facet normal -1 0 0
    outer loop
      vertex -16 8 -10
      vertex -16 2.31329 -8.01474
      vertex -16 2.50551 -7.85699
    endloop
  endfacet
  facet normal -1 0 0
    outer loop
      vertex -16 8 -10
      vertex -16 2.11117 -8.15958
      vertex -16 2.31329 -8.01474
    endloop
  endfacet
  facet normal -1 0 0
    outer loop
      vertex -16 8 -10
      vertex -16 1.9 -8.2909
      vertex -16 2.11117 -8.15958
    endloop
  endfacet
  facet normal -1 0 0
    outer loop
      vertex -16 8 -10
      vertex -16 1.6807 -8.40812
      vertex -16 1.9 -8.2909
    endloop
  endfacet
  facet normal -1 0 0
    outer loop
      vertex -16 8 -10
      vertex -16 1.4542 -8.51074
      vertex -16 1.6807 -8.40812
    endloop
  endfacet
  facet normal -1 0 0
    outer loop
      vertex -16 8 -10
      vertex -16 1.22147 -8.59833
      vertex -16 1.4542 -8.51074
    endloop
  endfacet
  facet normal -1 0 0
    outer loop
      vertex -16 8 -10
      vertex -16 0.983512 -8.67052
      vertex -16 1.22147 -8.59833
    endloop
  endfacet
  facet normal -1 0 0
    outer loop
      vertex -16 8 -10
      vertex -16 0.741343 -8.72698
      vertex -16 0.983512 -8.67052
    endloop
  endfacet
  facet normal -1 0 0
    outer loop
      vertex -16 8 -10
      vertex -16 0.495999 -8.76749
      vertex -16 0.741343 -8.72698
    endloop
  endfacet
  facet normal -1 0 0
    outer loop
      vertex -16 8 -10
      vertex -16 0.248531 -8.79186
      vertex -16 0.495999 -8.76749
    endloop
  endfacet
  facet normal -1 0 0
    outer loop
      vertex -16 8 -10
      vertex -16 0 -8.8
      vertex -16 0.248531 -8.79186
    endloop
  endfacet
  facet normal -1 0 0
    outer loop
      vertex -16 -8 -10
      vertex -16 0 -8.8
      vertex -16 8 -10
    endloop
  endfacet
  facet normal -1 -0 0
    outer loop
      vertex -16 0 -8.8
      vertex -16 -8 -10
      vertex -16 -0.248531 -8.79186
    endloop
  endfacet
  facet normal -1 -0 0
    outer loop
      vertex -16 -3.79186 -5.24853
      vertex -16 -8 -10
      vertex -16 -3.8 -5
    endloop
  endfacet
  facet normal -1 -0 0
    outer loop
      vertex -16 -3.76749 -5.496
      vertex -16 -8 -10
      vertex -16 -3.79186 -5.24853
    endloop
  endfacet
  facet normal -1 -0 0
    outer loop
      vertex -16 -3.72698 -5.74134
      vertex -16 -8 -10
      vertex -16 -3.76749 -5.496
    endloop
  endfacet
  facet normal -1 -0 0
    outer loop
      vertex -16 -3.67052 -5.98351
      vertex -16 -8 -10
      vertex -16 -3.72698 -5.74134
    endloop
  endfacet
  facet normal -1 -0 0
    outer loop
      vertex -16 -3.59833 -6.22147
      vertex -16 -8 -10
      vertex -16 -3.67052 -5.98351
    endloop
  endfacet
  facet normal -1 -0 0
    outer loop
      vertex -16 -3.51074 -6.4542
      vertex -16 -8 -10
      vertex -16 -3.59833 -6.22147
    endloop
  endfacet
  facet normal -1 -0 0
    outer loop
      vertex -16 -3.40812 -6.6807
      vertex -16 -8 -10
      vertex -16 -3.51074 -6.4542
    endloop
  endfacet
  facet normal -1 -0 0
    outer loop
      vertex -16 -3.2909 -6.9
      vertex -16 -8 -10
      vertex -16 -3.40812 -6.6807
    endloop
  endfacet
  facet normal -1 -0 0
    outer loop
      vertex -16 -3.15958 -7.11117
      vertex -16 -8 -10
      vertex -16 -3.2909 -6.9
    endloop
  endfacet
  facet normal -1 -0 0
    outer loop
      vertex -16 -3.01474 -7.31329
      vertex -16 -8 -10
      vertex -16 -3.15958 -7.11117
    endloop
  endfacet
  facet normal -1 -0 0
    outer loop
      vertex -16 -2.85699 -7.50551
      vertex -16 -8 -10
      vertex -16 -3.01474 -7.31329
    endloop
  endfacet
  facet normal -1 -0 0
    outer loop
      vertex -16 -2.68701 -7.68701
      vertex -16 -8 -10
      vertex -16 -2.85699 -7.50551
    endloop
  endfacet
  facet normal -1 -0 0
    outer loop
      vertex -16 -2.50551 -7.85699
      vertex -16 -8 -10
      vertex -16 -2.68701 -7.68701
    endloop
  endfacet
  facet normal -1 -0 0
    outer loop
      vertex -16 -2.31329 -8.01474
      vertex -16 -8 -10
      vertex -16 -2.50551 -7.85699
    endloop
  endfacet
  facet normal -1 -0 0
    outer loop
      vertex -16 -2.11117 -8.15958
      vertex -16 -8 -10
      vertex -16 -2.31329 -8.01474
    endloop
  endfacet
  facet normal -1 -0 0
    outer loop
      vertex -16 -1.9 -8.2909
      vertex -16 -8 -10
      vertex -16 -2.11117 -8.15958
    endloop
  endfacet
  facet normal -1 -0 0
    outer loop
      vertex -16 -1.6807 -8.40812
      vertex -16 -8 -10
      vertex -16 -1.9 -8.2909
    endloop
  endfacet
  facet normal -1 -0 0
    outer loop
      vertex -16 -1.4542 -8.51074
      vertex -16 -8 -10
      vertex -16 -1.6807 -8.40812
    endloop
  endfacet
  facet normal -1 -0 0
    outer loop
      vertex -16 -1.22147 -8.59833
      vertex -16 -8 -10
      vertex -16 -1.4542 -8.51074
    endloop
  endfacet
  facet normal -1 -0 0
    outer loop
      vertex -16 -0.983512 -8.67052
      vertex -16 -8 -10
      vertex -16 -1.22147 -8.59833
    endloop
  endfacet
  facet normal -1 -0 0
    outer loop
      vertex -16 -0.741343 -8.72698
      vertex -16 -8 -10
      vertex -16 -0.983512 -8.67052
    endloop
  endfacet
  facet normal -1 -0 0
    outer loop
      vertex -16 -0.495999 -8.76749
      vertex -16 -8 -10
      vertex -16 -0.741343 -8.72698
    endloop
  endfacet
  facet normal -1 -0 0
    outer loop
      vertex -16 -0.248531 -8.79186
      vertex -16 -8 -10
      vertex -16 -0.495999 -8.76749
    endloop
  endfacet
  facet normal -1 0 0
    outer loop
      vertex -16 3.76749 -4.504
      vertex -16 8 -10
      vertex -16 3.79186 -4.75147
    endloop
  endfacet
  facet normal -1 0 0
    outer loop
      vertex -16 3.72698 -4.25866
      vertex -16 8 -10
      vertex -16 3.76749 -4.504
    endloop
  endfacet
  facet normal -1 0 0
    outer loop
      vertex -16 3.67052 -4.01649
      vertex -16 8 -10
      vertex -16 3.72698 -4.25866
    endloop
  endfacet
  facet normal -1 0 0
    outer loop
      vertex -16 3.59833 -3.77853
      vertex -16 8 -10
      vertex -16 3.67052 -4.01649
    endloop
  endfacet
  facet normal -1 0 0
    outer loop
      vertex -16 8 -10
      vertex -16 3.59833 -3.77853
      vertex -16 8 10
    endloop
  endfacet
  facet normal -1 0 0
    outer loop
      vertex -16 3.51074 -3.5458
      vertex -16 8 10
      vertex -16 3.59833 -3.77853
    endloop
  endfacet
  facet normal -1 0 0
    outer loop
      vertex -16 3.40812 -3.3193
      vertex -16 8 10
      vertex -16 3.51074 -3.5458
    endloop
  endfacet
  facet normal -1 0 0
    outer loop
      vertex -16 3.2909 -3.1
      vertex -16 8 10
      vertex -16 3.40812 -3.3193
    endloop
  endfacet
  facet normal -1 0 0
    outer loop
      vertex -16 3.15958 -2.88883
      vertex -16 8 10
      vertex -16 3.2909 -3.1
    endloop
  endfacet
  facet normal -1 0 0
    outer loop
      vertex -16 3.01474 -2.68671
      vertex -16 8 10
      vertex -16 3.15958 -2.88883
    endloop
  endfacet
  facet normal -1 0 0
    outer loop
      vertex -16 2.85699 -2.49449
      vertex -16 8 10
      vertex -16 3.01474 -2.68671
    endloop
  endfacet
  facet normal -1 0 0
    outer loop
      vertex -16 2.68701 -2.31299
      vertex -16 8 10
      vertex -16 2.85699 -2.49449
    endloop
  endfacet
  facet normal -1 0 0
    outer loop
      vertex -16 2.50551 -2.14301
      vertex -16 8 10
      vertex -16 2.68701 -2.31299
    endloop
  endfacet
  facet normal -1 0 0
    outer loop
      vertex -16 2.31329 -1.98526
      vertex -16 8 10
      vertex -16 2.50551 -2.14301
    endloop
  endfacet
  facet normal -1 0 0
    outer loop
      vertex -16 2.11117 -1.84042
      vertex -16 8 10
      vertex -16 2.31329 -1.98526
    endloop
  endfacet
  facet normal -1 0 0
    outer loop
      vertex -16 1.9 -1.7091
      vertex -16 8 10
      vertex -16 2.11117 -1.84042
    endloop
  endfacet
  facet normal -1 0 0
    outer loop
      vertex -16 1.6807 -1.59188
      vertex -16 8 10
      vertex -16 1.9 -1.7091
    endloop
  endfacet
  facet normal -1 0 0
    outer loop
      vertex -16 1.4542 -1.48926
      vertex -16 8 10
      vertex -16 1.6807 -1.59188
    endloop
  endfacet
  facet normal -1 0 0
    outer loop
      vertex -16 1.22147 -1.40166
      vertex -16 8 10
      vertex -16 1.4542 -1.48926
    endloop
  endfacet
  facet normal -1 0 0
    outer loop
      vertex -16 0.983512 -1.32948
      vertex -16 8 10
      vertex -16 1.22147 -1.40166
    endloop
  endfacet
  facet normal -1 0 0
    outer loop
      vertex -16 0.741343 -1.27302
      vertex -16 8 10
      vertex -16 0.983512 -1.32948
    endloop
  endfacet
  facet normal -1 0 0
    outer loop
      vertex -16 0.495999 -1.23251
      vertex -16 8 10
      vertex -16 0.741343 -1.27302
    endloop
  endfacet
  facet normal -1 0 0
    outer loop
      vertex -16 0.248531 -1.20814
      vertex -16 8 10
      vertex -16 0.495999 -1.23251
    endloop
  endfacet
  facet normal -1 0 0
    outer loop
      vertex -16 0 -1.2
      vertex -16 8 10
      vertex -16 0.248531 -1.20814
    endloop
  endfacet
  facet normal -1 0 0
    outer loop
      vertex -16 -8 10
      vertex -16 0 -1.2
      vertex -16 -0.248531 -1.20814
    endloop
  endfacet
  facet normal -1 0 0
    outer loop
      vertex -16 -8 10
      vertex -16 -0.248531 -1.20814
      vertex -16 -0.495999 -1.23251
    endloop
  endfacet
  facet normal -1 0 0
    outer loop
      vertex -16 -8 10
      vertex -16 -0.495999 -1.23251
      vertex -16 -0.741343 -1.27302
    endloop
  endfacet
  facet normal -1 0 0
    outer loop
      vertex -16 -8 10
      vertex -16 -0.741343 -1.27302
      vertex -16 -0.983512 -1.32948
    endloop
  endfacet
  facet normal -1 0 0
    outer loop
      vertex -16 -8 10
      vertex -16 -0.983512 -1.32948
      vertex -16 -1.22147 -1.40166
    endloop
  endfacet
  facet normal -1 0 0
    outer loop
      vertex -16 -8 10
      vertex -16 -1.22147 -1.40166
      vertex -16 -1.4542 -1.48926
    endloop
  endfacet
  facet normal -1 0 0
    outer loop
      vertex -16 -8 10
      vertex -16 -1.4542 -1.48926
      vertex -16 -1.6807 -1.59188
    endloop
  endfacet
  facet normal -1 0 0
    outer loop
      vertex -16 -8 10
      vertex -16 -1.6807 -1.59188
      vertex -16 -1.9 -1.7091
    endloop
  endfacet
  facet normal -1 0 0
    outer loop
      vertex -16 -8 10
      vertex -16 -1.9 -1.7091
      vertex -16 -2.11117 -1.84042
    endloop
  endfacet
  facet normal -1 0 0
    outer loop
      vertex -16 -8 10
      vertex -16 -2.11117 -1.84042
      vertex -16 -2.31329 -1.98526
    endloop
  endfacet
  facet normal -1 0 0
    outer loop
      vertex -16 -8 10
      vertex -16 -2.31329 -1.98526
      vertex -16 -2.50551 -2.14301
    endloop
  endfacet
  facet normal -1 0 0
    outer loop
      vertex -16 -8 10
      vertex -16 -2.50551 -2.14301
      vertex -16 -2.68701 -2.31299
    endloop
  endfacet
  facet normal -1 0 0
    outer loop
      vertex -16 -8 10
      vertex -16 -2.68701 -2.31299
      vertex -16 -2.85699 -2.49449
    endloop
  endfacet
  facet normal -1 0 0
    outer loop
      vertex -16 -8 -10
      vertex -16 -3.79186 -4.75147
      vertex -16 -3.8 -5
    endloop
  endfacet
  facet normal -1 0 0
    outer loop
      vertex -16 -8 -10
      vertex -16 -3.76749 -4.504
      vertex -16 -3.79186 -4.75147
    endloop
  endfacet
  facet normal -1 0 0
    outer loop
      vertex -16 -8 -10
      vertex -16 -3.72698 -4.25866
      vertex -16 -3.76749 -4.504
    endloop
  endfacet
  facet normal -1 0 0
    outer loop
      vertex -16 -8 -10
      vertex -16 -3.67052 -4.01649
      vertex -16 -3.72698 -4.25866
    endloop
  endfacet
  facet normal -1 0 0
    outer loop
      vertex -16 -8 -10
      vertex -16 -3.59833 -3.77853
      vertex -16 -3.67052 -4.01649
    endloop
  endfacet
  facet normal -1 0 0
    outer loop
      vertex -16 -8 10
      vertex -16 -3.59833 -3.77853
      vertex -16 -8 -10
    endloop
  endfacet
  facet normal -1 0 0
    outer loop
      vertex -16 -3.59833 -3.77853
      vertex -16 -8 10
      vertex -16 -3.51074 -3.5458
    endloop
  endfacet
  facet normal -1 0 0
    outer loop
      vertex -16 -3.51074 -3.5458
      vertex -16 -8 10
      vertex -16 -3.40812 -3.3193
    endloop
  endfacet
  facet normal -1 0 0
    outer loop
      vertex -16 -3.40812 -3.3193
      vertex -16 -8 10
      vertex -16 -3.2909 -3.1
    endloop
  endfacet
  facet normal -1 0 0
    outer loop
      vertex -16 0 -1.2
      vertex -16 -8 10
      vertex -16 8 10
    endloop
  endfacet
  facet normal -1 0 0
    outer loop
      vertex -16 -3.01474 -2.68671
      vertex -16 -8 10
      vertex -16 -2.85699 -2.49449
    endloop
  endfacet
  facet normal -1 0 0
    outer loop
      vertex -16 -3.15958 -2.88883
      vertex -16 -8 10
      vertex -16 -3.01474 -2.68671
    endloop
  endfacet
  facet normal -1 0 0
    outer loop
      vertex -16 -3.2909 -3.1
      vertex -16 -8 10
      vertex -16 -3.15958 -2.88883
    endloop
  endfacet
  facet normal 0 0 1
    outer loop
      vertex -4.8 -3 10
      vertex 0 8 10
      vertex -4.8 8 10
    endloop
  endfacet
  facet normal 0 0 1
    outer loop
      vertex 0 8 10
      vertex -4.8 -3 10
      vertex 0 -8 10
    endloop
  endfacet
  facet normal 0 0 1
    outer loop
      vertex -6.6 -8 10
      vertex -4.8 -3 10
      vertex -6.6 -3 10
    endloop
  endfacet
  facet normal 0 0 1
    outer loop
      vertex -4.8 -3 10
      vertex -6.6 -8 10
      vertex 0 -8 10
    endloop
  endfacet
  facet normal 0 0 1
    outer loop
      vertex -11.2 8 10
      vertex -16 8 10
      vertex -11.2 -3 10
    endloop
  endfacet
  facet normal -0 0 1
    outer loop
      vertex -11.2 -3 10
      vertex -9.4 -8 10
      vertex -9.4 -3 10
    endloop
  endfacet
  facet normal 0 0 1
    outer loop
      vertex -16 -8 10
      vertex -11.2 -3 10
      vertex -16 8 10
    endloop
  endfacet
  facet normal 0 0 1
    outer loop
      vertex -11.2 -3 10
      vertex -16 -8 10
      vertex -9.4 -8 10
    endloop
  endfacet
  facet normal 1 0 0
    outer loop
      vertex 0 8 10
      vertex 0 6.7 5
      vertex 0 8 -10
    endloop
  endfacet
  facet normal 1 0 0
    outer loop
      vertex 0 8 10
      vertex 0 -6.7 5
      vertex 0 6.7 5
    endloop
  endfacet
  facet normal 1 -0 0
    outer loop
      vertex 0 -8 10
      vertex 0 -6.7 5
      vertex 0 8 10
    endloop
  endfacet
  facet normal 1 0 0
    outer loop
      vertex 0 -8 -10
      vertex 0 -6.7 5
      vertex 0 -8 10
    endloop
  endfacet
  facet normal 1 0 0
    outer loop
      vertex 0 -6.7 5
      vertex 0 -8 -10
      vertex 0 -6.7 -10
    endloop
  endfacet
  facet normal 1 0 0
    outer loop
      vertex 0 8 -10
      vertex 0 6.7 5
      vertex 0 6.7 -10
    endloop
  endfacet
  facet normal 0 1 0
    outer loop
      vertex 0 8 10
      vertex -4.8 8 3
      vertex -4.8 8 10
    endloop
  endfacet
  facet normal 0 1 0
    outer loop
      vertex 0 8 10
      vertex -4.80685 8 2.79071
      vertex -4.8 8 3
    endloop
  endfacet
  facet normal 0 1 0
    outer loop
      vertex 0 8 10
      vertex -4.82738 8 2.58232
      vertex -4.80685 8 2.79071
    endloop
  endfacet
  facet normal 0 1 0
    outer loop
      vertex 0 8 10
      vertex -4.86149 8 2.37571
      vertex -4.82738 8 2.58232
    endloop
  endfacet
  facet normal 0 1 -0
    outer loop
      vertex 0 8 -10
      vertex -4.86149 8 2.37571
      vertex 0 8 10
    endloop
  endfacet
  facet normal 0 1 0
    outer loop
      vertex -4.86149 8 2.37571
      vertex 0 8 -10
      vertex -4.90904 8 2.17178
    endloop
  endfacet
  facet normal 0 1 0
    outer loop
      vertex -4.90904 8 2.17178
      vertex 0 8 -10
      vertex -4.96982 8 1.97139
    endloop
  endfacet
  facet normal 0 1 0
    outer loop
      vertex -4.96982 8 1.97139
      vertex 0 8 -10
      vertex -5.04358 8 1.77541
    endloop
  endfacet
  facet normal 0 1 0
    outer loop
      vertex -5.04358 8 1.77541
      vertex 0 8 -10
      vertex -5.13001 8 1.58468
    endloop
  endfacet
  facet normal 0 1 0
    outer loop
      vertex -7.79071 8 -0.193148
      vertex 0 8 -10
      vertex -8 8 -0.2
    endloop
  endfacet
  facet normal 0 1 0
    outer loop
      vertex -7.58232 8 -0.172623
      vertex 0 8 -10
      vertex -7.79071 8 -0.193148
    endloop
  endfacet
  facet normal 0 1 0
    outer loop
      vertex -7.37571 8 -0.138513
      vertex 0 8 -10
      vertex -7.58232 8 -0.172623
    endloop
  endfacet
  facet normal 0 1 0
    outer loop
      vertex -7.17178 8 -0.0909624
      vertex 0 8 -10
      vertex -7.37571 8 -0.138513
    endloop
  endfacet
  facet normal 0 1 0
    outer loop
      vertex -6.97139 8 -0.0301762
      vertex 0 8 -10
      vertex -7.17178 8 -0.0909624
    endloop
  endfacet
  facet normal 0 1 0
    outer loop
      vertex -6.77541 8 0.0435848
      vertex 0 8 -10
      vertex -6.97139 8 -0.0301762
    endloop
  endfacet
  facet normal 0 1 0
    outer loop
      vertex -6.58468 8 0.130007
      vertex 0 8 -10
      vertex -6.77541 8 0.0435848
    endloop
  endfacet
  facet normal 0 1 0
    outer loop
      vertex -6.4 8 0.228718
      vertex 0 8 -10
      vertex -6.58468 8 0.130007
    endloop
  endfacet
  facet normal 0 1 0
    outer loop
      vertex -6.22217 8 0.339296
      vertex 0 8 -10
      vertex -6.4 8 0.228718
    endloop
  endfacet
  facet normal 0 1 0
    outer loop
      vertex -6.05196 8 0.461268
      vertex 0 8 -10
      vertex -6.22217 8 0.339296
    endloop
  endfacet
  facet normal 0 1 0
    outer loop
      vertex -5.89009 8 0.594112
      vertex 0 8 -10
      vertex -6.05196 8 0.461268
    endloop
  endfacet
  facet normal 0 1 0
    outer loop
      vertex -5.73726 8 0.737258
      vertex 0 8 -10
      vertex -5.89009 8 0.594112
    endloop
  endfacet
  facet normal 0 1 0
    outer loop
      vertex -5.59411 8 0.890093
      vertex 0 8 -10
      vertex -5.73726 8 0.737258
    endloop
  endfacet
  facet normal 0 1 0
    outer loop
      vertex -5.46127 8 1.05196
      vertex 0 8 -10
      vertex -5.59411 8 0.890093
    endloop
  endfacet
  facet normal 0 1 0
    outer loop
      vertex -5.3393 8 1.22217
      vertex 0 8 -10
      vertex -5.46127 8 1.05196
    endloop
  endfacet
  facet normal 0 1 0
    outer loop
      vertex -5.22872 8 1.4
      vertex 0 8 -10
      vertex -5.3393 8 1.22217
    endloop
  endfacet
  facet normal 0 1 0
    outer loop
      vertex -5.13001 8 1.58468
      vertex 0 8 -10
      vertex -5.22872 8 1.4
    endloop
  endfacet
  facet normal 0 1 -0
    outer loop
      vertex -11.2 8 3
      vertex -16 8 10
      vertex -11.2 8 10
    endloop
  endfacet
  facet normal 0 1 0
    outer loop
      vertex -11.1931 8 2.79071
      vertex -16 8 10
      vertex -11.2 8 3
    endloop
  endfacet
  facet normal 0 1 0
    outer loop
      vertex -11.1726 8 2.58232
      vertex -16 8 10
      vertex -11.1931 8 2.79071
    endloop
  endfacet
  facet normal 0 1 0
    outer loop
      vertex -11.1385 8 2.37571
      vertex -16 8 10
      vertex -11.1726 8 2.58232
    endloop
  endfacet
  facet normal 0 1 0
    outer loop
      vertex -16 8 -10
      vertex -11.1385 8 2.37571
      vertex -11.091 8 2.17178
    endloop
  endfacet
  facet normal 0 1 0
    outer loop
      vertex -16 8 -10
      vertex -11.091 8 2.17178
      vertex -11.0302 8 1.97139
    endloop
  endfacet
  facet normal 0 1 0
    outer loop
      vertex -16 8 -10
      vertex -11.0302 8 1.97139
      vertex -10.9564 8 1.77541
    endloop
  endfacet
  facet normal 0 1 0
    outer loop
      vertex -16 8 -10
      vertex -10.9564 8 1.77541
      vertex -10.87 8 1.58468
    endloop
  endfacet
  facet normal 0 1 0
    outer loop
      vertex -16 8 -10
      vertex -10.87 8 1.58468
      vertex -10.7713 8 1.4
    endloop
  endfacet
  facet normal 0 1 0
    outer loop
      vertex -16 8 -10
      vertex -8 8 -0.2
      vertex 0 8 -10
    endloop
  endfacet
  facet normal 0 1 0
    outer loop
      vertex -8 8 -0.2
      vertex -16 8 -10
      vertex -8.20929 8 -0.193148
    endloop
  endfacet
  facet normal 0 1 0
    outer loop
      vertex -8.20929 8 -0.193148
      vertex -16 8 -10
      vertex -8.41768 8 -0.172623
    endloop
  endfacet
  facet normal 0 1 0
    outer loop
      vertex -8.41768 8 -0.172623
      vertex -16 8 -10
      vertex -8.62429 8 -0.138513
    endloop
  endfacet
  facet normal 0 1 0
    outer loop
      vertex -8.62429 8 -0.138513
      vertex -16 8 -10
      vertex -8.82822 8 -0.0909624
    endloop
  endfacet
  facet normal 0 1 0
    outer loop
      vertex -8.82822 8 -0.0909624
      vertex -16 8 -10
      vertex -9.02861 8 -0.0301762
    endloop
  endfacet
  facet normal 0 1 0
    outer loop
      vertex -9.02861 8 -0.0301762
      vertex -16 8 -10
      vertex -9.22459 8 0.0435848
    endloop
  endfacet
  facet normal 0 1 0
    outer loop
      vertex -9.22459 8 0.0435848
      vertex -16 8 -10
      vertex -9.41532 8 0.130007
    endloop
  endfacet
  facet normal 0 1 0
    outer loop
      vertex -9.41532 8 0.130007
      vertex -16 8 -10
      vertex -9.6 8 0.228718
    endloop
  endfacet
  facet normal 0 1 0
    outer loop
      vertex -9.6 8 0.228718
      vertex -16 8 -10
      vertex -9.77782 8 0.339296
    endloop
  endfacet
  facet normal 0 1 0
    outer loop
      vertex -9.77782 8 0.339296
      vertex -16 8 -10
      vertex -9.94804 8 0.461268
    endloop
  endfacet
  facet normal 0 1 0
    outer loop
      vertex -9.94804 8 0.461268
      vertex -16 8 -10
      vertex -10.1099 8 0.594112
    endloop
  endfacet
  facet normal 0 1 0
    outer loop
      vertex -11.1385 8 2.37571
      vertex -16 8 -10
      vertex -16 8 10
    endloop
  endfacet
  facet normal 0 1 0
    outer loop
      vertex -10.6607 8 1.22217
      vertex -16 8 -10
      vertex -10.7713 8 1.4
    endloop
  endfacet
  facet normal 0 1 0
    outer loop
      vertex -10.5387 8 1.05196
      vertex -16 8 -10
      vertex -10.6607 8 1.22217
    endloop
  endfacet
  facet normal 0 1 0
    outer loop
      vertex -10.4059 8 0.890093
      vertex -16 8 -10
      vertex -10.5387 8 1.05196
    endloop
  endfacet
  facet normal 0 1 0
    outer loop
      vertex -10.2627 8 0.737258
      vertex -16 8 -10
      vertex -10.4059 8 0.890093
    endloop
  endfacet
  facet normal 0 1 0
    outer loop
      vertex -10.1099 8 0.594112
      vertex -16 8 -10
      vertex -10.2627 8 0.737258
    endloop
  endfacet
  facet normal 0 0 -1
    outer loop
      vertex -16 -8 -10
      vertex 0 -6.7 -10
      vertex 0 -8 -10
    endloop
  endfacet
  facet normal -0 0 -1
    outer loop
      vertex 0 -6.7 -10
      vertex -16 -8 -10
      vertex 0 6.7 -10
    endloop
  endfacet
  facet normal 0 0 -1
    outer loop
      vertex -16 8 -10
      vertex 0 6.7 -10
      vertex -16 -8 -10
    endloop
  endfacet
  facet normal 0 0 -1
    outer loop
      vertex 0 6.7 -10
      vertex -16 8 -10
      vertex 0 8 -10
    endloop
  endfacet
  facet normal 0 0 -1
    outer loop
      vertex 0 -6.7 -10
      vertex 2.7 6.7 -10
      vertex 2.7 -6.7 -10
    endloop
  endfacet
  facet normal -0 0 -1
    outer loop
      vertex 2.7 6.7 -10
      vertex 0 -6.7 -10
      vertex 0 6.7 -10
    endloop
  endfacet
  facet normal 0 -1 0
    outer loop
      vertex -16 -8 10
      vertex -9.4 -8 3
      vertex -9.4 -8 10
    endloop
  endfacet
  facet normal 0 -1 0
    outer loop
      vertex -16 -8 10
      vertex -9.397 -8 2.90843
      vertex -9.4 -8 3
    endloop
  endfacet
  facet normal 0 -1 0
    outer loop
      vertex -16 -8 10
      vertex -9.38802 -8 2.81726
      vertex -9.397 -8 2.90843
    endloop
  endfacet
  facet normal 0 -1 0
    outer loop
      vertex -16 -8 10
      vertex -9.3731 -8 2.72687
      vertex -9.38802 -8 2.81726
    endloop
  endfacet
  facet normal 0 -1 0
    outer loop
      vertex -16 -8 10
      vertex -9.3523 -8 2.63765
      vertex -9.3731 -8 2.72687
    endloop
  endfacet
  facet normal 0 -1 0
    outer loop
      vertex -16 -8 -10
      vertex -9.3523 -8 2.63765
      vertex -16 -8 10
    endloop
  endfacet
  facet normal 0 -1 -0
    outer loop
      vertex -9.3523 -8 2.63765
      vertex -16 -8 -10
      vertex -9.3257 -8 2.54998
    endloop
  endfacet
  facet normal 0 -1 -0
    outer loop
      vertex -9.3257 -8 2.54998
      vertex -16 -8 -10
      vertex -9.29343 -8 2.46424
    endloop
  endfacet
  facet normal 0 -1 -0
    outer loop
      vertex -9.29343 -8 2.46424
      vertex -16 -8 -10
      vertex -9.25562 -8 2.3808
    endloop
  endfacet
  facet normal 0 -1 -0
    outer loop
      vertex -9.25562 -8 2.3808
      vertex -16 -8 -10
      vertex -9.21243 -8 2.3
    endloop
  endfacet
  facet normal 0 -1 -0
    outer loop
      vertex -9.21243 -8 2.3
      vertex -16 -8 -10
      vertex -9.16406 -8 2.2222
    endloop
  endfacet
  facet normal 0 -1 -0
    outer loop
      vertex -9.16406 -8 2.2222
      vertex -16 -8 -10
      vertex -9.11069 -8 2.14773
    endloop
  endfacet
  facet normal 0 -1 -0
    outer loop
      vertex -8.09156 -8 1.603
      vertex -16 -8 -10
      vertex -8 -8 1.6
    endloop
  endfacet
  facet normal 0 -1 -0
    outer loop
      vertex -8.18274 -8 1.61198
      vertex -16 -8 -10
      vertex -8.09156 -8 1.603
    endloop
  endfacet
  facet normal 0 -1 -0
    outer loop
      vertex -8.27313 -8 1.6269
      vertex -16 -8 -10
      vertex -8.18274 -8 1.61198
    endloop
  endfacet
  facet normal 0 -1 -0
    outer loop
      vertex -8.36235 -8 1.6477
      vertex -16 -8 -10
      vertex -8.27313 -8 1.6269
    endloop
  endfacet
  facet normal 0 -1 -0
    outer loop
      vertex -8.45002 -8 1.6743
      vertex -16 -8 -10
      vertex -8.36235 -8 1.6477
    endloop
  endfacet
  facet normal 0 -1 -0
    outer loop
      vertex -8.53576 -8 1.70657
      vertex -16 -8 -10
      vertex -8.45002 -8 1.6743
    endloop
  endfacet
  facet normal 0 -1 -0
    outer loop
      vertex -8.6192 -8 1.74438
      vertex -16 -8 -10
      vertex -8.53576 -8 1.70657
    endloop
  endfacet
  facet normal 0 -1 -0
    outer loop
      vertex -8.7 -8 1.78756
      vertex -16 -8 -10
      vertex -8.6192 -8 1.74438
    endloop
  endfacet
  facet normal 0 -1 -0
    outer loop
      vertex -8.7778 -8 1.83594
      vertex -16 -8 -10
      vertex -8.7 -8 1.78756
    endloop
  endfacet
  facet normal 0 -1 -0
    outer loop
      vertex -8.85227 -8 1.88931
      vertex -16 -8 -10
      vertex -8.7778 -8 1.83594
    endloop
  endfacet
  facet normal 0 -1 -0
    outer loop
      vertex -8.92308 -8 1.94742
      vertex -16 -8 -10
      vertex -8.85227 -8 1.88931
    endloop
  endfacet
  facet normal 0 -1 -0
    outer loop
      vertex -8.98995 -8 2.01005
      vertex -16 -8 -10
      vertex -8.92308 -8 1.94742
    endloop
  endfacet
  facet normal 0 -1 -0
    outer loop
      vertex -9.05258 -8 2.07692
      vertex -16 -8 -10
      vertex -8.98995 -8 2.01005
    endloop
  endfacet
  facet normal 0 -1 -0
    outer loop
      vertex -9.11069 -8 2.14773
      vertex -16 -8 -10
      vertex -9.05258 -8 2.07692
    endloop
  endfacet
  facet normal 0 -1 0
    outer loop
      vertex -6.6 -8 3
      vertex 0 -8 10
      vertex -6.6 -8 10
    endloop
  endfacet
  facet normal 0 -1 0
    outer loop
      vertex -6.603 -8 2.90843
      vertex 0 -8 10
      vertex -6.6 -8 3
    endloop
  endfacet
  facet normal 0 -1 0
    outer loop
      vertex -6.61198 -8 2.81726
      vertex 0 -8 10
      vertex -6.603 -8 2.90843
    endloop
  endfacet
  facet normal 0 -1 0
    outer loop
      vertex -6.6269 -8 2.72687
      vertex 0 -8 10
      vertex -6.61198 -8 2.81726
    endloop
  endfacet
  facet normal 0 -1 0
    outer loop
      vertex -6.6477 -8 2.63765
      vertex 0 -8 10
      vertex -6.6269 -8 2.72687
    endloop
  endfacet
  facet normal 0 -1 0
    outer loop
      vertex 0 -8 -10
      vertex -6.6477 -8 2.63765
      vertex -6.6743 -8 2.54998
    endloop
  endfacet
  facet normal 0 -1 0
    outer loop
      vertex 0 -8 -10
      vertex -6.6743 -8 2.54998
      vertex -6.70657 -8 2.46424
    endloop
  endfacet
  facet normal 0 -1 0
    outer loop
      vertex 0 -8 -10
      vertex -6.70657 -8 2.46424
      vertex -6.74438 -8 2.3808
    endloop
  endfacet
  facet normal 0 -1 0
    outer loop
      vertex 0 -8 -10
      vertex -6.74438 -8 2.3808
      vertex -6.78756 -8 2.3
    endloop
  endfacet
  facet normal 0 -1 0
    outer loop
      vertex 0 -8 -10
      vertex -6.78756 -8 2.3
      vertex -6.83594 -8 2.2222
    endloop
  endfacet
  facet normal 0 -1 0
    outer loop
      vertex 0 -8 -10
      vertex -6.83594 -8 2.2222
      vertex -6.88931 -8 2.14773
    endloop
  endfacet
  facet normal 0 -1 0
    outer loop
      vertex 0 -8 -10
      vertex -6.88931 -8 2.14773
      vertex -6.94742 -8 2.07692
    endloop
  endfacet
  facet normal 0 -1 0
    outer loop
      vertex 0 -8 -10
      vertex -8 -8 1.6
      vertex -16 -8 -10
    endloop
  endfacet
  facet normal 0 -1 0
    outer loop
      vertex -8 -8 1.6
      vertex 0 -8 -10
      vertex -7.90843 -8 1.603
    endloop
  endfacet
  facet normal 0 -1 0
    outer loop
      vertex -7.90843 -8 1.603
      vertex 0 -8 -10
      vertex -7.81726 -8 1.61198
    endloop
  endfacet
  facet normal 0 -1 0
    outer loop
      vertex -7.81726 -8 1.61198
      vertex 0 -8 -10
      vertex -7.72687 -8 1.6269
    endloop
  endfacet
  facet normal 0 -1 0
    outer loop
      vertex -7.72687 -8 1.6269
      vertex 0 -8 -10
      vertex -7.63765 -8 1.6477
    endloop
  endfacet
  facet normal 0 -1 0
    outer loop
      vertex -7.63765 -8 1.6477
      vertex 0 -8 -10
      vertex -7.54998 -8 1.6743
    endloop
  endfacet
  facet normal 0 -1 0
    outer loop
      vertex -7.54998 -8 1.6743
      vertex 0 -8 -10
      vertex -7.46424 -8 1.70657
    endloop
  endfacet
  facet normal 0 -1 0
    outer loop
      vertex -7.46424 -8 1.70657
      vertex 0 -8 -10
      vertex -7.3808 -8 1.74438
    endloop
  endfacet
  facet normal 0 -1 0
    outer loop
      vertex -7.3808 -8 1.74438
      vertex 0 -8 -10
      vertex -7.3 -8 1.78756
    endloop
  endfacet
  facet normal 0 -1 0
    outer loop
      vertex -7.3 -8 1.78756
      vertex 0 -8 -10
      vertex -7.2222 -8 1.83594
    endloop
  endfacet
  facet normal 0 -1 0
    outer loop
      vertex -7.2222 -8 1.83594
      vertex 0 -8 -10
      vertex -7.14773 -8 1.88931
    endloop
  endfacet
  facet normal 0 -1 0
    outer loop
      vertex -7.14773 -8 1.88931
      vertex 0 -8 -10
      vertex -7.07692 -8 1.94742
    endloop
  endfacet
  facet normal 0 -1 0
    outer loop
      vertex -7.07692 -8 1.94742
      vertex 0 -8 -10
      vertex -7.01005 -8 2.01005
    endloop
  endfacet
  facet normal 0 -1 0
    outer loop
      vertex -7.01005 -8 2.01005
      vertex 0 -8 -10
      vertex -6.94742 -8 2.07692
    endloop
  endfacet
  facet normal 0 -1 0
    outer loop
      vertex -6.6477 -8 2.63765
      vertex 0 -8 -10
      vertex 0 -8 10
    endloop
  endfacet
  facet normal -0 0 1
    outer loop
      vertex 0 6.7 5
      vertex 2.7 -6.7 5
      vertex 2.7 6.7 5
    endloop
  endfacet
  facet normal 0 0 1
    outer loop
      vertex 2.7 -6.7 5
      vertex 0 6.7 5
      vertex 0 -6.7 5
    endloop
  endfacet
  facet normal 1 -0 0
    outer loop
      vertex 2.7 2.12504 -4.4306
      vertex 2.7 6.7 -10
      vertex 2.7 6.7 5
    endloop
  endfacet
  facet normal 1 0 0
    outer loop
      vertex 2.7 6.7 -10
      vertex 2.7 2.19529 -4.85611
      vertex 2.7 2.2 -5
    endloop
  endfacet
  facet normal 1 0 0
    outer loop
      vertex 2.7 6.7 -10
      vertex 2.7 2.18118 -4.71284
      vertex 2.7 2.19529 -4.85611
    endloop
  endfacet
  facet normal 1 0 0
    outer loop
      vertex 2.7 6.7 -10
      vertex 2.7 2.15773 -4.5708
      vertex 2.7 2.18118 -4.71284
    endloop
  endfacet
  facet normal 1 0 0
    outer loop
      vertex 2.7 6.7 -10
      vertex 2.7 2.12504 -4.4306
      vertex 2.7 2.15773 -4.5708
    endloop
  endfacet
  facet normal 1 0 0
    outer loop
      vertex 2.7 6.7 5
      vertex 2.7 2.08325 -4.29283
      vertex 2.7 2.12504 -4.4306
    endloop
  endfacet
  facet normal 1 0 0
    outer loop
      vertex 2.7 6.7 5
      vertex 2.7 2.03253 -4.1581
      vertex 2.7 2.08325 -4.29283
    endloop
  endfacet
  facet normal 1 0 0
    outer loop
      vertex 2.7 6.7 5
      vertex 2.7 1.97312 -4.02696
      vertex 2.7 2.03253 -4.1581
    endloop
  endfacet
  facet normal 1 0 0
    outer loop
      vertex 2.7 6.7 5
      vertex 2.7 1.90526 -3.9
      vertex 2.7 1.97312 -4.02696
    endloop
  endfacet
  facet normal 1 0 0
    outer loop
      vertex 2.7 6.7 5
      vertex 2.7 1.82923 -3.77775
      vertex 2.7 1.90526 -3.9
    endloop
  endfacet
  facet normal 1 0 0
    outer loop
      vertex 2.7 6.7 5
      vertex 2.7 1.74538 -3.66072
      vertex 2.7 1.82923 -3.77775
    endloop
  endfacet
  facet normal 1 0 0
    outer loop
      vertex 2.7 6.7 5
      vertex 2.7 1.65405 -3.54944
      vertex 2.7 1.74538 -3.66072
    endloop
  endfacet
  facet normal 1 0 0
    outer loop
      vertex 2.7 6.7 5
      vertex 2.7 1.55563 -3.44436
      vertex 2.7 1.65405 -3.54944
    endloop
  endfacet
  facet normal 1 0 0
    outer loop
      vertex 2.7 6.7 5
      vertex 2.7 1.45056 -3.34595
      vertex 2.7 1.55563 -3.44436
    endloop
  endfacet
  facet normal 1 0 0
    outer loop
      vertex 2.7 6.7 5
      vertex 2.7 1.33927 -3.25462
      vertex 2.7 1.45056 -3.34595
    endloop
  endfacet
  facet normal 1 0 0
    outer loop
      vertex 2.7 6.7 5
      vertex 2.7 1.22225 -3.17077
      vertex 2.7 1.33927 -3.25462
    endloop
  endfacet
  facet normal 1 0 0
    outer loop
      vertex 2.7 6.7 5
      vertex 2.7 1.1 -3.09474
      vertex 2.7 1.22225 -3.17077
    endloop
  endfacet
  facet normal 1 0 0
    outer loop
      vertex 2.7 6.7 5
      vertex 2.7 0.973035 -3.02688
      vertex 2.7 1.1 -3.09474
    endloop
  endfacet
  facet normal 1 0 0
    outer loop
      vertex 2.7 6.7 5
      vertex 2.7 0.841903 -2.96746
      vertex 2.7 0.973035 -3.02688
    endloop
  endfacet
  facet normal 1 0 0
    outer loop
      vertex 2.7 6.7 5
      vertex 2.7 0.707167 -2.91675
      vertex 2.7 0.841903 -2.96746
    endloop
  endfacet
  facet normal 1 0 0
    outer loop
      vertex 2.7 6.7 5
      vertex 2.7 0.569402 -2.87496
      vertex 2.7 0.707167 -2.91675
    endloop
  endfacet
  facet normal 1 0 0
    outer loop
      vertex 2.7 6.7 5
      vertex 2.7 0.429198 -2.84227
      vertex 2.7 0.569402 -2.87496
    endloop
  endfacet
  facet normal 1 0 0
    outer loop
      vertex 2.7 6.7 5
      vertex 2.7 0.287157 -2.81882
      vertex 2.7 0.429198 -2.84227
    endloop
  endfacet
  facet normal 1 0 0
    outer loop
      vertex 2.7 6.7 5
      vertex 2.7 0.143887 -2.80471
      vertex 2.7 0.287157 -2.81882
    endloop
  endfacet
  facet normal 1 0 0
    outer loop
      vertex 2.7 6.7 5
      vertex 2.7 0 -2.8
      vertex 2.7 0.143887 -2.80471
    endloop
  endfacet
  facet normal 1 -0 0
    outer loop
      vertex 2.7 -6.7 5
      vertex 2.7 0 -2.8
      vertex 2.7 6.7 5
    endloop
  endfacet
  facet normal 1 0 0
    outer loop
      vertex 2.7 0 -2.8
      vertex 2.7 -6.7 5
      vertex 2.7 -0.143887 -2.80471
    endloop
  endfacet
  facet normal 1 0 0
    outer loop
      vertex 2.7 -0.143887 -2.80471
      vertex 2.7 -6.7 5
      vertex 2.7 -0.287157 -2.81882
    endloop
  endfacet
  facet normal 1 0 0
    outer loop
      vertex 2.7 -0.287157 -2.81882
      vertex 2.7 -6.7 5
      vertex 2.7 -0.429198 -2.84227
    endloop
  endfacet
  facet normal 1 0 0
    outer loop
      vertex 2.7 -0.429198 -2.84227
      vertex 2.7 -6.7 5
      vertex 2.7 -0.569402 -2.87496
    endloop
  endfacet
  facet normal 1 0 0
    outer loop
      vertex 2.7 -0.569402 -2.87496
      vertex 2.7 -6.7 5
      vertex 2.7 -0.707167 -2.91675
    endloop
  endfacet
  facet normal 1 0 0
    outer loop
      vertex 2.7 -0.707167 -2.91675
      vertex 2.7 -6.7 5
      vertex 2.7 -0.841903 -2.96746
    endloop
  endfacet
  facet normal 1 0 0
    outer loop
      vertex 2.7 -0.841903 -2.96746
      vertex 2.7 -6.7 5
      vertex 2.7 -0.973035 -3.02688
    endloop
  endfacet
  facet normal 1 0 0
    outer loop
      vertex 2.7 -0.973035 -3.02688
      vertex 2.7 -6.7 5
      vertex 2.7 -1.1 -3.09474
    endloop
  endfacet
  facet normal 1 0 0
    outer loop
      vertex 2.7 -1.1 -3.09474
      vertex 2.7 -6.7 5
      vertex 2.7 -1.22225 -3.17077
    endloop
  endfacet
  facet normal 1 0 0
    outer loop
      vertex 2.7 -1.22225 -3.17077
      vertex 2.7 -6.7 5
      vertex 2.7 -1.33927 -3.25462
    endloop
  endfacet
  facet normal 1 0 0
    outer loop
      vertex 2.7 -1.33927 -3.25462
      vertex 2.7 -6.7 5
      vertex 2.7 -1.45056 -3.34595
    endloop
  endfacet
  facet normal 1 0 0
    outer loop
      vertex 2.7 -2.18118 -4.71284
      vertex 2.7 -6.7 -10
      vertex 2.7 -2.19529 -4.85611
    endloop
  endfacet
  facet normal 1 0 0
    outer loop
      vertex 2.7 -2.15773 -4.5708
      vertex 2.7 -6.7 -10
      vertex 2.7 -2.18118 -4.71284
    endloop
  endfacet
  facet normal 1 0 0
    outer loop
      vertex 2.7 -2.12504 -4.4306
      vertex 2.7 -6.7 -10
      vertex 2.7 -2.15773 -4.5708
    endloop
  endfacet
  facet normal 1 0 0
    outer loop
      vertex 2.7 -6.7 -10
      vertex 2.7 -2.12504 -4.4306
      vertex 2.7 -6.7 5
    endloop
  endfacet
  facet normal 1 0 0
    outer loop
      vertex 2.7 -2.08325 -4.29283
      vertex 2.7 -6.7 5
      vertex 2.7 -2.12504 -4.4306
    endloop
  endfacet
  facet normal 1 0 0
    outer loop
      vertex 2.7 -2.03253 -4.1581
      vertex 2.7 -6.7 5
      vertex 2.7 -2.08325 -4.29283
    endloop
  endfacet
  facet normal 1 0 0
    outer loop
      vertex 2.7 -1.97312 -4.02696
      vertex 2.7 -6.7 5
      vertex 2.7 -2.03253 -4.1581
    endloop
  endfacet
  facet normal 1 0 0
    outer loop
      vertex 2.7 -1.90526 -3.9
      vertex 2.7 -6.7 5
      vertex 2.7 -1.97312 -4.02696
    endloop
  endfacet
  facet normal 1 0 0
    outer loop
      vertex 2.7 -1.82923 -3.77775
      vertex 2.7 -6.7 5
      vertex 2.7 -1.90526 -3.9
    endloop
  endfacet
  facet normal 1 0 0
    outer loop
      vertex 2.7 -1.74538 -3.66072
      vertex 2.7 -6.7 5
      vertex 2.7 -1.82923 -3.77775
    endloop
  endfacet
  facet normal 1 0 0
    outer loop
      vertex 2.7 -1.65405 -3.54944
      vertex 2.7 -6.7 5
      vertex 2.7 -1.74538 -3.66072
    endloop
  endfacet
  facet normal 1 0 0
    outer loop
      vertex 2.7 -1.55563 -3.44436
      vertex 2.7 -6.7 5
      vertex 2.7 -1.65405 -3.54944
    endloop
  endfacet
  facet normal 1 0 0
    outer loop
      vertex 2.7 -1.45056 -3.34595
      vertex 2.7 -6.7 5
      vertex 2.7 -1.55563 -3.44436
    endloop
  endfacet
  facet normal 1 -0 0
    outer loop
      vertex 2.7 2.19529 -5.14389
      vertex 2.7 6.7 -10
      vertex 2.7 2.2 -5
    endloop
  endfacet
  facet normal 1 -0 0
    outer loop
      vertex 2.7 2.18118 -5.28716
      vertex 2.7 6.7 -10
      vertex 2.7 2.19529 -5.14389
    endloop
  endfacet
  facet normal 1 -0 0
    outer loop
      vertex 2.7 2.15773 -5.4292
      vertex 2.7 6.7 -10
      vertex 2.7 2.18118 -5.28716
    endloop
  endfacet
  facet normal 1 -0 0
    outer loop
      vertex 2.7 2.12504 -5.5694
      vertex 2.7 6.7 -10
      vertex 2.7 2.15773 -5.4292
    endloop
  endfacet
  facet normal 1 -0 0
    outer loop
      vertex 2.7 2.08325 -5.70717
      vertex 2.7 6.7 -10
      vertex 2.7 2.12504 -5.5694
    endloop
  endfacet
  facet normal 1 -0 0
    outer loop
      vertex 2.7 2.03253 -5.8419
      vertex 2.7 6.7 -10
      vertex 2.7 2.08325 -5.70717
    endloop
  endfacet
  facet normal 1 -0 0
    outer loop
      vertex 2.7 1.97312 -5.97303
      vertex 2.7 6.7 -10
      vertex 2.7 2.03253 -5.8419
    endloop
  endfacet
  facet normal 1 -0 0
    outer loop
      vertex 2.7 1.90526 -6.1
      vertex 2.7 6.7 -10
      vertex 2.7 1.97312 -5.97303
    endloop
  endfacet
  facet normal 1 -0 0
    outer loop
      vertex 2.7 1.82923 -6.22225
      vertex 2.7 6.7 -10
      vertex 2.7 1.90526 -6.1
    endloop
  endfacet
  facet normal 1 -0 0
    outer loop
      vertex 2.7 1.74538 -6.33927
      vertex 2.7 6.7 -10
      vertex 2.7 1.82923 -6.22225
    endloop
  endfacet
  facet normal 1 -0 0
    outer loop
      vertex 2.7 1.65405 -6.45056
      vertex 2.7 6.7 -10
      vertex 2.7 1.74538 -6.33927
    endloop
  endfacet
  facet normal 1 -0 0
    outer loop
      vertex 2.7 1.55563 -6.55563
      vertex 2.7 6.7 -10
      vertex 2.7 1.65405 -6.45056
    endloop
  endfacet
  facet normal 1 -0 0
    outer loop
      vertex 2.7 1.45056 -6.65405
      vertex 2.7 6.7 -10
      vertex 2.7 1.55563 -6.55563
    endloop
  endfacet
  facet normal 1 -0 0
    outer loop
      vertex 2.7 1.33927 -6.74538
      vertex 2.7 6.7 -10
      vertex 2.7 1.45056 -6.65405
    endloop
  endfacet
  facet normal 1 -0 0
    outer loop
      vertex 2.7 1.22225 -6.82923
      vertex 2.7 6.7 -10
      vertex 2.7 1.33927 -6.74538
    endloop
  endfacet
  facet normal 1 -0 0
    outer loop
      vertex 2.7 1.1 -6.90526
      vertex 2.7 6.7 -10
      vertex 2.7 1.22225 -6.82923
    endloop
  endfacet
  facet normal 1 -0 0
    outer loop
      vertex 2.7 0.973035 -6.97312
      vertex 2.7 6.7 -10
      vertex 2.7 1.1 -6.90526
    endloop
  endfacet
  facet normal 1 -0 0
    outer loop
      vertex 2.7 0.841903 -7.03253
      vertex 2.7 6.7 -10
      vertex 2.7 0.973035 -6.97312
    endloop
  endfacet
  facet normal 1 -0 0
    outer loop
      vertex 2.7 0.707167 -7.08325
      vertex 2.7 6.7 -10
      vertex 2.7 0.841903 -7.03253
    endloop
  endfacet
  facet normal 1 -0 0
    outer loop
      vertex 2.7 0.569402 -7.12504
      vertex 2.7 6.7 -10
      vertex 2.7 0.707167 -7.08325
    endloop
  endfacet
  facet normal 1 -0 0
    outer loop
      vertex 2.7 0.429198 -7.15773
      vertex 2.7 6.7 -10
      vertex 2.7 0.569402 -7.12504
    endloop
  endfacet
  facet normal 1 -0 0
    outer loop
      vertex 2.7 0.287157 -7.18118
      vertex 2.7 6.7 -10
      vertex 2.7 0.429198 -7.15773
    endloop
  endfacet
  facet normal 1 -0 0
    outer loop
      vertex 2.7 0.143887 -7.19529
      vertex 2.7 6.7 -10
      vertex 2.7 0.287157 -7.18118
    endloop
  endfacet
  facet normal 1 -0 0
    outer loop
      vertex 2.7 0 -7.2
      vertex 2.7 6.7 -10
      vertex 2.7 0.143887 -7.19529
    endloop
  endfacet
  facet normal 1 0 0
    outer loop
      vertex 2.7 -6.7 -10
      vertex 2.7 0 -7.2
      vertex 2.7 -0.143887 -7.19529
    endloop
  endfacet
  facet normal 1 0 0
    outer loop
      vertex 2.7 -6.7 -10
      vertex 2.7 -0.143887 -7.19529
      vertex 2.7 -0.287157 -7.18118
    endloop
  endfacet
  facet normal 1 0 0
    outer loop
      vertex 2.7 -6.7 -10
      vertex 2.7 -0.287157 -7.18118
      vertex 2.7 -0.429198 -7.15773
    endloop
  endfacet
  facet normal 1 0 0
    outer loop
      vertex 2.7 -6.7 -10
      vertex 2.7 -0.429198 -7.15773
      vertex 2.7 -0.569402 -7.12504
    endloop
  endfacet
  facet normal 1 0 0
    outer loop
      vertex 2.7 -6.7 -10
      vertex 2.7 -0.569402 -7.12504
      vertex 2.7 -0.707167 -7.08325
    endloop
  endfacet
  facet normal 1 0 0
    outer loop
      vertex 2.7 -6.7 -10
      vertex 2.7 -0.707167 -7.08325
      vertex 2.7 -0.841903 -7.03253
    endloop
  endfacet
  facet normal 1 0 0
    outer loop
      vertex 2.7 -2.19529 -4.85611
      vertex 2.7 -6.7 -10
      vertex 2.7 -2.2 -5
    endloop
  endfacet
  facet normal 1 0 0
    outer loop
      vertex 2.7 -2.2 -5
      vertex 2.7 -6.7 -10
      vertex 2.7 -2.19529 -5.14389
    endloop
  endfacet
  facet normal 1 0 0
    outer loop
      vertex 2.7 -2.19529 -5.14389
      vertex 2.7 -6.7 -10
      vertex 2.7 -2.18118 -5.28716
    endloop
  endfacet
  facet normal 1 0 0
    outer loop
      vertex 2.7 -2.18118 -5.28716
      vertex 2.7 -6.7 -10
      vertex 2.7 -2.15773 -5.4292
    endloop
  endfacet
  facet normal 1 0 0
    outer loop
      vertex 2.7 -2.15773 -5.4292
      vertex 2.7 -6.7 -10
      vertex 2.7 -2.12504 -5.5694
    endloop
  endfacet
  facet normal 1 0 0
    outer loop
      vertex 2.7 -2.12504 -5.5694
      vertex 2.7 -6.7 -10
      vertex 2.7 -2.08325 -5.70717
    endloop
  endfacet
  facet normal 1 0 0
    outer loop
      vertex 2.7 0 -7.2
      vertex 2.7 -6.7 -10
      vertex 2.7 6.7 -10
    endloop
  endfacet
  facet normal 1 0 0
    outer loop
      vertex 2.7 -0.973035 -6.97312
      vertex 2.7 -6.7 -10
      vertex 2.7 -0.841903 -7.03253
    endloop
  endfacet
  facet normal 1 0 0
    outer loop
      vertex 2.7 -1.1 -6.90526
      vertex 2.7 -6.7 -10
      vertex 2.7 -0.973035 -6.97312
    endloop
  endfacet
  facet normal 1 0 0
    outer loop
      vertex 2.7 -1.22225 -6.82923
      vertex 2.7 -6.7 -10
      vertex 2.7 -1.1 -6.90526
    endloop
  endfacet
  facet normal 1 0 0
    outer loop
      vertex 2.7 -1.33927 -6.74538
      vertex 2.7 -6.7 -10
      vertex 2.7 -1.22225 -6.82923
    endloop
  endfacet
  facet normal 1 0 0
    outer loop
      vertex 2.7 -1.45056 -6.65405
      vertex 2.7 -6.7 -10
      vertex 2.7 -1.33927 -6.74538
    endloop
  endfacet
  facet normal 1 0 0
    outer loop
      vertex 2.7 -1.55563 -6.55563
      vertex 2.7 -6.7 -10
      vertex 2.7 -1.45056 -6.65405
    endloop
  endfacet
  facet normal 1 0 0
    outer loop
      vertex 2.7 -1.65405 -6.45056
      vertex 2.7 -6.7 -10
      vertex 2.7 -1.55563 -6.55563
    endloop
  endfacet
  facet normal 1 0 0
    outer loop
      vertex 2.7 -1.74538 -6.33927
      vertex 2.7 -6.7 -10
      vertex 2.7 -1.65405 -6.45056
    endloop
  endfacet
  facet normal 1 0 0
    outer loop
      vertex 2.7 -1.82923 -6.22225
      vertex 2.7 -6.7 -10
      vertex 2.7 -1.74538 -6.33927
    endloop
  endfacet
  facet normal 1 0 0
    outer loop
      vertex 2.7 -1.90526 -6.1
      vertex 2.7 -6.7 -10
      vertex 2.7 -1.82923 -6.22225
    endloop
  endfacet
  facet normal 1 0 0
    outer loop
      vertex 2.7 -1.97312 -5.97303
      vertex 2.7 -6.7 -10
      vertex 2.7 -1.90526 -6.1
    endloop
  endfacet
  facet normal 1 0 0
    outer loop
      vertex 2.7 -2.03253 -5.8419
      vertex 2.7 -6.7 -10
      vertex 2.7 -1.97312 -5.97303
    endloop
  endfacet
  facet normal 1 0 0
    outer loop
      vertex 2.7 -2.08325 -5.70717
      vertex 2.7 -6.7 -10
      vertex 2.7 -2.03253 -5.8419
    endloop
  endfacet
  facet normal 0 1 -0
    outer loop
      vertex 2.7 6.7 -10
      vertex 0 6.7 5
      vertex 2.7 6.7 5
    endloop
  endfacet
  facet normal 0 1 0
    outer loop
      vertex 0 6.7 5
      vertex 2.7 6.7 -10
      vertex 0 6.7 -10
    endloop
  endfacet
  facet normal 0 -1 0
    outer loop
      vertex 0 -6.7 -10
      vertex 2.7 -6.7 5
      vertex 0 -6.7 5
    endloop
  endfacet
  facet normal 0 -1 -0
    outer loop
      vertex 2.7 -6.7 5
      vertex 0 -6.7 -10
      vertex 2.7 -6.7 -10
    endloop
  endfacet
  facet normal -0.999464 0 0.0327443
    outer loop
      vertex -6.603 -8 2.90843
      vertex -6.6 -3 3
      vertex -6.603 -3 2.90843
    endloop
  endfacet
  facet normal -0.999464 0 0.0327443
    outer loop
      vertex -6.6 -3 3
      vertex -6.603 -8 2.90843
      vertex -6.6 -8 3
    endloop
  endfacet
  facet normal 0.999464 -0 0.0327443
    outer loop
      vertex -9.4 -8 3
      vertex -9.397 -3 2.90843
      vertex -9.4 -3 3
    endloop
  endfacet
  facet normal 0.999464 0 0.0327443
    outer loop
      vertex -9.397 -3 2.90843
      vertex -9.4 -8 3
      vertex -9.397 -8 2.90843
    endloop
  endfacet
  facet normal 0.0327478 0 0.999464
    outer loop
      vertex -8.09156 -3 1.603
      vertex -8 -8 1.6
      vertex -8 -3 1.6
    endloop
  endfacet
  facet normal 0.0327478 0 0.999464
    outer loop
      vertex -8 -8 1.6
      vertex -8.09156 -3 1.603
      vertex -8.09156 -8 1.603
    endloop
  endfacet
  facet normal -0.683589 0 0.729867
    outer loop
      vertex -7.07692 -3 1.94742
      vertex -7.01005 -8 2.01005
      vertex -7.01005 -3 2.01005
    endloop
  endfacet
  facet normal -0.683589 0 0.729867
    outer loop
      vertex -7.01005 -8 2.01005
      vertex -7.07692 -3 1.94742
      vertex -7.07692 -8 1.94742
    endloop
  endfacet
  facet normal 0.683589 0 0.729867
    outer loop
      vertex -8.98995 -3 2.01005
      vertex -8.92308 -8 1.94742
      vertex -8.92308 -3 1.94742
    endloop
  endfacet
  facet normal 0.683589 0 0.729867
    outer loop
      vertex -8.92308 -8 1.94742
      vertex -8.98995 -3 2.01005
      vertex -8.98995 -8 2.01005
    endloop
  endfacet
  facet normal -0.910848 0 0.412742
    outer loop
      vertex -6.74438 -8 2.3808
      vertex -6.70657 -3 2.46424
      vertex -6.74438 -3 2.3808
    endloop
  endfacet
  facet normal -0.910848 0 0.412742
    outer loop
      vertex -6.70657 -3 2.46424
      vertex -6.74438 -8 2.3808
      vertex -6.70657 -8 2.46424
    endloop
  endfacet
  facet normal -0.352248 0 0.935907
    outer loop
      vertex -7.54998 -3 1.6743
      vertex -7.46424 -8 1.70657
      vertex -7.46424 -3 1.70657
    endloop
  endfacet
  facet normal -0.352248 0 0.935907
    outer loop
      vertex -7.46424 -8 1.70657
      vertex -7.54998 -3 1.6743
      vertex -7.54998 -8 1.6743
    endloop
  endfacet
  facet normal -0.582518 0 0.812818
    outer loop
      vertex -7.2222 -3 1.83594
      vertex -7.14773 -8 1.88931
      vertex -7.14773 -3 1.88931
    endloop
  endfacet
  facet normal -0.582518 0 0.812818
    outer loop
      vertex -7.14773 -8 1.88931
      vertex -7.2222 -3 1.83594
      vertex -7.2222 -8 1.83594
    endloop
  endfacet
  facet normal 0.849247 -0 0.527996
    outer loop
      vertex -9.21243 -8 2.3
      vertex -9.16406 -3 2.2222
      vertex -9.21243 -3 2.3
    endloop
  endfacet
  facet normal 0.849247 0 0.527996
    outer loop
      vertex -9.16406 -3 2.2222
      vertex -9.21243 -8 2.3
      vertex -9.16406 -8 2.2222
    endloop
  endfacet
  facet normal 0.812818 -0 0.582518
    outer loop
      vertex -9.16406 -8 2.2222
      vertex -9.11069 -3 2.14773
      vertex -9.16406 -3 2.2222
    endloop
  endfacet
  facet normal 0.812818 0 0.582518
    outer loop
      vertex -9.11069 -3 2.14773
      vertex -9.16406 -8 2.2222
      vertex -9.11069 -8 2.14773
    endloop
  endfacet
  facet normal 0.634379 0 0.773023
    outer loop
      vertex -8.92308 -3 1.94742
      vertex -8.85227 -8 1.88931
      vertex -8.85227 -3 1.88931
    endloop
  endfacet
  facet normal 0.634379 0 0.773023
    outer loop
      vertex -8.85227 -8 1.88931
      vertex -8.92308 -3 1.94742
      vertex -8.92308 -8 1.94742
    endloop
  endfacet
  facet normal 0.162859 0 0.986649
    outer loop
      vertex -8.27313 -3 1.6269
      vertex -8.18274 -8 1.61198
      vertex -8.18274 -3 1.61198
    endloop
  endfacet
  facet normal 0.162859 0 0.986649
    outer loop
      vertex -8.18274 -8 1.61198
      vertex -8.27313 -3 1.6269
      vertex -8.27313 -8 1.6269
    endloop
  endfacet
  facet normal -0.973885 0 0.227043
    outer loop
      vertex -6.6477 -8 2.63765
      vertex -6.6269 -3 2.72687
      vertex -6.6477 -3 2.63765
    endloop
  endfacet
  facet normal -0.973885 0 0.227043
    outer loop
      vertex -6.6269 -3 2.72687
      vertex -6.6477 -8 2.63765
      vertex -6.6269 -8 2.72687
    endloop
  endfacet
  facet normal -0.849198 0 0.528075
    outer loop
      vertex -6.83594 -8 2.2222
      vertex -6.78756 -3 2.3
      vertex -6.83594 -3 2.2222
    endloop
  endfacet
  facet normal -0.849198 0 0.528075
    outer loop
      vertex -6.78756 -3 2.3
      vertex -6.83594 -8 2.2222
      vertex -6.78756 -8 2.3
    endloop
  endfacet
  facet normal -0.162859 0 0.986649
    outer loop
      vertex -7.81726 -3 1.61198
      vertex -7.72687 -8 1.6269
      vertex -7.72687 -3 1.6269
    endloop
  endfacet
  facet normal -0.162859 0 0.986649
    outer loop
      vertex -7.72687 -8 1.6269
      vertex -7.81726 -3 1.61198
      vertex -7.81726 -8 1.61198
    endloop
  endfacet
  facet normal -0.098023 0 0.995184
    outer loop
      vertex -7.90843 -3 1.603
      vertex -7.81726 -8 1.61198
      vertex -7.81726 -3 1.61198
    endloop
  endfacet
  facet normal -0.098023 0 0.995184
    outer loop
      vertex -7.81726 -8 1.61198
      vertex -7.90843 -3 1.603
      vertex -7.90843 -8 1.603
    endloop
  endfacet
  facet normal -0.634379 0 0.773023
    outer loop
      vertex -7.14773 -3 1.88931
      vertex -7.07692 -8 1.94742
      vertex -7.07692 -3 1.94742
    endloop
  endfacet
  facet normal -0.634379 0 0.773023
    outer loop
      vertex -7.07692 -8 1.94742
      vertex -7.14773 -3 1.88931
      vertex -7.14773 -8 1.88931
    endloop
  endfacet
  facet normal 0.973885 -0 0.227043
    outer loop
      vertex -9.3731 -8 2.72687
      vertex -9.3523 -3 2.63765
      vertex -9.3731 -3 2.72687
    endloop
  endfacet
  facet normal 0.973885 0 0.227043
    outer loop
      vertex -9.3523 -3 2.63765
      vertex -9.3731 -8 2.72687
      vertex -9.3523 -8 2.63765
    endloop
  endfacet
  facet normal 0.528075 0 0.849198
    outer loop
      vertex -8.7778 -3 1.83594
      vertex -8.7 -8 1.78756
      vertex -8.7 -3 1.78756
    endloop
  endfacet
  facet normal 0.528075 0 0.849198
    outer loop
      vertex -8.7 -8 1.78756
      vertex -8.7778 -3 1.83594
      vertex -8.7778 -8 1.83594
    endloop
  endfacet
  facet normal 0.290341 0 0.956923
    outer loop
      vertex -8.45002 -3 1.6743
      vertex -8.36235 -8 1.6477
      vertex -8.36235 -3 1.6477
    endloop
  endfacet
  facet normal 0.290341 0 0.956923
    outer loop
      vertex -8.36235 -8 1.6477
      vertex -8.45002 -3 1.6743
      vertex -8.45002 -8 1.6743
    endloop
  endfacet
  facet normal 0.0980123 0 0.995185
    outer loop
      vertex -8.18274 -3 1.61198
      vertex -8.09156 -8 1.603
      vertex -8.09156 -3 1.603
    endloop
  endfacet
  facet normal 0.0980123 0 0.995185
    outer loop
      vertex -8.09156 -8 1.603
      vertex -8.18274 -3 1.61198
      vertex -8.18274 -8 1.61198
    endloop
  endfacet
  facet normal -0.986649 0 0.162859
    outer loop
      vertex -6.6269 -8 2.72687
      vertex -6.61198 -3 2.81726
      vertex -6.6269 -3 2.72687
    endloop
  endfacet
  facet normal -0.986649 0 0.162859
    outer loop
      vertex -6.61198 -3 2.81726
      vertex -6.6269 -8 2.72687
      vertex -6.61198 -8 2.81726
    endloop
  endfacet
  facet normal -0.995184 0 0.098023
    outer loop
      vertex -6.61198 -8 2.81726
      vertex -6.603 -3 2.90843
      vertex -6.61198 -3 2.81726
    endloop
  endfacet
  facet normal -0.995184 0 0.098023
    outer loop
      vertex -6.603 -3 2.90843
      vertex -6.61198 -8 2.81726
      vertex -6.603 -8 2.90843
    endloop
  endfacet
  facet normal -0.956923 0 0.290341
    outer loop
      vertex -6.6743 -8 2.54998
      vertex -6.6477 -3 2.63765
      vertex -6.6743 -3 2.54998
    endloop
  endfacet
  facet normal -0.956923 0 0.290341
    outer loop
      vertex -6.6477 -3 2.63765
      vertex -6.6743 -8 2.54998
      vertex -6.6477 -8 2.63765
    endloop
  endfacet
  facet normal -0.935907 0 0.352248
    outer loop
      vertex -6.70657 -8 2.46424
      vertex -6.6743 -3 2.54998
      vertex -6.70657 -3 2.46424
    endloop
  endfacet
  facet normal -0.935907 0 0.352248
    outer loop
      vertex -6.6743 -3 2.54998
      vertex -6.70657 -8 2.46424
      vertex -6.6743 -8 2.54998
    endloop
  endfacet
  facet normal -0.773023 0 0.634379
    outer loop
      vertex -6.94742 -8 2.07692
      vertex -6.88931 -3 2.14773
      vertex -6.94742 -3 2.07692
    endloop
  endfacet
  facet normal -0.773023 0 0.634379
    outer loop
      vertex -6.88931 -3 2.14773
      vertex -6.94742 -8 2.07692
      vertex -6.88931 -8 2.14773
    endloop
  endfacet
  facet normal -0.729867 0 0.683589
    outer loop
      vertex -7.01005 -8 2.01005
      vertex -6.94742 -3 2.07692
      vertex -7.01005 -3 2.01005
    endloop
  endfacet
  facet normal -0.729867 0 0.683589
    outer loop
      vertex -6.94742 -3 2.07692
      vertex -7.01005 -8 2.01005
      vertex -6.94742 -8 2.07692
    endloop
  endfacet
  facet normal -0.812818 0 0.582518
    outer loop
      vertex -6.88931 -8 2.14773
      vertex -6.83594 -3 2.2222
      vertex -6.88931 -3 2.14773
    endloop
  endfacet
  facet normal -0.812818 0 0.582518
    outer loop
      vertex -6.83594 -3 2.2222
      vertex -6.88931 -8 2.14773
      vertex -6.83594 -8 2.2222
    endloop
  endfacet
  facet normal -0.88196 0 0.471325
    outer loop
      vertex -6.78756 -8 2.3
      vertex -6.74438 -3 2.3808
      vertex -6.78756 -3 2.3
    endloop
  endfacet
  facet normal -0.88196 0 0.471325
    outer loop
      vertex -6.74438 -3 2.3808
      vertex -6.78756 -8 2.3
      vertex -6.74438 -8 2.3808
    endloop
  endfacet
  facet normal -0.290341 0 0.956923
    outer loop
      vertex -7.63765 -3 1.6477
      vertex -7.54998 -8 1.6743
      vertex -7.54998 -3 1.6743
    endloop
  endfacet
  facet normal -0.290341 0 0.956923
    outer loop
      vertex -7.54998 -8 1.6743
      vertex -7.63765 -3 1.6477
      vertex -7.63765 -8 1.6477
    endloop
  endfacet
  facet normal -0.227043 0 0.973885
    outer loop
      vertex -7.72687 -3 1.6269
      vertex -7.63765 -8 1.6477
      vertex -7.63765 -3 1.6477
    endloop
  endfacet
  facet normal -0.227043 0 0.973885
    outer loop
      vertex -7.63765 -8 1.6477
      vertex -7.72687 -3 1.6269
      vertex -7.72687 -8 1.6269
    endloop
  endfacet
  facet normal -0.0327443 0 0.999464
    outer loop
      vertex -8 -3 1.6
      vertex -7.90843 -8 1.603
      vertex -7.90843 -3 1.603
    endloop
  endfacet
  facet normal -0.0327443 0 0.999464
    outer loop
      vertex -7.90843 -8 1.603
      vertex -8 -3 1.6
      vertex -8 -8 1.6
    endloop
  endfacet
  facet normal -0.471325 0 0.88196
    outer loop
      vertex -7.3808 -3 1.74438
      vertex -7.3 -8 1.78756
      vertex -7.3 -3 1.78756
    endloop
  endfacet
  facet normal -0.471325 0 0.88196
    outer loop
      vertex -7.3 -8 1.78756
      vertex -7.3808 -3 1.74438
      vertex -7.3808 -8 1.74438
    endloop
  endfacet
  facet normal -0.412742 0 0.910848
    outer loop
      vertex -7.46424 -3 1.70657
      vertex -7.3808 -8 1.74438
      vertex -7.3808 -3 1.74438
    endloop
  endfacet
  facet normal -0.412742 0 0.910848
    outer loop
      vertex -7.3808 -8 1.74438
      vertex -7.46424 -3 1.70657
      vertex -7.46424 -8 1.70657
    endloop
  endfacet
  facet normal -0.528075 0 0.849198
    outer loop
      vertex -7.3 -3 1.78756
      vertex -7.2222 -8 1.83594
      vertex -7.2222 -3 1.83594
    endloop
  endfacet
  facet normal -0.528075 0 0.849198
    outer loop
      vertex -7.2222 -8 1.83594
      vertex -7.3 -3 1.78756
      vertex -7.3 -8 1.78756
    endloop
  endfacet
  facet normal 0.773023 -0 0.634379
    outer loop
      vertex -9.11069 -8 2.14773
      vertex -9.05258 -3 2.07692
      vertex -9.11069 -3 2.14773
    endloop
  endfacet
  facet normal 0.773023 0 0.634379
    outer loop
      vertex -9.05258 -3 2.07692
      vertex -9.11069 -8 2.14773
      vertex -9.05258 -8 2.07692
    endloop
  endfacet
  facet normal 0.910848 -0 0.412742
    outer loop
      vertex -9.29343 -8 2.46424
      vertex -9.25562 -3 2.3808
      vertex -9.29343 -3 2.46424
    endloop
  endfacet
  facet normal 0.910848 0 0.412742
    outer loop
      vertex -9.25562 -3 2.3808
      vertex -9.29343 -8 2.46424
      vertex -9.25562 -8 2.3808
    endloop
  endfacet
  facet normal 0.881914 -0 0.471409
    outer loop
      vertex -9.25562 -8 2.3808
      vertex -9.21243 -3 2.3
      vertex -9.25562 -3 2.3808
    endloop
  endfacet
  facet normal 0.881914 0 0.471409
    outer loop
      vertex -9.21243 -3 2.3
      vertex -9.25562 -8 2.3808
      vertex -9.21243 -8 2.3
    endloop
  endfacet
  facet normal 0.935907 -0 0.352248
    outer loop
      vertex -9.3257 -8 2.54998
      vertex -9.29343 -3 2.46424
      vertex -9.3257 -3 2.54998
    endloop
  endfacet
  facet normal 0.935907 0 0.352248
    outer loop
      vertex -9.29343 -3 2.46424
      vertex -9.3257 -8 2.54998
      vertex -9.29343 -8 2.46424
    endloop
  endfacet
  facet normal 0.956923 -0 0.290341
    outer loop
      vertex -9.3523 -8 2.63765
      vertex -9.3257 -3 2.54998
      vertex -9.3523 -3 2.63765
    endloop
  endfacet
  facet normal 0.956923 0 0.290341
    outer loop
      vertex -9.3257 -3 2.54998
      vertex -9.3523 -8 2.63765
      vertex -9.3257 -8 2.54998
    endloop
  endfacet
  facet normal 0.986649 -0 0.162859
    outer loop
      vertex -9.38802 -8 2.81726
      vertex -9.3731 -3 2.72687
      vertex -9.38802 -3 2.81726
    endloop
  endfacet
  facet normal 0.986649 0 0.162859
    outer loop
      vertex -9.3731 -3 2.72687
      vertex -9.38802 -8 2.81726
      vertex -9.3731 -8 2.72687
    endloop
  endfacet
  facet normal 0.995184 -0 0.098023
    outer loop
      vertex -9.397 -8 2.90843
      vertex -9.38802 -3 2.81726
      vertex -9.397 -3 2.90843
    endloop
  endfacet
  facet normal 0.995184 0 0.098023
    outer loop
      vertex -9.38802 -3 2.81726
      vertex -9.397 -8 2.90843
      vertex -9.38802 -8 2.81726
    endloop
  endfacet
  facet normal 0.412742 0 0.910848
    outer loop
      vertex -8.6192 -3 1.74438
      vertex -8.53576 -8 1.70657
      vertex -8.53576 -3 1.70657
    endloop
  endfacet
  facet normal 0.412742 0 0.910848
    outer loop
      vertex -8.53576 -8 1.70657
      vertex -8.6192 -3 1.74438
      vertex -8.6192 -8 1.74438
    endloop
  endfacet
  facet normal 0.582518 0 0.812818
    outer loop
      vertex -8.85227 -3 1.88931
      vertex -8.7778 -8 1.83594
      vertex -8.7778 -3 1.83594
    endloop
  endfacet
  facet normal 0.582518 0 0.812818
    outer loop
      vertex -8.7778 -8 1.83594
      vertex -8.85227 -3 1.88931
      vertex -8.85227 -8 1.88931
    endloop
  endfacet
  facet normal 0.471325 0 0.88196
    outer loop
      vertex -8.7 -3 1.78756
      vertex -8.6192 -8 1.74438
      vertex -8.6192 -3 1.74438
    endloop
  endfacet
  facet normal 0.471325 0 0.88196
    outer loop
      vertex -8.6192 -8 1.74438
      vertex -8.7 -3 1.78756
      vertex -8.7 -8 1.78756
    endloop
  endfacet
  facet normal 0.352248 0 0.935907
    outer loop
      vertex -8.53576 -3 1.70657
      vertex -8.45002 -8 1.6743
      vertex -8.45002 -3 1.6743
    endloop
  endfacet
  facet normal 0.352248 0 0.935907
    outer loop
      vertex -8.45002 -8 1.6743
      vertex -8.53576 -3 1.70657
      vertex -8.53576 -8 1.70657
    endloop
  endfacet
  facet normal 0.227043 0 0.973885
    outer loop
      vertex -8.36235 -3 1.6477
      vertex -8.27313 -8 1.6269
      vertex -8.27313 -3 1.6269
    endloop
  endfacet
  facet normal 0.227043 0 0.973885
    outer loop
      vertex -8.27313 -8 1.6269
      vertex -8.36235 -3 1.6477
      vertex -8.36235 -8 1.6477
    endloop
  endfacet
  facet normal 0.729867 -0 0.683589
    outer loop
      vertex -9.05258 -8 2.07692
      vertex -8.98995 -3 2.01005
      vertex -9.05258 -3 2.07692
    endloop
  endfacet
  facet normal 0.729867 0 0.683589
    outer loop
      vertex -8.98995 -3 2.01005
      vertex -9.05258 -8 2.07692
      vertex -8.98995 -8 2.01005
    endloop
  endfacet
  facet normal -0.634395 0 0.773009
    outer loop
      vertex -6.05196 8 0.461268
      vertex -5.89009 -3 0.594112
      vertex -5.89009 8 0.594112
    endloop
  endfacet
  facet normal -0.634395 0 0.773009
    outer loop
      vertex -5.89009 -3 0.594112
      vertex -6.05196 8 0.461268
      vertex -6.05196 -3 0.461268
    endloop
  endfacet
  facet normal 0.352247 0 0.935907
    outer loop
      vertex -9.22459 8 0.0435848
      vertex -9.02861 -3 -0.0301762
      vertex -9.02861 8 -0.0301762
    endloop
  endfacet
  facet normal 0.352247 0 0.935907
    outer loop
      vertex -9.02861 -3 -0.0301762
      vertex -9.22459 8 0.0435848
      vertex -9.22459 -3 0.0435848
    endloop
  endfacet
  facet normal 0.910897 -0 0.412633
    outer loop
      vertex -10.9564 -3 1.77541
      vertex -10.87 8 1.58468
      vertex -10.9564 8 1.77541
    endloop
  endfacet
  facet normal 0.910897 0 0.412633
    outer loop
      vertex -10.87 8 1.58468
      vertex -10.9564 -3 1.77541
      vertex -10.87 -3 1.58468
    endloop
  endfacet
  facet normal -0.910843 0 0.412752
    outer loop
      vertex -5.13001 -3 1.58468
      vertex -5.04358 8 1.77541
      vertex -5.13001 8 1.58468
    endloop
  endfacet
  facet normal -0.910843 0 0.412752
    outer loop
      vertex -5.04358 8 1.77541
      vertex -5.13001 -3 1.58468
      vertex -5.04358 -3 1.77541
    endloop
  endfacet
  facet normal -0.881928 0 0.471384
    outer loop
      vertex -5.22872 -3 1.4
      vertex -5.13001 8 1.58468
      vertex -5.22872 8 1.4
    endloop
  endfacet
  facet normal -0.881928 0 0.471384
    outer loop
      vertex -5.13001 8 1.58468
      vertex -5.22872 -3 1.4
      vertex -5.13001 -3 1.58468
    endloop
  endfacet
  facet normal -0.412721 0 0.910857
    outer loop
      vertex -6.77541 8 0.0435848
      vertex -6.58468 -3 0.130007
      vertex -6.58468 8 0.130007
    endloop
  endfacet
  facet normal -0.412721 0 0.910857
    outer loop
      vertex -6.58468 -3 0.130007
      vertex -6.77541 8 0.0435848
      vertex -6.77541 -3 0.0435848
    endloop
  endfacet
  facet normal -0.162889 0 0.986644
    outer loop
      vertex -7.58232 8 -0.172623
      vertex -7.37571 -3 -0.138513
      vertex -7.37571 8 -0.138513
    endloop
  endfacet
  facet normal -0.162889 0 0.986644
    outer loop
      vertex -7.37571 -3 -0.138513
      vertex -7.58232 8 -0.172623
      vertex -7.58232 -3 -0.172623
    endloop
  endfacet
  facet normal 0.986652 -0 0.162842
    outer loop
      vertex -11.1726 -3 2.58232
      vertex -11.1385 8 2.37571
      vertex -11.1726 8 2.58232
    endloop
  endfacet
  facet normal 0.986652 0 0.162842
    outer loop
      vertex -11.1385 8 2.37571
      vertex -11.1726 -3 2.58232
      vertex -11.1385 -3 2.37571
    endloop
  endfacet
  facet normal 0.729734 -0 0.683731
    outer loop
      vertex -10.4059 -3 0.890093
      vertex -10.2627 8 0.737258
      vertex -10.4059 8 0.890093
    endloop
  endfacet
  facet normal 0.729734 0 0.683731
    outer loop
      vertex -10.2627 8 0.737258
      vertex -10.4059 -3 0.890093
      vertex -10.2627 -3 0.737258
    endloop
  endfacet
  facet normal 0.162889 0 0.986644
    outer loop
      vertex -8.62429 8 -0.138513
      vertex -8.41768 -3 -0.172623
      vertex -8.41768 8 -0.172623
    endloop
  endfacet
  facet normal 0.162889 0 0.986644
    outer loop
      vertex -8.41768 -3 -0.172623
      vertex -8.62429 8 -0.138513
      vertex -8.62429 -3 -0.138513
    endloop
  endfacet
  facet normal -0.973877 0 0.227077
    outer loop
      vertex -4.90904 -3 2.17178
      vertex -4.86149 8 2.37571
      vertex -4.90904 8 2.17178
    endloop
  endfacet
  facet normal -0.973877 0 0.227077
    outer loop
      vertex -4.86149 8 2.37571
      vertex -4.90904 -3 2.17178
      vertex -4.86149 -3 2.37571
    endloop
  endfacet
  facet normal -0.812848 0 0.582475
    outer loop
      vertex -5.46127 -3 1.05196
      vertex -5.3393 8 1.22217
      vertex -5.46127 8 1.05196
    endloop
  endfacet
  facet normal -0.812848 0 0.582475
    outer loop
      vertex -5.3393 8 1.22217
      vertex -5.46127 -3 1.05196
      vertex -5.3393 -3 1.22217
    endloop
  endfacet
  facet normal -0.683605 0 0.729852
    outer loop
      vertex -5.89009 8 0.594112
      vertex -5.73726 -3 0.737258
      vertex -5.73726 8 0.737258
    endloop
  endfacet
  facet normal -0.683605 0 0.729852
    outer loop
      vertex -5.73726 -3 0.737258
      vertex -5.89009 8 0.594112
      vertex -5.89009 -3 0.594112
    endloop
  endfacet
  facet normal -0.582482 0 0.812844
    outer loop
      vertex -6.22217 8 0.339296
      vertex -6.05196 -3 0.461268
      vertex -6.05196 8 0.461268
    endloop
  endfacet
  facet normal -0.582482 0 0.812844
    outer loop
      vertex -6.05196 -3 0.461268
      vertex -6.22217 8 0.339296
      vertex -6.22217 -3 0.339296
    endloop
  endfacet
  facet normal -0.0327217 0 0.999465
    outer loop
      vertex -8 8 -0.2
      vertex -7.79071 -3 -0.193148
      vertex -7.79071 8 -0.193148
    endloop
  endfacet
  facet normal -0.0327217 0 0.999465
    outer loop
      vertex -7.79071 -3 -0.193148
      vertex -8 8 -0.2
      vertex -8 -3 -0.2
    endloop
  endfacet
  facet normal -0.528055 0 0.84921
    outer loop
      vertex -6.4 8 0.228718
      vertex -6.22217 -3 0.339296
      vertex -6.22217 8 0.339296
    endloop
  endfacet
  facet normal -0.528055 0 0.84921
    outer loop
      vertex -6.22217 -3 0.339296
      vertex -6.4 8 0.228718
      vertex -6.4 -3 0.228718
    endloop
  endfacet
  facet normal -0.22708 0 0.973876
    outer loop
      vertex -7.37571 8 -0.138513
      vertex -7.17178 -3 -0.0909624
      vertex -7.17178 8 -0.0909624
    endloop
  endfacet
  facet normal -0.22708 0 0.973876
    outer loop
      vertex -7.17178 -3 -0.0909624
      vertex -7.37571 8 -0.138513
      vertex -7.37571 -3 -0.138513
    endloop
  endfacet
  facet normal 0.999457 -0 0.0329507
    outer loop
      vertex -11.2 -3 3
      vertex -11.1931 8 2.79071
      vertex -11.2 8 3
    endloop
  endfacet
  facet normal 0.999457 0 0.0329507
    outer loop
      vertex -11.1931 8 2.79071
      vertex -11.2 -3 3
      vertex -11.1931 -3 2.79071
    endloop
  endfacet
  facet normal 0.97393 -0 0.226851
    outer loop
      vertex -11.1385 -3 2.37571
      vertex -11.091 8 2.17178
      vertex -11.1385 8 2.37571
    endloop
  endfacet
  facet normal 0.97393 0 0.226851
    outer loop
      vertex -11.091 8 2.17178
      vertex -11.1385 -3 2.37571
      vertex -11.091 -3 2.17178
    endloop
  endfacet
  facet normal 0.849163 -0 0.528131
    outer loop
      vertex -10.7713 -3 1.4
      vertex -10.6607 8 1.22217
      vertex -10.7713 8 1.4
    endloop
  endfacet
  facet normal 0.849163 0 0.528131
    outer loop
      vertex -10.6607 8 1.22217
      vertex -10.7713 -3 1.4
      vertex -10.6607 -3 1.22217
    endloop
  endfacet
  facet normal 0.812781 -0 0.58257
    outer loop
      vertex -10.6607 -3 1.22217
      vertex -10.5387 8 1.05196
      vertex -10.6607 8 1.22217
    endloop
  endfacet
  facet normal 0.812781 0 0.58257
    outer loop
      vertex -10.5387 8 1.05196
      vertex -10.6607 -3 1.22217
      vertex -10.5387 -3 1.05196
    endloop
  endfacet
  facet normal 0.0980189 0 0.995185
    outer loop
      vertex -8.41768 8 -0.172623
      vertex -8.20929 -3 -0.193148
      vertex -8.20929 8 -0.193148
    endloop
  endfacet
  facet normal 0.0980189 0 0.995185
    outer loop
      vertex -8.20929 -3 -0.193148
      vertex -8.41768 8 -0.172623
      vertex -8.41768 -3 -0.172623
    endloop
  endfacet
  facet normal 0.22708 0 0.973876
    outer loop
      vertex -8.82822 8 -0.0909624
      vertex -8.62429 -3 -0.138513
      vertex -8.62429 8 -0.138513
    endloop
  endfacet
  facet normal 0.22708 0 0.973876
    outer loop
      vertex -8.62429 -3 -0.138513
      vertex -8.82822 8 -0.0909624
      vertex -8.82822 -3 -0.0909624
    endloop
  endfacet
  facet normal 0.528076 0 0.849197
    outer loop
      vertex -9.77782 8 0.339296
      vertex -9.6 -3 0.228718
      vertex -9.6 8 0.228718
    endloop
  endfacet
  facet normal 0.528076 0 0.849197
    outer loop
      vertex -9.6 -3 0.228718
      vertex -9.77782 8 0.339296
      vertex -9.77782 -3 0.339296
    endloop
  endfacet
  facet normal 0.582459 0 0.81286
    outer loop
      vertex -9.94804 8 0.461268
      vertex -9.77782 -3 0.339296
      vertex -9.77782 8 0.339296
    endloop
  endfacet
  facet normal 0.582459 0 0.81286
    outer loop
      vertex -9.77782 -3 0.339296
      vertex -9.94804 8 0.461268
      vertex -9.94804 -3 0.461268
    endloop
  endfacet
  facet normal 0.471387 0 0.881926
    outer loop
      vertex -9.6 8 0.228718
      vertex -9.41532 -3 0.130007
      vertex -9.41532 8 0.130007
    endloop
  endfacet
  facet normal 0.471387 0 0.881926
    outer loop
      vertex -9.41532 -3 0.130007
      vertex -9.6 8 0.228718
      vertex -9.6 -3 0.228718
    endloop
  endfacet
  facet normal -0.999465 0 0.0327122
    outer loop
      vertex -4.80685 -3 2.79071
      vertex -4.8 8 3
      vertex -4.80685 8 2.79071
    endloop
  endfacet
  facet normal -0.999465 0 0.0327122
    outer loop
      vertex -4.8 8 3
      vertex -4.80685 -3 2.79071
      vertex -4.8 -3 3
    endloop
  endfacet
  facet normal 0 1 -0
    outer loop
      vertex -4.8 -3 3
      vertex -6.6 -3 10
      vertex -4.8 -3 10
    endloop
  endfacet
  facet normal 0 1 0
    outer loop
      vertex -4.8 -3 3
      vertex -6.6 -3 3
      vertex -6.6 -3 10
    endloop
  endfacet
  facet normal 0 1 0
    outer loop
      vertex -4.8 -3 3
      vertex -6.603 -3 2.90843
      vertex -6.6 -3 3
    endloop
  endfacet
  facet normal 0 1 -0
    outer loop
      vertex -4.80685 -3 2.79071
      vertex -6.603 -3 2.90843
      vertex -4.8 -3 3
    endloop
  endfacet
  facet normal 0 1 0
    outer loop
      vertex -6.603 -3 2.90843
      vertex -4.80685 -3 2.79071
      vertex -6.61198 -3 2.81726
    endloop
  endfacet
  facet normal 0 1 -0
    outer loop
      vertex -4.82738 -3 2.58232
      vertex -6.61198 -3 2.81726
      vertex -4.80685 -3 2.79071
    endloop
  endfacet
  facet normal 0 1 0
    outer loop
      vertex -6.61198 -3 2.81726
      vertex -4.82738 -3 2.58232
      vertex -6.6269 -3 2.72687
    endloop
  endfacet
  facet normal 0 1 -0
    outer loop
      vertex -4.86149 -3 2.37571
      vertex -6.6269 -3 2.72687
      vertex -4.82738 -3 2.58232
    endloop
  endfacet
  facet normal 0 1 0
    outer loop
      vertex -6.6269 -3 2.72687
      vertex -4.86149 -3 2.37571
      vertex -6.6477 -3 2.63765
    endloop
  endfacet
  facet normal 0 1 -0
    outer loop
      vertex -4.90904 -3 2.17178
      vertex -6.6477 -3 2.63765
      vertex -4.86149 -3 2.37571
    endloop
  endfacet
  facet normal 0 1 0
    outer loop
      vertex -6.6477 -3 2.63765
      vertex -4.90904 -3 2.17178
      vertex -6.6743 -3 2.54998
    endloop
  endfacet
  facet normal 0 1 -0
    outer loop
      vertex -4.96982 -3 1.97139
      vertex -6.6743 -3 2.54998
      vertex -4.90904 -3 2.17178
    endloop
  endfacet
  facet normal 0 1 0
    outer loop
      vertex -6.6743 -3 2.54998
      vertex -4.96982 -3 1.97139
      vertex -6.70657 -3 2.46424
    endloop
  endfacet
  facet normal 0 1 -0
    outer loop
      vertex -5.04358 -3 1.77541
      vertex -6.70657 -3 2.46424
      vertex -4.96982 -3 1.97139
    endloop
  endfacet
  facet normal 0 1 0
    outer loop
      vertex -6.70657 -3 2.46424
      vertex -5.04358 -3 1.77541
      vertex -6.74438 -3 2.3808
    endloop
  endfacet
  facet normal 0 1 -0
    outer loop
      vertex -5.13001 -3 1.58468
      vertex -6.74438 -3 2.3808
      vertex -5.04358 -3 1.77541
    endloop
  endfacet
  facet normal 0 1 0
    outer loop
      vertex -6.74438 -3 2.3808
      vertex -5.13001 -3 1.58468
      vertex -6.78756 -3 2.3
    endloop
  endfacet
  facet normal 0 1 -0
    outer loop
      vertex -5.22872 -3 1.4
      vertex -6.78756 -3 2.3
      vertex -5.13001 -3 1.58468
    endloop
  endfacet
  facet normal 0 1 0
    outer loop
      vertex -6.78756 -3 2.3
      vertex -5.22872 -3 1.4
      vertex -6.83594 -3 2.2222
    endloop
  endfacet
  facet normal 0 1 -0
    outer loop
      vertex -5.3393 -3 1.22217
      vertex -6.83594 -3 2.2222
      vertex -5.22872 -3 1.4
    endloop
  endfacet
  facet normal 0 1 0
    outer loop
      vertex -6.83594 -3 2.2222
      vertex -5.3393 -3 1.22217
      vertex -6.88931 -3 2.14773
    endloop
  endfacet
  facet normal 0 1 -0
    outer loop
      vertex -5.46127 -3 1.05196
      vertex -6.88931 -3 2.14773
      vertex -5.3393 -3 1.22217
    endloop
  endfacet
  facet normal 0 1 0
    outer loop
      vertex -6.88931 -3 2.14773
      vertex -5.46127 -3 1.05196
      vertex -6.94742 -3 2.07692
    endloop
  endfacet
  facet normal 0 1 -0
    outer loop
      vertex -5.59411 -3 0.890093
      vertex -6.94742 -3 2.07692
      vertex -5.46127 -3 1.05196
    endloop
  endfacet
  facet normal 0 1 0
    outer loop
      vertex -6.94742 -3 2.07692
      vertex -5.59411 -3 0.890093
      vertex -7.01005 -3 2.01005
    endloop
  endfacet
  facet normal 0 1 -0
    outer loop
      vertex -5.73726 -3 0.737258
      vertex -7.01005 -3 2.01005
      vertex -5.59411 -3 0.890093
    endloop
  endfacet
  facet normal 0 1 0
    outer loop
      vertex -7.01005 -3 2.01005
      vertex -5.73726 -3 0.737258
      vertex -7.07692 -3 1.94742
    endloop
  endfacet
  facet normal 0 1 -0
    outer loop
      vertex -5.89009 -3 0.594112
      vertex -7.07692 -3 1.94742
      vertex -5.73726 -3 0.737258
    endloop
  endfacet
  facet normal 0 1 0
    outer loop
      vertex -7.07692 -3 1.94742
      vertex -5.89009 -3 0.594112
      vertex -7.14773 -3 1.88931
    endloop
  endfacet
  facet normal 0 1 -0
    outer loop
      vertex -6.05196 -3 0.461268
      vertex -7.14773 -3 1.88931
      vertex -5.89009 -3 0.594112
    endloop
  endfacet
  facet normal 0 1 0
    outer loop
      vertex -7.14773 -3 1.88931
      vertex -6.05196 -3 0.461268
      vertex -7.2222 -3 1.83594
    endloop
  endfacet
  facet normal 0 1 0
    outer loop
      vertex -7.2222 -3 1.83594
      vertex -6.22217 -3 0.339296
      vertex -7.3 -3 1.78756
    endloop
  endfacet
  facet normal 0 1 -0
    outer loop
      vertex -6.22217 -3 0.339296
      vertex -7.2222 -3 1.83594
      vertex -6.05196 -3 0.461268
    endloop
  endfacet
  facet normal 0 1 -0
    outer loop
      vertex -9.4 -3 3
      vertex -11.2 -3 10
      vertex -9.4 -3 10
    endloop
  endfacet
  facet normal 0 1 0
    outer loop
      vertex -9.4 -3 3
      vertex -11.2 -3 3
      vertex -11.2 -3 10
    endloop
  endfacet
  facet normal 0 1 0
    outer loop
      vertex -9.397 -3 2.90843
      vertex -11.2 -3 3
      vertex -9.4 -3 3
    endloop
  endfacet
  facet normal 0 1 0
    outer loop
      vertex -11.1931 -3 2.79071
      vertex -9.397 -3 2.90843
      vertex -9.38802 -3 2.81726
    endloop
  endfacet
  facet normal 0 1 0
    outer loop
      vertex -9.397 -3 2.90843
      vertex -11.1931 -3 2.79071
      vertex -11.2 -3 3
    endloop
  endfacet
  facet normal 0 1 0
    outer loop
      vertex -11.1726 -3 2.58232
      vertex -9.38802 -3 2.81726
      vertex -9.3731 -3 2.72687
    endloop
  endfacet
  facet normal 0 1 0
    outer loop
      vertex -11.1385 -3 2.37571
      vertex -9.3731 -3 2.72687
      vertex -9.3523 -3 2.63765
    endloop
  endfacet
  facet normal 0 1 0
    outer loop
      vertex -9.38802 -3 2.81726
      vertex -11.1726 -3 2.58232
      vertex -11.1931 -3 2.79071
    endloop
  endfacet
  facet normal 0 1 0
    outer loop
      vertex -11.091 -3 2.17178
      vertex -9.3523 -3 2.63765
      vertex -9.3257 -3 2.54998
    endloop
  endfacet
  facet normal 0 1 0
    outer loop
      vertex -11.0302 -3 1.97139
      vertex -9.3257 -3 2.54998
      vertex -9.29343 -3 2.46424
    endloop
  endfacet
  facet normal 0 1 0
    outer loop
      vertex -10.9564 -3 1.77541
      vertex -9.29343 -3 2.46424
      vertex -9.25562 -3 2.3808
    endloop
  endfacet
  facet normal 0 1 0
    outer loop
      vertex -9.3731 -3 2.72687
      vertex -11.1385 -3 2.37571
      vertex -11.1726 -3 2.58232
    endloop
  endfacet
  facet normal 0 1 0
    outer loop
      vertex -10.87 -3 1.58468
      vertex -9.25562 -3 2.3808
      vertex -9.21243 -3 2.3
    endloop
  endfacet
  facet normal 0 1 0
    outer loop
      vertex -10.7713 -3 1.4
      vertex -9.21243 -3 2.3
      vertex -9.16406 -3 2.2222
    endloop
  endfacet
  facet normal 0 1 0
    outer loop
      vertex -9.3523 -3 2.63765
      vertex -11.091 -3 2.17178
      vertex -11.1385 -3 2.37571
    endloop
  endfacet
  facet normal 0 1 0
    outer loop
      vertex -10.6607 -3 1.22217
      vertex -9.16406 -3 2.2222
      vertex -9.11069 -3 2.14773
    endloop
  endfacet
  facet normal 0 1 0
    outer loop
      vertex -10.5387 -3 1.05196
      vertex -9.11069 -3 2.14773
      vertex -9.05258 -3 2.07692
    endloop
  endfacet
  facet normal 0 1 0
    outer loop
      vertex -10.4059 -3 0.890093
      vertex -9.05258 -3 2.07692
      vertex -8.98995 -3 2.01005
    endloop
  endfacet
  facet normal 0 1 0
    outer loop
      vertex -9.3257 -3 2.54998
      vertex -11.0302 -3 1.97139
      vertex -11.091 -3 2.17178
    endloop
  endfacet
  facet normal 0 1 0
    outer loop
      vertex -10.2627 -3 0.737258
      vertex -8.98995 -3 2.01005
      vertex -8.92308 -3 1.94742
    endloop
  endfacet
  facet normal 0 1 0
    outer loop
      vertex -10.1099 -3 0.594112
      vertex -8.92308 -3 1.94742
      vertex -8.85227 -3 1.88931
    endloop
  endfacet
  facet normal 0 1 0
    outer loop
      vertex -9.94804 -3 0.461268
      vertex -8.85227 -3 1.88931
      vertex -8.7778 -3 1.83594
    endloop
  endfacet
  facet normal 0 1 0
    outer loop
      vertex -9.77782 -3 0.339296
      vertex -8.7778 -3 1.83594
      vertex -8.7 -3 1.78756
    endloop
  endfacet
  facet normal 0 1 0
    outer loop
      vertex -9.29343 -3 2.46424
      vertex -10.9564 -3 1.77541
      vertex -11.0302 -3 1.97139
    endloop
  endfacet
  facet normal 0 1 0
    outer loop
      vertex -9.6 -3 0.228718
      vertex -8.7 -3 1.78756
      vertex -8.6192 -3 1.74438
    endloop
  endfacet
  facet normal 0 1 0
    outer loop
      vertex -9.41532 -3 0.130007
      vertex -8.6192 -3 1.74438
      vertex -8.53576 -3 1.70657
    endloop
  endfacet
  facet normal 0 1 0
    outer loop
      vertex -9.22459 -3 0.0435848
      vertex -8.53576 -3 1.70657
      vertex -8.45002 -3 1.6743
    endloop
  endfacet
  facet normal 0 1 0
    outer loop
      vertex -9.02861 -3 -0.0301762
      vertex -8.45002 -3 1.6743
      vertex -8.36235 -3 1.6477
    endloop
  endfacet
  facet normal 0 1 0
    outer loop
      vertex -8.82822 -3 -0.0909624
      vertex -8.36235 -3 1.6477
      vertex -8.27313 -3 1.6269
    endloop
  endfacet
  facet normal 0 1 0
    outer loop
      vertex -8.62429 -3 -0.138513
      vertex -8.27313 -3 1.6269
      vertex -8.18274 -3 1.61198
    endloop
  endfacet
  facet normal 0 1 0
    outer loop
      vertex -8.41768 -3 -0.172623
      vertex -8.18274 -3 1.61198
      vertex -8.09156 -3 1.603
    endloop
  endfacet
  facet normal 0 1 0
    outer loop
      vertex -9.25562 -3 2.3808
      vertex -10.87 -3 1.58468
      vertex -10.9564 -3 1.77541
    endloop
  endfacet
  facet normal 0 1 0
    outer loop
      vertex -8.20929 -3 -0.193148
      vertex -8.09156 -3 1.603
      vertex -8 -3 1.6
    endloop
  endfacet
  facet normal 0 1 -0
    outer loop
      vertex -6.4 -3 0.228718
      vertex -7.3 -3 1.78756
      vertex -6.22217 -3 0.339296
    endloop
  endfacet
  facet normal 0 1 0
    outer loop
      vertex -7.3 -3 1.78756
      vertex -6.4 -3 0.228718
      vertex -7.3808 -3 1.74438
    endloop
  endfacet
  facet normal 0 1 0
    outer loop
      vertex -9.21243 -3 2.3
      vertex -10.7713 -3 1.4
      vertex -10.87 -3 1.58468
    endloop
  endfacet
  facet normal 0 1 -0
    outer loop
      vertex -6.58468 -3 0.130007
      vertex -7.3808 -3 1.74438
      vertex -6.4 -3 0.228718
    endloop
  endfacet
  facet normal 0 1 0
    outer loop
      vertex -9.16406 -3 2.2222
      vertex -10.6607 -3 1.22217
      vertex -10.7713 -3 1.4
    endloop
  endfacet
  facet normal 0 1 0
    outer loop
      vertex -7.3808 -3 1.74438
      vertex -6.58468 -3 0.130007
      vertex -7.46424 -3 1.70657
    endloop
  endfacet
  facet normal 0 1 0
    outer loop
      vertex -9.11069 -3 2.14773
      vertex -10.5387 -3 1.05196
      vertex -10.6607 -3 1.22217
    endloop
  endfacet
  facet normal 0 1 -0
    outer loop
      vertex -6.77541 -3 0.0435848
      vertex -7.46424 -3 1.70657
      vertex -6.58468 -3 0.130007
    endloop
  endfacet
  facet normal 0 1 0
    outer loop
      vertex -9.05258 -3 2.07692
      vertex -10.4059 -3 0.890093
      vertex -10.5387 -3 1.05196
    endloop
  endfacet
  facet normal 0 1 0
    outer loop
      vertex -7.46424 -3 1.70657
      vertex -6.77541 -3 0.0435848
      vertex -7.54998 -3 1.6743
    endloop
  endfacet
  facet normal 0 1 0
    outer loop
      vertex -8.98995 -3 2.01005
      vertex -10.2627 -3 0.737258
      vertex -10.4059 -3 0.890093
    endloop
  endfacet
  facet normal 0 1 -0
    outer loop
      vertex -6.97139 -3 -0.0301762
      vertex -7.54998 -3 1.6743
      vertex -6.77541 -3 0.0435848
    endloop
  endfacet
  facet normal 0 1 0
    outer loop
      vertex -8.92308 -3 1.94742
      vertex -10.1099 -3 0.594112
      vertex -10.2627 -3 0.737258
    endloop
  endfacet
  facet normal 0 1 0
    outer loop
      vertex -7.54998 -3 1.6743
      vertex -6.97139 -3 -0.0301762
      vertex -7.63765 -3 1.6477
    endloop
  endfacet
  facet normal 0 1 0
    outer loop
      vertex -8.85227 -3 1.88931
      vertex -9.94804 -3 0.461268
      vertex -10.1099 -3 0.594112
    endloop
  endfacet
  facet normal 0 1 -0
    outer loop
      vertex -7.17178 -3 -0.0909624
      vertex -7.63765 -3 1.6477
      vertex -6.97139 -3 -0.0301762
    endloop
  endfacet
  facet normal 0 1 0
    outer loop
      vertex -8.7778 -3 1.83594
      vertex -9.77782 -3 0.339296
      vertex -9.94804 -3 0.461268
    endloop
  endfacet
  facet normal 0 1 0
    outer loop
      vertex -7.63765 -3 1.6477
      vertex -7.17178 -3 -0.0909624
      vertex -7.72687 -3 1.6269
    endloop
  endfacet
  facet normal 0 1 0
    outer loop
      vertex -8.7 -3 1.78756
      vertex -9.6 -3 0.228718
      vertex -9.77782 -3 0.339296
    endloop
  endfacet
  facet normal 0 1 -0
    outer loop
      vertex -7.37571 -3 -0.138513
      vertex -7.72687 -3 1.6269
      vertex -7.17178 -3 -0.0909624
    endloop
  endfacet
  facet normal 0 1 0
    outer loop
      vertex -8.6192 -3 1.74438
      vertex -9.41532 -3 0.130007
      vertex -9.6 -3 0.228718
    endloop
  endfacet
  facet normal 0 1 0
    outer loop
      vertex -7.72687 -3 1.6269
      vertex -7.37571 -3 -0.138513
      vertex -7.81726 -3 1.61198
    endloop
  endfacet
  facet normal 0 1 0
    outer loop
      vertex -8.53576 -3 1.70657
      vertex -9.22459 -3 0.0435848
      vertex -9.41532 -3 0.130007
    endloop
  endfacet
  facet normal 0 1 -0
    outer loop
      vertex -7.58232 -3 -0.172623
      vertex -7.81726 -3 1.61198
      vertex -7.37571 -3 -0.138513
    endloop
  endfacet
  facet normal 0 1 0
    outer loop
      vertex -8.45002 -3 1.6743
      vertex -9.02861 -3 -0.0301762
      vertex -9.22459 -3 0.0435848
    endloop
  endfacet
  facet normal 0 1 0
    outer loop
      vertex -7.81726 -3 1.61198
      vertex -7.58232 -3 -0.172623
      vertex -7.90843 -3 1.603
    endloop
  endfacet
  facet normal 0 1 0
    outer loop
      vertex -8.36235 -3 1.6477
      vertex -8.82822 -3 -0.0909624
      vertex -9.02861 -3 -0.0301762
    endloop
  endfacet
  facet normal 0 1 -0
    outer loop
      vertex -7.79071 -3 -0.193148
      vertex -7.90843 -3 1.603
      vertex -7.58232 -3 -0.172623
    endloop
  endfacet
  facet normal 0 1 0
    outer loop
      vertex -8.27313 -3 1.6269
      vertex -8.62429 -3 -0.138513
      vertex -8.82822 -3 -0.0909624
    endloop
  endfacet
  facet normal 0 1 0
    outer loop
      vertex -7.90843 -3 1.603
      vertex -7.79071 -3 -0.193148
      vertex -8 -3 1.6
    endloop
  endfacet
  facet normal 0 1 0
    outer loop
      vertex -8.18274 -3 1.61198
      vertex -8.41768 -3 -0.172623
      vertex -8.62429 -3 -0.138513
    endloop
  endfacet
  facet normal 0 1 0
    outer loop
      vertex -8 -3 -0.2
      vertex -8 -3 1.6
      vertex -7.79071 -3 -0.193148
    endloop
  endfacet
  facet normal 0 1 0
    outer loop
      vertex -8.09156 -3 1.603
      vertex -8.20929 -3 -0.193148
      vertex -8.41768 -3 -0.172623
    endloop
  endfacet
  facet normal 0 1 0
    outer loop
      vertex -8 -3 1.6
      vertex -8 -3 -0.2
      vertex -8.20929 -3 -0.193148
    endloop
  endfacet
  facet normal -0.986644 0 0.162889
    outer loop
      vertex -4.86149 -3 2.37571
      vertex -4.82738 8 2.58232
      vertex -4.86149 8 2.37571
    endloop
  endfacet
  facet normal -0.986644 0 0.162889
    outer loop
      vertex -4.82738 8 2.58232
      vertex -4.86149 -3 2.37571
      vertex -4.82738 -3 2.58232
    endloop
  endfacet
  facet normal -0.995182 0 0.0980426
    outer loop
      vertex -4.82738 -3 2.58232
      vertex -4.80685 8 2.79071
      vertex -4.82738 8 2.58232
    endloop
  endfacet
  facet normal -0.995182 0 0.0980426
    outer loop
      vertex -4.80685 8 2.79071
      vertex -4.82738 -3 2.58232
      vertex -4.80685 -3 2.79071
    endloop
  endfacet
  facet normal -0.935909 0 0.352243
    outer loop
      vertex -5.04358 -3 1.77541
      vertex -4.96982 8 1.97139
      vertex -5.04358 8 1.77541
    endloop
  endfacet
  facet normal -0.935909 0 0.352243
    outer loop
      vertex -4.96982 8 1.97139
      vertex -5.04358 -3 1.77541
      vertex -4.96982 -3 1.97139
    endloop
  endfacet
  facet normal -0.95695 0 0.290251
    outer loop
      vertex -4.96982 -3 1.97139
      vertex -4.90904 8 2.17178
      vertex -4.96982 8 1.97139
    endloop
  endfacet
  facet normal -0.95695 0 0.290251
    outer loop
      vertex -4.90904 8 2.17178
      vertex -4.96982 -3 1.97139
      vertex -4.90904 -3 2.17178
    endloop
  endfacet
  facet normal -0.849206 0 0.528062
    outer loop
      vertex -5.3393 -3 1.22217
      vertex -5.22872 8 1.4
      vertex -5.3393 8 1.22217
    endloop
  endfacet
  facet normal -0.849206 0 0.528062
    outer loop
      vertex -5.22872 8 1.4
      vertex -5.3393 -3 1.22217
      vertex -5.22872 -3 1.4
    endloop
  endfacet
  facet normal -0.729854 0 0.683603
    outer loop
      vertex -5.73726 -3 0.737258
      vertex -5.59411 8 0.890093
      vertex -5.73726 8 0.737258
    endloop
  endfacet
  facet normal -0.729854 0 0.683603
    outer loop
      vertex -5.59411 8 0.890093
      vertex -5.73726 -3 0.737258
      vertex -5.59411 -3 0.890093
    endloop
  endfacet
  facet normal -0.773012 0 0.634391
    outer loop
      vertex -5.59411 -3 0.890093
      vertex -5.46127 8 1.05196
      vertex -5.59411 8 0.890093
    endloop
  endfacet
  facet normal -0.773012 0 0.634391
    outer loop
      vertex -5.46127 8 1.05196
      vertex -5.59411 -3 0.890093
      vertex -5.46127 -3 1.05196
    endloop
  endfacet
  facet normal -0.471387 0 0.881926
    outer loop
      vertex -6.58468 8 0.130007
      vertex -6.4 -3 0.228718
      vertex -6.4 8 0.228718
    endloop
  endfacet
  facet normal -0.471387 0 0.881926
    outer loop
      vertex -6.4 -3 0.228718
      vertex -6.58468 8 0.130007
      vertex -6.58468 -3 0.130007
    endloop
  endfacet
  facet normal -0.290278 0 0.956942
    outer loop
      vertex -7.17178 8 -0.0909624
      vertex -6.97139 -3 -0.0301762
      vertex -6.97139 8 -0.0301762
    endloop
  endfacet
  facet normal -0.290278 0 0.956942
    outer loop
      vertex -6.97139 -3 -0.0301762
      vertex -7.17178 8 -0.0909624
      vertex -7.17178 -3 -0.0909624
    endloop
  endfacet
  facet normal -0.352247 0 0.935907
    outer loop
      vertex -6.97139 8 -0.0301762
      vertex -6.77541 -3 0.0435848
      vertex -6.77541 8 0.0435848
    endloop
  endfacet
  facet normal -0.352247 0 0.935907
    outer loop
      vertex -6.77541 -3 0.0435848
      vertex -6.97139 8 -0.0301762
      vertex -6.97139 -3 -0.0301762
    endloop
  endfacet
  facet normal -0.0980189 0 0.995185
    outer loop
      vertex -7.79071 8 -0.193148
      vertex -7.58232 -3 -0.172623
      vertex -7.58232 8 -0.172623
    endloop
  endfacet
  facet normal -0.0980189 0 0.995185
    outer loop
      vertex -7.58232 -3 -0.172623
      vertex -7.79071 8 -0.193148
      vertex -7.79071 -3 -0.193148
    endloop
  endfacet
  facet normal 0.956924 -0 0.290339
    outer loop
      vertex -11.091 -3 2.17178
      vertex -11.0302 8 1.97139
      vertex -11.091 8 2.17178
    endloop
  endfacet
  facet normal 0.956924 0 0.290339
    outer loop
      vertex -11.0302 8 1.97139
      vertex -11.091 -3 2.17178
      vertex -11.0302 -3 1.97139
    endloop
  endfacet
  facet normal 0.935846 -0 0.35241
    outer loop
      vertex -11.0302 -3 1.97139
      vertex -10.9564 8 1.77541
      vertex -11.0302 8 1.97139
    endloop
  endfacet
  facet normal 0.935846 0 0.35241
    outer loop
      vertex -10.9564 8 1.77541
      vertex -11.0302 -3 1.97139
      vertex -10.9564 -3 1.77541
    endloop
  endfacet
  facet normal 0.995196 -0 0.0979007
    outer loop
      vertex -11.1931 -3 2.79071
      vertex -11.1726 8 2.58232
      vertex -11.1931 8 2.79071
    endloop
  endfacet
  facet normal 0.995196 0 0.0979007
    outer loop
      vertex -11.1726 8 2.58232
      vertex -11.1931 -3 2.79071
      vertex -11.1726 -3 2.58232
    endloop
  endfacet
  facet normal 0.881948 -0 0.471347
    outer loop
      vertex -10.87 -3 1.58468
      vertex -10.7713 8 1.4
      vertex -10.87 8 1.58468
    endloop
  endfacet
  facet normal 0.881948 0 0.471347
    outer loop
      vertex -10.7713 8 1.4
      vertex -10.87 -3 1.58468
      vertex -10.7713 -3 1.4
    endloop
  endfacet
  facet normal 0.773106 -0 0.634277
    outer loop
      vertex -10.5387 -3 1.05196
      vertex -10.4059 8 0.890093
      vertex -10.5387 8 1.05196
    endloop
  endfacet
  facet normal 0.773106 0 0.634277
    outer loop
      vertex -10.4059 8 0.890093
      vertex -10.5387 -3 1.05196
      vertex -10.4059 -3 0.890093
    endloop
  endfacet
  facet normal 0.290278 0 0.956942
    outer loop
      vertex -9.02861 8 -0.0301762
      vertex -8.82822 -3 -0.0909624
      vertex -8.82822 8 -0.0909624
    endloop
  endfacet
  facet normal 0.290278 0 0.956942
    outer loop
      vertex -8.82822 -3 -0.0909624
      vertex -9.02861 8 -0.0301762
      vertex -9.02861 -3 -0.0301762
    endloop
  endfacet
  facet normal 0.0327217 0 0.999465
    outer loop
      vertex -8.20929 8 -0.193148
      vertex -8 -3 -0.2
      vertex -8 8 -0.2
    endloop
  endfacet
  facet normal 0.0327217 0 0.999465
    outer loop
      vertex -8 -3 -0.2
      vertex -8.20929 8 -0.193148
      vertex -8.20929 -3 -0.193148
    endloop
  endfacet
  facet normal 0.412721 0 0.910857
    outer loop
      vertex -9.41532 8 0.130007
      vertex -9.22459 -3 0.0435848
      vertex -9.22459 8 0.0435848
    endloop
  endfacet
  facet normal 0.412721 0 0.910857
    outer loop
      vertex -9.22459 -3 0.0435848
      vertex -9.41532 8 0.130007
      vertex -9.41532 -3 0.130007
    endloop
  endfacet
  facet normal 0.634419 0 0.77299
    outer loop
      vertex -10.1099 8 0.594112
      vertex -9.94804 -3 0.461268
      vertex -9.94804 8 0.461268
    endloop
  endfacet
  facet normal 0.634419 0 0.77299
    outer loop
      vertex -9.94804 -3 0.461268
      vertex -10.1099 8 0.594112
      vertex -10.1099 -3 0.594112
    endloop
  endfacet
  facet normal 0.683677 0 0.729785
    outer loop
      vertex -10.2627 8 0.737258
      vertex -10.1099 -3 0.594112
      vertex -10.1099 8 0.594112
    endloop
  endfacet
  facet normal 0.683677 0 0.729785
    outer loop
      vertex -10.1099 -3 0.594112
      vertex -10.2627 8 0.737258
      vertex -10.2627 -3 0.737258
    endloop
  endfacet
  facet normal 1 -0 0
    outer loop
      vertex -9.4 -8 10
      vertex -9.4 -3 3
      vertex -9.4 -3 10
    endloop
  endfacet
  facet normal 1 0 0
    outer loop
      vertex -9.4 -3 3
      vertex -9.4 -8 10
      vertex -9.4 -8 3
    endloop
  endfacet
  facet normal -1 0 0
    outer loop
      vertex -6.6 -8 3
      vertex -6.6 -3 10
      vertex -6.6 -3 3
    endloop
  endfacet
  facet normal -1 -0 0
    outer loop
      vertex -6.6 -3 10
      vertex -6.6 -8 3
      vertex -6.6 -8 10
    endloop
  endfacet
  facet normal 1 -0 0
    outer loop
      vertex -11.2 -3 10
      vertex -11.2 8 3
      vertex -11.2 8 10
    endloop
  endfacet
  facet normal 1 0 0
    outer loop
      vertex -11.2 8 3
      vertex -11.2 -3 10
      vertex -11.2 -3 3
    endloop
  endfacet
  facet normal -1 0 0
    outer loop
      vertex -4.8 -3 3
      vertex -4.8 8 10
      vertex -4.8 8 3
    endloop
  endfacet
  facet normal -1 -0 0
    outer loop
      vertex -4.8 8 10
      vertex -4.8 -3 3
      vertex -4.8 -3 10
    endloop
  endfacet
  facet normal 0 -0.0327165 0.999465
    outer loop
      vertex -12 0.143887 -7.19529
      vertex 2.7 0 -7.2
      vertex 2.7 0.143887 -7.19529
    endloop
  endfacet
  facet normal 0 -0.0327165 0.999465
    outer loop
      vertex 2.7 0 -7.2
      vertex -12 0.143887 -7.19529
      vertex -12 0 -7.2
    endloop
  endfacet
  facet normal 0 -0.0327165 -0.999465
    outer loop
      vertex -12 0 -2.8
      vertex 2.7 0.143887 -2.80471
      vertex 2.7 0 -2.8
    endloop
  endfacet
  facet normal -0 -0.0327165 -0.999465
    outer loop
      vertex 2.7 0.143887 -2.80471
      vertex -12 0 -2.8
      vertex -12 0.143887 -2.80471
    endloop
  endfacet
  facet normal 0 -0.999465 -0.0327158
    outer loop
      vertex -12 2.2 -5
      vertex 2.7 2.19529 -4.85611
      vertex -12 2.19529 -4.85611
    endloop
  endfacet
  facet normal 0 -0.999465 -0.0327158
    outer loop
      vertex 2.7 2.19529 -4.85611
      vertex -12 2.2 -5
      vertex 2.7 2.2 -5
    endloop
  endfacet
  facet normal 0 -0.729825 0.683634
    outer loop
      vertex -12 1.55563 -6.55563
      vertex 2.7 1.65405 -6.45056
      vertex -12 1.65405 -6.45056
    endloop
  endfacet
  facet normal 0 -0.729825 0.683634
    outer loop
      vertex 2.7 1.65405 -6.45056
      vertex -12 1.55563 -6.55563
      vertex 2.7 1.55563 -6.55563
    endloop
  endfacet
  facet normal 0 -0.683597 -0.72986
    outer loop
      vertex -12 1.45056 -3.34595
      vertex 2.7 1.55563 -3.44436
      vertex 2.7 1.45056 -3.34595
    endloop
  endfacet
  facet normal -0 -0.683597 -0.72986
    outer loop
      vertex 2.7 1.55563 -3.44436
      vertex -12 1.45056 -3.34595
      vertex -12 1.55563 -3.44436
    endloop
  endfacet
  facet normal 0 -0.812864 0.582453
    outer loop
      vertex -12 1.74538 -6.33927
      vertex 2.7 1.82923 -6.22225
      vertex -12 1.82923 -6.22225
    endloop
  endfacet
  facet normal 0 -0.812864 0.582453
    outer loop
      vertex 2.7 1.82923 -6.22225
      vertex -12 1.74538 -6.33927
      vertex 2.7 1.74538 -6.33927
    endloop
  endfacet
  facet normal 0 -0.471374 -0.881933
    outer loop
      vertex -12 0.973035 -3.02688
      vertex 2.7 1.1 -3.09474
      vertex 2.7 0.973035 -3.02688
    endloop
  endfacet
  facet normal -0 -0.471374 -0.881933
    outer loop
      vertex 2.7 1.1 -3.09474
      vertex -12 0.973035 -3.02688
      vertex -12 1.1 -3.09474
    endloop
  endfacet
  facet normal 0 -0.973877 -0.227076
    outer loop
      vertex -12 2.15773 -4.5708
      vertex 2.7 2.12504 -4.4306
      vertex -12 2.12504 -4.4306
    endloop
  endfacet
  facet normal 0 -0.973877 -0.227076
    outer loop
      vertex 2.7 2.12504 -4.4306
      vertex -12 2.15773 -4.5708
      vertex 2.7 2.15773 -4.5708
    endloop
  endfacet
  facet normal -0 0.22707 0.973878
    outer loop
      vertex -12 -0.429198 -7.15773
      vertex 2.7 -0.569402 -7.12504
      vertex 2.7 -0.429198 -7.15773
    endloop
  endfacet
  facet normal 0 0.22707 0.973878
    outer loop
      vertex 2.7 -0.569402 -7.12504
      vertex -12 -0.429198 -7.15773
      vertex -12 -0.569402 -7.12504
    endloop
  endfacet
  facet normal 0 -0.412677 0.910877
    outer loop
      vertex -12 0.973035 -6.97312
      vertex 2.7 0.841903 -7.03253
      vertex 2.7 0.973035 -6.97312
    endloop
  endfacet
  facet normal 0 -0.412677 0.910877
    outer loop
      vertex 2.7 0.841903 -7.03253
      vertex -12 0.973035 -6.97312
      vertex -12 0.841903 -7.03253
    endloop
  endfacet
  facet normal 0 -0.290281 0.956941
    outer loop
      vertex -12 0.707167 -7.08325
      vertex 2.7 0.569402 -7.12504
      vertex 2.7 0.707167 -7.08325
    endloop
  endfacet
  facet normal 0 -0.290281 0.956941
    outer loop
      vertex 2.7 0.569402 -7.12504
      vertex -12 0.707167 -7.08325
      vertex -12 0.569402 -7.12504
    endloop
  endfacet
  facet normal 0 -0.634379 0.773022
    outer loop
      vertex -12 1.45056 -6.65405
      vertex 2.7 1.33927 -6.74538
      vertex 2.7 1.45056 -6.65405
    endloop
  endfacet
  facet normal 0 -0.634379 0.773022
    outer loop
      vertex 2.7 1.33927 -6.74538
      vertex -12 1.45056 -6.65405
      vertex -12 1.33927 -6.74538
    endloop
  endfacet
  facet normal 0 -0.528118 0.849171
    outer loop
      vertex -12 1.22225 -6.82923
      vertex 2.7 1.1 -6.90526
      vertex 2.7 1.22225 -6.82923
    endloop
  endfacet
  facet normal 0 -0.528118 0.849171
    outer loop
      vertex 2.7 1.1 -6.90526
      vertex -12 1.22225 -6.82923
      vertex -12 1.1 -6.90526
    endloop
  endfacet
  facet normal 0 -0.471374 0.881933
    outer loop
      vertex -12 1.1 -6.90526
      vertex 2.7 0.973035 -6.97312
      vertex 2.7 1.1 -6.90526
    endloop
  endfacet
  facet normal 0 -0.471374 0.881933
    outer loop
      vertex 2.7 0.973035 -6.97312
      vertex -12 1.1 -6.90526
      vertex -12 0.973035 -6.97312
    endloop
  endfacet
  facet normal 0 -0.986644 0.162889
    outer loop
      vertex -12 2.15773 -5.4292
      vertex 2.7 2.18118 -5.28716
      vertex -12 2.18118 -5.28716
    endloop
  endfacet
  facet normal 0 -0.986644 0.162889
    outer loop
      vertex 2.7 2.18118 -5.28716
      vertex -12 2.15773 -5.4292
      vertex 2.7 2.15773 -5.4292
    endloop
  endfacet
  facet normal 0 -0.995185 0.0980112
    outer loop
      vertex -12 2.18118 -5.28716
      vertex 2.7 2.19529 -5.14389
      vertex -12 2.19529 -5.14389
    endloop
  endfacet
  facet normal 0 -0.995185 0.0980112
    outer loop
      vertex 2.7 2.19529 -5.14389
      vertex -12 2.18118 -5.28716
      vertex 2.7 2.18118 -5.28716
    endloop
  endfacet
  facet normal 0 -0.881941 0.47136
    outer loop
      vertex -12 1.90526 -6.1
      vertex 2.7 1.97312 -5.97303
      vertex -12 1.97312 -5.97303
    endloop
  endfacet
  facet normal 0 -0.881941 0.47136
    outer loop
      vertex 2.7 1.97312 -5.97303
      vertex -12 1.90526 -6.1
      vertex 2.7 1.90526 -6.1
    endloop
  endfacet
  facet normal 0 -0.910875 0.412683
    outer loop
      vertex -12 1.97312 -5.97303
      vertex 2.7 2.03253 -5.8419
      vertex -12 2.03253 -5.8419
    endloop
  endfacet
  facet normal 0 -0.910875 0.412683
    outer loop
      vertex 2.7 2.03253 -5.8419
      vertex -12 1.97312 -5.97303
      vertex 2.7 1.97312 -5.97303
    endloop
  endfacet
  facet normal 0 -0.773022 0.634379
    outer loop
      vertex -12 1.65405 -6.45056
      vertex 2.7 1.74538 -6.33927
      vertex -12 1.74538 -6.33927
    endloop
  endfacet
  facet normal 0 -0.773022 0.634379
    outer loop
      vertex 2.7 1.74538 -6.33927
      vertex -12 1.65405 -6.45056
      vertex 2.7 1.65405 -6.45056
    endloop
  endfacet
  facet normal 0 -0.22707 -0.973878
    outer loop
      vertex -12 0.429198 -2.84227
      vertex 2.7 0.569402 -2.87496
      vertex 2.7 0.429198 -2.84227
    endloop
  endfacet
  facet normal -0 -0.22707 -0.973878
    outer loop
      vertex 2.7 0.569402 -2.87496
      vertex -12 0.429198 -2.84227
      vertex -12 0.569402 -2.87496
    endloop
  endfacet
  facet normal 0 -0.290281 -0.956941
    outer loop
      vertex -12 0.569402 -2.87496
      vertex 2.7 0.707167 -2.91675
      vertex 2.7 0.569402 -2.87496
    endloop
  endfacet
  facet normal -0 -0.290281 -0.956941
    outer loop
      vertex 2.7 0.707167 -2.91675
      vertex -12 0.569402 -2.87496
      vertex -12 0.707167 -2.91675
    endloop
  endfacet
  facet normal 0 -0.0980112 -0.995185
    outer loop
      vertex -12 0.143887 -2.80471
      vertex 2.7 0.287157 -2.81882
      vertex 2.7 0.143887 -2.80471
    endloop
  endfacet
  facet normal -0 -0.0980112 -0.995185
    outer loop
      vertex 2.7 0.287157 -2.81882
      vertex -12 0.143887 -2.80471
      vertex -12 0.287157 -2.81882
    endloop
  endfacet
  facet normal 0 -0.881926 -0.471388
    outer loop
      vertex -12 1.97312 -4.02696
      vertex 2.7 1.90526 -3.9
      vertex -12 1.90526 -3.9
    endloop
  endfacet
  facet normal 0 -0.881926 -0.471388
    outer loop
      vertex 2.7 1.90526 -3.9
      vertex -12 1.97312 -4.02696
      vertex 2.7 1.97312 -4.02696
    endloop
  endfacet
  facet normal 0 -0.849171 -0.528118
    outer loop
      vertex -12 1.90526 -3.9
      vertex 2.7 1.82923 -3.77775
      vertex -12 1.82923 -3.77775
    endloop
  endfacet
  facet normal 0 -0.849171 -0.528118
    outer loop
      vertex 2.7 1.82923 -3.77775
      vertex -12 1.90526 -3.9
      vertex 2.7 1.90526 -3.9
    endloop
  endfacet
  facet normal 0 -0.772994 -0.634413
    outer loop
      vertex -12 1.74538 -3.66072
      vertex 2.7 1.65405 -3.54944
      vertex -12 1.65405 -3.54944
    endloop
  endfacet
  facet normal 0 -0.772994 -0.634413
    outer loop
      vertex 2.7 1.65405 -3.54944
      vertex -12 1.74538 -3.66072
      vertex 2.7 1.74538 -3.66072
    endloop
  endfacet
  facet normal 0 -0.956944 -0.290271
    outer loop
      vertex -12 2.12504 -4.4306
      vertex 2.7 2.08325 -4.29283
      vertex -12 2.08325 -4.29283
    endloop
  endfacet
  facet normal 0 -0.956944 -0.290271
    outer loop
      vertex 2.7 2.08325 -4.29283
      vertex -12 2.12504 -4.4306
      vertex 2.7 2.12504 -4.4306
    endloop
  endfacet
  facet normal 0 -0.995185 -0.0980112
    outer loop
      vertex -12 2.19529 -4.85611
      vertex 2.7 2.18118 -4.71284
      vertex -12 2.18118 -4.71284
    endloop
  endfacet
  facet normal 0 -0.995185 -0.0980112
    outer loop
      vertex 2.7 2.18118 -4.71284
      vertex -12 2.19529 -4.85611
      vertex 2.7 2.19529 -4.85611
    endloop
  endfacet
  facet normal 0 0.881941 0.47136
    outer loop
      vertex 2.7 -1.90526 -6.1
      vertex -12 -1.97312 -5.97303
      vertex 2.7 -1.97312 -5.97303
    endloop
  endfacet
  facet normal 0 0.881941 0.47136
    outer loop
      vertex -12 -1.97312 -5.97303
      vertex 2.7 -1.90526 -6.1
      vertex -12 -1.90526 -6.1
    endloop
  endfacet
  facet normal 0 0.910875 0.412683
    outer loop
      vertex 2.7 -1.97312 -5.97303
      vertex -12 -2.03253 -5.8419
      vertex 2.7 -2.03253 -5.8419
    endloop
  endfacet
  facet normal 0 0.910875 0.412683
    outer loop
      vertex -12 -2.03253 -5.8419
      vertex 2.7 -1.97312 -5.97303
      vertex -12 -1.97312 -5.97303
    endloop
  endfacet
  facet normal 0 -0.0980112 0.995185
    outer loop
      vertex -12 0.287157 -7.18118
      vertex 2.7 0.143887 -7.19529
      vertex 2.7 0.287157 -7.18118
    endloop
  endfacet
  facet normal 0 -0.0980112 0.995185
    outer loop
      vertex 2.7 0.143887 -7.19529
      vertex -12 0.287157 -7.18118
      vertex -12 0.143887 -7.19529
    endloop
  endfacet
  facet normal 0 -0.22707 0.973878
    outer loop
      vertex -12 0.569402 -7.12504
      vertex 2.7 0.429198 -7.15773
      vertex 2.7 0.569402 -7.12504
    endloop
  endfacet
  facet normal 0 -0.22707 0.973878
    outer loop
      vertex 2.7 0.429198 -7.15773
      vertex -12 0.569402 -7.12504
      vertex -12 0.429198 -7.15773
    endloop
  endfacet
  facet normal 0 -0.352305 0.935885
    outer loop
      vertex -12 0.841903 -7.03253
      vertex 2.7 0.707167 -7.08325
      vertex 2.7 0.841903 -7.03253
    endloop
  endfacet
  facet normal 0 -0.352305 0.935885
    outer loop
      vertex 2.7 0.707167 -7.08325
      vertex -12 0.841903 -7.03253
      vertex -12 0.707167 -7.08325
    endloop
  endfacet
  facet normal 0 -0.683634 0.729825
    outer loop
      vertex -12 1.55563 -6.55563
      vertex 2.7 1.45056 -6.65405
      vertex 2.7 1.55563 -6.55563
    endloop
  endfacet
  facet normal 0 -0.683634 0.729825
    outer loop
      vertex 2.7 1.45056 -6.65405
      vertex -12 1.55563 -6.55563
      vertex -12 1.45056 -6.65405
    endloop
  endfacet
  facet normal 0 -0.582453 0.812864
    outer loop
      vertex -12 1.33927 -6.74538
      vertex 2.7 1.22225 -6.82923
      vertex 2.7 1.33927 -6.74538
    endloop
  endfacet
  facet normal 0 -0.582453 0.812864
    outer loop
      vertex 2.7 1.22225 -6.82923
      vertex -12 1.33927 -6.74538
      vertex -12 1.22225 -6.82923
    endloop
  endfacet
  facet normal 0 -0.956944 0.290271
    outer loop
      vertex -12 2.08325 -5.70717
      vertex 2.7 2.12504 -5.5694
      vertex -12 2.12504 -5.5694
    endloop
  endfacet
  facet normal 0 -0.956944 0.290271
    outer loop
      vertex 2.7 2.12504 -5.5694
      vertex -12 2.08325 -5.70717
      vertex 2.7 2.08325 -5.70717
    endloop
  endfacet
  facet normal 0 -0.973877 0.227076
    outer loop
      vertex -12 2.12504 -5.5694
      vertex 2.7 2.15773 -5.4292
      vertex -12 2.15773 -5.4292
    endloop
  endfacet
  facet normal 0 -0.973877 0.227076
    outer loop
      vertex 2.7 2.15773 -5.4292
      vertex -12 2.12504 -5.5694
      vertex 2.7 2.12504 -5.5694
    endloop
  endfacet
  facet normal 0 -0.999465 0.0327158
    outer loop
      vertex -12 2.19529 -5.14389
      vertex 2.7 2.2 -5
      vertex -12 2.2 -5
    endloop
  endfacet
  facet normal 0 -0.999465 0.0327158
    outer loop
      vertex 2.7 2.2 -5
      vertex -12 2.19529 -5.14389
      vertex 2.7 2.19529 -5.14389
    endloop
  endfacet
  facet normal 0 -0.93588 0.352318
    outer loop
      vertex -12 2.03253 -5.8419
      vertex 2.7 2.08325 -5.70717
      vertex -12 2.08325 -5.70717
    endloop
  endfacet
  facet normal 0 -0.93588 0.352318
    outer loop
      vertex 2.7 2.08325 -5.70717
      vertex -12 2.03253 -5.8419
      vertex 2.7 2.03253 -5.8419
    endloop
  endfacet
  facet normal 0 -0.352244 -0.935908
    outer loop
      vertex -12 0.707167 -2.91675
      vertex 2.7 0.841903 -2.96746
      vertex 2.7 0.707167 -2.91675
    endloop
  endfacet
  facet normal -0 -0.352244 -0.935908
    outer loop
      vertex 2.7 0.841903 -2.96746
      vertex -12 0.707167 -2.91675
      vertex -12 0.841903 -2.96746
    endloop
  endfacet
  facet normal 0 -0.412735 -0.910851
    outer loop
      vertex -12 0.841903 -2.96746
      vertex 2.7 0.973035 -3.02688
      vertex 2.7 0.841903 -2.96746
    endloop
  endfacet
  facet normal -0 -0.412735 -0.910851
    outer loop
      vertex 2.7 0.973035 -3.02688
      vertex -12 0.841903 -2.96746
      vertex -12 0.973035 -3.02688
    endloop
  endfacet
  facet normal 0 -0.162888 -0.986645
    outer loop
      vertex -12 0.287157 -2.81882
      vertex 2.7 0.429198 -2.84227
      vertex 2.7 0.287157 -2.81882
    endloop
  endfacet
  facet normal -0 -0.162888 -0.986645
    outer loop
      vertex 2.7 0.429198 -2.84227
      vertex -12 0.287157 -2.81882
      vertex -12 0.429198 -2.84227
    endloop
  endfacet
  facet normal 0 -0.729858 -0.683599
    outer loop
      vertex -12 1.65405 -3.54944
      vertex 2.7 1.55563 -3.44436
      vertex -12 1.55563 -3.44436
    endloop
  endfacet
  facet normal 0 -0.729858 -0.683599
    outer loop
      vertex 2.7 1.55563 -3.44436
      vertex -12 1.65405 -3.54944
      vertex 2.7 1.65405 -3.54944
    endloop
  endfacet
  facet normal 0 -0.812888 -0.58242
    outer loop
      vertex -12 1.82923 -3.77775
      vertex 2.7 1.74538 -3.66072
      vertex -12 1.74538 -3.66072
    endloop
  endfacet
  facet normal 0 -0.812888 -0.58242
    outer loop
      vertex 2.7 1.74538 -3.66072
      vertex -12 1.82923 -3.77775
      vertex 2.7 1.82923 -3.77775
    endloop
  endfacet
  facet normal 0 -0.910887 -0.412657
    outer loop
      vertex -12 2.03253 -4.1581
      vertex 2.7 1.97312 -4.02696
      vertex -12 1.97312 -4.02696
    endloop
  endfacet
  facet normal 0 -0.910887 -0.412657
    outer loop
      vertex 2.7 1.97312 -4.02696
      vertex -12 2.03253 -4.1581
      vertex 2.7 2.03253 -4.1581
    endloop
  endfacet
  facet normal 0 -0.93588 -0.352318
    outer loop
      vertex -12 2.08325 -4.29283
      vertex 2.7 2.03253 -4.1581
      vertex -12 2.03253 -4.1581
    endloop
  endfacet
  facet normal 0 -0.93588 -0.352318
    outer loop
      vertex 2.7 2.03253 -4.1581
      vertex -12 2.08325 -4.29283
      vertex 2.7 2.08325 -4.29283
    endloop
  endfacet
  facet normal 0 -0.986644 -0.162889
    outer loop
      vertex -12 2.18118 -4.71284
      vertex 2.7 2.15773 -4.5708
      vertex -12 2.15773 -4.5708
    endloop
  endfacet
  facet normal 0 -0.986644 -0.162889
    outer loop
      vertex 2.7 2.15773 -4.5708
      vertex -12 2.18118 -4.71284
      vertex 2.7 2.18118 -4.71284
    endloop
  endfacet
  facet normal -0 0.471374 0.881933
    outer loop
      vertex -12 -0.973035 -6.97312
      vertex 2.7 -1.1 -6.90526
      vertex 2.7 -0.973035 -6.97312
    endloop
  endfacet
  facet normal 0 0.471374 0.881933
    outer loop
      vertex 2.7 -1.1 -6.90526
      vertex -12 -0.973035 -6.97312
      vertex -12 -1.1 -6.90526
    endloop
  endfacet
  facet normal -0 0.290281 0.956941
    outer loop
      vertex -12 -0.569402 -7.12504
      vertex 2.7 -0.707167 -7.08325
      vertex 2.7 -0.569402 -7.12504
    endloop
  endfacet
  facet normal 0 0.290281 0.956941
    outer loop
      vertex 2.7 -0.707167 -7.08325
      vertex -12 -0.569402 -7.12504
      vertex -12 -0.707167 -7.08325
    endloop
  endfacet
  facet normal -0 0.162888 0.986645
    outer loop
      vertex -12 -0.287157 -7.18118
      vertex 2.7 -0.429198 -7.15773
      vertex 2.7 -0.287157 -7.18118
    endloop
  endfacet
  facet normal 0 0.162888 0.986645
    outer loop
      vertex 2.7 -0.429198 -7.15773
      vertex -12 -0.287157 -7.18118
      vertex -12 -0.429198 -7.15773
    endloop
  endfacet
  facet normal -0 0.0980112 0.995185
    outer loop
      vertex -12 -0.143887 -7.19529
      vertex 2.7 -0.287157 -7.18118
      vertex 2.7 -0.143887 -7.19529
    endloop
  endfacet
  facet normal 0 0.0980112 0.995185
    outer loop
      vertex 2.7 -0.287157 -7.18118
      vertex -12 -0.143887 -7.19529
      vertex -12 -0.287157 -7.18118
    endloop
  endfacet
  facet normal 0 0.162888 -0.986645
    outer loop
      vertex -12 -0.429198 -2.84227
      vertex 2.7 -0.287157 -2.81882
      vertex 2.7 -0.429198 -2.84227
    endloop
  endfacet
  facet normal 0 0.162888 -0.986645
    outer loop
      vertex 2.7 -0.287157 -2.81882
      vertex -12 -0.429198 -2.84227
      vertex -12 -0.287157 -2.81882
    endloop
  endfacet
  facet normal 0 0.995185 0.0980112
    outer loop
      vertex 2.7 -2.18118 -5.28716
      vertex -12 -2.19529 -5.14389
      vertex 2.7 -2.19529 -5.14389
    endloop
  endfacet
  facet normal 0 0.995185 0.0980112
    outer loop
      vertex -12 -2.19529 -5.14389
      vertex 2.7 -2.18118 -5.28716
      vertex -12 -2.18118 -5.28716
    endloop
  endfacet
  facet normal 0 0.93588 0.352318
    outer loop
      vertex 2.7 -2.03253 -5.8419
      vertex -12 -2.08325 -5.70717
      vertex 2.7 -2.08325 -5.70717
    endloop
  endfacet
  facet normal 0 0.93588 0.352318
    outer loop
      vertex -12 -2.08325 -5.70717
      vertex 2.7 -2.03253 -5.8419
      vertex -12 -2.03253 -5.8419
    endloop
  endfacet
  facet normal 0 -0.162888 0.986645
    outer loop
      vertex -12 0.429198 -7.15773
      vertex 2.7 0.287157 -7.18118
      vertex 2.7 0.429198 -7.15773
    endloop
  endfacet
  facet normal 0 -0.162888 0.986645
    outer loop
      vertex 2.7 0.287157 -7.18118
      vertex -12 0.429198 -7.15773
      vertex -12 0.287157 -7.18118
    endloop
  endfacet
  facet normal 0 -0.849171 0.528118
    outer loop
      vertex -12 1.82923 -6.22225
      vertex 2.7 1.90526 -6.1
      vertex -12 1.90526 -6.1
    endloop
  endfacet
  facet normal 0 -0.849171 0.528118
    outer loop
      vertex 2.7 1.90526 -6.1
      vertex -12 1.82923 -6.22225
      vertex 2.7 1.82923 -6.22225
    endloop
  endfacet
  facet normal 0 -0.528118 -0.849171
    outer loop
      vertex -12 1.1 -3.09474
      vertex 2.7 1.22225 -3.17077
      vertex 2.7 1.1 -3.09474
    endloop
  endfacet
  facet normal -0 -0.528118 -0.849171
    outer loop
      vertex 2.7 1.22225 -3.17077
      vertex -12 1.1 -3.09474
      vertex -12 1.22225 -3.17077
    endloop
  endfacet
  facet normal 0 -0.582453 -0.812864
    outer loop
      vertex -12 1.22225 -3.17077
      vertex 2.7 1.33927 -3.25462
      vertex 2.7 1.22225 -3.17077
    endloop
  endfacet
  facet normal -0 -0.582453 -0.812864
    outer loop
      vertex 2.7 1.33927 -3.25462
      vertex -12 1.22225 -3.17077
      vertex -12 1.33927 -3.25462
    endloop
  endfacet
  facet normal 0 -0.634379 -0.773022
    outer loop
      vertex -12 1.33927 -3.25462
      vertex 2.7 1.45056 -3.34595
      vertex 2.7 1.33927 -3.25462
    endloop
  endfacet
  facet normal -0 -0.634379 -0.773022
    outer loop
      vertex 2.7 1.45056 -3.34595
      vertex -12 1.33927 -3.25462
      vertex -12 1.45056 -3.34595
    endloop
  endfacet
  facet normal -0 0.0327165 0.999465
    outer loop
      vertex -12 0 -7.2
      vertex 2.7 -0.143887 -7.19529
      vertex 2.7 0 -7.2
    endloop
  endfacet
  facet normal 0 0.0327165 0.999465
    outer loop
      vertex 2.7 -0.143887 -7.19529
      vertex -12 0 -7.2
      vertex -12 -0.143887 -7.19529
    endloop
  endfacet
  facet normal -0 0.634379 0.773022
    outer loop
      vertex -12 -1.33927 -6.74538
      vertex 2.7 -1.45056 -6.65405
      vertex 2.7 -1.33927 -6.74538
    endloop
  endfacet
  facet normal 0 0.634379 0.773022
    outer loop
      vertex 2.7 -1.45056 -6.65405
      vertex -12 -1.33927 -6.74538
      vertex -12 -1.45056 -6.65405
    endloop
  endfacet
  facet normal -0 0.412677 0.910877
    outer loop
      vertex -12 -0.841903 -7.03253
      vertex 2.7 -0.973035 -6.97312
      vertex 2.7 -0.841903 -7.03253
    endloop
  endfacet
  facet normal 0 0.412677 0.910877
    outer loop
      vertex 2.7 -0.973035 -6.97312
      vertex -12 -0.841903 -7.03253
      vertex -12 -0.973035 -6.97312
    endloop
  endfacet
  facet normal 0 0.986644 -0.162889
    outer loop
      vertex 2.7 -2.18118 -4.71284
      vertex -12 -2.15773 -4.5708
      vertex 2.7 -2.15773 -4.5708
    endloop
  endfacet
  facet normal 0 0.986644 -0.162889
    outer loop
      vertex -12 -2.15773 -4.5708
      vertex 2.7 -2.18118 -4.71284
      vertex -12 -2.18118 -4.71284
    endloop
  endfacet
  facet normal 0 0.582453 -0.812864
    outer loop
      vertex -12 -1.33927 -3.25462
      vertex 2.7 -1.22225 -3.17077
      vertex 2.7 -1.33927 -3.25462
    endloop
  endfacet
  facet normal 0 0.582453 -0.812864
    outer loop
      vertex 2.7 -1.22225 -3.17077
      vertex -12 -1.33927 -3.25462
      vertex -12 -1.22225 -3.17077
    endloop
  endfacet
  facet normal 0 0.0327165 -0.999465
    outer loop
      vertex -12 -0.143887 -2.80471
      vertex 2.7 0 -2.8
      vertex 2.7 -0.143887 -2.80471
    endloop
  endfacet
  facet normal 0 0.0327165 -0.999465
    outer loop
      vertex 2.7 0 -2.8
      vertex -12 -0.143887 -2.80471
      vertex -12 0 -2.8
    endloop
  endfacet
  facet normal 0 0.986644 0.162889
    outer loop
      vertex 2.7 -2.15773 -5.4292
      vertex -12 -2.18118 -5.28716
      vertex 2.7 -2.18118 -5.28716
    endloop
  endfacet
  facet normal 0 0.986644 0.162889
    outer loop
      vertex -12 -2.18118 -5.28716
      vertex 2.7 -2.15773 -5.4292
      vertex -12 -2.15773 -5.4292
    endloop
  endfacet
  facet normal -0 0.528118 0.849171
    outer loop
      vertex -12 -1.1 -6.90526
      vertex 2.7 -1.22225 -6.82923
      vertex 2.7 -1.1 -6.90526
    endloop
  endfacet
  facet normal 0 0.528118 0.849171
    outer loop
      vertex 2.7 -1.22225 -6.82923
      vertex -12 -1.1 -6.90526
      vertex -12 -1.22225 -6.82923
    endloop
  endfacet
  facet normal -0 0.582453 0.812864
    outer loop
      vertex -12 -1.22225 -6.82923
      vertex 2.7 -1.33927 -6.74538
      vertex 2.7 -1.22225 -6.82923
    endloop
  endfacet
  facet normal 0 0.582453 0.812864
    outer loop
      vertex 2.7 -1.33927 -6.74538
      vertex -12 -1.22225 -6.82923
      vertex -12 -1.33927 -6.74538
    endloop
  endfacet
  facet normal -0 0.683634 0.729825
    outer loop
      vertex -12 -1.45056 -6.65405
      vertex 2.7 -1.55563 -6.55563
      vertex 2.7 -1.45056 -6.65405
    endloop
  endfacet
  facet normal 0 0.683634 0.729825
    outer loop
      vertex 2.7 -1.55563 -6.55563
      vertex -12 -1.45056 -6.65405
      vertex -12 -1.55563 -6.55563
    endloop
  endfacet
  facet normal 0 0.729825 0.683634
    outer loop
      vertex 2.7 -1.55563 -6.55563
      vertex -12 -1.65405 -6.45056
      vertex 2.7 -1.65405 -6.45056
    endloop
  endfacet
  facet normal 0 0.729825 0.683634
    outer loop
      vertex -12 -1.65405 -6.45056
      vertex 2.7 -1.55563 -6.55563
      vertex -12 -1.55563 -6.55563
    endloop
  endfacet
  facet normal -0 0.352305 0.935885
    outer loop
      vertex -12 -0.707167 -7.08325
      vertex 2.7 -0.841903 -7.03253
      vertex 2.7 -0.707167 -7.08325
    endloop
  endfacet
  facet normal 0 0.352305 0.935885
    outer loop
      vertex 2.7 -0.841903 -7.03253
      vertex -12 -0.707167 -7.08325
      vertex -12 -0.841903 -7.03253
    endloop
  endfacet
  facet normal 0 0.999465 0.0327158
    outer loop
      vertex 2.7 -2.19529 -5.14389
      vertex -12 -2.2 -5
      vertex 2.7 -2.2 -5
    endloop
  endfacet
  facet normal 0 0.999465 0.0327158
    outer loop
      vertex -12 -2.2 -5
      vertex 2.7 -2.19529 -5.14389
      vertex -12 -2.19529 -5.14389
    endloop
  endfacet
  facet normal 0 0.999465 -0.0327158
    outer loop
      vertex 2.7 -2.2 -5
      vertex -12 -2.19529 -4.85611
      vertex 2.7 -2.19529 -4.85611
    endloop
  endfacet
  facet normal 0 0.999465 -0.0327158
    outer loop
      vertex -12 -2.19529 -4.85611
      vertex 2.7 -2.2 -5
      vertex -12 -2.2 -5
    endloop
  endfacet
  facet normal 0 0.729858 -0.683599
    outer loop
      vertex 2.7 -1.65405 -3.54944
      vertex -12 -1.55563 -3.44436
      vertex 2.7 -1.55563 -3.44436
    endloop
  endfacet
  facet normal 0 0.729858 -0.683599
    outer loop
      vertex -12 -1.55563 -3.44436
      vertex 2.7 -1.65405 -3.54944
      vertex -12 -1.65405 -3.54944
    endloop
  endfacet
  facet normal 0 0.683597 -0.72986
    outer loop
      vertex -12 -1.55563 -3.44436
      vertex 2.7 -1.45056 -3.34595
      vertex 2.7 -1.55563 -3.44436
    endloop
  endfacet
  facet normal 0 0.683597 -0.72986
    outer loop
      vertex 2.7 -1.45056 -3.34595
      vertex -12 -1.55563 -3.44436
      vertex -12 -1.45056 -3.34595
    endloop
  endfacet
  facet normal 0 0.471374 -0.881933
    outer loop
      vertex -12 -1.1 -3.09474
      vertex 2.7 -0.973035 -3.02688
      vertex 2.7 -1.1 -3.09474
    endloop
  endfacet
  facet normal 0 0.471374 -0.881933
    outer loop
      vertex 2.7 -0.973035 -3.02688
      vertex -12 -1.1 -3.09474
      vertex -12 -0.973035 -3.02688
    endloop
  endfacet
  facet normal 0 0.412735 -0.910851
    outer loop
      vertex -12 -0.973035 -3.02688
      vertex 2.7 -0.841903 -2.96746
      vertex 2.7 -0.973035 -3.02688
    endloop
  endfacet
  facet normal 0 0.412735 -0.910851
    outer loop
      vertex 2.7 -0.841903 -2.96746
      vertex -12 -0.973035 -3.02688
      vertex -12 -0.841903 -2.96746
    endloop
  endfacet
  facet normal 0 0.352244 -0.935908
    outer loop
      vertex -12 -0.841903 -2.96746
      vertex 2.7 -0.707167 -2.91675
      vertex 2.7 -0.841903 -2.96746
    endloop
  endfacet
  facet normal 0 0.352244 -0.935908
    outer loop
      vertex 2.7 -0.707167 -2.91675
      vertex -12 -0.841903 -2.96746
      vertex -12 -0.707167 -2.91675
    endloop
  endfacet
  facet normal 0 0.290281 -0.956941
    outer loop
      vertex -12 -0.707167 -2.91675
      vertex 2.7 -0.569402 -2.87496
      vertex 2.7 -0.707167 -2.91675
    endloop
  endfacet
  facet normal 0 0.290281 -0.956941
    outer loop
      vertex 2.7 -0.569402 -2.87496
      vertex -12 -0.707167 -2.91675
      vertex -12 -0.569402 -2.87496
    endloop
  endfacet
  facet normal 0 0.22707 -0.973878
    outer loop
      vertex -12 -0.569402 -2.87496
      vertex 2.7 -0.429198 -2.84227
      vertex 2.7 -0.569402 -2.87496
    endloop
  endfacet
  facet normal 0 0.22707 -0.973878
    outer loop
      vertex 2.7 -0.429198 -2.84227
      vertex -12 -0.569402 -2.87496
      vertex -12 -0.429198 -2.84227
    endloop
  endfacet
  facet normal 0 0.0980112 -0.995185
    outer loop
      vertex -12 -0.287157 -2.81882
      vertex 2.7 -0.143887 -2.80471
      vertex 2.7 -0.287157 -2.81882
    endloop
  endfacet
  facet normal 0 0.0980112 -0.995185
    outer loop
      vertex 2.7 -0.143887 -2.80471
      vertex -12 -0.287157 -2.81882
      vertex -12 -0.143887 -2.80471
    endloop
  endfacet
  facet normal 0 0.956944 0.290271
    outer loop
      vertex 2.7 -2.08325 -5.70717
      vertex -12 -2.12504 -5.5694
      vertex 2.7 -2.12504 -5.5694
    endloop
  endfacet
  facet normal 0 0.956944 0.290271
    outer loop
      vertex -12 -2.12504 -5.5694
      vertex 2.7 -2.08325 -5.70717
      vertex -12 -2.08325 -5.70717
    endloop
  endfacet
  facet normal 0 0.973877 0.227076
    outer loop
      vertex 2.7 -2.12504 -5.5694
      vertex -12 -2.15773 -5.4292
      vertex 2.7 -2.15773 -5.4292
    endloop
  endfacet
  facet normal 0 0.973877 0.227076
    outer loop
      vertex -12 -2.15773 -5.4292
      vertex 2.7 -2.12504 -5.5694
      vertex -12 -2.12504 -5.5694
    endloop
  endfacet
  facet normal 0 0.812864 0.582453
    outer loop
      vertex 2.7 -1.74538 -6.33927
      vertex -12 -1.82923 -6.22225
      vertex 2.7 -1.82923 -6.22225
    endloop
  endfacet
  facet normal 0 0.812864 0.582453
    outer loop
      vertex -12 -1.82923 -6.22225
      vertex 2.7 -1.74538 -6.33927
      vertex -12 -1.74538 -6.33927
    endloop
  endfacet
  facet normal 0 0.849171 0.528118
    outer loop
      vertex 2.7 -1.82923 -6.22225
      vertex -12 -1.90526 -6.1
      vertex 2.7 -1.90526 -6.1
    endloop
  endfacet
  facet normal 0 0.849171 0.528118
    outer loop
      vertex -12 -1.90526 -6.1
      vertex 2.7 -1.82923 -6.22225
      vertex -12 -1.82923 -6.22225
    endloop
  endfacet
  facet normal 0 0.773022 0.634379
    outer loop
      vertex 2.7 -1.65405 -6.45056
      vertex -12 -1.74538 -6.33927
      vertex 2.7 -1.74538 -6.33927
    endloop
  endfacet
  facet normal 0 0.773022 0.634379
    outer loop
      vertex -12 -1.74538 -6.33927
      vertex 2.7 -1.65405 -6.45056
      vertex -12 -1.65405 -6.45056
    endloop
  endfacet
  facet normal 0 0.995185 -0.0980112
    outer loop
      vertex 2.7 -2.19529 -4.85611
      vertex -12 -2.18118 -4.71284
      vertex 2.7 -2.18118 -4.71284
    endloop
  endfacet
  facet normal 0 0.995185 -0.0980112
    outer loop
      vertex -12 -2.18118 -4.71284
      vertex 2.7 -2.19529 -4.85611
      vertex -12 -2.19529 -4.85611
    endloop
  endfacet
  facet normal 0 0.973877 -0.227076
    outer loop
      vertex 2.7 -2.15773 -4.5708
      vertex -12 -2.12504 -4.4306
      vertex 2.7 -2.12504 -4.4306
    endloop
  endfacet
  facet normal 0 0.973877 -0.227076
    outer loop
      vertex -12 -2.12504 -4.4306
      vertex 2.7 -2.15773 -4.5708
      vertex -12 -2.15773 -4.5708
    endloop
  endfacet
  facet normal 0 0.772994 -0.634413
    outer loop
      vertex 2.7 -1.74538 -3.66072
      vertex -12 -1.65405 -3.54944
      vertex 2.7 -1.65405 -3.54944
    endloop
  endfacet
  facet normal 0 0.772994 -0.634413
    outer loop
      vertex -12 -1.65405 -3.54944
      vertex 2.7 -1.74538 -3.66072
      vertex -12 -1.74538 -3.66072
    endloop
  endfacet
  facet normal 0 0.881926 -0.471388
    outer loop
      vertex 2.7 -1.97312 -4.02696
      vertex -12 -1.90526 -3.9
      vertex 2.7 -1.90526 -3.9
    endloop
  endfacet
  facet normal 0 0.881926 -0.471388
    outer loop
      vertex -12 -1.90526 -3.9
      vertex 2.7 -1.97312 -4.02696
      vertex -12 -1.97312 -4.02696
    endloop
  endfacet
  facet normal 0 0.634379 -0.773022
    outer loop
      vertex -12 -1.45056 -3.34595
      vertex 2.7 -1.33927 -3.25462
      vertex 2.7 -1.45056 -3.34595
    endloop
  endfacet
  facet normal 0 0.634379 -0.773022
    outer loop
      vertex 2.7 -1.33927 -3.25462
      vertex -12 -1.45056 -3.34595
      vertex -12 -1.33927 -3.25462
    endloop
  endfacet
  facet normal 0 0.528118 -0.849171
    outer loop
      vertex -12 -1.22225 -3.17077
      vertex 2.7 -1.1 -3.09474
      vertex 2.7 -1.22225 -3.17077
    endloop
  endfacet
  facet normal 0 0.528118 -0.849171
    outer loop
      vertex 2.7 -1.1 -3.09474
      vertex -12 -1.22225 -3.17077
      vertex -12 -1.1 -3.09474
    endloop
  endfacet
  facet normal 0 0.956944 -0.290271
    outer loop
      vertex 2.7 -2.12504 -4.4306
      vertex -12 -2.08325 -4.29283
      vertex 2.7 -2.08325 -4.29283
    endloop
  endfacet
  facet normal 0 0.956944 -0.290271
    outer loop
      vertex -12 -2.08325 -4.29283
      vertex 2.7 -2.12504 -4.4306
      vertex -12 -2.12504 -4.4306
    endloop
  endfacet
  facet normal 0 0.812888 -0.58242
    outer loop
      vertex 2.7 -1.82923 -3.77775
      vertex -12 -1.74538 -3.66072
      vertex 2.7 -1.74538 -3.66072
    endloop
  endfacet
  facet normal 0 0.812888 -0.58242
    outer loop
      vertex -12 -1.74538 -3.66072
      vertex 2.7 -1.82923 -3.77775
      vertex -12 -1.82923 -3.77775
    endloop
  endfacet
  facet normal 0 0.910887 -0.412657
    outer loop
      vertex 2.7 -2.03253 -4.1581
      vertex -12 -1.97312 -4.02696
      vertex 2.7 -1.97312 -4.02696
    endloop
  endfacet
  facet normal 0 0.910887 -0.412657
    outer loop
      vertex -12 -1.97312 -4.02696
      vertex 2.7 -2.03253 -4.1581
      vertex -12 -2.03253 -4.1581
    endloop
  endfacet
  facet normal 0 0.849171 -0.528118
    outer loop
      vertex 2.7 -1.90526 -3.9
      vertex -12 -1.82923 -3.77775
      vertex 2.7 -1.82923 -3.77775
    endloop
  endfacet
  facet normal 0 0.849171 -0.528118
    outer loop
      vertex -12 -1.82923 -3.77775
      vertex 2.7 -1.90526 -3.9
      vertex -12 -1.90526 -3.9
    endloop
  endfacet
  facet normal 0 0.93588 -0.352318
    outer loop
      vertex 2.7 -2.08325 -4.29283
      vertex -12 -2.03253 -4.1581
      vertex 2.7 -2.03253 -4.1581
    endloop
  endfacet
  facet normal 0 0.93588 -0.352318
    outer loop
      vertex -12 -2.03253 -4.1581
      vertex 2.7 -2.08325 -4.29283
      vertex -12 -2.08325 -4.29283
    endloop
  endfacet
  facet normal 0 -0.471402 0.881918
    outer loop
      vertex -16 1.9 -8.2909
      vertex -12 1.6807 -8.40812
      vertex -12 1.9 -8.2909
    endloop
  endfacet
  facet normal 0 -0.471402 0.881918
    outer loop
      vertex -12 1.6807 -8.40812
      vertex -16 1.9 -8.2909
      vertex -16 1.6807 -8.40812
    endloop
  endfacet
  facet normal 0 -0.910873 -0.412688
    outer loop
      vertex -16 3.51074 -3.5458
      vertex -12 3.40812 -3.3193
      vertex -16 3.40812 -3.3193
    endloop
  endfacet
  facet normal 0 -0.910873 -0.412688
    outer loop
      vertex -12 3.40812 -3.3193
      vertex -16 3.51074 -3.5458
      vertex -12 3.51074 -3.5458
    endloop
  endfacet
  facet normal 0 -0.412688 -0.910873
    outer loop
      vertex -16 1.4542 -1.48926
      vertex -12 1.6807 -1.59188
      vertex -12 1.4542 -1.48926
    endloop
  endfacet
  facet normal -0 -0.412688 -0.910873
    outer loop
      vertex -12 1.6807 -1.59188
      vertex -16 1.4542 -1.48926
      vertex -16 1.6807 -1.59188
    endloop
  endfacet
  facet normal 0 -0.227054 0.973882
    outer loop
      vertex -16 0.983512 -8.67052
      vertex -12 0.741343 -8.72698
      vertex -12 0.983512 -8.67052
    endloop
  endfacet
  facet normal 0 -0.227054 0.973882
    outer loop
      vertex -12 0.741343 -8.72698
      vertex -16 0.983512 -8.67052
      vertex -16 0.741343 -8.72698
    endloop
  endfacet
  facet normal 0 -0.999464 0.032735
    outer loop
      vertex -16 3.79186 -5.24853
      vertex -12 3.8 -5
      vertex -16 3.8 -5
    endloop
  endfacet
  facet normal 0 -0.999464 0.032735
    outer loop
      vertex -12 3.8 -5
      vertex -16 3.79186 -5.24853
      vertex -12 3.79186 -5.24853
    endloop
  endfacet
  facet normal 0 -0.93591 0.352238
    outer loop
      vertex -16 3.51074 -6.4542
      vertex -12 3.59833 -6.22147
      vertex -16 3.59833 -6.22147
    endloop
  endfacet
  facet normal 0 -0.93591 0.352238
    outer loop
      vertex -12 3.59833 -6.22147
      vertex -16 3.51074 -6.4542
      vertex -12 3.51074 -6.4542
    endloop
  endfacet
  facet normal 0 -0.0980033 -0.995186
    outer loop
      vertex -16 0.248531 -1.20814
      vertex -12 0.495999 -1.23251
      vertex -12 0.248531 -1.20814
    endloop
  endfacet
  facet normal -0 -0.0980033 -0.995186
    outer loop
      vertex -12 0.495999 -1.23251
      vertex -16 0.248531 -1.20814
      vertex -16 0.495999 -1.23251
    endloop
  endfacet
  facet normal 0 -0.773012 -0.634391
    outer loop
      vertex -16 3.01474 -2.68671
      vertex -12 2.85699 -2.49449
      vertex -16 2.85699 -2.49449
    endloop
  endfacet
  facet normal 0 -0.773012 -0.634391
    outer loop
      vertex -12 2.85699 -2.49449
      vertex -16 3.01474 -2.68671
      vertex -12 3.01474 -2.68671
    endloop
  endfacet
  facet normal -0 0.352238 0.93591
    outer loop
      vertex -16 -1.22147 -8.59833
      vertex -12 -1.4542 -8.51074
      vertex -12 -1.22147 -8.59833
    endloop
  endfacet
  facet normal 0 0.352238 0.93591
    outer loop
      vertex -12 -1.4542 -8.51074
      vertex -16 -1.22147 -8.59833
      vertex -16 -1.4542 -8.51074
    endloop
  endfacet
  facet normal 0 0.162909 -0.986641
    outer loop
      vertex -16 -0.741343 -1.27302
      vertex -12 -0.495999 -1.23251
      vertex -12 -0.741343 -1.27302
    endloop
  endfacet
  facet normal 0 0.162909 -0.986641
    outer loop
      vertex -12 -0.495999 -1.23251
      vertex -16 -0.741343 -1.27302
      vertex -16 -0.495999 -1.23251
    endloop
  endfacet
  facet normal 0 -0.0980033 0.995186
    outer loop
      vertex -16 0.495999 -8.76749
      vertex -12 0.248531 -8.79186
      vertex -12 0.495999 -8.76749
    endloop
  endfacet
  facet normal 0 -0.0980033 0.995186
    outer loop
      vertex -12 0.248531 -8.79186
      vertex -16 0.495999 -8.76749
      vertex -16 0.248531 -8.79186
    endloop
  endfacet
  facet normal 0 -0.528085 0.849191
    outer loop
      vertex -16 2.11117 -8.15958
      vertex -12 1.9 -8.2909
      vertex -12 2.11117 -8.15958
    endloop
  endfacet
  facet normal 0 -0.528085 0.849191
    outer loop
      vertex -12 1.9 -8.2909
      vertex -16 2.11117 -8.15958
      vertex -16 1.9 -8.2909
    endloop
  endfacet
  facet normal 0 -0.634391 0.773012
    outer loop
      vertex -16 2.50551 -7.85699
      vertex -12 2.31329 -8.01474
      vertex -12 2.50551 -7.85699
    endloop
  endfacet
  facet normal 0 -0.634391 0.773012
    outer loop
      vertex -12 2.31329 -8.01474
      vertex -16 2.50551 -7.85699
      vertex -16 2.31329 -8.01474
    endloop
  endfacet
  facet normal 0 -0.729891 0.683564
    outer loop
      vertex -16 2.68701 -7.68701
      vertex -12 2.85699 -7.50551
      vertex -16 2.85699 -7.50551
    endloop
  endfacet
  facet normal 0 -0.729891 0.683564
    outer loop
      vertex -12 2.85699 -7.50551
      vertex -16 2.68701 -7.68701
      vertex -12 2.68701 -7.68701
    endloop
  endfacet
  facet normal 0 -0.986641 0.162912
    outer loop
      vertex -16 3.72698 -5.74134
      vertex -12 3.76749 -5.496
      vertex -16 3.76749 -5.496
    endloop
  endfacet
  facet normal 0 -0.986641 0.162912
    outer loop
      vertex -12 3.76749 -5.496
      vertex -16 3.72698 -5.74134
      vertex -12 3.72698 -5.74134
    endloop
  endfacet
  facet normal 0 -0.995186 0.0980025
    outer loop
      vertex -16 3.76749 -5.496
      vertex -12 3.79186 -5.24853
      vertex -16 3.79186 -5.24853
    endloop
  endfacet
  facet normal 0 -0.995186 0.0980025
    outer loop
      vertex -12 3.79186 -5.24853
      vertex -16 3.76749 -5.496
      vertex -12 3.76749 -5.496
    endloop
  endfacet
  facet normal 0 -0.227054 -0.973882
    outer loop
      vertex -16 0.741343 -1.27302
      vertex -12 0.983512 -1.32948
      vertex -12 0.741343 -1.27302
    endloop
  endfacet
  facet normal -0 -0.227054 -0.973882
    outer loop
      vertex -12 0.983512 -1.32948
      vertex -16 0.741343 -1.27302
      vertex -16 0.983512 -1.32948
    endloop
  endfacet
  facet normal 0 -0.352273 -0.935897
    outer loop
      vertex -16 1.22147 -1.40166
      vertex -12 1.4542 -1.48926
      vertex -12 1.22147 -1.40166
    endloop
  endfacet
  facet normal -0 -0.352273 -0.935897
    outer loop
      vertex -12 1.4542 -1.48926
      vertex -16 1.22147 -1.40166
      vertex -16 1.4542 -1.48926
    endloop
  endfacet
  facet normal 0 -0.162909 -0.986641
    outer loop
      vertex -16 0.495999 -1.23251
      vertex -12 0.741343 -1.27302
      vertex -12 0.495999 -1.23251
    endloop
  endfacet
  facet normal -0 -0.162909 -0.986641
    outer loop
      vertex -12 0.741343 -1.27302
      vertex -16 0.495999 -1.23251
      vertex -16 0.741343 -1.27302
    endloop
  endfacet
  facet normal 0 -0.582485 -0.812841
    outer loop
      vertex -16 2.11117 -1.84042
      vertex -12 2.31329 -1.98526
      vertex -12 2.11117 -1.84042
    endloop
  endfacet
  facet normal -0 -0.582485 -0.812841
    outer loop
      vertex -12 2.31329 -1.98526
      vertex -16 2.11117 -1.84042
      vertex -16 2.31329 -1.98526
    endloop
  endfacet
  facet normal 0 -0.528085 -0.849191
    outer loop
      vertex -16 1.9 -1.7091
      vertex -12 2.11117 -1.84042
      vertex -12 1.9 -1.7091
    endloop
  endfacet
  facet normal -0 -0.528085 -0.849191
    outer loop
      vertex -12 2.11117 -1.84042
      vertex -16 1.9 -1.7091
      vertex -16 2.11117 -1.84042
    endloop
  endfacet
  facet normal 0 -0.995186 -0.0980025
    outer loop
      vertex -16 3.79186 -4.75147
      vertex -12 3.76749 -4.504
      vertex -16 3.76749 -4.504
    endloop
  endfacet
  facet normal 0 -0.995186 -0.0980025
    outer loop
      vertex -12 3.76749 -4.504
      vertex -16 3.79186 -4.75147
      vertex -12 3.79186 -4.75147
    endloop
  endfacet
  facet normal 0 -0.93591 -0.352238
    outer loop
      vertex -16 3.59833 -3.77853
      vertex -12 3.51074 -3.5458
      vertex -16 3.51074 -3.5458
    endloop
  endfacet
  facet normal 0 -0.93591 -0.352238
    outer loop
      vertex -12 3.51074 -3.5458
      vertex -16 3.59833 -3.77853
      vertex -12 3.59833 -3.77853
    endloop
  endfacet
  facet normal 0 -0.881918 -0.471402
    outer loop
      vertex -16 3.40812 -3.3193
      vertex -12 3.2909 -3.1
      vertex -16 3.2909 -3.1
    endloop
  endfacet
  facet normal 0 -0.881918 -0.471402
    outer loop
      vertex -12 3.2909 -3.1
      vertex -16 3.40812 -3.3193
      vertex -12 3.40812 -3.3193
    endloop
  endfacet
  facet normal -0 0.0327349 0.999464
    outer loop
      vertex -16 0 -8.8
      vertex -12 -0.248531 -8.79186
      vertex -12 0 -8.8
    endloop
  endfacet
  facet normal 0 0.0327349 0.999464
    outer loop
      vertex -12 -0.248531 -8.79186
      vertex -16 0 -8.8
      vertex -16 -0.248531 -8.79186
    endloop
  endfacet
  facet normal 0 -0.412688 0.910873
    outer loop
      vertex -16 1.6807 -8.40812
      vertex -12 1.4542 -8.51074
      vertex -12 1.6807 -8.40812
    endloop
  endfacet
  facet normal 0 -0.412688 0.910873
    outer loop
      vertex -12 1.4542 -8.51074
      vertex -16 1.6807 -8.40812
      vertex -16 1.4542 -8.51074
    endloop
  endfacet
  facet normal 0 -0.683564 0.729891
    outer loop
      vertex -16 2.68701 -7.68701
      vertex -12 2.50551 -7.85699
      vertex -12 2.68701 -7.68701
    endloop
  endfacet
  facet normal 0 -0.683564 0.729891
    outer loop
      vertex -12 2.50551 -7.85699
      vertex -16 2.68701 -7.68701
      vertex -16 2.50551 -7.85699
    endloop
  endfacet
  facet normal 0 -0.999464 -0.032735
    outer loop
      vertex -16 3.8 -5
      vertex -12 3.79186 -4.75147
      vertex -16 3.79186 -4.75147
    endloop
  endfacet
  facet normal 0 -0.999464 -0.032735
    outer loop
      vertex -12 3.79186 -4.75147
      vertex -16 3.8 -5
      vertex -12 3.8 -5
    endloop
  endfacet
  facet normal 0 -0.956934 0.290305
    outer loop
      vertex -16 3.59833 -6.22147
      vertex -12 3.67052 -5.98351
      vertex -16 3.67052 -5.98351
    endloop
  endfacet
  facet normal 0 -0.956934 0.290305
    outer loop
      vertex -12 3.67052 -5.98351
      vertex -16 3.59833 -6.22147
      vertex -12 3.59833 -6.22147
    endloop
  endfacet
  facet normal 0 -0.973882 0.227053
    outer loop
      vertex -16 3.67052 -5.98351
      vertex -12 3.72698 -5.74134
      vertex -16 3.72698 -5.74134
    endloop
  endfacet
  facet normal 0 -0.973882 0.227053
    outer loop
      vertex -12 3.72698 -5.74134
      vertex -16 3.67052 -5.98351
      vertex -12 3.67052 -5.98351
    endloop
  endfacet
  facet normal 0 -0.881918 0.471402
    outer loop
      vertex -16 3.2909 -6.9
      vertex -12 3.40812 -6.6807
      vertex -16 3.40812 -6.6807
    endloop
  endfacet
  facet normal 0 -0.881918 0.471402
    outer loop
      vertex -12 3.40812 -6.6807
      vertex -16 3.2909 -6.9
      vertex -12 3.2909 -6.9
    endloop
  endfacet
  facet normal 0 -0.849191 0.528085
    outer loop
      vertex -16 3.15958 -7.11117
      vertex -12 3.2909 -6.9
      vertex -16 3.2909 -6.9
    endloop
  endfacet
  facet normal 0 -0.849191 0.528085
    outer loop
      vertex -12 3.2909 -6.9
      vertex -16 3.15958 -7.11117
      vertex -12 3.15958 -7.11117
    endloop
  endfacet
  facet normal 0 -0.773012 0.634391
    outer loop
      vertex -16 2.85699 -7.50551
      vertex -12 3.01474 -7.31329
      vertex -16 3.01474 -7.31329
    endloop
  endfacet
  facet normal 0 -0.773012 0.634391
    outer loop
      vertex -12 3.01474 -7.31329
      vertex -16 2.85699 -7.50551
      vertex -12 2.85699 -7.50551
    endloop
  endfacet
  facet normal 0 -0.0327349 -0.999464
    outer loop
      vertex -16 0 -1.2
      vertex -12 0.248531 -1.20814
      vertex -12 0 -1.2
    endloop
  endfacet
  facet normal -0 -0.0327349 -0.999464
    outer loop
      vertex -12 0.248531 -1.20814
      vertex -16 0 -1.2
      vertex -16 0.248531 -1.20814
    endloop
  endfacet
  facet normal 0 -0.290271 -0.956945
    outer loop
      vertex -16 0.983512 -1.32948
      vertex -12 1.22147 -1.40166
      vertex -12 0.983512 -1.32948
    endloop
  endfacet
  facet normal -0 -0.290271 -0.956945
    outer loop
      vertex -12 1.22147 -1.40166
      vertex -16 0.983512 -1.32948
      vertex -16 1.22147 -1.40166
    endloop
  endfacet
  facet normal 0 -0.471402 -0.881918
    outer loop
      vertex -16 1.6807 -1.59188
      vertex -12 1.9 -1.7091
      vertex -12 1.6807 -1.59188
    endloop
  endfacet
  facet normal -0 -0.471402 -0.881918
    outer loop
      vertex -12 1.9 -1.7091
      vertex -16 1.6807 -1.59188
      vertex -16 1.9 -1.7091
    endloop
  endfacet
  facet normal 0 -0.634391 -0.773012
    outer loop
      vertex -16 2.31329 -1.98526
      vertex -12 2.50551 -2.14301
      vertex -12 2.31329 -1.98526
    endloop
  endfacet
  facet normal -0 -0.634391 -0.773012
    outer loop
      vertex -12 2.50551 -2.14301
      vertex -16 2.31329 -1.98526
      vertex -16 2.50551 -2.14301
    endloop
  endfacet
  facet normal 0 -0.956934 -0.290305
    outer loop
      vertex -16 3.67052 -4.01649
      vertex -12 3.59833 -3.77853
      vertex -16 3.59833 -3.77853
    endloop
  endfacet
  facet normal 0 -0.956934 -0.290305
    outer loop
      vertex -12 3.59833 -3.77853
      vertex -16 3.67052 -4.01649
      vertex -12 3.67052 -4.01649
    endloop
  endfacet
  facet normal 0 -0.986641 -0.162912
    outer loop
      vertex -16 3.76749 -4.504
      vertex -12 3.72698 -4.25866
      vertex -16 3.72698 -4.25866
    endloop
  endfacet
  facet normal 0 -0.986641 -0.162912
    outer loop
      vertex -12 3.72698 -4.25866
      vertex -16 3.76749 -4.504
      vertex -12 3.76749 -4.504
    endloop
  endfacet
  facet normal 0 -0.973882 -0.227053
    outer loop
      vertex -16 3.72698 -4.25866
      vertex -12 3.67052 -4.01649
      vertex -16 3.67052 -4.01649
    endloop
  endfacet
  facet normal 0 -0.973882 -0.227053
    outer loop
      vertex -12 3.67052 -4.01649
      vertex -16 3.72698 -4.25866
      vertex -12 3.72698 -4.25866
    endloop
  endfacet
  facet normal 0 -0.849191 -0.528085
    outer loop
      vertex -16 3.2909 -3.1
      vertex -12 3.15958 -2.88883
      vertex -16 3.15958 -2.88883
    endloop
  endfacet
  facet normal 0 -0.849191 -0.528085
    outer loop
      vertex -12 3.15958 -2.88883
      vertex -16 3.2909 -3.1
      vertex -12 3.2909 -3.1
    endloop
  endfacet
  facet normal 0 -0.812841 -0.582485
    outer loop
      vertex -16 3.15958 -2.88883
      vertex -12 3.01474 -2.68671
      vertex -16 3.01474 -2.68671
    endloop
  endfacet
  facet normal 0 -0.812841 -0.582485
    outer loop
      vertex -12 3.01474 -2.68671
      vertex -16 3.15958 -2.88883
      vertex -12 3.15958 -2.88883
    endloop
  endfacet
  facet normal 0 -0.683564 -0.729891
    outer loop
      vertex -16 2.50551 -2.14301
      vertex -12 2.68701 -2.31299
      vertex -12 2.50551 -2.14301
    endloop
  endfacet
  facet normal -0 -0.683564 -0.729891
    outer loop
      vertex -12 2.68701 -2.31299
      vertex -16 2.50551 -2.14301
      vertex -16 2.68701 -2.31299
    endloop
  endfacet
  facet normal 0 -0.729891 -0.683564
    outer loop
      vertex -16 2.85699 -2.49449
      vertex -12 2.68701 -2.31299
      vertex -16 2.68701 -2.31299
    endloop
  endfacet
  facet normal 0 -0.729891 -0.683564
    outer loop
      vertex -12 2.68701 -2.31299
      vertex -16 2.85699 -2.49449
      vertex -12 2.85699 -2.49449
    endloop
  endfacet
  facet normal 0 -0.0327349 0.999464
    outer loop
      vertex -16 0.248531 -8.79186
      vertex -12 0 -8.8
      vertex -12 0.248531 -8.79186
    endloop
  endfacet
  facet normal 0 -0.0327349 0.999464
    outer loop
      vertex -12 0 -8.8
      vertex -16 0.248531 -8.79186
      vertex -16 0 -8.8
    endloop
  endfacet
  facet normal -0 0.162909 0.986641
    outer loop
      vertex -16 -0.495999 -8.76749
      vertex -12 -0.741343 -8.72698
      vertex -12 -0.495999 -8.76749
    endloop
  endfacet
  facet normal 0 0.162909 0.986641
    outer loop
      vertex -12 -0.741343 -8.72698
      vertex -16 -0.495999 -8.76749
      vertex -16 -0.741343 -8.72698
    endloop
  endfacet
  facet normal 0 0.729891 0.683564
    outer loop
      vertex -12 -2.68701 -7.68701
      vertex -16 -2.85699 -7.50551
      vertex -12 -2.85699 -7.50551
    endloop
  endfacet
  facet normal 0 0.729891 0.683564
    outer loop
      vertex -16 -2.85699 -7.50551
      vertex -12 -2.68701 -7.68701
      vertex -16 -2.68701 -7.68701
    endloop
  endfacet
  facet normal -0 0.634391 0.773012
    outer loop
      vertex -16 -2.31329 -8.01474
      vertex -12 -2.50551 -7.85699
      vertex -12 -2.31329 -8.01474
    endloop
  endfacet
  facet normal 0 0.634391 0.773012
    outer loop
      vertex -12 -2.50551 -7.85699
      vertex -16 -2.31329 -8.01474
      vertex -16 -2.50551 -7.85699
    endloop
  endfacet
  facet normal 0 0.0980033 -0.995186
    outer loop
      vertex -16 -0.495999 -1.23251
      vertex -12 -0.248531 -1.20814
      vertex -12 -0.495999 -1.23251
    endloop
  endfacet
  facet normal 0 0.0980033 -0.995186
    outer loop
      vertex -12 -0.248531 -1.20814
      vertex -16 -0.495999 -1.23251
      vertex -16 -0.248531 -1.20814
    endloop
  endfacet
  facet normal 0 0.352273 -0.935897
    outer loop
      vertex -16 -1.4542 -1.48926
      vertex -12 -1.22147 -1.40166
      vertex -12 -1.4542 -1.48926
    endloop
  endfacet
  facet normal 0 0.352273 -0.935897
    outer loop
      vertex -12 -1.22147 -1.40166
      vertex -16 -1.4542 -1.48926
      vertex -16 -1.22147 -1.40166
    endloop
  endfacet
  facet normal 0 0.995186 0.0980025
    outer loop
      vertex -12 -3.76749 -5.496
      vertex -16 -3.79186 -5.24853
      vertex -12 -3.79186 -5.24853
    endloop
  endfacet
  facet normal 0 0.995186 0.0980025
    outer loop
      vertex -16 -3.79186 -5.24853
      vertex -12 -3.76749 -5.496
      vertex -16 -3.76749 -5.496
    endloop
  endfacet
  facet normal 0 0.986641 0.162912
    outer loop
      vertex -12 -3.72698 -5.74134
      vertex -16 -3.76749 -5.496
      vertex -12 -3.76749 -5.496
    endloop
  endfacet
  facet normal 0 0.986641 0.162912
    outer loop
      vertex -16 -3.76749 -5.496
      vertex -12 -3.72698 -5.74134
      vertex -16 -3.72698 -5.74134
    endloop
  endfacet
  facet normal 0 0.93591 0.352238
    outer loop
      vertex -12 -3.51074 -6.4542
      vertex -16 -3.59833 -6.22147
      vertex -12 -3.59833 -6.22147
    endloop
  endfacet
  facet normal 0 0.93591 0.352238
    outer loop
      vertex -16 -3.59833 -6.22147
      vertex -12 -3.51074 -6.4542
      vertex -16 -3.51074 -6.4542
    endloop
  endfacet
  facet normal 0 -0.582485 0.812841
    outer loop
      vertex -16 2.31329 -8.01474
      vertex -12 2.11117 -8.15958
      vertex -12 2.31329 -8.01474
    endloop
  endfacet
  facet normal 0 -0.582485 0.812841
    outer loop
      vertex -12 2.11117 -8.15958
      vertex -16 2.31329 -8.01474
      vertex -16 2.11117 -8.15958
    endloop
  endfacet
  facet normal 0 -0.910873 0.412688
    outer loop
      vertex -16 3.40812 -6.6807
      vertex -12 3.51074 -6.4542
      vertex -16 3.51074 -6.4542
    endloop
  endfacet
  facet normal 0 -0.910873 0.412688
    outer loop
      vertex -12 3.51074 -6.4542
      vertex -16 3.40812 -6.6807
      vertex -12 3.40812 -6.6807
    endloop
  endfacet
  facet normal 0 -0.812841 0.582485
    outer loop
      vertex -16 3.01474 -7.31329
      vertex -12 3.15958 -7.11117
      vertex -16 3.15958 -7.11117
    endloop
  endfacet
  facet normal 0 -0.812841 0.582485
    outer loop
      vertex -12 3.15958 -7.11117
      vertex -16 3.01474 -7.31329
      vertex -12 3.01474 -7.31329
    endloop
  endfacet
  facet normal -0 0.0980033 0.995186
    outer loop
      vertex -16 -0.248531 -8.79186
      vertex -12 -0.495999 -8.76749
      vertex -12 -0.248531 -8.79186
    endloop
  endfacet
  facet normal 0 0.0980033 0.995186
    outer loop
      vertex -12 -0.495999 -8.76749
      vertex -16 -0.248531 -8.79186
      vertex -16 -0.495999 -8.76749
    endloop
  endfacet
  facet normal -0 0.290308 0.956933
    outer loop
      vertex -16 -0.983512 -8.67052
      vertex -12 -1.22147 -8.59833
      vertex -12 -0.983512 -8.67052
    endloop
  endfacet
  facet normal 0 0.290308 0.956933
    outer loop
      vertex -12 -1.22147 -8.59833
      vertex -16 -0.983512 -8.67052
      vertex -16 -1.22147 -8.59833
    endloop
  endfacet
  facet normal 0 0.881918 0.471402
    outer loop
      vertex -12 -3.2909 -6.9
      vertex -16 -3.40812 -6.6807
      vertex -12 -3.40812 -6.6807
    endloop
  endfacet
  facet normal 0 0.881918 0.471402
    outer loop
      vertex -16 -3.40812 -6.6807
      vertex -12 -3.2909 -6.9
      vertex -16 -3.2909 -6.9
    endloop
  endfacet
  facet normal 0 0.773012 0.634391
    outer loop
      vertex -12 -2.85699 -7.50551
      vertex -16 -3.01474 -7.31329
      vertex -12 -3.01474 -7.31329
    endloop
  endfacet
  facet normal 0 0.773012 0.634391
    outer loop
      vertex -16 -3.01474 -7.31329
      vertex -12 -2.85699 -7.50551
      vertex -16 -2.85699 -7.50551
    endloop
  endfacet
  facet normal 0 0.812841 0.582485
    outer loop
      vertex -12 -3.01474 -7.31329
      vertex -16 -3.15958 -7.11117
      vertex -12 -3.15958 -7.11117
    endloop
  endfacet
  facet normal 0 0.812841 0.582485
    outer loop
      vertex -16 -3.15958 -7.11117
      vertex -12 -3.01474 -7.31329
      vertex -16 -3.01474 -7.31329
    endloop
  endfacet
  facet normal -0 0.528085 0.849191
    outer loop
      vertex -16 -1.9 -8.2909
      vertex -12 -2.11117 -8.15958
      vertex -12 -1.9 -8.2909
    endloop
  endfacet
  facet normal 0 0.528085 0.849191
    outer loop
      vertex -12 -2.11117 -8.15958
      vertex -16 -1.9 -8.2909
      vertex -16 -2.11117 -8.15958
    endloop
  endfacet
  facet normal 0 0.773012 -0.634391
    outer loop
      vertex -12 -3.01474 -2.68671
      vertex -16 -2.85699 -2.49449
      vertex -12 -2.85699 -2.49449
    endloop
  endfacet
  facet normal 0 0.773012 -0.634391
    outer loop
      vertex -16 -2.85699 -2.49449
      vertex -12 -3.01474 -2.68671
      vertex -16 -3.01474 -2.68671
    endloop
  endfacet
  facet normal 0 0.0327349 -0.999464
    outer loop
      vertex -16 -0.248531 -1.20814
      vertex -12 0 -1.2
      vertex -12 -0.248531 -1.20814
    endloop
  endfacet
  facet normal 0 0.0327349 -0.999464
    outer loop
      vertex -12 0 -1.2
      vertex -16 -0.248531 -1.20814
      vertex -16 0 -1.2
    endloop
  endfacet
  facet normal 0 0.528085 -0.849191
    outer loop
      vertex -16 -2.11117 -1.84042
      vertex -12 -1.9 -1.7091
      vertex -12 -2.11117 -1.84042
    endloop
  endfacet
  facet normal 0 0.528085 -0.849191
    outer loop
      vertex -12 -1.9 -1.7091
      vertex -16 -2.11117 -1.84042
      vertex -16 -1.9 -1.7091
    endloop
  endfacet
  facet normal 0 0.973882 0.227053
    outer loop
      vertex -12 -3.67052 -5.98351
      vertex -16 -3.72698 -5.74134
      vertex -12 -3.72698 -5.74134
    endloop
  endfacet
  facet normal 0 0.973882 0.227053
    outer loop
      vertex -16 -3.72698 -5.74134
      vertex -12 -3.67052 -5.98351
      vertex -16 -3.67052 -5.98351
    endloop
  endfacet
  facet normal 0 0.956934 0.290305
    outer loop
      vertex -12 -3.59833 -6.22147
      vertex -16 -3.67052 -5.98351
      vertex -12 -3.67052 -5.98351
    endloop
  endfacet
  facet normal 0 0.956934 0.290305
    outer loop
      vertex -16 -3.67052 -5.98351
      vertex -12 -3.59833 -6.22147
      vertex -16 -3.59833 -6.22147
    endloop
  endfacet
  facet normal 0 0.910873 0.412688
    outer loop
      vertex -12 -3.40812 -6.6807
      vertex -16 -3.51074 -6.4542
      vertex -12 -3.51074 -6.4542
    endloop
  endfacet
  facet normal 0 0.910873 0.412688
    outer loop
      vertex -16 -3.51074 -6.4542
      vertex -12 -3.40812 -6.6807
      vertex -16 -3.40812 -6.6807
    endloop
  endfacet
  facet normal 0 -0.162909 0.986641
    outer loop
      vertex -16 0.741343 -8.72698
      vertex -12 0.495999 -8.76749
      vertex -12 0.741343 -8.72698
    endloop
  endfacet
  facet normal 0 -0.162909 0.986641
    outer loop
      vertex -12 0.495999 -8.76749
      vertex -16 0.741343 -8.72698
      vertex -16 0.495999 -8.76749
    endloop
  endfacet
  facet normal 0 -0.352238 0.93591
    outer loop
      vertex -16 1.4542 -8.51074
      vertex -12 1.22147 -8.59833
      vertex -12 1.4542 -8.51074
    endloop
  endfacet
  facet normal 0 -0.352238 0.93591
    outer loop
      vertex -12 1.22147 -8.59833
      vertex -16 1.4542 -8.51074
      vertex -16 1.22147 -8.59833
    endloop
  endfacet
  facet normal -0 0.412688 0.910873
    outer loop
      vertex -16 -1.4542 -8.51074
      vertex -12 -1.6807 -8.40812
      vertex -12 -1.4542 -8.51074
    endloop
  endfacet
  facet normal 0 0.412688 0.910873
    outer loop
      vertex -12 -1.6807 -8.40812
      vertex -16 -1.4542 -8.51074
      vertex -16 -1.6807 -8.40812
    endloop
  endfacet
  facet normal -0 0.471402 0.881918
    outer loop
      vertex -16 -1.6807 -8.40812
      vertex -12 -1.9 -8.2909
      vertex -12 -1.6807 -8.40812
    endloop
  endfacet
  facet normal 0 0.471402 0.881918
    outer loop
      vertex -12 -1.9 -8.2909
      vertex -16 -1.6807 -8.40812
      vertex -16 -1.9 -8.2909
    endloop
  endfacet
  facet normal -0 0.227054 0.973882
    outer loop
      vertex -16 -0.741343 -8.72698
      vertex -12 -0.983512 -8.67052
      vertex -12 -0.741343 -8.72698
    endloop
  endfacet
  facet normal 0 0.227054 0.973882
    outer loop
      vertex -12 -0.983512 -8.67052
      vertex -16 -0.741343 -8.72698
      vertex -16 -0.983512 -8.67052
    endloop
  endfacet
  facet normal 0 0.849191 0.528085
    outer loop
      vertex -12 -3.15958 -7.11117
      vertex -16 -3.2909 -6.9
      vertex -12 -3.2909 -6.9
    endloop
  endfacet
  facet normal 0 0.849191 0.528085
    outer loop
      vertex -16 -3.2909 -6.9
      vertex -12 -3.15958 -7.11117
      vertex -16 -3.15958 -7.11117
    endloop
  endfacet
  facet normal -0 0.683564 0.729891
    outer loop
      vertex -16 -2.50551 -7.85699
      vertex -12 -2.68701 -7.68701
      vertex -12 -2.50551 -7.85699
    endloop
  endfacet
  facet normal 0 0.683564 0.729891
    outer loop
      vertex -12 -2.68701 -7.68701
      vertex -16 -2.50551 -7.85699
      vertex -16 -2.68701 -7.68701
    endloop
  endfacet
  facet normal -0 0.582485 0.812841
    outer loop
      vertex -16 -2.11117 -8.15958
      vertex -12 -2.31329 -8.01474
      vertex -12 -2.11117 -8.15958
    endloop
  endfacet
  facet normal 0 0.582485 0.812841
    outer loop
      vertex -12 -2.31329 -8.01474
      vertex -16 -2.11117 -8.15958
      vertex -16 -2.31329 -8.01474
    endloop
  endfacet
  facet normal 0 0.986641 -0.162912
    outer loop
      vertex -12 -3.76749 -4.504
      vertex -16 -3.72698 -4.25866
      vertex -12 -3.72698 -4.25866
    endloop
  endfacet
  facet normal 0 0.986641 -0.162912
    outer loop
      vertex -16 -3.72698 -4.25866
      vertex -12 -3.76749 -4.504
      vertex -16 -3.76749 -4.504
    endloop
  endfacet
  facet normal 0 0.93591 -0.352238
    outer loop
      vertex -12 -3.59833 -3.77853
      vertex -16 -3.51074 -3.5458
      vertex -12 -3.51074 -3.5458
    endloop
  endfacet
  facet normal 0 0.93591 -0.352238
    outer loop
      vertex -16 -3.51074 -3.5458
      vertex -12 -3.59833 -3.77853
      vertex -16 -3.59833 -3.77853
    endloop
  endfacet
  facet normal 0 0.849191 -0.528085
    outer loop
      vertex -12 -3.2909 -3.1
      vertex -16 -3.15958 -2.88883
      vertex -12 -3.15958 -2.88883
    endloop
  endfacet
  facet normal 0 0.849191 -0.528085
    outer loop
      vertex -16 -3.15958 -2.88883
      vertex -12 -3.2909 -3.1
      vertex -16 -3.2909 -3.1
    endloop
  endfacet
  facet normal 0 0.999464 0.032735
    outer loop
      vertex -12 -3.79186 -5.24853
      vertex -16 -3.8 -5
      vertex -12 -3.8 -5
    endloop
  endfacet
  facet normal 0 0.999464 0.032735
    outer loop
      vertex -16 -3.8 -5
      vertex -12 -3.79186 -5.24853
      vertex -16 -3.79186 -5.24853
    endloop
  endfacet
  facet normal 0 0.999464 -0.032735
    outer loop
      vertex -12 -3.8 -5
      vertex -16 -3.79186 -4.75147
      vertex -12 -3.79186 -4.75147
    endloop
  endfacet
  facet normal 0 0.999464 -0.032735
    outer loop
      vertex -16 -3.79186 -4.75147
      vertex -12 -3.8 -5
      vertex -16 -3.8 -5
    endloop
  endfacet
  facet normal 0 0.729891 -0.683564
    outer loop
      vertex -12 -2.85699 -2.49449
      vertex -16 -2.68701 -2.31299
      vertex -12 -2.68701 -2.31299
    endloop
  endfacet
  facet normal 0 0.729891 -0.683564
    outer loop
      vertex -16 -2.68701 -2.31299
      vertex -12 -2.85699 -2.49449
      vertex -16 -2.85699 -2.49449
    endloop
  endfacet
  facet normal 0 0.683564 -0.729891
    outer loop
      vertex -16 -2.68701 -2.31299
      vertex -12 -2.50551 -2.14301
      vertex -12 -2.68701 -2.31299
    endloop
  endfacet
  facet normal 0 0.683564 -0.729891
    outer loop
      vertex -12 -2.50551 -2.14301
      vertex -16 -2.68701 -2.31299
      vertex -16 -2.50551 -2.14301
    endloop
  endfacet
  facet normal 0 0.471402 -0.881918
    outer loop
      vertex -16 -1.9 -1.7091
      vertex -12 -1.6807 -1.59188
      vertex -12 -1.9 -1.7091
    endloop
  endfacet
  facet normal 0 0.471402 -0.881918
    outer loop
      vertex -12 -1.6807 -1.59188
      vertex -16 -1.9 -1.7091
      vertex -16 -1.6807 -1.59188
    endloop
  endfacet
  facet normal 0 0.412688 -0.910873
    outer loop
      vertex -16 -1.6807 -1.59188
      vertex -12 -1.4542 -1.48926
      vertex -12 -1.6807 -1.59188
    endloop
  endfacet
  facet normal 0 0.412688 -0.910873
    outer loop
      vertex -12 -1.4542 -1.48926
      vertex -16 -1.6807 -1.59188
      vertex -16 -1.4542 -1.48926
    endloop
  endfacet
  facet normal 0 0.290271 -0.956945
    outer loop
      vertex -16 -1.22147 -1.40166
      vertex -12 -0.983512 -1.32948
      vertex -12 -1.22147 -1.40166
    endloop
  endfacet
  facet normal 0 0.290271 -0.956945
    outer loop
      vertex -12 -0.983512 -1.32948
      vertex -16 -1.22147 -1.40166
      vertex -16 -0.983512 -1.32948
    endloop
  endfacet
  facet normal 0 0.227054 -0.973882
    outer loop
      vertex -16 -0.983512 -1.32948
      vertex -12 -0.741343 -1.27302
      vertex -12 -0.983512 -1.32948
    endloop
  endfacet
  facet normal 0 0.227054 -0.973882
    outer loop
      vertex -12 -0.741343 -1.27302
      vertex -16 -0.983512 -1.32948
      vertex -16 -0.741343 -1.27302
    endloop
  endfacet
  facet normal 0 -0.290308 0.956933
    outer loop
      vertex -16 1.22147 -8.59833
      vertex -12 0.983512 -8.67052
      vertex -12 1.22147 -8.59833
    endloop
  endfacet
  facet normal 0 -0.290308 0.956933
    outer loop
      vertex -12 0.983512 -8.67052
      vertex -16 1.22147 -8.59833
      vertex -16 0.983512 -8.67052
    endloop
  endfacet
  facet normal 0 0.973882 -0.227053
    outer loop
      vertex -12 -3.72698 -4.25866
      vertex -16 -3.67052 -4.01649
      vertex -12 -3.67052 -4.01649
    endloop
  endfacet
  facet normal 0 0.973882 -0.227053
    outer loop
      vertex -16 -3.67052 -4.01649
      vertex -12 -3.72698 -4.25866
      vertex -16 -3.72698 -4.25866
    endloop
  endfacet
  facet normal 0 0.956934 -0.290305
    outer loop
      vertex -12 -3.67052 -4.01649
      vertex -16 -3.59833 -3.77853
      vertex -12 -3.59833 -3.77853
    endloop
  endfacet
  facet normal 0 0.956934 -0.290305
    outer loop
      vertex -16 -3.59833 -3.77853
      vertex -12 -3.67052 -4.01649
      vertex -16 -3.67052 -4.01649
    endloop
  endfacet
  facet normal -1 0 0
    outer loop
      vertex -12 2.2 -5
      vertex -12 3.8 -5
      vertex -12 3.79186 -5.24853
    endloop
  endfacet
  facet normal -1 0 0
    outer loop
      vertex -12 2.19529 -5.14389
      vertex -12 3.79186 -5.24853
      vertex -12 3.76749 -5.496
    endloop
  endfacet
  facet normal -1 0 0
    outer loop
      vertex -12 3.8 -5
      vertex -12 2.2 -5
      vertex -12 3.79186 -4.75147
    endloop
  endfacet
  facet normal -1 0 0
    outer loop
      vertex -12 2.18118 -5.28716
      vertex -12 3.76749 -5.496
      vertex -12 3.72698 -5.74134
    endloop
  endfacet
  facet normal -1 0 0
    outer loop
      vertex -12 2.19529 -4.85611
      vertex -12 3.79186 -4.75147
      vertex -12 2.2 -5
    endloop
  endfacet
  facet normal -1 0 0
    outer loop
      vertex -12 2.15773 -5.4292
      vertex -12 3.72698 -5.74134
      vertex -12 3.67052 -5.98351
    endloop
  endfacet
  facet normal -1 -0 0
    outer loop
      vertex -12 3.79186 -4.75147
      vertex -12 2.19529 -4.85611
      vertex -12 3.76749 -4.504
    endloop
  endfacet
  facet normal -1 0 0
    outer loop
      vertex -12 2.12504 -5.5694
      vertex -12 3.67052 -5.98351
      vertex -12 3.59833 -6.22147
    endloop
  endfacet
  facet normal -1 0 0
    outer loop
      vertex -12 2.18118 -4.71284
      vertex -12 3.76749 -4.504
      vertex -12 2.19529 -4.85611
    endloop
  endfacet
  facet normal -1 0 0
    outer loop
      vertex -12 2.08325 -5.70717
      vertex -12 3.59833 -6.22147
      vertex -12 3.51074 -6.4542
    endloop
  endfacet
  facet normal -1 -0 0
    outer loop
      vertex -12 3.76749 -4.504
      vertex -12 2.18118 -4.71284
      vertex -12 3.72698 -4.25866
    endloop
  endfacet
  facet normal -1 0 0
    outer loop
      vertex -12 2.03253 -5.8419
      vertex -12 3.51074 -6.4542
      vertex -12 3.40812 -6.6807
    endloop
  endfacet
  facet normal -1 0 0
    outer loop
      vertex -12 2.15773 -4.5708
      vertex -12 3.72698 -4.25866
      vertex -12 2.18118 -4.71284
    endloop
  endfacet
  facet normal -1 0 0
    outer loop
      vertex -12 1.97312 -5.97303
      vertex -12 3.40812 -6.6807
      vertex -12 3.2909 -6.9
    endloop
  endfacet
  facet normal -1 -0 0
    outer loop
      vertex -12 3.72698 -4.25866
      vertex -12 2.15773 -4.5708
      vertex -12 3.67052 -4.01649
    endloop
  endfacet
  facet normal -1 0 0
    outer loop
      vertex -12 1.90526 -6.1
      vertex -12 3.2909 -6.9
      vertex -12 3.15958 -7.11117
    endloop
  endfacet
  facet normal -1 0 0
    outer loop
      vertex -12 2.12504 -4.4306
      vertex -12 3.67052 -4.01649
      vertex -12 2.15773 -4.5708
    endloop
  endfacet
  facet normal -1 0 0
    outer loop
      vertex -12 1.82923 -6.22225
      vertex -12 3.15958 -7.11117
      vertex -12 3.01474 -7.31329
    endloop
  endfacet
  facet normal -1 -0 0
    outer loop
      vertex -12 3.67052 -4.01649
      vertex -12 2.12504 -4.4306
      vertex -12 3.59833 -3.77853
    endloop
  endfacet
  facet normal -1 0 0
    outer loop
      vertex -12 1.74538 -6.33927
      vertex -12 3.01474 -7.31329
      vertex -12 2.85699 -7.50551
    endloop
  endfacet
  facet normal -1 0 0
    outer loop
      vertex -12 2.08325 -4.29283
      vertex -12 3.59833 -3.77853
      vertex -12 2.12504 -4.4306
    endloop
  endfacet
  facet normal -1 0 0
    outer loop
      vertex -12 1.65405 -6.45056
      vertex -12 2.85699 -7.50551
      vertex -12 2.68701 -7.68701
    endloop
  endfacet
  facet normal -1 -0 0
    outer loop
      vertex -12 3.59833 -3.77853
      vertex -12 2.08325 -4.29283
      vertex -12 3.51074 -3.5458
    endloop
  endfacet
  facet normal -1 0 0
    outer loop
      vertex -12 1.55563 -6.55563
      vertex -12 2.68701 -7.68701
      vertex -12 2.50551 -7.85699
    endloop
  endfacet
  facet normal -1 0 0
    outer loop
      vertex -12 2.03253 -4.1581
      vertex -12 3.51074 -3.5458
      vertex -12 2.08325 -4.29283
    endloop
  endfacet
  facet normal -1 0 0
    outer loop
      vertex -12 1.45056 -6.65405
      vertex -12 2.50551 -7.85699
      vertex -12 2.31329 -8.01474
    endloop
  endfacet
  facet normal -1 -0 0
    outer loop
      vertex -12 3.51074 -3.5458
      vertex -12 2.03253 -4.1581
      vertex -12 3.40812 -3.3193
    endloop
  endfacet
  facet normal -1 0 0
    outer loop
      vertex -12 1.97312 -4.02696
      vertex -12 3.40812 -3.3193
      vertex -12 2.03253 -4.1581
    endloop
  endfacet
  facet normal -1 0 0
    outer loop
      vertex -12 3.79186 -5.24853
      vertex -12 2.19529 -5.14389
      vertex -12 2.2 -5
    endloop
  endfacet
  facet normal -1 0 0
    outer loop
      vertex -12 3.76749 -5.496
      vertex -12 2.18118 -5.28716
      vertex -12 2.19529 -5.14389
    endloop
  endfacet
  facet normal -1 0 0
    outer loop
      vertex -12 3.72698 -5.74134
      vertex -12 2.15773 -5.4292
      vertex -12 2.18118 -5.28716
    endloop
  endfacet
  facet normal -1 0 0
    outer loop
      vertex -12 3.67052 -5.98351
      vertex -12 2.12504 -5.5694
      vertex -12 2.15773 -5.4292
    endloop
  endfacet
  facet normal -1 0 0
    outer loop
      vertex -12 1.33927 -6.74538
      vertex -12 2.31329 -8.01474
      vertex -12 2.11117 -8.15958
    endloop
  endfacet
  facet normal -1 0 0
    outer loop
      vertex -12 3.59833 -6.22147
      vertex -12 2.08325 -5.70717
      vertex -12 2.12504 -5.5694
    endloop
  endfacet
  facet normal -1 0 0
    outer loop
      vertex -12 3.51074 -6.4542
      vertex -12 2.03253 -5.8419
      vertex -12 2.08325 -5.70717
    endloop
  endfacet
  facet normal -1 0 0
    outer loop
      vertex -12 3.40812 -6.6807
      vertex -12 1.97312 -5.97303
      vertex -12 2.03253 -5.8419
    endloop
  endfacet
  facet normal -1 0 0
    outer loop
      vertex -12 3.2909 -6.9
      vertex -12 1.90526 -6.1
      vertex -12 1.97312 -5.97303
    endloop
  endfacet
  facet normal -1 0 0
    outer loop
      vertex -12 1.22225 -6.82923
      vertex -12 2.11117 -8.15958
      vertex -12 1.9 -8.2909
    endloop
  endfacet
  facet normal -1 0 0
    outer loop
      vertex -12 3.15958 -7.11117
      vertex -12 1.82923 -6.22225
      vertex -12 1.90526 -6.1
    endloop
  endfacet
  facet normal -1 0 0
    outer loop
      vertex -12 3.01474 -7.31329
      vertex -12 1.74538 -6.33927
      vertex -12 1.82923 -6.22225
    endloop
  endfacet
  facet normal -1 0 0
    outer loop
      vertex -12 1.1 -6.90526
      vertex -12 1.9 -8.2909
      vertex -12 1.6807 -8.40812
    endloop
  endfacet
  facet normal -1 0 0
    outer loop
      vertex -12 2.85699 -7.50551
      vertex -12 1.65405 -6.45056
      vertex -12 1.74538 -6.33927
    endloop
  endfacet
  facet normal -1 0 0
    outer loop
      vertex -12 2.68701 -7.68701
      vertex -12 1.55563 -6.55563
      vertex -12 1.65405 -6.45056
    endloop
  endfacet
  facet normal -1 0 0
    outer loop
      vertex -12 0.973035 -6.97312
      vertex -12 1.6807 -8.40812
      vertex -12 1.4542 -8.51074
    endloop
  endfacet
  facet normal -1 0 0
    outer loop
      vertex -12 2.50551 -7.85699
      vertex -12 1.45056 -6.65405
      vertex -12 1.55563 -6.55563
    endloop
  endfacet
  facet normal -1 0 0
    outer loop
      vertex -12 2.31329 -8.01474
      vertex -12 1.33927 -6.74538
      vertex -12 1.45056 -6.65405
    endloop
  endfacet
  facet normal -1 0 0
    outer loop
      vertex -12 2.11117 -8.15958
      vertex -12 1.22225 -6.82923
      vertex -12 1.33927 -6.74538
    endloop
  endfacet
  facet normal -1 0 0
    outer loop
      vertex -12 0.841903 -7.03253
      vertex -12 1.4542 -8.51074
      vertex -12 1.22147 -8.59833
    endloop
  endfacet
  facet normal -1 0 0
    outer loop
      vertex -12 1.9 -8.2909
      vertex -12 1.1 -6.90526
      vertex -12 1.22225 -6.82923
    endloop
  endfacet
  facet normal -1 0 0
    outer loop
      vertex -12 0.707167 -7.08325
      vertex -12 1.22147 -8.59833
      vertex -12 0.983512 -8.67052
    endloop
  endfacet
  facet normal -1 0 0
    outer loop
      vertex -12 1.6807 -8.40812
      vertex -12 0.973035 -6.97312
      vertex -12 1.1 -6.90526
    endloop
  endfacet
  facet normal -1 0 0
    outer loop
      vertex -12 1.4542 -8.51074
      vertex -12 0.841903 -7.03253
      vertex -12 0.973035 -6.97312
    endloop
  endfacet
  facet normal -1 0 0
    outer loop
      vertex -12 0.569402 -7.12504
      vertex -12 0.983512 -8.67052
      vertex -12 0.741343 -8.72698
    endloop
  endfacet
  facet normal -1 0 0
    outer loop
      vertex -12 1.22147 -8.59833
      vertex -12 0.707167 -7.08325
      vertex -12 0.841903 -7.03253
    endloop
  endfacet
  facet normal -1 0 0
    outer loop
      vertex -12 0.983512 -8.67052
      vertex -12 0.569402 -7.12504
      vertex -12 0.707167 -7.08325
    endloop
  endfacet
  facet normal -1 0 0
    outer loop
      vertex -12 0.429198 -7.15773
      vertex -12 0.741343 -8.72698
      vertex -12 0.495999 -8.76749
    endloop
  endfacet
  facet normal -1 0 0
    outer loop
      vertex -12 0.741343 -8.72698
      vertex -12 0.429198 -7.15773
      vertex -12 0.569402 -7.12504
    endloop
  endfacet
  facet normal -1 0 0
    outer loop
      vertex -12 0.495999 -8.76749
      vertex -12 0.287157 -7.18118
      vertex -12 0.429198 -7.15773
    endloop
  endfacet
  facet normal -1 0 0
    outer loop
      vertex -12 0.248531 -8.79186
      vertex -12 0.287157 -7.18118
      vertex -12 0.495999 -8.76749
    endloop
  endfacet
  facet normal -1 0 0
    outer loop
      vertex -12 0.248531 -8.79186
      vertex -12 0.143887 -7.19529
      vertex -12 0.287157 -7.18118
    endloop
  endfacet
  facet normal -1 0 0
    outer loop
      vertex -12 0 -8.8
      vertex -12 0.143887 -7.19529
      vertex -12 0.248531 -8.79186
    endloop
  endfacet
  facet normal -1 0 0
    outer loop
      vertex -12 0 -8.8
      vertex -12 0 -7.2
      vertex -12 0.143887 -7.19529
    endloop
  endfacet
  facet normal -1 0 0
    outer loop
      vertex -12 0 -8.8
      vertex -12 -0.143887 -7.19529
      vertex -12 0 -7.2
    endloop
  endfacet
  facet normal -1 0 0
    outer loop
      vertex -12 -0.248531 -8.79186
      vertex -12 -0.143887 -7.19529
      vertex -12 0 -8.8
    endloop
  endfacet
  facet normal -1 0 0
    outer loop
      vertex -12 -0.248531 -8.79186
      vertex -12 -0.287157 -7.18118
      vertex -12 -0.143887 -7.19529
    endloop
  endfacet
  facet normal -1 0 0
    outer loop
      vertex -12 -0.495999 -8.76749
      vertex -12 -0.287157 -7.18118
      vertex -12 -0.248531 -8.79186
    endloop
  endfacet
  facet normal -1 -0 0
    outer loop
      vertex -12 -0.287157 -7.18118
      vertex -12 -0.495999 -8.76749
      vertex -12 -0.429198 -7.15773
    endloop
  endfacet
  facet normal -1 0 0
    outer loop
      vertex -12 -0.741343 -8.72698
      vertex -12 -0.429198 -7.15773
      vertex -12 -0.495999 -8.76749
    endloop
  endfacet
  facet normal -1 -0 0
    outer loop
      vertex -12 -0.429198 -7.15773
      vertex -12 -0.741343 -8.72698
      vertex -12 -0.569402 -7.12504
    endloop
  endfacet
  facet normal -1 0 0
    outer loop
      vertex -12 -0.983512 -8.67052
      vertex -12 -0.569402 -7.12504
      vertex -12 -0.741343 -8.72698
    endloop
  endfacet
  facet normal -1 -0 0
    outer loop
      vertex -12 -0.569402 -7.12504
      vertex -12 -0.983512 -8.67052
      vertex -12 -0.707167 -7.08325
    endloop
  endfacet
  facet normal -1 0 0
    outer loop
      vertex -12 -1.22147 -8.59833
      vertex -12 -0.707167 -7.08325
      vertex -12 -0.983512 -8.67052
    endloop
  endfacet
  facet normal -1 -0 0
    outer loop
      vertex -12 -0.707167 -7.08325
      vertex -12 -1.22147 -8.59833
      vertex -12 -0.841903 -7.03253
    endloop
  endfacet
  facet normal -1 0 0
    outer loop
      vertex -12 -1.4542 -8.51074
      vertex -12 -0.841903 -7.03253
      vertex -12 -1.22147 -8.59833
    endloop
  endfacet
  facet normal -1 -0 0
    outer loop
      vertex -12 -0.841903 -7.03253
      vertex -12 -1.4542 -8.51074
      vertex -12 -0.973035 -6.97312
    endloop
  endfacet
  facet normal -1 0 0
    outer loop
      vertex -12 -1.6807 -8.40812
      vertex -12 -0.973035 -6.97312
      vertex -12 -1.4542 -8.51074
    endloop
  endfacet
  facet normal -1 -0 0
    outer loop
      vertex -12 -0.973035 -6.97312
      vertex -12 -1.6807 -8.40812
      vertex -12 -1.1 -6.90526
    endloop
  endfacet
  facet normal -1 0 0
    outer loop
      vertex -12 -1.9 -8.2909
      vertex -12 -1.1 -6.90526
      vertex -12 -1.6807 -8.40812
    endloop
  endfacet
  facet normal -1 -0 0
    outer loop
      vertex -12 -1.1 -6.90526
      vertex -12 -1.9 -8.2909
      vertex -12 -1.22225 -6.82923
    endloop
  endfacet
  facet normal -1 0 0
    outer loop
      vertex -12 -2.11117 -8.15958
      vertex -12 -1.22225 -6.82923
      vertex -12 -1.9 -8.2909
    endloop
  endfacet
  facet normal -1 -0 0
    outer loop
      vertex -12 -1.22225 -6.82923
      vertex -12 -2.11117 -8.15958
      vertex -12 -1.33927 -6.74538
    endloop
  endfacet
  facet normal -1 0 0
    outer loop
      vertex -12 -2.31329 -8.01474
      vertex -12 -1.33927 -6.74538
      vertex -12 -2.11117 -8.15958
    endloop
  endfacet
  facet normal -1 -0 0
    outer loop
      vertex -12 -1.33927 -6.74538
      vertex -12 -2.31329 -8.01474
      vertex -12 -1.45056 -6.65405
    endloop
  endfacet
  facet normal -1 0 0
    outer loop
      vertex -12 -2.50551 -7.85699
      vertex -12 -1.45056 -6.65405
      vertex -12 -2.31329 -8.01474
    endloop
  endfacet
  facet normal -1 -0 0
    outer loop
      vertex -12 -1.45056 -6.65405
      vertex -12 -2.50551 -7.85699
      vertex -12 -1.55563 -6.55563
    endloop
  endfacet
  facet normal -1 0 0
    outer loop
      vertex -12 -2.68701 -7.68701
      vertex -12 -1.55563 -6.55563
      vertex -12 -2.50551 -7.85699
    endloop
  endfacet
  facet normal -1 -0 0
    outer loop
      vertex -12 -1.55563 -6.55563
      vertex -12 -2.68701 -7.68701
      vertex -12 -1.65405 -6.45056
    endloop
  endfacet
  facet normal -1 0 0
    outer loop
      vertex -12 -2.85699 -7.50551
      vertex -12 -1.65405 -6.45056
      vertex -12 -2.68701 -7.68701
    endloop
  endfacet
  facet normal -1 -0 0
    outer loop
      vertex -12 -1.65405 -6.45056
      vertex -12 -2.85699 -7.50551
      vertex -12 -1.74538 -6.33927
    endloop
  endfacet
  facet normal -1 0 0
    outer loop
      vertex -12 -3.01474 -7.31329
      vertex -12 -1.74538 -6.33927
      vertex -12 -2.85699 -7.50551
    endloop
  endfacet
  facet normal -1 -0 0
    outer loop
      vertex -12 -1.74538 -6.33927
      vertex -12 -3.01474 -7.31329
      vertex -12 -1.82923 -6.22225
    endloop
  endfacet
  facet normal -1 0 0
    outer loop
      vertex -12 -3.15958 -7.11117
      vertex -12 -1.82923 -6.22225
      vertex -12 -3.01474 -7.31329
    endloop
  endfacet
  facet normal -1 -0 0
    outer loop
      vertex -12 -1.82923 -6.22225
      vertex -12 -3.15958 -7.11117
      vertex -12 -1.90526 -6.1
    endloop
  endfacet
  facet normal -1 0 0
    outer loop
      vertex -12 -3.2909 -6.9
      vertex -12 -1.90526 -6.1
      vertex -12 -3.15958 -7.11117
    endloop
  endfacet
  facet normal -1 -0 0
    outer loop
      vertex -12 -1.90526 -6.1
      vertex -12 -3.2909 -6.9
      vertex -12 -1.97312 -5.97303
    endloop
  endfacet
  facet normal -1 0 0
    outer loop
      vertex -12 -3.40812 -6.6807
      vertex -12 -1.97312 -5.97303
      vertex -12 -3.2909 -6.9
    endloop
  endfacet
  facet normal -1 -0 0
    outer loop
      vertex -12 3.40812 -3.3193
      vertex -12 1.97312 -4.02696
      vertex -12 3.2909 -3.1
    endloop
  endfacet
  facet normal -1 0 0
    outer loop
      vertex -12 1.90526 -3.9
      vertex -12 3.2909 -3.1
      vertex -12 1.97312 -4.02696
    endloop
  endfacet
  facet normal -1 -0 0
    outer loop
      vertex -12 3.2909 -3.1
      vertex -12 1.90526 -3.9
      vertex -12 3.15958 -2.88883
    endloop
  endfacet
  facet normal -1 0 0
    outer loop
      vertex -12 1.82923 -3.77775
      vertex -12 3.15958 -2.88883
      vertex -12 1.90526 -3.9
    endloop
  endfacet
  facet normal -1 -0 0
    outer loop
      vertex -12 3.15958 -2.88883
      vertex -12 1.82923 -3.77775
      vertex -12 3.01474 -2.68671
    endloop
  endfacet
  facet normal -1 0 0
    outer loop
      vertex -12 1.74538 -3.66072
      vertex -12 3.01474 -2.68671
      vertex -12 1.82923 -3.77775
    endloop
  endfacet
  facet normal -1 -0 0
    outer loop
      vertex -12 3.01474 -2.68671
      vertex -12 1.74538 -3.66072
      vertex -12 2.85699 -2.49449
    endloop
  endfacet
  facet normal -1 0 0
    outer loop
      vertex -12 1.65405 -3.54944
      vertex -12 2.85699 -2.49449
      vertex -12 1.74538 -3.66072
    endloop
  endfacet
  facet normal -1 -0 0
    outer loop
      vertex -12 2.85699 -2.49449
      vertex -12 1.65405 -3.54944
      vertex -12 2.68701 -2.31299
    endloop
  endfacet
  facet normal -1 0 0
    outer loop
      vertex -12 1.55563 -3.44436
      vertex -12 2.68701 -2.31299
      vertex -12 1.65405 -3.54944
    endloop
  endfacet
  facet normal -1 -0 0
    outer loop
      vertex -12 2.68701 -2.31299
      vertex -12 1.55563 -3.44436
      vertex -12 2.50551 -2.14301
    endloop
  endfacet
  facet normal -1 0 0
    outer loop
      vertex -12 1.45056 -3.34595
      vertex -12 2.50551 -2.14301
      vertex -12 1.55563 -3.44436
    endloop
  endfacet
  facet normal -1 -0 0
    outer loop
      vertex -12 2.50551 -2.14301
      vertex -12 1.45056 -3.34595
      vertex -12 2.31329 -1.98526
    endloop
  endfacet
  facet normal -1 0 0
    outer loop
      vertex -12 1.33927 -3.25462
      vertex -12 2.31329 -1.98526
      vertex -12 1.45056 -3.34595
    endloop
  endfacet
  facet normal -1 -0 0
    outer loop
      vertex -12 2.31329 -1.98526
      vertex -12 1.33927 -3.25462
      vertex -12 2.11117 -1.84042
    endloop
  endfacet
  facet normal -1 0 0
    outer loop
      vertex -12 1.22225 -3.17077
      vertex -12 2.11117 -1.84042
      vertex -12 1.33927 -3.25462
    endloop
  endfacet
  facet normal -1 -0 0
    outer loop
      vertex -12 2.11117 -1.84042
      vertex -12 1.22225 -3.17077
      vertex -12 1.9 -1.7091
    endloop
  endfacet
  facet normal -1 0 0
    outer loop
      vertex -12 1.1 -3.09474
      vertex -12 1.9 -1.7091
      vertex -12 1.22225 -3.17077
    endloop
  endfacet
  facet normal -1 -0 0
    outer loop
      vertex -12 1.9 -1.7091
      vertex -12 1.1 -3.09474
      vertex -12 1.6807 -1.59188
    endloop
  endfacet
  facet normal -1 0 0
    outer loop
      vertex -12 0.973035 -3.02688
      vertex -12 1.6807 -1.59188
      vertex -12 1.1 -3.09474
    endloop
  endfacet
  facet normal -1 -0 0
    outer loop
      vertex -12 1.6807 -1.59188
      vertex -12 0.973035 -3.02688
      vertex -12 1.4542 -1.48926
    endloop
  endfacet
  facet normal -1 0 0
    outer loop
      vertex -12 0.841903 -2.96746
      vertex -12 1.4542 -1.48926
      vertex -12 0.973035 -3.02688
    endloop
  endfacet
  facet normal -1 -0 0
    outer loop
      vertex -12 1.4542 -1.48926
      vertex -12 0.841903 -2.96746
      vertex -12 1.22147 -1.40166
    endloop
  endfacet
  facet normal -1 0 0
    outer loop
      vertex -12 0.707167 -2.91675
      vertex -12 1.22147 -1.40166
      vertex -12 0.841903 -2.96746
    endloop
  endfacet
  facet normal -1 -0 0
    outer loop
      vertex -12 1.22147 -1.40166
      vertex -12 0.707167 -2.91675
      vertex -12 0.983512 -1.32948
    endloop
  endfacet
  facet normal -1 0 0
    outer loop
      vertex -12 0.569402 -2.87496
      vertex -12 0.983512 -1.32948
      vertex -12 0.707167 -2.91675
    endloop
  endfacet
  facet normal -1 -0 0
    outer loop
      vertex -12 0.983512 -1.32948
      vertex -12 0.569402 -2.87496
      vertex -12 0.741343 -1.27302
    endloop
  endfacet
  facet normal -1 0 0
    outer loop
      vertex -12 0.429198 -2.84227
      vertex -12 0.741343 -1.27302
      vertex -12 0.569402 -2.87496
    endloop
  endfacet
  facet normal -1 -0 0
    outer loop
      vertex -12 0.741343 -1.27302
      vertex -12 0.429198 -2.84227
      vertex -12 0.495999 -1.23251
    endloop
  endfacet
  facet normal -1 0 0
    outer loop
      vertex -12 0.287157 -2.81882
      vertex -12 0.495999 -1.23251
      vertex -12 0.429198 -2.84227
    endloop
  endfacet
  facet normal -1 0 0
    outer loop
      vertex -12 0.287157 -2.81882
      vertex -12 0.248531 -1.20814
      vertex -12 0.495999 -1.23251
    endloop
  endfacet
  facet normal -1 0 0
    outer loop
      vertex -12 0.143887 -2.80471
      vertex -12 0.248531 -1.20814
      vertex -12 0.287157 -2.81882
    endloop
  endfacet
  facet normal -1 0 0
    outer loop
      vertex -12 0 -2.8
      vertex -12 0.248531 -1.20814
      vertex -12 0.143887 -2.80471
    endloop
  endfacet
  facet normal -1 0 0
    outer loop
      vertex -12 0 -2.8
      vertex -12 0 -1.2
      vertex -12 0.248531 -1.20814
    endloop
  endfacet
  facet normal -1 0 0
    outer loop
      vertex -12 -0.143887 -2.80471
      vertex -12 0 -1.2
      vertex -12 0 -2.8
    endloop
  endfacet
  facet normal -1 0 0
    outer loop
      vertex -12 -0.143887 -2.80471
      vertex -12 -0.248531 -1.20814
      vertex -12 0 -1.2
    endloop
  endfacet
  facet normal -1 0 0
    outer loop
      vertex -12 -0.287157 -2.81882
      vertex -12 -0.248531 -1.20814
      vertex -12 -0.143887 -2.80471
    endloop
  endfacet
  facet normal -1 0 0
    outer loop
      vertex -12 -0.495999 -1.23251
      vertex -12 -0.287157 -2.81882
      vertex -12 -0.429198 -2.84227
    endloop
  endfacet
  facet normal -1 0 0
    outer loop
      vertex -12 -0.287157 -2.81882
      vertex -12 -0.495999 -1.23251
      vertex -12 -0.248531 -1.20814
    endloop
  endfacet
  facet normal -1 0 0
    outer loop
      vertex -12 -0.741343 -1.27302
      vertex -12 -0.429198 -2.84227
      vertex -12 -0.569402 -2.87496
    endloop
  endfacet
  facet normal -1 0 0
    outer loop
      vertex -12 -0.983512 -1.32948
      vertex -12 -0.569402 -2.87496
      vertex -12 -0.707167 -2.91675
    endloop
  endfacet
  facet normal -1 0 0
    outer loop
      vertex -12 -0.429198 -2.84227
      vertex -12 -0.741343 -1.27302
      vertex -12 -0.495999 -1.23251
    endloop
  endfacet
  facet normal -1 0 0
    outer loop
      vertex -12 -1.22147 -1.40166
      vertex -12 -0.707167 -2.91675
      vertex -12 -0.841903 -2.96746
    endloop
  endfacet
  facet normal -1 0 0
    outer loop
      vertex -12 -1.4542 -1.48926
      vertex -12 -0.841903 -2.96746
      vertex -12 -0.973035 -3.02688
    endloop
  endfacet
  facet normal -1 0 0
    outer loop
      vertex -12 -0.569402 -2.87496
      vertex -12 -0.983512 -1.32948
      vertex -12 -0.741343 -1.27302
    endloop
  endfacet
  facet normal -1 0 0
    outer loop
      vertex -12 -1.6807 -1.59188
      vertex -12 -0.973035 -3.02688
      vertex -12 -1.1 -3.09474
    endloop
  endfacet
  facet normal -1 0 0
    outer loop
      vertex -12 -0.707167 -2.91675
      vertex -12 -1.22147 -1.40166
      vertex -12 -0.983512 -1.32948
    endloop
  endfacet
  facet normal -1 0 0
    outer loop
      vertex -12 -1.9 -1.7091
      vertex -12 -1.1 -3.09474
      vertex -12 -1.22225 -3.17077
    endloop
  endfacet
  facet normal -1 0 0
    outer loop
      vertex -12 -2.11117 -1.84042
      vertex -12 -1.22225 -3.17077
      vertex -12 -1.33927 -3.25462
    endloop
  endfacet
  facet normal -1 0 0
    outer loop
      vertex -12 -2.31329 -1.98526
      vertex -12 -1.33927 -3.25462
      vertex -12 -1.45056 -3.34595
    endloop
  endfacet
  facet normal -1 0 0
    outer loop
      vertex -12 -0.841903 -2.96746
      vertex -12 -1.4542 -1.48926
      vertex -12 -1.22147 -1.40166
    endloop
  endfacet
  facet normal -1 0 0
    outer loop
      vertex -12 -2.50551 -2.14301
      vertex -12 -1.45056 -3.34595
      vertex -12 -1.55563 -3.44436
    endloop
  endfacet
  facet normal -1 0 0
    outer loop
      vertex -12 -2.68701 -2.31299
      vertex -12 -1.55563 -3.44436
      vertex -12 -1.65405 -3.54944
    endloop
  endfacet
  facet normal -1 0 0
    outer loop
      vertex -12 -0.973035 -3.02688
      vertex -12 -1.6807 -1.59188
      vertex -12 -1.4542 -1.48926
    endloop
  endfacet
  facet normal -1 0 0
    outer loop
      vertex -12 -2.85699 -2.49449
      vertex -12 -1.65405 -3.54944
      vertex -12 -1.74538 -3.66072
    endloop
  endfacet
  facet normal -1 0 0
    outer loop
      vertex -12 -3.01474 -2.68671
      vertex -12 -1.74538 -3.66072
      vertex -12 -1.82923 -3.77775
    endloop
  endfacet
  facet normal -1 0 0
    outer loop
      vertex -12 -1.1 -3.09474
      vertex -12 -1.9 -1.7091
      vertex -12 -1.6807 -1.59188
    endloop
  endfacet
  facet normal -1 0 0
    outer loop
      vertex -12 -3.15958 -2.88883
      vertex -12 -1.82923 -3.77775
      vertex -12 -1.90526 -3.9
    endloop
  endfacet
  facet normal -1 0 0
    outer loop
      vertex -12 -3.2909 -3.1
      vertex -12 -1.90526 -3.9
      vertex -12 -1.97312 -4.02696
    endloop
  endfacet
  facet normal -1 0 0
    outer loop
      vertex -12 -3.40812 -3.3193
      vertex -12 -1.97312 -4.02696
      vertex -12 -2.03253 -4.1581
    endloop
  endfacet
  facet normal -1 0 0
    outer loop
      vertex -12 -3.51074 -3.5458
      vertex -12 -2.03253 -4.1581
      vertex -12 -2.08325 -4.29283
    endloop
  endfacet
  facet normal -1 0 0
    outer loop
      vertex -12 -1.22225 -3.17077
      vertex -12 -2.11117 -1.84042
      vertex -12 -1.9 -1.7091
    endloop
  endfacet
  facet normal -1 0 0
    outer loop
      vertex -12 -3.59833 -3.77853
      vertex -12 -2.08325 -4.29283
      vertex -12 -2.12504 -4.4306
    endloop
  endfacet
  facet normal -1 0 0
    outer loop
      vertex -12 -3.67052 -4.01649
      vertex -12 -2.12504 -4.4306
      vertex -12 -2.15773 -4.5708
    endloop
  endfacet
  facet normal -1 0 0
    outer loop
      vertex -12 -3.72698 -4.25866
      vertex -12 -2.15773 -4.5708
      vertex -12 -2.18118 -4.71284
    endloop
  endfacet
  facet normal -1 0 0
    outer loop
      vertex -12 -3.76749 -4.504
      vertex -12 -2.18118 -4.71284
      vertex -12 -2.19529 -4.85611
    endloop
  endfacet
  facet normal -1 0 0
    outer loop
      vertex -12 -3.79186 -4.75147
      vertex -12 -2.19529 -4.85611
      vertex -12 -2.2 -5
    endloop
  endfacet
  facet normal -1 -0 0
    outer loop
      vertex -12 -1.97312 -5.97303
      vertex -12 -3.40812 -6.6807
      vertex -12 -2.03253 -5.8419
    endloop
  endfacet
  facet normal -1 0 0
    outer loop
      vertex -12 -1.33927 -3.25462
      vertex -12 -2.31329 -1.98526
      vertex -12 -2.11117 -1.84042
    endloop
  endfacet
  facet normal -1 0 0
    outer loop
      vertex -12 -3.51074 -6.4542
      vertex -12 -2.03253 -5.8419
      vertex -12 -3.40812 -6.6807
    endloop
  endfacet
  facet normal -1 0 0
    outer loop
      vertex -12 -1.45056 -3.34595
      vertex -12 -2.50551 -2.14301
      vertex -12 -2.31329 -1.98526
    endloop
  endfacet
  facet normal -1 -0 0
    outer loop
      vertex -12 -2.03253 -5.8419
      vertex -12 -3.51074 -6.4542
      vertex -12 -2.08325 -5.70717
    endloop
  endfacet
  facet normal -1 0 0
    outer loop
      vertex -12 -1.55563 -3.44436
      vertex -12 -2.68701 -2.31299
      vertex -12 -2.50551 -2.14301
    endloop
  endfacet
  facet normal -1 0 0
    outer loop
      vertex -12 -3.59833 -6.22147
      vertex -12 -2.08325 -5.70717
      vertex -12 -3.51074 -6.4542
    endloop
  endfacet
  facet normal -1 0 0
    outer loop
      vertex -12 -1.65405 -3.54944
      vertex -12 -2.85699 -2.49449
      vertex -12 -2.68701 -2.31299
    endloop
  endfacet
  facet normal -1 -0 0
    outer loop
      vertex -12 -2.08325 -5.70717
      vertex -12 -3.59833 -6.22147
      vertex -12 -2.12504 -5.5694
    endloop
  endfacet
  facet normal -1 0 0
    outer loop
      vertex -12 -1.74538 -3.66072
      vertex -12 -3.01474 -2.68671
      vertex -12 -2.85699 -2.49449
    endloop
  endfacet
  facet normal -1 0 0
    outer loop
      vertex -12 -3.67052 -5.98351
      vertex -12 -2.12504 -5.5694
      vertex -12 -3.59833 -6.22147
    endloop
  endfacet
  facet normal -1 0 0
    outer loop
      vertex -12 -1.82923 -3.77775
      vertex -12 -3.15958 -2.88883
      vertex -12 -3.01474 -2.68671
    endloop
  endfacet
  facet normal -1 -0 0
    outer loop
      vertex -12 -2.12504 -5.5694
      vertex -12 -3.67052 -5.98351
      vertex -12 -2.15773 -5.4292
    endloop
  endfacet
  facet normal -1 0 0
    outer loop
      vertex -12 -1.90526 -3.9
      vertex -12 -3.2909 -3.1
      vertex -12 -3.15958 -2.88883
    endloop
  endfacet
  facet normal -1 0 0
    outer loop
      vertex -12 -3.72698 -5.74134
      vertex -12 -2.15773 -5.4292
      vertex -12 -3.67052 -5.98351
    endloop
  endfacet
  facet normal -1 0 0
    outer loop
      vertex -12 -1.97312 -4.02696
      vertex -12 -3.40812 -3.3193
      vertex -12 -3.2909 -3.1
    endloop
  endfacet
  facet normal -1 -0 0
    outer loop
      vertex -12 -2.15773 -5.4292
      vertex -12 -3.72698 -5.74134
      vertex -12 -2.18118 -5.28716
    endloop
  endfacet
  facet normal -1 0 0
    outer loop
      vertex -12 -2.03253 -4.1581
      vertex -12 -3.51074 -3.5458
      vertex -12 -3.40812 -3.3193
    endloop
  endfacet
  facet normal -1 0 0
    outer loop
      vertex -12 -3.76749 -5.496
      vertex -12 -2.18118 -5.28716
      vertex -12 -3.72698 -5.74134
    endloop
  endfacet
  facet normal -1 0 0
    outer loop
      vertex -12 -2.08325 -4.29283
      vertex -12 -3.59833 -3.77853
      vertex -12 -3.51074 -3.5458
    endloop
  endfacet
  facet normal -1 -0 0
    outer loop
      vertex -12 -2.18118 -5.28716
      vertex -12 -3.76749 -5.496
      vertex -12 -2.19529 -5.14389
    endloop
  endfacet
  facet normal -1 0 0
    outer loop
      vertex -12 -2.12504 -4.4306
      vertex -12 -3.67052 -4.01649
      vertex -12 -3.59833 -3.77853
    endloop
  endfacet
  facet normal -1 0 0
    outer loop
      vertex -12 -3.79186 -5.24853
      vertex -12 -2.19529 -5.14389
      vertex -12 -3.76749 -5.496
    endloop
  endfacet
  facet normal -1 0 0
    outer loop
      vertex -12 -2.15773 -4.5708
      vertex -12 -3.72698 -4.25866
      vertex -12 -3.67052 -4.01649
    endloop
  endfacet
  facet normal -1 -0 0
    outer loop
      vertex -12 -2.19529 -5.14389
      vertex -12 -3.79186 -5.24853
      vertex -12 -2.2 -5
    endloop
  endfacet
  facet normal -1 0 0
    outer loop
      vertex -12 -2.18118 -4.71284
      vertex -12 -3.76749 -4.504
      vertex -12 -3.72698 -4.25866
    endloop
  endfacet
  facet normal -1 0 0
    outer loop
      vertex -12 -3.8 -5
      vertex -12 -2.2 -5
      vertex -12 -3.79186 -5.24853
    endloop
  endfacet
  facet normal -1 0 0
    outer loop
      vertex -12 -2.19529 -4.85611
      vertex -12 -3.79186 -4.75147
      vertex -12 -3.76749 -4.504
    endloop
  endfacet
  facet normal -1 0 0
    outer loop
      vertex -12 -2.2 -5
      vertex -12 -3.8 -5
      vertex -12 -3.79186 -4.75147
    endloop
  endfacet
  facet normal 0 0.995186 -0.0980025
    outer loop
      vertex -12 -3.79186 -4.75147
      vertex -16 -3.76749 -4.504
      vertex -12 -3.76749 -4.504
    endloop
  endfacet
  facet normal 0 0.995186 -0.0980025
    outer loop
      vertex -16 -3.76749 -4.504
      vertex -12 -3.79186 -4.75147
      vertex -16 -3.79186 -4.75147
    endloop
  endfacet
  facet normal 0 0.812841 -0.582485
    outer loop
      vertex -12 -3.15958 -2.88883
      vertex -16 -3.01474 -2.68671
      vertex -12 -3.01474 -2.68671
    endloop
  endfacet
  facet normal 0 0.812841 -0.582485
    outer loop
      vertex -16 -3.01474 -2.68671
      vertex -12 -3.15958 -2.88883
      vertex -16 -3.15958 -2.88883
    endloop
  endfacet
  facet normal 0 0.582485 -0.812841
    outer loop
      vertex -16 -2.31329 -1.98526
      vertex -12 -2.11117 -1.84042
      vertex -12 -2.31329 -1.98526
    endloop
  endfacet
  facet normal 0 0.582485 -0.812841
    outer loop
      vertex -12 -2.11117 -1.84042
      vertex -16 -2.31329 -1.98526
      vertex -16 -2.11117 -1.84042
    endloop
  endfacet
  facet normal 0 0.634391 -0.773012
    outer loop
      vertex -16 -2.50551 -2.14301
      vertex -12 -2.31329 -1.98526
      vertex -12 -2.50551 -2.14301
    endloop
  endfacet
  facet normal 0 0.634391 -0.773012
    outer loop
      vertex -12 -2.31329 -1.98526
      vertex -16 -2.50551 -2.14301
      vertex -16 -2.31329 -1.98526
    endloop
  endfacet
  facet normal 0 0.910873 -0.412688
    outer loop
      vertex -12 -3.51074 -3.5458
      vertex -16 -3.40812 -3.3193
      vertex -12 -3.40812 -3.3193
    endloop
  endfacet
  facet normal 0 0.910873 -0.412688
    outer loop
      vertex -16 -3.40812 -3.3193
      vertex -12 -3.51074 -3.5458
      vertex -16 -3.51074 -3.5458
    endloop
  endfacet
  facet normal 0 0.881918 -0.471402
    outer loop
      vertex -12 -3.40812 -3.3193
      vertex -16 -3.2909 -3.1
      vertex -12 -3.2909 -3.1
    endloop
  endfacet
  facet normal 0 0.881918 -0.471402
    outer loop
      vertex -16 -3.2909 -3.1
      vertex -12 -3.40812 -3.3193
      vertex -16 -3.40812 -3.3193
    endloop
  endfacet
endsolid OpenSCAD_Model
