solid OpenSCAD_Model
  facet normal -0.857255 0.514892 0
    outer loop
      vertex 11.9986 -1.74873 5.5
      vertex 12.0579 -1.65 19.5
      vertex 12.0579 -1.65 5.5
    endloop
  endfacet
  facet normal -0.857255 0.514892 0
    outer loop
      vertex 12.0579 -1.65 19.5
      vertex 11.9986 -1.74873 5.5
      vertex 11.9986 -1.74873 19.5
    endloop
  endfacet
  facet normal -0.224948 0.974371 0
    outer loop
      vertex 9.99834 -3.20198 5.5
      vertex 9.88611 -3.22789 19.5
      vertex 9.99834 -3.20198 19.5
    endloop
  endfacet
  facet normal -0.224948 0.974371 0
    outer loop
      vertex 9.88611 -3.22789 19.5
      vertex 9.99834 -3.20198 5.5
      vertex 9.88611 -3.22789 5.5
    endloop
  endfacet
  facet normal -0.998642 0.0520904 0
    outer loop
      vertex 12.492 -0.230196 10.8
      vertex 12.498 -0.115168 19.5
      vertex 12.498 -0.115168 10.8
    endloop
  endfacet
  facet normal -0.998642 0.0520904 0
    outer loop
      vertex 12.498 -0.115168 19.5
      vertex 12.492 -0.230196 10.8
      vertex 12.492 -0.230196 19.5
    endloop
  endfacet
  facet normal -0.998642 0.0520904 0
    outer loop
      vertex 12.492 -0.230196 5.5
      vertex 12.498 -0.115168 8.2
      vertex 12.498 -0.115168 5.5
    endloop
  endfacet
  facet normal -0.998642 0.0520904 0
    outer loop
      vertex 12.498 -0.115168 8.2
      vertex 12.492 -0.230196 5.5
      vertex 12.492 -0.230196 8.2
    endloop
  endfacet
  facet normal 0.358391 0.933571 -0
    outer loop
      vertex 8.07133 -3.10099 5.5
      vertex 7.9638 -3.05971 19.5
      vertex 8.07133 -3.10099 19.5
    endloop
  endfacet
  facet normal 0.358391 0.933571 0
    outer loop
      vertex 7.9638 -3.05971 19.5
      vertex 8.07133 -3.10099 5.5
      vertex 7.9638 -3.05971 5.5
    endloop
  endfacet
  facet normal 0.0174498 0.999848 -0
    outer loop
      vertex 9.2 -3.3 5.5
      vertex 9.08483 -3.29799 19.5
      vertex 9.2 -3.3 19.5
    endloop
  endfacet
  facet normal 0.0174498 0.999848 0
    outer loop
      vertex 9.08483 -3.29799 19.5
      vertex 9.2 -3.3 5.5
      vertex 9.08483 -3.29799 5.5
    endloop
  endfacet
  facet normal 0.0523492 0.998629 -0
    outer loop
      vertex 9.08483 -3.29799 5.5
      vertex 8.9698 -3.29196 19.5
      vertex 9.08483 -3.29799 19.5
    endloop
  endfacet
  facet normal 0.0523492 0.998629 0
    outer loop
      vertex 8.9698 -3.29196 19.5
      vertex 9.08483 -3.29799 5.5
      vertex 8.9698 -3.29196 5.5
    endloop
  endfacet
  facet normal 0.754697 0.656073 0
    outer loop
      vertex 6.74762 -2.20813 19.5
      vertex 6.67205 -2.1212 5.5
      vertex 6.67205 -2.1212 19.5
    endloop
  endfacet
  facet normal 0.754697 0.656073 0
    outer loop
      vertex 6.67205 -2.1212 5.5
      vertex 6.74762 -2.20813 19.5
      vertex 6.74762 -2.20813 5.5
    endloop
  endfacet
  facet normal 0.906301 0.422634 0
    outer loop
      vertex 6.23398 -1.44662 19.5
      vertex 6.1853 -1.34223 5.5
      vertex 6.1853 -1.34223 19.5
    endloop
  endfacet
  facet normal 0.906301 0.422634 0
    outer loop
      vertex 6.1853 -1.34223 5.5
      vertex 6.23398 -1.44662 19.5
      vertex 6.23398 -1.44662 5.5
    endloop
  endfacet
  facet normal 0.996194 0.0871638 0
    outer loop
      vertex 5.91808 -0.344943 19.5
      vertex 5.90804 -0.230196 5.5
      vertex 5.90804 -0.230196 19.5
    endloop
  endfacet
  facet normal 0.996194 0.0871638 0
    outer loop
      vertex 5.90804 -0.230196 5.5
      vertex 5.91808 -0.344943 19.5
      vertex 5.91808 -0.344943 5.5
    endloop
  endfacet
  facet normal -0.0523492 0.998629 0
    outer loop
      vertex 9.4302 -3.29196 5.5
      vertex 9.31517 -3.29799 19.5
      vertex 9.4302 -3.29196 19.5
    endloop
  endfacet
  facet normal -0.0523492 0.998629 0
    outer loop
      vertex 9.31517 -3.29799 19.5
      vertex 9.4302 -3.29196 5.5
      vertex 9.31517 -3.29799 5.5
    endloop
  endfacet
  facet normal -0.325589 0.945511 0
    outer loop
      vertex 10.3287 -3.10099 5.5
      vertex 10.2198 -3.13849 19.5
      vertex 10.3287 -3.10099 19.5
    endloop
  endfacet
  facet normal -0.325589 0.945511 0
    outer loop
      vertex 10.2198 -3.13849 19.5
      vertex 10.3287 -3.10099 5.5
      vertex 10.2198 -3.13849 5.5
    endloop
  endfacet
  facet normal -0.390846 0.920456 0
    outer loop
      vertex 10.5422 -3.0147 5.5
      vertex 10.4362 -3.05971 19.5
      vertex 10.5422 -3.0147 19.5
    endloop
  endfacet
  facet normal -0.390846 0.920456 0
    outer loop
      vertex 10.4362 -3.05971 19.5
      vertex 10.5422 -3.0147 5.5
      vertex 10.4362 -3.05971 5.5
    endloop
  endfacet
  facet normal -0.601776 0.798665 0
    outer loop
      vertex 11.2317 -2.60044 5.5
      vertex 11.1397 -2.66976 19.5
      vertex 11.2317 -2.60044 19.5
    endloop
  endfacet
  facet normal -0.601776 0.798665 0
    outer loop
      vertex 11.1397 -2.66976 19.5
      vertex 11.2317 -2.60044 5.5
      vertex 11.1397 -2.66976 5.5
    endloop
  endfacet
  facet normal -0.515134 0.85711 0
    outer loop
      vertex 10.9487 -2.79856 5.5
      vertex 10.85 -2.85788 19.5
      vertex 10.9487 -2.79856 19.5
    endloop
  endfacet
  facet normal -0.515134 0.85711 0
    outer loop
      vertex 10.85 -2.85788 19.5
      vertex 10.9487 -2.79856 5.5
      vertex 10.85 -2.85788 5.5
    endloop
  endfacet
  facet normal -0.754998 0.655727 0
    outer loop
      vertex 11.6524 -2.20813 5.5
      vertex 11.7279 -2.1212 19.5
      vertex 11.7279 -2.1212 5.5
    endloop
  endfacet
  facet normal -0.754998 0.655727 0
    outer loop
      vertex 11.7279 -2.1212 19.5
      vertex 11.6524 -2.20813 5.5
      vertex 11.6524 -2.20813 19.5
    endloop
  endfacet
  facet normal -0.798299 0.602261 0
    outer loop
      vertex 11.8004 -2.03168 5.5
      vertex 11.8698 -1.93969 19.5
      vertex 11.8698 -1.93969 5.5
    endloop
  endfacet
  facet normal -0.798299 0.602261 0
    outer loop
      vertex 11.8698 -1.93969 19.5
      vertex 11.8004 -2.03168 5.5
      vertex 11.8004 -2.03168 19.5
    endloop
  endfacet
  facet normal -0.933513 0.358543 0
    outer loop
      vertex 12.2597 -1.2362 5.5
      vertex 12.301 -1.12867 19.5
      vertex 12.301 -1.12867 5.5
    endloop
  endfacet
  facet normal -0.933513 0.358543 0
    outer loop
      vertex 12.301 -1.12867 19.5
      vertex 12.2597 -1.2362 5.5
      vertex 12.2597 -1.2362 19.5
    endloop
  endfacet
  facet normal -0.987714 0.156273 0
    outer loop
      vertex 12.4499 -0.573038 10.8
      vertex 12.4679 -0.45927 19.5
      vertex 12.4679 -0.45927 10.8
    endloop
  endfacet
  facet normal -0.987714 0.156273 0
    outer loop
      vertex 12.4679 -0.45927 19.5
      vertex 12.4499 -0.573038 10.8
      vertex 12.4499 -0.573038 19.5
    endloop
  endfacet
  facet normal -0.987714 0.156273 0
    outer loop
      vertex 12.4499 -0.573038 5.5
      vertex 12.4679 -0.45927 8.2
      vertex 12.4679 -0.45927 5.5
    endloop
  endfacet
  facet normal -0.987714 0.156273 0
    outer loop
      vertex 12.4679 -0.45927 8.2
      vertex 12.4499 -0.573038 5.5
      vertex 12.4499 -0.573038 8.2
    endloop
  endfacet
  facet normal -0.996149 0.0876807 0
    outer loop
      vertex 12.4819 -0.344943 10.8
      vertex 12.492 -0.230196 19.5
      vertex 12.492 -0.230196 10.8
    endloop
  endfacet
  facet normal -0.996149 0.0876807 0
    outer loop
      vertex 12.492 -0.230196 19.5
      vertex 12.4819 -0.344943 10.8
      vertex 12.4819 -0.344943 19.5
    endloop
  endfacet
  facet normal -0.996149 0.0876807 0
    outer loop
      vertex 12.4819 -0.344943 5.5
      vertex 12.492 -0.230196 8.2
      vertex 12.492 -0.230196 5.5
    endloop
  endfacet
  facet normal -0.996149 0.0876807 0
    outer loop
      vertex 12.492 -0.230196 8.2
      vertex 12.4819 -0.344943 5.5
      vertex 12.4819 -0.344943 8.2
    endloop
  endfacet
  facet normal -0.965953 0.258719 0
    outer loop
      vertex 12.3722 -0.909603 5.5
      vertex 12.402 -0.798342 8.2
      vertex 12.402 -0.798342 5.5
    endloop
  endfacet
  facet normal -0.965953 0.258719 0
    outer loop
      vertex 12.402 -0.798342 8.2
      vertex 12.3722 -0.909603 5.5
      vertex 12.3722 -0.909603 8.2
    endloop
  endfacet
  facet normal -0.965953 0.258719 0
    outer loop
      vertex 12.3722 -0.909603 10.8
      vertex 12.402 -0.798342 19.5
      vertex 12.402 -0.798342 10.8
    endloop
  endfacet
  facet normal -0.965953 0.258719 0
    outer loop
      vertex 12.402 -0.798342 19.5
      vertex 12.3722 -0.909603 10.8
      vertex 12.3722 -0.909603 19.5
    endloop
  endfacet
  facet normal 0.682021 0.731332 -0
    outer loop
      vertex 6.99187 -2.45238 5.5
      vertex 6.90763 -2.37382 19.5
      vertex 6.99187 -2.45238 19.5
    endloop
  endfacet
  facet normal 0.682021 0.731332 0
    outer loop
      vertex 6.90763 -2.37382 19.5
      vertex 6.99187 -2.45238 5.5
      vertex 6.90763 -2.37382 5.5
    endloop
  endfacet
  facet normal 0.390753 0.920496 -0
    outer loop
      vertex 7.9638 -3.05971 5.5
      vertex 7.85777 -3.0147 19.5
      vertex 7.9638 -3.05971 19.5
    endloop
  endfacet
  facet normal 0.390753 0.920496 0
    outer loop
      vertex 7.85777 -3.0147 19.5
      vertex 7.9638 -3.05971 5.5
      vertex 7.85777 -3.0147 5.5
    endloop
  endfacet
  facet normal 0.258884 0.965909 -0
    outer loop
      vertex 8.40166 -3.20198 5.5
      vertex 8.2904 -3.17216 19.5
      vertex 8.40166 -3.20198 19.5
    endloop
  endfacet
  facet normal 0.258884 0.965909 0
    outer loop
      vertex 8.2904 -3.17216 19.5
      vertex 8.40166 -3.20198 5.5
      vertex 8.2904 -3.17216 5.5
    endloop
  endfacet
  facet normal 0.156355 0.987701 -0
    outer loop
      vertex 8.74073 -3.26788 5.5
      vertex 8.62696 -3.24987 19.5
      vertex 8.74073 -3.26788 19.5
    endloop
  endfacet
  facet normal 0.156355 0.987701 0
    outer loop
      vertex 8.62696 -3.24987 19.5
      vertex 8.74073 -3.26788 5.5
      vertex 8.62696 -3.24987 5.5
    endloop
  endfacet
  facet normal 0.656073 0.754697 -0
    outer loop
      vertex 7.0788 -2.52795 5.5
      vertex 6.99187 -2.45238 19.5
      vertex 7.0788 -2.52795 19.5
    endloop
  endfacet
  facet normal 0.656073 0.754697 0
    outer loop
      vertex 6.99187 -2.45238 19.5
      vertex 7.0788 -2.52795 5.5
      vertex 6.99187 -2.45238 5.5
    endloop
  endfacet
  facet normal 0.707107 0.707107 0
    outer loop
      vertex 6.90763 -2.37382 19.5
      vertex 6.82618 -2.29237 5.5
      vertex 6.82618 -2.29237 19.5
    endloop
  endfacet
  facet normal 0.707107 0.707107 0
    outer loop
      vertex 6.82618 -2.29237 5.5
      vertex 6.90763 -2.37382 19.5
      vertex 6.90763 -2.37382 5.5
    endloop
  endfacet
  facet normal 0.857179 0.515019 0
    outer loop
      vertex 6.40144 -1.74873 19.5
      vertex 6.34212 -1.65 5.5
      vertex 6.34212 -1.65 19.5
    endloop
  endfacet
  facet normal 0.857179 0.515019 0
    outer loop
      vertex 6.34212 -1.65 5.5
      vertex 6.40144 -1.74873 19.5
      vertex 6.40144 -1.74873 5.5
    endloop
  endfacet
  facet normal 0.992554 0.121804 0
    outer loop
      vertex 5.93211 -0.45927 19.5
      vertex 5.91808 -0.344943 5.5
      vertex 5.91808 -0.344943 19.5
    endloop
  endfacet
  facet normal 0.992554 0.121804 0
    outer loop
      vertex 5.91808 -0.344943 5.5
      vertex 5.93211 -0.45927 19.5
      vertex 5.93211 -0.45927 5.5
    endloop
  endfacet
  facet normal 0.981625 0.190821 0
    outer loop
      vertex 5.97211 -0.686108 19.5
      vertex 5.95013 -0.573038 5.5
      vertex 5.95013 -0.573038 19.5
    endloop
  endfacet
  facet normal 0.981625 0.190821 0
    outer loop
      vertex 5.95013 -0.573038 5.5
      vertex 5.97211 -0.686108 19.5
      vertex 5.97211 -0.686108 5.5
    endloop
  endfacet
  facet normal 0.920496 0.390753 0
    outer loop
      vertex 6.1853 -1.34223 19.5
      vertex 6.14029 -1.2362 5.5
      vertex 6.14029 -1.2362 19.5
    endloop
  endfacet
  facet normal 0.920496 0.390753 0
    outer loop
      vertex 6.14029 -1.2362 5.5
      vertex 6.1853 -1.34223 19.5
      vertex 6.1853 -1.34223 5.5
    endloop
  endfacet
  facet normal -0.0174498 0.999848 0
    outer loop
      vertex 9.31517 -3.29799 5.5
      vertex 9.2 -3.3 19.5
      vertex 9.31517 -3.29799 19.5
    endloop
  endfacet
  facet normal -0.0174498 0.999848 0
    outer loop
      vertex 9.2 -3.3 19.5
      vertex 9.31517 -3.29799 5.5
      vertex 9.2 -3.3 5.5
    endloop
  endfacet
  facet normal -0.190821 0.981625 0
    outer loop
      vertex 9.88611 -3.22789 5.5
      vertex 9.77304 -3.24987 19.5
      vertex 9.88611 -3.22789 19.5
    endloop
  endfacet
  facet normal -0.190821 0.981625 0
    outer loop
      vertex 9.77304 -3.24987 19.5
      vertex 9.88611 -3.22789 5.5
      vertex 9.77304 -3.24987 5.5
    endloop
  endfacet
  facet normal -0.0871691 0.996194 0
    outer loop
      vertex 9.54494 -3.28192 5.5
      vertex 9.4302 -3.29196 19.5
      vertex 9.54494 -3.28192 19.5
    endloop
  endfacet
  facet normal -0.0871691 0.996194 0
    outer loop
      vertex 9.4302 -3.29196 19.5
      vertex 9.54494 -3.28192 5.5
      vertex 9.4302 -3.29196 5.5
    endloop
  endfacet
  facet normal -0.258884 0.965909 0
    outer loop
      vertex 10.1096 -3.17216 5.5
      vertex 9.99834 -3.20198 19.5
      vertex 10.1096 -3.17216 19.5
    endloop
  endfacet
  facet normal -0.258884 0.965909 0
    outer loop
      vertex 9.99834 -3.20198 19.5
      vertex 10.1096 -3.17216 5.5
      vertex 9.99834 -3.20198 5.5
    endloop
  endfacet
  facet normal -0.358479 0.933538 0
    outer loop
      vertex 10.4362 -3.05971 5.5
      vertex 10.3287 -3.10099 19.5
      vertex 10.4362 -3.05971 19.5
    endloop
  endfacet
  facet normal -0.358479 0.933538 0
    outer loop
      vertex 10.3287 -3.10099 19.5
      vertex 10.4362 -3.05971 5.5
      vertex 10.3287 -3.10099 5.5
    endloop
  endfacet
  facet normal -0.707324 0.70689 0
    outer loop
      vertex 11.4924 -2.37382 5.5
      vertex 11.5738 -2.29237 19.5
      vertex 11.5738 -2.29237 5.5
    endloop
  endfacet
  facet normal -0.707324 0.70689 0
    outer loop
      vertex 11.5738 -2.29237 19.5
      vertex 11.4924 -2.37382 5.5
      vertex 11.4924 -2.37382 19.5
    endloop
  endfacet
  facet normal -0.656202 0.754585 0
    outer loop
      vertex 11.4081 -2.45238 5.5
      vertex 11.3212 -2.52795 19.5
      vertex 11.4081 -2.45238 19.5
    endloop
  endfacet
  facet normal -0.656202 0.754585 0
    outer loop
      vertex 11.3212 -2.52795 19.5
      vertex 11.4081 -2.45238 5.5
      vertex 11.3212 -2.52795 5.5
    endloop
  endfacet
  facet normal -0.681761 0.731575 0
    outer loop
      vertex 11.4924 -2.37382 5.5
      vertex 11.4081 -2.45238 19.5
      vertex 11.4924 -2.37382 19.5
    endloop
  endfacet
  facet normal -0.681761 0.731575 0
    outer loop
      vertex 11.4081 -2.45238 19.5
      vertex 11.4924 -2.37382 5.5
      vertex 11.4081 -2.45238 5.5
    endloop
  endfacet
  facet normal -0.629396 0.777085 0
    outer loop
      vertex 11.3212 -2.52795 5.5
      vertex 11.2317 -2.60044 19.5
      vertex 11.3212 -2.52795 19.5
    endloop
  endfacet
  facet normal -0.629396 0.777085 0
    outer loop
      vertex 11.2317 -2.60044 19.5
      vertex 11.3212 -2.52795 5.5
      vertex 11.2317 -2.60044 5.5
    endloop
  endfacet
  facet normal -0.4226 0.906316 0
    outer loop
      vertex 10.6466 -2.96602 5.5
      vertex 10.5422 -3.0147 19.5
      vertex 10.6466 -2.96602 19.5
    endloop
  endfacet
  facet normal -0.4226 0.906316 0
    outer loop
      vertex 10.5422 -3.0147 19.5
      vertex 10.6466 -2.96602 5.5
      vertex 10.5422 -3.0147 5.5
    endloop
  endfacet
  facet normal -0.485016 0.874505 0
    outer loop
      vertex 10.85 -2.85788 5.5
      vertex 10.7493 -2.91373 19.5
      vertex 10.85 -2.85788 19.5
    endloop
  endfacet
  facet normal -0.485016 0.874505 0
    outer loop
      vertex 10.7493 -2.91373 19.5
      vertex 10.85 -2.85788 5.5
      vertex 10.7493 -2.91373 5.5
    endloop
  endfacet
  facet normal -0.453727 0.891141 0
    outer loop
      vertex 10.7493 -2.91373 5.5
      vertex 10.6466 -2.96602 19.5
      vertex 10.7493 -2.91373 19.5
    endloop
  endfacet
  facet normal -0.453727 0.891141 0
    outer loop
      vertex 10.6466 -2.96602 19.5
      vertex 10.7493 -2.91373 5.5
      vertex 10.6466 -2.96602 5.5
    endloop
  endfacet
  facet normal -0.544683 0.838642 0
    outer loop
      vertex 11.0453 -2.73582 5.5
      vertex 10.9487 -2.79856 19.5
      vertex 11.0453 -2.73582 19.5
    endloop
  endfacet
  facet normal -0.544683 0.838642 0
    outer loop
      vertex 10.9487 -2.79856 19.5
      vertex 11.0453 -2.73582 5.5
      vertex 10.9487 -2.79856 5.5
    endloop
  endfacet
  facet normal -0.573346 0.819313 0
    outer loop
      vertex 11.1397 -2.66976 5.5
      vertex 11.0453 -2.73582 19.5
      vertex 11.1397 -2.66976 19.5
    endloop
  endfacet
  facet normal -0.573346 0.819313 0
    outer loop
      vertex 11.0453 -2.73582 19.5
      vertex 11.1397 -2.66976 5.5
      vertex 11.0453 -2.73582 5.5
    endloop
  endfacet
  facet normal -0.731159 0.682207 0
    outer loop
      vertex 11.5738 -2.29237 5.5
      vertex 11.6524 -2.20813 19.5
      vertex 11.6524 -2.20813 5.5
    endloop
  endfacet
  facet normal -0.731159 0.682207 0
    outer loop
      vertex 11.6524 -2.20813 19.5
      vertex 11.5738 -2.29237 5.5
      vertex 11.5738 -2.29237 19.5
    endloop
  endfacet
  facet normal -0.777111 0.629363 0
    outer loop
      vertex 11.7279 -2.1212 5.5
      vertex 11.8004 -2.03168 19.5
      vertex 11.8004 -2.03168 5.5
    endloop
  endfacet
  facet normal -0.777111 0.629363 0
    outer loop
      vertex 11.8004 -2.03168 19.5
      vertex 11.7279 -2.1212 5.5
      vertex 11.7279 -2.1212 19.5
    endloop
  endfacet
  facet normal -0.874771 0.484537 0
    outer loop
      vertex 12.0579 -1.65 5.5
      vertex 12.1137 -1.54926 19.5
      vertex 12.1137 -1.54926 5.5
    endloop
  endfacet
  facet normal -0.874771 0.484537 0
    outer loop
      vertex 12.1137 -1.54926 19.5
      vertex 12.0579 -1.65 5.5
      vertex 12.0579 -1.65 19.5
    endloop
  endfacet
  facet normal -0.920527 0.390679 0
    outer loop
      vertex 12.2147 -1.34223 5.5
      vertex 12.2597 -1.2362 19.5
      vertex 12.2597 -1.2362 5.5
    endloop
  endfacet
  facet normal -0.920527 0.390679 0
    outer loop
      vertex 12.2597 -1.2362 19.5
      vertex 12.2147 -1.34223 5.5
      vertex 12.2147 -1.34223 19.5
    endloop
  endfacet
  facet normal -0.890998 0.454006 0
    outer loop
      vertex 12.1137 -1.54926 5.5
      vertex 12.166 -1.44662 19.5
      vertex 12.166 -1.44662 5.5
    endloop
  endfacet
  facet normal -0.890998 0.454006 0
    outer loop
      vertex 12.166 -1.44662 19.5
      vertex 12.1137 -1.54926 5.5
      vertex 12.1137 -1.54926 19.5
    endloop
  endfacet
  facet normal -0.906234 0.422776 0
    outer loop
      vertex 12.166 -1.44662 5.5
      vertex 12.2147 -1.34223 19.5
      vertex 12.2147 -1.34223 5.5
    endloop
  endfacet
  facet normal -0.906234 0.422776 0
    outer loop
      vertex 12.2147 -1.34223 19.5
      vertex 12.166 -1.44662 5.5
      vertex 12.166 -1.44662 19.5
    endloop
  endfacet
  facet normal -0.945623 0.325264 0
    outer loop
      vertex 12.3385 -1.01976 5.5
      vertex 12.3109 -1.1 8.2
      vertex 12.3385 -1.01976 8.2
    endloop
  endfacet
  facet normal -0.945233 0.326397 0
    outer loop
      vertex 12.3109 -1.1 8.2
      vertex 12.301 -1.12867 5.5
      vertex 12.3109 -1.1 10.8
    endloop
  endfacet
  facet normal -0.945521 0.325563 9.91639e-06
    outer loop
      vertex 12.301 -1.12867 5.5
      vertex 12.3109 -1.1 8.2
      vertex 12.3385 -1.01976 5.5
    endloop
  endfacet
  facet normal -0.945623 0.325264 0
    outer loop
      vertex 12.3109 -1.1 10.8
      vertex 12.3385 -1.01976 19.5
      vertex 12.3385 -1.01976 10.8
    endloop
  endfacet
  facet normal -0.945521 0.325563 -3.0775e-06
    outer loop
      vertex 12.3109 -1.1 10.8
      vertex 12.301 -1.12867 19.5
      vertex 12.3385 -1.01976 19.5
    endloop
  endfacet
  facet normal -0.945233 0.326397 0
    outer loop
      vertex 12.301 -1.12867 19.5
      vertex 12.3109 -1.1 10.8
      vertex 12.301 -1.12867 5.5
    endloop
  endfacet
  facet normal -0.981592 0.190988 0
    outer loop
      vertex 12.4279 -0.686108 10.8
      vertex 12.4499 -0.573038 19.5
      vertex 12.4499 -0.573038 10.8
    endloop
  endfacet
  facet normal -0.981592 0.190988 0
    outer loop
      vertex 12.4499 -0.573038 19.5
      vertex 12.4279 -0.686108 10.8
      vertex 12.4279 -0.686108 19.5
    endloop
  endfacet
  facet normal -0.981592 0.190988 0
    outer loop
      vertex 12.4279 -0.686108 5.5
      vertex 12.4499 -0.573038 8.2
      vertex 12.4499 -0.573038 5.5
    endloop
  endfacet
  facet normal -0.981592 0.190988 0
    outer loop
      vertex 12.4499 -0.573038 8.2
      vertex 12.4279 -0.686108 5.5
      vertex 12.4279 -0.686108 8.2
    endloop
  endfacet
  facet normal -0.974391 0.224858 0
    outer loop
      vertex 12.402 -0.798342 5.5
      vertex 12.4279 -0.686108 8.2
      vertex 12.4279 -0.686108 5.5
    endloop
  endfacet
  facet normal -0.974391 0.224858 0
    outer loop
      vertex 12.4279 -0.686108 8.2
      vertex 12.402 -0.798342 5.5
      vertex 12.402 -0.798342 8.2
    endloop
  endfacet
  facet normal -0.974391 0.224858 0
    outer loop
      vertex 12.402 -0.798342 10.8
      vertex 12.4279 -0.686108 19.5
      vertex 12.4279 -0.686108 10.8
    endloop
  endfacet
  facet normal -0.974391 0.224858 0
    outer loop
      vertex 12.4279 -0.686108 19.5
      vertex 12.402 -0.798342 10.8
      vertex 12.402 -0.798342 19.5
    endloop
  endfacet
  facet normal 0.325563 0.945521 -0
    outer loop
      vertex 8.18024 -3.13849 5.5
      vertex 8.07133 -3.10099 19.5
      vertex 8.18024 -3.13849 19.5
    endloop
  endfacet
  facet normal 0.325563 0.945521 0
    outer loop
      vertex 8.07133 -3.10099 19.5
      vertex 8.18024 -3.13849 5.5
      vertex 8.07133 -3.10099 5.5
    endloop
  endfacet
  facet normal 0.190821 0.981625 -0
    outer loop
      vertex 8.62696 -3.24987 5.5
      vertex 8.51389 -3.22789 19.5
      vertex 8.62696 -3.24987 19.5
    endloop
  endfacet
  facet normal 0.190821 0.981625 0
    outer loop
      vertex 8.51389 -3.22789 19.5
      vertex 8.62696 -3.24987 5.5
      vertex 8.51389 -3.22789 5.5
    endloop
  endfacet
  facet normal 0.224948 0.974371 -0
    outer loop
      vertex 8.51389 -3.22789 5.5
      vertex 8.40166 -3.20198 19.5
      vertex 8.51389 -3.22789 19.5
    endloop
  endfacet
  facet normal 0.224948 0.974371 0
    outer loop
      vertex 8.40166 -3.20198 19.5
      vertex 8.51389 -3.22789 5.5
      vertex 8.40166 -3.20198 5.5
    endloop
  endfacet
  facet normal 0.121887 0.992544 -0
    outer loop
      vertex 8.85506 -3.28192 5.5
      vertex 8.74073 -3.26788 19.5
      vertex 8.85506 -3.28192 19.5
    endloop
  endfacet
  facet normal 0.121887 0.992544 0
    outer loop
      vertex 8.74073 -3.26788 19.5
      vertex 8.85506 -3.28192 5.5
      vertex 8.74073 -3.26788 5.5
    endloop
  endfacet
  facet normal 0.484869 0.874587 -0
    outer loop
      vertex 7.65074 -2.91373 5.5
      vertex 7.55 -2.85788 19.5
      vertex 7.65074 -2.91373 19.5
    endloop
  endfacet
  facet normal 0.484869 0.874587 0
    outer loop
      vertex 7.55 -2.85788 19.5
      vertex 7.65074 -2.91373 5.5
      vertex 7.55 -2.85788 5.5
    endloop
  endfacet
  facet normal 0.544644 0.838668 -0
    outer loop
      vertex 7.45127 -2.79856 5.5
      vertex 7.35466 -2.73582 19.5
      vertex 7.45127 -2.79856 19.5
    endloop
  endfacet
  facet normal 0.544644 0.838668 0
    outer loop
      vertex 7.35466 -2.73582 19.5
      vertex 7.45127 -2.79856 5.5
      vertex 7.35466 -2.73582 5.5
    endloop
  endfacet
  facet normal 0.515019 0.857179 -0
    outer loop
      vertex 7.55 -2.85788 5.5
      vertex 7.45127 -2.79856 19.5
      vertex 7.55 -2.85788 19.5
    endloop
  endfacet
  facet normal 0.515019 0.857179 0
    outer loop
      vertex 7.45127 -2.79856 19.5
      vertex 7.55 -2.85788 5.5
      vertex 7.45127 -2.79856 5.5
    endloop
  endfacet
  facet normal 0.422634 0.906301 -0
    outer loop
      vertex 7.85777 -3.0147 5.5
      vertex 7.75338 -2.96602 19.5
      vertex 7.85777 -3.0147 19.5
    endloop
  endfacet
  facet normal 0.422634 0.906301 0
    outer loop
      vertex 7.75338 -2.96602 19.5
      vertex 7.85777 -3.0147 5.5
      vertex 7.75338 -2.96602 5.5
    endloop
  endfacet
  facet normal 0.453937 0.891034 -0
    outer loop
      vertex 7.75338 -2.96602 5.5
      vertex 7.65074 -2.91373 19.5
      vertex 7.75338 -2.96602 19.5
    endloop
  endfacet
  facet normal 0.453937 0.891034 0
    outer loop
      vertex 7.65074 -2.91373 19.5
      vertex 7.75338 -2.96602 5.5
      vertex 7.65074 -2.91373 5.5
    endloop
  endfacet
  facet normal 0.601818 0.798633 -0
    outer loop
      vertex 7.26031 -2.66976 5.5
      vertex 7.16832 -2.60044 19.5
      vertex 7.26031 -2.66976 19.5
    endloop
  endfacet
  facet normal 0.601818 0.798633 0
    outer loop
      vertex 7.16832 -2.60044 19.5
      vertex 7.26031 -2.66976 5.5
      vertex 7.16832 -2.60044 5.5
    endloop
  endfacet
  facet normal 0.57355 0.819171 -0
    outer loop
      vertex 7.35466 -2.73582 5.5
      vertex 7.26031 -2.66976 19.5
      vertex 7.35466 -2.73582 19.5
    endloop
  endfacet
  facet normal 0.57355 0.819171 0
    outer loop
      vertex 7.26031 -2.66976 19.5
      vertex 7.35466 -2.73582 5.5
      vertex 7.26031 -2.66976 5.5
    endloop
  endfacet
  facet normal 0.629311 0.777154 -0
    outer loop
      vertex 7.16832 -2.60044 5.5
      vertex 7.0788 -2.52795 19.5
      vertex 7.16832 -2.60044 19.5
    endloop
  endfacet
  facet normal 0.629311 0.777154 0
    outer loop
      vertex 7.0788 -2.52795 19.5
      vertex 7.16832 -2.60044 5.5
      vertex 7.0788 -2.52795 5.5
    endloop
  endfacet
  facet normal 0.777154 0.629311 0
    outer loop
      vertex 6.67205 -2.1212 19.5
      vertex 6.59956 -2.03168 5.5
      vertex 6.59956 -2.03168 19.5
    endloop
  endfacet
  facet normal 0.777154 0.629311 0
    outer loop
      vertex 6.59956 -2.03168 5.5
      vertex 6.67205 -2.1212 19.5
      vertex 6.67205 -2.1212 5.5
    endloop
  endfacet
  facet normal 0.819171 0.57355 0
    outer loop
      vertex 6.53024 -1.93969 19.5
      vertex 6.46418 -1.84534 5.5
      vertex 6.46418 -1.84534 19.5
    endloop
  endfacet
  facet normal 0.819171 0.57355 0
    outer loop
      vertex 6.46418 -1.84534 5.5
      vertex 6.53024 -1.93969 19.5
      vertex 6.53024 -1.93969 5.5
    endloop
  endfacet
  facet normal 0.731332 0.682021 0
    outer loop
      vertex 6.82618 -2.29237 19.5
      vertex 6.74762 -2.20813 5.5
      vertex 6.74762 -2.20813 19.5
    endloop
  endfacet
  facet normal 0.731332 0.682021 0
    outer loop
      vertex 6.74762 -2.20813 5.5
      vertex 6.82618 -2.29237 19.5
      vertex 6.82618 -2.29237 5.5
    endloop
  endfacet
  facet normal 0.798633 0.601818 0
    outer loop
      vertex 6.59956 -2.03168 19.5
      vertex 6.53024 -1.93969 5.5
      vertex 6.53024 -1.93969 19.5
    endloop
  endfacet
  facet normal 0.798633 0.601818 0
    outer loop
      vertex 6.53024 -1.93969 5.5
      vertex 6.59956 -2.03168 19.5
      vertex 6.59956 -2.03168 5.5
    endloop
  endfacet
  facet normal 0.838668 0.544644 0
    outer loop
      vertex 6.46418 -1.84534 19.5
      vertex 6.40144 -1.74873 5.5
      vertex 6.40144 -1.74873 19.5
    endloop
  endfacet
  facet normal 0.838668 0.544644 0
    outer loop
      vertex 6.40144 -1.74873 5.5
      vertex 6.46418 -1.84534 19.5
      vertex 6.46418 -1.84534 5.5
    endloop
  endfacet
  facet normal 0.891034 0.453937 0
    outer loop
      vertex 6.28627 -1.54926 19.5
      vertex 6.23398 -1.44662 5.5
      vertex 6.23398 -1.44662 19.5
    endloop
  endfacet
  facet normal 0.891034 0.453937 0
    outer loop
      vertex 6.23398 -1.44662 5.5
      vertex 6.28627 -1.54926 19.5
      vertex 6.28627 -1.54926 5.5
    endloop
  endfacet
  facet normal 0.874587 0.484869 0
    outer loop
      vertex 6.34212 -1.65 19.5
      vertex 6.28627 -1.54926 5.5
      vertex 6.28627 -1.54926 19.5
    endloop
  endfacet
  facet normal 0.874587 0.484869 0
    outer loop
      vertex 6.28627 -1.54926 5.5
      vertex 6.34212 -1.65 19.5
      vertex 6.34212 -1.65 5.5
    endloop
  endfacet
  facet normal 0.987687 0.156442 0
    outer loop
      vertex 5.95013 -0.573038 19.5
      vertex 5.93211 -0.45927 5.5
      vertex 5.93211 -0.45927 19.5
    endloop
  endfacet
  facet normal 0.987687 0.156442 0
    outer loop
      vertex 5.93211 -0.45927 5.5
      vertex 5.95013 -0.573038 19.5
      vertex 5.95013 -0.573038 5.5
    endloop
  endfacet
  facet normal 0.999848 0.0174501 0
    outer loop
      vertex 5.90201 -0.115168 19.5
      vertex 5.9 0 5.5
      vertex 5.9 0 19.5
    endloop
  endfacet
  facet normal 0.999848 0.0174501 0
    outer loop
      vertex 5.9 0 5.5
      vertex 5.90201 -0.115168 19.5
      vertex 5.90201 -0.115168 5.5
    endloop
  endfacet
  facet normal 0 0 1
    outer loop
      vertex 12.5 0 5.5
      vertex 12.492 -0.230196 5.5
      vertex 12.498 -0.115168 5.5
    endloop
  endfacet
  facet normal 0 0 1
    outer loop
      vertex 12.5 0 5.5
      vertex 12.4819 -0.344943 5.5
      vertex 12.492 -0.230196 5.5
    endloop
  endfacet
  facet normal 0 0 1
    outer loop
      vertex 12.5 0 5.5
      vertex 12.4679 -0.45927 5.5
      vertex 12.4819 -0.344943 5.5
    endloop
  endfacet
  facet normal 0 0 1
    outer loop
      vertex 12.5 0 5.5
      vertex 12.4499 -0.573038 5.5
      vertex 12.4679 -0.45927 5.5
    endloop
  endfacet
  facet normal 0 0 1
    outer loop
      vertex 12.5 0 5.5
      vertex 12.4279 -0.686108 5.5
      vertex 12.4499 -0.573038 5.5
    endloop
  endfacet
  facet normal 0 0 1
    outer loop
      vertex 12.5 0 5.5
      vertex 12.402 -0.798342 5.5
      vertex 12.4279 -0.686108 5.5
    endloop
  endfacet
  facet normal 0 0 1
    outer loop
      vertex 12.5 0 5.5
      vertex 12.3722 -0.909603 5.5
      vertex 12.402 -0.798342 5.5
    endloop
  endfacet
  facet normal 0 0 1
    outer loop
      vertex 12.5 0 5.5
      vertex 12.3385 -1.01976 5.5
      vertex 12.3722 -0.909603 5.5
    endloop
  endfacet
  facet normal 0 0 1
    outer loop
      vertex 12.5 0 5.5
      vertex 12.301 -1.12867 5.5
      vertex 12.3385 -1.01976 5.5
    endloop
  endfacet
  facet normal 0 0 1
    outer loop
      vertex 12.5 0 5.5
      vertex 12.2597 -1.2362 5.5
      vertex 12.301 -1.12867 5.5
    endloop
  endfacet
  facet normal 0 0 1
    outer loop
      vertex 12.5 0 5.5
      vertex 12.2147 -1.34223 5.5
      vertex 12.2597 -1.2362 5.5
    endloop
  endfacet
  facet normal 0 0 1
    outer loop
      vertex 12.5 0 5.5
      vertex 12.166 -1.44662 5.5
      vertex 12.2147 -1.34223 5.5
    endloop
  endfacet
  facet normal 0 0 1
    outer loop
      vertex 12.5 0 5.5
      vertex 12.1137 -1.54926 5.5
      vertex 12.166 -1.44662 5.5
    endloop
  endfacet
  facet normal 0 0 1
    outer loop
      vertex 12.5 0 5.5
      vertex 12.0579 -1.65 5.5
      vertex 12.1137 -1.54926 5.5
    endloop
  endfacet
  facet normal 0 0 1
    outer loop
      vertex 12.5 0 5.5
      vertex 11.9986 -1.74873 5.5
      vertex 12.0579 -1.65 5.5
    endloop
  endfacet
  facet normal 0 0 1
    outer loop
      vertex 12.5 0 5.5
      vertex 11.9358 -1.84534 5.5
      vertex 11.9986 -1.74873 5.5
    endloop
  endfacet
  facet normal 0 0 1
    outer loop
      vertex 12.5 0 5.5
      vertex 11.8698 -1.93969 5.5
      vertex 11.9358 -1.84534 5.5
    endloop
  endfacet
  facet normal 0 0 1
    outer loop
      vertex 12.5 0 5.5
      vertex 11.8004 -2.03168 5.5
      vertex 11.8698 -1.93969 5.5
    endloop
  endfacet
  facet normal 0 0 1
    outer loop
      vertex 12.5 0 5.5
      vertex 11.7279 -2.1212 5.5
      vertex 11.8004 -2.03168 5.5
    endloop
  endfacet
  facet normal 0 0 1
    outer loop
      vertex 12.5 0 5.5
      vertex 11.6524 -2.20813 5.5
      vertex 11.7279 -2.1212 5.5
    endloop
  endfacet
  facet normal 0 0 1
    outer loop
      vertex 12.5 0 5.5
      vertex 11.5738 -2.29237 5.5
      vertex 11.6524 -2.20813 5.5
    endloop
  endfacet
  facet normal 0 0 1
    outer loop
      vertex 12.5 0 5.5
      vertex 11.4924 -2.37382 5.5
      vertex 11.5738 -2.29237 5.5
    endloop
  endfacet
  facet normal 0 0 1
    outer loop
      vertex 12.5 0 5.5
      vertex 11.4081 -2.45238 5.5
      vertex 11.4924 -2.37382 5.5
    endloop
  endfacet
  facet normal 0 0 1
    outer loop
      vertex 12.5 0 5.5
      vertex 11.3212 -2.52795 5.5
      vertex 11.4081 -2.45238 5.5
    endloop
  endfacet
  facet normal 0 0 1
    outer loop
      vertex 12.5 0 5.5
      vertex 11.2317 -2.60044 5.5
      vertex 11.3212 -2.52795 5.5
    endloop
  endfacet
  facet normal 0 0 1
    outer loop
      vertex 12.5 0 5.5
      vertex 11.1397 -2.66976 5.5
      vertex 11.2317 -2.60044 5.5
    endloop
  endfacet
  facet normal 0 0 1
    outer loop
      vertex 12.5 0 5.5
      vertex 11.0453 -2.73582 5.5
      vertex 11.1397 -2.66976 5.5
    endloop
  endfacet
  facet normal 0 0 1
    outer loop
      vertex 12.5 0 5.5
      vertex 10.9487 -2.79856 5.5
      vertex 11.0453 -2.73582 5.5
    endloop
  endfacet
  facet normal 0 0 1
    outer loop
      vertex 12.5 0 5.5
      vertex 10.85 -2.85788 5.5
      vertex 10.9487 -2.79856 5.5
    endloop
  endfacet
  facet normal 0 0 1
    outer loop
      vertex 12.5 0 5.5
      vertex 10.7493 -2.91373 5.5
      vertex 10.85 -2.85788 5.5
    endloop
  endfacet
  facet normal 0 0 1
    outer loop
      vertex 12.5 0 5.5
      vertex 10.6466 -2.96602 5.5
      vertex 10.7493 -2.91373 5.5
    endloop
  endfacet
  facet normal 0 0 1
    outer loop
      vertex 12.5 0 5.5
      vertex 10.5422 -3.0147 5.5
      vertex 10.6466 -2.96602 5.5
    endloop
  endfacet
  facet normal 0 0 1
    outer loop
      vertex 12.5 0 5.5
      vertex 10.4362 -3.05971 5.5
      vertex 10.5422 -3.0147 5.5
    endloop
  endfacet
  facet normal 0 0 1
    outer loop
      vertex 12.5 0 5.5
      vertex 10.3287 -3.10099 5.5
      vertex 10.4362 -3.05971 5.5
    endloop
  endfacet
  facet normal 0 0 1
    outer loop
      vertex 12.5 0 5.5
      vertex 10.2198 -3.13849 5.5
      vertex 10.3287 -3.10099 5.5
    endloop
  endfacet
  facet normal 0 0 1
    outer loop
      vertex 12.5 0 5.5
      vertex 10.1096 -3.17216 5.5
      vertex 10.2198 -3.13849 5.5
    endloop
  endfacet
  facet normal 0 0 1
    outer loop
      vertex 12.5 0 5.5
      vertex 9.99834 -3.20198 5.5
      vertex 10.1096 -3.17216 5.5
    endloop
  endfacet
  facet normal 0 0 1
    outer loop
      vertex 12.5 0 5.5
      vertex 9.88611 -3.22789 5.5
      vertex 9.99834 -3.20198 5.5
    endloop
  endfacet
  facet normal 0 0 1
    outer loop
      vertex 12.5 0 5.5
      vertex 9.77304 -3.24987 5.5
      vertex 9.88611 -3.22789 5.5
    endloop
  endfacet
  facet normal 0 0 1
    outer loop
      vertex 12.5 0 5.5
      vertex 9.65927 -3.26788 5.5
      vertex 9.77304 -3.24987 5.5
    endloop
  endfacet
  facet normal 0 0 1
    outer loop
      vertex 12.5 0 5.5
      vertex 9.54494 -3.28192 5.5
      vertex 9.65927 -3.26788 5.5
    endloop
  endfacet
  facet normal 0 0 1
    outer loop
      vertex 12.5 0 5.5
      vertex 9.4302 -3.29196 5.5
      vertex 9.54494 -3.28192 5.5
    endloop
  endfacet
  facet normal 0 0 1
    outer loop
      vertex 12.5 0 5.5
      vertex 9.31517 -3.29799 5.5
      vertex 9.4302 -3.29196 5.5
    endloop
  endfacet
  facet normal 0 0 1
    outer loop
      vertex 12.5 0 5.5
      vertex 9.2 -3.3 5.5
      vertex 9.31517 -3.29799 5.5
    endloop
  endfacet
  facet normal 0 0 1
    outer loop
      vertex 12.5 0 5.5
      vertex 9.08483 -3.29799 5.5
      vertex 9.2 -3.3 5.5
    endloop
  endfacet
  facet normal 0 0 1
    outer loop
      vertex 12.5 0 5.5
      vertex 8.9698 -3.29196 5.5
      vertex 9.08483 -3.29799 5.5
    endloop
  endfacet
  facet normal 0 0 1
    outer loop
      vertex 12.5 0 5.5
      vertex 8.85506 -3.28192 5.5
      vertex 8.9698 -3.29196 5.5
    endloop
  endfacet
  facet normal 0 0 1
    outer loop
      vertex 12.5 0 5.5
      vertex 8.74073 -3.26788 5.5
      vertex 8.85506 -3.28192 5.5
    endloop
  endfacet
  facet normal 0 0 1
    outer loop
      vertex 12.5 0 5.5
      vertex 8.62696 -3.24987 5.5
      vertex 8.74073 -3.26788 5.5
    endloop
  endfacet
  facet normal 0 0 1
    outer loop
      vertex 12.5 0 5.5
      vertex 8.51389 -3.22789 5.5
      vertex 8.62696 -3.24987 5.5
    endloop
  endfacet
  facet normal 0 0 1
    outer loop
      vertex 12.5 0 5.5
      vertex 8.40166 -3.20198 5.5
      vertex 8.51389 -3.22789 5.5
    endloop
  endfacet
  facet normal 0 0 1
    outer loop
      vertex 12.5 0 5.5
      vertex 8.2904 -3.17216 5.5
      vertex 8.40166 -3.20198 5.5
    endloop
  endfacet
  facet normal 0 0 1
    outer loop
      vertex 12.5 0 5.5
      vertex 8.18024 -3.13849 5.5
      vertex 8.2904 -3.17216 5.5
    endloop
  endfacet
  facet normal 0 0 1
    outer loop
      vertex 12.5 0 5.5
      vertex 8.07133 -3.10099 5.5
      vertex 8.18024 -3.13849 5.5
    endloop
  endfacet
  facet normal 0 0 1
    outer loop
      vertex 12.5 0 5.5
      vertex 7.9638 -3.05971 5.5
      vertex 8.07133 -3.10099 5.5
    endloop
  endfacet
  facet normal 0 0 1
    outer loop
      vertex 12.5 0 5.5
      vertex 7.85777 -3.0147 5.5
      vertex 7.9638 -3.05971 5.5
    endloop
  endfacet
  facet normal 0 0 1
    outer loop
      vertex 12.5 0 5.5
      vertex 7.75338 -2.96602 5.5
      vertex 7.85777 -3.0147 5.5
    endloop
  endfacet
  facet normal 0 0 1
    outer loop
      vertex 12.5 0 5.5
      vertex 7.65074 -2.91373 5.5
      vertex 7.75338 -2.96602 5.5
    endloop
  endfacet
  facet normal 0 0 1
    outer loop
      vertex 12.5 0 5.5
      vertex 7.55 -2.85788 5.5
      vertex 7.65074 -2.91373 5.5
    endloop
  endfacet
  facet normal 0 0 1
    outer loop
      vertex 12.5 0 5.5
      vertex 7.45127 -2.79856 5.5
      vertex 7.55 -2.85788 5.5
    endloop
  endfacet
  facet normal 0 0 1
    outer loop
      vertex 12.5 0 5.5
      vertex 7.35466 -2.73582 5.5
      vertex 7.45127 -2.79856 5.5
    endloop
  endfacet
  facet normal 0 0 1
    outer loop
      vertex 12.5 0 5.5
      vertex 7.26031 -2.66976 5.5
      vertex 7.35466 -2.73582 5.5
    endloop
  endfacet
  facet normal 0 0 1
    outer loop
      vertex 12.5 0 5.5
      vertex 7.16832 -2.60044 5.5
      vertex 7.26031 -2.66976 5.5
    endloop
  endfacet
  facet normal 0 0 1
    outer loop
      vertex 12.5 0 5.5
      vertex 7.0788 -2.52795 5.5
      vertex 7.16832 -2.60044 5.5
    endloop
  endfacet
  facet normal 0 0 1
    outer loop
      vertex 12.5 0 5.5
      vertex 6.99187 -2.45238 5.5
      vertex 7.0788 -2.52795 5.5
    endloop
  endfacet
  facet normal 0 0 1
    outer loop
      vertex 12.5 0 5.5
      vertex 6.90763 -2.37382 5.5
      vertex 6.99187 -2.45238 5.5
    endloop
  endfacet
  facet normal 0 0 1
    outer loop
      vertex 12.5 0 5.5
      vertex 6.82618 -2.29237 5.5
      vertex 6.90763 -2.37382 5.5
    endloop
  endfacet
  facet normal 0 0 1
    outer loop
      vertex 12.5 0 5.5
      vertex 6.74762 -2.20813 5.5
      vertex 6.82618 -2.29237 5.5
    endloop
  endfacet
  facet normal 0 0 1
    outer loop
      vertex 12.5 0 5.5
      vertex 6.67205 -2.1212 5.5
      vertex 6.74762 -2.20813 5.5
    endloop
  endfacet
  facet normal 0 0 1
    outer loop
      vertex 12.5 0 5.5
      vertex 6.59956 -2.03168 5.5
      vertex 6.67205 -2.1212 5.5
    endloop
  endfacet
  facet normal 0 0 1
    outer loop
      vertex 12.5 0 5.5
      vertex 6.53024 -1.93969 5.5
      vertex 6.59956 -2.03168 5.5
    endloop
  endfacet
  facet normal 0 0 1
    outer loop
      vertex 12.5 0 5.5
      vertex 6.46418 -1.84534 5.5
      vertex 6.53024 -1.93969 5.5
    endloop
  endfacet
  facet normal 0 0 1
    outer loop
      vertex 12.5 0 5.5
      vertex 6.40144 -1.74873 5.5
      vertex 6.46418 -1.84534 5.5
    endloop
  endfacet
  facet normal 0 0 1
    outer loop
      vertex 12.5 0 5.5
      vertex 6.34212 -1.65 5.5
      vertex 6.40144 -1.74873 5.5
    endloop
  endfacet
  facet normal 0 0 1
    outer loop
      vertex 12.5 0 5.5
      vertex 6.28627 -1.54926 5.5
      vertex 6.34212 -1.65 5.5
    endloop
  endfacet
  facet normal 0 0 1
    outer loop
      vertex 12.5 0 5.5
      vertex 6.23398 -1.44662 5.5
      vertex 6.28627 -1.54926 5.5
    endloop
  endfacet
  facet normal 0 0 1
    outer loop
      vertex 12.5 0 5.5
      vertex 6.1853 -1.34223 5.5
      vertex 6.23398 -1.44662 5.5
    endloop
  endfacet
  facet normal 0 0 1
    outer loop
      vertex 12.5 0 5.5
      vertex 6.14029 -1.2362 5.5
      vertex 6.1853 -1.34223 5.5
    endloop
  endfacet
  facet normal 0 0 1
    outer loop
      vertex 12.5 0 5.5
      vertex 6.09901 -1.12867 5.5
      vertex 6.14029 -1.2362 5.5
    endloop
  endfacet
  facet normal 0 0 1
    outer loop
      vertex 12.5 0 5.5
      vertex 6.06151 -1.01976 5.5
      vertex 6.09901 -1.12867 5.5
    endloop
  endfacet
  facet normal 0 0 1
    outer loop
      vertex 12.5 0 5.5
      vertex 6.02784 -0.909603 5.5
      vertex 6.06151 -1.01976 5.5
    endloop
  endfacet
  facet normal 0 0 1
    outer loop
      vertex 12.5 0 5.5
      vertex 5.99802 -0.798342 5.5
      vertex 6.02784 -0.909603 5.5
    endloop
  endfacet
  facet normal 0 0 1
    outer loop
      vertex 12.5 0 5.5
      vertex 5.97211 -0.686108 5.5
      vertex 5.99802 -0.798342 5.5
    endloop
  endfacet
  facet normal 0 0 1
    outer loop
      vertex 12.5 0 5.5
      vertex 5.95013 -0.573038 5.5
      vertex 5.97211 -0.686108 5.5
    endloop
  endfacet
  facet normal 0 0 1
    outer loop
      vertex 12.5 0 5.5
      vertex 5.93211 -0.45927 5.5
      vertex 5.95013 -0.573038 5.5
    endloop
  endfacet
  facet normal 0 0 1
    outer loop
      vertex 12.5 0 5.5
      vertex 5.91808 -0.344943 5.5
      vertex 5.93211 -0.45927 5.5
    endloop
  endfacet
  facet normal 0 0 1
    outer loop
      vertex 12.5 0 5.5
      vertex 5.90804 -0.230196 5.5
      vertex 5.91808 -0.344943 5.5
    endloop
  endfacet
  facet normal 0 0 1
    outer loop
      vertex 12.5 0 5.5
      vertex 5.90201 -0.115168 5.5
      vertex 5.90804 -0.230196 5.5
    endloop
  endfacet
  facet normal 0 -0 1
    outer loop
      vertex 5.90201 -0.115168 5.5
      vertex 12.5 0 5.5
      vertex 5.9 0 5.5
    endloop
  endfacet
  facet normal 0.998629 0.0523501 0
    outer loop
      vertex 5.90804 -0.230196 19.5
      vertex 5.90201 -0.115168 5.5
      vertex 5.90201 -0.115168 19.5
    endloop
  endfacet
  facet normal 0.998629 0.0523501 0
    outer loop
      vertex 5.90201 -0.115168 5.5
      vertex 5.90804 -0.230196 19.5
      vertex 5.90804 -0.230196 5.5
    endloop
  endfacet
  facet normal 0.956325 0.292305 0
    outer loop
      vertex 6.06151 -1.01976 19.5
      vertex 6.02784 -0.909603 5.5
      vertex 6.02784 -0.909603 19.5
    endloop
  endfacet
  facet normal 0.956325 0.292305 0
    outer loop
      vertex 6.02784 -0.909603 5.5
      vertex 6.06151 -1.01976 19.5
      vertex 6.06151 -1.01976 5.5
    endloop
  endfacet
  facet normal 0.974372 0.224941 0
    outer loop
      vertex 5.99802 -0.798342 19.5
      vertex 5.97211 -0.686108 5.5
      vertex 5.97211 -0.686108 19.5
    endloop
  endfacet
  facet normal 0.974372 0.224941 0
    outer loop
      vertex 5.97211 -0.686108 5.5
      vertex 5.99802 -0.798342 19.5
      vertex 5.99802 -0.798342 5.5
    endloop
  endfacet
  facet normal 0.945521 0.325563 0
    outer loop
      vertex 6.09901 -1.12867 19.5
      vertex 6.06151 -1.01976 5.5
      vertex 6.06151 -1.01976 19.5
    endloop
  endfacet
  facet normal 0.945521 0.325563 0
    outer loop
      vertex 6.06151 -1.01976 5.5
      vertex 6.09901 -1.12867 19.5
      vertex 6.09901 -1.12867 5.5
    endloop
  endfacet
  facet normal 0.933571 0.358391 0
    outer loop
      vertex 6.14029 -1.2362 19.5
      vertex 6.09901 -1.12867 5.5
      vertex 6.09901 -1.12867 19.5
    endloop
  endfacet
  facet normal 0.933571 0.358391 0
    outer loop
      vertex 6.09901 -1.12867 5.5
      vertex 6.14029 -1.2362 19.5
      vertex 6.14029 -1.2362 5.5
    endloop
  endfacet
  facet normal -0.156355 0.987701 0
    outer loop
      vertex 9.77304 -3.24987 5.5
      vertex 9.65927 -3.26788 19.5
      vertex 9.77304 -3.24987 19.5
    endloop
  endfacet
  facet normal -0.156355 0.987701 0
    outer loop
      vertex 9.65927 -3.26788 19.5
      vertex 9.77304 -3.24987 5.5
      vertex 9.65927 -3.26788 5.5
    endloop
  endfacet
  facet normal -0.292201 0.956357 0
    outer loop
      vertex 10.2198 -3.13849 5.5
      vertex 10.1096 -3.17216 19.5
      vertex 10.2198 -3.13849 19.5
    endloop
  endfacet
  facet normal -0.292201 0.956357 0
    outer loop
      vertex 10.1096 -3.17216 19.5
      vertex 10.2198 -3.13849 5.5
      vertex 10.1096 -3.17216 5.5
    endloop
  endfacet
  facet normal -0.83843 0.54501 0
    outer loop
      vertex 11.9358 -1.84534 5.5
      vertex 11.9986 -1.74873 19.5
      vertex 11.9986 -1.74873 5.5
    endloop
  endfacet
  facet normal -0.83843 0.54501 0
    outer loop
      vertex 11.9986 -1.74873 19.5
      vertex 11.9358 -1.84534 5.5
      vertex 11.9358 -1.84534 19.5
    endloop
  endfacet
  facet normal -0.819415 0.5732 0
    outer loop
      vertex 11.8698 -1.93969 5.5
      vertex 11.9358 -1.84534 19.5
      vertex 11.9358 -1.84534 5.5
    endloop
  endfacet
  facet normal -0.819415 0.5732 0
    outer loop
      vertex 11.9358 -1.84534 19.5
      vertex 11.8698 -1.93969 5.5
      vertex 11.8698 -1.93969 19.5
    endloop
  endfacet
  facet normal -0.999849 0.0173633 0
    outer loop
      vertex 12.498 -0.115168 10.8
      vertex 12.5 0 19.5
      vertex 12.5 0 10.8
    endloop
  endfacet
  facet normal -0.999849 0.0173633 0
    outer loop
      vertex 12.5 0 19.5
      vertex 12.498 -0.115168 10.8
      vertex 12.498 -0.115168 19.5
    endloop
  endfacet
  facet normal -0.999849 0.0173633 0
    outer loop
      vertex 12.498 -0.115168 5.5
      vertex 12.5 0 8.2
      vertex 12.5 0 5.5
    endloop
  endfacet
  facet normal -0.999849 0.0173633 0
    outer loop
      vertex 12.5 0 8.2
      vertex 12.498 -0.115168 5.5
      vertex 12.498 -0.115168 8.2
    endloop
  endfacet
  facet normal -0.992586 0.121548 0
    outer loop
      vertex 12.4679 -0.45927 10.8
      vertex 12.4819 -0.344943 19.5
      vertex 12.4819 -0.344943 10.8
    endloop
  endfacet
  facet normal -0.992586 0.121548 0
    outer loop
      vertex 12.4819 -0.344943 19.5
      vertex 12.4679 -0.45927 10.8
      vertex 12.4679 -0.45927 19.5
    endloop
  endfacet
  facet normal -0.992586 0.121548 0
    outer loop
      vertex 12.4679 -0.45927 5.5
      vertex 12.4819 -0.344943 8.2
      vertex 12.4819 -0.344943 5.5
    endloop
  endfacet
  facet normal -0.992586 0.121548 0
    outer loop
      vertex 12.4819 -0.344943 8.2
      vertex 12.4679 -0.45927 5.5
      vertex 12.4679 -0.45927 8.2
    endloop
  endfacet
  facet normal -0.956252 0.292543 0
    outer loop
      vertex 12.3385 -1.01976 10.8
      vertex 12.3722 -0.909603 19.5
      vertex 12.3722 -0.909603 10.8
    endloop
  endfacet
  facet normal -0.956252 0.292543 0
    outer loop
      vertex 12.3722 -0.909603 19.5
      vertex 12.3385 -1.01976 10.8
      vertex 12.3385 -1.01976 19.5
    endloop
  endfacet
  facet normal -0.956252 0.292543 0
    outer loop
      vertex 12.3385 -1.01976 5.5
      vertex 12.3722 -0.909603 8.2
      vertex 12.3722 -0.909603 5.5
    endloop
  endfacet
  facet normal -0.956252 0.292543 0
    outer loop
      vertex 12.3722 -0.909603 8.2
      vertex 12.3385 -1.01976 5.5
      vertex 12.3385 -1.01976 8.2
    endloop
  endfacet
  facet normal 0.292298 0.956327 -0
    outer loop
      vertex 8.2904 -3.17216 5.5
      vertex 8.18024 -3.13849 19.5
      vertex 8.2904 -3.17216 19.5
    endloop
  endfacet
  facet normal 0.292298 0.956327 0
    outer loop
      vertex 8.18024 -3.13849 19.5
      vertex 8.2904 -3.17216 5.5
      vertex 8.18024 -3.13849 5.5
    endloop
  endfacet
  facet normal 0.0871691 0.996194 -0
    outer loop
      vertex 8.9698 -3.29196 5.5
      vertex 8.85506 -3.28192 19.5
      vertex 8.9698 -3.29196 19.5
    endloop
  endfacet
  facet normal 0.0871691 0.996194 0
    outer loop
      vertex 8.85506 -3.28192 19.5
      vertex 8.9698 -3.29196 5.5
      vertex 8.85506 -3.28192 5.5
    endloop
  endfacet
  facet normal 0.965909 0.258881 0
    outer loop
      vertex 6.02784 -0.909603 19.5
      vertex 5.99802 -0.798342 5.5
      vertex 5.99802 -0.798342 19.5
    endloop
  endfacet
  facet normal 0.965909 0.258881 0
    outer loop
      vertex 5.99802 -0.798342 5.5
      vertex 6.02784 -0.909603 19.5
      vertex 6.02784 -0.909603 5.5
    endloop
  endfacet
  facet normal -0.121887 0.992544 0
    outer loop
      vertex 9.65927 -3.26788 5.5
      vertex 9.54494 -3.28192 19.5
      vertex 9.65927 -3.26788 19.5
    endloop
  endfacet
  facet normal -0.121887 0.992544 0
    outer loop
      vertex 9.54494 -3.28192 19.5
      vertex 9.65927 -3.26788 5.5
      vertex 9.54494 -3.28192 5.5
    endloop
  endfacet
  facet normal 0 0 -1
    outer loop
      vertex 12.4679 -0.45927 10.8
      vertex 14.4968 -0.506238 10.8
      vertex 14.4801 -0.824071 10.8
    endloop
  endfacet
  facet normal 0 0 -1
    outer loop
      vertex 14.4968 -0.506238 10.8
      vertex 12.4819 -0.344943 10.8
      vertex 14.5001 -0.318219 10.8
    endloop
  endfacet
  facet normal 0 0 -1
    outer loop
      vertex 12.4279 -0.686108 10.8
      vertex 14.4801 -0.824071 10.8
      vertex 14.4703 -1.01186 10.8
    endloop
  endfacet
  facet normal 0 0 -1
    outer loop
      vertex 12.4279 -0.686108 10.8
      vertex 14.4703 -1.01186 10.8
      vertex 14.4626 -1.1 10.8
    endloop
  endfacet
  facet normal 0 -0 -1
    outer loop
      vertex 12.492 -0.230196 10.8
      vertex 14.5001 -0.318219 10.8
      vertex 12.4819 -0.344943 10.8
    endloop
  endfacet
  facet normal -0 0 -1
    outer loop
      vertex 14.5056 0 10.8
      vertex 12.498 -0.115168 10.8
      vertex 12.5 0 10.8
    endloop
  endfacet
  facet normal 0 0 -1
    outer loop
      vertex 14.5001 -0.318219 10.8
      vertex 12.498 -0.115168 10.8
      vertex 14.5056 0 10.8
    endloop
  endfacet
  facet normal 0 -0 -1
    outer loop
      vertex 12.498 -0.115168 10.8
      vertex 14.5001 -0.318219 10.8
      vertex 12.492 -0.230196 10.8
    endloop
  endfacet
  facet normal 0 0 -1
    outer loop
      vertex 14.4968 -0.506238 10.8
      vertex 12.4679 -0.45927 10.8
      vertex 12.4819 -0.344943 10.8
    endloop
  endfacet
  facet normal 0 0 -1
    outer loop
      vertex 14.4801 -0.824071 10.8
      vertex 12.4499 -0.573038 10.8
      vertex 12.4679 -0.45927 10.8
    endloop
  endfacet
  facet normal 0 0 -1
    outer loop
      vertex 14.4801 -0.824071 10.8
      vertex 12.4279 -0.686108 10.8
      vertex 12.4499 -0.573038 10.8
    endloop
  endfacet
  facet normal 0 0 -1
    outer loop
      vertex 14.4626 -1.1 10.8
      vertex 12.402 -0.798342 10.8
      vertex 12.4279 -0.686108 10.8
    endloop
  endfacet
  facet normal 0 0 -1
    outer loop
      vertex 14.4626 -1.1 10.8
      vertex 12.3722 -0.909603 10.8
      vertex 12.402 -0.798342 10.8
    endloop
  endfacet
  facet normal 0 0 -1
    outer loop
      vertex 14.4626 -1.1 10.8
      vertex 12.3385 -1.01976 10.8
      vertex 12.3722 -0.909603 10.8
    endloop
  endfacet
  facet normal 0 -0 -1
    outer loop
      vertex 12.3385 -1.01976 10.8
      vertex 14.4626 -1.1 10.8
      vertex 12.3109 -1.1 10.8
    endloop
  endfacet
  facet normal -0 0 1
    outer loop
      vertex 12.492 -0.230196 8.2
      vertex 14.4968 -0.506238 8.2
      vertex 14.5023 -0.188019 8.2
    endloop
  endfacet
  facet normal -0 0 1
    outer loop
      vertex 12.498 -0.115168 8.2
      vertex 14.5023 -0.188019 8.2
      vertex 14.5056 0 8.2
    endloop
  endfacet
  facet normal 0 0 1
    outer loop
      vertex 14.4968 -0.506238 8.2
      vertex 12.492 -0.230196 8.2
      vertex 12.4819 -0.344943 8.2
    endloop
  endfacet
  facet normal 0 0 1
    outer loop
      vertex 14.4968 -0.506238 8.2
      vertex 12.4679 -0.45927 8.2
      vertex 14.4869 -0.694029 8.2
    endloop
  endfacet
  facet normal 0 0 1
    outer loop
      vertex 12.498 -0.115168 8.2
      vertex 14.5056 0 8.2
      vertex 12.5 0 8.2
    endloop
  endfacet
  facet normal 0 0 1
    outer loop
      vertex 14.5023 -0.188019 8.2
      vertex 12.498 -0.115168 8.2
      vertex 12.492 -0.230196 8.2
    endloop
  endfacet
  facet normal -0 0 1
    outer loop
      vertex 12.4679 -0.45927 8.2
      vertex 14.4968 -0.506238 8.2
      vertex 12.4819 -0.344943 8.2
    endloop
  endfacet
  facet normal -0 0 1
    outer loop
      vertex 12.4499 -0.573038 8.2
      vertex 14.4869 -0.694029 8.2
      vertex 12.4679 -0.45927 8.2
    endloop
  endfacet
  facet normal 0 0 1
    outer loop
      vertex 14.4869 -0.694029 8.2
      vertex 12.4499 -0.573038 8.2
      vertex 14.4703 -1.01186 8.2
    endloop
  endfacet
  facet normal -0 0 1
    outer loop
      vertex 12.4279 -0.686108 8.2
      vertex 14.4703 -1.01186 8.2
      vertex 12.4499 -0.573038 8.2
    endloop
  endfacet
  facet normal 0 0 1
    outer loop
      vertex 14.4703 -1.01186 8.2
      vertex 12.4279 -0.686108 8.2
      vertex 14.4626 -1.1 8.2
    endloop
  endfacet
  facet normal -0 0 1
    outer loop
      vertex 12.402 -0.798342 8.2
      vertex 14.4626 -1.1 8.2
      vertex 12.4279 -0.686108 8.2
    endloop
  endfacet
  facet normal -0 0 1
    outer loop
      vertex 12.3722 -0.909603 8.2
      vertex 14.4626 -1.1 8.2
      vertex 12.402 -0.798342 8.2
    endloop
  endfacet
  facet normal -0 0 1
    outer loop
      vertex 12.3385 -1.01976 8.2
      vertex 14.4626 -1.1 8.2
      vertex 12.3722 -0.909603 8.2
    endloop
  endfacet
  facet normal 0 0 1
    outer loop
      vertex 14.4626 -1.1 8.2
      vertex 12.3385 -1.01976 8.2
      vertex 12.3109 -1.1 8.2
    endloop
  endfacet
  facet normal 0 1 -0
    outer loop
      vertex 13.1578 -1.1 9.5
      vertex 12.3109 -1.1 10.8
      vertex 14.4626 -1.1 10.8
    endloop
  endfacet
  facet normal 0 1 0
    outer loop
      vertex 13.1578 -1.1 9.5
      vertex 12.3109 -1.1 8.2
      vertex 12.3109 -1.1 10.8
    endloop
  endfacet
  facet normal 0 1 0
    outer loop
      vertex 13.997 -1.1 8.66383
      vertex 12.3109 -1.1 8.2
      vertex 13.1578 -1.1 9.5
    endloop
  endfacet
  facet normal 0 1 0
    outer loop
      vertex 12.3109 -1.1 8.2
      vertex 13.997 -1.1 8.66383
      vertex 14.4626 -1.1 8.2
    endloop
  endfacet
  facet normal 0.999849 0.0173633 0
    outer loop
      vertex -12.498 -0.115168 14.2
      vertex -12.5 0 11.5
      vertex -12.5 0 14.2
    endloop
  endfacet
  facet normal 0.999849 0.0173633 0
    outer loop
      vertex -12.5 0 11.5
      vertex -12.498 -0.115168 14.2
      vertex -12.498 -0.115168 11.5
    endloop
  endfacet
  facet normal 0.999849 0.0173633 0
    outer loop
      vertex -12.498 -0.115168 19.5
      vertex -12.5 0 16.8
      vertex -12.5 0 19.5
    endloop
  endfacet
  facet normal 0.999849 0.0173633 0
    outer loop
      vertex -12.5 0 16.8
      vertex -12.498 -0.115168 19.5
      vertex -12.498 -0.115168 16.8
    endloop
  endfacet
  facet normal -0.999848 0.0174501 0
    outer loop
      vertex -5.90201 -0.115168 11.5
      vertex -5.9 0 19.5
      vertex -5.9 0 11.5
    endloop
  endfacet
  facet normal -0.999848 0.0174501 0
    outer loop
      vertex -5.9 0 19.5
      vertex -5.90201 -0.115168 11.5
      vertex -5.90201 -0.115168 19.5
    endloop
  endfacet
  facet normal 0.0174498 0.999848 -0
    outer loop
      vertex -9.2 -3.3 11.5
      vertex -9.31517 -3.29799 19.5
      vertex -9.2 -3.3 19.5
    endloop
  endfacet
  facet normal 0.0174498 0.999848 0
    outer loop
      vertex -9.31517 -3.29799 19.5
      vertex -9.2 -3.3 11.5
      vertex -9.31517 -3.29799 11.5
    endloop
  endfacet
  facet normal 0.707324 0.70689 0
    outer loop
      vertex -11.4924 -2.37382 19.5
      vertex -11.5738 -2.29237 11.5
      vertex -11.5738 -2.29237 19.5
    endloop
  endfacet
  facet normal 0.707324 0.70689 0
    outer loop
      vertex -11.5738 -2.29237 11.5
      vertex -11.4924 -2.37382 19.5
      vertex -11.4924 -2.37382 11.5
    endloop
  endfacet
  facet normal -0.682021 0.731332 0
    outer loop
      vertex -6.90763 -2.37382 11.5
      vertex -6.99187 -2.45238 19.5
      vertex -6.90763 -2.37382 19.5
    endloop
  endfacet
  facet normal -0.682021 0.731332 0
    outer loop
      vertex -6.99187 -2.45238 19.5
      vertex -6.90763 -2.37382 11.5
      vertex -6.99187 -2.45238 11.5
    endloop
  endfacet
  facet normal 0.920527 0.390679 0
    outer loop
      vertex -12.2147 -1.34223 19.5
      vertex -12.2597 -1.2362 11.5
      vertex -12.2597 -1.2362 19.5
    endloop
  endfacet
  facet normal 0.920527 0.390679 0
    outer loop
      vertex -12.2597 -1.2362 11.5
      vertex -12.2147 -1.34223 19.5
      vertex -12.2147 -1.34223 11.5
    endloop
  endfacet
  facet normal 0.754998 0.655727 0
    outer loop
      vertex -11.6524 -2.20813 19.5
      vertex -11.7279 -2.1212 11.5
      vertex -11.7279 -2.1212 19.5
    endloop
  endfacet
  facet normal 0.754998 0.655727 0
    outer loop
      vertex -11.7279 -2.1212 11.5
      vertex -11.6524 -2.20813 19.5
      vertex -11.6524 -2.20813 11.5
    endloop
  endfacet
  facet normal -0.838668 0.544644 0
    outer loop
      vertex -6.46418 -1.84534 11.5
      vertex -6.40144 -1.74873 19.5
      vertex -6.40144 -1.74873 11.5
    endloop
  endfacet
  facet normal -0.838668 0.544644 0
    outer loop
      vertex -6.40144 -1.74873 19.5
      vertex -6.46418 -1.84534 11.5
      vertex -6.46418 -1.84534 19.5
    endloop
  endfacet
  facet normal -0.656073 0.754697 0
    outer loop
      vertex -6.99187 -2.45238 11.5
      vertex -7.0788 -2.52795 19.5
      vertex -6.99187 -2.45238 19.5
    endloop
  endfacet
  facet normal -0.656073 0.754697 0
    outer loop
      vertex -7.0788 -2.52795 19.5
      vertex -6.99187 -2.45238 11.5
      vertex -7.0788 -2.52795 11.5
    endloop
  endfacet
  facet normal 0.974391 0.224858 0
    outer loop
      vertex -12.402 -0.798342 14.2
      vertex -12.4279 -0.686108 11.5
      vertex -12.4279 -0.686108 14.2
    endloop
  endfacet
  facet normal 0.974391 0.224858 0
    outer loop
      vertex -12.4279 -0.686108 11.5
      vertex -12.402 -0.798342 14.2
      vertex -12.402 -0.798342 11.5
    endloop
  endfacet
  facet normal 0.974391 0.224858 0
    outer loop
      vertex -12.402 -0.798342 19.5
      vertex -12.4279 -0.686108 16.8
      vertex -12.4279 -0.686108 19.5
    endloop
  endfacet
  facet normal 0.974391 0.224858 0
    outer loop
      vertex -12.4279 -0.686108 16.8
      vertex -12.402 -0.798342 19.5
      vertex -12.402 -0.798342 16.8
    endloop
  endfacet
  facet normal 0.874771 0.484537 0
    outer loop
      vertex -12.0579 -1.65 19.5
      vertex -12.1137 -1.54926 11.5
      vertex -12.1137 -1.54926 19.5
    endloop
  endfacet
  facet normal 0.874771 0.484537 0
    outer loop
      vertex -12.1137 -1.54926 11.5
      vertex -12.0579 -1.65 19.5
      vertex -12.0579 -1.65 11.5
    endloop
  endfacet
  facet normal 0.777111 0.629363 0
    outer loop
      vertex -11.7279 -2.1212 19.5
      vertex -11.8004 -2.03168 11.5
      vertex -11.8004 -2.03168 19.5
    endloop
  endfacet
  facet normal 0.777111 0.629363 0
    outer loop
      vertex -11.8004 -2.03168 11.5
      vertex -11.7279 -2.1212 19.5
      vertex -11.7279 -2.1212 11.5
    endloop
  endfacet
  facet normal 0.629396 0.777085 -0
    outer loop
      vertex -11.2317 -2.60044 11.5
      vertex -11.3212 -2.52795 19.5
      vertex -11.2317 -2.60044 19.5
    endloop
  endfacet
  facet normal 0.629396 0.777085 0
    outer loop
      vertex -11.3212 -2.52795 19.5
      vertex -11.2317 -2.60044 11.5
      vertex -11.3212 -2.52795 11.5
    endloop
  endfacet
  facet normal 0.485016 0.874505 -0
    outer loop
      vertex -10.7493 -2.91373 11.5
      vertex -10.85 -2.85788 19.5
      vertex -10.7493 -2.91373 19.5
    endloop
  endfacet
  facet normal 0.485016 0.874505 0
    outer loop
      vertex -10.85 -2.85788 19.5
      vertex -10.7493 -2.91373 11.5
      vertex -10.85 -2.85788 11.5
    endloop
  endfacet
  facet normal -0.629311 0.777154 0
    outer loop
      vertex -7.0788 -2.52795 11.5
      vertex -7.16832 -2.60044 19.5
      vertex -7.0788 -2.52795 19.5
    endloop
  endfacet
  facet normal -0.629311 0.777154 0
    outer loop
      vertex -7.16832 -2.60044 19.5
      vertex -7.0788 -2.52795 11.5
      vertex -7.16832 -2.60044 11.5
    endloop
  endfacet
  facet normal -0.0523492 0.998629 0
    outer loop
      vertex -8.9698 -3.29196 11.5
      vertex -9.08483 -3.29799 19.5
      vertex -8.9698 -3.29196 19.5
    endloop
  endfacet
  facet normal -0.0523492 0.998629 0
    outer loop
      vertex -9.08483 -3.29799 19.5
      vertex -8.9698 -3.29196 11.5
      vertex -9.08483 -3.29799 11.5
    endloop
  endfacet
  facet normal 0.996149 0.0876807 0
    outer loop
      vertex -12.4819 -0.344943 14.2
      vertex -12.492 -0.230196 11.5
      vertex -12.492 -0.230196 14.2
    endloop
  endfacet
  facet normal 0.996149 0.0876807 0
    outer loop
      vertex -12.492 -0.230196 11.5
      vertex -12.4819 -0.344943 14.2
      vertex -12.4819 -0.344943 11.5
    endloop
  endfacet
  facet normal 0.996149 0.0876807 0
    outer loop
      vertex -12.4819 -0.344943 19.5
      vertex -12.492 -0.230196 16.8
      vertex -12.492 -0.230196 19.5
    endloop
  endfacet
  facet normal 0.996149 0.0876807 0
    outer loop
      vertex -12.492 -0.230196 16.8
      vertex -12.4819 -0.344943 19.5
      vertex -12.4819 -0.344943 16.8
    endloop
  endfacet
  facet normal 0.998642 0.0520904 0
    outer loop
      vertex -12.492 -0.230196 14.2
      vertex -12.498 -0.115168 11.5
      vertex -12.498 -0.115168 14.2
    endloop
  endfacet
  facet normal 0.998642 0.0520904 0
    outer loop
      vertex -12.498 -0.115168 11.5
      vertex -12.492 -0.230196 14.2
      vertex -12.492 -0.230196 11.5
    endloop
  endfacet
  facet normal 0.998642 0.0520904 0
    outer loop
      vertex -12.492 -0.230196 19.5
      vertex -12.498 -0.115168 16.8
      vertex -12.498 -0.115168 19.5
    endloop
  endfacet
  facet normal 0.998642 0.0520904 0
    outer loop
      vertex -12.498 -0.115168 16.8
      vertex -12.492 -0.230196 19.5
      vertex -12.492 -0.230196 16.8
    endloop
  endfacet
  facet normal 0.981592 0.190988 0
    outer loop
      vertex -12.4279 -0.686108 14.2
      vertex -12.4499 -0.573038 11.5
      vertex -12.4499 -0.573038 14.2
    endloop
  endfacet
  facet normal 0.981592 0.190988 0
    outer loop
      vertex -12.4499 -0.573038 11.5
      vertex -12.4279 -0.686108 14.2
      vertex -12.4279 -0.686108 11.5
    endloop
  endfacet
  facet normal 0.981592 0.190988 0
    outer loop
      vertex -12.4279 -0.686108 19.5
      vertex -12.4499 -0.573038 16.8
      vertex -12.4499 -0.573038 19.5
    endloop
  endfacet
  facet normal 0.981592 0.190988 0
    outer loop
      vertex -12.4499 -0.573038 16.8
      vertex -12.4279 -0.686108 19.5
      vertex -12.4279 -0.686108 16.8
    endloop
  endfacet
  facet normal 0.945623 0.325264 0
    outer loop
      vertex -12.3385 -1.01976 19.5
      vertex -12.3109 -1.1 16.8
      vertex -12.3385 -1.01976 16.8
    endloop
  endfacet
  facet normal 0.945233 0.326397 0
    outer loop
      vertex -12.3109 -1.1 16.8
      vertex -12.301 -1.12867 19.5
      vertex -12.3109 -1.1 14.2
    endloop
  endfacet
  facet normal 0.945521 0.325563 -9.91639e-06
    outer loop
      vertex -12.301 -1.12867 19.5
      vertex -12.3109 -1.1 16.8
      vertex -12.3385 -1.01976 19.5
    endloop
  endfacet
  facet normal 0.945623 0.325264 0
    outer loop
      vertex -12.3109 -1.1 14.2
      vertex -12.3385 -1.01976 11.5
      vertex -12.3385 -1.01976 14.2
    endloop
  endfacet
  facet normal 0.945521 0.325563 9.91639e-06
    outer loop
      vertex -12.3109 -1.1 14.2
      vertex -12.301 -1.12867 11.5
      vertex -12.3385 -1.01976 11.5
    endloop
  endfacet
  facet normal 0.945233 0.326397 -0
    outer loop
      vertex -12.301 -1.12867 11.5
      vertex -12.3109 -1.1 14.2
      vertex -12.301 -1.12867 19.5
    endloop
  endfacet
  facet normal 0.956252 0.292543 0
    outer loop
      vertex -12.3385 -1.01976 14.2
      vertex -12.3722 -0.909603 11.5
      vertex -12.3722 -0.909603 14.2
    endloop
  endfacet
  facet normal 0.956252 0.292543 0
    outer loop
      vertex -12.3722 -0.909603 11.5
      vertex -12.3385 -1.01976 14.2
      vertex -12.3385 -1.01976 11.5
    endloop
  endfacet
  facet normal 0.956252 0.292543 0
    outer loop
      vertex -12.3385 -1.01976 19.5
      vertex -12.3722 -0.909603 16.8
      vertex -12.3722 -0.909603 19.5
    endloop
  endfacet
  facet normal 0.956252 0.292543 0
    outer loop
      vertex -12.3722 -0.909603 16.8
      vertex -12.3385 -1.01976 19.5
      vertex -12.3385 -1.01976 16.8
    endloop
  endfacet
  facet normal 0.798299 0.602261 0
    outer loop
      vertex -11.8004 -2.03168 19.5
      vertex -11.8698 -1.93969 11.5
      vertex -11.8698 -1.93969 19.5
    endloop
  endfacet
  facet normal 0.798299 0.602261 0
    outer loop
      vertex -11.8698 -1.93969 11.5
      vertex -11.8004 -2.03168 19.5
      vertex -11.8004 -2.03168 11.5
    endloop
  endfacet
  facet normal 0.857255 0.514892 0
    outer loop
      vertex -11.9986 -1.74873 19.5
      vertex -12.0579 -1.65 11.5
      vertex -12.0579 -1.65 19.5
    endloop
  endfacet
  facet normal 0.857255 0.514892 0
    outer loop
      vertex -12.0579 -1.65 11.5
      vertex -11.9986 -1.74873 19.5
      vertex -11.9986 -1.74873 11.5
    endloop
  endfacet
  facet normal 0.890998 0.454006 0
    outer loop
      vertex -12.1137 -1.54926 19.5
      vertex -12.166 -1.44662 11.5
      vertex -12.166 -1.44662 19.5
    endloop
  endfacet
  facet normal 0.890998 0.454006 0
    outer loop
      vertex -12.166 -1.44662 11.5
      vertex -12.1137 -1.54926 19.5
      vertex -12.1137 -1.54926 11.5
    endloop
  endfacet
  facet normal 0.0871691 0.996194 -0
    outer loop
      vertex -9.4302 -3.29196 11.5
      vertex -9.54494 -3.28192 19.5
      vertex -9.4302 -3.29196 19.5
    endloop
  endfacet
  facet normal 0.0871691 0.996194 0
    outer loop
      vertex -9.54494 -3.28192 19.5
      vertex -9.4302 -3.29196 11.5
      vertex -9.54494 -3.28192 11.5
    endloop
  endfacet
  facet normal 0.358479 0.933538 -0
    outer loop
      vertex -10.3287 -3.10099 11.5
      vertex -10.4362 -3.05971 19.5
      vertex -10.3287 -3.10099 19.5
    endloop
  endfacet
  facet normal 0.358479 0.933538 0
    outer loop
      vertex -10.4362 -3.05971 19.5
      vertex -10.3287 -3.10099 11.5
      vertex -10.4362 -3.05971 11.5
    endloop
  endfacet
  facet normal 0.292201 0.956357 -0
    outer loop
      vertex -10.1096 -3.17216 11.5
      vertex -10.2198 -3.13849 19.5
      vertex -10.1096 -3.17216 19.5
    endloop
  endfacet
  facet normal 0.292201 0.956357 0
    outer loop
      vertex -10.2198 -3.13849 19.5
      vertex -10.1096 -3.17216 11.5
      vertex -10.2198 -3.13849 11.5
    endloop
  endfacet
  facet normal 0.258884 0.965909 -0
    outer loop
      vertex -9.99834 -3.20198 11.5
      vertex -10.1096 -3.17216 19.5
      vertex -9.99834 -3.20198 19.5
    endloop
  endfacet
  facet normal 0.258884 0.965909 0
    outer loop
      vertex -10.1096 -3.17216 19.5
      vertex -9.99834 -3.20198 11.5
      vertex -10.1096 -3.17216 11.5
    endloop
  endfacet
  facet normal 0.156355 0.987701 -0
    outer loop
      vertex -9.65927 -3.26788 11.5
      vertex -9.77304 -3.24987 19.5
      vertex -9.65927 -3.26788 19.5
    endloop
  endfacet
  facet normal 0.156355 0.987701 0
    outer loop
      vertex -9.77304 -3.24987 19.5
      vertex -9.65927 -3.26788 11.5
      vertex -9.77304 -3.24987 11.5
    endloop
  endfacet
  facet normal 0.0523492 0.998629 -0
    outer loop
      vertex -9.31517 -3.29799 11.5
      vertex -9.4302 -3.29196 19.5
      vertex -9.31517 -3.29799 19.5
    endloop
  endfacet
  facet normal 0.0523492 0.998629 0
    outer loop
      vertex -9.4302 -3.29196 19.5
      vertex -9.31517 -3.29799 11.5
      vertex -9.4302 -3.29196 11.5
    endloop
  endfacet
  facet normal 0.390846 0.920456 -0
    outer loop
      vertex -10.4362 -3.05971 11.5
      vertex -10.5422 -3.0147 19.5
      vertex -10.4362 -3.05971 19.5
    endloop
  endfacet
  facet normal 0.390846 0.920456 0
    outer loop
      vertex -10.5422 -3.0147 19.5
      vertex -10.4362 -3.05971 11.5
      vertex -10.5422 -3.0147 11.5
    endloop
  endfacet
  facet normal 0.515134 0.85711 -0
    outer loop
      vertex -10.85 -2.85788 11.5
      vertex -10.9487 -2.79856 19.5
      vertex -10.85 -2.85788 19.5
    endloop
  endfacet
  facet normal 0.515134 0.85711 0
    outer loop
      vertex -10.9487 -2.79856 19.5
      vertex -10.85 -2.85788 11.5
      vertex -10.9487 -2.79856 11.5
    endloop
  endfacet
  facet normal 0.601776 0.798665 -0
    outer loop
      vertex -11.1397 -2.66976 11.5
      vertex -11.2317 -2.60044 19.5
      vertex -11.1397 -2.66976 19.5
    endloop
  endfacet
  facet normal 0.601776 0.798665 0
    outer loop
      vertex -11.2317 -2.60044 19.5
      vertex -11.1397 -2.66976 11.5
      vertex -11.2317 -2.60044 11.5
    endloop
  endfacet
  facet normal 0.656202 0.754585 -0
    outer loop
      vertex -11.3212 -2.52795 11.5
      vertex -11.4081 -2.45238 19.5
      vertex -11.3212 -2.52795 19.5
    endloop
  endfacet
  facet normal 0.656202 0.754585 0
    outer loop
      vertex -11.4081 -2.45238 19.5
      vertex -11.3212 -2.52795 11.5
      vertex -11.4081 -2.45238 11.5
    endloop
  endfacet
  facet normal -0.992554 0.121804 0
    outer loop
      vertex -5.93211 -0.45927 11.5
      vertex -5.91808 -0.344943 19.5
      vertex -5.91808 -0.344943 11.5
    endloop
  endfacet
  facet normal -0.992554 0.121804 0
    outer loop
      vertex -5.91808 -0.344943 19.5
      vertex -5.93211 -0.45927 11.5
      vertex -5.93211 -0.45927 19.5
    endloop
  endfacet
  facet normal -0.857179 0.515019 0
    outer loop
      vertex -6.40144 -1.74873 11.5
      vertex -6.34212 -1.65 19.5
      vertex -6.34212 -1.65 11.5
    endloop
  endfacet
  facet normal -0.857179 0.515019 0
    outer loop
      vertex -6.34212 -1.65 19.5
      vertex -6.40144 -1.74873 11.5
      vertex -6.40144 -1.74873 19.5
    endloop
  endfacet
  facet normal -0.906301 0.422634 0
    outer loop
      vertex -6.23398 -1.44662 11.5
      vertex -6.1853 -1.34223 19.5
      vertex -6.1853 -1.34223 11.5
    endloop
  endfacet
  facet normal -0.906301 0.422634 0
    outer loop
      vertex -6.1853 -1.34223 19.5
      vertex -6.23398 -1.44662 11.5
      vertex -6.23398 -1.44662 19.5
    endloop
  endfacet
  facet normal -0.920496 0.390753 0
    outer loop
      vertex -6.1853 -1.34223 11.5
      vertex -6.14029 -1.2362 19.5
      vertex -6.14029 -1.2362 11.5
    endloop
  endfacet
  facet normal -0.920496 0.390753 0
    outer loop
      vertex -6.14029 -1.2362 19.5
      vertex -6.1853 -1.34223 11.5
      vertex -6.1853 -1.34223 19.5
    endloop
  endfacet
  facet normal -0.945521 0.325563 0
    outer loop
      vertex -6.09901 -1.12867 11.5
      vertex -6.06151 -1.01976 19.5
      vertex -6.06151 -1.01976 11.5
    endloop
  endfacet
  facet normal -0.945521 0.325563 0
    outer loop
      vertex -6.06151 -1.01976 19.5
      vertex -6.09901 -1.12867 11.5
      vertex -6.09901 -1.12867 19.5
    endloop
  endfacet
  facet normal -0.956325 0.292305 0
    outer loop
      vertex -6.06151 -1.01976 11.5
      vertex -6.02784 -0.909603 19.5
      vertex -6.02784 -0.909603 11.5
    endloop
  endfacet
  facet normal -0.956325 0.292305 0
    outer loop
      vertex -6.02784 -0.909603 19.5
      vertex -6.06151 -1.01976 11.5
      vertex -6.06151 -1.01976 19.5
    endloop
  endfacet
  facet normal -0.981625 0.190821 0
    outer loop
      vertex -5.97211 -0.686108 11.5
      vertex -5.95013 -0.573038 19.5
      vertex -5.95013 -0.573038 11.5
    endloop
  endfacet
  facet normal -0.981625 0.190821 0
    outer loop
      vertex -5.95013 -0.573038 19.5
      vertex -5.97211 -0.686108 11.5
      vertex -5.97211 -0.686108 19.5
    endloop
  endfacet
  facet normal -0.996194 0.0871638 0
    outer loop
      vertex -5.91808 -0.344943 11.5
      vertex -5.90804 -0.230196 19.5
      vertex -5.90804 -0.230196 11.5
    endloop
  endfacet
  facet normal -0.996194 0.0871638 0
    outer loop
      vertex -5.90804 -0.230196 19.5
      vertex -5.91808 -0.344943 11.5
      vertex -5.91808 -0.344943 19.5
    endloop
  endfacet
  facet normal -0.390753 0.920496 0
    outer loop
      vertex -7.85777 -3.0147 11.5
      vertex -7.9638 -3.05971 19.5
      vertex -7.85777 -3.0147 19.5
    endloop
  endfacet
  facet normal -0.390753 0.920496 0
    outer loop
      vertex -7.9638 -3.05971 19.5
      vertex -7.85777 -3.0147 11.5
      vertex -7.9638 -3.05971 11.5
    endloop
  endfacet
  facet normal -0.453937 0.891034 0
    outer loop
      vertex -7.65074 -2.91373 11.5
      vertex -7.75338 -2.96602 19.5
      vertex -7.65074 -2.91373 19.5
    endloop
  endfacet
  facet normal -0.453937 0.891034 0
    outer loop
      vertex -7.75338 -2.96602 19.5
      vertex -7.65074 -2.91373 11.5
      vertex -7.75338 -2.96602 11.5
    endloop
  endfacet
  facet normal -0.484869 0.874587 0
    outer loop
      vertex -7.55 -2.85788 11.5
      vertex -7.65074 -2.91373 19.5
      vertex -7.55 -2.85788 19.5
    endloop
  endfacet
  facet normal -0.484869 0.874587 0
    outer loop
      vertex -7.65074 -2.91373 19.5
      vertex -7.55 -2.85788 11.5
      vertex -7.65074 -2.91373 11.5
    endloop
  endfacet
  facet normal -0.57355 0.819171 0
    outer loop
      vertex -7.26031 -2.66976 11.5
      vertex -7.35466 -2.73582 19.5
      vertex -7.26031 -2.66976 19.5
    endloop
  endfacet
  facet normal -0.57355 0.819171 0
    outer loop
      vertex -7.35466 -2.73582 19.5
      vertex -7.26031 -2.66976 11.5
      vertex -7.35466 -2.73582 11.5
    endloop
  endfacet
  facet normal -0.358391 0.933571 0
    outer loop
      vertex -7.9638 -3.05971 11.5
      vertex -8.07133 -3.10099 19.5
      vertex -7.9638 -3.05971 19.5
    endloop
  endfacet
  facet normal -0.358391 0.933571 0
    outer loop
      vertex -8.07133 -3.10099 19.5
      vertex -7.9638 -3.05971 11.5
      vertex -8.07133 -3.10099 11.5
    endloop
  endfacet
  facet normal -0.190821 0.981625 0
    outer loop
      vertex -8.51389 -3.22789 11.5
      vertex -8.62696 -3.24987 19.5
      vertex -8.51389 -3.22789 19.5
    endloop
  endfacet
  facet normal -0.190821 0.981625 0
    outer loop
      vertex -8.62696 -3.24987 19.5
      vertex -8.51389 -3.22789 11.5
      vertex -8.62696 -3.24987 11.5
    endloop
  endfacet
  facet normal -0.258884 0.965909 0
    outer loop
      vertex -8.2904 -3.17216 11.5
      vertex -8.40166 -3.20198 19.5
      vertex -8.2904 -3.17216 19.5
    endloop
  endfacet
  facet normal -0.258884 0.965909 0
    outer loop
      vertex -8.40166 -3.20198 19.5
      vertex -8.2904 -3.17216 11.5
      vertex -8.40166 -3.20198 11.5
    endloop
  endfacet
  facet normal -0.156355 0.987701 0
    outer loop
      vertex -8.62696 -3.24987 11.5
      vertex -8.74073 -3.26788 19.5
      vertex -8.62696 -3.24987 19.5
    endloop
  endfacet
  facet normal -0.156355 0.987701 0
    outer loop
      vertex -8.74073 -3.26788 19.5
      vertex -8.62696 -3.24987 11.5
      vertex -8.74073 -3.26788 11.5
    endloop
  endfacet
  facet normal -0.0174498 0.999848 0
    outer loop
      vertex -9.08483 -3.29799 11.5
      vertex -9.2 -3.3 19.5
      vertex -9.08483 -3.29799 19.5
    endloop
  endfacet
  facet normal -0.0174498 0.999848 0
    outer loop
      vertex -9.2 -3.3 19.5
      vertex -9.08483 -3.29799 11.5
      vertex -9.2 -3.3 11.5
    endloop
  endfacet
  facet normal 0 0 1
    outer loop
      vertex -5.9 0 11.5
      vertex -5.90804 -0.230196 11.5
      vertex -5.90201 -0.115168 11.5
    endloop
  endfacet
  facet normal 0 0 1
    outer loop
      vertex -5.9 0 11.5
      vertex -5.91808 -0.344943 11.5
      vertex -5.90804 -0.230196 11.5
    endloop
  endfacet
  facet normal 0 0 1
    outer loop
      vertex -5.9 0 11.5
      vertex -5.93211 -0.45927 11.5
      vertex -5.91808 -0.344943 11.5
    endloop
  endfacet
  facet normal 0 0 1
    outer loop
      vertex -5.9 0 11.5
      vertex -5.95013 -0.573038 11.5
      vertex -5.93211 -0.45927 11.5
    endloop
  endfacet
  facet normal 0 0 1
    outer loop
      vertex -5.9 0 11.5
      vertex -5.97211 -0.686108 11.5
      vertex -5.95013 -0.573038 11.5
    endloop
  endfacet
  facet normal 0 0 1
    outer loop
      vertex -5.9 0 11.5
      vertex -5.99802 -0.798342 11.5
      vertex -5.97211 -0.686108 11.5
    endloop
  endfacet
  facet normal 0 0 1
    outer loop
      vertex -5.9 0 11.5
      vertex -6.02784 -0.909603 11.5
      vertex -5.99802 -0.798342 11.5
    endloop
  endfacet
  facet normal 0 0 1
    outer loop
      vertex -5.9 0 11.5
      vertex -6.06151 -1.01976 11.5
      vertex -6.02784 -0.909603 11.5
    endloop
  endfacet
  facet normal 0 0 1
    outer loop
      vertex -5.9 0 11.5
      vertex -6.09901 -1.12867 11.5
      vertex -6.06151 -1.01976 11.5
    endloop
  endfacet
  facet normal 0 0 1
    outer loop
      vertex -5.9 0 11.5
      vertex -6.14029 -1.2362 11.5
      vertex -6.09901 -1.12867 11.5
    endloop
  endfacet
  facet normal 0 0 1
    outer loop
      vertex -5.9 0 11.5
      vertex -6.1853 -1.34223 11.5
      vertex -6.14029 -1.2362 11.5
    endloop
  endfacet
  facet normal 0 0 1
    outer loop
      vertex -5.9 0 11.5
      vertex -6.23398 -1.44662 11.5
      vertex -6.1853 -1.34223 11.5
    endloop
  endfacet
  facet normal 0 0 1
    outer loop
      vertex -5.9 0 11.5
      vertex -6.28627 -1.54926 11.5
      vertex -6.23398 -1.44662 11.5
    endloop
  endfacet
  facet normal 0 0 1
    outer loop
      vertex -5.9 0 11.5
      vertex -6.34212 -1.65 11.5
      vertex -6.28627 -1.54926 11.5
    endloop
  endfacet
  facet normal 0 0 1
    outer loop
      vertex -5.9 0 11.5
      vertex -6.40144 -1.74873 11.5
      vertex -6.34212 -1.65 11.5
    endloop
  endfacet
  facet normal 0 0 1
    outer loop
      vertex -5.9 0 11.5
      vertex -6.46418 -1.84534 11.5
      vertex -6.40144 -1.74873 11.5
    endloop
  endfacet
  facet normal 0 0 1
    outer loop
      vertex -5.9 0 11.5
      vertex -6.53024 -1.93969 11.5
      vertex -6.46418 -1.84534 11.5
    endloop
  endfacet
  facet normal 0 0 1
    outer loop
      vertex -5.9 0 11.5
      vertex -6.59956 -2.03168 11.5
      vertex -6.53024 -1.93969 11.5
    endloop
  endfacet
  facet normal 0 0 1
    outer loop
      vertex -5.9 0 11.5
      vertex -6.67205 -2.1212 11.5
      vertex -6.59956 -2.03168 11.5
    endloop
  endfacet
  facet normal 0 0 1
    outer loop
      vertex -5.9 0 11.5
      vertex -6.74762 -2.20813 11.5
      vertex -6.67205 -2.1212 11.5
    endloop
  endfacet
  facet normal 0 0 1
    outer loop
      vertex -5.9 0 11.5
      vertex -6.82618 -2.29237 11.5
      vertex -6.74762 -2.20813 11.5
    endloop
  endfacet
  facet normal 0 0 1
    outer loop
      vertex -5.9 0 11.5
      vertex -6.90763 -2.37382 11.5
      vertex -6.82618 -2.29237 11.5
    endloop
  endfacet
  facet normal 0 0 1
    outer loop
      vertex -5.9 0 11.5
      vertex -6.99187 -2.45238 11.5
      vertex -6.90763 -2.37382 11.5
    endloop
  endfacet
  facet normal 0 0 1
    outer loop
      vertex -5.9 0 11.5
      vertex -7.0788 -2.52795 11.5
      vertex -6.99187 -2.45238 11.5
    endloop
  endfacet
  facet normal 0 0 1
    outer loop
      vertex -5.9 0 11.5
      vertex -7.16832 -2.60044 11.5
      vertex -7.0788 -2.52795 11.5
    endloop
  endfacet
  facet normal 0 0 1
    outer loop
      vertex -5.9 0 11.5
      vertex -7.26031 -2.66976 11.5
      vertex -7.16832 -2.60044 11.5
    endloop
  endfacet
  facet normal 0 0 1
    outer loop
      vertex -5.9 0 11.5
      vertex -7.35466 -2.73582 11.5
      vertex -7.26031 -2.66976 11.5
    endloop
  endfacet
  facet normal 0 0 1
    outer loop
      vertex -5.9 0 11.5
      vertex -7.45127 -2.79856 11.5
      vertex -7.35466 -2.73582 11.5
    endloop
  endfacet
  facet normal 0 0 1
    outer loop
      vertex -5.9 0 11.5
      vertex -7.55 -2.85788 11.5
      vertex -7.45127 -2.79856 11.5
    endloop
  endfacet
  facet normal 0 0 1
    outer loop
      vertex -5.9 0 11.5
      vertex -7.65074 -2.91373 11.5
      vertex -7.55 -2.85788 11.5
    endloop
  endfacet
  facet normal 0 0 1
    outer loop
      vertex -5.9 0 11.5
      vertex -7.75338 -2.96602 11.5
      vertex -7.65074 -2.91373 11.5
    endloop
  endfacet
  facet normal 0 0 1
    outer loop
      vertex -5.9 0 11.5
      vertex -7.85777 -3.0147 11.5
      vertex -7.75338 -2.96602 11.5
    endloop
  endfacet
  facet normal 0 0 1
    outer loop
      vertex -5.9 0 11.5
      vertex -7.9638 -3.05971 11.5
      vertex -7.85777 -3.0147 11.5
    endloop
  endfacet
  facet normal 0 0 1
    outer loop
      vertex -5.9 0 11.5
      vertex -8.07133 -3.10099 11.5
      vertex -7.9638 -3.05971 11.5
    endloop
  endfacet
  facet normal 0 0 1
    outer loop
      vertex -5.9 0 11.5
      vertex -8.18024 -3.13849 11.5
      vertex -8.07133 -3.10099 11.5
    endloop
  endfacet
  facet normal 0 0 1
    outer loop
      vertex -5.9 0 11.5
      vertex -8.2904 -3.17216 11.5
      vertex -8.18024 -3.13849 11.5
    endloop
  endfacet
  facet normal 0 0 1
    outer loop
      vertex -5.9 0 11.5
      vertex -8.40166 -3.20198 11.5
      vertex -8.2904 -3.17216 11.5
    endloop
  endfacet
  facet normal 0 0 1
    outer loop
      vertex -5.9 0 11.5
      vertex -8.51389 -3.22789 11.5
      vertex -8.40166 -3.20198 11.5
    endloop
  endfacet
  facet normal 0 0 1
    outer loop
      vertex -5.9 0 11.5
      vertex -8.62696 -3.24987 11.5
      vertex -8.51389 -3.22789 11.5
    endloop
  endfacet
  facet normal 0 0 1
    outer loop
      vertex -5.9 0 11.5
      vertex -8.74073 -3.26788 11.5
      vertex -8.62696 -3.24987 11.5
    endloop
  endfacet
  facet normal 0 0 1
    outer loop
      vertex -5.9 0 11.5
      vertex -8.85506 -3.28192 11.5
      vertex -8.74073 -3.26788 11.5
    endloop
  endfacet
  facet normal 0 0 1
    outer loop
      vertex -5.9 0 11.5
      vertex -8.9698 -3.29196 11.5
      vertex -8.85506 -3.28192 11.5
    endloop
  endfacet
  facet normal 0 0 1
    outer loop
      vertex -5.9 0 11.5
      vertex -9.08483 -3.29799 11.5
      vertex -8.9698 -3.29196 11.5
    endloop
  endfacet
  facet normal 0 0 1
    outer loop
      vertex -5.9 0 11.5
      vertex -9.2 -3.3 11.5
      vertex -9.08483 -3.29799 11.5
    endloop
  endfacet
  facet normal 0 0 1
    outer loop
      vertex -5.9 0 11.5
      vertex -9.31517 -3.29799 11.5
      vertex -9.2 -3.3 11.5
    endloop
  endfacet
  facet normal 0 0 1
    outer loop
      vertex -5.9 0 11.5
      vertex -9.4302 -3.29196 11.5
      vertex -9.31517 -3.29799 11.5
    endloop
  endfacet
  facet normal 0 0 1
    outer loop
      vertex -5.9 0 11.5
      vertex -9.54494 -3.28192 11.5
      vertex -9.4302 -3.29196 11.5
    endloop
  endfacet
  facet normal 0 0 1
    outer loop
      vertex -5.9 0 11.5
      vertex -9.65927 -3.26788 11.5
      vertex -9.54494 -3.28192 11.5
    endloop
  endfacet
  facet normal 0 0 1
    outer loop
      vertex -5.9 0 11.5
      vertex -9.77304 -3.24987 11.5
      vertex -9.65927 -3.26788 11.5
    endloop
  endfacet
  facet normal 0 0 1
    outer loop
      vertex -5.9 0 11.5
      vertex -9.88611 -3.22789 11.5
      vertex -9.77304 -3.24987 11.5
    endloop
  endfacet
  facet normal 0 0 1
    outer loop
      vertex -5.9 0 11.5
      vertex -9.99834 -3.20198 11.5
      vertex -9.88611 -3.22789 11.5
    endloop
  endfacet
  facet normal 0 0 1
    outer loop
      vertex -5.9 0 11.5
      vertex -10.1096 -3.17216 11.5
      vertex -9.99834 -3.20198 11.5
    endloop
  endfacet
  facet normal 0 0 1
    outer loop
      vertex -5.9 0 11.5
      vertex -10.2198 -3.13849 11.5
      vertex -10.1096 -3.17216 11.5
    endloop
  endfacet
  facet normal 0 0 1
    outer loop
      vertex -5.9 0 11.5
      vertex -10.3287 -3.10099 11.5
      vertex -10.2198 -3.13849 11.5
    endloop
  endfacet
  facet normal 0 0 1
    outer loop
      vertex -5.9 0 11.5
      vertex -10.4362 -3.05971 11.5
      vertex -10.3287 -3.10099 11.5
    endloop
  endfacet
  facet normal 0 0 1
    outer loop
      vertex -5.9 0 11.5
      vertex -10.5422 -3.0147 11.5
      vertex -10.4362 -3.05971 11.5
    endloop
  endfacet
  facet normal 0 0 1
    outer loop
      vertex -5.9 0 11.5
      vertex -10.6466 -2.96602 11.5
      vertex -10.5422 -3.0147 11.5
    endloop
  endfacet
  facet normal 0 0 1
    outer loop
      vertex -5.9 0 11.5
      vertex -10.7493 -2.91373 11.5
      vertex -10.6466 -2.96602 11.5
    endloop
  endfacet
  facet normal 0 0 1
    outer loop
      vertex -5.9 0 11.5
      vertex -10.85 -2.85788 11.5
      vertex -10.7493 -2.91373 11.5
    endloop
  endfacet
  facet normal 0 0 1
    outer loop
      vertex -5.9 0 11.5
      vertex -10.9487 -2.79856 11.5
      vertex -10.85 -2.85788 11.5
    endloop
  endfacet
  facet normal 0 0 1
    outer loop
      vertex -5.9 0 11.5
      vertex -11.0453 -2.73582 11.5
      vertex -10.9487 -2.79856 11.5
    endloop
  endfacet
  facet normal 0 0 1
    outer loop
      vertex -5.9 0 11.5
      vertex -11.1397 -2.66976 11.5
      vertex -11.0453 -2.73582 11.5
    endloop
  endfacet
  facet normal 0 0 1
    outer loop
      vertex -5.9 0 11.5
      vertex -11.2317 -2.60044 11.5
      vertex -11.1397 -2.66976 11.5
    endloop
  endfacet
  facet normal 0 0 1
    outer loop
      vertex -5.9 0 11.5
      vertex -11.3212 -2.52795 11.5
      vertex -11.2317 -2.60044 11.5
    endloop
  endfacet
  facet normal 0 0 1
    outer loop
      vertex -5.9 0 11.5
      vertex -11.4081 -2.45238 11.5
      vertex -11.3212 -2.52795 11.5
    endloop
  endfacet
  facet normal 0 0 1
    outer loop
      vertex -5.9 0 11.5
      vertex -11.4924 -2.37382 11.5
      vertex -11.4081 -2.45238 11.5
    endloop
  endfacet
  facet normal 0 0 1
    outer loop
      vertex -5.9 0 11.5
      vertex -11.5738 -2.29237 11.5
      vertex -11.4924 -2.37382 11.5
    endloop
  endfacet
  facet normal 0 0 1
    outer loop
      vertex -5.9 0 11.5
      vertex -11.6524 -2.20813 11.5
      vertex -11.5738 -2.29237 11.5
    endloop
  endfacet
  facet normal 0 0 1
    outer loop
      vertex -5.9 0 11.5
      vertex -11.7279 -2.1212 11.5
      vertex -11.6524 -2.20813 11.5
    endloop
  endfacet
  facet normal 0 0 1
    outer loop
      vertex -5.9 0 11.5
      vertex -11.8004 -2.03168 11.5
      vertex -11.7279 -2.1212 11.5
    endloop
  endfacet
  facet normal 0 0 1
    outer loop
      vertex -5.9 0 11.5
      vertex -11.8698 -1.93969 11.5
      vertex -11.8004 -2.03168 11.5
    endloop
  endfacet
  facet normal 0 0 1
    outer loop
      vertex -5.9 0 11.5
      vertex -11.9358 -1.84534 11.5
      vertex -11.8698 -1.93969 11.5
    endloop
  endfacet
  facet normal 0 0 1
    outer loop
      vertex -5.9 0 11.5
      vertex -11.9986 -1.74873 11.5
      vertex -11.9358 -1.84534 11.5
    endloop
  endfacet
  facet normal 0 0 1
    outer loop
      vertex -5.9 0 11.5
      vertex -12.0579 -1.65 11.5
      vertex -11.9986 -1.74873 11.5
    endloop
  endfacet
  facet normal 0 0 1
    outer loop
      vertex -5.9 0 11.5
      vertex -12.1137 -1.54926 11.5
      vertex -12.0579 -1.65 11.5
    endloop
  endfacet
  facet normal 0 0 1
    outer loop
      vertex -5.9 0 11.5
      vertex -12.166 -1.44662 11.5
      vertex -12.1137 -1.54926 11.5
    endloop
  endfacet
  facet normal 0 0 1
    outer loop
      vertex -5.9 0 11.5
      vertex -12.2147 -1.34223 11.5
      vertex -12.166 -1.44662 11.5
    endloop
  endfacet
  facet normal 0 0 1
    outer loop
      vertex -5.9 0 11.5
      vertex -12.2597 -1.2362 11.5
      vertex -12.2147 -1.34223 11.5
    endloop
  endfacet
  facet normal 0 0 1
    outer loop
      vertex -5.9 0 11.5
      vertex -12.301 -1.12867 11.5
      vertex -12.2597 -1.2362 11.5
    endloop
  endfacet
  facet normal 0 0 1
    outer loop
      vertex -5.9 0 11.5
      vertex -12.3385 -1.01976 11.5
      vertex -12.301 -1.12867 11.5
    endloop
  endfacet
  facet normal 0 0 1
    outer loop
      vertex -5.9 0 11.5
      vertex -12.3722 -0.909603 11.5
      vertex -12.3385 -1.01976 11.5
    endloop
  endfacet
  facet normal 0 0 1
    outer loop
      vertex -5.9 0 11.5
      vertex -12.402 -0.798342 11.5
      vertex -12.3722 -0.909603 11.5
    endloop
  endfacet
  facet normal 0 0 1
    outer loop
      vertex -5.9 0 11.5
      vertex -12.4279 -0.686108 11.5
      vertex -12.402 -0.798342 11.5
    endloop
  endfacet
  facet normal 0 0 1
    outer loop
      vertex -5.9 0 11.5
      vertex -12.4499 -0.573038 11.5
      vertex -12.4279 -0.686108 11.5
    endloop
  endfacet
  facet normal 0 0 1
    outer loop
      vertex -5.9 0 11.5
      vertex -12.4679 -0.45927 11.5
      vertex -12.4499 -0.573038 11.5
    endloop
  endfacet
  facet normal 0 0 1
    outer loop
      vertex -5.9 0 11.5
      vertex -12.4819 -0.344943 11.5
      vertex -12.4679 -0.45927 11.5
    endloop
  endfacet
  facet normal 0 0 1
    outer loop
      vertex -5.9 0 11.5
      vertex -12.492 -0.230196 11.5
      vertex -12.4819 -0.344943 11.5
    endloop
  endfacet
  facet normal 0 0 1
    outer loop
      vertex -5.9 0 11.5
      vertex -12.498 -0.115168 11.5
      vertex -12.492 -0.230196 11.5
    endloop
  endfacet
  facet normal 0 -0 1
    outer loop
      vertex -12.498 -0.115168 11.5
      vertex -5.9 0 11.5
      vertex -12.5 0 11.5
    endloop
  endfacet
  facet normal 0.987714 0.156273 0
    outer loop
      vertex -12.4499 -0.573038 14.2
      vertex -12.4679 -0.45927 11.5
      vertex -12.4679 -0.45927 14.2
    endloop
  endfacet
  facet normal 0.987714 0.156273 0
    outer loop
      vertex -12.4679 -0.45927 11.5
      vertex -12.4499 -0.573038 14.2
      vertex -12.4499 -0.573038 11.5
    endloop
  endfacet
  facet normal 0.987714 0.156273 0
    outer loop
      vertex -12.4499 -0.573038 19.5
      vertex -12.4679 -0.45927 16.8
      vertex -12.4679 -0.45927 19.5
    endloop
  endfacet
  facet normal 0.987714 0.156273 0
    outer loop
      vertex -12.4679 -0.45927 16.8
      vertex -12.4499 -0.573038 19.5
      vertex -12.4499 -0.573038 16.8
    endloop
  endfacet
  facet normal 0.992586 0.121548 0
    outer loop
      vertex -12.4679 -0.45927 14.2
      vertex -12.4819 -0.344943 11.5
      vertex -12.4819 -0.344943 14.2
    endloop
  endfacet
  facet normal 0.992586 0.121548 0
    outer loop
      vertex -12.4819 -0.344943 11.5
      vertex -12.4679 -0.45927 14.2
      vertex -12.4679 -0.45927 11.5
    endloop
  endfacet
  facet normal 0.992586 0.121548 0
    outer loop
      vertex -12.4679 -0.45927 19.5
      vertex -12.4819 -0.344943 16.8
      vertex -12.4819 -0.344943 19.5
    endloop
  endfacet
  facet normal 0.992586 0.121548 0
    outer loop
      vertex -12.4819 -0.344943 16.8
      vertex -12.4679 -0.45927 19.5
      vertex -12.4679 -0.45927 16.8
    endloop
  endfacet
  facet normal 0.933513 0.358543 0
    outer loop
      vertex -12.2597 -1.2362 19.5
      vertex -12.301 -1.12867 11.5
      vertex -12.301 -1.12867 19.5
    endloop
  endfacet
  facet normal 0.933513 0.358543 0
    outer loop
      vertex -12.301 -1.12867 11.5
      vertex -12.2597 -1.2362 19.5
      vertex -12.2597 -1.2362 11.5
    endloop
  endfacet
  facet normal 0.731159 0.682207 0
    outer loop
      vertex -11.5738 -2.29237 19.5
      vertex -11.6524 -2.20813 11.5
      vertex -11.6524 -2.20813 19.5
    endloop
  endfacet
  facet normal 0.731159 0.682207 0
    outer loop
      vertex -11.6524 -2.20813 11.5
      vertex -11.5738 -2.29237 19.5
      vertex -11.5738 -2.29237 11.5
    endloop
  endfacet
  facet normal 0.819415 0.5732 0
    outer loop
      vertex -11.8698 -1.93969 19.5
      vertex -11.9358 -1.84534 11.5
      vertex -11.9358 -1.84534 19.5
    endloop
  endfacet
  facet normal 0.819415 0.5732 0
    outer loop
      vertex -11.9358 -1.84534 11.5
      vertex -11.8698 -1.93969 19.5
      vertex -11.8698 -1.93969 11.5
    endloop
  endfacet
  facet normal 0.83843 0.54501 0
    outer loop
      vertex -11.9358 -1.84534 19.5
      vertex -11.9986 -1.74873 11.5
      vertex -11.9986 -1.74873 19.5
    endloop
  endfacet
  facet normal 0.83843 0.54501 0
    outer loop
      vertex -11.9986 -1.74873 11.5
      vertex -11.9358 -1.84534 19.5
      vertex -11.9358 -1.84534 11.5
    endloop
  endfacet
  facet normal 0.906234 0.422776 0
    outer loop
      vertex -12.166 -1.44662 19.5
      vertex -12.2147 -1.34223 11.5
      vertex -12.2147 -1.34223 19.5
    endloop
  endfacet
  facet normal 0.906234 0.422776 0
    outer loop
      vertex -12.2147 -1.34223 11.5
      vertex -12.166 -1.44662 19.5
      vertex -12.166 -1.44662 11.5
    endloop
  endfacet
  facet normal 0.325589 0.945511 -0
    outer loop
      vertex -10.2198 -3.13849 11.5
      vertex -10.3287 -3.10099 19.5
      vertex -10.2198 -3.13849 19.5
    endloop
  endfacet
  facet normal 0.325589 0.945511 0
    outer loop
      vertex -10.3287 -3.10099 19.5
      vertex -10.2198 -3.13849 11.5
      vertex -10.3287 -3.10099 11.5
    endloop
  endfacet
  facet normal 0.190821 0.981625 -0
    outer loop
      vertex -9.77304 -3.24987 11.5
      vertex -9.88611 -3.22789 19.5
      vertex -9.77304 -3.24987 19.5
    endloop
  endfacet
  facet normal 0.190821 0.981625 0
    outer loop
      vertex -9.88611 -3.22789 19.5
      vertex -9.77304 -3.24987 11.5
      vertex -9.88611 -3.22789 11.5
    endloop
  endfacet
  facet normal 0.224948 0.974371 -0
    outer loop
      vertex -9.88611 -3.22789 11.5
      vertex -9.99834 -3.20198 19.5
      vertex -9.88611 -3.22789 19.5
    endloop
  endfacet
  facet normal 0.224948 0.974371 0
    outer loop
      vertex -9.99834 -3.20198 19.5
      vertex -9.88611 -3.22789 11.5
      vertex -9.99834 -3.20198 11.5
    endloop
  endfacet
  facet normal 0.121887 0.992544 -0
    outer loop
      vertex -9.54494 -3.28192 11.5
      vertex -9.65927 -3.26788 19.5
      vertex -9.54494 -3.28192 19.5
    endloop
  endfacet
  facet normal 0.121887 0.992544 0
    outer loop
      vertex -9.65927 -3.26788 19.5
      vertex -9.54494 -3.28192 11.5
      vertex -9.65927 -3.26788 11.5
    endloop
  endfacet
  facet normal 0.4226 0.906316 -0
    outer loop
      vertex -10.5422 -3.0147 11.5
      vertex -10.6466 -2.96602 19.5
      vertex -10.5422 -3.0147 19.5
    endloop
  endfacet
  facet normal 0.4226 0.906316 0
    outer loop
      vertex -10.6466 -2.96602 19.5
      vertex -10.5422 -3.0147 11.5
      vertex -10.6466 -2.96602 11.5
    endloop
  endfacet
  facet normal 0.544683 0.838642 -0
    outer loop
      vertex -10.9487 -2.79856 11.5
      vertex -11.0453 -2.73582 19.5
      vertex -10.9487 -2.79856 19.5
    endloop
  endfacet
  facet normal 0.544683 0.838642 0
    outer loop
      vertex -11.0453 -2.73582 19.5
      vertex -10.9487 -2.79856 11.5
      vertex -11.0453 -2.73582 11.5
    endloop
  endfacet
  facet normal 0.573346 0.819313 -0
    outer loop
      vertex -11.0453 -2.73582 11.5
      vertex -11.1397 -2.66976 19.5
      vertex -11.0453 -2.73582 19.5
    endloop
  endfacet
  facet normal 0.573346 0.819313 0
    outer loop
      vertex -11.1397 -2.66976 19.5
      vertex -11.0453 -2.73582 11.5
      vertex -11.1397 -2.66976 11.5
    endloop
  endfacet
  facet normal 0.681761 0.731575 -0
    outer loop
      vertex -11.4081 -2.45238 11.5
      vertex -11.4924 -2.37382 19.5
      vertex -11.4081 -2.45238 19.5
    endloop
  endfacet
  facet normal 0.681761 0.731575 0
    outer loop
      vertex -11.4924 -2.37382 19.5
      vertex -11.4081 -2.45238 11.5
      vertex -11.4924 -2.37382 11.5
    endloop
  endfacet
  facet normal -0.707107 0.707107 0
    outer loop
      vertex -6.90763 -2.37382 11.5
      vertex -6.82618 -2.29237 19.5
      vertex -6.82618 -2.29237 11.5
    endloop
  endfacet
  facet normal -0.707107 0.707107 0
    outer loop
      vertex -6.82618 -2.29237 19.5
      vertex -6.90763 -2.37382 11.5
      vertex -6.90763 -2.37382 19.5
    endloop
  endfacet
  facet normal -0.777154 0.629311 0
    outer loop
      vertex -6.67205 -2.1212 11.5
      vertex -6.59956 -2.03168 19.5
      vertex -6.59956 -2.03168 11.5
    endloop
  endfacet
  facet normal -0.777154 0.629311 0
    outer loop
      vertex -6.59956 -2.03168 19.5
      vertex -6.67205 -2.1212 11.5
      vertex -6.67205 -2.1212 19.5
    endloop
  endfacet
  facet normal -0.819171 0.57355 0
    outer loop
      vertex -6.53024 -1.93969 11.5
      vertex -6.46418 -1.84534 19.5
      vertex -6.46418 -1.84534 11.5
    endloop
  endfacet
  facet normal -0.819171 0.57355 0
    outer loop
      vertex -6.46418 -1.84534 19.5
      vertex -6.53024 -1.93969 11.5
      vertex -6.53024 -1.93969 19.5
    endloop
  endfacet
  facet normal -0.731332 0.682021 0
    outer loop
      vertex -6.82618 -2.29237 11.5
      vertex -6.74762 -2.20813 19.5
      vertex -6.74762 -2.20813 11.5
    endloop
  endfacet
  facet normal -0.731332 0.682021 0
    outer loop
      vertex -6.74762 -2.20813 19.5
      vertex -6.82618 -2.29237 11.5
      vertex -6.82618 -2.29237 19.5
    endloop
  endfacet
  facet normal -0.891034 0.453937 0
    outer loop
      vertex -6.28627 -1.54926 11.5
      vertex -6.23398 -1.44662 19.5
      vertex -6.23398 -1.44662 11.5
    endloop
  endfacet
  facet normal -0.891034 0.453937 0
    outer loop
      vertex -6.23398 -1.44662 19.5
      vertex -6.28627 -1.54926 11.5
      vertex -6.28627 -1.54926 19.5
    endloop
  endfacet
  facet normal -0.933571 0.358391 0
    outer loop
      vertex -6.14029 -1.2362 11.5
      vertex -6.09901 -1.12867 19.5
      vertex -6.09901 -1.12867 11.5
    endloop
  endfacet
  facet normal -0.933571 0.358391 0
    outer loop
      vertex -6.09901 -1.12867 19.5
      vertex -6.14029 -1.2362 11.5
      vertex -6.14029 -1.2362 19.5
    endloop
  endfacet
  facet normal -0.974372 0.224941 0
    outer loop
      vertex -5.99802 -0.798342 11.5
      vertex -5.97211 -0.686108 19.5
      vertex -5.97211 -0.686108 11.5
    endloop
  endfacet
  facet normal -0.974372 0.224941 0
    outer loop
      vertex -5.97211 -0.686108 19.5
      vertex -5.99802 -0.798342 11.5
      vertex -5.99802 -0.798342 19.5
    endloop
  endfacet
  facet normal -0.965909 0.258881 0
    outer loop
      vertex -6.02784 -0.909603 11.5
      vertex -5.99802 -0.798342 19.5
      vertex -5.99802 -0.798342 11.5
    endloop
  endfacet
  facet normal -0.965909 0.258881 0
    outer loop
      vertex -5.99802 -0.798342 19.5
      vertex -6.02784 -0.909603 11.5
      vertex -6.02784 -0.909603 19.5
    endloop
  endfacet
  facet normal -0.987687 0.156442 0
    outer loop
      vertex -5.95013 -0.573038 11.5
      vertex -5.93211 -0.45927 19.5
      vertex -5.93211 -0.45927 11.5
    endloop
  endfacet
  facet normal -0.987687 0.156442 0
    outer loop
      vertex -5.93211 -0.45927 19.5
      vertex -5.95013 -0.573038 11.5
      vertex -5.95013 -0.573038 19.5
    endloop
  endfacet
  facet normal -0.998629 0.0523501 0
    outer loop
      vertex -5.90804 -0.230196 11.5
      vertex -5.90201 -0.115168 19.5
      vertex -5.90201 -0.115168 11.5
    endloop
  endfacet
  facet normal -0.998629 0.0523501 0
    outer loop
      vertex -5.90201 -0.115168 19.5
      vertex -5.90804 -0.230196 11.5
      vertex -5.90804 -0.230196 19.5
    endloop
  endfacet
  facet normal -0.422634 0.906301 0
    outer loop
      vertex -7.75338 -2.96602 11.5
      vertex -7.85777 -3.0147 19.5
      vertex -7.75338 -2.96602 19.5
    endloop
  endfacet
  facet normal -0.422634 0.906301 0
    outer loop
      vertex -7.85777 -3.0147 19.5
      vertex -7.75338 -2.96602 11.5
      vertex -7.85777 -3.0147 11.5
    endloop
  endfacet
  facet normal -0.544644 0.838668 0
    outer loop
      vertex -7.35466 -2.73582 11.5
      vertex -7.45127 -2.79856 19.5
      vertex -7.35466 -2.73582 19.5
    endloop
  endfacet
  facet normal -0.544644 0.838668 0
    outer loop
      vertex -7.45127 -2.79856 19.5
      vertex -7.35466 -2.73582 11.5
      vertex -7.45127 -2.79856 11.5
    endloop
  endfacet
  facet normal -0.515019 0.857179 0
    outer loop
      vertex -7.45127 -2.79856 11.5
      vertex -7.55 -2.85788 19.5
      vertex -7.45127 -2.79856 19.5
    endloop
  endfacet
  facet normal -0.515019 0.857179 0
    outer loop
      vertex -7.55 -2.85788 19.5
      vertex -7.45127 -2.79856 11.5
      vertex -7.55 -2.85788 11.5
    endloop
  endfacet
  facet normal -0.224948 0.974371 0
    outer loop
      vertex -8.40166 -3.20198 11.5
      vertex -8.51389 -3.22789 19.5
      vertex -8.40166 -3.20198 19.5
    endloop
  endfacet
  facet normal -0.224948 0.974371 0
    outer loop
      vertex -8.51389 -3.22789 19.5
      vertex -8.40166 -3.20198 11.5
      vertex -8.51389 -3.22789 11.5
    endloop
  endfacet
  facet normal -0.325563 0.945521 0
    outer loop
      vertex -8.07133 -3.10099 11.5
      vertex -8.18024 -3.13849 19.5
      vertex -8.07133 -3.10099 19.5
    endloop
  endfacet
  facet normal -0.325563 0.945521 0
    outer loop
      vertex -8.18024 -3.13849 19.5
      vertex -8.07133 -3.10099 11.5
      vertex -8.18024 -3.13849 11.5
    endloop
  endfacet
  facet normal -0.121887 0.992544 0
    outer loop
      vertex -8.74073 -3.26788 11.5
      vertex -8.85506 -3.28192 19.5
      vertex -8.74073 -3.26788 19.5
    endloop
  endfacet
  facet normal -0.121887 0.992544 0
    outer loop
      vertex -8.85506 -3.28192 19.5
      vertex -8.74073 -3.26788 11.5
      vertex -8.85506 -3.28192 11.5
    endloop
  endfacet
  facet normal 0.965953 0.258719 0
    outer loop
      vertex -12.3722 -0.909603 14.2
      vertex -12.402 -0.798342 11.5
      vertex -12.402 -0.798342 14.2
    endloop
  endfacet
  facet normal 0.965953 0.258719 0
    outer loop
      vertex -12.402 -0.798342 11.5
      vertex -12.3722 -0.909603 14.2
      vertex -12.3722 -0.909603 11.5
    endloop
  endfacet
  facet normal 0.965953 0.258719 0
    outer loop
      vertex -12.3722 -0.909603 19.5
      vertex -12.402 -0.798342 16.8
      vertex -12.402 -0.798342 19.5
    endloop
  endfacet
  facet normal 0.965953 0.258719 0
    outer loop
      vertex -12.402 -0.798342 16.8
      vertex -12.3722 -0.909603 19.5
      vertex -12.3722 -0.909603 16.8
    endloop
  endfacet
  facet normal 0.453727 0.891141 -0
    outer loop
      vertex -10.6466 -2.96602 11.5
      vertex -10.7493 -2.91373 19.5
      vertex -10.6466 -2.96602 19.5
    endloop
  endfacet
  facet normal 0.453727 0.891141 0
    outer loop
      vertex -10.7493 -2.91373 19.5
      vertex -10.6466 -2.96602 11.5
      vertex -10.7493 -2.91373 11.5
    endloop
  endfacet
  facet normal -0.798633 0.601818 0
    outer loop
      vertex -6.59956 -2.03168 11.5
      vertex -6.53024 -1.93969 19.5
      vertex -6.53024 -1.93969 11.5
    endloop
  endfacet
  facet normal -0.798633 0.601818 0
    outer loop
      vertex -6.53024 -1.93969 19.5
      vertex -6.59956 -2.03168 11.5
      vertex -6.59956 -2.03168 19.5
    endloop
  endfacet
  facet normal -0.754697 0.656073 0
    outer loop
      vertex -6.74762 -2.20813 11.5
      vertex -6.67205 -2.1212 19.5
      vertex -6.67205 -2.1212 11.5
    endloop
  endfacet
  facet normal -0.754697 0.656073 0
    outer loop
      vertex -6.67205 -2.1212 19.5
      vertex -6.74762 -2.20813 11.5
      vertex -6.74762 -2.20813 19.5
    endloop
  endfacet
  facet normal -0.874587 0.484869 0
    outer loop
      vertex -6.34212 -1.65 11.5
      vertex -6.28627 -1.54926 19.5
      vertex -6.28627 -1.54926 11.5
    endloop
  endfacet
  facet normal -0.874587 0.484869 0
    outer loop
      vertex -6.28627 -1.54926 19.5
      vertex -6.34212 -1.65 11.5
      vertex -6.34212 -1.65 19.5
    endloop
  endfacet
  facet normal -0.601818 0.798633 0
    outer loop
      vertex -7.16832 -2.60044 11.5
      vertex -7.26031 -2.66976 19.5
      vertex -7.16832 -2.60044 19.5
    endloop
  endfacet
  facet normal -0.601818 0.798633 0
    outer loop
      vertex -7.26031 -2.66976 19.5
      vertex -7.16832 -2.60044 11.5
      vertex -7.26031 -2.66976 11.5
    endloop
  endfacet
  facet normal -0.292298 0.956327 0
    outer loop
      vertex -8.18024 -3.13849 11.5
      vertex -8.2904 -3.17216 19.5
      vertex -8.18024 -3.13849 19.5
    endloop
  endfacet
  facet normal -0.292298 0.956327 0
    outer loop
      vertex -8.2904 -3.17216 19.5
      vertex -8.18024 -3.13849 11.5
      vertex -8.2904 -3.17216 11.5
    endloop
  endfacet
  facet normal -0.0871691 0.996194 0
    outer loop
      vertex -8.85506 -3.28192 11.5
      vertex -8.9698 -3.29196 19.5
      vertex -8.85506 -3.28192 19.5
    endloop
  endfacet
  facet normal -0.0871691 0.996194 0
    outer loop
      vertex -8.9698 -3.29196 19.5
      vertex -8.85506 -3.28192 11.5
      vertex -8.9698 -3.29196 11.5
    endloop
  endfacet
  facet normal 0 0 -1
    outer loop
      vertex -14.4626 -1.1 16.8
      vertex -12.3385 -1.01976 16.8
      vertex -12.3109 -1.1 16.8
    endloop
  endfacet
  facet normal 0 0 -1
    outer loop
      vertex -14.4626 -1.1 16.8
      vertex -12.3722 -0.909603 16.8
      vertex -12.3385 -1.01976 16.8
    endloop
  endfacet
  facet normal 0 0 -1
    outer loop
      vertex -14.4626 -1.1 16.8
      vertex -12.402 -0.798342 16.8
      vertex -12.3722 -0.909603 16.8
    endloop
  endfacet
  facet normal 0 0 -1
    outer loop
      vertex -14.4626 -1.1 16.8
      vertex -12.4279 -0.686108 16.8
      vertex -12.402 -0.798342 16.8
    endloop
  endfacet
  facet normal 0 0 -1
    outer loop
      vertex -14.4703 -1.01186 16.8
      vertex -12.4279 -0.686108 16.8
      vertex -14.4626 -1.1 16.8
    endloop
  endfacet
  facet normal -0 0 -1
    outer loop
      vertex -12.4279 -0.686108 16.8
      vertex -14.4703 -1.01186 16.8
      vertex -12.4499 -0.573038 16.8
    endloop
  endfacet
  facet normal 0 0 -1
    outer loop
      vertex -14.4869 -0.694029 16.8
      vertex -12.4499 -0.573038 16.8
      vertex -14.4703 -1.01186 16.8
    endloop
  endfacet
  facet normal -0 0 -1
    outer loop
      vertex -12.4499 -0.573038 16.8
      vertex -14.4869 -0.694029 16.8
      vertex -12.4679 -0.45927 16.8
    endloop
  endfacet
  facet normal 0 0 -1
    outer loop
      vertex -14.4968 -0.506238 16.8
      vertex -12.4679 -0.45927 16.8
      vertex -14.4869 -0.694029 16.8
    endloop
  endfacet
  facet normal -0 0 -1
    outer loop
      vertex -12.4679 -0.45927 16.8
      vertex -14.4968 -0.506238 16.8
      vertex -12.4819 -0.344943 16.8
    endloop
  endfacet
  facet normal -0 0 -1
    outer loop
      vertex -12.4819 -0.344943 16.8
      vertex -14.4968 -0.506238 16.8
      vertex -12.492 -0.230196 16.8
    endloop
  endfacet
  facet normal 0 0 -1
    outer loop
      vertex -14.5023 -0.188019 16.8
      vertex -12.492 -0.230196 16.8
      vertex -14.4968 -0.506238 16.8
    endloop
  endfacet
  facet normal 0 0 -1
    outer loop
      vertex -12.492 -0.230196 16.8
      vertex -14.5023 -0.188019 16.8
      vertex -12.498 -0.115168 16.8
    endloop
  endfacet
  facet normal -0 0 -1
    outer loop
      vertex -12.498 -0.115168 16.8
      vertex -14.5023 -0.188019 16.8
      vertex -12.5 0 16.8
    endloop
  endfacet
  facet normal -0 0 -1
    outer loop
      vertex -12.5 0 16.8
      vertex -14.5023 -0.188019 16.8
      vertex -14.5056 0 16.8
    endloop
  endfacet
  facet normal 0 0 1
    outer loop
      vertex -12.3385 -1.01976 14.2
      vertex -14.4626 -1.1 14.2
      vertex -12.3109 -1.1 14.2
    endloop
  endfacet
  facet normal 0 0 1
    outer loop
      vertex -12.3722 -0.909603 14.2
      vertex -14.4626 -1.1 14.2
      vertex -12.3385 -1.01976 14.2
    endloop
  endfacet
  facet normal 0 0 1
    outer loop
      vertex -12.402 -0.798342 14.2
      vertex -14.4626 -1.1 14.2
      vertex -12.3722 -0.909603 14.2
    endloop
  endfacet
  facet normal 0 0 1
    outer loop
      vertex -12.4279 -0.686108 14.2
      vertex -14.4626 -1.1 14.2
      vertex -12.402 -0.798342 14.2
    endloop
  endfacet
  facet normal 0 0 1
    outer loop
      vertex -14.4801 -0.824071 14.2
      vertex -12.4279 -0.686108 14.2
      vertex -12.4499 -0.573038 14.2
    endloop
  endfacet
  facet normal 0 0 1
    outer loop
      vertex -14.4801 -0.824071 14.2
      vertex -12.4499 -0.573038 14.2
      vertex -12.4679 -0.45927 14.2
    endloop
  endfacet
  facet normal 0 0 1
    outer loop
      vertex -14.4968 -0.506238 14.2
      vertex -12.4679 -0.45927 14.2
      vertex -12.4819 -0.344943 14.2
    endloop
  endfacet
  facet normal -0 0 1
    outer loop
      vertex -14.5001 -0.318219 14.2
      vertex -12.4819 -0.344943 14.2
      vertex -12.492 -0.230196 14.2
    endloop
  endfacet
  facet normal 0 0 1
    outer loop
      vertex -14.5001 -0.318219 14.2
      vertex -12.492 -0.230196 14.2
      vertex -12.498 -0.115168 14.2
    endloop
  endfacet
  facet normal -0 0 1
    outer loop
      vertex -14.5056 0 14.2
      vertex -12.498 -0.115168 14.2
      vertex -12.5 0 14.2
    endloop
  endfacet
  facet normal 0 0 1
    outer loop
      vertex -12.4279 -0.686108 14.2
      vertex -14.4703 -1.01186 14.2
      vertex -14.4626 -1.1 14.2
    endloop
  endfacet
  facet normal 0 0 1
    outer loop
      vertex -12.4279 -0.686108 14.2
      vertex -14.4801 -0.824071 14.2
      vertex -14.4703 -1.01186 14.2
    endloop
  endfacet
  facet normal 0 0 1
    outer loop
      vertex -12.4679 -0.45927 14.2
      vertex -14.4968 -0.506238 14.2
      vertex -14.4801 -0.824071 14.2
    endloop
  endfacet
  facet normal 0 0 1
    outer loop
      vertex -12.4819 -0.344943 14.2
      vertex -14.5001 -0.318219 14.2
      vertex -14.4968 -0.506238 14.2
    endloop
  endfacet
  facet normal 0 0 1
    outer loop
      vertex -12.498 -0.115168 14.2
      vertex -14.5056 0 14.2
      vertex -14.5001 -0.318219 14.2
    endloop
  endfacet
  facet normal 0 1 0
    outer loop
      vertex -12.3109 -1.1 16.8
      vertex -13.997 -1.1 16.3362
      vertex -14.4626 -1.1 16.8
    endloop
  endfacet
  facet normal 0 1 0
    outer loop
      vertex -12.3109 -1.1 16.8
      vertex -13.1578 -1.1 15.5
      vertex -13.997 -1.1 16.3362
    endloop
  endfacet
  facet normal 0 1 -0
    outer loop
      vertex -12.3109 -1.1 14.2
      vertex -13.1578 -1.1 15.5
      vertex -12.3109 -1.1 16.8
    endloop
  endfacet
  facet normal 0 1 0
    outer loop
      vertex -13.1578 -1.1 15.5
      vertex -12.3109 -1.1 14.2
      vertex -14.4626 -1.1 14.2
    endloop
  endfacet
  facet normal 0.707101 0.707113 0
    outer loop
      vertex -10.1836 -8.5547 4.4
      vertex -11.3137 -7.42462 0
      vertex -11.3137 -7.42462 4.4
    endloop
  endfacet
  facet normal 0.707107 0.707107 -3.21412e-06
    outer loop
      vertex -8.5547 -10.1836 4.4
      vertex -11.3137 -7.42462 0
      vertex -10.1836 -8.5547 4.4
    endloop
  endfacet
  facet normal 0.707113 0.707101 -0
    outer loop
      vertex -7.42462 -11.3137 0
      vertex -8.5547 -10.1836 4.4
      vertex -7.42462 -11.3137 4.4
    endloop
  endfacet
  facet normal 0.707107 0.707107 -3.21412e-06
    outer loop
      vertex -8.5547 -10.1836 4.4
      vertex -7.42462 -11.3137 0
      vertex -11.3137 -7.42462 0
    endloop
  endfacet
  facet normal 0 0 -1
    outer loop
      vertex -2.5429 -4.21297 4.4
      vertex -2.375 -4.11362 4.4
      vertex -2.5429 -4.27231 4.4
    endloop
  endfacet
  facet normal -0 0 -1
    outer loop
      vertex -2.22999 -4.194 4.4
      vertex -2.5429 -4.27231 4.4
      vertex -2.375 -4.11362 4.4
    endloop
  endfacet
  facet normal 0 0 -1
    outer loop
      vertex -2.55531 -4.44982 4.4
      vertex -2.22999 -4.194 4.4
      vertex -2.08226 -4.26927 4.4
    endloop
  endfacet
  facet normal 0 0 -1
    outer loop
      vertex -2.57387 -4.56702 4.4
      vertex -2.08226 -4.26927 4.4
      vertex -1.932 -4.33934 4.4
    endloop
  endfacet
  facet normal 0 0 -1
    outer loop
      vertex -2.61692 -4.73967 4.4
      vertex -1.932 -4.33934 4.4
      vertex -1.77938 -4.40412 4.4
    endloop
  endfacet
  facet normal 0 0 -1
    outer loop
      vertex -2.65555 -4.85187 4.4
      vertex -1.77938 -4.40412 4.4
      vertex -1.6246 -4.46354 4.4
    endloop
  endfacet
  facet normal 0 0 -1
    outer loop
      vertex -2.70192 -4.96109 4.4
      vertex -1.6246 -4.46354 4.4
      vertex -1.46783 -4.51752 4.4
    endloop
  endfacet
  facet normal 0 0 -1
    outer loop
      vertex -2.75579 -5.06682 4.4
      vertex -1.46783 -4.51752 4.4
      vertex -1.30928 -4.56599 4.4
    endloop
  endfacet
  facet normal 0 0 -1
    outer loop
      vertex -2.8169 -5.16853 4.4
      vertex -1.30928 -4.56599 4.4
      vertex -1.14913 -4.6089 4.4
    endloop
  endfacet
  facet normal 0 0 -1
    outer loop
      vertex -2.22999 -4.194 4.4
      vertex -2.54497 -4.33161 4.4
      vertex -2.5429 -4.27231 4.4
    endloop
  endfacet
  facet normal 0 0 -1
    outer loop
      vertex -2.88496 -5.26573 4.4
      vertex -1.14913 -4.6089 4.4
      vertex -0.98758 -4.6462 4.4
    endloop
  endfacet
  facet normal 0 0 -1
    outer loop
      vertex -2.22999 -4.194 4.4
      vertex -2.54911 -4.39081 4.4
      vertex -2.54497 -4.33161 4.4
    endloop
  endfacet
  facet normal 0 0 -1
    outer loop
      vertex -2.95963 -5.35794 4.4
      vertex -0.98758 -4.6462 4.4
      vertex -0.824828 -4.67784 4.4
    endloop
  endfacet
  facet normal 0 0 -1
    outer loop
      vertex -2.22999 -4.194 4.4
      vertex -2.55531 -4.44982 4.4
      vertex -2.54911 -4.39081 4.4
    endloop
  endfacet
  facet normal 0 0 -1
    outer loop
      vertex -2.99934 -5.40204 4.4
      vertex -0.824828 -4.67784 4.4
      vertex -0.793682 -4.68277 4.4
    endloop
  endfacet
  facet normal 0 0 -1
    outer loop
      vertex -2.08226 -4.26927 4.4
      vertex -2.56357 -4.50858 4.4
      vertex -2.55531 -4.44982 4.4
    endloop
  endfacet
  facet normal 0 0 -1
    outer loop
      vertex -2.08226 -4.26927 4.4
      vertex -2.57387 -4.56702 4.4
      vertex -2.56357 -4.50858 4.4
    endloop
  endfacet
  facet normal 0 0 -1
    outer loop
      vertex -1.932 -4.33934 4.4
      vertex -2.58621 -4.62506 4.4
      vertex -2.57387 -4.56702 4.4
    endloop
  endfacet
  facet normal 0 0 -1
    outer loop
      vertex -1.932 -4.33934 4.4
      vertex -2.60057 -4.68263 4.4
      vertex -2.58621 -4.62506 4.4
    endloop
  endfacet
  facet normal 0 0 -1
    outer loop
      vertex -1.932 -4.33934 4.4
      vertex -2.61692 -4.73967 4.4
      vertex -2.60057 -4.68263 4.4
    endloop
  endfacet
  facet normal 0 0 -1
    outer loop
      vertex -1.77938 -4.40412 4.4
      vertex -2.63526 -4.79611 4.4
      vertex -2.61692 -4.73967 4.4
    endloop
  endfacet
  facet normal 0 0 -1
    outer loop
      vertex -1.77938 -4.40412 4.4
      vertex -2.65555 -4.85187 4.4
      vertex -2.63526 -4.79611 4.4
    endloop
  endfacet
  facet normal 0 0 -1
    outer loop
      vertex -1.6246 -4.46354 4.4
      vertex -2.67778 -4.90688 4.4
      vertex -2.65555 -4.85187 4.4
    endloop
  endfacet
  facet normal 0 0 -1
    outer loop
      vertex -1.6246 -4.46354 4.4
      vertex -2.70192 -4.96109 4.4
      vertex -2.67778 -4.90688 4.4
    endloop
  endfacet
  facet normal 0 0 -1
    outer loop
      vertex -1.46783 -4.51752 4.4
      vertex -2.72793 -5.01442 4.4
      vertex -2.70192 -4.96109 4.4
    endloop
  endfacet
  facet normal 0 0 -1
    outer loop
      vertex -1.46783 -4.51752 4.4
      vertex -2.75579 -5.06682 4.4
      vertex -2.72793 -5.01442 4.4
    endloop
  endfacet
  facet normal 0 0 -1
    outer loop
      vertex -1.30928 -4.56599 4.4
      vertex -2.78546 -5.11821 4.4
      vertex -2.75579 -5.06682 4.4
    endloop
  endfacet
  facet normal 0 0 -1
    outer loop
      vertex -1.30928 -4.56599 4.4
      vertex -2.8169 -5.16853 4.4
      vertex -2.78546 -5.11821 4.4
    endloop
  endfacet
  facet normal 0 0 -1
    outer loop
      vertex -1.14913 -4.6089 4.4
      vertex -2.85008 -5.21772 4.4
      vertex -2.8169 -5.16853 4.4
    endloop
  endfacet
  facet normal 0 0 -1
    outer loop
      vertex -1.14913 -4.6089 4.4
      vertex -2.88496 -5.26573 4.4
      vertex -2.85008 -5.21772 4.4
    endloop
  endfacet
  facet normal 0 0 -1
    outer loop
      vertex -0.98758 -4.6462 4.4
      vertex -2.92149 -5.31248 4.4
      vertex -2.88496 -5.26573 4.4
    endloop
  endfacet
  facet normal 0 0 -1
    outer loop
      vertex -0.98758 -4.6462 4.4
      vertex -2.95963 -5.35794 4.4
      vertex -2.92149 -5.31248 4.4
    endloop
  endfacet
  facet normal 0 0 -1
    outer loop
      vertex -0.824828 -4.67784 4.4
      vertex -2.99934 -5.40204 4.4
      vertex -2.95963 -5.35794 4.4
    endloop
  endfacet
  facet normal 0 0 -1
    outer loop
      vertex -0.793682 -4.68277 4.4
      vertex -3.04056 -5.44472 4.4
      vertex -2.99934 -5.40204 4.4
    endloop
  endfacet
  facet normal 0 0 -1
    outer loop
      vertex -7.42462 -11.3137 4.4
      vertex -3.04056 -5.44472 4.4
      vertex -0.793682 -4.68277 4.4
    endloop
  endfacet
  facet normal 0 0 -1
    outer loop
      vertex -3.04056 -5.44472 4.4
      vertex -7.42462 -11.3137 4.4
      vertex -7.2832 -9.68736 4.4
    endloop
  endfacet
  facet normal 0 0 -1
    outer loop
      vertex -7.2832 -9.68736 4.4
      vertex -7.42462 -11.3137 4.4
      vertex -7.32588 -9.72858 4.4
    endloop
  endfacet
  facet normal 0 0 -1
    outer loop
      vertex -7.32588 -9.72858 4.4
      vertex -7.42462 -11.3137 4.4
      vertex -7.36998 -9.76829 4.4
    endloop
  endfacet
  facet normal 0 0 -1
    outer loop
      vertex -7.36998 -9.76829 4.4
      vertex -7.42462 -11.3137 4.4
      vertex -7.41544 -9.80643 4.4
    endloop
  endfacet
  facet normal 0 0 -1
    outer loop
      vertex -7.42462 -11.3137 4.4
      vertex -7.4622 -9.84296 4.4
      vertex -7.41544 -9.80643 4.4
    endloop
  endfacet
  facet normal 0 0 -1
    outer loop
      vertex -7.42462 -11.3137 4.4
      vertex -7.5102 -9.87784 4.4
      vertex -7.4622 -9.84296 4.4
    endloop
  endfacet
  facet normal 0 0 -1
    outer loop
      vertex -7.42462 -11.3137 4.4
      vertex -7.55939 -9.91102 4.4
      vertex -7.5102 -9.87784 4.4
    endloop
  endfacet
  facet normal 0 0 -1
    outer loop
      vertex -7.42462 -11.3137 4.4
      vertex -7.60972 -9.94247 4.4
      vertex -7.55939 -9.91102 4.4
    endloop
  endfacet
  facet normal 0 0 -1
    outer loop
      vertex -7.42462 -11.3137 4.4
      vertex -7.6611 -9.97213 4.4
      vertex -7.60972 -9.94247 4.4
    endloop
  endfacet
  facet normal 0 0 -1
    outer loop
      vertex -7.42462 -11.3137 4.4
      vertex -7.7135 -9.99999 4.4
      vertex -7.6611 -9.97213 4.4
    endloop
  endfacet
  facet normal 0 0 -1
    outer loop
      vertex -7.42462 -11.3137 4.4
      vertex -7.76683 -10.026 4.4
      vertex -7.7135 -9.99999 4.4
    endloop
  endfacet
  facet normal 0 0 -1
    outer loop
      vertex -7.42462 -11.3137 4.4
      vertex -7.82104 -10.0501 4.4
      vertex -7.76683 -10.026 4.4
    endloop
  endfacet
  facet normal 0 0 -1
    outer loop
      vertex -7.42462 -11.3137 4.4
      vertex -7.87606 -10.0724 4.4
      vertex -7.82104 -10.0501 4.4
    endloop
  endfacet
  facet normal 0 0 -1
    outer loop
      vertex -7.42462 -11.3137 4.4
      vertex -7.93182 -10.0927 4.4
      vertex -7.87606 -10.0724 4.4
    endloop
  endfacet
  facet normal 0 0 -1
    outer loop
      vertex -7.42462 -11.3137 4.4
      vertex -7.98825 -10.111 4.4
      vertex -7.93182 -10.0927 4.4
    endloop
  endfacet
  facet normal 0 0 -1
    outer loop
      vertex -7.42462 -11.3137 4.4
      vertex -8.04529 -10.1274 4.4
      vertex -7.98825 -10.111 4.4
    endloop
  endfacet
  facet normal 0 0 -1
    outer loop
      vertex -7.42462 -11.3137 4.4
      vertex -8.10286 -10.1417 4.4
      vertex -8.04529 -10.1274 4.4
    endloop
  endfacet
  facet normal 0 0 -1
    outer loop
      vertex -7.42462 -11.3137 4.4
      vertex -8.16091 -10.154 4.4
      vertex -8.10286 -10.1417 4.4
    endloop
  endfacet
  facet normal 0 0 -1
    outer loop
      vertex -7.42462 -11.3137 4.4
      vertex -8.21934 -10.1644 4.4
      vertex -8.16091 -10.154 4.4
    endloop
  endfacet
  facet normal 0 0 -1
    outer loop
      vertex -7.42462 -11.3137 4.4
      vertex -8.2781 -10.1726 4.4
      vertex -8.21934 -10.1644 4.4
    endloop
  endfacet
  facet normal 0 0 -1
    outer loop
      vertex -7.42462 -11.3137 4.4
      vertex -8.33712 -10.1788 4.4
      vertex -8.2781 -10.1726 4.4
    endloop
  endfacet
  facet normal 0 0 -1
    outer loop
      vertex -7.42462 -11.3137 4.4
      vertex -8.39631 -10.183 4.4
      vertex -8.33712 -10.1788 4.4
    endloop
  endfacet
  facet normal 0 0 -1
    outer loop
      vertex -7.42462 -11.3137 4.4
      vertex -8.45561 -10.185 4.4
      vertex -8.39631 -10.183 4.4
    endloop
  endfacet
  facet normal 0 0 -1
    outer loop
      vertex -7.42462 -11.3137 4.4
      vertex -8.51495 -10.185 4.4
      vertex -8.45561 -10.185 4.4
    endloop
  endfacet
  facet normal -0 -0 -1
    outer loop
      vertex -8.51495 -10.185 4.4
      vertex -7.42462 -11.3137 4.4
      vertex -8.5547 -10.1836 4.4
    endloop
  endfacet
  facet normal 0 0 -1
    outer loop
      vertex -2.54497 -4.15367 4.4
      vertex -2.375 -4.11362 4.4
      vertex -2.5429 -4.21297 4.4
    endloop
  endfacet
  facet normal 0 0 -1
    outer loop
      vertex -2.54911 -4.09448 4.4
      vertex -2.375 -4.11362 4.4
      vertex -2.54497 -4.15367 4.4
    endloop
  endfacet
  facet normal 0 0 -1
    outer loop
      vertex -2.375 -4.11362 4.4
      vertex -2.54911 -4.09448 4.4
      vertex -2.51712 -4.02823 4.4
    endloop
  endfacet
  facet normal 0 0 -1
    outer loop
      vertex -2.55531 -4.03546 4.4
      vertex -2.51712 -4.02823 4.4
      vertex -2.54911 -4.09448 4.4
    endloop
  endfacet
  facet normal -0 0 -1
    outer loop
      vertex -2.51712 -4.02823 4.4
      vertex -2.55531 -4.03546 4.4
      vertex -2.56027 -4.00021 4.4
    endloop
  endfacet
  facet normal 0 0 -1
    outer loop
      vertex -10.185 -8.51495 4.4
      vertex -11.3137 -7.42462 4.4
      vertex -10.185 -8.45561 4.4
    endloop
  endfacet
  facet normal 0 0 -1
    outer loop
      vertex -11.3137 -7.42462 4.4
      vertex -10.185 -8.51495 4.4
      vertex -10.1836 -8.5547 4.4
    endloop
  endfacet
  facet normal 0 0 -1
    outer loop
      vertex -4.03546 -2.55531 4.4
      vertex -4.02823 -2.51712 4.4
      vertex -4.00021 -2.56027 4.4
    endloop
  endfacet
  facet normal 0 0 -1
    outer loop
      vertex -4.09448 -2.54911 4.4
      vertex -4.02823 -2.51712 4.4
      vertex -4.03546 -2.55531 4.4
    endloop
  endfacet
  facet normal 0 0 -1
    outer loop
      vertex -4.09448 -2.54911 4.4
      vertex -4.11362 -2.375 4.4
      vertex -4.02823 -2.51712 4.4
    endloop
  endfacet
  facet normal 0 0 -1
    outer loop
      vertex -4.15367 -2.54497 4.4
      vertex -4.11362 -2.375 4.4
      vertex -4.09448 -2.54911 4.4
    endloop
  endfacet
  facet normal 0 0 -1
    outer loop
      vertex -4.21297 -2.5429 4.4
      vertex -4.11362 -2.375 4.4
      vertex -4.15367 -2.54497 4.4
    endloop
  endfacet
  facet normal 0 0 -1
    outer loop
      vertex -4.27231 -2.5429 4.4
      vertex -4.11362 -2.375 4.4
      vertex -4.21297 -2.5429 4.4
    endloop
  endfacet
  facet normal -0 0 -1
    outer loop
      vertex -4.11362 -2.375 4.4
      vertex -4.27231 -2.5429 4.4
      vertex -4.194 -2.22999 4.4
    endloop
  endfacet
  facet normal 0 0 -1
    outer loop
      vertex -4.33161 -2.54497 4.4
      vertex -4.194 -2.22999 4.4
      vertex -4.27231 -2.5429 4.4
    endloop
  endfacet
  facet normal 0 0 -1
    outer loop
      vertex -4.39081 -2.54911 4.4
      vertex -4.194 -2.22999 4.4
      vertex -4.33161 -2.54497 4.4
    endloop
  endfacet
  facet normal 0 0 -1
    outer loop
      vertex -4.44982 -2.55531 4.4
      vertex -4.194 -2.22999 4.4
      vertex -4.39081 -2.54911 4.4
    endloop
  endfacet
  facet normal -0 0 -1
    outer loop
      vertex -4.194 -2.22999 4.4
      vertex -4.44982 -2.55531 4.4
      vertex -4.26927 -2.08226 4.4
    endloop
  endfacet
  facet normal 0 0 -1
    outer loop
      vertex -4.50858 -2.56357 4.4
      vertex -4.26927 -2.08226 4.4
      vertex -4.44982 -2.55531 4.4
    endloop
  endfacet
  facet normal 0 0 -1
    outer loop
      vertex -4.56702 -2.57387 4.4
      vertex -4.26927 -2.08226 4.4
      vertex -4.50858 -2.56357 4.4
    endloop
  endfacet
  facet normal -0 0 -1
    outer loop
      vertex -4.26927 -2.08226 4.4
      vertex -4.56702 -2.57387 4.4
      vertex -4.33934 -1.932 4.4
    endloop
  endfacet
  facet normal 0 0 -1
    outer loop
      vertex -4.62506 -2.58621 4.4
      vertex -4.33934 -1.932 4.4
      vertex -4.56702 -2.57387 4.4
    endloop
  endfacet
  facet normal 0 0 -1
    outer loop
      vertex -4.68263 -2.60057 4.4
      vertex -4.33934 -1.932 4.4
      vertex -4.62506 -2.58621 4.4
    endloop
  endfacet
  facet normal 0 0 -1
    outer loop
      vertex -4.73967 -2.61692 4.4
      vertex -4.33934 -1.932 4.4
      vertex -4.68263 -2.60057 4.4
    endloop
  endfacet
  facet normal -0 0 -1
    outer loop
      vertex -4.33934 -1.932 4.4
      vertex -4.73967 -2.61692 4.4
      vertex -4.40412 -1.77938 4.4
    endloop
  endfacet
  facet normal 0 0 -1
    outer loop
      vertex -4.79611 -2.63526 4.4
      vertex -4.40412 -1.77938 4.4
      vertex -4.73967 -2.61692 4.4
    endloop
  endfacet
  facet normal 0 0 -1
    outer loop
      vertex -4.85187 -2.65555 4.4
      vertex -4.40412 -1.77938 4.4
      vertex -4.79611 -2.63526 4.4
    endloop
  endfacet
  facet normal -0 0 -1
    outer loop
      vertex -4.40412 -1.77938 4.4
      vertex -4.85187 -2.65555 4.4
      vertex -4.46354 -1.6246 4.4
    endloop
  endfacet
  facet normal 0 0 -1
    outer loop
      vertex -4.90688 -2.67778 4.4
      vertex -4.46354 -1.6246 4.4
      vertex -4.85187 -2.65555 4.4
    endloop
  endfacet
  facet normal 0 0 -1
    outer loop
      vertex -4.96109 -2.70192 4.4
      vertex -4.46354 -1.6246 4.4
      vertex -4.90688 -2.67778 4.4
    endloop
  endfacet
  facet normal -0 0 -1
    outer loop
      vertex -4.46354 -1.6246 4.4
      vertex -4.96109 -2.70192 4.4
      vertex -4.51752 -1.46783 4.4
    endloop
  endfacet
  facet normal 0 0 -1
    outer loop
      vertex -5.01442 -2.72793 4.4
      vertex -4.51752 -1.46783 4.4
      vertex -4.96109 -2.70192 4.4
    endloop
  endfacet
  facet normal 0 0 -1
    outer loop
      vertex -5.06682 -2.75579 4.4
      vertex -4.51752 -1.46783 4.4
      vertex -5.01442 -2.72793 4.4
    endloop
  endfacet
  facet normal -0 0 -1
    outer loop
      vertex -4.51752 -1.46783 4.4
      vertex -5.06682 -2.75579 4.4
      vertex -4.56599 -1.30928 4.4
    endloop
  endfacet
  facet normal 0 0 -1
    outer loop
      vertex -5.11821 -2.78546 4.4
      vertex -4.56599 -1.30928 4.4
      vertex -5.06682 -2.75579 4.4
    endloop
  endfacet
  facet normal 0 0 -1
    outer loop
      vertex -5.16853 -2.8169 4.4
      vertex -4.56599 -1.30928 4.4
      vertex -5.11821 -2.78546 4.4
    endloop
  endfacet
  facet normal -0 0 -1
    outer loop
      vertex -4.56599 -1.30928 4.4
      vertex -5.16853 -2.8169 4.4
      vertex -4.6089 -1.14913 4.4
    endloop
  endfacet
  facet normal 0 0 -1
    outer loop
      vertex -5.21772 -2.85008 4.4
      vertex -4.6089 -1.14913 4.4
      vertex -5.16853 -2.8169 4.4
    endloop
  endfacet
  facet normal 0 0 -1
    outer loop
      vertex -5.26573 -2.88496 4.4
      vertex -4.6089 -1.14913 4.4
      vertex -5.21772 -2.85008 4.4
    endloop
  endfacet
  facet normal -0 0 -1
    outer loop
      vertex -4.6089 -1.14913 4.4
      vertex -5.26573 -2.88496 4.4
      vertex -4.6462 -0.98758 4.4
    endloop
  endfacet
  facet normal 0 0 -1
    outer loop
      vertex -5.31248 -2.92149 4.4
      vertex -4.6462 -0.98758 4.4
      vertex -5.26573 -2.88496 4.4
    endloop
  endfacet
  facet normal 0 0 -1
    outer loop
      vertex -5.35794 -2.95963 4.4
      vertex -4.6462 -0.98758 4.4
      vertex -5.31248 -2.92149 4.4
    endloop
  endfacet
  facet normal -0 0 -1
    outer loop
      vertex -4.6462 -0.98758 4.4
      vertex -5.35794 -2.95963 4.4
      vertex -4.67784 -0.824828 4.4
    endloop
  endfacet
  facet normal 0 0 -1
    outer loop
      vertex -5.40204 -2.99934 4.4
      vertex -4.67784 -0.824828 4.4
      vertex -5.35794 -2.95963 4.4
    endloop
  endfacet
  facet normal -0 0 -1
    outer loop
      vertex -4.67784 -0.824828 4.4
      vertex -5.40204 -2.99934 4.4
      vertex -4.68277 -0.793682 4.4
    endloop
  endfacet
  facet normal 0 0 -1
    outer loop
      vertex -5.44472 -3.04056 4.4
      vertex -4.68277 -0.793682 4.4
      vertex -5.40204 -2.99934 4.4
    endloop
  endfacet
  facet normal 0 0 -1
    outer loop
      vertex -11.3137 -7.42462 4.4
      vertex -5.44472 -3.04056 4.4
      vertex -9.68736 -7.2832 4.4
    endloop
  endfacet
  facet normal 0 0 -1
    outer loop
      vertex -11.3137 -7.42462 4.4
      vertex -9.68736 -7.2832 4.4
      vertex -9.72858 -7.32588 4.4
    endloop
  endfacet
  facet normal 0 0 -1
    outer loop
      vertex -11.3137 -7.42462 4.4
      vertex -9.72858 -7.32588 4.4
      vertex -9.76829 -7.36998 4.4
    endloop
  endfacet
  facet normal 0 0 -1
    outer loop
      vertex -11.3137 -7.42462 4.4
      vertex -9.76829 -7.36998 4.4
      vertex -9.80643 -7.41544 4.4
    endloop
  endfacet
  facet normal 0 0 -1
    outer loop
      vertex -11.3137 -7.42462 4.4
      vertex -9.80643 -7.41544 4.4
      vertex -9.84296 -7.4622 4.4
    endloop
  endfacet
  facet normal -0 0 -1
    outer loop
      vertex -5.44472 -3.04056 4.4
      vertex -11.3137 -7.42462 4.4
      vertex -4.68277 -0.793682 4.4
    endloop
  endfacet
  facet normal 0 0 -1
    outer loop
      vertex -9.87784 -7.5102 4.4
      vertex -11.3137 -7.42462 4.4
      vertex -9.84296 -7.4622 4.4
    endloop
  endfacet
  facet normal 0 0 -1
    outer loop
      vertex -9.91102 -7.55939 4.4
      vertex -11.3137 -7.42462 4.4
      vertex -9.87784 -7.5102 4.4
    endloop
  endfacet
  facet normal 0 0 -1
    outer loop
      vertex -9.94247 -7.60972 4.4
      vertex -11.3137 -7.42462 4.4
      vertex -9.91102 -7.55939 4.4
    endloop
  endfacet
  facet normal 0 0 -1
    outer loop
      vertex -9.97213 -7.6611 4.4
      vertex -11.3137 -7.42462 4.4
      vertex -9.94247 -7.60972 4.4
    endloop
  endfacet
  facet normal 0 0 -1
    outer loop
      vertex -9.99999 -7.7135 4.4
      vertex -11.3137 -7.42462 4.4
      vertex -9.97213 -7.6611 4.4
    endloop
  endfacet
  facet normal 0 0 -1
    outer loop
      vertex -10.026 -7.76683 4.4
      vertex -11.3137 -7.42462 4.4
      vertex -9.99999 -7.7135 4.4
    endloop
  endfacet
  facet normal 0 0 -1
    outer loop
      vertex -10.0501 -7.82104 4.4
      vertex -11.3137 -7.42462 4.4
      vertex -10.026 -7.76683 4.4
    endloop
  endfacet
  facet normal 0 0 -1
    outer loop
      vertex -10.0724 -7.87606 4.4
      vertex -11.3137 -7.42462 4.4
      vertex -10.0501 -7.82104 4.4
    endloop
  endfacet
  facet normal 0 0 -1
    outer loop
      vertex -10.0927 -7.93182 4.4
      vertex -11.3137 -7.42462 4.4
      vertex -10.0724 -7.87606 4.4
    endloop
  endfacet
  facet normal 0 0 -1
    outer loop
      vertex -10.111 -7.98825 4.4
      vertex -11.3137 -7.42462 4.4
      vertex -10.0927 -7.93182 4.4
    endloop
  endfacet
  facet normal 0 0 -1
    outer loop
      vertex -10.1274 -8.04529 4.4
      vertex -11.3137 -7.42462 4.4
      vertex -10.111 -7.98825 4.4
    endloop
  endfacet
  facet normal 0 0 -1
    outer loop
      vertex -10.1417 -8.10286 4.4
      vertex -11.3137 -7.42462 4.4
      vertex -10.1274 -8.04529 4.4
    endloop
  endfacet
  facet normal 0 0 -1
    outer loop
      vertex -10.154 -8.16091 4.4
      vertex -11.3137 -7.42462 4.4
      vertex -10.1417 -8.10286 4.4
    endloop
  endfacet
  facet normal 0 0 -1
    outer loop
      vertex -10.1644 -8.21934 4.4
      vertex -11.3137 -7.42462 4.4
      vertex -10.154 -8.16091 4.4
    endloop
  endfacet
  facet normal 0 0 -1
    outer loop
      vertex -10.1726 -8.2781 4.4
      vertex -11.3137 -7.42462 4.4
      vertex -10.1644 -8.21934 4.4
    endloop
  endfacet
  facet normal 0 0 -1
    outer loop
      vertex -10.1788 -8.33712 4.4
      vertex -11.3137 -7.42462 4.4
      vertex -10.1726 -8.2781 4.4
    endloop
  endfacet
  facet normal 0 0 -1
    outer loop
      vertex -10.183 -8.39631 4.4
      vertex -11.3137 -7.42462 4.4
      vertex -10.1788 -8.33712 4.4
    endloop
  endfacet
  facet normal 0 0 -1
    outer loop
      vertex -11.3137 -7.42462 4.4
      vertex -10.183 -8.39631 4.4
      vertex -10.185 -8.45561 4.4
    endloop
  endfacet
  facet normal 0 0 -1
    outer loop
      vertex 11.3137 -7.42462 4.4
      vertex 10.1836 -8.5547 4.4
      vertex 10.185 -8.51495 4.4
    endloop
  endfacet
  facet normal 0 0 -1
    outer loop
      vertex 10.185 -8.45561 4.4
      vertex 11.3137 -7.42462 4.4
      vertex 10.185 -8.51495 4.4
    endloop
  endfacet
  facet normal 0 0 -1
    outer loop
      vertex 10.183 -8.39631 4.4
      vertex 11.3137 -7.42462 4.4
      vertex 10.185 -8.45561 4.4
    endloop
  endfacet
  facet normal 0 0 -1
    outer loop
      vertex 10.1788 -8.33712 4.4
      vertex 11.3137 -7.42462 4.4
      vertex 10.183 -8.39631 4.4
    endloop
  endfacet
  facet normal 0 0 -1
    outer loop
      vertex 10.1726 -8.2781 4.4
      vertex 11.3137 -7.42462 4.4
      vertex 10.1788 -8.33712 4.4
    endloop
  endfacet
  facet normal 0 0 -1
    outer loop
      vertex 10.1644 -8.21934 4.4
      vertex 11.3137 -7.42462 4.4
      vertex 10.1726 -8.2781 4.4
    endloop
  endfacet
  facet normal 0 0 -1
    outer loop
      vertex 10.154 -8.16091 4.4
      vertex 11.3137 -7.42462 4.4
      vertex 10.1644 -8.21934 4.4
    endloop
  endfacet
  facet normal 0 0 -1
    outer loop
      vertex 10.1417 -8.10286 4.4
      vertex 11.3137 -7.42462 4.4
      vertex 10.154 -8.16091 4.4
    endloop
  endfacet
  facet normal 0 0 -1
    outer loop
      vertex 10.1274 -8.04529 4.4
      vertex 11.3137 -7.42462 4.4
      vertex 10.1417 -8.10286 4.4
    endloop
  endfacet
  facet normal 0 0 -1
    outer loop
      vertex 10.111 -7.98825 4.4
      vertex 11.3137 -7.42462 4.4
      vertex 10.1274 -8.04529 4.4
    endloop
  endfacet
  facet normal 0 0 -1
    outer loop
      vertex 10.0927 -7.93182 4.4
      vertex 11.3137 -7.42462 4.4
      vertex 10.111 -7.98825 4.4
    endloop
  endfacet
  facet normal 0 0 -1
    outer loop
      vertex 10.0724 -7.87606 4.4
      vertex 11.3137 -7.42462 4.4
      vertex 10.0927 -7.93182 4.4
    endloop
  endfacet
  facet normal 0 0 -1
    outer loop
      vertex 10.0501 -7.82104 4.4
      vertex 11.3137 -7.42462 4.4
      vertex 10.0724 -7.87606 4.4
    endloop
  endfacet
  facet normal 0 0 -1
    outer loop
      vertex 10.026 -7.76683 4.4
      vertex 11.3137 -7.42462 4.4
      vertex 10.0501 -7.82104 4.4
    endloop
  endfacet
  facet normal 0 0 -1
    outer loop
      vertex 9.99999 -7.7135 4.4
      vertex 11.3137 -7.42462 4.4
      vertex 10.026 -7.76683 4.4
    endloop
  endfacet
  facet normal 0 0 -1
    outer loop
      vertex 9.97213 -7.6611 4.4
      vertex 11.3137 -7.42462 4.4
      vertex 9.99999 -7.7135 4.4
    endloop
  endfacet
  facet normal 0 0 -1
    outer loop
      vertex 9.94247 -7.60972 4.4
      vertex 11.3137 -7.42462 4.4
      vertex 9.97213 -7.6611 4.4
    endloop
  endfacet
  facet normal 0 0 -1
    outer loop
      vertex 9.91102 -7.55939 4.4
      vertex 11.3137 -7.42462 4.4
      vertex 9.94247 -7.60972 4.4
    endloop
  endfacet
  facet normal 0 0 -1
    outer loop
      vertex 9.87784 -7.5102 4.4
      vertex 11.3137 -7.42462 4.4
      vertex 9.91102 -7.55939 4.4
    endloop
  endfacet
  facet normal 0 0 -1
    outer loop
      vertex 9.84296 -7.4622 4.4
      vertex 11.3137 -7.42462 4.4
      vertex 9.87784 -7.5102 4.4
    endloop
  endfacet
  facet normal 0 0 -1
    outer loop
      vertex 9.80643 -7.41544 4.4
      vertex 11.3137 -7.42462 4.4
      vertex 9.84296 -7.4622 4.4
    endloop
  endfacet
  facet normal 0 0 -1
    outer loop
      vertex 9.76829 -7.36998 4.4
      vertex 11.3137 -7.42462 4.4
      vertex 9.80643 -7.41544 4.4
    endloop
  endfacet
  facet normal 0 0 -1
    outer loop
      vertex 9.72858 -7.32588 4.4
      vertex 11.3137 -7.42462 4.4
      vertex 9.76829 -7.36998 4.4
    endloop
  endfacet
  facet normal 0 0 -1
    outer loop
      vertex 9.68736 -7.2832 4.4
      vertex 11.3137 -7.42462 4.4
      vertex 9.72858 -7.32588 4.4
    endloop
  endfacet
  facet normal 0 0 -1
    outer loop
      vertex 5.44472 -3.04056 4.4
      vertex 11.3137 -7.42462 4.4
      vertex 9.68736 -7.2832 4.4
    endloop
  endfacet
  facet normal 0 0 -1
    outer loop
      vertex 4.68277 -0.793682 4.4
      vertex 5.44472 -3.04056 4.4
      vertex 5.40204 -2.99934 4.4
    endloop
  endfacet
  facet normal 0 0 -1
    outer loop
      vertex 4.67784 -0.824828 4.4
      vertex 5.40204 -2.99934 4.4
      vertex 5.35794 -2.95963 4.4
    endloop
  endfacet
  facet normal 0 0 -1
    outer loop
      vertex 4.6462 -0.98758 4.4
      vertex 5.35794 -2.95963 4.4
      vertex 5.31248 -2.92149 4.4
    endloop
  endfacet
  facet normal 0 0 -1
    outer loop
      vertex 4.6462 -0.98758 4.4
      vertex 5.31248 -2.92149 4.4
      vertex 5.26573 -2.88496 4.4
    endloop
  endfacet
  facet normal 0 0 -1
    outer loop
      vertex 5.44472 -3.04056 4.4
      vertex 4.68277 -0.793682 4.4
      vertex 11.3137 -7.42462 4.4
    endloop
  endfacet
  facet normal 0 0 -1
    outer loop
      vertex 4.6089 -1.14913 4.4
      vertex 5.26573 -2.88496 4.4
      vertex 5.21772 -2.85008 4.4
    endloop
  endfacet
  facet normal 0 0 -1
    outer loop
      vertex 4.6089 -1.14913 4.4
      vertex 5.21772 -2.85008 4.4
      vertex 5.16853 -2.8169 4.4
    endloop
  endfacet
  facet normal 0 0 -1
    outer loop
      vertex 4.56599 -1.30928 4.4
      vertex 5.16853 -2.8169 4.4
      vertex 5.11821 -2.78546 4.4
    endloop
  endfacet
  facet normal 0 0 -1
    outer loop
      vertex 4.56599 -1.30928 4.4
      vertex 5.11821 -2.78546 4.4
      vertex 5.06682 -2.75579 4.4
    endloop
  endfacet
  facet normal 0 0 -1
    outer loop
      vertex 4.51752 -1.46783 4.4
      vertex 5.06682 -2.75579 4.4
      vertex 5.01442 -2.72793 4.4
    endloop
  endfacet
  facet normal 0 0 -1
    outer loop
      vertex 4.51752 -1.46783 4.4
      vertex 5.01442 -2.72793 4.4
      vertex 4.96109 -2.70192 4.4
    endloop
  endfacet
  facet normal 0 0 -1
    outer loop
      vertex 4.46354 -1.6246 4.4
      vertex 4.96109 -2.70192 4.4
      vertex 4.90688 -2.67778 4.4
    endloop
  endfacet
  facet normal 0 0 -1
    outer loop
      vertex 4.46354 -1.6246 4.4
      vertex 4.90688 -2.67778 4.4
      vertex 4.85187 -2.65555 4.4
    endloop
  endfacet
  facet normal 0 0 -1
    outer loop
      vertex 4.40412 -1.77938 4.4
      vertex 4.85187 -2.65555 4.4
      vertex 4.79611 -2.63526 4.4
    endloop
  endfacet
  facet normal 0 0 -1
    outer loop
      vertex 4.40412 -1.77938 4.4
      vertex 4.79611 -2.63526 4.4
      vertex 4.73967 -2.61692 4.4
    endloop
  endfacet
  facet normal 0 0 -1
    outer loop
      vertex 4.33934 -1.932 4.4
      vertex 4.73967 -2.61692 4.4
      vertex 4.68263 -2.60057 4.4
    endloop
  endfacet
  facet normal 0 0 -1
    outer loop
      vertex 5.40204 -2.99934 4.4
      vertex 4.67784 -0.824828 4.4
      vertex 4.68277 -0.793682 4.4
    endloop
  endfacet
  facet normal 0 0 -1
    outer loop
      vertex 5.35794 -2.95963 4.4
      vertex 4.6462 -0.98758 4.4
      vertex 4.67784 -0.824828 4.4
    endloop
  endfacet
  facet normal 0 0 -1
    outer loop
      vertex 4.33934 -1.932 4.4
      vertex 4.68263 -2.60057 4.4
      vertex 4.62506 -2.58621 4.4
    endloop
  endfacet
  facet normal 0 0 -1
    outer loop
      vertex 5.26573 -2.88496 4.4
      vertex 4.6089 -1.14913 4.4
      vertex 4.6462 -0.98758 4.4
    endloop
  endfacet
  facet normal 0 0 -1
    outer loop
      vertex 4.33934 -1.932 4.4
      vertex 4.62506 -2.58621 4.4
      vertex 4.56702 -2.57387 4.4
    endloop
  endfacet
  facet normal 0 0 -1
    outer loop
      vertex 5.16853 -2.8169 4.4
      vertex 4.56599 -1.30928 4.4
      vertex 4.6089 -1.14913 4.4
    endloop
  endfacet
  facet normal 0 0 -1
    outer loop
      vertex 5.06682 -2.75579 4.4
      vertex 4.51752 -1.46783 4.4
      vertex 4.56599 -1.30928 4.4
    endloop
  endfacet
  facet normal 0 0 -1
    outer loop
      vertex 4.26927 -2.08226 4.4
      vertex 4.56702 -2.57387 4.4
      vertex 4.50858 -2.56357 4.4
    endloop
  endfacet
  facet normal 0 0 -1
    outer loop
      vertex 4.96109 -2.70192 4.4
      vertex 4.46354 -1.6246 4.4
      vertex 4.51752 -1.46783 4.4
    endloop
  endfacet
  facet normal 0 0 -1
    outer loop
      vertex 4.26927 -2.08226 4.4
      vertex 4.50858 -2.56357 4.4
      vertex 4.44982 -2.55531 4.4
    endloop
  endfacet
  facet normal 0 0 -1
    outer loop
      vertex 4.85187 -2.65555 4.4
      vertex 4.40412 -1.77938 4.4
      vertex 4.46354 -1.6246 4.4
    endloop
  endfacet
  facet normal 0 0 -1
    outer loop
      vertex 4.194 -2.22999 4.4
      vertex 4.44982 -2.55531 4.4
      vertex 4.39081 -2.54911 4.4
    endloop
  endfacet
  facet normal 0 0 -1
    outer loop
      vertex 4.73967 -2.61692 4.4
      vertex 4.33934 -1.932 4.4
      vertex 4.40412 -1.77938 4.4
    endloop
  endfacet
  facet normal 0 0 -1
    outer loop
      vertex 4.194 -2.22999 4.4
      vertex 4.39081 -2.54911 4.4
      vertex 4.33161 -2.54497 4.4
    endloop
  endfacet
  facet normal 0 0 -1
    outer loop
      vertex 4.194 -2.22999 4.4
      vertex 4.33161 -2.54497 4.4
      vertex 4.27231 -2.5429 4.4
    endloop
  endfacet
  facet normal 0 0 -1
    outer loop
      vertex 4.56702 -2.57387 4.4
      vertex 4.26927 -2.08226 4.4
      vertex 4.33934 -1.932 4.4
    endloop
  endfacet
  facet normal 0 0 -1
    outer loop
      vertex 4.11362 -2.375 4.4
      vertex 4.27231 -2.5429 4.4
      vertex 4.21297 -2.5429 4.4
    endloop
  endfacet
  facet normal 0 0 -1
    outer loop
      vertex 4.44982 -2.55531 4.4
      vertex 4.194 -2.22999 4.4
      vertex 4.26927 -2.08226 4.4
    endloop
  endfacet
  facet normal 0 0 -1
    outer loop
      vertex 4.11362 -2.375 4.4
      vertex 4.21297 -2.5429 4.4
      vertex 4.15367 -2.54497 4.4
    endloop
  endfacet
  facet normal 0 0 -1
    outer loop
      vertex 4.27231 -2.5429 4.4
      vertex 4.11362 -2.375 4.4
      vertex 4.194 -2.22999 4.4
    endloop
  endfacet
  facet normal 0 0 -1
    outer loop
      vertex 4.09448 -2.54911 4.4
      vertex 4.11362 -2.375 4.4
      vertex 4.15367 -2.54497 4.4
    endloop
  endfacet
  facet normal 0 0 -1
    outer loop
      vertex 4.02823 -2.51712 4.4
      vertex 4.09448 -2.54911 4.4
      vertex 4.03546 -2.55531 4.4
    endloop
  endfacet
  facet normal 0 0 -1
    outer loop
      vertex 4.09448 -2.54911 4.4
      vertex 4.02823 -2.51712 4.4
      vertex 4.11362 -2.375 4.4
    endloop
  endfacet
  facet normal 0 -0 -1
    outer loop
      vertex 4.02823 -2.51712 4.4
      vertex 4.03546 -2.55531 4.4
      vertex 4.00021 -2.56027 4.4
    endloop
  endfacet
  facet normal 0 0 -1
    outer loop
      vertex 7.42462 -11.3137 4.4
      vertex 8.51495 -10.185 4.4
      vertex 8.5547 -10.1836 4.4
    endloop
  endfacet
  facet normal 0 0 -1
    outer loop
      vertex 7.42462 -11.3137 4.4
      vertex 8.45561 -10.185 4.4
      vertex 8.51495 -10.185 4.4
    endloop
  endfacet
  facet normal 0 0 -1
    outer loop
      vertex 7.42462 -11.3137 4.4
      vertex 8.39631 -10.183 4.4
      vertex 8.45561 -10.185 4.4
    endloop
  endfacet
  facet normal 0 0 -1
    outer loop
      vertex 7.42462 -11.3137 4.4
      vertex 8.33712 -10.1788 4.4
      vertex 8.39631 -10.183 4.4
    endloop
  endfacet
  facet normal 0 0 -1
    outer loop
      vertex 7.42462 -11.3137 4.4
      vertex 8.2781 -10.1726 4.4
      vertex 8.33712 -10.1788 4.4
    endloop
  endfacet
  facet normal 0 0 -1
    outer loop
      vertex 7.42462 -11.3137 4.4
      vertex 8.21934 -10.1644 4.4
      vertex 8.2781 -10.1726 4.4
    endloop
  endfacet
  facet normal 0 0 -1
    outer loop
      vertex 7.42462 -11.3137 4.4
      vertex 8.16091 -10.154 4.4
      vertex 8.21934 -10.1644 4.4
    endloop
  endfacet
  facet normal 0 0 -1
    outer loop
      vertex 7.42462 -11.3137 4.4
      vertex 8.10286 -10.1417 4.4
      vertex 8.16091 -10.154 4.4
    endloop
  endfacet
  facet normal 0 0 -1
    outer loop
      vertex 7.42462 -11.3137 4.4
      vertex 8.04529 -10.1274 4.4
      vertex 8.10286 -10.1417 4.4
    endloop
  endfacet
  facet normal 0 0 -1
    outer loop
      vertex 7.42462 -11.3137 4.4
      vertex 7.98825 -10.111 4.4
      vertex 8.04529 -10.1274 4.4
    endloop
  endfacet
  facet normal 0 0 -1
    outer loop
      vertex 7.42462 -11.3137 4.4
      vertex 7.93182 -10.0927 4.4
      vertex 7.98825 -10.111 4.4
    endloop
  endfacet
  facet normal 0 0 -1
    outer loop
      vertex 7.42462 -11.3137 4.4
      vertex 7.87606 -10.0724 4.4
      vertex 7.93182 -10.0927 4.4
    endloop
  endfacet
  facet normal 0 0 -1
    outer loop
      vertex 7.42462 -11.3137 4.4
      vertex 7.82104 -10.0501 4.4
      vertex 7.87606 -10.0724 4.4
    endloop
  endfacet
  facet normal 0 0 -1
    outer loop
      vertex 7.42462 -11.3137 4.4
      vertex 7.76683 -10.026 4.4
      vertex 7.82104 -10.0501 4.4
    endloop
  endfacet
  facet normal 0 0 -1
    outer loop
      vertex 7.42462 -11.3137 4.4
      vertex 7.7135 -9.99999 4.4
      vertex 7.76683 -10.026 4.4
    endloop
  endfacet
  facet normal 0 0 -1
    outer loop
      vertex 7.42462 -11.3137 4.4
      vertex 7.6611 -9.97213 4.4
      vertex 7.7135 -9.99999 4.4
    endloop
  endfacet
  facet normal 0 0 -1
    outer loop
      vertex 7.42462 -11.3137 4.4
      vertex 7.60972 -9.94247 4.4
      vertex 7.6611 -9.97213 4.4
    endloop
  endfacet
  facet normal 0 0 -1
    outer loop
      vertex 7.42462 -11.3137 4.4
      vertex 7.55939 -9.91102 4.4
      vertex 7.60972 -9.94247 4.4
    endloop
  endfacet
  facet normal 0 0 -1
    outer loop
      vertex 7.42462 -11.3137 4.4
      vertex 7.5102 -9.87784 4.4
      vertex 7.55939 -9.91102 4.4
    endloop
  endfacet
  facet normal 0 0 -1
    outer loop
      vertex 7.42462 -11.3137 4.4
      vertex 7.4622 -9.84296 4.4
      vertex 7.5102 -9.87784 4.4
    endloop
  endfacet
  facet normal 0 0 -1
    outer loop
      vertex 7.42462 -11.3137 4.4
      vertex 7.41544 -9.80643 4.4
      vertex 7.4622 -9.84296 4.4
    endloop
  endfacet
  facet normal 0 0 -1
    outer loop
      vertex 7.42462 -11.3137 4.4
      vertex 7.36998 -9.76829 4.4
      vertex 7.41544 -9.80643 4.4
    endloop
  endfacet
  facet normal 0 0 -1
    outer loop
      vertex 7.42462 -11.3137 4.4
      vertex 7.32588 -9.72858 4.4
      vertex 7.36998 -9.76829 4.4
    endloop
  endfacet
  facet normal 0 0 -1
    outer loop
      vertex 7.42462 -11.3137 4.4
      vertex 7.2832 -9.68736 4.4
      vertex 7.32588 -9.72858 4.4
    endloop
  endfacet
  facet normal 0 0 -1
    outer loop
      vertex 7.42462 -11.3137 4.4
      vertex 3.04056 -5.44472 4.4
      vertex 7.2832 -9.68736 4.4
    endloop
  endfacet
  facet normal 0 0 -1
    outer loop
      vertex 0.793682 -4.68277 4.4
      vertex 3.04056 -5.44472 4.4
      vertex 7.42462 -11.3137 4.4
    endloop
  endfacet
  facet normal 0 0 -1
    outer loop
      vertex 3.04056 -5.44472 4.4
      vertex 0.793682 -4.68277 4.4
      vertex 2.99934 -5.40204 4.4
    endloop
  endfacet
  facet normal 0 -0 -1
    outer loop
      vertex 0.824828 -4.67784 4.4
      vertex 2.99934 -5.40204 4.4
      vertex 0.793682 -4.68277 4.4
    endloop
  endfacet
  facet normal 0 0 -1
    outer loop
      vertex 2.99934 -5.40204 4.4
      vertex 0.824828 -4.67784 4.4
      vertex 2.95963 -5.35794 4.4
    endloop
  endfacet
  facet normal 0 0 -1
    outer loop
      vertex 2.375 -4.11362 4.4
      vertex 2.5429 -4.21297 4.4
      vertex 2.5429 -4.27231 4.4
    endloop
  endfacet
  facet normal 0 0 -1
    outer loop
      vertex 2.22999 -4.194 4.4
      vertex 2.5429 -4.27231 4.4
      vertex 2.54497 -4.33161 4.4
    endloop
  endfacet
  facet normal 0 0 -1
    outer loop
      vertex 2.22999 -4.194 4.4
      vertex 2.54497 -4.33161 4.4
      vertex 2.54911 -4.39081 4.4
    endloop
  endfacet
  facet normal 0 0 -1
    outer loop
      vertex 2.5429 -4.21297 4.4
      vertex 2.375 -4.11362 4.4
      vertex 2.51712 -4.02823 4.4
    endloop
  endfacet
  facet normal 0 0 -1
    outer loop
      vertex 2.22999 -4.194 4.4
      vertex 2.54911 -4.39081 4.4
      vertex 2.55531 -4.44982 4.4
    endloop
  endfacet
  facet normal 0 0 -1
    outer loop
      vertex 2.08226 -4.26927 4.4
      vertex 2.55531 -4.44982 4.4
      vertex 2.56357 -4.50858 4.4
    endloop
  endfacet
  facet normal 0 0 -1
    outer loop
      vertex 2.08226 -4.26927 4.4
      vertex 2.56357 -4.50858 4.4
      vertex 2.57387 -4.56702 4.4
    endloop
  endfacet
  facet normal 0 0 -1
    outer loop
      vertex 1.932 -4.33934 4.4
      vertex 2.57387 -4.56702 4.4
      vertex 2.58621 -4.62506 4.4
    endloop
  endfacet
  facet normal 0 0 -1
    outer loop
      vertex 1.932 -4.33934 4.4
      vertex 2.58621 -4.62506 4.4
      vertex 2.60057 -4.68263 4.4
    endloop
  endfacet
  facet normal 0 0 -1
    outer loop
      vertex 1.932 -4.33934 4.4
      vertex 2.60057 -4.68263 4.4
      vertex 2.61692 -4.73967 4.4
    endloop
  endfacet
  facet normal 0 0 -1
    outer loop
      vertex 1.77938 -4.40412 4.4
      vertex 2.61692 -4.73967 4.4
      vertex 2.63526 -4.79611 4.4
    endloop
  endfacet
  facet normal 0 0 -1
    outer loop
      vertex 1.77938 -4.40412 4.4
      vertex 2.63526 -4.79611 4.4
      vertex 2.65555 -4.85187 4.4
    endloop
  endfacet
  facet normal 0 0 -1
    outer loop
      vertex 2.5429 -4.27231 4.4
      vertex 2.22999 -4.194 4.4
      vertex 2.375 -4.11362 4.4
    endloop
  endfacet
  facet normal 0 0 -1
    outer loop
      vertex 1.6246 -4.46354 4.4
      vertex 2.65555 -4.85187 4.4
      vertex 2.67778 -4.90688 4.4
    endloop
  endfacet
  facet normal 0 0 -1
    outer loop
      vertex 1.6246 -4.46354 4.4
      vertex 2.67778 -4.90688 4.4
      vertex 2.70192 -4.96109 4.4
    endloop
  endfacet
  facet normal 0 0 -1
    outer loop
      vertex 1.46783 -4.51752 4.4
      vertex 2.70192 -4.96109 4.4
      vertex 2.72793 -5.01442 4.4
    endloop
  endfacet
  facet normal 0 0 -1
    outer loop
      vertex 1.46783 -4.51752 4.4
      vertex 2.72793 -5.01442 4.4
      vertex 2.75579 -5.06682 4.4
    endloop
  endfacet
  facet normal 0 0 -1
    outer loop
      vertex 1.30928 -4.56599 4.4
      vertex 2.75579 -5.06682 4.4
      vertex 2.78546 -5.11821 4.4
    endloop
  endfacet
  facet normal 0 0 -1
    outer loop
      vertex 2.55531 -4.44982 4.4
      vertex 2.08226 -4.26927 4.4
      vertex 2.22999 -4.194 4.4
    endloop
  endfacet
  facet normal 0 0 -1
    outer loop
      vertex 1.30928 -4.56599 4.4
      vertex 2.78546 -5.11821 4.4
      vertex 2.8169 -5.16853 4.4
    endloop
  endfacet
  facet normal 0 0 -1
    outer loop
      vertex 1.30928 -4.56599 4.4
      vertex 2.8169 -5.16853 4.4
      vertex 2.85008 -5.21772 4.4
    endloop
  endfacet
  facet normal 0 0 -1
    outer loop
      vertex 1.14913 -4.6089 4.4
      vertex 2.85008 -5.21772 4.4
      vertex 2.88496 -5.26573 4.4
    endloop
  endfacet
  facet normal 0 -0 -1
    outer loop
      vertex 0.98758 -4.6462 4.4
      vertex 2.95963 -5.35794 4.4
      vertex 0.824828 -4.67784 4.4
    endloop
  endfacet
  facet normal 0 0 -1
    outer loop
      vertex 2.57387 -4.56702 4.4
      vertex 1.932 -4.33934 4.4
      vertex 2.08226 -4.26927 4.4
    endloop
  endfacet
  facet normal 0 0 -1
    outer loop
      vertex 2.61692 -4.73967 4.4
      vertex 1.77938 -4.40412 4.4
      vertex 1.932 -4.33934 4.4
    endloop
  endfacet
  facet normal 0 0 -1
    outer loop
      vertex 2.65555 -4.85187 4.4
      vertex 1.6246 -4.46354 4.4
      vertex 1.77938 -4.40412 4.4
    endloop
  endfacet
  facet normal 0 0 -1
    outer loop
      vertex 2.70192 -4.96109 4.4
      vertex 1.46783 -4.51752 4.4
      vertex 1.6246 -4.46354 4.4
    endloop
  endfacet
  facet normal 0 0 -1
    outer loop
      vertex 2.75579 -5.06682 4.4
      vertex 1.30928 -4.56599 4.4
      vertex 1.46783 -4.51752 4.4
    endloop
  endfacet
  facet normal 0 0 -1
    outer loop
      vertex 2.85008 -5.21772 4.4
      vertex 1.14913 -4.6089 4.4
      vertex 1.30928 -4.56599 4.4
    endloop
  endfacet
  facet normal 0 0 -1
    outer loop
      vertex 2.88496 -5.26573 4.4
      vertex 0.98758 -4.6462 4.4
      vertex 1.14913 -4.6089 4.4
    endloop
  endfacet
  facet normal 0 0 -1
    outer loop
      vertex 2.92149 -5.31248 4.4
      vertex 0.98758 -4.6462 4.4
      vertex 2.88496 -5.26573 4.4
    endloop
  endfacet
  facet normal 0 0 -1
    outer loop
      vertex 2.95963 -5.35794 4.4
      vertex 0.98758 -4.6462 4.4
      vertex 2.92149 -5.31248 4.4
    endloop
  endfacet
  facet normal 0 0 -1
    outer loop
      vertex 2.55531 -4.03546 4.4
      vertex 2.51712 -4.02823 4.4
      vertex 2.56027 -4.00021 4.4
    endloop
  endfacet
  facet normal 0 0 -1
    outer loop
      vertex 2.54911 -4.09448 4.4
      vertex 2.51712 -4.02823 4.4
      vertex 2.55531 -4.03546 4.4
    endloop
  endfacet
  facet normal 0 0 -1
    outer loop
      vertex 2.54497 -4.15367 4.4
      vertex 2.51712 -4.02823 4.4
      vertex 2.54911 -4.09448 4.4
    endloop
  endfacet
  facet normal 0 0 -1
    outer loop
      vertex 2.51712 -4.02823 4.4
      vertex 2.54497 -4.15367 4.4
      vertex 2.5429 -4.21297 4.4
    endloop
  endfacet
  facet normal 0 0 1
    outer loop
      vertex -8.5547 -10.1836 4.4
      vertex -8.63345 -10.1788 4.4
      vertex -8.57425 -10.183 4.4
    endloop
  endfacet
  facet normal 0 0 1
    outer loop
      vertex -8.5547 -10.1836 4.4
      vertex -8.69246 -10.1726 4.4
      vertex -8.63345 -10.1788 4.4
    endloop
  endfacet
  facet normal 0 0 1
    outer loop
      vertex -8.5547 -10.1836 4.4
      vertex -8.75122 -10.1644 4.4
      vertex -8.69246 -10.1726 4.4
    endloop
  endfacet
  facet normal 0 0 1
    outer loop
      vertex -8.5547 -10.1836 4.4
      vertex -8.80966 -10.154 4.4
      vertex -8.75122 -10.1644 4.4
    endloop
  endfacet
  facet normal 0 0 1
    outer loop
      vertex -8.5547 -10.1836 4.4
      vertex -8.8677 -10.1417 4.4
      vertex -8.80966 -10.154 4.4
    endloop
  endfacet
  facet normal 0 0 1
    outer loop
      vertex -8.5547 -10.1836 4.4
      vertex -8.92527 -10.1274 4.4
      vertex -8.8677 -10.1417 4.4
    endloop
  endfacet
  facet normal 0 0 1
    outer loop
      vertex -8.5547 -10.1836 4.4
      vertex -8.98231 -10.111 4.4
      vertex -8.92527 -10.1274 4.4
    endloop
  endfacet
  facet normal 0 0 1
    outer loop
      vertex -8.5547 -10.1836 4.4
      vertex -9.03875 -10.0927 4.4
      vertex -8.98231 -10.111 4.4
    endloop
  endfacet
  facet normal 0 0 1
    outer loop
      vertex -8.5547 -10.1836 4.4
      vertex -9.09451 -10.0724 4.4
      vertex -9.03875 -10.0927 4.4
    endloop
  endfacet
  facet normal 0 0 1
    outer loop
      vertex -8.5547 -10.1836 4.4
      vertex -9.14952 -10.0501 4.4
      vertex -9.09451 -10.0724 4.4
    endloop
  endfacet
  facet normal 0 0 1
    outer loop
      vertex -8.5547 -10.1836 4.4
      vertex -9.20373 -10.026 4.4
      vertex -9.14952 -10.0501 4.4
    endloop
  endfacet
  facet normal 0 0 1
    outer loop
      vertex -8.5547 -10.1836 4.4
      vertex -9.25706 -9.99999 4.4
      vertex -9.20373 -10.026 4.4
    endloop
  endfacet
  facet normal 0 0 1
    outer loop
      vertex -8.5547 -10.1836 4.4
      vertex -9.30946 -9.97213 4.4
      vertex -9.25706 -9.99999 4.4
    endloop
  endfacet
  facet normal 0 0 1
    outer loop
      vertex -8.5547 -10.1836 4.4
      vertex -9.36085 -9.94247 4.4
      vertex -9.30946 -9.97213 4.4
    endloop
  endfacet
  facet normal 0 0 1
    outer loop
      vertex -8.5547 -10.1836 4.4
      vertex -9.41117 -9.91102 4.4
      vertex -9.36085 -9.94247 4.4
    endloop
  endfacet
  facet normal 0 0 1
    outer loop
      vertex -8.5547 -10.1836 4.4
      vertex -9.46036 -9.87784 4.4
      vertex -9.41117 -9.91102 4.4
    endloop
  endfacet
  facet normal 0 0 1
    outer loop
      vertex -8.5547 -10.1836 4.4
      vertex -9.50837 -9.84296 4.4
      vertex -9.46036 -9.87784 4.4
    endloop
  endfacet
  facet normal 0 0 1
    outer loop
      vertex -8.5547 -10.1836 4.4
      vertex -9.55513 -9.80643 4.4
      vertex -9.50837 -9.84296 4.4
    endloop
  endfacet
  facet normal 0 0 1
    outer loop
      vertex -8.5547 -10.1836 4.4
      vertex -9.60058 -9.76829 4.4
      vertex -9.55513 -9.80643 4.4
    endloop
  endfacet
  facet normal 0 0 1
    outer loop
      vertex -8.5547 -10.1836 4.4
      vertex -9.64468 -9.72858 4.4
      vertex -9.60058 -9.76829 4.4
    endloop
  endfacet
  facet normal 0 0 1
    outer loop
      vertex -8.5547 -10.1836 4.4
      vertex -9.68736 -9.68736 4.4
      vertex -9.64468 -9.72858 4.4
    endloop
  endfacet
  facet normal 0 0 1
    outer loop
      vertex -8.5547 -10.1836 4.4
      vertex -9.72858 -9.64468 4.4
      vertex -9.68736 -9.68736 4.4
    endloop
  endfacet
  facet normal 0 0 1
    outer loop
      vertex -8.5547 -10.1836 4.4
      vertex -9.76829 -9.60058 4.4
      vertex -9.72858 -9.64468 4.4
    endloop
  endfacet
  facet normal 0 0 1
    outer loop
      vertex -8.5547 -10.1836 4.4
      vertex -9.80643 -9.55513 4.4
      vertex -9.76829 -9.60058 4.4
    endloop
  endfacet
  facet normal 0 0 1
    outer loop
      vertex -8.5547 -10.1836 4.4
      vertex -9.84296 -9.50837 4.4
      vertex -9.80643 -9.55513 4.4
    endloop
  endfacet
  facet normal 0 0 1
    outer loop
      vertex -8.5547 -10.1836 4.4
      vertex -9.87784 -9.46036 4.4
      vertex -9.84296 -9.50837 4.4
    endloop
  endfacet
  facet normal 0 0 1
    outer loop
      vertex -8.5547 -10.1836 4.4
      vertex -9.91102 -9.41117 4.4
      vertex -9.87784 -9.46036 4.4
    endloop
  endfacet
  facet normal 0 0 1
    outer loop
      vertex -8.5547 -10.1836 4.4
      vertex -9.94247 -9.36085 4.4
      vertex -9.91102 -9.41117 4.4
    endloop
  endfacet
  facet normal 0 0 1
    outer loop
      vertex -8.5547 -10.1836 4.4
      vertex -9.97213 -9.30946 4.4
      vertex -9.94247 -9.36085 4.4
    endloop
  endfacet
  facet normal 0 0 1
    outer loop
      vertex -8.5547 -10.1836 4.4
      vertex -9.99999 -9.25706 4.4
      vertex -9.97213 -9.30946 4.4
    endloop
  endfacet
  facet normal 0 0 1
    outer loop
      vertex -8.5547 -10.1836 4.4
      vertex -10.026 -9.20373 4.4
      vertex -9.99999 -9.25706 4.4
    endloop
  endfacet
  facet normal 0 0 1
    outer loop
      vertex -8.5547 -10.1836 4.4
      vertex -10.0501 -9.14952 4.4
      vertex -10.026 -9.20373 4.4
    endloop
  endfacet
  facet normal 0 0 1
    outer loop
      vertex -8.5547 -10.1836 4.4
      vertex -10.0724 -9.09451 4.4
      vertex -10.0501 -9.14952 4.4
    endloop
  endfacet
  facet normal 0 0 1
    outer loop
      vertex -8.5547 -10.1836 4.4
      vertex -10.0927 -9.03875 4.4
      vertex -10.0724 -9.09451 4.4
    endloop
  endfacet
  facet normal 0 0 1
    outer loop
      vertex -8.5547 -10.1836 4.4
      vertex -10.111 -8.98231 4.4
      vertex -10.0927 -9.03875 4.4
    endloop
  endfacet
  facet normal 0 0 1
    outer loop
      vertex -8.5547 -10.1836 4.4
      vertex -10.1274 -8.92527 4.4
      vertex -10.111 -8.98231 4.4
    endloop
  endfacet
  facet normal 0 0 1
    outer loop
      vertex -8.5547 -10.1836 4.4
      vertex -10.1417 -8.8677 4.4
      vertex -10.1274 -8.92527 4.4
    endloop
  endfacet
  facet normal 0 0 1
    outer loop
      vertex -8.5547 -10.1836 4.4
      vertex -10.154 -8.80966 4.4
      vertex -10.1417 -8.8677 4.4
    endloop
  endfacet
  facet normal 0 0 1
    outer loop
      vertex -8.5547 -10.1836 4.4
      vertex -10.1644 -8.75122 4.4
      vertex -10.154 -8.80966 4.4
    endloop
  endfacet
  facet normal 0 0 1
    outer loop
      vertex -8.5547 -10.1836 4.4
      vertex -10.1726 -8.69246 4.4
      vertex -10.1644 -8.75122 4.4
    endloop
  endfacet
  facet normal 0 0 1
    outer loop
      vertex -8.5547 -10.1836 4.4
      vertex -10.1788 -8.63345 4.4
      vertex -10.1726 -8.69246 4.4
    endloop
  endfacet
  facet normal 0 0 1
    outer loop
      vertex -10.1836 -8.5547 4.4
      vertex -10.1788 -8.63345 4.4
      vertex -8.5547 -10.1836 4.4
    endloop
  endfacet
  facet normal 0 0 1
    outer loop
      vertex -10.1788 -8.63345 4.4
      vertex -10.1836 -8.5547 4.4
      vertex -10.183 -8.57425 4.4
    endloop
  endfacet
  facet normal 0 0 1
    outer loop
      vertex 10.1836 -8.5547 4.4
      vertex 10.1788 -8.63345 4.4
      vertex 10.183 -8.57425 4.4
    endloop
  endfacet
  facet normal 0 0 1
    outer loop
      vertex 10.1836 -8.5547 4.4
      vertex 10.1726 -8.69246 4.4
      vertex 10.1788 -8.63345 4.4
    endloop
  endfacet
  facet normal 0 0 1
    outer loop
      vertex 10.1836 -8.5547 4.4
      vertex 10.1644 -8.75122 4.4
      vertex 10.1726 -8.69246 4.4
    endloop
  endfacet
  facet normal 0 0 1
    outer loop
      vertex 10.1836 -8.5547 4.4
      vertex 10.154 -8.80966 4.4
      vertex 10.1644 -8.75122 4.4
    endloop
  endfacet
  facet normal 0 0 1
    outer loop
      vertex 10.1836 -8.5547 4.4
      vertex 10.1417 -8.8677 4.4
      vertex 10.154 -8.80966 4.4
    endloop
  endfacet
  facet normal 0 0 1
    outer loop
      vertex 10.1836 -8.5547 4.4
      vertex 10.1274 -8.92527 4.4
      vertex 10.1417 -8.8677 4.4
    endloop
  endfacet
  facet normal 0 0 1
    outer loop
      vertex 10.1836 -8.5547 4.4
      vertex 10.111 -8.98231 4.4
      vertex 10.1274 -8.92527 4.4
    endloop
  endfacet
  facet normal 0 0 1
    outer loop
      vertex 10.1836 -8.5547 4.4
      vertex 10.0927 -9.03875 4.4
      vertex 10.111 -8.98231 4.4
    endloop
  endfacet
  facet normal 0 0 1
    outer loop
      vertex 10.1836 -8.5547 4.4
      vertex 10.0724 -9.09451 4.4
      vertex 10.0927 -9.03875 4.4
    endloop
  endfacet
  facet normal 0 0 1
    outer loop
      vertex 10.1836 -8.5547 4.4
      vertex 10.0501 -9.14952 4.4
      vertex 10.0724 -9.09451 4.4
    endloop
  endfacet
  facet normal 0 0 1
    outer loop
      vertex 10.1836 -8.5547 4.4
      vertex 10.026 -9.20373 4.4
      vertex 10.0501 -9.14952 4.4
    endloop
  endfacet
  facet normal 0 0 1
    outer loop
      vertex 10.1836 -8.5547 4.4
      vertex 9.99999 -9.25706 4.4
      vertex 10.026 -9.20373 4.4
    endloop
  endfacet
  facet normal 0 0 1
    outer loop
      vertex 10.1836 -8.5547 4.4
      vertex 9.97213 -9.30946 4.4
      vertex 9.99999 -9.25706 4.4
    endloop
  endfacet
  facet normal 0 0 1
    outer loop
      vertex 10.1836 -8.5547 4.4
      vertex 9.94247 -9.36085 4.4
      vertex 9.97213 -9.30946 4.4
    endloop
  endfacet
  facet normal 0 0 1
    outer loop
      vertex 10.1836 -8.5547 4.4
      vertex 9.91102 -9.41117 4.4
      vertex 9.94247 -9.36085 4.4
    endloop
  endfacet
  facet normal 0 0 1
    outer loop
      vertex 10.1836 -8.5547 4.4
      vertex 9.87784 -9.46036 4.4
      vertex 9.91102 -9.41117 4.4
    endloop
  endfacet
  facet normal 0 0 1
    outer loop
      vertex 10.1836 -8.5547 4.4
      vertex 9.84296 -9.50837 4.4
      vertex 9.87784 -9.46036 4.4
    endloop
  endfacet
  facet normal 0 0 1
    outer loop
      vertex 10.1836 -8.5547 4.4
      vertex 9.80643 -9.55513 4.4
      vertex 9.84296 -9.50837 4.4
    endloop
  endfacet
  facet normal 0 0 1
    outer loop
      vertex 10.1836 -8.5547 4.4
      vertex 9.76829 -9.60058 4.4
      vertex 9.80643 -9.55513 4.4
    endloop
  endfacet
  facet normal 0 0 1
    outer loop
      vertex 10.1836 -8.5547 4.4
      vertex 9.72858 -9.64468 4.4
      vertex 9.76829 -9.60058 4.4
    endloop
  endfacet
  facet normal 0 0 1
    outer loop
      vertex 10.1836 -8.5547 4.4
      vertex 9.68736 -9.68736 4.4
      vertex 9.72858 -9.64468 4.4
    endloop
  endfacet
  facet normal 0 0 1
    outer loop
      vertex 10.1836 -8.5547 4.4
      vertex 9.64468 -9.72858 4.4
      vertex 9.68736 -9.68736 4.4
    endloop
  endfacet
  facet normal 0 0 1
    outer loop
      vertex 10.1836 -8.5547 4.4
      vertex 9.60058 -9.76829 4.4
      vertex 9.64468 -9.72858 4.4
    endloop
  endfacet
  facet normal 0 0 1
    outer loop
      vertex 10.1836 -8.5547 4.4
      vertex 9.55513 -9.80643 4.4
      vertex 9.60058 -9.76829 4.4
    endloop
  endfacet
  facet normal 0 0 1
    outer loop
      vertex 10.1836 -8.5547 4.4
      vertex 9.50837 -9.84296 4.4
      vertex 9.55513 -9.80643 4.4
    endloop
  endfacet
  facet normal 0 0 1
    outer loop
      vertex 10.1836 -8.5547 4.4
      vertex 9.46036 -9.87784 4.4
      vertex 9.50837 -9.84296 4.4
    endloop
  endfacet
  facet normal 0 0 1
    outer loop
      vertex 10.1836 -8.5547 4.4
      vertex 9.41117 -9.91102 4.4
      vertex 9.46036 -9.87784 4.4
    endloop
  endfacet
  facet normal 0 0 1
    outer loop
      vertex 10.1836 -8.5547 4.4
      vertex 9.36085 -9.94247 4.4
      vertex 9.41117 -9.91102 4.4
    endloop
  endfacet
  facet normal 0 0 1
    outer loop
      vertex 10.1836 -8.5547 4.4
      vertex 9.30946 -9.97213 4.4
      vertex 9.36085 -9.94247 4.4
    endloop
  endfacet
  facet normal 0 0 1
    outer loop
      vertex 10.1836 -8.5547 4.4
      vertex 9.25706 -9.99999 4.4
      vertex 9.30946 -9.97213 4.4
    endloop
  endfacet
  facet normal 0 0 1
    outer loop
      vertex 10.1836 -8.5547 4.4
      vertex 9.20373 -10.026 4.4
      vertex 9.25706 -9.99999 4.4
    endloop
  endfacet
  facet normal 0 0 1
    outer loop
      vertex 10.1836 -8.5547 4.4
      vertex 9.14952 -10.0501 4.4
      vertex 9.20373 -10.026 4.4
    endloop
  endfacet
  facet normal 0 0 1
    outer loop
      vertex 10.1836 -8.5547 4.4
      vertex 9.09451 -10.0724 4.4
      vertex 9.14952 -10.0501 4.4
    endloop
  endfacet
  facet normal 0 0 1
    outer loop
      vertex 10.1836 -8.5547 4.4
      vertex 9.03875 -10.0927 4.4
      vertex 9.09451 -10.0724 4.4
    endloop
  endfacet
  facet normal 0 0 1
    outer loop
      vertex 10.1836 -8.5547 4.4
      vertex 8.98231 -10.111 4.4
      vertex 9.03875 -10.0927 4.4
    endloop
  endfacet
  facet normal 0 0 1
    outer loop
      vertex 10.1836 -8.5547 4.4
      vertex 8.92527 -10.1274 4.4
      vertex 8.98231 -10.111 4.4
    endloop
  endfacet
  facet normal 0 0 1
    outer loop
      vertex 10.1836 -8.5547 4.4
      vertex 8.8677 -10.1417 4.4
      vertex 8.92527 -10.1274 4.4
    endloop
  endfacet
  facet normal 0 0 1
    outer loop
      vertex 10.1836 -8.5547 4.4
      vertex 8.80966 -10.154 4.4
      vertex 8.8677 -10.1417 4.4
    endloop
  endfacet
  facet normal 0 0 1
    outer loop
      vertex 10.1836 -8.5547 4.4
      vertex 8.75122 -10.1644 4.4
      vertex 8.80966 -10.154 4.4
    endloop
  endfacet
  facet normal 0 0 1
    outer loop
      vertex 10.1836 -8.5547 4.4
      vertex 8.69246 -10.1726 4.4
      vertex 8.75122 -10.1644 4.4
    endloop
  endfacet
  facet normal 0 0 1
    outer loop
      vertex 10.1836 -8.5547 4.4
      vertex 8.63345 -10.1788 4.4
      vertex 8.69246 -10.1726 4.4
    endloop
  endfacet
  facet normal 0 0 1
    outer loop
      vertex 8.5547 -10.1836 4.4
      vertex 8.63345 -10.1788 4.4
      vertex 10.1836 -8.5547 4.4
    endloop
  endfacet
  facet normal 0 0 1
    outer loop
      vertex 8.63345 -10.1788 4.4
      vertex 8.5547 -10.1836 4.4
      vertex 8.57425 -10.183 4.4
    endloop
  endfacet
  facet normal 0.707107 -0.707106 0
    outer loop
      vertex -11.3137 -7.42462 4.4
      vertex -4.68277 -0.793682 0
      vertex -4.68277 -0.793682 4.4
    endloop
  endfacet
  facet normal 0.707107 -0.707106 0
    outer loop
      vertex -4.68277 -0.793682 0
      vertex -11.3137 -7.42462 4.4
      vertex -11.3137 -7.42462 0
    endloop
  endfacet
  facet normal -0.707106 0.707107 0
    outer loop
      vertex -7.42462 -11.3137 0
      vertex -0.793682 -4.68277 4.4
      vertex -0.793682 -4.68277 0
    endloop
  endfacet
  facet normal -0.707106 0.707107 0
    outer loop
      vertex -0.793682 -4.68277 4.4
      vertex -7.42462 -11.3137 0
      vertex -7.42462 -11.3137 4.4
    endloop
  endfacet
  facet normal -0.707101 0.707113 0
    outer loop
      vertex 11.3137 -7.42462 0
      vertex 10.1836 -8.5547 4.4
      vertex 11.3137 -7.42462 4.4
    endloop
  endfacet
  facet normal -0.707107 0.707107 -3.21412e-06
    outer loop
      vertex 11.3137 -7.42462 0
      vertex 8.5547 -10.1836 4.4
      vertex 10.1836 -8.5547 4.4
    endloop
  endfacet
  facet normal -0.707107 0.707107 -3.21412e-06
    outer loop
      vertex 7.42462 -11.3137 0
      vertex 8.5547 -10.1836 4.4
      vertex 11.3137 -7.42462 0
    endloop
  endfacet
  facet normal -0.707113 0.707101 0
    outer loop
      vertex 8.5547 -10.1836 4.4
      vertex 7.42462 -11.3137 0
      vertex 7.42462 -11.3137 4.4
    endloop
  endfacet
  facet normal -0.707107 -0.707106 0
    outer loop
      vertex 11.3137 -7.42462 0
      vertex 4.68277 -0.793682 4.4
      vertex 4.68277 -0.793682 0
    endloop
  endfacet
  facet normal -0.707107 -0.707106 0
    outer loop
      vertex 4.68277 -0.793682 4.4
      vertex 11.3137 -7.42462 0
      vertex 11.3137 -7.42462 4.4
    endloop
  endfacet
  facet normal 0.707106 0.707107 0
    outer loop
      vertex 7.42462 -11.3137 4.4
      vertex 0.793682 -4.68277 0
      vertex 0.793682 -4.68277 4.4
    endloop
  endfacet
  facet normal 0.707106 0.707107 0
    outer loop
      vertex 0.793682 -4.68277 0
      vertex 7.42462 -11.3137 4.4
      vertex 7.42462 -11.3137 0
    endloop
  endfacet
  facet normal -0.787971 0.615713 0
    outer loop
      vertex -2.92149 -5.31248 4.4
      vertex -2.88496 -5.26573 19.5
      vertex -2.88496 -5.26573 4.4
    endloop
  endfacet
  facet normal -0.787971 0.615713 0
    outer loop
      vertex -2.88496 -5.26573 19.5
      vertex -2.92149 -5.31248 4.4
      vertex -2.92149 -5.31248 19.5
    endloop
  endfacet
  facet normal 0.990403 0.138211 0
    outer loop
      vertex -10.1644 -8.75122 9.29113
      vertex -10.1726 -8.69246 4.4
      vertex -10.1726 -8.69246 9.32346
    endloop
  endfacet
  facet normal 0.990403 0.138211 0
    outer loop
      vertex -10.1726 -8.69246 4.4
      vertex -10.1644 -8.75122 9.29113
      vertex -10.1644 -8.75122 4.4
    endloop
  endfacet
  facet normal 0.990403 0.138211 0
    outer loop
      vertex -10.1644 -8.75122 15.2911
      vertex -10.1726 -8.69246 9.67654
      vertex -10.1726 -8.69246 15.3235
    endloop
  endfacet
  facet normal 0.990403 0.138211 0
    outer loop
      vertex -10.1726 -8.69246 9.67654
      vertex -10.1644 -8.75122 15.2911
      vertex -10.1644 -8.75122 9.70887
    endloop
  endfacet
  facet normal 0.990403 0.138211 -0
    outer loop
      vertex -10.1644 -8.75122 15.7089
      vertex -10.1726 -8.69246 19.5
      vertex -10.1644 -8.75122 19.5
    endloop
  endfacet
  facet normal 0.990403 0.138211 0
    outer loop
      vertex -10.1726 -8.69246 19.5
      vertex -10.1644 -8.75122 15.7089
      vertex -10.1726 -8.69246 15.6765
    endloop
  endfacet
  facet normal 0.694697 0.719303 -0
    outer loop
      vertex -9.64468 -9.72858 4.4
      vertex -9.68736 -9.68736 9.00354
      vertex -9.64468 -9.72858 9.00458
    endloop
  endfacet
  facet normal 0.694697 0.719303 0
    outer loop
      vertex -9.68736 -9.68736 9.00354
      vertex -9.64468 -9.72858 4.4
      vertex -9.68736 -9.68736 4.4
    endloop
  endfacet
  facet normal 0.694697 0.719303 0
    outer loop
      vertex -9.64468 -9.72858 15.0046
      vertex -9.68736 -9.68736 9.99646
      vertex -9.68736 -9.68736 15.0035
    endloop
  endfacet
  facet normal 0.694697 0.719303 0
    outer loop
      vertex -9.68736 -9.68736 9.99646
      vertex -9.64468 -9.72858 15.0046
      vertex -9.64468 -9.72858 9.99542
    endloop
  endfacet
  facet normal 0.694697 0.719303 0
    outer loop
      vertex -9.64468 -9.72858 19.5
      vertex -9.68736 -9.68736 15.9965
      vertex -9.68736 -9.68736 19.5
    endloop
  endfacet
  facet normal 0.694697 0.719303 0
    outer loop
      vertex -9.68736 -9.68736 15.9965
      vertex -9.64468 -9.72858 19.5
      vertex -9.64468 -9.72858 15.9954
    endloop
  endfacet
  facet normal -0.882959 0.469451 0
    outer loop
      vertex -2.75579 -5.06682 4.4
      vertex -2.72793 -5.01442 19.5
      vertex -2.72793 -5.01442 4.4
    endloop
  endfacet
  facet normal -0.882959 0.469451 0
    outer loop
      vertex -2.72793 -5.01442 19.5
      vertex -2.75579 -5.06682 4.4
      vertex -2.75579 -5.06682 19.5
    endloop
  endfacet
  facet normal -0.970271 0.24202 0
    outer loop
      vertex -2.60057 -4.68263 4.4
      vertex -2.58621 -4.62506 19.5
      vertex -2.58621 -4.62506 4.4
    endloop
  endfacet
  facet normal -0.970271 0.24202 0
    outer loop
      vertex -2.58621 -4.62506 19.5
      vertex -2.60057 -4.68263 4.4
      vertex -2.60057 -4.68263 19.5
    endloop
  endfacet
  facet normal -0.898799 0.438361 0
    outer loop
      vertex -2.72793 -5.01442 4.4
      vertex -2.70192 -4.96109 19.5
      vertex -2.70192 -4.96109 4.4
    endloop
  endfacet
  facet normal -0.898799 0.438361 0
    outer loop
      vertex -2.70192 -4.96109 19.5
      vertex -2.72793 -5.01442 4.4
      vertex -2.72793 -5.01442 19.5
    endloop
  endfacet
  facet normal -0.707107 0.707107 0
    outer loop
      vertex -7.2832 -9.68736 4.4
      vertex -3.04056 -5.44472 19.5
      vertex -3.04056 -5.44472 4.4
    endloop
  endfacet
  facet normal -0.707107 0.707107 0
    outer loop
      vertex -3.04056 -5.44472 19.5
      vertex -7.2832 -9.68736 4.4
      vertex -7.2832 -9.68736 19.5
    endloop
  endfacet
  facet normal 0.707107 -0.707107 0
    outer loop
      vertex -9.68736 -7.2832 19.5
      vertex -5.44472 -3.04056 4.4
      vertex -5.44472 -3.04056 19.5
    endloop
  endfacet
  facet normal 0.707107 -0.707107 0
    outer loop
      vertex -5.44472 -3.04056 4.4
      vertex -9.68736 -7.2832 19.5
      vertex -9.68736 -7.2832 4.4
    endloop
  endfacet
  facet normal -0.76609 0.642734 0
    outer loop
      vertex -2.95963 -5.35794 4.4
      vertex -2.92149 -5.31248 19.5
      vertex -2.92149 -5.31248 4.4
    endloop
  endfacet
  facet normal -0.76609 0.642734 0
    outer loop
      vertex -2.92149 -5.31248 19.5
      vertex -2.95963 -5.35794 4.4
      vertex -2.95963 -5.35794 19.5
    endloop
  endfacet
  facet normal -0.719303 0.694697 0
    outer loop
      vertex -3.04056 -5.44472 4.4
      vertex -2.99934 -5.40204 19.5
      vertex -2.99934 -5.40204 4.4
    endloop
  endfacet
  facet normal -0.719303 0.694697 0
    outer loop
      vertex -2.99934 -5.40204 19.5
      vertex -3.04056 -5.44472 4.4
      vertex -3.04056 -5.44472 19.5
    endloop
  endfacet
  facet normal 0.438361 0.898799 -0
    outer loop
      vertex -9.20373 -10.026 4.4
      vertex -9.25706 -9.99999 9.07672
      vertex -9.20373 -10.026 9.09407
    endloop
  endfacet
  facet normal 0.438361 0.898799 0
    outer loop
      vertex -9.25706 -9.99999 9.07672
      vertex -9.20373 -10.026 4.4
      vertex -9.25706 -9.99999 4.4
    endloop
  endfacet
  facet normal 0.438361 0.898799 0
    outer loop
      vertex -9.20373 -10.026 15.0941
      vertex -9.25706 -9.99999 9.92328
      vertex -9.25706 -9.99999 15.0767
    endloop
  endfacet
  facet normal 0.438361 0.898799 0
    outer loop
      vertex -9.25706 -9.99999 9.92328
      vertex -9.20373 -10.026 15.0941
      vertex -9.20373 -10.026 9.90593
    endloop
  endfacet
  facet normal 0.438361 0.898799 0
    outer loop
      vertex -9.20373 -10.026 19.5
      vertex -9.25706 -9.99999 15.9233
      vertex -9.25706 -9.99999 19.5
    endloop
  endfacet
  facet normal 0.438361 0.898799 0
    outer loop
      vertex -9.25706 -9.99999 15.9233
      vertex -9.20373 -10.026 19.5
      vertex -9.20373 -10.026 15.9059
    endloop
  endfacet
  facet normal 0.642817 0.76602 -0
    outer loop
      vertex -9.55513 -9.80643 4.4
      vertex -9.60058 -9.76829 9.00768
      vertex -9.55513 -9.80643 9.01286
    endloop
  endfacet
  facet normal 0.642817 0.76602 0
    outer loop
      vertex -9.60058 -9.76829 9.00768
      vertex -9.55513 -9.80643 4.4
      vertex -9.60058 -9.76829 4.4
    endloop
  endfacet
  facet normal 0.642817 0.76602 0
    outer loop
      vertex -9.55513 -9.80643 15.0129
      vertex -9.60058 -9.76829 9.99232
      vertex -9.60058 -9.76829 15.0077
    endloop
  endfacet
  facet normal 0.642817 0.76602 0
    outer loop
      vertex -9.60058 -9.76829 9.99232
      vertex -9.55513 -9.80643 15.0129
      vertex -9.55513 -9.80643 9.98714
    endloop
  endfacet
  facet normal 0.642817 0.76602 0
    outer loop
      vertex -9.55513 -9.80643 19.5
      vertex -9.60058 -9.76829 15.9923
      vertex -9.60058 -9.76829 19.5
    endloop
  endfacet
  facet normal 0.642817 0.76602 0
    outer loop
      vertex -9.60058 -9.76829 15.9923
      vertex -9.55513 -9.80643 19.5
      vertex -9.55513 -9.80643 15.9871
    endloop
  endfacet
  facet normal 0.370011 0.925183 -0.0844253
    outer loop
      vertex -9.03875 -10.0927 9.15658
      vertex -9.09451 -10.0724 9.13466
      vertex -9.07545 -10.0793 9.14258
    endloop
  endfacet
  facet normal 0.342095 0.939665 -0
    outer loop
      vertex -9.03875 -10.0927 4.4
      vertex -9.09451 -10.0724 9.13466
      vertex -9.03875 -10.0927 9.15658
    endloop
  endfacet
  facet normal 0.342095 0.939665 0
    outer loop
      vertex -9.09451 -10.0724 9.13466
      vertex -9.03875 -10.0927 4.4
      vertex -9.09451 -10.0724 4.4
    endloop
  endfacet
  facet normal 0.370809 0.92462 -0.087056
    outer loop
      vertex -9.03875 -10.0927 15.1566
      vertex -9.09451 -10.0724 15.1347
      vertex -9.07545 -10.0793 15.1426
    endloop
  endfacet
  facet normal 0.342095 0.939665 0
    outer loop
      vertex -9.03875 -10.0927 15.1566
      vertex -9.09451 -10.0724 9.86534
      vertex -9.09451 -10.0724 15.1347
    endloop
  endfacet
  facet normal 0.342095 0.939665 -0
    outer loop
      vertex -9.03875 -10.0927 9.84342
      vertex -9.09451 -10.0724 9.86534
      vertex -9.03875 -10.0927 15.1566
    endloop
  endfacet
  facet normal 0.370011 0.925183 0.0844253
    outer loop
      vertex -9.09451 -10.0724 9.86534
      vertex -9.03875 -10.0927 9.84342
      vertex -9.07545 -10.0793 9.85742
    endloop
  endfacet
  facet normal 0.342095 0.939665 0
    outer loop
      vertex -9.03875 -10.0927 19.5
      vertex -9.09451 -10.0724 15.8653
      vertex -9.09451 -10.0724 19.5
    endloop
  endfacet
  facet normal 0.342095 0.939665 -0
    outer loop
      vertex -9.03875 -10.0927 15.8434
      vertex -9.09451 -10.0724 15.8653
      vertex -9.03875 -10.0927 19.5
    endloop
  endfacet
  facet normal 0.370809 0.92462 0.087056
    outer loop
      vertex -9.09451 -10.0724 15.8653
      vertex -9.03875 -10.0927 15.8434
      vertex -9.07545 -10.0793 15.8574
    endloop
  endfacet
  facet normal 0.694697 -0.719303 0
    outer loop
      vertex -5.44472 -3.04056 4.4
      vertex -5.40204 -2.99934 19.5
      vertex -5.44472 -3.04056 19.5
    endloop
  endfacet
  facet normal 0.694697 -0.719303 0
    outer loop
      vertex -5.40204 -2.99934 19.5
      vertex -5.44472 -3.04056 4.4
      vertex -5.40204 -2.99934 4.4
    endloop
  endfacet
  facet normal 0.788035 -0.615631 0
    outer loop
      vertex -9.84296 -7.4622 19.5
      vertex -9.80643 -7.41544 4.4
      vertex -9.80643 -7.41544 19.5
    endloop
  endfacet
  facet normal 0.788035 -0.615631 0
    outer loop
      vertex -9.80643 -7.41544 4.4
      vertex -9.84296 -7.4622 19.5
      vertex -9.84296 -7.4622 4.4
    endloop
  endfacet
  facet normal 0.82903 -0.559204 0
    outer loop
      vertex -9.91102 -7.55939 19.5
      vertex -9.87784 -7.5102 4.4
      vertex -9.87784 -7.5102 19.5
    endloop
  endfacet
  facet normal 0.82903 -0.559204 0
    outer loop
      vertex -9.87784 -7.5102 4.4
      vertex -9.91102 -7.55939 19.5
      vertex -9.91102 -7.55939 4.4
    endloop
  endfacet
  facet normal 0.978281 -0.207284 0
    outer loop
      vertex -10.154 -8.16091 19.5
      vertex -10.1417 -8.10286 4.4
      vertex -10.1417 -8.10286 19.5
    endloop
  endfacet
  facet normal 0.978281 -0.207284 0
    outer loop
      vertex -10.1417 -8.10286 4.4
      vertex -10.154 -8.16091 19.5
      vertex -10.154 -8.16091 4.4
    endloop
  endfacet
  facet normal 0.926771 -0.375627 0
    outer loop
      vertex -10.0724 -7.87606 19.5
      vertex -10.0501 -7.82104 4.4
      vertex -10.0501 -7.82104 19.5
    endloop
  endfacet
  facet normal 0.926771 -0.375627 0
    outer loop
      vertex -10.0501 -7.82104 4.4
      vertex -10.0724 -7.87606 19.5
      vertex -10.0724 -7.87606 4.4
    endloop
  endfacet
  facet normal 0.5 -0.866026 0
    outer loop
      vertex -5.11821 -2.78546 4.4
      vertex -5.06682 -2.75579 19.5
      vertex -5.11821 -2.78546 19.5
    endloop
  endfacet
  facet normal 0.5 -0.866026 0
    outer loop
      vertex -5.06682 -2.75579 19.5
      vertex -5.11821 -2.78546 4.4
      vertex -5.06682 -2.75579 4.4
    endloop
  endfacet
  facet normal 0.275545 -0.961288 0
    outer loop
      vertex -4.73967 -2.61692 4.4
      vertex -4.68263 -2.60057 19.5
      vertex -4.73967 -2.61692 19.5
    endloop
  endfacet
  facet normal 0.275545 -0.961288 0
    outer loop
      vertex -4.68263 -2.60057 19.5
      vertex -4.73967 -2.61692 4.4
      vertex -4.68263 -2.60057 4.4
    endloop
  endfacet
  facet normal -0.0697738 -0.997563 0
    outer loop
      vertex -4.15367 -2.54497 4.4
      vertex -4.09448 -2.54911 19.5
      vertex -4.15367 -2.54497 19.5
    endloop
  endfacet
  facet normal -0.0697738 -0.997563 -0
    outer loop
      vertex -4.09448 -2.54911 19.5
      vertex -4.15367 -2.54497 4.4
      vertex -4.09448 -2.54911 4.4
    endloop
  endfacet
  facet normal -0.997564 0.0697621 0
    outer loop
      vertex -2.54911 -4.39081 4.4
      vertex -2.54497 -4.33161 19.5
      vertex -2.54497 -4.33161 4.4
    endloop
  endfacet
  facet normal -0.997564 0.0697621 0
    outer loop
      vertex -2.54497 -4.33161 19.5
      vertex -2.54911 -4.39081 4.4
      vertex -2.54911 -4.39081 19.5
    endloop
  endfacet
  facet normal -0.999391 -0.034886 0
    outer loop
      vertex -2.5429 -4.21297 4.4
      vertex -2.54497 -4.15367 19.5
      vertex -2.54497 -4.15367 4.4
    endloop
  endfacet
  facet normal -0.999391 -0.034886 0
    outer loop
      vertex -2.54497 -4.15367 19.5
      vertex -2.5429 -4.21297 4.4
      vertex -2.5429 -4.21297 19.5
    endloop
  endfacet
  facet normal -0.82903 0.559204 0
    outer loop
      vertex -2.85008 -5.21772 4.4
      vertex -2.8169 -5.16853 19.5
      vertex -2.8169 -5.16853 4.4
    endloop
  endfacet
  facet normal -0.82903 0.559204 0
    outer loop
      vertex -2.8169 -5.16853 19.5
      vertex -2.85008 -5.21772 4.4
      vertex -2.85008 -5.21772 19.5
    endloop
  endfacet
  facet normal -0.809027 0.587771 0
    outer loop
      vertex -2.88496 -5.26573 4.4
      vertex -2.85008 -5.21772 19.5
      vertex -2.85008 -5.21772 4.4
    endloop
  endfacet
  facet normal -0.809027 0.587771 0
    outer loop
      vertex -2.85008 -5.21772 19.5
      vertex -2.88496 -5.26573 4.4
      vertex -2.88496 -5.26573 19.5
    endloop
  endfacet
  facet normal -0.990245 -0.139337 0
    outer loop
      vertex -2.55531 -4.03546 4.4
      vertex -2.56027 -4.00021 19.5
      vertex -2.56027 -4.00021 4.4
    endloop
  endfacet
  facet normal -0.990245 -0.139337 0
    outer loop
      vertex -2.56027 -4.00021 19.5
      vertex -2.55531 -4.03546 4.4
      vertex -2.55531 -4.03546 19.5
    endloop
  endfacet
  facet normal -0.997563 -0.0697738 0
    outer loop
      vertex -2.54497 -4.15367 4.4
      vertex -2.54911 -4.09448 19.5
      vertex -2.54911 -4.09448 4.4
    endloop
  endfacet
  facet normal -0.997563 -0.0697738 0
    outer loop
      vertex -2.54911 -4.09448 19.5
      vertex -2.54497 -4.15367 4.4
      vertex -2.54497 -4.15367 19.5
    endloop
  endfacet
  facet normal -0.743127 0.669151 0
    outer loop
      vertex -2.99934 -5.40204 4.4
      vertex -2.95963 -5.35794 19.5
      vertex -2.95963 -5.35794 4.4
    endloop
  endfacet
  facet normal -0.743127 0.669151 0
    outer loop
      vertex -2.95963 -5.35794 19.5
      vertex -2.99934 -5.40204 4.4
      vertex -2.99934 -5.40204 19.5
    endloop
  endfacet
  facet normal -0.175237 0.984526 0
    outer loop
      vertex -8.16091 -10.154 4.4
      vertex -8.21934 -10.1644 19.5
      vertex -8.16091 -10.154 19.5
    endloop
  endfacet
  facet normal -0.175237 0.984526 0
    outer loop
      vertex -8.21934 -10.1644 19.5
      vertex -8.16091 -10.154 4.4
      vertex -8.21934 -10.1644 4.4
    endloop
  endfacet
  facet normal -0.499946 0.866056 0
    outer loop
      vertex -7.60972 -9.94247 4.4
      vertex -7.6611 -9.97213 19.5
      vertex -7.60972 -9.94247 19.5
    endloop
  endfacet
  facet normal -0.499946 0.866056 0
    outer loop
      vertex -7.6611 -9.97213 19.5
      vertex -7.60972 -9.94247 4.4
      vertex -7.6611 -9.97213 4.4
    endloop
  endfacet
  facet normal -0.669151 0.743127 0
    outer loop
      vertex -7.32588 -9.72858 4.4
      vertex -7.36998 -9.76829 19.5
      vertex -7.32588 -9.72858 19.5
    endloop
  endfacet
  facet normal -0.669151 0.743127 0
    outer loop
      vertex -7.36998 -9.76829 19.5
      vertex -7.32588 -9.72858 4.4
      vertex -7.36998 -9.76829 4.4
    endloop
  endfacet
  facet normal 0.375524 0.926813 -0
    outer loop
      vertex -9.09451 -10.0724 4.4
      vertex -9.13005 -10.058 9.12092
      vertex -9.09451 -10.0724 9.13466
    endloop
  endfacet
  facet normal 0.37598 0.926628 4.00067e-06
    outer loop
      vertex -9.09451 -10.0724 4.4
      vertex -9.14952 -10.0501 9.11339
      vertex -9.13005 -10.058 9.12092
    endloop
  endfacet
  facet normal 0.375686 0.926747 0
    outer loop
      vertex -9.14952 -10.0501 9.11339
      vertex -9.09451 -10.0724 4.4
      vertex -9.14952 -10.0501 4.4
    endloop
  endfacet
  facet normal 0.375981 0.926627 0
    outer loop
      vertex -9.13005 -10.058 15.1209
      vertex -9.14952 -10.0501 9.88661
      vertex -9.14952 -10.0501 15.1134
    endloop
  endfacet
  facet normal 0.375523 0.926813 1.98576e-06
    outer loop
      vertex -9.09451 -10.0724 15.1347
      vertex -9.14952 -10.0501 9.88661
      vertex -9.13005 -10.058 15.1209
    endloop
  endfacet
  facet normal 0.375686 0.926747 0
    outer loop
      vertex -9.14952 -10.0501 9.88661
      vertex -9.09451 -10.0724 15.1347
      vertex -9.09451 -10.0724 9.86534
    endloop
  endfacet
  facet normal 0.375686 0.926747 0
    outer loop
      vertex -9.09451 -10.0724 19.5
      vertex -9.14952 -10.0501 15.8866
      vertex -9.14952 -10.0501 19.5
    endloop
  endfacet
  facet normal 0.375686 0.926747 0
    outer loop
      vertex -9.14952 -10.0501 15.8866
      vertex -9.09451 -10.0724 19.5
      vertex -9.09451 -10.0724 15.8653
    endloop
  endfacet
  facet normal 0.583638 0.811157 0.0373029
    outer loop
      vertex -9.46036 -9.87784 9.0274
      vertex -9.50837 -9.84296 9.02009
      vertex -9.50653 -9.8443 9.02044
    endloop
  endfacet
  facet normal 0.587771 0.809027 -0
    outer loop
      vertex -9.46036 -9.87784 4.4
      vertex -9.50837 -9.84296 9.02009
      vertex -9.46036 -9.87784 9.0274
    endloop
  endfacet
  facet normal 0.587771 0.809027 0
    outer loop
      vertex -9.50837 -9.84296 9.02009
      vertex -9.46036 -9.87784 4.4
      vertex -9.50837 -9.84296 4.4
    endloop
  endfacet
  facet normal 0.56997 0.811497 0.12887
    outer loop
      vertex -9.46036 -9.87784 15.0274
      vertex -9.50837 -9.84296 15.0201
      vertex -9.50653 -9.8443 15.0204
    endloop
  endfacet
  facet normal 0.587771 0.809027 0
    outer loop
      vertex -9.46036 -9.87784 15.0274
      vertex -9.50837 -9.84296 9.97991
      vertex -9.50837 -9.84296 15.0201
    endloop
  endfacet
  facet normal 0.587771 0.809027 -0
    outer loop
      vertex -9.46036 -9.87784 9.9726
      vertex -9.50837 -9.84296 9.97991
      vertex -9.46036 -9.87784 15.0274
    endloop
  endfacet
  facet normal 0.583638 0.811157 -0.0373029
    outer loop
      vertex -9.50837 -9.84296 9.97991
      vertex -9.46036 -9.87784 9.9726
      vertex -9.50653 -9.8443 9.97956
    endloop
  endfacet
  facet normal 0.587771 0.809027 0
    outer loop
      vertex -9.46036 -9.87784 19.5
      vertex -9.50837 -9.84296 15.9799
      vertex -9.50837 -9.84296 19.5
    endloop
  endfacet
  facet normal 0.587771 0.809027 -0
    outer loop
      vertex -9.46036 -9.87784 15.9726
      vertex -9.50837 -9.84296 15.9799
      vertex -9.46036 -9.87784 19.5
    endloop
  endfacet
  facet normal 0.56997 0.811497 -0.12887
    outer loop
      vertex -9.50837 -9.84296 15.9799
      vertex -9.46036 -9.87784 15.9726
      vertex -9.50653 -9.8443 15.9796
    endloop
  endfacet
  facet normal 0.529999 0.847998 -0
    outer loop
      vertex -9.36085 -9.94247 4.4
      vertex -9.41117 -9.91102 9.03668
      vertex -9.36085 -9.94247 9.04801
    endloop
  endfacet
  facet normal 0.529999 0.847998 0
    outer loop
      vertex -9.41117 -9.91102 9.03668
      vertex -9.36085 -9.94247 4.4
      vertex -9.41117 -9.91102 4.4
    endloop
  endfacet
  facet normal 0.529999 0.847998 0
    outer loop
      vertex -9.36085 -9.94247 15.048
      vertex -9.41117 -9.91102 9.96332
      vertex -9.41117 -9.91102 15.0367
    endloop
  endfacet
  facet normal 0.529999 0.847998 0
    outer loop
      vertex -9.41117 -9.91102 9.96332
      vertex -9.36085 -9.94247 15.048
      vertex -9.36085 -9.94247 9.95199
    endloop
  endfacet
  facet normal 0.529999 0.847998 0
    outer loop
      vertex -9.36085 -9.94247 19.5
      vertex -9.41117 -9.91102 15.9633
      vertex -9.41117 -9.91102 19.5
    endloop
  endfacet
  facet normal 0.529999 0.847998 0
    outer loop
      vertex -9.41117 -9.91102 15.9633
      vertex -9.36085 -9.94247 19.5
      vertex -9.36085 -9.94247 15.952
    endloop
  endfacet
  facet normal 0.559204 0.82903 -0
    outer loop
      vertex -9.41117 -9.91102 4.4
      vertex -9.46036 -9.87784 9.0274
      vertex -9.41117 -9.91102 9.03668
    endloop
  endfacet
  facet normal 0.559204 0.82903 0
    outer loop
      vertex -9.46036 -9.87784 9.0274
      vertex -9.41117 -9.91102 4.4
      vertex -9.46036 -9.87784 4.4
    endloop
  endfacet
  facet normal 0.559204 0.82903 0
    outer loop
      vertex -9.41117 -9.91102 15.0367
      vertex -9.46036 -9.87784 9.9726
      vertex -9.46036 -9.87784 15.0274
    endloop
  endfacet
  facet normal 0.558816 0.829292 5.47714e-06
    outer loop
      vertex -9.41117 -9.91102 15.0367
      vertex -9.45061 -9.88441 9.97076
      vertex -9.46036 -9.87784 9.9726
    endloop
  endfacet
  facet normal 0.5593 0.828966 0
    outer loop
      vertex -9.45061 -9.88441 9.97076
      vertex -9.41117 -9.91102 15.0367
      vertex -9.41117 -9.91102 9.96332
    endloop
  endfacet
  facet normal 0.559204 0.82903 0
    outer loop
      vertex -9.41117 -9.91102 19.5
      vertex -9.46036 -9.87784 15.9726
      vertex -9.46036 -9.87784 19.5
    endloop
  endfacet
  facet normal 0.558816 0.829291 7.85743e-06
    outer loop
      vertex -9.41117 -9.91102 19.5
      vertex -9.45061 -9.88441 15.9708
      vertex -9.46036 -9.87784 15.9726
    endloop
  endfacet
  facet normal 0.5593 0.828966 0
    outer loop
      vertex -9.45061 -9.88441 15.9708
      vertex -9.41117 -9.91102 19.5
      vertex -9.41117 -9.91102 15.9633
    endloop
  endfacet
  facet normal 0.469451 0.882959 -0
    outer loop
      vertex -9.25706 -9.99999 4.4
      vertex -9.30946 -9.97213 9.06136
      vertex -9.25706 -9.99999 9.07672
    endloop
  endfacet
  facet normal 0.469451 0.882959 0
    outer loop
      vertex -9.30946 -9.97213 9.06136
      vertex -9.25706 -9.99999 4.4
      vertex -9.30946 -9.97213 4.4
    endloop
  endfacet
  facet normal 0.469451 0.882959 0
    outer loop
      vertex -9.25706 -9.99999 15.0767
      vertex -9.30946 -9.97213 9.93864
      vertex -9.30946 -9.97213 15.0614
    endloop
  endfacet
  facet normal 0.469451 0.882959 0
    outer loop
      vertex -9.30946 -9.97213 9.93864
      vertex -9.25706 -9.99999 15.0767
      vertex -9.25706 -9.99999 9.92328
    endloop
  endfacet
  facet normal 0.469451 0.882959 0
    outer loop
      vertex -9.25706 -9.99999 19.5
      vertex -9.30946 -9.97213 15.9386
      vertex -9.30946 -9.97213 19.5
    endloop
  endfacet
  facet normal 0.469451 0.882959 0
    outer loop
      vertex -9.30946 -9.97213 15.9386
      vertex -9.25706 -9.99999 19.5
      vertex -9.25706 -9.99999 15.9233
    endloop
  endfacet
  facet normal 0.499873 0.866099 -0
    outer loop
      vertex -9.30946 -9.97213 4.4
      vertex -9.36085 -9.94247 9.04801
      vertex -9.30946 -9.97213 9.06136
    endloop
  endfacet
  facet normal 0.499873 0.866099 0
    outer loop
      vertex -9.36085 -9.94247 9.04801
      vertex -9.30946 -9.97213 4.4
      vertex -9.36085 -9.94247 4.4
    endloop
  endfacet
  facet normal 0.499873 0.866099 0
    outer loop
      vertex -9.30946 -9.97213 15.0614
      vertex -9.36085 -9.94247 9.95199
      vertex -9.36085 -9.94247 15.048
    endloop
  endfacet
  facet normal 0.499873 0.866099 0
    outer loop
      vertex -9.36085 -9.94247 9.95199
      vertex -9.30946 -9.97213 15.0614
      vertex -9.30946 -9.97213 9.93864
    endloop
  endfacet
  facet normal 0.499873 0.866099 0
    outer loop
      vertex -9.30946 -9.97213 19.5
      vertex -9.36085 -9.94247 15.952
      vertex -9.36085 -9.94247 19.5
    endloop
  endfacet
  facet normal 0.499873 0.866099 0
    outer loop
      vertex -9.36085 -9.94247 15.952
      vertex -9.30946 -9.97213 19.5
      vertex -9.30946 -9.97213 15.9386
    endloop
  endfacet
  facet normal 0.138211 0.990403 -0
    outer loop
      vertex -8.69246 -10.1726 4.4
      vertex -8.75122 -10.1644 9.29113
      vertex -8.69246 -10.1726 9.32346
    endloop
  endfacet
  facet normal 0.138211 0.990403 0
    outer loop
      vertex -8.75122 -10.1644 9.29113
      vertex -8.69246 -10.1726 4.4
      vertex -8.75122 -10.1644 4.4
    endloop
  endfacet
  facet normal 0.138211 0.990403 0
    outer loop
      vertex -8.69246 -10.1726 15.3235
      vertex -8.75122 -10.1644 9.70887
      vertex -8.75122 -10.1644 15.2911
    endloop
  endfacet
  facet normal 0.138211 0.990403 0
    outer loop
      vertex -8.75122 -10.1644 9.70887
      vertex -8.69246 -10.1726 15.3235
      vertex -8.69246 -10.1726 9.67654
    endloop
  endfacet
  facet normal 0.138211 0.990403 0
    outer loop
      vertex -8.69246 -10.1726 19.5
      vertex -8.75122 -10.1644 15.7089
      vertex -8.75122 -10.1644 19.5
    endloop
  endfacet
  facet normal 0.138211 0.990403 0
    outer loop
      vertex -8.75122 -10.1644 15.7089
      vertex -8.69246 -10.1726 19.5
      vertex -8.69246 -10.1726 15.6765
    endloop
  endfacet
  facet normal 0.241068 0.970508 -0
    outer loop
      vertex -8.8677 -10.1417 4.4
      vertex -8.92527 -10.1274 9.20485
      vertex -8.8677 -10.1417 9.2318
    endloop
  endfacet
  facet normal 0.241068 0.970508 0
    outer loop
      vertex -8.92527 -10.1274 9.20485
      vertex -8.8677 -10.1417 4.4
      vertex -8.92527 -10.1274 4.4
    endloop
  endfacet
  facet normal 0.241068 0.970508 0
    outer loop
      vertex -8.8677 -10.1417 15.2318
      vertex -8.92527 -10.1274 9.79515
      vertex -8.92527 -10.1274 15.2049
    endloop
  endfacet
  facet normal 0.241068 0.970508 0
    outer loop
      vertex -8.92527 -10.1274 9.79515
      vertex -8.8677 -10.1417 15.2318
      vertex -8.8677 -10.1417 9.7682
    endloop
  endfacet
  facet normal 0.241068 0.970508 0
    outer loop
      vertex -8.8677 -10.1417 19.5
      vertex -8.92527 -10.1274 15.7951
      vertex -8.92527 -10.1274 19.5
    endloop
  endfacet
  facet normal 0.241068 0.970508 0
    outer loop
      vertex -8.92527 -10.1274 15.7951
      vertex -8.8677 -10.1417 19.5
      vertex -8.8677 -10.1417 15.7682
    endloop
  endfacet
  facet normal 0.669151 0.743127 -0
    outer loop
      vertex -9.60058 -9.76829 4.4
      vertex -9.64468 -9.72858 9.00458
      vertex -9.60058 -9.76829 9.00768
    endloop
  endfacet
  facet normal 0.669151 0.743127 0
    outer loop
      vertex -9.64468 -9.72858 9.00458
      vertex -9.60058 -9.76829 4.4
      vertex -9.64468 -9.72858 4.4
    endloop
  endfacet
  facet normal 0.669151 0.743127 0
    outer loop
      vertex -9.60058 -9.76829 15.0077
      vertex -9.64468 -9.72858 9.99542
      vertex -9.64468 -9.72858 15.0046
    endloop
  endfacet
  facet normal 0.669151 0.743127 0
    outer loop
      vertex -9.64468 -9.72858 9.99542
      vertex -9.60058 -9.76829 15.0077
      vertex -9.60058 -9.76829 9.99232
    endloop
  endfacet
  facet normal 0.669151 0.743127 0
    outer loop
      vertex -9.60058 -9.76829 19.5
      vertex -9.64468 -9.72858 15.9954
      vertex -9.64468 -9.72858 19.5
    endloop
  endfacet
  facet normal 0.669151 0.743127 0
    outer loop
      vertex -9.64468 -9.72858 15.9954
      vertex -9.60058 -9.76829 19.5
      vertex -9.60058 -9.76829 15.9923
    endloop
  endfacet
  facet normal 0.743127 0.669151 0
    outer loop
      vertex -9.72858 -9.64468 9.00458
      vertex -9.76829 -9.60058 4.4
      vertex -9.76829 -9.60058 9.00768
    endloop
  endfacet
  facet normal 0.743127 0.669151 0
    outer loop
      vertex -9.76829 -9.60058 4.4
      vertex -9.72858 -9.64468 9.00458
      vertex -9.72858 -9.64468 4.4
    endloop
  endfacet
  facet normal 0.743127 0.669151 0
    outer loop
      vertex -9.72858 -9.64468 15.0046
      vertex -9.76829 -9.60058 9.99232
      vertex -9.76829 -9.60058 15.0077
    endloop
  endfacet
  facet normal 0.743127 0.669151 0
    outer loop
      vertex -9.76829 -9.60058 9.99232
      vertex -9.72858 -9.64468 15.0046
      vertex -9.72858 -9.64468 9.99542
    endloop
  endfacet
  facet normal 0.743127 0.669151 -0
    outer loop
      vertex -9.72858 -9.64468 15.9954
      vertex -9.76829 -9.60058 19.5
      vertex -9.72858 -9.64468 19.5
    endloop
  endfacet
  facet normal 0.743127 0.669151 0
    outer loop
      vertex -9.76829 -9.60058 19.5
      vertex -9.72858 -9.64468 15.9954
      vertex -9.76829 -9.60058 15.9923
    endloop
  endfacet
  facet normal 0.808969 -0.587851 0
    outer loop
      vertex -9.87784 -7.5102 19.5
      vertex -9.84296 -7.4622 4.4
      vertex -9.84296 -7.4622 19.5
    endloop
  endfacet
  facet normal 0.808969 -0.587851 0
    outer loop
      vertex -9.84296 -7.4622 4.4
      vertex -9.87784 -7.5102 19.5
      vertex -9.87784 -7.5102 4.4
    endloop
  endfacet
  facet normal 0.76609 -0.642734 0
    outer loop
      vertex -9.80643 -7.41544 19.5
      vertex -9.76829 -7.36998 4.4
      vertex -9.76829 -7.36998 19.5
    endloop
  endfacet
  facet normal 0.76609 -0.642734 0
    outer loop
      vertex -9.76829 -7.36998 4.4
      vertex -9.80643 -7.41544 19.5
      vertex -9.80643 -7.41544 4.4
    endloop
  endfacet
  facet normal 0.669151 -0.743127 0
    outer loop
      vertex -5.40204 -2.99934 4.4
      vertex -5.35794 -2.95963 19.5
      vertex -5.40204 -2.99934 19.5
    endloop
  endfacet
  facet normal 0.669151 -0.743127 0
    outer loop
      vertex -5.35794 -2.95963 19.5
      vertex -5.40204 -2.99934 4.4
      vertex -5.35794 -2.95963 4.4
    endloop
  endfacet
  facet normal 0.559204 -0.82903 0
    outer loop
      vertex -5.21772 -2.85008 4.4
      vertex -5.16853 -2.8169 19.5
      vertex -5.21772 -2.85008 19.5
    endloop
  endfacet
  facet normal 0.559204 -0.82903 0
    outer loop
      vertex -5.16853 -2.8169 19.5
      vertex -5.21772 -2.85008 4.4
      vertex -5.16853 -2.8169 4.4
    endloop
  endfacet
  facet normal 0.529878 -0.848074 0
    outer loop
      vertex -5.16853 -2.8169 4.4
      vertex -5.11821 -2.78546 19.5
      vertex -5.16853 -2.8169 19.5
    endloop
  endfacet
  facet normal 0.529878 -0.848074 0
    outer loop
      vertex -5.11821 -2.78546 19.5
      vertex -5.16853 -2.8169 4.4
      vertex -5.11821 -2.78546 4.4
    endloop
  endfacet
  facet normal 0.406795 -0.913519 0
    outer loop
      vertex -4.96109 -2.70192 4.4
      vertex -4.90688 -2.67778 19.5
      vertex -4.96109 -2.70192 19.5
    endloop
  endfacet
  facet normal 0.406795 -0.913519 0
    outer loop
      vertex -4.90688 -2.67778 19.5
      vertex -4.96109 -2.70192 4.4
      vertex -4.90688 -2.67778 4.4
    endloop
  endfacet
  facet normal 0.034886 -0.999391 0
    outer loop
      vertex -4.33161 -2.54497 4.4
      vertex -4.27231 -2.5429 19.5
      vertex -4.33161 -2.54497 19.5
    endloop
  endfacet
  facet normal 0.034886 -0.999391 0
    outer loop
      vertex -4.27231 -2.5429 19.5
      vertex -4.33161 -2.54497 4.4
      vertex -4.27231 -2.5429 4.4
    endloop
  endfacet
  facet normal 0 -1 0
    outer loop
      vertex -4.27231 -2.5429 4.4
      vertex -4.21297 -2.5429 19.5
      vertex -4.27231 -2.5429 19.5
    endloop
  endfacet
  facet normal 0 -1 -0
    outer loop
      vertex -4.21297 -2.5429 19.5
      vertex -4.27231 -2.5429 4.4
      vertex -4.21297 -2.5429 4.4
    endloop
  endfacet
  facet normal 0.0697621 -0.997564 0
    outer loop
      vertex -4.39081 -2.54911 4.4
      vertex -4.33161 -2.54497 19.5
      vertex -4.39081 -2.54911 19.5
    endloop
  endfacet
  facet normal 0.0697621 -0.997564 0
    outer loop
      vertex -4.33161 -2.54497 19.5
      vertex -4.39081 -2.54911 4.4
      vertex -4.33161 -2.54497 4.4
    endloop
  endfacet
  facet normal 0.139203 -0.990264 0
    outer loop
      vertex -4.50858 -2.56357 4.4
      vertex -4.44982 -2.55531 19.5
      vertex -4.50858 -2.56357 19.5
    endloop
  endfacet
  facet normal 0.139203 -0.990264 0
    outer loop
      vertex -4.44982 -2.55531 19.5
      vertex -4.50858 -2.56357 4.4
      vertex -4.44982 -2.55531 4.4
    endloop
  endfacet
  facet normal 0.341946 -0.93972 0
    outer loop
      vertex -4.85187 -2.65555 4.4
      vertex -4.79611 -2.63526 19.5
      vertex -4.85187 -2.65555 19.5
    endloop
  endfacet
  facet normal 0.341946 -0.93972 0
    outer loop
      vertex -4.79611 -2.63526 19.5
      vertex -4.85187 -2.65555 4.4
      vertex -4.79611 -2.63526 4.4
    endloop
  endfacet
  facet normal 0.30904 -0.951049 0
    outer loop
      vertex -4.79611 -2.63526 4.4
      vertex -4.73967 -2.61692 19.5
      vertex -4.79611 -2.63526 19.5
    endloop
  endfacet
  facet normal 0.30904 -0.951049 0
    outer loop
      vertex -4.73967 -2.61692 19.5
      vertex -4.79611 -2.63526 4.4
      vertex -4.73967 -2.61692 4.4
    endloop
  endfacet
  facet normal 0.24202 -0.970271 0
    outer loop
      vertex -4.68263 -2.60057 4.4
      vertex -4.62506 -2.58621 19.5
      vertex -4.68263 -2.60057 19.5
    endloop
  endfacet
  facet normal 0.24202 -0.970271 0
    outer loop
      vertex -4.62506 -2.58621 19.5
      vertex -4.68263 -2.60057 4.4
      vertex -4.62506 -2.58621 4.4
    endloop
  endfacet
  facet normal -0.034886 -0.999391 0
    outer loop
      vertex -4.21297 -2.5429 4.4
      vertex -4.15367 -2.54497 19.5
      vertex -4.21297 -2.5429 19.5
    endloop
  endfacet
  facet normal -0.034886 -0.999391 -0
    outer loop
      vertex -4.15367 -2.54497 19.5
      vertex -4.21297 -2.5429 4.4
      vertex -4.15367 -2.54497 4.4
    endloop
  endfacet
  facet normal -0.990264 0.139203 0
    outer loop
      vertex -2.56357 -4.50858 4.4
      vertex -2.55531 -4.44982 19.5
      vertex -2.55531 -4.44982 4.4
    endloop
  endfacet
  facet normal -0.990264 0.139203 0
    outer loop
      vertex -2.55531 -4.44982 19.5
      vertex -2.56357 -4.50858 4.4
      vertex -2.56357 -4.50858 19.5
    endloop
  endfacet
  facet normal -0.978137 0.207964 0
    outer loop
      vertex -2.58621 -4.62506 4.4
      vertex -2.57387 -4.56702 19.5
      vertex -2.57387 -4.56702 4.4
    endloop
  endfacet
  facet normal -0.978137 0.207964 0
    outer loop
      vertex -2.57387 -4.56702 19.5
      vertex -2.58621 -4.62506 4.4
      vertex -2.58621 -4.62506 19.5
    endloop
  endfacet
  facet normal -1 0 0
    outer loop
      vertex -2.5429 -4.27231 4.4
      vertex -2.5429 -4.21297 19.5
      vertex -2.5429 -4.21297 4.4
    endloop
  endfacet
  facet normal -1 -0 0
    outer loop
      vertex -2.5429 -4.21297 19.5
      vertex -2.5429 -4.27231 4.4
      vertex -2.5429 -4.27231 19.5
    endloop
  endfacet
  facet normal -0.866026 0.5 0
    outer loop
      vertex -2.78546 -5.11821 4.4
      vertex -2.75579 -5.06682 19.5
      vertex -2.75579 -5.06682 4.4
    endloop
  endfacet
  facet normal -0.866026 0.5 0
    outer loop
      vertex -2.75579 -5.06682 19.5
      vertex -2.78546 -5.11821 4.4
      vertex -2.78546 -5.11821 19.5
    endloop
  endfacet
  facet normal -0.848074 0.529878 0
    outer loop
      vertex -2.8169 -5.16853 4.4
      vertex -2.78546 -5.11821 19.5
      vertex -2.78546 -5.11821 4.4
    endloop
  endfacet
  facet normal -0.848074 0.529878 0
    outer loop
      vertex -2.78546 -5.11821 19.5
      vertex -2.8169 -5.16853 4.4
      vertex -2.8169 -5.16853 19.5
    endloop
  endfacet
  facet normal -0.138211 0.990403 0
    outer loop
      vertex -8.21934 -10.1644 4.4
      vertex -8.2781 -10.1726 19.5
      vertex -8.21934 -10.1644 19.5
    endloop
  endfacet
  facet normal -0.138211 0.990403 0
    outer loop
      vertex -8.2781 -10.1726 19.5
      vertex -8.21934 -10.1644 4.4
      vertex -8.2781 -10.1726 4.4
    endloop
  endfacet
  facet normal -0.104474 0.994528 0
    outer loop
      vertex -8.2781 -10.1726 4.4
      vertex -8.33712 -10.1788 19.5
      vertex -8.2781 -10.1726 19.5
    endloop
  endfacet
  facet normal -0.104474 0.994528 0
    outer loop
      vertex -8.33712 -10.1788 19.5
      vertex -8.2781 -10.1726 4.4
      vertex -8.33712 -10.1788 4.4
    endloop
  endfacet
  facet normal -0.559204 0.82903 0
    outer loop
      vertex -7.5102 -9.87784 4.4
      vertex -7.55939 -9.91102 19.5
      vertex -7.5102 -9.87784 19.5
    endloop
  endfacet
  facet normal -0.559204 0.82903 0
    outer loop
      vertex -7.55939 -9.91102 19.5
      vertex -7.5102 -9.87784 4.4
      vertex -7.55939 -9.91102 4.4
    endloop
  endfacet
  facet normal 0 1 -0
    outer loop
      vertex -8.45561 -10.185 4.4
      vertex -8.51495 -10.185 9.42972
      vertex -8.45561 -10.185 9.46707
    endloop
  endfacet
  facet normal 0 1 0
    outer loop
      vertex -8.51495 -10.185 9.42972
      vertex -8.45561 -10.185 4.4
      vertex -8.51495 -10.185 4.4
    endloop
  endfacet
  facet normal 0 1 0
    outer loop
      vertex -8.45561 -10.185 15.4671
      vertex -8.51495 -10.185 9.57028
      vertex -8.51495 -10.185 15.4297
    endloop
  endfacet
  facet normal -0 1 0
    outer loop
      vertex -8.51495 -10.185 9.57028
      vertex -8.45561 -10.185 15.4671
      vertex -8.45561 -10.185 9.53293
    endloop
  endfacet
  facet normal 0 1 0
    outer loop
      vertex -8.45561 -10.185 19.5
      vertex -8.51495 -10.185 15.5703
      vertex -8.51495 -10.185 19.5
    endloop
  endfacet
  facet normal -0 1 0
    outer loop
      vertex -8.51495 -10.185 15.5703
      vertex -8.45561 -10.185 19.5
      vertex -8.45561 -10.185 15.5329
    endloop
  endfacet
  facet normal 0.308431 0.951247 -0
    outer loop
      vertex -8.98231 -10.111 4.4
      vertex -9.03875 -10.0927 9.15658
      vertex -8.98231 -10.111 9.17977
    endloop
  endfacet
  facet normal 0.308431 0.951247 0
    outer loop
      vertex -9.03875 -10.0927 9.15658
      vertex -8.98231 -10.111 4.4
      vertex -9.03875 -10.0927 4.4
    endloop
  endfacet
  facet normal 0.308431 0.951247 0
    outer loop
      vertex -8.98231 -10.111 15.1798
      vertex -9.03875 -10.0927 9.84342
      vertex -9.03875 -10.0927 15.1566
    endloop
  endfacet
  facet normal 0.303226 0.952919 6.07746e-05
    outer loop
      vertex -8.98231 -10.111 15.1798
      vertex -9.02555 -10.0969 9.838
      vertex -9.03875 -10.0927 9.84342
    endloop
  endfacet
  facet normal 0.310021 0.95073 0
    outer loop
      vertex -9.02555 -10.0969 9.838
      vertex -8.98231 -10.111 15.1798
      vertex -8.98231 -10.111 9.82023
    endloop
  endfacet
  facet normal 0.308431 0.951247 0
    outer loop
      vertex -8.98231 -10.111 19.5
      vertex -9.03875 -10.0927 15.8434
      vertex -9.03875 -10.0927 19.5
    endloop
  endfacet
  facet normal 0.303237 0.952915 8.85194e-05
    outer loop
      vertex -8.98231 -10.111 19.5
      vertex -9.02555 -10.0969 15.838
      vertex -9.03875 -10.0927 15.8434
    endloop
  endfacet
  facet normal 0.310021 0.95073 0
    outer loop
      vertex -9.02555 -10.0969 15.838
      vertex -8.98231 -10.111 19.5
      vertex -8.98231 -10.111 15.8202
    endloop
  endfacet
  facet normal 0.719303 0.694697 0
    outer loop
      vertex -9.68736 -9.68736 9.00354
      vertex -9.72858 -9.64468 4.4
      vertex -9.72858 -9.64468 9.00458
    endloop
  endfacet
  facet normal 0.719303 0.694697 0
    outer loop
      vertex -9.72858 -9.64468 4.4
      vertex -9.68736 -9.68736 9.00354
      vertex -9.68736 -9.68736 4.4
    endloop
  endfacet
  facet normal 0.719303 0.694697 0
    outer loop
      vertex -9.68736 -9.68736 15.0035
      vertex -9.72858 -9.64468 9.99542
      vertex -9.72858 -9.64468 15.0046
    endloop
  endfacet
  facet normal 0.719303 0.694697 0
    outer loop
      vertex -9.72858 -9.64468 9.99542
      vertex -9.68736 -9.68736 15.0035
      vertex -9.68736 -9.68736 9.99646
    endloop
  endfacet
  facet normal 0.719303 0.694697 -0
    outer loop
      vertex -9.68736 -9.68736 15.9965
      vertex -9.72858 -9.64468 19.5
      vertex -9.68736 -9.68736 19.5
    endloop
  endfacet
  facet normal 0.719303 0.694697 0
    outer loop
      vertex -9.72858 -9.64468 19.5
      vertex -9.68736 -9.68736 15.9965
      vertex -9.72858 -9.64468 15.9954
    endloop
  endfacet
  facet normal 0.828966 0.5593 0
    outer loop
      vertex -9.88441 -9.45061 9.02924
      vertex -9.91102 -9.41117 4.4
      vertex -9.91102 -9.41117 9.03668
    endloop
  endfacet
  facet normal 0.829292 0.558816 -5.993e-06
    outer loop
      vertex -9.87784 -9.46036 9.0274
      vertex -9.91102 -9.41117 4.4
      vertex -9.88441 -9.45061 9.02924
    endloop
  endfacet
  facet normal 0.82903 0.559204 0
    outer loop
      vertex -9.91102 -9.41117 4.4
      vertex -9.87784 -9.46036 9.0274
      vertex -9.87784 -9.46036 4.4
    endloop
  endfacet
  facet normal 0.828966 0.5593 0
    outer loop
      vertex -9.88441 -9.45061 15.0292
      vertex -9.91102 -9.41117 9.96332
      vertex -9.91102 -9.41117 15.0367
    endloop
  endfacet
  facet normal 0.829292 0.558816 -5.47738e-06
    outer loop
      vertex -9.87784 -9.46036 15.0274
      vertex -9.91102 -9.41117 9.96332
      vertex -9.88441 -9.45061 15.0292
    endloop
  endfacet
  facet normal 0.82903 0.559204 0
    outer loop
      vertex -9.91102 -9.41117 9.96332
      vertex -9.87784 -9.46036 15.0274
      vertex -9.87784 -9.46036 9.9726
    endloop
  endfacet
  facet normal 0.82903 0.559204 -0
    outer loop
      vertex -9.87784 -9.46036 15.9726
      vertex -9.91102 -9.41117 19.5
      vertex -9.87784 -9.46036 19.5
    endloop
  endfacet
  facet normal 0.82903 0.559204 0
    outer loop
      vertex -9.91102 -9.41117 19.5
      vertex -9.87784 -9.46036 15.9726
      vertex -9.91102 -9.41117 15.9633
    endloop
  endfacet
  facet normal 0.788035 0.615631 0
    outer loop
      vertex -9.80643 -9.55513 9.01286
      vertex -9.84296 -9.50837 4.4
      vertex -9.84296 -9.50837 9.02009
    endloop
  endfacet
  facet normal 0.788035 0.615631 0
    outer loop
      vertex -9.84296 -9.50837 4.4
      vertex -9.80643 -9.55513 9.01286
      vertex -9.80643 -9.55513 4.4
    endloop
  endfacet
  facet normal 0.788035 0.615631 0
    outer loop
      vertex -9.80643 -9.55513 15.0129
      vertex -9.84296 -9.50837 9.97991
      vertex -9.84296 -9.50837 15.0201
    endloop
  endfacet
  facet normal 0.788035 0.615631 0
    outer loop
      vertex -9.84296 -9.50837 9.97991
      vertex -9.80643 -9.55513 15.0129
      vertex -9.80643 -9.55513 9.98714
    endloop
  endfacet
  facet normal 0.788035 0.615631 -0
    outer loop
      vertex -9.80643 -9.55513 15.9871
      vertex -9.84296 -9.50837 19.5
      vertex -9.80643 -9.55513 19.5
    endloop
  endfacet
  facet normal 0.788035 0.615631 0
    outer loop
      vertex -9.84296 -9.50837 19.5
      vertex -9.80643 -9.55513 15.9871
      vertex -9.84296 -9.50837 15.9799
    endloop
  endfacet
  facet normal 0.743127 -0.669151 0
    outer loop
      vertex -9.76829 -7.36998 19.5
      vertex -9.72858 -7.32588 4.4
      vertex -9.72858 -7.32588 19.5
    endloop
  endfacet
  facet normal 0.743127 -0.669151 0
    outer loop
      vertex -9.72858 -7.32588 4.4
      vertex -9.76829 -7.36998 19.5
      vertex -9.76829 -7.36998 4.4
    endloop
  endfacet
  facet normal 0.719303 -0.694697 0
    outer loop
      vertex -9.72858 -7.32588 19.5
      vertex -9.68736 -7.2832 4.4
      vertex -9.68736 -7.2832 19.5
    endloop
  endfacet
  facet normal 0.719303 -0.694697 0
    outer loop
      vertex -9.68736 -7.2832 4.4
      vertex -9.72858 -7.32588 19.5
      vertex -9.72858 -7.32588 4.4
    endloop
  endfacet
  facet normal 0.848046 -0.529923 0
    outer loop
      vertex -9.94247 -7.60972 19.5
      vertex -9.91102 -7.55939 4.4
      vertex -9.91102 -7.55939 19.5
    endloop
  endfacet
  facet normal 0.848046 -0.529923 0
    outer loop
      vertex -9.91102 -7.55939 4.4
      vertex -9.94247 -7.60972 19.5
      vertex -9.94247 -7.60972 4.4
    endloop
  endfacet
  facet normal 1 -0 0
    outer loop
      vertex -10.185 -8.51495 9.42972
      vertex -10.185 -8.45561 4.4
      vertex -10.185 -8.45561 9.46707
    endloop
  endfacet
  facet normal 1 0 0
    outer loop
      vertex -10.185 -8.45561 4.4
      vertex -10.185 -8.51495 9.42972
      vertex -10.185 -8.51495 4.4
    endloop
  endfacet
  facet normal 1 -0 0
    outer loop
      vertex -10.185 -8.51495 15.4297
      vertex -10.185 -8.45561 9.53293
      vertex -10.185 -8.45561 15.4671
    endloop
  endfacet
  facet normal 1 0 0
    outer loop
      vertex -10.185 -8.45561 9.53293
      vertex -10.185 -8.51495 15.4297
      vertex -10.185 -8.51495 9.57028
    endloop
  endfacet
  facet normal 1 0 0
    outer loop
      vertex -10.185 -8.51495 15.5703
      vertex -10.185 -8.45561 19.5
      vertex -10.185 -8.51495 19.5
    endloop
  endfacet
  facet normal 1 0 0
    outer loop
      vertex -10.185 -8.45561 19.5
      vertex -10.185 -8.51495 15.5703
      vertex -10.185 -8.45561 15.5329
    endloop
  endfacet
  facet normal 0.926747 0.375686 0
    outer loop
      vertex -10.0501 -9.14952 9.11339
      vertex -10.0724 -9.09451 4.4
      vertex -10.0724 -9.09451 9.13466
    endloop
  endfacet
  facet normal 0.926747 0.375686 0
    outer loop
      vertex -10.0724 -9.09451 4.4
      vertex -10.0501 -9.14952 9.11339
      vertex -10.0501 -9.14952 4.4
    endloop
  endfacet
  facet normal 0.926813 0.375524 0
    outer loop
      vertex -10.0724 -9.09451 15.1347
      vertex -10.058 -9.13005 9.87908
      vertex -10.0724 -9.09451 9.86534
    endloop
  endfacet
  facet normal 0.926747 0.375686 -1.27914e-06
    outer loop
      vertex -10.0501 -9.14952 15.1134
      vertex -10.058 -9.13005 9.87908
      vertex -10.0724 -9.09451 15.1347
    endloop
  endfacet
  facet normal 0.926627 0.375981 0
    outer loop
      vertex -10.058 -9.13005 9.87908
      vertex -10.0501 -9.14952 15.1134
      vertex -10.0501 -9.14952 9.88661
    endloop
  endfacet
  facet normal 0.926813 0.375524 0
    outer loop
      vertex -10.0724 -9.09451 19.5
      vertex -10.058 -9.13005 15.8791
      vertex -10.0724 -9.09451 15.8653
    endloop
  endfacet
  facet normal 0.926747 0.375686 -0
    outer loop
      vertex -10.0501 -9.14952 15.8866
      vertex -10.0724 -9.09451 19.5
      vertex -10.0501 -9.14952 19.5
    endloop
  endfacet
  facet normal 0.926628 0.37598 -5.21155e-06
    outer loop
      vertex -10.0724 -9.09451 19.5
      vertex -10.0501 -9.14952 15.8866
      vertex -10.058 -9.13005 15.8791
    endloop
  endfacet
  facet normal 0.847998 0.529999 0
    outer loop
      vertex -9.91102 -9.41117 9.03668
      vertex -9.94247 -9.36085 4.4
      vertex -9.94247 -9.36085 9.04801
    endloop
  endfacet
  facet normal 0.847998 0.529999 0
    outer loop
      vertex -9.94247 -9.36085 4.4
      vertex -9.91102 -9.41117 9.03668
      vertex -9.91102 -9.41117 4.4
    endloop
  endfacet
  facet normal 0.847998 0.529999 0
    outer loop
      vertex -9.91102 -9.41117 15.0367
      vertex -9.94247 -9.36085 9.95199
      vertex -9.94247 -9.36085 15.048
    endloop
  endfacet
  facet normal 0.847998 0.529999 0
    outer loop
      vertex -9.94247 -9.36085 9.95199
      vertex -9.91102 -9.41117 15.0367
      vertex -9.91102 -9.41117 9.96332
    endloop
  endfacet
  facet normal 0.847998 0.529999 -0
    outer loop
      vertex -9.91102 -9.41117 15.9633
      vertex -9.94247 -9.36085 19.5
      vertex -9.91102 -9.41117 19.5
    endloop
  endfacet
  facet normal 0.847998 0.529999 0
    outer loop
      vertex -9.94247 -9.36085 19.5
      vertex -9.91102 -9.41117 15.9633
      vertex -9.94247 -9.36085 15.952
    endloop
  endfacet
  facet normal 0.939665 -0.342095 0
    outer loop
      vertex -10.0927 -7.93182 19.5
      vertex -10.0724 -7.87606 4.4
      vertex -10.0724 -7.87606 19.5
    endloop
  endfacet
  facet normal 0.939665 -0.342095 0
    outer loop
      vertex -10.0724 -7.87606 4.4
      vertex -10.0927 -7.93182 19.5
      vertex -10.0927 -7.93182 4.4
    endloop
  endfacet
  facet normal 0.951231 -0.30848 0
    outer loop
      vertex -10.111 -7.98825 19.5
      vertex -10.0927 -7.93182 4.4
      vertex -10.0927 -7.93182 19.5
    endloop
  endfacet
  facet normal 0.951231 -0.30848 0
    outer loop
      vertex -10.0927 -7.93182 4.4
      vertex -10.111 -7.98825 19.5
      vertex -10.111 -7.98825 4.4
    endloop
  endfacet
  facet normal 0.970508 -0.241068 0
    outer loop
      vertex -10.1417 -8.10286 19.5
      vertex -10.1274 -8.04529 4.4
      vertex -10.1274 -8.04529 19.5
    endloop
  endfacet
  facet normal 0.970508 -0.241068 0
    outer loop
      vertex -10.1274 -8.04529 4.4
      vertex -10.1417 -8.10286 19.5
      vertex -10.1417 -8.10286 4.4
    endloop
  endfacet
  facet normal 0.866056 -0.499946 0
    outer loop
      vertex -9.97213 -7.6611 19.5
      vertex -9.94247 -7.60972 4.4
      vertex -9.94247 -7.60972 19.5
    endloop
  endfacet
  facet normal 0.866056 -0.499946 0
    outer loop
      vertex -9.94247 -7.60972 4.4
      vertex -9.97213 -7.6611 19.5
      vertex -9.97213 -7.6611 4.4
    endloop
  endfacet
  facet normal 0.882959 -0.469451 0
    outer loop
      vertex -9.99999 -7.7135 19.5
      vertex -9.97213 -7.6611 4.4
      vertex -9.97213 -7.6611 19.5
    endloop
  endfacet
  facet normal 0.882959 -0.469451 0
    outer loop
      vertex -9.97213 -7.6611 4.4
      vertex -9.99999 -7.7135 19.5
      vertex -9.99999 -7.7135 4.4
    endloop
  endfacet
  facet normal 0.642734 -0.76609 0
    outer loop
      vertex -5.35794 -2.95963 4.4
      vertex -5.31248 -2.92149 19.5
      vertex -5.35794 -2.95963 19.5
    endloop
  endfacet
  facet normal 0.642734 -0.76609 0
    outer loop
      vertex -5.31248 -2.92149 19.5
      vertex -5.35794 -2.95963 4.4
      vertex -5.31248 -2.92149 4.4
    endloop
  endfacet
  facet normal 0.438361 -0.898799 0
    outer loop
      vertex -5.01442 -2.72793 4.4
      vertex -4.96109 -2.70192 19.5
      vertex -5.01442 -2.72793 19.5
    endloop
  endfacet
  facet normal 0.438361 -0.898799 0
    outer loop
      vertex -4.96109 -2.70192 19.5
      vertex -5.01442 -2.72793 4.4
      vertex -4.96109 -2.70192 4.4
    endloop
  endfacet
  facet normal 0.374672 -0.927157 0
    outer loop
      vertex -4.90688 -2.67778 4.4
      vertex -4.85187 -2.65555 19.5
      vertex -4.90688 -2.67778 19.5
    endloop
  endfacet
  facet normal 0.374672 -0.927157 0
    outer loop
      vertex -4.85187 -2.65555 19.5
      vertex -4.90688 -2.67778 4.4
      vertex -4.85187 -2.65555 4.4
    endloop
  endfacet
  facet normal 0.104492 -0.994526 0
    outer loop
      vertex -4.44982 -2.55531 4.4
      vertex -4.39081 -2.54911 19.5
      vertex -4.44982 -2.55531 19.5
    endloop
  endfacet
  facet normal 0.104492 -0.994526 0
    outer loop
      vertex -4.39081 -2.54911 19.5
      vertex -4.44982 -2.55531 4.4
      vertex -4.39081 -2.54911 4.4
    endloop
  endfacet
  facet normal 0.207964 -0.978137 0
    outer loop
      vertex -4.62506 -2.58621 4.4
      vertex -4.56702 -2.57387 19.5
      vertex -4.62506 -2.58621 19.5
    endloop
  endfacet
  facet normal 0.207964 -0.978137 0
    outer loop
      vertex -4.56702 -2.57387 19.5
      vertex -4.62506 -2.58621 4.4
      vertex -4.56702 -2.57387 4.4
    endloop
  endfacet
  facet normal 0.173574 -0.984821 0
    outer loop
      vertex -4.56702 -2.57387 4.4
      vertex -4.50858 -2.56357 19.5
      vertex -4.56702 -2.57387 19.5
    endloop
  endfacet
  facet normal 0.173574 -0.984821 0
    outer loop
      vertex -4.50858 -2.56357 19.5
      vertex -4.56702 -2.57387 4.4
      vertex -4.50858 -2.56357 4.4
    endloop
  endfacet
  facet normal -0.104474 -0.994528 0
    outer loop
      vertex -4.09448 -2.54911 4.4
      vertex -4.03546 -2.55531 19.5
      vertex -4.09448 -2.54911 19.5
    endloop
  endfacet
  facet normal -0.104474 -0.994528 -0
    outer loop
      vertex -4.03546 -2.55531 19.5
      vertex -4.09448 -2.54911 4.4
      vertex -4.03546 -2.55531 4.4
    endloop
  endfacet
  facet normal -0.139337 -0.990245 0
    outer loop
      vertex -4.03546 -2.55531 4.4
      vertex -4.00021 -2.56027 19.5
      vertex -4.03546 -2.55531 19.5
    endloop
  endfacet
  facet normal -0.139337 -0.990245 -0
    outer loop
      vertex -4.00021 -2.56027 19.5
      vertex -4.03546 -2.55531 4.4
      vertex -4.00021 -2.56027 4.4
    endloop
  endfacet
  facet normal -0.984821 0.173574 0
    outer loop
      vertex -2.57387 -4.56702 4.4
      vertex -2.56357 -4.50858 19.5
      vertex -2.56357 -4.50858 4.4
    endloop
  endfacet
  facet normal -0.984821 0.173574 0
    outer loop
      vertex -2.56357 -4.50858 19.5
      vertex -2.57387 -4.56702 4.4
      vertex -2.57387 -4.56702 19.5
    endloop
  endfacet
  facet normal -0.994526 0.104492 0
    outer loop
      vertex -2.55531 -4.44982 4.4
      vertex -2.54911 -4.39081 19.5
      vertex -2.54911 -4.39081 4.4
    endloop
  endfacet
  facet normal -0.994526 0.104492 0
    outer loop
      vertex -2.54911 -4.39081 19.5
      vertex -2.55531 -4.44982 4.4
      vertex -2.55531 -4.44982 19.5
    endloop
  endfacet
  facet normal -0.999391 0.034886 0
    outer loop
      vertex -2.54497 -4.33161 4.4
      vertex -2.5429 -4.27231 19.5
      vertex -2.5429 -4.27231 4.4
    endloop
  endfacet
  facet normal -0.999391 0.034886 0
    outer loop
      vertex -2.5429 -4.27231 19.5
      vertex -2.54497 -4.33161 4.4
      vertex -2.54497 -4.33161 19.5
    endloop
  endfacet
  facet normal -0.951049 0.30904 0
    outer loop
      vertex -2.63526 -4.79611 4.4
      vertex -2.61692 -4.73967 19.5
      vertex -2.61692 -4.73967 4.4
    endloop
  endfacet
  facet normal -0.951049 0.30904 0
    outer loop
      vertex -2.61692 -4.73967 19.5
      vertex -2.63526 -4.79611 4.4
      vertex -2.63526 -4.79611 19.5
    endloop
  endfacet
  facet normal -0.961288 0.275545 0
    outer loop
      vertex -2.61692 -4.73967 4.4
      vertex -2.60057 -4.68263 19.5
      vertex -2.60057 -4.68263 4.4
    endloop
  endfacet
  facet normal -0.961288 0.275545 0
    outer loop
      vertex -2.60057 -4.68263 19.5
      vertex -2.61692 -4.73967 4.4
      vertex -2.61692 -4.73967 19.5
    endloop
  endfacet
  facet normal -0.994528 -0.104474 0
    outer loop
      vertex -2.54911 -4.09448 4.4
      vertex -2.55531 -4.03546 19.5
      vertex -2.55531 -4.03546 4.4
    endloop
  endfacet
  facet normal -0.994528 -0.104474 0
    outer loop
      vertex -2.55531 -4.03546 19.5
      vertex -2.54911 -4.09448 4.4
      vertex -2.54911 -4.09448 19.5
    endloop
  endfacet
  facet normal -0.30848 0.951231 0
    outer loop
      vertex -7.93182 -10.0927 4.4
      vertex -7.98825 -10.111 19.5
      vertex -7.93182 -10.0927 19.5
    endloop
  endfacet
  facet normal -0.30848 0.951231 0
    outer loop
      vertex -7.98825 -10.111 19.5
      vertex -7.93182 -10.0927 4.4
      vertex -7.98825 -10.111 4.4
    endloop
  endfacet
  facet normal -0.342095 0.939665 0
    outer loop
      vertex -7.87606 -10.0724 4.4
      vertex -7.93182 -10.0927 19.5
      vertex -7.87606 -10.0724 19.5
    endloop
  endfacet
  facet normal -0.342095 0.939665 0
    outer loop
      vertex -7.93182 -10.0927 19.5
      vertex -7.87606 -10.0724 4.4
      vertex -7.93182 -10.0927 4.4
    endloop
  endfacet
  facet normal -0.0337076 0.999432 0
    outer loop
      vertex -8.39631 -10.183 19.5
      vertex -8.45561 -10.185 15.5329
      vertex -8.45561 -10.185 19.5
    endloop
  endfacet
  facet normal -0.0338772 0.999426 2.53711e-06
    outer loop
      vertex -8.39631 -10.183 19.5
      vertex -8.40546 -10.1833 15.5
      vertex -8.45561 -10.185 15.5329
    endloop
  endfacet
  facet normal -0.0338788 0.999426 0
    outer loop
      vertex -8.40546 -10.1833 15.5
      vertex -8.45561 -10.185 9.53293
      vertex -8.45561 -10.185 15.4671
    endloop
  endfacet
  facet normal -0.0338788 0.999426 0
    outer loop
      vertex -8.40546 -10.1833 15.5
      vertex -8.40546 -10.1833 9.5
      vertex -8.45561 -10.185 9.53293
    endloop
  endfacet
  facet normal -0.0327693 0.999463 0
    outer loop
      vertex -8.39631 -10.183 19.5
      vertex -8.40546 -10.1833 9.5
      vertex -8.40546 -10.1833 15.5
    endloop
  endfacet
  facet normal -0.0327693 0.999463 0
    outer loop
      vertex -8.39631 -10.183 4.4
      vertex -8.40546 -10.1833 9.5
      vertex -8.39631 -10.183 19.5
    endloop
  endfacet
  facet normal -0.0338775 0.999426 -1.99053e-06
    outer loop
      vertex -8.39631 -10.183 4.4
      vertex -8.45561 -10.185 9.46707
      vertex -8.40546 -10.1833 9.5
    endloop
  endfacet
  facet normal -0.0337076 0.999432 0
    outer loop
      vertex -8.45561 -10.185 9.46707
      vertex -8.39631 -10.183 4.4
      vertex -8.45561 -10.185 4.4
    endloop
  endfacet
  facet normal -0.642734 0.76609 0
    outer loop
      vertex -7.36998 -9.76829 4.4
      vertex -7.41544 -9.80643 19.5
      vertex -7.36998 -9.76829 19.5
    endloop
  endfacet
  facet normal -0.642734 0.76609 0
    outer loop
      vertex -7.41544 -9.80643 19.5
      vertex -7.36998 -9.76829 4.4
      vertex -7.41544 -9.80643 4.4
    endloop
  endfacet
  facet normal -0.469451 0.882959 0
    outer loop
      vertex -7.6611 -9.97213 4.4
      vertex -7.7135 -9.99999 19.5
      vertex -7.6611 -9.97213 19.5
    endloop
  endfacet
  facet normal -0.469451 0.882959 0
    outer loop
      vertex -7.7135 -9.99999 19.5
      vertex -7.6611 -9.97213 4.4
      vertex -7.7135 -9.99999 4.4
    endloop
  endfacet
  facet normal -0.529923 0.848046 0
    outer loop
      vertex -7.55939 -9.91102 4.4
      vertex -7.60972 -9.94247 19.5
      vertex -7.55939 -9.91102 19.5
    endloop
  endfacet
  facet normal -0.529923 0.848046 0
    outer loop
      vertex -7.60972 -9.94247 19.5
      vertex -7.55939 -9.91102 4.4
      vertex -7.60972 -9.94247 4.4
    endloop
  endfacet
  facet normal -0.694697 0.719303 0
    outer loop
      vertex -7.2832 -9.68736 4.4
      vertex -7.32588 -9.72858 19.5
      vertex -7.2832 -9.68736 19.5
    endloop
  endfacet
  facet normal -0.694697 0.719303 0
    outer loop
      vertex -7.32588 -9.72858 19.5
      vertex -7.2832 -9.68736 4.4
      vertex -7.32588 -9.72858 4.4
    endloop
  endfacet
  facet normal 0.406232 0.91377 -0
    outer loop
      vertex -9.14952 -10.0501 4.4
      vertex -9.20373 -10.026 9.09407
      vertex -9.14952 -10.0501 9.11339
    endloop
  endfacet
  facet normal 0.406232 0.91377 0
    outer loop
      vertex -9.20373 -10.026 9.09407
      vertex -9.14952 -10.0501 4.4
      vertex -9.20373 -10.026 4.4
    endloop
  endfacet
  facet normal 0.406232 0.91377 0
    outer loop
      vertex -9.14952 -10.0501 15.1134
      vertex -9.20373 -10.026 9.90593
      vertex -9.20373 -10.026 15.0941
    endloop
  endfacet
  facet normal 0.406232 0.91377 0
    outer loop
      vertex -9.20373 -10.026 9.90593
      vertex -9.14952 -10.0501 15.1134
      vertex -9.14952 -10.0501 9.88661
    endloop
  endfacet
  facet normal 0.406232 0.91377 0
    outer loop
      vertex -9.14952 -10.0501 19.5
      vertex -9.20373 -10.026 15.9059
      vertex -9.20373 -10.026 19.5
    endloop
  endfacet
  facet normal 0.406232 0.91377 0
    outer loop
      vertex -9.20373 -10.026 15.9059
      vertex -9.14952 -10.0501 19.5
      vertex -9.14952 -10.0501 15.8866
    endloop
  endfacet
  facet normal 0.615631 0.788035 -0
    outer loop
      vertex -9.50837 -9.84296 4.4
      vertex -9.55513 -9.80643 9.01286
      vertex -9.50837 -9.84296 9.02009
    endloop
  endfacet
  facet normal 0.615631 0.788035 0
    outer loop
      vertex -9.55513 -9.80643 9.01286
      vertex -9.50837 -9.84296 4.4
      vertex -9.55513 -9.80643 4.4
    endloop
  endfacet
  facet normal 0.615631 0.788035 0
    outer loop
      vertex -9.50837 -9.84296 15.0201
      vertex -9.55513 -9.80643 9.98714
      vertex -9.55513 -9.80643 15.0129
    endloop
  endfacet
  facet normal 0.615631 0.788035 0
    outer loop
      vertex -9.55513 -9.80643 9.98714
      vertex -9.50837 -9.84296 15.0201
      vertex -9.50837 -9.84296 9.97991
    endloop
  endfacet
  facet normal 0.615631 0.788035 0
    outer loop
      vertex -9.50837 -9.84296 19.5
      vertex -9.55513 -9.80643 15.9871
      vertex -9.55513 -9.80643 19.5
    endloop
  endfacet
  facet normal 0.615631 0.788035 0
    outer loop
      vertex -9.55513 -9.80643 15.9871
      vertex -9.50837 -9.84296 19.5
      vertex -9.50837 -9.84296 15.9799
    endloop
  endfacet
  facet normal 0.0707681 0.997493 -0
    outer loop
      vertex -8.57425 -10.183 4.4
      vertex -8.63345 -10.1788 9.3575
      vertex -8.57425 -10.183 9.39321
    endloop
  endfacet
  facet normal 0.0707681 0.997493 0
    outer loop
      vertex -8.63345 -10.1788 9.3575
      vertex -8.57425 -10.183 4.4
      vertex -8.63345 -10.1788 4.4
    endloop
  endfacet
  facet normal 0.0707681 0.997493 0
    outer loop
      vertex -8.57425 -10.183 15.3932
      vertex -8.63345 -10.1788 9.6425
      vertex -8.63345 -10.1788 15.3575
    endloop
  endfacet
  facet normal 0.0707681 0.997493 0
    outer loop
      vertex -8.63345 -10.1788 9.6425
      vertex -8.57425 -10.183 15.3932
      vertex -8.57425 -10.183 9.60679
    endloop
  endfacet
  facet normal 0.0707681 0.997493 0
    outer loop
      vertex -8.57425 -10.183 19.5
      vertex -8.63345 -10.1788 15.6425
      vertex -8.63345 -10.1788 19.5
    endloop
  endfacet
  facet normal 0.0707681 0.997493 0
    outer loop
      vertex -8.63345 -10.1788 15.6425
      vertex -8.57425 -10.183 19.5
      vertex -8.57425 -10.183 15.6068
    endloop
  endfacet
  facet normal 0.207318 0.978274 -0
    outer loop
      vertex -8.80966 -10.154 4.4
      vertex -8.8677 -10.1417 9.2318
      vertex -8.80966 -10.154 9.26057
    endloop
  endfacet
  facet normal 0.207318 0.978274 0
    outer loop
      vertex -8.8677 -10.1417 9.2318
      vertex -8.80966 -10.154 4.4
      vertex -8.8677 -10.1417 4.4
    endloop
  endfacet
  facet normal 0.207318 0.978274 0
    outer loop
      vertex -8.80966 -10.154 15.2606
      vertex -8.8677 -10.1417 9.7682
      vertex -8.8677 -10.1417 15.2318
    endloop
  endfacet
  facet normal 0.207318 0.978274 0
    outer loop
      vertex -8.8677 -10.1417 9.7682
      vertex -8.80966 -10.154 15.2606
      vertex -8.80966 -10.154 9.73943
    endloop
  endfacet
  facet normal 0.207318 0.978274 0
    outer loop
      vertex -8.80966 -10.154 19.5
      vertex -8.8677 -10.1417 15.7682
      vertex -8.8677 -10.1417 19.5
    endloop
  endfacet
  facet normal 0.207318 0.978274 0
    outer loop
      vertex -8.8677 -10.1417 15.7682
      vertex -8.80966 -10.154 19.5
      vertex -8.80966 -10.154 15.7394
    endloop
  endfacet
  facet normal 0.276323 0.961065 -0
    outer loop
      vertex -8.92527 -10.1274 4.4
      vertex -8.98231 -10.111 9.17977
      vertex -8.92527 -10.1274 9.20485
    endloop
  endfacet
  facet normal 0.276323 0.961065 0
    outer loop
      vertex -8.98231 -10.111 9.17977
      vertex -8.92527 -10.1274 4.4
      vertex -8.98231 -10.111 4.4
    endloop
  endfacet
  facet normal 0.276323 0.961065 0
    outer loop
      vertex -8.92527 -10.1274 15.2049
      vertex -8.98231 -10.111 9.82023
      vertex -8.98231 -10.111 15.1798
    endloop
  endfacet
  facet normal 0.276323 0.961065 0
    outer loop
      vertex -8.98231 -10.111 9.82023
      vertex -8.92527 -10.1274 15.2049
      vertex -8.92527 -10.1274 9.79515
    endloop
  endfacet
  facet normal 0.276323 0.961065 0
    outer loop
      vertex -8.92527 -10.1274 19.5
      vertex -8.98231 -10.111 15.8202
      vertex -8.98231 -10.111 19.5
    endloop
  endfacet
  facet normal 0.276323 0.961065 0
    outer loop
      vertex -8.98231 -10.111 15.8202
      vertex -8.92527 -10.1274 19.5
      vertex -8.92527 -10.1274 15.7951
    endloop
  endfacet
  facet normal 0.76602 0.642817 0
    outer loop
      vertex -9.76829 -9.60058 9.00768
      vertex -9.80643 -9.55513 4.4
      vertex -9.80643 -9.55513 9.01286
    endloop
  endfacet
  facet normal 0.76602 0.642817 0
    outer loop
      vertex -9.80643 -9.55513 4.4
      vertex -9.76829 -9.60058 9.00768
      vertex -9.76829 -9.60058 4.4
    endloop
  endfacet
  facet normal 0.76602 0.642817 0
    outer loop
      vertex -9.76829 -9.60058 15.0077
      vertex -9.80643 -9.55513 9.98714
      vertex -9.80643 -9.55513 15.0129
    endloop
  endfacet
  facet normal 0.76602 0.642817 0
    outer loop
      vertex -9.80643 -9.55513 9.98714
      vertex -9.76829 -9.60058 15.0077
      vertex -9.76829 -9.60058 9.99232
    endloop
  endfacet
  facet normal 0.76602 0.642817 -0
    outer loop
      vertex -9.76829 -9.60058 15.9923
      vertex -9.80643 -9.55513 19.5
      vertex -9.76829 -9.60058 19.5
    endloop
  endfacet
  facet normal 0.76602 0.642817 0
    outer loop
      vertex -9.80643 -9.55513 19.5
      vertex -9.76829 -9.60058 15.9923
      vertex -9.80643 -9.55513 15.9871
    endloop
  endfacet
  facet normal 0.811157 0.583638 0.0373029
    outer loop
      vertex -9.84296 -9.50837 9.02009
      vertex -9.87784 -9.46036 9.0274
      vertex -9.8443 -9.50653 9.02044
    endloop
  endfacet
  facet normal 0.809027 0.587771 0
    outer loop
      vertex -9.87784 -9.46036 9.0274
      vertex -9.84296 -9.50837 9.02009
      vertex -9.87784 -9.46036 4.4
    endloop
  endfacet
  facet normal 0.809027 0.587771 0
    outer loop
      vertex -9.87784 -9.46036 4.4
      vertex -9.84296 -9.50837 9.02009
      vertex -9.84296 -9.50837 4.4
    endloop
  endfacet
  facet normal 0.811497 0.56997 0.12887
    outer loop
      vertex -9.84296 -9.50837 15.0201
      vertex -9.87784 -9.46036 15.0274
      vertex -9.8443 -9.50653 15.0204
    endloop
  endfacet
  facet normal 0.809027 0.587771 0
    outer loop
      vertex -9.87784 -9.46036 15.0274
      vertex -9.84296 -9.50837 15.0201
      vertex -9.87784 -9.46036 9.9726
    endloop
  endfacet
  facet normal 0.809027 0.587771 -0
    outer loop
      vertex -9.84296 -9.50837 9.97991
      vertex -9.87784 -9.46036 9.9726
      vertex -9.84296 -9.50837 15.0201
    endloop
  endfacet
  facet normal 0.811157 0.583638 -0.0373029
    outer loop
      vertex -9.87784 -9.46036 9.9726
      vertex -9.84296 -9.50837 9.97991
      vertex -9.8443 -9.50653 9.97956
    endloop
  endfacet
  facet normal 0.809027 0.587771 0
    outer loop
      vertex -9.84296 -9.50837 15.9799
      vertex -9.87784 -9.46036 15.9726
      vertex -9.87784 -9.46036 19.5
    endloop
  endfacet
  facet normal 0.809027 0.587771 -0
    outer loop
      vertex -9.84296 -9.50837 15.9799
      vertex -9.87784 -9.46036 19.5
      vertex -9.84296 -9.50837 19.5
    endloop
  endfacet
  facet normal 0.811497 0.56997 -0.12887
    outer loop
      vertex -9.87784 -9.46036 15.9726
      vertex -9.84296 -9.50837 15.9799
      vertex -9.8443 -9.50653 15.9796
    endloop
  endfacet
  facet normal 0.999498 0.0316898 0
    outer loop
      vertex -10.1845 -8.53072 9.42022
      vertex -10.185 -8.51495 4.4
      vertex -10.185 -8.51495 9.42972
    endloop
  endfacet
  facet normal 0.999571 0.0243039 0.0163423
    outer loop
      vertex -10.183 -8.57425 9.39321
      vertex -10.1845 -8.53072 9.42022
      vertex -10.184 -8.54536 9.41141
    endloop
  endfacet
  facet normal 0.999407 0.0344332 8.62675e-06
    outer loop
      vertex -10.1845 -8.53072 9.42022
      vertex -10.183 -8.57425 9.39321
      vertex -10.185 -8.51495 4.4
    endloop
  endfacet
  facet normal 0.99938 0.0351983 1.77238e-05
    outer loop
      vertex -10.185 -8.51495 4.4
      vertex -10.183 -8.57425 9.39321
      vertex -10.1836 -8.5547 4.4
    endloop
  endfacet
  facet normal 0.999529 0.0306761 0
    outer loop
      vertex -10.1836 -8.5547 4.4
      vertex -10.183 -8.57425 9.39321
      vertex -10.183 -8.57425 4.4
    endloop
  endfacet
  facet normal 0.999498 0.0316898 0
    outer loop
      vertex -10.1845 -8.53072 15.4202
      vertex -10.185 -8.51495 9.57028
      vertex -10.185 -8.51495 15.4297
    endloop
  endfacet
  facet normal 0.999417 0.0341292 6.58266e-06
    outer loop
      vertex -10.184 -8.54536 15.4114
      vertex -10.185 -8.51495 9.57028
      vertex -10.1845 -8.53072 15.4202
    endloop
  endfacet
  facet normal 0.999393 0.0348355 1.02641e-05
    outer loop
      vertex -10.1833 -8.56373 9.60016
      vertex -10.185 -8.51495 9.57028
      vertex -10.184 -8.54536 15.4114
    endloop
  endfacet
  facet normal 0.979663 -0.0788715 -0.184497
    outer loop
      vertex -10.185 -8.51495 9.57028
      vertex -10.1833 -8.56373 9.60016
      vertex -10.184 -8.54536 9.58859
    endloop
  endfacet
  facet normal 0.999402 0.0345864 1.10526e-05
    outer loop
      vertex -10.183 -8.57425 15.3932
      vertex -10.1833 -8.56373 9.60016
      vertex -10.184 -8.54536 15.4114
    endloop
  endfacet
  facet normal 0.999594 0.0285055 0
    outer loop
      vertex -10.1833 -8.56373 9.60016
      vertex -10.183 -8.57425 15.3932
      vertex -10.183 -8.57425 9.60679
    endloop
  endfacet
  facet normal 0.99946 0.0328662 0
    outer loop
      vertex -10.185 -8.51495 19.5
      vertex -10.184 -8.54536 15.5886
      vertex -10.185 -8.51495 15.5703
    endloop
  endfacet
  facet normal 0.999276 0.0380525 -4.03695e-05
    outer loop
      vertex -10.185 -8.51495 19.5
      vertex -10.1833 -8.56373 15.6002
      vertex -10.184 -8.54536 15.5886
    endloop
  endfacet
  facet normal 0.999432 0.0337076 -0
    outer loop
      vertex -10.183 -8.57425 15.6068
      vertex -10.185 -8.51495 19.5
      vertex -10.183 -8.57425 19.5
    endloop
  endfacet
  facet normal 0.999592 0.0285548 7.85694e-05
    outer loop
      vertex -10.185 -8.51495 19.5
      vertex -10.183 -8.57425 15.6068
      vertex -10.1833 -8.56373 15.6002
    endloop
  endfacet
  facet normal 0.994526 0.104492 0
    outer loop
      vertex -10.1726 -8.69246 9.32346
      vertex -10.1788 -8.63345 4.4
      vertex -10.1788 -8.63345 9.3575
    endloop
  endfacet
  facet normal 0.994526 0.104492 0
    outer loop
      vertex -10.1788 -8.63345 4.4
      vertex -10.1726 -8.69246 9.32346
      vertex -10.1726 -8.69246 4.4
    endloop
  endfacet
  facet normal 0.994526 0.104492 0
    outer loop
      vertex -10.1726 -8.69246 15.3235
      vertex -10.1788 -8.63345 9.6425
      vertex -10.1788 -8.63345 15.3575
    endloop
  endfacet
  facet normal 0.994526 0.104492 0
    outer loop
      vertex -10.1788 -8.63345 9.6425
      vertex -10.1726 -8.69246 15.3235
      vertex -10.1726 -8.69246 9.67654
    endloop
  endfacet
  facet normal 0.994526 0.104492 -0
    outer loop
      vertex -10.1726 -8.69246 15.6765
      vertex -10.1788 -8.63345 19.5
      vertex -10.1726 -8.69246 19.5
    endloop
  endfacet
  facet normal 0.994526 0.104492 0
    outer loop
      vertex -10.1788 -8.63345 19.5
      vertex -10.1726 -8.69246 15.6765
      vertex -10.1788 -8.63345 15.6425
    endloop
  endfacet
  facet normal 0.898799 0.438361 0
    outer loop
      vertex -9.99999 -9.25706 9.07672
      vertex -10.026 -9.20373 4.4
      vertex -10.026 -9.20373 9.09407
    endloop
  endfacet
  facet normal 0.898799 0.438361 0
    outer loop
      vertex -10.026 -9.20373 4.4
      vertex -9.99999 -9.25706 9.07672
      vertex -9.99999 -9.25706 4.4
    endloop
  endfacet
  facet normal 0.898799 0.438361 0
    outer loop
      vertex -9.99999 -9.25706 15.0767
      vertex -10.026 -9.20373 9.90593
      vertex -10.026 -9.20373 15.0941
    endloop
  endfacet
  facet normal 0.898799 0.438361 0
    outer loop
      vertex -10.026 -9.20373 9.90593
      vertex -9.99999 -9.25706 15.0767
      vertex -9.99999 -9.25706 9.92328
    endloop
  endfacet
  facet normal 0.898799 0.438361 -0
    outer loop
      vertex -9.99999 -9.25706 15.9233
      vertex -10.026 -9.20373 19.5
      vertex -9.99999 -9.25706 19.5
    endloop
  endfacet
  facet normal 0.898799 0.438361 0
    outer loop
      vertex -10.026 -9.20373 19.5
      vertex -9.99999 -9.25706 15.9233
      vertex -10.026 -9.20373 15.9059
    endloop
  endfacet
  facet normal 0.866099 0.499873 0
    outer loop
      vertex -9.94247 -9.36085 9.04801
      vertex -9.97213 -9.30946 4.4
      vertex -9.97213 -9.30946 9.06136
    endloop
  endfacet
  facet normal 0.866099 0.499873 0
    outer loop
      vertex -9.97213 -9.30946 4.4
      vertex -9.94247 -9.36085 9.04801
      vertex -9.94247 -9.36085 4.4
    endloop
  endfacet
  facet normal 0.866099 0.499873 0
    outer loop
      vertex -9.94247 -9.36085 15.048
      vertex -9.97213 -9.30946 9.93864
      vertex -9.97213 -9.30946 15.0614
    endloop
  endfacet
  facet normal 0.866099 0.499873 0
    outer loop
      vertex -9.97213 -9.30946 9.93864
      vertex -9.94247 -9.36085 15.048
      vertex -9.94247 -9.36085 9.95199
    endloop
  endfacet
  facet normal 0.866099 0.499873 -0
    outer loop
      vertex -9.94247 -9.36085 15.952
      vertex -9.97213 -9.30946 19.5
      vertex -9.94247 -9.36085 19.5
    endloop
  endfacet
  facet normal 0.866099 0.499873 0
    outer loop
      vertex -9.97213 -9.30946 19.5
      vertex -9.94247 -9.36085 15.952
      vertex -9.97213 -9.30946 15.9386
    endloop
  endfacet
  facet normal 0.882959 0.469451 0
    outer loop
      vertex -9.97213 -9.30946 9.06136
      vertex -9.99999 -9.25706 4.4
      vertex -9.99999 -9.25706 9.07672
    endloop
  endfacet
  facet normal 0.882959 0.469451 0
    outer loop
      vertex -9.99999 -9.25706 4.4
      vertex -9.97213 -9.30946 9.06136
      vertex -9.97213 -9.30946 4.4
    endloop
  endfacet
  facet normal 0.882959 0.469451 0
    outer loop
      vertex -9.97213 -9.30946 15.0614
      vertex -9.99999 -9.25706 9.92328
      vertex -9.99999 -9.25706 15.0767
    endloop
  endfacet
  facet normal 0.882959 0.469451 0
    outer loop
      vertex -9.99999 -9.25706 9.92328
      vertex -9.97213 -9.30946 15.0614
      vertex -9.97213 -9.30946 9.93864
    endloop
  endfacet
  facet normal 0.882959 0.469451 -0
    outer loop
      vertex -9.97213 -9.30946 15.9386
      vertex -9.99999 -9.25706 19.5
      vertex -9.97213 -9.30946 19.5
    endloop
  endfacet
  facet normal 0.882959 0.469451 0
    outer loop
      vertex -9.99999 -9.25706 19.5
      vertex -9.97213 -9.30946 15.9386
      vertex -9.99999 -9.25706 15.9233
    endloop
  endfacet
  facet normal 0.970508 0.241068 0
    outer loop
      vertex -10.1274 -8.92527 9.20485
      vertex -10.1417 -8.8677 4.4
      vertex -10.1417 -8.8677 9.2318
    endloop
  endfacet
  facet normal 0.970508 0.241068 0
    outer loop
      vertex -10.1417 -8.8677 4.4
      vertex -10.1274 -8.92527 9.20485
      vertex -10.1274 -8.92527 4.4
    endloop
  endfacet
  facet normal 0.970508 0.241068 0
    outer loop
      vertex -10.1274 -8.92527 15.2049
      vertex -10.1417 -8.8677 9.7682
      vertex -10.1417 -8.8677 15.2318
    endloop
  endfacet
  facet normal 0.970508 0.241068 0
    outer loop
      vertex -10.1417 -8.8677 9.7682
      vertex -10.1274 -8.92527 15.2049
      vertex -10.1274 -8.92527 9.79515
    endloop
  endfacet
  facet normal 0.970508 0.241068 -0
    outer loop
      vertex -10.1274 -8.92527 15.7951
      vertex -10.1417 -8.8677 19.5
      vertex -10.1274 -8.92527 19.5
    endloop
  endfacet
  facet normal 0.970508 0.241068 0
    outer loop
      vertex -10.1417 -8.8677 19.5
      vertex -10.1274 -8.92527 15.7951
      vertex -10.1417 -8.8677 15.7682
    endloop
  endfacet
  facet normal 0.961065 0.276323 0
    outer loop
      vertex -10.111 -8.98231 9.17977
      vertex -10.1274 -8.92527 4.4
      vertex -10.1274 -8.92527 9.20485
    endloop
  endfacet
  facet normal 0.961065 0.276323 0
    outer loop
      vertex -10.1274 -8.92527 4.4
      vertex -10.111 -8.98231 9.17977
      vertex -10.111 -8.98231 4.4
    endloop
  endfacet
  facet normal 0.961065 0.276323 0
    outer loop
      vertex -10.111 -8.98231 15.1798
      vertex -10.1274 -8.92527 9.79515
      vertex -10.1274 -8.92527 15.2049
    endloop
  endfacet
  facet normal 0.961065 0.276323 0
    outer loop
      vertex -10.1274 -8.92527 9.79515
      vertex -10.111 -8.98231 15.1798
      vertex -10.111 -8.98231 9.82023
    endloop
  endfacet
  facet normal 0.961065 0.276323 -0
    outer loop
      vertex -10.111 -8.98231 15.8202
      vertex -10.1274 -8.92527 19.5
      vertex -10.111 -8.98231 19.5
    endloop
  endfacet
  facet normal 0.961065 0.276323 0
    outer loop
      vertex -10.1274 -8.92527 19.5
      vertex -10.111 -8.98231 15.8202
      vertex -10.1274 -8.92527 15.7951
    endloop
  endfacet
  facet normal 0.961065 -0.276323 0
    outer loop
      vertex -10.1274 -8.04529 19.5
      vertex -10.111 -7.98825 4.4
      vertex -10.111 -7.98825 19.5
    endloop
  endfacet
  facet normal 0.961065 -0.276323 0
    outer loop
      vertex -10.111 -7.98825 4.4
      vertex -10.1274 -8.04529 19.5
      vertex -10.1274 -8.04529 4.4
    endloop
  endfacet
  facet normal 0.91377 -0.406232 0
    outer loop
      vertex -10.0501 -7.82104 19.5
      vertex -10.026 -7.76683 4.4
      vertex -10.026 -7.76683 19.5
    endloop
  endfacet
  facet normal 0.91377 -0.406232 0
    outer loop
      vertex -10.026 -7.76683 4.4
      vertex -10.0501 -7.82104 19.5
      vertex -10.0501 -7.82104 4.4
    endloop
  endfacet
  facet normal 0.615713 -0.787971 0
    outer loop
      vertex -5.31248 -2.92149 4.4
      vertex -5.26573 -2.88496 19.5
      vertex -5.31248 -2.92149 19.5
    endloop
  endfacet
  facet normal 0.615713 -0.787971 0
    outer loop
      vertex -5.26573 -2.88496 19.5
      vertex -5.31248 -2.92149 4.4
      vertex -5.26573 -2.88496 4.4
    endloop
  endfacet
  facet normal 0.587771 -0.809027 0
    outer loop
      vertex -5.26573 -2.88496 4.4
      vertex -5.21772 -2.85008 19.5
      vertex -5.26573 -2.88496 19.5
    endloop
  endfacet
  facet normal 0.587771 -0.809027 0
    outer loop
      vertex -5.21772 -2.85008 19.5
      vertex -5.26573 -2.88496 4.4
      vertex -5.21772 -2.85008 4.4
    endloop
  endfacet
  facet normal 0.469451 -0.882959 0
    outer loop
      vertex -5.06682 -2.75579 4.4
      vertex -5.01442 -2.72793 19.5
      vertex -5.06682 -2.75579 19.5
    endloop
  endfacet
  facet normal 0.469451 -0.882959 0
    outer loop
      vertex -5.01442 -2.72793 19.5
      vertex -5.06682 -2.75579 4.4
      vertex -5.01442 -2.72793 4.4
    endloop
  endfacet
  facet normal -0.927157 0.374672 0
    outer loop
      vertex -2.67778 -4.90688 4.4
      vertex -2.65555 -4.85187 19.5
      vertex -2.65555 -4.85187 4.4
    endloop
  endfacet
  facet normal -0.927157 0.374672 0
    outer loop
      vertex -2.65555 -4.85187 19.5
      vertex -2.67778 -4.90688 4.4
      vertex -2.67778 -4.90688 19.5
    endloop
  endfacet
  facet normal -0.913519 0.406795 0
    outer loop
      vertex -2.70192 -4.96109 4.4
      vertex -2.67778 -4.90688 19.5
      vertex -2.67778 -4.90688 4.4
    endloop
  endfacet
  facet normal -0.913519 0.406795 0
    outer loop
      vertex -2.67778 -4.90688 19.5
      vertex -2.70192 -4.96109 4.4
      vertex -2.70192 -4.96109 19.5
    endloop
  endfacet
  facet normal -0.93972 0.341946 0
    outer loop
      vertex -2.65555 -4.85187 4.4
      vertex -2.63526 -4.79611 19.5
      vertex -2.63526 -4.79611 4.4
    endloop
  endfacet
  facet normal -0.93972 0.341946 0
    outer loop
      vertex -2.63526 -4.79611 19.5
      vertex -2.65555 -4.85187 4.4
      vertex -2.65555 -4.85187 19.5
    endloop
  endfacet
  facet normal -0.207284 0.978281 0
    outer loop
      vertex -8.10286 -10.1417 4.4
      vertex -8.16091 -10.154 19.5
      vertex -8.10286 -10.1417 19.5
    endloop
  endfacet
  facet normal -0.207284 0.978281 0
    outer loop
      vertex -8.16091 -10.154 19.5
      vertex -8.10286 -10.1417 4.4
      vertex -8.16091 -10.154 4.4
    endloop
  endfacet
  facet normal -0.07078 0.997492 0
    outer loop
      vertex -8.33712 -10.1788 4.4
      vertex -8.39631 -10.183 19.5
      vertex -8.33712 -10.1788 19.5
    endloop
  endfacet
  facet normal -0.07078 0.997492 0
    outer loop
      vertex -8.39631 -10.183 19.5
      vertex -8.33712 -10.1788 4.4
      vertex -8.39631 -10.183 4.4
    endloop
  endfacet
  facet normal -0.587851 0.808969 0
    outer loop
      vertex -7.4622 -9.84296 4.4
      vertex -7.5102 -9.87784 19.5
      vertex -7.4622 -9.84296 19.5
    endloop
  endfacet
  facet normal -0.587851 0.808969 0
    outer loop
      vertex -7.5102 -9.87784 19.5
      vertex -7.4622 -9.84296 4.4
      vertex -7.5102 -9.87784 4.4
    endloop
  endfacet
  facet normal -0.615631 0.788035 0
    outer loop
      vertex -7.41544 -9.80643 4.4
      vertex -7.4622 -9.84296 19.5
      vertex -7.41544 -9.80643 19.5
    endloop
  endfacet
  facet normal -0.615631 0.788035 0
    outer loop
      vertex -7.4622 -9.84296 19.5
      vertex -7.41544 -9.80643 4.4
      vertex -7.4622 -9.84296 4.4
    endloop
  endfacet
  facet normal 0.104492 0.994526 -0
    outer loop
      vertex -8.63345 -10.1788 4.4
      vertex -8.69246 -10.1726 9.32346
      vertex -8.63345 -10.1788 9.3575
    endloop
  endfacet
  facet normal 0.104492 0.994526 0
    outer loop
      vertex -8.69246 -10.1726 9.32346
      vertex -8.63345 -10.1788 4.4
      vertex -8.69246 -10.1726 4.4
    endloop
  endfacet
  facet normal 0.104492 0.994526 0
    outer loop
      vertex -8.63345 -10.1788 15.3575
      vertex -8.69246 -10.1726 9.67654
      vertex -8.69246 -10.1726 15.3235
    endloop
  endfacet
  facet normal 0.104492 0.994526 0
    outer loop
      vertex -8.69246 -10.1726 9.67654
      vertex -8.63345 -10.1788 15.3575
      vertex -8.63345 -10.1788 9.6425
    endloop
  endfacet
  facet normal 0.104492 0.994526 0
    outer loop
      vertex -8.63345 -10.1788 19.5
      vertex -8.69246 -10.1726 15.6765
      vertex -8.69246 -10.1726 19.5
    endloop
  endfacet
  facet normal 0.104492 0.994526 0
    outer loop
      vertex -8.69246 -10.1726 15.6765
      vertex -8.63345 -10.1788 19.5
      vertex -8.63345 -10.1788 15.6425
    endloop
  endfacet
  facet normal -0.0788715 0.979663 0.184497
    outer loop
      vertex -8.51495 -10.185 9.42972
      vertex -8.56373 -10.1833 9.39984
      vertex -8.54536 -10.184 9.41141
    endloop
  endfacet
  facet normal 0.232783 0.915572 -0.327934
    outer loop
      vertex -8.51495 -10.185 9.42972
      vertex -8.57425 -10.183 9.39321
      vertex -8.56373 -10.1833 9.39984
    endloop
  endfacet
  facet normal 0.0337076 0.999432 -0
    outer loop
      vertex -8.51495 -10.185 4.4
      vertex -8.57425 -10.183 9.39321
      vertex -8.51495 -10.185 9.42972
    endloop
  endfacet
  facet normal 0.0351983 0.99938 1.77238e-05
    outer loop
      vertex -8.5547 -10.1836 4.4
      vertex -8.57425 -10.183 9.39321
      vertex -8.51495 -10.185 4.4
    endloop
  endfacet
  facet normal 0.0306761 0.999529 0
    outer loop
      vertex -8.57425 -10.183 9.39321
      vertex -8.5547 -10.1836 4.4
      vertex -8.57425 -10.183 4.4
    endloop
  endfacet
  facet normal -0.0716698 0.98235 0.172777
    outer loop
      vertex -8.51495 -10.185 15.4297
      vertex -8.56373 -10.1833 15.3998
      vertex -8.54536 -10.184 15.4114
    endloop
  endfacet
  facet normal 0.26819 0.882047 -0.387385
    outer loop
      vertex -8.51495 -10.185 15.4297
      vertex -8.57425 -10.183 15.3932
      vertex -8.56373 -10.1833 15.3998
    endloop
  endfacet
  facet normal 0.0337076 0.999432 0
    outer loop
      vertex -8.51495 -10.185 15.4297
      vertex -8.57425 -10.183 9.60679
      vertex -8.57425 -10.183 15.3932
    endloop
  endfacet
  facet normal 0.034434 0.999407 -7.40525e-06
    outer loop
      vertex -8.53072 -10.1845 9.57978
      vertex -8.57425 -10.183 9.60679
      vertex -8.51495 -10.185 15.4297
    endloop
  endfacet
  facet normal 0.0243039 0.999571 -0.0163423
    outer loop
      vertex -8.57425 -10.183 9.60679
      vertex -8.53072 -10.1845 9.57978
      vertex -8.54536 -10.184 9.58859
    endloop
  endfacet
  facet normal 0.0316898 0.999498 0
    outer loop
      vertex -8.53072 -10.1845 9.57978
      vertex -8.51495 -10.185 15.4297
      vertex -8.51495 -10.185 9.57028
    endloop
  endfacet
  facet normal 0.0337076 0.999432 0
    outer loop
      vertex -8.51495 -10.185 19.5
      vertex -8.57425 -10.183 15.6068
      vertex -8.57425 -10.183 19.5
    endloop
  endfacet
  facet normal 0.0345849 0.999402 -1.33777e-05
    outer loop
      vertex -8.51495 -10.185 19.5
      vertex -8.54536 -10.184 15.5886
      vertex -8.57425 -10.183 15.6068
    endloop
  endfacet
  facet normal 0.0341272 0.999417 -9.81516e-06
    outer loop
      vertex -8.51495 -10.185 19.5
      vertex -8.53072 -10.1845 15.5798
      vertex -8.54536 -10.184 15.5886
    endloop
  endfacet
  facet normal 0.0316898 0.999498 0
    outer loop
      vertex -8.53072 -10.1845 15.5798
      vertex -8.51495 -10.185 19.5
      vertex -8.51495 -10.185 15.5703
    endloop
  endfacet
  facet normal 0.175208 0.984532 -0
    outer loop
      vertex -8.75122 -10.1644 4.4
      vertex -8.80966 -10.154 9.26057
      vertex -8.75122 -10.1644 9.29113
    endloop
  endfacet
  facet normal 0.175208 0.984532 0
    outer loop
      vertex -8.80966 -10.154 9.26057
      vertex -8.75122 -10.1644 4.4
      vertex -8.80966 -10.154 4.4
    endloop
  endfacet
  facet normal 0.175208 0.984532 0
    outer loop
      vertex -8.75122 -10.1644 15.2911
      vertex -8.80966 -10.154 9.73943
      vertex -8.80966 -10.154 15.2606
    endloop
  endfacet
  facet normal 0.175208 0.984532 0
    outer loop
      vertex -8.80966 -10.154 9.73943
      vertex -8.75122 -10.1644 15.2911
      vertex -8.75122 -10.1644 9.70887
    endloop
  endfacet
  facet normal 0.175208 0.984532 0
    outer loop
      vertex -8.75122 -10.1644 19.5
      vertex -8.80966 -10.154 15.7394
      vertex -8.80966 -10.154 19.5
    endloop
  endfacet
  facet normal 0.175208 0.984532 0
    outer loop
      vertex -8.80966 -10.154 15.7394
      vertex -8.75122 -10.1644 19.5
      vertex -8.75122 -10.1644 15.7089
    endloop
  endfacet
  facet normal 0.984526 -0.175237 0
    outer loop
      vertex -10.1644 -8.21934 19.5
      vertex -10.154 -8.16091 4.4
      vertex -10.154 -8.16091 19.5
    endloop
  endfacet
  facet normal 0.984526 -0.175237 0
    outer loop
      vertex -10.154 -8.16091 4.4
      vertex -10.1644 -8.21934 19.5
      vertex -10.1644 -8.21934 4.4
    endloop
  endfacet
  facet normal 0.999426 -0.0338788 0
    outer loop
      vertex -10.185 -8.45561 15.4671
      vertex -10.1833 -8.40546 9.5
      vertex -10.1833 -8.40546 15.5
    endloop
  endfacet
  facet normal 0.999426 -0.0338788 0
    outer loop
      vertex -10.1833 -8.40546 9.5
      vertex -10.185 -8.45561 15.4671
      vertex -10.185 -8.45561 9.53293
    endloop
  endfacet
  facet normal 0.999463 -0.0327693 0
    outer loop
      vertex -10.183 -8.39631 19.5
      vertex -10.1833 -8.40546 15.5
      vertex -10.183 -8.39631 4.4
    endloop
  endfacet
  facet normal 0.999432 -0.0337076 0
    outer loop
      vertex -10.185 -8.45561 15.5329
      vertex -10.183 -8.39631 19.5
      vertex -10.185 -8.45561 19.5
    endloop
  endfacet
  facet normal 0.999426 -0.0338772 2.53711e-06
    outer loop
      vertex -10.183 -8.39631 19.5
      vertex -10.185 -8.45561 15.5329
      vertex -10.1833 -8.40546 15.5
    endloop
  endfacet
  facet normal 0.999463 -0.0327693 0
    outer loop
      vertex -10.1833 -8.40546 9.5
      vertex -10.183 -8.39631 4.4
      vertex -10.1833 -8.40546 15.5
    endloop
  endfacet
  facet normal 0.999426 -0.0338775 -1.99053e-06
    outer loop
      vertex -10.185 -8.45561 9.46707
      vertex -10.183 -8.39631 4.4
      vertex -10.1833 -8.40546 9.5
    endloop
  endfacet
  facet normal 0.999432 -0.0337076 0
    outer loop
      vertex -10.183 -8.39631 4.4
      vertex -10.185 -8.45561 9.46707
      vertex -10.185 -8.45561 4.4
    endloop
  endfacet
  facet normal 0.994528 -0.104474 0
    outer loop
      vertex -10.1788 -8.33712 19.5
      vertex -10.1726 -8.2781 4.4
      vertex -10.1726 -8.2781 19.5
    endloop
  endfacet
  facet normal 0.994528 -0.104474 0
    outer loop
      vertex -10.1726 -8.2781 4.4
      vertex -10.1788 -8.33712 19.5
      vertex -10.1788 -8.33712 4.4
    endloop
  endfacet
  facet normal 0.91377 0.406232 0
    outer loop
      vertex -10.026 -9.20373 9.09407
      vertex -10.0501 -9.14952 4.4
      vertex -10.0501 -9.14952 9.11339
    endloop
  endfacet
  facet normal 0.91377 0.406232 0
    outer loop
      vertex -10.0501 -9.14952 4.4
      vertex -10.026 -9.20373 9.09407
      vertex -10.026 -9.20373 4.4
    endloop
  endfacet
  facet normal 0.91377 0.406232 0
    outer loop
      vertex -10.026 -9.20373 15.0941
      vertex -10.0501 -9.14952 9.88661
      vertex -10.0501 -9.14952 15.1134
    endloop
  endfacet
  facet normal 0.91377 0.406232 0
    outer loop
      vertex -10.0501 -9.14952 9.88661
      vertex -10.026 -9.20373 15.0941
      vertex -10.026 -9.20373 9.90593
    endloop
  endfacet
  facet normal 0.91377 0.406232 -0
    outer loop
      vertex -10.026 -9.20373 15.9059
      vertex -10.0501 -9.14952 19.5
      vertex -10.026 -9.20373 19.5
    endloop
  endfacet
  facet normal 0.91377 0.406232 0
    outer loop
      vertex -10.0501 -9.14952 19.5
      vertex -10.026 -9.20373 15.9059
      vertex -10.0501 -9.14952 15.8866
    endloop
  endfacet
  facet normal 0.95073 0.310021 0
    outer loop
      vertex -10.0969 -9.02555 9.162
      vertex -10.111 -8.98231 4.4
      vertex -10.111 -8.98231 9.17977
    endloop
  endfacet
  facet normal 0.952918 0.303229 -6.81467e-05
    outer loop
      vertex -10.0927 -9.03875 9.15658
      vertex -10.111 -8.98231 4.4
      vertex -10.0969 -9.02555 9.162
    endloop
  endfacet
  facet normal 0.951247 0.308431 0
    outer loop
      vertex -10.111 -8.98231 4.4
      vertex -10.0927 -9.03875 9.15658
      vertex -10.0927 -9.03875 4.4
    endloop
  endfacet
  facet normal 0.95073 0.310021 0
    outer loop
      vertex -10.0969 -9.02555 15.162
      vertex -10.111 -8.98231 9.82023
      vertex -10.111 -8.98231 15.1798
    endloop
  endfacet
  facet normal 0.952919 0.303226 -6.07757e-05
    outer loop
      vertex -10.0927 -9.03875 15.1566
      vertex -10.111 -8.98231 9.82023
      vertex -10.0969 -9.02555 15.162
    endloop
  endfacet
  facet normal 0.951247 0.308431 0
    outer loop
      vertex -10.111 -8.98231 9.82023
      vertex -10.0927 -9.03875 15.1566
      vertex -10.0927 -9.03875 9.84342
    endloop
  endfacet
  facet normal 0.951247 0.308431 -0
    outer loop
      vertex -10.0927 -9.03875 15.8434
      vertex -10.111 -8.98231 19.5
      vertex -10.0927 -9.03875 19.5
    endloop
  endfacet
  facet normal 0.951247 0.308431 0
    outer loop
      vertex -10.111 -8.98231 19.5
      vertex -10.0927 -9.03875 15.8434
      vertex -10.111 -8.98231 15.8202
    endloop
  endfacet
  facet normal 0.925183 0.370011 -0.0844253
    outer loop
      vertex -10.0724 -9.09451 9.13466
      vertex -10.0927 -9.03875 9.15658
      vertex -10.0793 -9.07545 9.14258
    endloop
  endfacet
  facet normal 0.939665 0.342095 0
    outer loop
      vertex -10.0927 -9.03875 9.15658
      vertex -10.0724 -9.09451 9.13466
      vertex -10.0927 -9.03875 4.4
    endloop
  endfacet
  facet normal 0.939665 0.342095 0
    outer loop
      vertex -10.0927 -9.03875 4.4
      vertex -10.0724 -9.09451 9.13466
      vertex -10.0724 -9.09451 4.4
    endloop
  endfacet
  facet normal 0.92462 0.370809 -0.087056
    outer loop
      vertex -10.0724 -9.09451 15.1347
      vertex -10.0927 -9.03875 15.1566
      vertex -10.0793 -9.07545 15.1426
    endloop
  endfacet
  facet normal 0.939665 0.342095 0
    outer loop
      vertex -10.0927 -9.03875 15.1566
      vertex -10.0724 -9.09451 15.1347
      vertex -10.0927 -9.03875 9.84342
    endloop
  endfacet
  facet normal 0.939665 0.342095 -0
    outer loop
      vertex -10.0724 -9.09451 9.86534
      vertex -10.0927 -9.03875 9.84342
      vertex -10.0724 -9.09451 15.1347
    endloop
  endfacet
  facet normal 0.925183 0.370011 0.0844253
    outer loop
      vertex -10.0927 -9.03875 9.84342
      vertex -10.0724 -9.09451 9.86534
      vertex -10.0793 -9.07545 9.85742
    endloop
  endfacet
  facet normal 0.939665 0.342095 0
    outer loop
      vertex -10.0724 -9.09451 15.8653
      vertex -10.0927 -9.03875 15.8434
      vertex -10.0927 -9.03875 19.5
    endloop
  endfacet
  facet normal 0.939665 0.342095 -0
    outer loop
      vertex -10.0724 -9.09451 15.8653
      vertex -10.0927 -9.03875 19.5
      vertex -10.0724 -9.09451 19.5
    endloop
  endfacet
  facet normal 0.92462 0.370809 0.087056
    outer loop
      vertex -10.0927 -9.03875 15.8434
      vertex -10.0724 -9.09451 15.8653
      vertex -10.0793 -9.07545 15.8574
    endloop
  endfacet
  facet normal 0.984532 0.175208 0
    outer loop
      vertex -10.154 -8.80966 9.26057
      vertex -10.1644 -8.75122 4.4
      vertex -10.1644 -8.75122 9.29113
    endloop
  endfacet
  facet normal 0.984532 0.175208 0
    outer loop
      vertex -10.1644 -8.75122 4.4
      vertex -10.154 -8.80966 9.26057
      vertex -10.154 -8.80966 4.4
    endloop
  endfacet
  facet normal 0.984532 0.175208 0
    outer loop
      vertex -10.154 -8.80966 15.2606
      vertex -10.1644 -8.75122 9.70887
      vertex -10.1644 -8.75122 15.2911
    endloop
  endfacet
  facet normal 0.984532 0.175208 0
    outer loop
      vertex -10.1644 -8.75122 9.70887
      vertex -10.154 -8.80966 15.2606
      vertex -10.154 -8.80966 9.73943
    endloop
  endfacet
  facet normal 0.984532 0.175208 -0
    outer loop
      vertex -10.154 -8.80966 15.7394
      vertex -10.1644 -8.75122 19.5
      vertex -10.154 -8.80966 19.5
    endloop
  endfacet
  facet normal 0.984532 0.175208 0
    outer loop
      vertex -10.1644 -8.75122 19.5
      vertex -10.154 -8.80966 15.7394
      vertex -10.1644 -8.75122 15.7089
    endloop
  endfacet
  facet normal 0.898799 -0.438361 0
    outer loop
      vertex -10.026 -7.76683 19.5
      vertex -9.99999 -7.7135 4.4
      vertex -9.99999 -7.7135 19.5
    endloop
  endfacet
  facet normal 0.898799 -0.438361 0
    outer loop
      vertex -9.99999 -7.7135 4.4
      vertex -10.026 -7.76683 19.5
      vertex -10.026 -7.76683 4.4
    endloop
  endfacet
  facet normal -0.375627 0.926771 0
    outer loop
      vertex -7.82104 -10.0501 4.4
      vertex -7.87606 -10.0724 19.5
      vertex -7.82104 -10.0501 19.5
    endloop
  endfacet
  facet normal -0.375627 0.926771 0
    outer loop
      vertex -7.87606 -10.0724 19.5
      vertex -7.82104 -10.0501 4.4
      vertex -7.87606 -10.0724 4.4
    endloop
  endfacet
  facet normal -0.438361 0.898799 0
    outer loop
      vertex -7.7135 -9.99999 4.4
      vertex -7.76683 -10.026 19.5
      vertex -7.7135 -9.99999 19.5
    endloop
  endfacet
  facet normal -0.438361 0.898799 0
    outer loop
      vertex -7.76683 -10.026 19.5
      vertex -7.7135 -9.99999 4.4
      vertex -7.76683 -10.026 4.4
    endloop
  endfacet
  facet normal -0.406232 0.91377 0
    outer loop
      vertex -7.76683 -10.026 4.4
      vertex -7.82104 -10.0501 19.5
      vertex -7.76683 -10.026 19.5
    endloop
  endfacet
  facet normal -0.406232 0.91377 0
    outer loop
      vertex -7.82104 -10.0501 19.5
      vertex -7.76683 -10.026 4.4
      vertex -7.82104 -10.0501 4.4
    endloop
  endfacet
  facet normal -0.276323 0.961065 0
    outer loop
      vertex -7.98825 -10.111 4.4
      vertex -8.04529 -10.1274 19.5
      vertex -7.98825 -10.111 19.5
    endloop
  endfacet
  facet normal -0.276323 0.961065 0
    outer loop
      vertex -8.04529 -10.1274 19.5
      vertex -7.98825 -10.111 4.4
      vertex -8.04529 -10.1274 4.4
    endloop
  endfacet
  facet normal -0.241068 0.970508 0
    outer loop
      vertex -8.04529 -10.1274 4.4
      vertex -8.10286 -10.1417 19.5
      vertex -8.04529 -10.1274 19.5
    endloop
  endfacet
  facet normal -0.241068 0.970508 0
    outer loop
      vertex -8.10286 -10.1417 19.5
      vertex -8.04529 -10.1274 4.4
      vertex -8.10286 -10.1417 4.4
    endloop
  endfacet
  facet normal 0.997493 0.0707681 0
    outer loop
      vertex -10.1788 -8.63345 9.3575
      vertex -10.183 -8.57425 4.4
      vertex -10.183 -8.57425 9.39321
    endloop
  endfacet
  facet normal 0.997493 0.0707681 0
    outer loop
      vertex -10.183 -8.57425 4.4
      vertex -10.1788 -8.63345 9.3575
      vertex -10.1788 -8.63345 4.4
    endloop
  endfacet
  facet normal 0.997493 0.0707681 0
    outer loop
      vertex -10.1788 -8.63345 15.3575
      vertex -10.183 -8.57425 9.60679
      vertex -10.183 -8.57425 15.3932
    endloop
  endfacet
  facet normal 0.997493 0.0707681 0
    outer loop
      vertex -10.183 -8.57425 9.60679
      vertex -10.1788 -8.63345 15.3575
      vertex -10.1788 -8.63345 9.6425
    endloop
  endfacet
  facet normal 0.997493 0.0707681 -0
    outer loop
      vertex -10.1788 -8.63345 15.6425
      vertex -10.183 -8.57425 19.5
      vertex -10.1788 -8.63345 19.5
    endloop
  endfacet
  facet normal 0.997493 0.0707681 0
    outer loop
      vertex -10.183 -8.57425 19.5
      vertex -10.1788 -8.63345 15.6425
      vertex -10.183 -8.57425 15.6068
    endloop
  endfacet
  facet normal 0.990403 -0.138211 0
    outer loop
      vertex -10.1726 -8.2781 19.5
      vertex -10.1644 -8.21934 4.4
      vertex -10.1644 -8.21934 19.5
    endloop
  endfacet
  facet normal 0.990403 -0.138211 0
    outer loop
      vertex -10.1644 -8.21934 4.4
      vertex -10.1726 -8.2781 19.5
      vertex -10.1726 -8.2781 4.4
    endloop
  endfacet
  facet normal 0.997492 -0.07078 0
    outer loop
      vertex -10.183 -8.39631 19.5
      vertex -10.1788 -8.33712 4.4
      vertex -10.1788 -8.33712 19.5
    endloop
  endfacet
  facet normal 0.997492 -0.07078 0
    outer loop
      vertex -10.1788 -8.33712 4.4
      vertex -10.183 -8.39631 19.5
      vertex -10.183 -8.39631 4.4
    endloop
  endfacet
  facet normal 0.978274 0.207318 0
    outer loop
      vertex -10.1417 -8.8677 9.2318
      vertex -10.154 -8.80966 4.4
      vertex -10.154 -8.80966 9.26057
    endloop
  endfacet
  facet normal 0.978274 0.207318 0
    outer loop
      vertex -10.154 -8.80966 4.4
      vertex -10.1417 -8.8677 9.2318
      vertex -10.1417 -8.8677 4.4
    endloop
  endfacet
  facet normal 0.978274 0.207318 0
    outer loop
      vertex -10.1417 -8.8677 15.2318
      vertex -10.154 -8.80966 9.73943
      vertex -10.154 -8.80966 15.2606
    endloop
  endfacet
  facet normal 0.978274 0.207318 0
    outer loop
      vertex -10.154 -8.80966 9.73943
      vertex -10.1417 -8.8677 15.2318
      vertex -10.1417 -8.8677 9.7682
    endloop
  endfacet
  facet normal 0.978274 0.207318 -0
    outer loop
      vertex -10.1417 -8.8677 15.7682
      vertex -10.154 -8.80966 19.5
      vertex -10.1417 -8.8677 19.5
    endloop
  endfacet
  facet normal 0.978274 0.207318 0
    outer loop
      vertex -10.154 -8.80966 19.5
      vertex -10.1417 -8.8677 15.7682
      vertex -10.154 -8.80966 15.7394
    endloop
  endfacet
  facet normal -0.707107 -0.707107 0
    outer loop
      vertex 9.68736 -7.2832 4.4
      vertex 5.44472 -3.04056 19.5
      vertex 5.44472 -3.04056 4.4
    endloop
  endfacet
  facet normal -0.707107 -0.707107 0
    outer loop
      vertex 5.44472 -3.04056 19.5
      vertex 9.68736 -7.2832 4.4
      vertex 9.68736 -7.2832 19.5
    endloop
  endfacet
  facet normal 0.707107 0.707107 0
    outer loop
      vertex 7.2832 -9.68736 19.5
      vertex 3.04056 -5.44472 4.4
      vertex 3.04056 -5.44472 19.5
    endloop
  endfacet
  facet normal 0.707107 0.707107 0
    outer loop
      vertex 3.04056 -5.44472 4.4
      vertex 7.2832 -9.68736 19.5
      vertex 7.2832 -9.68736 4.4
    endloop
  endfacet
  facet normal 0.104474 -0.994528 0
    outer loop
      vertex 4.03546 -2.55531 4.4
      vertex 4.09448 -2.54911 19.5
      vertex 4.03546 -2.55531 19.5
    endloop
  endfacet
  facet normal 0.104474 -0.994528 0
    outer loop
      vertex 4.09448 -2.54911 19.5
      vertex 4.03546 -2.55531 4.4
      vertex 4.09448 -2.54911 4.4
    endloop
  endfacet
  facet normal -0.642734 -0.76609 0
    outer loop
      vertex 5.31248 -2.92149 4.4
      vertex 5.35794 -2.95963 19.5
      vertex 5.31248 -2.92149 19.5
    endloop
  endfacet
  facet normal -0.642734 -0.76609 -0
    outer loop
      vertex 5.35794 -2.95963 19.5
      vertex 5.31248 -2.92149 4.4
      vertex 5.35794 -2.95963 4.4
    endloop
  endfacet
  facet normal -0.978281 -0.207284 0
    outer loop
      vertex 10.154 -8.16091 4.4
      vertex 10.1417 -8.10286 19.5
      vertex 10.1417 -8.10286 4.4
    endloop
  endfacet
  facet normal -0.978281 -0.207284 0
    outer loop
      vertex 10.1417 -8.10286 19.5
      vertex 10.154 -8.16091 4.4
      vertex 10.154 -8.16091 19.5
    endloop
  endfacet
  facet normal -0.138211 0.990403 0
    outer loop
      vertex 8.69246 -10.1726 4.4
      vertex 8.75122 -10.1644 9.29113
      vertex 8.75122 -10.1644 4.4
    endloop
  endfacet
  facet normal -0.138211 0.990403 0
    outer loop
      vertex 8.75122 -10.1644 9.29113
      vertex 8.69246 -10.1726 4.4
      vertex 8.69246 -10.1726 9.32346
    endloop
  endfacet
  facet normal -0.138211 0.990403 0
    outer loop
      vertex 8.75122 -10.1644 9.70887
      vertex 8.69246 -10.1726 15.3235
      vertex 8.75122 -10.1644 15.2911
    endloop
  endfacet
  facet normal -0.138211 0.990403 0
    outer loop
      vertex 8.69246 -10.1726 15.3235
      vertex 8.75122 -10.1644 9.70887
      vertex 8.69246 -10.1726 9.67654
    endloop
  endfacet
  facet normal -0.138211 0.990403 0
    outer loop
      vertex 8.75122 -10.1644 15.7089
      vertex 8.69246 -10.1726 19.5
      vertex 8.75122 -10.1644 19.5
    endloop
  endfacet
  facet normal -0.138211 0.990403 0
    outer loop
      vertex 8.69246 -10.1726 19.5
      vertex 8.75122 -10.1644 15.7089
      vertex 8.69246 -10.1726 15.6765
    endloop
  endfacet
  facet normal 0.207284 0.978281 -0
    outer loop
      vertex 8.16091 -10.154 4.4
      vertex 8.10286 -10.1417 19.5
      vertex 8.16091 -10.154 19.5
    endloop
  endfacet
  facet normal 0.207284 0.978281 0
    outer loop
      vertex 8.10286 -10.1417 19.5
      vertex 8.16091 -10.154 4.4
      vertex 8.10286 -10.1417 4.4
    endloop
  endfacet
  facet normal 0.406232 0.91377 -0
    outer loop
      vertex 7.82104 -10.0501 4.4
      vertex 7.76683 -10.026 19.5
      vertex 7.82104 -10.0501 19.5
    endloop
  endfacet
  facet normal 0.406232 0.91377 0
    outer loop
      vertex 7.76683 -10.026 19.5
      vertex 7.82104 -10.0501 4.4
      vertex 7.76683 -10.026 4.4
    endloop
  endfacet
  facet normal 0.970271 0.24202 0
    outer loop
      vertex 2.60057 -4.68263 19.5
      vertex 2.58621 -4.62506 4.4
      vertex 2.58621 -4.62506 19.5
    endloop
  endfacet
  facet normal 0.970271 0.24202 0
    outer loop
      vertex 2.58621 -4.62506 4.4
      vertex 2.60057 -4.68263 19.5
      vertex 2.60057 -4.68263 4.4
    endloop
  endfacet
  facet normal 0.997564 0.0697621 0
    outer loop
      vertex 2.54911 -4.39081 19.5
      vertex 2.54497 -4.33161 4.4
      vertex 2.54497 -4.33161 19.5
    endloop
  endfacet
  facet normal 0.997564 0.0697621 0
    outer loop
      vertex 2.54497 -4.33161 4.4
      vertex 2.54911 -4.39081 19.5
      vertex 2.54911 -4.39081 4.4
    endloop
  endfacet
  facet normal 0.76609 0.642734 0
    outer loop
      vertex 2.95963 -5.35794 19.5
      vertex 2.92149 -5.31248 4.4
      vertex 2.92149 -5.31248 19.5
    endloop
  endfacet
  facet normal 0.76609 0.642734 0
    outer loop
      vertex 2.92149 -5.31248 4.4
      vertex 2.95963 -5.35794 19.5
      vertex 2.95963 -5.35794 4.4
    endloop
  endfacet
  facet normal -0.034886 -0.999391 0
    outer loop
      vertex 4.27231 -2.5429 4.4
      vertex 4.33161 -2.54497 19.5
      vertex 4.27231 -2.5429 19.5
    endloop
  endfacet
  facet normal -0.034886 -0.999391 -0
    outer loop
      vertex 4.33161 -2.54497 19.5
      vertex 4.27231 -2.5429 4.4
      vertex 4.33161 -2.54497 4.4
    endloop
  endfacet
  facet normal 0.034886 -0.999391 0
    outer loop
      vertex 4.15367 -2.54497 4.4
      vertex 4.21297 -2.5429 19.5
      vertex 4.15367 -2.54497 19.5
    endloop
  endfacet
  facet normal 0.034886 -0.999391 0
    outer loop
      vertex 4.21297 -2.5429 19.5
      vertex 4.15367 -2.54497 4.4
      vertex 4.21297 -2.5429 4.4
    endloop
  endfacet
  facet normal -0.275545 -0.961288 0
    outer loop
      vertex 4.68263 -2.60057 4.4
      vertex 4.73967 -2.61692 19.5
      vertex 4.68263 -2.60057 19.5
    endloop
  endfacet
  facet normal -0.275545 -0.961288 -0
    outer loop
      vertex 4.73967 -2.61692 19.5
      vertex 4.68263 -2.60057 4.4
      vertex 4.73967 -2.61692 4.4
    endloop
  endfacet
  facet normal -0.719303 -0.694697 0
    outer loop
      vertex 9.72858 -7.32588 4.4
      vertex 9.68736 -7.2832 19.5
      vertex 9.68736 -7.2832 4.4
    endloop
  endfacet
  facet normal -0.719303 -0.694697 0
    outer loop
      vertex 9.68736 -7.2832 19.5
      vertex 9.72858 -7.32588 4.4
      vertex 9.72858 -7.32588 19.5
    endloop
  endfacet
  facet normal -0.694697 -0.719303 0
    outer loop
      vertex 5.40204 -2.99934 4.4
      vertex 5.44472 -3.04056 19.5
      vertex 5.40204 -2.99934 19.5
    endloop
  endfacet
  facet normal -0.694697 -0.719303 -0
    outer loop
      vertex 5.44472 -3.04056 19.5
      vertex 5.40204 -2.99934 4.4
      vertex 5.44472 -3.04056 4.4
    endloop
  endfacet
  facet normal -0.669151 -0.743127 0
    outer loop
      vertex 5.35794 -2.95963 4.4
      vertex 5.40204 -2.99934 19.5
      vertex 5.35794 -2.95963 19.5
    endloop
  endfacet
  facet normal -0.669151 -0.743127 -0
    outer loop
      vertex 5.40204 -2.99934 19.5
      vertex 5.35794 -2.95963 4.4
      vertex 5.40204 -2.99934 4.4
    endloop
  endfacet
  facet normal -0.719303 0.694697 0
    outer loop
      vertex 9.68736 -9.68736 9.00354
      vertex 9.72858 -9.64468 4.4
      vertex 9.68736 -9.68736 4.4
    endloop
  endfacet
  facet normal -0.719303 0.694697 0
    outer loop
      vertex 9.72858 -9.64468 4.4
      vertex 9.68736 -9.68736 9.00354
      vertex 9.72858 -9.64468 9.00458
    endloop
  endfacet
  facet normal -0.719303 0.694697 0
    outer loop
      vertex 9.68736 -9.68736 9.99646
      vertex 9.72858 -9.64468 15.0046
      vertex 9.72858 -9.64468 9.99542
    endloop
  endfacet
  facet normal -0.719303 0.694697 0
    outer loop
      vertex 9.72858 -9.64468 15.0046
      vertex 9.68736 -9.68736 9.99646
      vertex 9.68736 -9.68736 15.0035
    endloop
  endfacet
  facet normal -0.719303 0.694697 0
    outer loop
      vertex 9.68736 -9.68736 15.9965
      vertex 9.72858 -9.64468 19.5
      vertex 9.72858 -9.64468 15.9954
    endloop
  endfacet
  facet normal -0.719303 0.694697 0
    outer loop
      vertex 9.72858 -9.64468 19.5
      vertex 9.68736 -9.68736 15.9965
      vertex 9.68736 -9.68736 19.5
    endloop
  endfacet
  facet normal -1 0 0
    outer loop
      vertex 10.185 -8.51495 9.42972
      vertex 10.185 -8.45561 4.4
      vertex 10.185 -8.51495 4.4
    endloop
  endfacet
  facet normal -1 0 0
    outer loop
      vertex 10.185 -8.45561 4.4
      vertex 10.185 -8.51495 9.42972
      vertex 10.185 -8.45561 9.46707
    endloop
  endfacet
  facet normal -1 0 0
    outer loop
      vertex 10.185 -8.51495 9.57028
      vertex 10.185 -8.45561 15.4671
      vertex 10.185 -8.45561 9.53293
    endloop
  endfacet
  facet normal -1 0 0
    outer loop
      vertex 10.185 -8.45561 15.4671
      vertex 10.185 -8.51495 9.57028
      vertex 10.185 -8.51495 15.4297
    endloop
  endfacet
  facet normal -1 0 0
    outer loop
      vertex 10.185 -8.51495 15.5703
      vertex 10.185 -8.45561 19.5
      vertex 10.185 -8.45561 15.5329
    endloop
  endfacet
  facet normal -1 -0 0
    outer loop
      vertex 10.185 -8.45561 19.5
      vertex 10.185 -8.51495 15.5703
      vertex 10.185 -8.51495 19.5
    endloop
  endfacet
  facet normal -0.951247 0.308431 0
    outer loop
      vertex 10.0927 -9.03875 9.15658
      vertex 10.111 -8.98231 4.4
      vertex 10.0927 -9.03875 4.4
    endloop
  endfacet
  facet normal -0.951247 0.308431 0
    outer loop
      vertex 10.111 -8.98231 4.4
      vertex 10.0927 -9.03875 9.15658
      vertex 10.111 -8.98231 9.17977
    endloop
  endfacet
  facet normal -0.95073 0.310021 0
    outer loop
      vertex 10.0969 -9.02555 9.838
      vertex 10.111 -8.98231 15.1798
      vertex 10.111 -8.98231 9.82023
    endloop
  endfacet
  facet normal -0.952919 0.303226 6.07746e-05
    outer loop
      vertex 10.0927 -9.03875 9.84342
      vertex 10.111 -8.98231 15.1798
      vertex 10.0969 -9.02555 9.838
    endloop
  endfacet
  facet normal -0.951247 0.308431 0
    outer loop
      vertex 10.111 -8.98231 15.1798
      vertex 10.0927 -9.03875 9.84342
      vertex 10.0927 -9.03875 15.1566
    endloop
  endfacet
  facet normal -0.95073 0.310021 0
    outer loop
      vertex 10.0969 -9.02555 15.838
      vertex 10.111 -8.98231 19.5
      vertex 10.111 -8.98231 15.8202
    endloop
  endfacet
  facet normal -0.952915 0.303237 8.85194e-05
    outer loop
      vertex 10.0927 -9.03875 15.8434
      vertex 10.111 -8.98231 19.5
      vertex 10.0969 -9.02555 15.838
    endloop
  endfacet
  facet normal -0.951247 0.308431 0
    outer loop
      vertex 10.111 -8.98231 19.5
      vertex 10.0927 -9.03875 15.8434
      vertex 10.0927 -9.03875 19.5
    endloop
  endfacet
  facet normal -0.978274 0.207318 0
    outer loop
      vertex 10.1417 -8.8677 9.2318
      vertex 10.154 -8.80966 4.4
      vertex 10.1417 -8.8677 4.4
    endloop
  endfacet
  facet normal -0.978274 0.207318 0
    outer loop
      vertex 10.154 -8.80966 4.4
      vertex 10.1417 -8.8677 9.2318
      vertex 10.154 -8.80966 9.26057
    endloop
  endfacet
  facet normal -0.978274 0.207318 0
    outer loop
      vertex 10.1417 -8.8677 9.7682
      vertex 10.154 -8.80966 15.2606
      vertex 10.154 -8.80966 9.73943
    endloop
  endfacet
  facet normal -0.978274 0.207318 0
    outer loop
      vertex 10.154 -8.80966 15.2606
      vertex 10.1417 -8.8677 9.7682
      vertex 10.1417 -8.8677 15.2318
    endloop
  endfacet
  facet normal -0.978274 0.207318 0
    outer loop
      vertex 10.1417 -8.8677 15.7682
      vertex 10.154 -8.80966 19.5
      vertex 10.154 -8.80966 15.7394
    endloop
  endfacet
  facet normal -0.978274 0.207318 0
    outer loop
      vertex 10.154 -8.80966 19.5
      vertex 10.1417 -8.8677 15.7682
      vertex 10.1417 -8.8677 19.5
    endloop
  endfacet
  facet normal 1 -0 0
    outer loop
      vertex 2.5429 -4.27231 19.5
      vertex 2.5429 -4.21297 4.4
      vertex 2.5429 -4.21297 19.5
    endloop
  endfacet
  facet normal 1 0 0
    outer loop
      vertex 2.5429 -4.21297 4.4
      vertex 2.5429 -4.27231 19.5
      vertex 2.5429 -4.27231 4.4
    endloop
  endfacet
  facet normal 0.951049 0.30904 0
    outer loop
      vertex 2.63526 -4.79611 19.5
      vertex 2.61692 -4.73967 4.4
      vertex 2.61692 -4.73967 19.5
    endloop
  endfacet
  facet normal 0.951049 0.30904 0
    outer loop
      vertex 2.61692 -4.73967 4.4
      vertex 2.63526 -4.79611 19.5
      vertex 2.63526 -4.79611 4.4
    endloop
  endfacet
  facet normal 0.961288 0.275545 0
    outer loop
      vertex 2.61692 -4.73967 19.5
      vertex 2.60057 -4.68263 4.4
      vertex 2.60057 -4.68263 19.5
    endloop
  endfacet
  facet normal 0.961288 0.275545 0
    outer loop
      vertex 2.60057 -4.68263 4.4
      vertex 2.61692 -4.73967 19.5
      vertex 2.61692 -4.73967 4.4
    endloop
  endfacet
  facet normal 0.848074 0.529878 0
    outer loop
      vertex 2.8169 -5.16853 19.5
      vertex 2.78546 -5.11821 4.4
      vertex 2.78546 -5.11821 19.5
    endloop
  endfacet
  facet normal 0.848074 0.529878 0
    outer loop
      vertex 2.78546 -5.11821 4.4
      vertex 2.8169 -5.16853 19.5
      vertex 2.8169 -5.16853 4.4
    endloop
  endfacet
  facet normal 0.882959 0.469451 0
    outer loop
      vertex 2.75579 -5.06682 19.5
      vertex 2.72793 -5.01442 4.4
      vertex 2.72793 -5.01442 19.5
    endloop
  endfacet
  facet normal 0.882959 0.469451 0
    outer loop
      vertex 2.72793 -5.01442 4.4
      vertex 2.75579 -5.06682 19.5
      vertex 2.75579 -5.06682 4.4
    endloop
  endfacet
  facet normal -0.438361 -0.898799 0
    outer loop
      vertex 4.96109 -2.70192 4.4
      vertex 5.01442 -2.72793 19.5
      vertex 4.96109 -2.70192 19.5
    endloop
  endfacet
  facet normal -0.438361 -0.898799 -0
    outer loop
      vertex 5.01442 -2.72793 19.5
      vertex 4.96109 -2.70192 4.4
      vertex 5.01442 -2.72793 4.4
    endloop
  endfacet
  facet normal -0.559204 -0.82903 0
    outer loop
      vertex 5.16853 -2.8169 4.4
      vertex 5.21772 -2.85008 19.5
      vertex 5.16853 -2.8169 19.5
    endloop
  endfacet
  facet normal -0.559204 -0.82903 -0
    outer loop
      vertex 5.21772 -2.85008 19.5
      vertex 5.16853 -2.8169 4.4
      vertex 5.21772 -2.85008 4.4
    endloop
  endfacet
  facet normal -0.30904 -0.951049 0
    outer loop
      vertex 4.73967 -2.61692 4.4
      vertex 4.79611 -2.63526 19.5
      vertex 4.73967 -2.61692 19.5
    endloop
  endfacet
  facet normal -0.30904 -0.951049 -0
    outer loop
      vertex 4.79611 -2.63526 19.5
      vertex 4.73967 -2.61692 4.4
      vertex 4.79611 -2.63526 4.4
    endloop
  endfacet
  facet normal -0.984526 -0.175237 0
    outer loop
      vertex 10.1644 -8.21934 4.4
      vertex 10.154 -8.16091 19.5
      vertex 10.154 -8.16091 4.4
    endloop
  endfacet
  facet normal -0.984526 -0.175237 0
    outer loop
      vertex 10.154 -8.16091 19.5
      vertex 10.1644 -8.21934 4.4
      vertex 10.1644 -8.21934 19.5
    endloop
  endfacet
  facet normal -0.743127 0.669151 0
    outer loop
      vertex 9.72858 -9.64468 9.00458
      vertex 9.76829 -9.60058 4.4
      vertex 9.72858 -9.64468 4.4
    endloop
  endfacet
  facet normal -0.743127 0.669151 0
    outer loop
      vertex 9.76829 -9.60058 4.4
      vertex 9.72858 -9.64468 9.00458
      vertex 9.76829 -9.60058 9.00768
    endloop
  endfacet
  facet normal -0.743127 0.669151 0
    outer loop
      vertex 9.72858 -9.64468 9.99542
      vertex 9.76829 -9.60058 15.0077
      vertex 9.76829 -9.60058 9.99232
    endloop
  endfacet
  facet normal -0.743127 0.669151 0
    outer loop
      vertex 9.76829 -9.60058 15.0077
      vertex 9.72858 -9.64468 9.99542
      vertex 9.72858 -9.64468 15.0046
    endloop
  endfacet
  facet normal -0.743127 0.669151 0
    outer loop
      vertex 9.72858 -9.64468 15.9954
      vertex 9.76829 -9.60058 19.5
      vertex 9.76829 -9.60058 15.9923
    endloop
  endfacet
  facet normal -0.743127 0.669151 0
    outer loop
      vertex 9.76829 -9.60058 19.5
      vertex 9.72858 -9.64468 15.9954
      vertex 9.72858 -9.64468 19.5
    endloop
  endfacet
  facet normal -0.76602 0.642817 0
    outer loop
      vertex 9.76829 -9.60058 9.00768
      vertex 9.80643 -9.55513 4.4
      vertex 9.76829 -9.60058 4.4
    endloop
  endfacet
  facet normal -0.76602 0.642817 0
    outer loop
      vertex 9.80643 -9.55513 4.4
      vertex 9.76829 -9.60058 9.00768
      vertex 9.80643 -9.55513 9.01286
    endloop
  endfacet
  facet normal -0.76602 0.642817 0
    outer loop
      vertex 9.76829 -9.60058 9.99232
      vertex 9.80643 -9.55513 15.0129
      vertex 9.80643 -9.55513 9.98714
    endloop
  endfacet
  facet normal -0.76602 0.642817 0
    outer loop
      vertex 9.80643 -9.55513 15.0129
      vertex 9.76829 -9.60058 9.99232
      vertex 9.76829 -9.60058 15.0077
    endloop
  endfacet
  facet normal -0.76602 0.642817 0
    outer loop
      vertex 9.76829 -9.60058 15.9923
      vertex 9.80643 -9.55513 19.5
      vertex 9.80643 -9.55513 15.9871
    endloop
  endfacet
  facet normal -0.76602 0.642817 0
    outer loop
      vertex 9.80643 -9.55513 19.5
      vertex 9.76829 -9.60058 15.9923
      vertex 9.76829 -9.60058 19.5
    endloop
  endfacet
  facet normal -0.866099 0.499873 0
    outer loop
      vertex 9.94247 -9.36085 9.04801
      vertex 9.97213 -9.30946 4.4
      vertex 9.94247 -9.36085 4.4
    endloop
  endfacet
  facet normal -0.866099 0.499873 0
    outer loop
      vertex 9.97213 -9.30946 4.4
      vertex 9.94247 -9.36085 9.04801
      vertex 9.97213 -9.30946 9.06136
    endloop
  endfacet
  facet normal -0.866099 0.499873 0
    outer loop
      vertex 9.94247 -9.36085 9.95199
      vertex 9.97213 -9.30946 15.0614
      vertex 9.97213 -9.30946 9.93864
    endloop
  endfacet
  facet normal -0.866099 0.499873 0
    outer loop
      vertex 9.97213 -9.30946 15.0614
      vertex 9.94247 -9.36085 9.95199
      vertex 9.94247 -9.36085 15.048
    endloop
  endfacet
  facet normal -0.866099 0.499873 0
    outer loop
      vertex 9.94247 -9.36085 15.952
      vertex 9.97213 -9.30946 19.5
      vertex 9.97213 -9.30946 15.9386
    endloop
  endfacet
  facet normal -0.866099 0.499873 0
    outer loop
      vertex 9.97213 -9.30946 19.5
      vertex 9.94247 -9.36085 15.952
      vertex 9.94247 -9.36085 19.5
    endloop
  endfacet
  facet normal -0.898799 0.438361 0
    outer loop
      vertex 9.99999 -9.25706 9.07672
      vertex 10.026 -9.20373 4.4
      vertex 9.99999 -9.25706 4.4
    endloop
  endfacet
  facet normal -0.898799 0.438361 0
    outer loop
      vertex 10.026 -9.20373 4.4
      vertex 9.99999 -9.25706 9.07672
      vertex 10.026 -9.20373 9.09407
    endloop
  endfacet
  facet normal -0.898799 0.438361 0
    outer loop
      vertex 9.99999 -9.25706 9.92328
      vertex 10.026 -9.20373 15.0941
      vertex 10.026 -9.20373 9.90593
    endloop
  endfacet
  facet normal -0.898799 0.438361 0
    outer loop
      vertex 10.026 -9.20373 15.0941
      vertex 9.99999 -9.25706 9.92328
      vertex 9.99999 -9.25706 15.0767
    endloop
  endfacet
  facet normal -0.898799 0.438361 0
    outer loop
      vertex 9.99999 -9.25706 15.9233
      vertex 10.026 -9.20373 19.5
      vertex 10.026 -9.20373 15.9059
    endloop
  endfacet
  facet normal -0.898799 0.438361 0
    outer loop
      vertex 10.026 -9.20373 19.5
      vertex 9.99999 -9.25706 15.9233
      vertex 9.99999 -9.25706 19.5
    endloop
  endfacet
  facet normal -0.997493 0.0707681 0
    outer loop
      vertex 10.1788 -8.63345 9.3575
      vertex 10.183 -8.57425 4.4
      vertex 10.1788 -8.63345 4.4
    endloop
  endfacet
  facet normal -0.997493 0.0707681 0
    outer loop
      vertex 10.183 -8.57425 4.4
      vertex 10.1788 -8.63345 9.3575
      vertex 10.183 -8.57425 9.39321
    endloop
  endfacet
  facet normal -0.997493 0.0707681 0
    outer loop
      vertex 10.1788 -8.63345 9.6425
      vertex 10.183 -8.57425 15.3932
      vertex 10.183 -8.57425 9.60679
    endloop
  endfacet
  facet normal -0.997493 0.0707681 0
    outer loop
      vertex 10.183 -8.57425 15.3932
      vertex 10.1788 -8.63345 9.6425
      vertex 10.1788 -8.63345 15.3575
    endloop
  endfacet
  facet normal -0.997493 0.0707681 0
    outer loop
      vertex 10.1788 -8.63345 15.6425
      vertex 10.183 -8.57425 19.5
      vertex 10.183 -8.57425 15.6068
    endloop
  endfacet
  facet normal -0.997493 0.0707681 0
    outer loop
      vertex 10.183 -8.57425 19.5
      vertex 10.1788 -8.63345 15.6425
      vertex 10.1788 -8.63345 19.5
    endloop
  endfacet
  facet normal -0.91377 0.406232 0
    outer loop
      vertex 10.026 -9.20373 9.09407
      vertex 10.0501 -9.14952 4.4
      vertex 10.026 -9.20373 4.4
    endloop
  endfacet
  facet normal -0.91377 0.406232 0
    outer loop
      vertex 10.0501 -9.14952 4.4
      vertex 10.026 -9.20373 9.09407
      vertex 10.0501 -9.14952 9.11339
    endloop
  endfacet
  facet normal -0.91377 0.406232 0
    outer loop
      vertex 10.026 -9.20373 9.90593
      vertex 10.0501 -9.14952 15.1134
      vertex 10.0501 -9.14952 9.88661
    endloop
  endfacet
  facet normal -0.91377 0.406232 0
    outer loop
      vertex 10.0501 -9.14952 15.1134
      vertex 10.026 -9.20373 9.90593
      vertex 10.026 -9.20373 15.0941
    endloop
  endfacet
  facet normal -0.91377 0.406232 0
    outer loop
      vertex 10.026 -9.20373 15.9059
      vertex 10.0501 -9.14952 19.5
      vertex 10.0501 -9.14952 15.8866
    endloop
  endfacet
  facet normal -0.91377 0.406232 0
    outer loop
      vertex 10.0501 -9.14952 19.5
      vertex 10.026 -9.20373 15.9059
      vertex 10.026 -9.20373 19.5
    endloop
  endfacet
  facet normal -0.926813 0.375524 0
    outer loop
      vertex 10.0724 -9.09451 4.4
      vertex 10.058 -9.13005 9.12092
      vertex 10.0724 -9.09451 9.13466
    endloop
  endfacet
  facet normal -0.926747 0.375686 0
    outer loop
      vertex 10.0501 -9.14952 9.11339
      vertex 10.0724 -9.09451 4.4
      vertex 10.0501 -9.14952 4.4
    endloop
  endfacet
  facet normal -0.926628 0.37598 4.00067e-06
    outer loop
      vertex 10.0724 -9.09451 4.4
      vertex 10.0501 -9.14952 9.11339
      vertex 10.058 -9.13005 9.12092
    endloop
  endfacet
  facet normal -0.926813 0.375524 0
    outer loop
      vertex 10.0724 -9.09451 9.86534
      vertex 10.058 -9.13005 15.1209
      vertex 10.0724 -9.09451 15.1347
    endloop
  endfacet
  facet normal -0.926747 0.375686 1.27915e-06
    outer loop
      vertex 10.0501 -9.14952 9.88661
      vertex 10.058 -9.13005 15.1209
      vertex 10.0724 -9.09451 9.86534
    endloop
  endfacet
  facet normal -0.926627 0.375981 0
    outer loop
      vertex 10.058 -9.13005 15.1209
      vertex 10.0501 -9.14952 9.88661
      vertex 10.0501 -9.14952 15.1134
    endloop
  endfacet
  facet normal -0.926747 0.375686 0
    outer loop
      vertex 10.0501 -9.14952 15.8866
      vertex 10.0724 -9.09451 19.5
      vertex 10.0724 -9.09451 15.8653
    endloop
  endfacet
  facet normal -0.926747 0.375686 0
    outer loop
      vertex 10.0724 -9.09451 19.5
      vertex 10.0501 -9.14952 15.8866
      vertex 10.0501 -9.14952 19.5
    endloop
  endfacet
  facet normal -0.961065 0.276323 0
    outer loop
      vertex 10.111 -8.98231 9.17977
      vertex 10.1274 -8.92527 4.4
      vertex 10.111 -8.98231 4.4
    endloop
  endfacet
  facet normal -0.961065 0.276323 0
    outer loop
      vertex 10.1274 -8.92527 4.4
      vertex 10.111 -8.98231 9.17977
      vertex 10.1274 -8.92527 9.20485
    endloop
  endfacet
  facet normal -0.961065 0.276323 0
    outer loop
      vertex 10.111 -8.98231 9.82023
      vertex 10.1274 -8.92527 15.2049
      vertex 10.1274 -8.92527 9.79515
    endloop
  endfacet
  facet normal -0.961065 0.276323 0
    outer loop
      vertex 10.1274 -8.92527 15.2049
      vertex 10.111 -8.98231 9.82023
      vertex 10.111 -8.98231 15.1798
    endloop
  endfacet
  facet normal -0.961065 0.276323 0
    outer loop
      vertex 10.111 -8.98231 15.8202
      vertex 10.1274 -8.92527 19.5
      vertex 10.1274 -8.92527 15.7951
    endloop
  endfacet
  facet normal -0.961065 0.276323 0
    outer loop
      vertex 10.1274 -8.92527 19.5
      vertex 10.111 -8.98231 15.8202
      vertex 10.111 -8.98231 19.5
    endloop
  endfacet
  facet normal -0.990403 0.138211 0
    outer loop
      vertex 10.1644 -8.75122 9.29113
      vertex 10.1726 -8.69246 4.4
      vertex 10.1644 -8.75122 4.4
    endloop
  endfacet
  facet normal -0.990403 0.138211 0
    outer loop
      vertex 10.1726 -8.69246 4.4
      vertex 10.1644 -8.75122 9.29113
      vertex 10.1726 -8.69246 9.32346
    endloop
  endfacet
  facet normal -0.990403 0.138211 0
    outer loop
      vertex 10.1644 -8.75122 9.70887
      vertex 10.1726 -8.69246 15.3235
      vertex 10.1726 -8.69246 9.67654
    endloop
  endfacet
  facet normal -0.990403 0.138211 0
    outer loop
      vertex 10.1726 -8.69246 15.3235
      vertex 10.1644 -8.75122 9.70887
      vertex 10.1644 -8.75122 15.2911
    endloop
  endfacet
  facet normal -0.990403 0.138211 0
    outer loop
      vertex 10.1644 -8.75122 15.7089
      vertex 10.1726 -8.69246 19.5
      vertex 10.1726 -8.69246 15.6765
    endloop
  endfacet
  facet normal -0.990403 0.138211 0
    outer loop
      vertex 10.1726 -8.69246 19.5
      vertex 10.1644 -8.75122 15.7089
      vertex 10.1644 -8.75122 19.5
    endloop
  endfacet
  facet normal -0.994526 0.104492 0
    outer loop
      vertex 10.1726 -8.69246 9.32346
      vertex 10.1788 -8.63345 4.4
      vertex 10.1726 -8.69246 4.4
    endloop
  endfacet
  facet normal -0.994526 0.104492 0
    outer loop
      vertex 10.1788 -8.63345 4.4
      vertex 10.1726 -8.69246 9.32346
      vertex 10.1788 -8.63345 9.3575
    endloop
  endfacet
  facet normal -0.994526 0.104492 0
    outer loop
      vertex 10.1726 -8.69246 9.67654
      vertex 10.1788 -8.63345 15.3575
      vertex 10.1788 -8.63345 9.6425
    endloop
  endfacet
  facet normal -0.994526 0.104492 0
    outer loop
      vertex 10.1788 -8.63345 15.3575
      vertex 10.1726 -8.69246 9.67654
      vertex 10.1726 -8.69246 15.3235
    endloop
  endfacet
  facet normal -0.994526 0.104492 0
    outer loop
      vertex 10.1726 -8.69246 15.6765
      vertex 10.1788 -8.63345 19.5
      vertex 10.1788 -8.63345 15.6425
    endloop
  endfacet
  facet normal -0.994526 0.104492 0
    outer loop
      vertex 10.1788 -8.63345 19.5
      vertex 10.1726 -8.69246 15.6765
      vertex 10.1726 -8.69246 19.5
    endloop
  endfacet
  facet normal 0.694697 0.719303 -0
    outer loop
      vertex 7.32588 -9.72858 4.4
      vertex 7.2832 -9.68736 19.5
      vertex 7.32588 -9.72858 19.5
    endloop
  endfacet
  facet normal 0.694697 0.719303 0
    outer loop
      vertex 7.2832 -9.68736 19.5
      vertex 7.32588 -9.72858 4.4
      vertex 7.2832 -9.68736 4.4
    endloop
  endfacet
  facet normal -0.104492 0.994526 0
    outer loop
      vertex 8.63345 -10.1788 4.4
      vertex 8.69246 -10.1726 9.32346
      vertex 8.69246 -10.1726 4.4
    endloop
  endfacet
  facet normal -0.104492 0.994526 0
    outer loop
      vertex 8.69246 -10.1726 9.32346
      vertex 8.63345 -10.1788 4.4
      vertex 8.63345 -10.1788 9.3575
    endloop
  endfacet
  facet normal -0.104492 0.994526 0
    outer loop
      vertex 8.69246 -10.1726 9.67654
      vertex 8.63345 -10.1788 15.3575
      vertex 8.69246 -10.1726 15.3235
    endloop
  endfacet
  facet normal -0.104492 0.994526 0
    outer loop
      vertex 8.63345 -10.1788 15.3575
      vertex 8.69246 -10.1726 9.67654
      vertex 8.63345 -10.1788 9.6425
    endloop
  endfacet
  facet normal -0.104492 0.994526 0
    outer loop
      vertex 8.69246 -10.1726 15.6765
      vertex 8.63345 -10.1788 19.5
      vertex 8.69246 -10.1726 19.5
    endloop
  endfacet
  facet normal -0.104492 0.994526 0
    outer loop
      vertex 8.63345 -10.1788 19.5
      vertex 8.69246 -10.1726 15.6765
      vertex 8.63345 -10.1788 15.6425
    endloop
  endfacet
  facet normal 0.615631 0.788035 -0
    outer loop
      vertex 7.4622 -9.84296 4.4
      vertex 7.41544 -9.80643 19.5
      vertex 7.4622 -9.84296 19.5
    endloop
  endfacet
  facet normal 0.615631 0.788035 0
    outer loop
      vertex 7.41544 -9.80643 19.5
      vertex 7.4622 -9.84296 4.4
      vertex 7.41544 -9.80643 4.4
    endloop
  endfacet
  facet normal 0.559204 0.82903 -0
    outer loop
      vertex 7.55939 -9.91102 4.4
      vertex 7.5102 -9.87784 19.5
      vertex 7.55939 -9.91102 19.5
    endloop
  endfacet
  facet normal 0.559204 0.82903 0
    outer loop
      vertex 7.5102 -9.87784 19.5
      vertex 7.55939 -9.91102 4.4
      vertex 7.5102 -9.87784 4.4
    endloop
  endfacet
  facet normal 0.999391 0.034886 0
    outer loop
      vertex 2.54497 -4.33161 19.5
      vertex 2.5429 -4.27231 4.4
      vertex 2.5429 -4.27231 19.5
    endloop
  endfacet
  facet normal 0.999391 0.034886 0
    outer loop
      vertex 2.5429 -4.27231 4.4
      vertex 2.54497 -4.33161 19.5
      vertex 2.54497 -4.33161 4.4
    endloop
  endfacet
  facet normal 0.93972 0.341946 0
    outer loop
      vertex 2.65555 -4.85187 19.5
      vertex 2.63526 -4.79611 4.4
      vertex 2.63526 -4.79611 19.5
    endloop
  endfacet
  facet normal 0.93972 0.341946 0
    outer loop
      vertex 2.63526 -4.79611 4.4
      vertex 2.65555 -4.85187 19.5
      vertex 2.65555 -4.85187 4.4
    endloop
  endfacet
  facet normal 0.984821 0.173574 0
    outer loop
      vertex 2.57387 -4.56702 19.5
      vertex 2.56357 -4.50858 4.4
      vertex 2.56357 -4.50858 19.5
    endloop
  endfacet
  facet normal 0.984821 0.173574 0
    outer loop
      vertex 2.56357 -4.50858 4.4
      vertex 2.57387 -4.56702 19.5
      vertex 2.57387 -4.56702 4.4
    endloop
  endfacet
  facet normal 0.994526 0.104492 0
    outer loop
      vertex 2.55531 -4.44982 19.5
      vertex 2.54911 -4.39081 4.4
      vertex 2.54911 -4.39081 19.5
    endloop
  endfacet
  facet normal 0.994526 0.104492 0
    outer loop
      vertex 2.54911 -4.39081 4.4
      vertex 2.55531 -4.44982 19.5
      vertex 2.55531 -4.44982 4.4
    endloop
  endfacet
  facet normal 0.990264 0.139203 0
    outer loop
      vertex 2.56357 -4.50858 19.5
      vertex 2.55531 -4.44982 4.4
      vertex 2.55531 -4.44982 19.5
    endloop
  endfacet
  facet normal 0.990264 0.139203 0
    outer loop
      vertex 2.55531 -4.44982 4.4
      vertex 2.56357 -4.50858 19.5
      vertex 2.56357 -4.50858 4.4
    endloop
  endfacet
  facet normal 0.927157 0.374672 0
    outer loop
      vertex 2.67778 -4.90688 19.5
      vertex 2.65555 -4.85187 4.4
      vertex 2.65555 -4.85187 19.5
    endloop
  endfacet
  facet normal 0.927157 0.374672 0
    outer loop
      vertex 2.65555 -4.85187 4.4
      vertex 2.67778 -4.90688 19.5
      vertex 2.67778 -4.90688 4.4
    endloop
  endfacet
  facet normal 0.898799 0.438361 0
    outer loop
      vertex 2.72793 -5.01442 19.5
      vertex 2.70192 -4.96109 4.4
      vertex 2.70192 -4.96109 19.5
    endloop
  endfacet
  facet normal 0.898799 0.438361 0
    outer loop
      vertex 2.70192 -4.96109 4.4
      vertex 2.72793 -5.01442 19.5
      vertex 2.72793 -5.01442 4.4
    endloop
  endfacet
  facet normal 0.866026 0.5 0
    outer loop
      vertex 2.78546 -5.11821 19.5
      vertex 2.75579 -5.06682 4.4
      vertex 2.75579 -5.06682 19.5
    endloop
  endfacet
  facet normal 0.866026 0.5 0
    outer loop
      vertex 2.75579 -5.06682 4.4
      vertex 2.78546 -5.11821 19.5
      vertex 2.78546 -5.11821 4.4
    endloop
  endfacet
  facet normal 0.809027 0.587771 0
    outer loop
      vertex 2.88496 -5.26573 19.5
      vertex 2.85008 -5.21772 4.4
      vertex 2.85008 -5.21772 19.5
    endloop
  endfacet
  facet normal 0.809027 0.587771 0
    outer loop
      vertex 2.85008 -5.21772 4.4
      vertex 2.88496 -5.26573 19.5
      vertex 2.88496 -5.26573 4.4
    endloop
  endfacet
  facet normal 0.82903 0.559204 0
    outer loop
      vertex 2.85008 -5.21772 19.5
      vertex 2.8169 -5.16853 4.4
      vertex 2.8169 -5.16853 19.5
    endloop
  endfacet
  facet normal 0.82903 0.559204 0
    outer loop
      vertex 2.8169 -5.16853 4.4
      vertex 2.85008 -5.21772 19.5
      vertex 2.85008 -5.21772 4.4
    endloop
  endfacet
  facet normal 0.743127 0.669151 0
    outer loop
      vertex 2.99934 -5.40204 19.5
      vertex 2.95963 -5.35794 4.4
      vertex 2.95963 -5.35794 19.5
    endloop
  endfacet
  facet normal 0.743127 0.669151 0
    outer loop
      vertex 2.95963 -5.35794 4.4
      vertex 2.99934 -5.40204 19.5
      vertex 2.99934 -5.40204 4.4
    endloop
  endfacet
  facet normal 0.719303 0.694697 0
    outer loop
      vertex 3.04056 -5.44472 19.5
      vertex 2.99934 -5.40204 4.4
      vertex 2.99934 -5.40204 19.5
    endloop
  endfacet
  facet normal 0.719303 0.694697 0
    outer loop
      vertex 2.99934 -5.40204 4.4
      vertex 3.04056 -5.44472 19.5
      vertex 3.04056 -5.44472 4.4
    endloop
  endfacet
  facet normal 0.999391 -0.034886 0
    outer loop
      vertex 2.5429 -4.21297 19.5
      vertex 2.54497 -4.15367 4.4
      vertex 2.54497 -4.15367 19.5
    endloop
  endfacet
  facet normal 0.999391 -0.034886 0
    outer loop
      vertex 2.54497 -4.15367 4.4
      vertex 2.5429 -4.21297 19.5
      vertex 2.5429 -4.21297 4.4
    endloop
  endfacet
  facet normal 0.997563 -0.0697738 0
    outer loop
      vertex 2.54497 -4.15367 19.5
      vertex 2.54911 -4.09448 4.4
      vertex 2.54911 -4.09448 19.5
    endloop
  endfacet
  facet normal 0.997563 -0.0697738 0
    outer loop
      vertex 2.54911 -4.09448 4.4
      vertex 2.54497 -4.15367 19.5
      vertex 2.54497 -4.15367 4.4
    endloop
  endfacet
  facet normal 0.0697738 -0.997563 0
    outer loop
      vertex 4.09448 -2.54911 4.4
      vertex 4.15367 -2.54497 19.5
      vertex 4.09448 -2.54911 19.5
    endloop
  endfacet
  facet normal 0.0697738 -0.997563 0
    outer loop
      vertex 4.15367 -2.54497 19.5
      vertex 4.09448 -2.54911 4.4
      vertex 4.15367 -2.54497 4.4
    endloop
  endfacet
  facet normal 0 -1 0
    outer loop
      vertex 4.21297 -2.5429 4.4
      vertex 4.27231 -2.5429 19.5
      vertex 4.21297 -2.5429 19.5
    endloop
  endfacet
  facet normal 0 -1 -0
    outer loop
      vertex 4.27231 -2.5429 19.5
      vertex 4.21297 -2.5429 4.4
      vertex 4.27231 -2.5429 4.4
    endloop
  endfacet
  facet normal -0.139203 -0.990264 0
    outer loop
      vertex 4.44982 -2.55531 4.4
      vertex 4.50858 -2.56357 19.5
      vertex 4.44982 -2.55531 19.5
    endloop
  endfacet
  facet normal -0.139203 -0.990264 -0
    outer loop
      vertex 4.50858 -2.56357 19.5
      vertex 4.44982 -2.55531 4.4
      vertex 4.50858 -2.56357 4.4
    endloop
  endfacet
  facet normal -0.104492 -0.994526 0
    outer loop
      vertex 4.39081 -2.54911 4.4
      vertex 4.44982 -2.55531 19.5
      vertex 4.39081 -2.54911 19.5
    endloop
  endfacet
  facet normal -0.104492 -0.994526 -0
    outer loop
      vertex 4.44982 -2.55531 19.5
      vertex 4.39081 -2.54911 4.4
      vertex 4.44982 -2.55531 4.4
    endloop
  endfacet
  facet normal -0.0697621 -0.997564 0
    outer loop
      vertex 4.33161 -2.54497 4.4
      vertex 4.39081 -2.54911 19.5
      vertex 4.33161 -2.54497 19.5
    endloop
  endfacet
  facet normal -0.0697621 -0.997564 -0
    outer loop
      vertex 4.39081 -2.54911 19.5
      vertex 4.33161 -2.54497 4.4
      vertex 4.39081 -2.54911 4.4
    endloop
  endfacet
  facet normal -0.615713 -0.787971 0
    outer loop
      vertex 5.26573 -2.88496 4.4
      vertex 5.31248 -2.92149 19.5
      vertex 5.26573 -2.88496 19.5
    endloop
  endfacet
  facet normal -0.615713 -0.787971 -0
    outer loop
      vertex 5.31248 -2.92149 19.5
      vertex 5.26573 -2.88496 4.4
      vertex 5.31248 -2.92149 4.4
    endloop
  endfacet
  facet normal -0.406795 -0.913519 0
    outer loop
      vertex 4.90688 -2.67778 4.4
      vertex 4.96109 -2.70192 19.5
      vertex 4.90688 -2.67778 19.5
    endloop
  endfacet
  facet normal -0.406795 -0.913519 -0
    outer loop
      vertex 4.96109 -2.70192 19.5
      vertex 4.90688 -2.67778 4.4
      vertex 4.96109 -2.70192 4.4
    endloop
  endfacet
  facet normal -0.24202 -0.970271 0
    outer loop
      vertex 4.62506 -2.58621 4.4
      vertex 4.68263 -2.60057 19.5
      vertex 4.62506 -2.58621 19.5
    endloop
  endfacet
  facet normal -0.24202 -0.970271 -0
    outer loop
      vertex 4.68263 -2.60057 19.5
      vertex 4.62506 -2.58621 4.4
      vertex 4.68263 -2.60057 4.4
    endloop
  endfacet
  facet normal -0.173574 -0.984821 0
    outer loop
      vertex 4.50858 -2.56357 4.4
      vertex 4.56702 -2.57387 19.5
      vertex 4.50858 -2.56357 19.5
    endloop
  endfacet
  facet normal -0.173574 -0.984821 -0
    outer loop
      vertex 4.56702 -2.57387 19.5
      vertex 4.50858 -2.56357 4.4
      vertex 4.56702 -2.57387 4.4
    endloop
  endfacet
  facet normal -0.997492 -0.07078 0
    outer loop
      vertex 10.183 -8.39631 4.4
      vertex 10.1788 -8.33712 19.5
      vertex 10.1788 -8.33712 4.4
    endloop
  endfacet
  facet normal -0.997492 -0.07078 0
    outer loop
      vertex 10.1788 -8.33712 19.5
      vertex 10.183 -8.39631 4.4
      vertex 10.183 -8.39631 19.5
    endloop
  endfacet
  facet normal -0.994528 -0.104474 0
    outer loop
      vertex 10.1788 -8.33712 4.4
      vertex 10.1726 -8.2781 19.5
      vertex 10.1726 -8.2781 4.4
    endloop
  endfacet
  facet normal -0.994528 -0.104474 0
    outer loop
      vertex 10.1726 -8.2781 19.5
      vertex 10.1788 -8.33712 4.4
      vertex 10.1788 -8.33712 19.5
    endloop
  endfacet
  facet normal -0.82903 -0.559204 0
    outer loop
      vertex 9.91102 -7.55939 4.4
      vertex 9.87784 -7.5102 19.5
      vertex 9.87784 -7.5102 4.4
    endloop
  endfacet
  facet normal -0.82903 -0.559204 0
    outer loop
      vertex 9.87784 -7.5102 19.5
      vertex 9.91102 -7.55939 4.4
      vertex 9.91102 -7.55939 19.5
    endloop
  endfacet
  facet normal -0.743127 -0.669151 0
    outer loop
      vertex 9.76829 -7.36998 4.4
      vertex 9.72858 -7.32588 19.5
      vertex 9.72858 -7.32588 4.4
    endloop
  endfacet
  facet normal -0.743127 -0.669151 0
    outer loop
      vertex 9.72858 -7.32588 19.5
      vertex 9.76829 -7.36998 4.4
      vertex 9.76829 -7.36998 19.5
    endloop
  endfacet
  facet normal -0.669151 0.743127 0
    outer loop
      vertex 9.60058 -9.76829 4.4
      vertex 9.64468 -9.72858 9.00458
      vertex 9.64468 -9.72858 4.4
    endloop
  endfacet
  facet normal -0.669151 0.743127 0
    outer loop
      vertex 9.64468 -9.72858 9.00458
      vertex 9.60058 -9.76829 4.4
      vertex 9.60058 -9.76829 9.00768
    endloop
  endfacet
  facet normal -0.669151 0.743127 0
    outer loop
      vertex 9.64468 -9.72858 9.99542
      vertex 9.60058 -9.76829 15.0077
      vertex 9.64468 -9.72858 15.0046
    endloop
  endfacet
  facet normal -0.669151 0.743127 0
    outer loop
      vertex 9.60058 -9.76829 15.0077
      vertex 9.64468 -9.72858 9.99542
      vertex 9.60058 -9.76829 9.99232
    endloop
  endfacet
  facet normal -0.669151 0.743127 0
    outer loop
      vertex 9.64468 -9.72858 15.9954
      vertex 9.60058 -9.76829 19.5
      vertex 9.64468 -9.72858 19.5
    endloop
  endfacet
  facet normal -0.669151 0.743127 0
    outer loop
      vertex 9.60058 -9.76829 19.5
      vertex 9.64468 -9.72858 15.9954
      vertex 9.60058 -9.76829 15.9923
    endloop
  endfacet
  facet normal -0.615631 0.788035 0
    outer loop
      vertex 9.50837 -9.84296 4.4
      vertex 9.55513 -9.80643 9.01286
      vertex 9.55513 -9.80643 4.4
    endloop
  endfacet
  facet normal -0.615631 0.788035 0
    outer loop
      vertex 9.55513 -9.80643 9.01286
      vertex 9.50837 -9.84296 4.4
      vertex 9.50837 -9.84296 9.02009
    endloop
  endfacet
  facet normal -0.615631 0.788035 0
    outer loop
      vertex 9.55513 -9.80643 9.98714
      vertex 9.50837 -9.84296 15.0201
      vertex 9.55513 -9.80643 15.0129
    endloop
  endfacet
  facet normal -0.615631 0.788035 0
    outer loop
      vertex 9.50837 -9.84296 15.0201
      vertex 9.55513 -9.80643 9.98714
      vertex 9.50837 -9.84296 9.97991
    endloop
  endfacet
  facet normal -0.615631 0.788035 0
    outer loop
      vertex 9.55513 -9.80643 15.9871
      vertex 9.50837 -9.84296 19.5
      vertex 9.55513 -9.80643 19.5
    endloop
  endfacet
  facet normal -0.615631 0.788035 0
    outer loop
      vertex 9.50837 -9.84296 19.5
      vertex 9.55513 -9.80643 15.9871
      vertex 9.50837 -9.84296 15.9799
    endloop
  endfacet
  facet normal -0.642817 0.76602 0
    outer loop
      vertex 9.55513 -9.80643 4.4
      vertex 9.60058 -9.76829 9.00768
      vertex 9.60058 -9.76829 4.4
    endloop
  endfacet
  facet normal -0.642817 0.76602 0
    outer loop
      vertex 9.60058 -9.76829 9.00768
      vertex 9.55513 -9.80643 4.4
      vertex 9.55513 -9.80643 9.01286
    endloop
  endfacet
  facet normal -0.642817 0.76602 0
    outer loop
      vertex 9.60058 -9.76829 9.99232
      vertex 9.55513 -9.80643 15.0129
      vertex 9.60058 -9.76829 15.0077
    endloop
  endfacet
  facet normal -0.642817 0.76602 0
    outer loop
      vertex 9.55513 -9.80643 15.0129
      vertex 9.60058 -9.76829 9.99232
      vertex 9.55513 -9.80643 9.98714
    endloop
  endfacet
  facet normal -0.642817 0.76602 0
    outer loop
      vertex 9.60058 -9.76829 15.9923
      vertex 9.55513 -9.80643 19.5
      vertex 9.60058 -9.76829 19.5
    endloop
  endfacet
  facet normal -0.642817 0.76602 0
    outer loop
      vertex 9.55513 -9.80643 19.5
      vertex 9.60058 -9.76829 15.9923
      vertex 9.55513 -9.80643 15.9871
    endloop
  endfacet
  facet normal -0.558816 0.829292 -5.993e-06
    outer loop
      vertex 9.41117 -9.91102 4.4
      vertex 9.45061 -9.88441 9.02924
      vertex 9.46036 -9.87784 9.0274
    endloop
  endfacet
  facet normal -0.559204 0.82903 0
    outer loop
      vertex 9.41117 -9.91102 4.4
      vertex 9.46036 -9.87784 9.0274
      vertex 9.46036 -9.87784 4.4
    endloop
  endfacet
  facet normal -0.5593 0.828966 0
    outer loop
      vertex 9.45061 -9.88441 9.02924
      vertex 9.41117 -9.91102 4.4
      vertex 9.41117 -9.91102 9.03668
    endloop
  endfacet
  facet normal 0.537934 -0.83327 -0.127627
    outer loop
      vertex 9.46036 -9.87784 15.0274
      vertex 9.41117 -9.91102 15.0367
      vertex 9.45061 -9.88441 15.0292
    endloop
  endfacet
  facet normal -0.559204 0.82903 0
    outer loop
      vertex 9.46036 -9.87784 9.9726
      vertex 9.41117 -9.91102 15.0367
      vertex 9.46036 -9.87784 15.0274
    endloop
  endfacet
  facet normal -0.559204 0.82903 0
    outer loop
      vertex 9.41117 -9.91102 15.0367
      vertex 9.46036 -9.87784 9.9726
      vertex 9.41117 -9.91102 9.96332
    endloop
  endfacet
  facet normal -0.559204 0.82903 0
    outer loop
      vertex 9.46036 -9.87784 15.9726
      vertex 9.41117 -9.91102 19.5
      vertex 9.46036 -9.87784 19.5
    endloop
  endfacet
  facet normal -0.559204 0.82903 0
    outer loop
      vertex 9.41117 -9.91102 19.5
      vertex 9.46036 -9.87784 15.9726
      vertex 9.41117 -9.91102 15.9633
    endloop
  endfacet
  facet normal -0.809027 0.587771 0
    outer loop
      vertex 9.84296 -9.50837 9.02009
      vertex 9.87784 -9.46036 9.0274
      vertex 9.87784 -9.46036 4.4
    endloop
  endfacet
  facet normal -0.809027 0.587771 0
    outer loop
      vertex 9.84296 -9.50837 9.02009
      vertex 9.87784 -9.46036 4.4
      vertex 9.84296 -9.50837 4.4
    endloop
  endfacet
  facet normal -0.811157 0.583638 0.0373029
    outer loop
      vertex 9.87784 -9.46036 9.0274
      vertex 9.84296 -9.50837 9.02009
      vertex 9.8443 -9.50653 9.02044
    endloop
  endfacet
  facet normal -0.811157 0.583638 -0.0373029
    outer loop
      vertex 9.84296 -9.50837 9.97991
      vertex 9.87784 -9.46036 9.9726
      vertex 9.8443 -9.50653 9.97956
    endloop
  endfacet
  facet normal -0.809027 0.587771 0
    outer loop
      vertex 9.87784 -9.46036 9.9726
      vertex 9.84296 -9.50837 9.97991
      vertex 9.87784 -9.46036 15.0274
    endloop
  endfacet
  facet normal -0.809027 0.587771 0
    outer loop
      vertex 9.84296 -9.50837 15.0201
      vertex 9.87784 -9.46036 15.0274
      vertex 9.84296 -9.50837 9.97991
    endloop
  endfacet
  facet normal -0.811497 0.56997 0.12887
    outer loop
      vertex 9.87784 -9.46036 15.0274
      vertex 9.84296 -9.50837 15.0201
      vertex 9.8443 -9.50653 15.0204
    endloop
  endfacet
  facet normal -0.811497 0.56997 -0.12887
    outer loop
      vertex 9.84296 -9.50837 15.9799
      vertex 9.87784 -9.46036 15.9726
      vertex 9.8443 -9.50653 15.9796
    endloop
  endfacet
  facet normal -0.809027 0.587771 0
    outer loop
      vertex 9.87784 -9.46036 15.9726
      vertex 9.84296 -9.50837 15.9799
      vertex 9.87784 -9.46036 19.5
    endloop
  endfacet
  facet normal -0.809027 0.587771 0
    outer loop
      vertex 9.87784 -9.46036 19.5
      vertex 9.84296 -9.50837 15.9799
      vertex 9.84296 -9.50837 19.5
    endloop
  endfacet
  facet normal -0.788035 0.615631 0
    outer loop
      vertex 9.80643 -9.55513 9.01286
      vertex 9.84296 -9.50837 4.4
      vertex 9.80643 -9.55513 4.4
    endloop
  endfacet
  facet normal -0.788035 0.615631 0
    outer loop
      vertex 9.84296 -9.50837 4.4
      vertex 9.80643 -9.55513 9.01286
      vertex 9.84296 -9.50837 9.02009
    endloop
  endfacet
  facet normal -0.788035 0.615631 0
    outer loop
      vertex 9.80643 -9.55513 9.98714
      vertex 9.84296 -9.50837 15.0201
      vertex 9.84296 -9.50837 9.97991
    endloop
  endfacet
  facet normal -0.788035 0.615631 0
    outer loop
      vertex 9.84296 -9.50837 15.0201
      vertex 9.80643 -9.55513 9.98714
      vertex 9.80643 -9.55513 15.0129
    endloop
  endfacet
  facet normal -0.788035 0.615631 0
    outer loop
      vertex 9.80643 -9.55513 15.9871
      vertex 9.84296 -9.50837 19.5
      vertex 9.84296 -9.50837 15.9799
    endloop
  endfacet
  facet normal -0.788035 0.615631 0
    outer loop
      vertex 9.84296 -9.50837 19.5
      vertex 9.80643 -9.55513 15.9871
      vertex 9.80643 -9.55513 19.5
    endloop
  endfacet
  facet normal -0.82903 0.559204 0
    outer loop
      vertex 9.87784 -9.46036 9.0274
      vertex 9.91102 -9.41117 4.4
      vertex 9.87784 -9.46036 4.4
    endloop
  endfacet
  facet normal -0.82903 0.559204 0
    outer loop
      vertex 9.91102 -9.41117 4.4
      vertex 9.87784 -9.46036 9.0274
      vertex 9.91102 -9.41117 9.03668
    endloop
  endfacet
  facet normal -0.828966 0.5593 0
    outer loop
      vertex 9.88441 -9.45061 9.97076
      vertex 9.91102 -9.41117 15.0367
      vertex 9.91102 -9.41117 9.96332
    endloop
  endfacet
  facet normal -0.829292 0.558816 5.47714e-06
    outer loop
      vertex 9.87784 -9.46036 9.9726
      vertex 9.91102 -9.41117 15.0367
      vertex 9.88441 -9.45061 9.97076
    endloop
  endfacet
  facet normal -0.82903 0.559204 0
    outer loop
      vertex 9.91102 -9.41117 15.0367
      vertex 9.87784 -9.46036 9.9726
      vertex 9.87784 -9.46036 15.0274
    endloop
  endfacet
  facet normal -0.828966 0.5593 0
    outer loop
      vertex 9.88441 -9.45061 15.9708
      vertex 9.91102 -9.41117 19.5
      vertex 9.91102 -9.41117 15.9633
    endloop
  endfacet
  facet normal -0.829291 0.558816 7.85743e-06
    outer loop
      vertex 9.87784 -9.46036 15.9726
      vertex 9.91102 -9.41117 19.5
      vertex 9.88441 -9.45061 15.9708
    endloop
  endfacet
  facet normal -0.82903 0.559204 0
    outer loop
      vertex 9.91102 -9.41117 19.5
      vertex 9.87784 -9.46036 15.9726
      vertex 9.87784 -9.46036 19.5
    endloop
  endfacet
  facet normal -0.999393 0.0348292 0
    outer loop
      vertex 10.1833 -8.56373 9.39984
      vertex 10.185 -8.51495 9.42972
      vertex 10.185 -8.51495 4.4
    endloop
  endfacet
  facet normal -0.99938 0.0351983 1.77238e-05
    outer loop
      vertex 10.183 -8.57425 9.39321
      vertex 10.185 -8.51495 4.4
      vertex 10.1836 -8.5547 4.4
    endloop
  endfacet
  facet normal -0.979663 -0.0788715 0.184497
    outer loop
      vertex 10.185 -8.51495 9.42972
      vertex 10.1833 -8.56373 9.39984
      vertex 10.184 -8.54536 9.41141
    endloop
  endfacet
  facet normal -0.999529 0.0306761 0
    outer loop
      vertex 10.183 -8.57425 9.39321
      vertex 10.1836 -8.5547 4.4
      vertex 10.183 -8.57425 4.4
    endloop
  endfacet
  facet normal -0.999593 0.0285442 -6.13864e-05
    outer loop
      vertex 10.185 -8.51495 4.4
      vertex 10.183 -8.57425 9.39321
      vertex 10.1833 -8.56373 9.39984
    endloop
  endfacet
  facet normal -0.999498 0.0316898 0
    outer loop
      vertex 10.1845 -8.53072 9.57978
      vertex 10.185 -8.51495 15.4297
      vertex 10.185 -8.51495 9.57028
    endloop
  endfacet
  facet normal -0.999417 0.0341291 -6.58264e-06
    outer loop
      vertex 10.184 -8.54536 9.58859
      vertex 10.185 -8.51495 15.4297
      vertex 10.1845 -8.53072 9.57978
    endloop
  endfacet
  facet normal -0.999393 0.0348355 -1.02642e-05
    outer loop
      vertex 10.1833 -8.56373 15.3998
      vertex 10.185 -8.51495 15.4297
      vertex 10.184 -8.54536 9.58859
    endloop
  endfacet
  facet normal -0.98235 -0.0716698 0.172777
    outer loop
      vertex 10.185 -8.51495 15.4297
      vertex 10.1833 -8.56373 15.3998
      vertex 10.184 -8.54536 15.4114
    endloop
  endfacet
  facet normal -0.999402 0.0345864 -1.10527e-05
    outer loop
      vertex 10.183 -8.57425 9.60679
      vertex 10.1833 -8.56373 15.3998
      vertex 10.184 -8.54536 9.58859
    endloop
  endfacet
  facet normal -0.999594 0.0285055 0
    outer loop
      vertex 10.1833 -8.56373 15.3998
      vertex 10.183 -8.57425 9.60679
      vertex 10.183 -8.57425 15.3932
    endloop
  endfacet
  facet normal -0.999498 0.0316898 0
    outer loop
      vertex 10.1845 -8.53072 15.5798
      vertex 10.185 -8.51495 19.5
      vertex 10.185 -8.51495 15.5703
    endloop
  endfacet
  facet normal -0.999417 0.0341272 -9.81516e-06
    outer loop
      vertex 10.184 -8.54536 15.5886
      vertex 10.185 -8.51495 19.5
      vertex 10.1845 -8.53072 15.5798
    endloop
  endfacet
  facet normal -0.999402 0.0345849 -1.33777e-05
    outer loop
      vertex 10.183 -8.57425 15.6068
      vertex 10.185 -8.51495 19.5
      vertex 10.184 -8.54536 15.5886
    endloop
  endfacet
  facet normal -0.999432 0.0337076 0
    outer loop
      vertex 10.185 -8.51495 19.5
      vertex 10.183 -8.57425 15.6068
      vertex 10.183 -8.57425 19.5
    endloop
  endfacet
  facet normal -0.939665 0.342095 0
    outer loop
      vertex 10.0724 -9.09451 9.13466
      vertex 10.0927 -9.03875 9.15658
      vertex 10.0927 -9.03875 4.4
    endloop
  endfacet
  facet normal -0.939665 0.342095 0
    outer loop
      vertex 10.0724 -9.09451 9.13466
      vertex 10.0927 -9.03875 4.4
      vertex 10.0724 -9.09451 4.4
    endloop
  endfacet
  facet normal -0.925183 0.370011 -0.0844253
    outer loop
      vertex 10.0927 -9.03875 9.15658
      vertex 10.0724 -9.09451 9.13466
      vertex 10.0793 -9.07545 9.14258
    endloop
  endfacet
  facet normal -0.925183 0.370011 0.0844253
    outer loop
      vertex 10.0724 -9.09451 9.86534
      vertex 10.0927 -9.03875 9.84342
      vertex 10.0793 -9.07545 9.85742
    endloop
  endfacet
  facet normal -0.939665 0.342095 0
    outer loop
      vertex 10.0927 -9.03875 9.84342
      vertex 10.0724 -9.09451 9.86534
      vertex 10.0927 -9.03875 15.1566
    endloop
  endfacet
  facet normal -0.939665 0.342095 0
    outer loop
      vertex 10.0724 -9.09451 15.1347
      vertex 10.0927 -9.03875 15.1566
      vertex 10.0724 -9.09451 9.86534
    endloop
  endfacet
  facet normal -0.92462 0.370809 -0.087056
    outer loop
      vertex 10.0927 -9.03875 15.1566
      vertex 10.0724 -9.09451 15.1347
      vertex 10.0793 -9.07545 15.1426
    endloop
  endfacet
  facet normal -0.92462 0.370809 0.087056
    outer loop
      vertex 10.0724 -9.09451 15.8653
      vertex 10.0927 -9.03875 15.8434
      vertex 10.0793 -9.07545 15.8574
    endloop
  endfacet
  facet normal -0.939665 0.342095 0
    outer loop
      vertex 10.0927 -9.03875 15.8434
      vertex 10.0724 -9.09451 15.8653
      vertex 10.0927 -9.03875 19.5
    endloop
  endfacet
  facet normal -0.939665 0.342095 0
    outer loop
      vertex 10.0927 -9.03875 19.5
      vertex 10.0724 -9.09451 15.8653
      vertex 10.0724 -9.09451 19.5
    endloop
  endfacet
  facet normal -0.970508 0.241068 0
    outer loop
      vertex 10.1274 -8.92527 9.20485
      vertex 10.1417 -8.8677 4.4
      vertex 10.1274 -8.92527 4.4
    endloop
  endfacet
  facet normal -0.970508 0.241068 0
    outer loop
      vertex 10.1417 -8.8677 4.4
      vertex 10.1274 -8.92527 9.20485
      vertex 10.1417 -8.8677 9.2318
    endloop
  endfacet
  facet normal -0.970508 0.241068 0
    outer loop
      vertex 10.1274 -8.92527 9.79515
      vertex 10.1417 -8.8677 15.2318
      vertex 10.1417 -8.8677 9.7682
    endloop
  endfacet
  facet normal -0.970508 0.241068 0
    outer loop
      vertex 10.1417 -8.8677 15.2318
      vertex 10.1274 -8.92527 9.79515
      vertex 10.1274 -8.92527 15.2049
    endloop
  endfacet
  facet normal -0.970508 0.241068 0
    outer loop
      vertex 10.1274 -8.92527 15.7951
      vertex 10.1417 -8.8677 19.5
      vertex 10.1417 -8.8677 15.7682
    endloop
  endfacet
  facet normal -0.970508 0.241068 0
    outer loop
      vertex 10.1417 -8.8677 19.5
      vertex 10.1274 -8.92527 15.7951
      vertex 10.1274 -8.92527 19.5
    endloop
  endfacet
  facet normal -0.984532 0.175208 0
    outer loop
      vertex 10.154 -8.80966 9.26057
      vertex 10.1644 -8.75122 4.4
      vertex 10.154 -8.80966 4.4
    endloop
  endfacet
  facet normal -0.984532 0.175208 0
    outer loop
      vertex 10.1644 -8.75122 4.4
      vertex 10.154 -8.80966 9.26057
      vertex 10.1644 -8.75122 9.29113
    endloop
  endfacet
  facet normal -0.984532 0.175208 0
    outer loop
      vertex 10.154 -8.80966 9.73943
      vertex 10.1644 -8.75122 15.2911
      vertex 10.1644 -8.75122 9.70887
    endloop
  endfacet
  facet normal -0.984532 0.175208 0
    outer loop
      vertex 10.1644 -8.75122 15.2911
      vertex 10.154 -8.80966 9.73943
      vertex 10.154 -8.80966 15.2606
    endloop
  endfacet
  facet normal -0.984532 0.175208 0
    outer loop
      vertex 10.154 -8.80966 15.7394
      vertex 10.1644 -8.75122 19.5
      vertex 10.1644 -8.75122 15.7089
    endloop
  endfacet
  facet normal -0.984532 0.175208 0
    outer loop
      vertex 10.1644 -8.75122 19.5
      vertex 10.154 -8.80966 15.7394
      vertex 10.154 -8.80966 19.5
    endloop
  endfacet
  facet normal -0.529999 0.847998 0
    outer loop
      vertex 9.36085 -9.94247 4.4
      vertex 9.41117 -9.91102 9.03668
      vertex 9.41117 -9.91102 4.4
    endloop
  endfacet
  facet normal -0.529999 0.847998 0
    outer loop
      vertex 9.41117 -9.91102 9.03668
      vertex 9.36085 -9.94247 4.4
      vertex 9.36085 -9.94247 9.04801
    endloop
  endfacet
  facet normal -0.529999 0.847998 0
    outer loop
      vertex 9.41117 -9.91102 9.96332
      vertex 9.36085 -9.94247 15.048
      vertex 9.41117 -9.91102 15.0367
    endloop
  endfacet
  facet normal -0.529999 0.847998 0
    outer loop
      vertex 9.36085 -9.94247 15.048
      vertex 9.41117 -9.91102 9.96332
      vertex 9.36085 -9.94247 9.95199
    endloop
  endfacet
  facet normal -0.529999 0.847998 0
    outer loop
      vertex 9.41117 -9.91102 15.9633
      vertex 9.36085 -9.94247 19.5
      vertex 9.41117 -9.91102 19.5
    endloop
  endfacet
  facet normal -0.529999 0.847998 0
    outer loop
      vertex 9.36085 -9.94247 19.5
      vertex 9.41117 -9.91102 15.9633
      vertex 9.36085 -9.94247 15.952
    endloop
  endfacet
  facet normal -0.469451 0.882959 0
    outer loop
      vertex 9.25706 -9.99999 4.4
      vertex 9.30946 -9.97213 9.06136
      vertex 9.30946 -9.97213 4.4
    endloop
  endfacet
  facet normal -0.469451 0.882959 0
    outer loop
      vertex 9.30946 -9.97213 9.06136
      vertex 9.25706 -9.99999 4.4
      vertex 9.25706 -9.99999 9.07672
    endloop
  endfacet
  facet normal -0.469451 0.882959 0
    outer loop
      vertex 9.30946 -9.97213 9.93864
      vertex 9.25706 -9.99999 15.0767
      vertex 9.30946 -9.97213 15.0614
    endloop
  endfacet
  facet normal -0.469451 0.882959 0
    outer loop
      vertex 9.25706 -9.99999 15.0767
      vertex 9.30946 -9.97213 9.93864
      vertex 9.25706 -9.99999 9.92328
    endloop
  endfacet
  facet normal -0.469451 0.882959 0
    outer loop
      vertex 9.30946 -9.97213 15.9386
      vertex 9.25706 -9.99999 19.5
      vertex 9.30946 -9.97213 19.5
    endloop
  endfacet
  facet normal -0.469451 0.882959 0
    outer loop
      vertex 9.25706 -9.99999 19.5
      vertex 9.30946 -9.97213 15.9386
      vertex 9.25706 -9.99999 15.9233
    endloop
  endfacet
  facet normal 0.642734 0.76609 -0
    outer loop
      vertex 7.41544 -9.80643 4.4
      vertex 7.36998 -9.76829 19.5
      vertex 7.41544 -9.80643 19.5
    endloop
  endfacet
  facet normal 0.642734 0.76609 0
    outer loop
      vertex 7.36998 -9.76829 19.5
      vertex 7.41544 -9.80643 4.4
      vertex 7.36998 -9.76829 4.4
    endloop
  endfacet
  facet normal 0.529923 0.848046 -0
    outer loop
      vertex 7.60972 -9.94247 4.4
      vertex 7.55939 -9.91102 19.5
      vertex 7.60972 -9.94247 19.5
    endloop
  endfacet
  facet normal 0.529923 0.848046 0
    outer loop
      vertex 7.55939 -9.91102 19.5
      vertex 7.60972 -9.94247 4.4
      vertex 7.55939 -9.91102 4.4
    endloop
  endfacet
  facet normal 0.587851 0.808969 -0
    outer loop
      vertex 7.5102 -9.87784 4.4
      vertex 7.4622 -9.84296 19.5
      vertex 7.5102 -9.87784 19.5
    endloop
  endfacet
  facet normal 0.587851 0.808969 0
    outer loop
      vertex 7.4622 -9.84296 19.5
      vertex 7.5102 -9.87784 4.4
      vertex 7.4622 -9.84296 4.4
    endloop
  endfacet
  facet normal 0.499946 0.866056 -0
    outer loop
      vertex 7.6611 -9.97213 4.4
      vertex 7.60972 -9.94247 19.5
      vertex 7.6611 -9.97213 19.5
    endloop
  endfacet
  facet normal 0.499946 0.866056 0
    outer loop
      vertex 7.60972 -9.94247 19.5
      vertex 7.6611 -9.97213 4.4
      vertex 7.60972 -9.94247 4.4
    endloop
  endfacet
  facet normal 0.30848 0.951231 -0
    outer loop
      vertex 7.98825 -10.111 4.4
      vertex 7.93182 -10.0927 19.5
      vertex 7.98825 -10.111 19.5
    endloop
  endfacet
  facet normal 0.30848 0.951231 0
    outer loop
      vertex 7.93182 -10.0927 19.5
      vertex 7.98825 -10.111 4.4
      vertex 7.93182 -10.0927 4.4
    endloop
  endfacet
  facet normal 0.241068 0.970508 -0
    outer loop
      vertex 8.10286 -10.1417 4.4
      vertex 8.04529 -10.1274 19.5
      vertex 8.10286 -10.1417 19.5
    endloop
  endfacet
  facet normal 0.241068 0.970508 0
    outer loop
      vertex 8.04529 -10.1274 19.5
      vertex 8.10286 -10.1417 4.4
      vertex 8.04529 -10.1274 4.4
    endloop
  endfacet
  facet normal 0.978137 0.207964 0
    outer loop
      vertex 2.58621 -4.62506 19.5
      vertex 2.57387 -4.56702 4.4
      vertex 2.57387 -4.56702 19.5
    endloop
  endfacet
  facet normal 0.978137 0.207964 0
    outer loop
      vertex 2.57387 -4.56702 4.4
      vertex 2.58621 -4.62506 19.5
      vertex 2.58621 -4.62506 4.4
    endloop
  endfacet
  facet normal 0.913519 0.406795 0
    outer loop
      vertex 2.70192 -4.96109 19.5
      vertex 2.67778 -4.90688 4.4
      vertex 2.67778 -4.90688 19.5
    endloop
  endfacet
  facet normal 0.913519 0.406795 0
    outer loop
      vertex 2.67778 -4.90688 4.4
      vertex 2.70192 -4.96109 19.5
      vertex 2.70192 -4.96109 4.4
    endloop
  endfacet
  facet normal 0.787971 0.615713 0
    outer loop
      vertex 2.92149 -5.31248 19.5
      vertex 2.88496 -5.26573 4.4
      vertex 2.88496 -5.26573 19.5
    endloop
  endfacet
  facet normal 0.787971 0.615713 0
    outer loop
      vertex 2.88496 -5.26573 4.4
      vertex 2.92149 -5.31248 19.5
      vertex 2.92149 -5.31248 4.4
    endloop
  endfacet
  facet normal 0.994528 -0.104474 0
    outer loop
      vertex 2.54911 -4.09448 19.5
      vertex 2.55531 -4.03546 4.4
      vertex 2.55531 -4.03546 19.5
    endloop
  endfacet
  facet normal 0.994528 -0.104474 0
    outer loop
      vertex 2.55531 -4.03546 4.4
      vertex 2.54911 -4.09448 19.5
      vertex 2.54911 -4.09448 4.4
    endloop
  endfacet
  facet normal 0.990245 -0.139337 0
    outer loop
      vertex 2.55531 -4.03546 19.5
      vertex 2.56027 -4.00021 4.4
      vertex 2.56027 -4.00021 19.5
    endloop
  endfacet
  facet normal 0.990245 -0.139337 0
    outer loop
      vertex 2.56027 -4.00021 4.4
      vertex 2.55531 -4.03546 19.5
      vertex 2.55531 -4.03546 4.4
    endloop
  endfacet
  facet normal 0.139337 -0.990245 0
    outer loop
      vertex 4.00021 -2.56027 4.4
      vertex 4.03546 -2.55531 19.5
      vertex 4.00021 -2.56027 19.5
    endloop
  endfacet
  facet normal 0.139337 -0.990245 0
    outer loop
      vertex 4.03546 -2.55531 19.5
      vertex 4.00021 -2.56027 4.4
      vertex 4.03546 -2.55531 4.4
    endloop
  endfacet
  facet normal -0.469451 -0.882959 0
    outer loop
      vertex 5.01442 -2.72793 4.4
      vertex 5.06682 -2.75579 19.5
      vertex 5.01442 -2.72793 19.5
    endloop
  endfacet
  facet normal -0.469451 -0.882959 -0
    outer loop
      vertex 5.06682 -2.75579 19.5
      vertex 5.01442 -2.72793 4.4
      vertex 5.06682 -2.75579 4.4
    endloop
  endfacet
  facet normal -0.5 -0.866026 0
    outer loop
      vertex 5.06682 -2.75579 4.4
      vertex 5.11821 -2.78546 19.5
      vertex 5.06682 -2.75579 19.5
    endloop
  endfacet
  facet normal -0.5 -0.866026 -0
    outer loop
      vertex 5.11821 -2.78546 19.5
      vertex 5.06682 -2.75579 4.4
      vertex 5.11821 -2.78546 4.4
    endloop
  endfacet
  facet normal -0.529878 -0.848074 0
    outer loop
      vertex 5.11821 -2.78546 4.4
      vertex 5.16853 -2.8169 19.5
      vertex 5.11821 -2.78546 19.5
    endloop
  endfacet
  facet normal -0.529878 -0.848074 -0
    outer loop
      vertex 5.16853 -2.8169 19.5
      vertex 5.11821 -2.78546 4.4
      vertex 5.16853 -2.8169 4.4
    endloop
  endfacet
  facet normal -0.587771 -0.809027 0
    outer loop
      vertex 5.21772 -2.85008 4.4
      vertex 5.26573 -2.88496 19.5
      vertex 5.21772 -2.85008 19.5
    endloop
  endfacet
  facet normal -0.587771 -0.809027 -0
    outer loop
      vertex 5.26573 -2.88496 19.5
      vertex 5.21772 -2.85008 4.4
      vertex 5.26573 -2.88496 4.4
    endloop
  endfacet
  facet normal -0.341946 -0.93972 0
    outer loop
      vertex 4.79611 -2.63526 4.4
      vertex 4.85187 -2.65555 19.5
      vertex 4.79611 -2.63526 19.5
    endloop
  endfacet
  facet normal -0.341946 -0.93972 -0
    outer loop
      vertex 4.85187 -2.65555 19.5
      vertex 4.79611 -2.63526 4.4
      vertex 4.85187 -2.65555 4.4
    endloop
  endfacet
  facet normal -0.207964 -0.978137 0
    outer loop
      vertex 4.56702 -2.57387 4.4
      vertex 4.62506 -2.58621 19.5
      vertex 4.56702 -2.57387 19.5
    endloop
  endfacet
  facet normal -0.207964 -0.978137 -0
    outer loop
      vertex 4.62506 -2.58621 19.5
      vertex 4.56702 -2.57387 4.4
      vertex 4.62506 -2.58621 4.4
    endloop
  endfacet
  facet normal -0.951231 -0.30848 0
    outer loop
      vertex 10.111 -7.98825 4.4
      vertex 10.0927 -7.93182 19.5
      vertex 10.0927 -7.93182 4.4
    endloop
  endfacet
  facet normal -0.951231 -0.30848 0
    outer loop
      vertex 10.0927 -7.93182 19.5
      vertex 10.111 -7.98825 4.4
      vertex 10.111 -7.98825 19.5
    endloop
  endfacet
  facet normal -0.939665 -0.342095 0
    outer loop
      vertex 10.0927 -7.93182 4.4
      vertex 10.0724 -7.87606 19.5
      vertex 10.0724 -7.87606 4.4
    endloop
  endfacet
  facet normal -0.939665 -0.342095 0
    outer loop
      vertex 10.0724 -7.87606 19.5
      vertex 10.0927 -7.93182 4.4
      vertex 10.0927 -7.93182 19.5
    endloop
  endfacet
  facet normal -0.990403 -0.138211 0
    outer loop
      vertex 10.1726 -8.2781 4.4
      vertex 10.1644 -8.21934 19.5
      vertex 10.1644 -8.21934 4.4
    endloop
  endfacet
  facet normal -0.990403 -0.138211 0
    outer loop
      vertex 10.1644 -8.21934 19.5
      vertex 10.1726 -8.2781 4.4
      vertex 10.1726 -8.2781 19.5
    endloop
  endfacet
  facet normal -0.999426 -0.0338788 0
    outer loop
      vertex 10.185 -8.45561 9.53293
      vertex 10.1833 -8.40546 15.5
      vertex 10.1833 -8.40546 9.5
    endloop
  endfacet
  facet normal -0.999426 -0.0338788 0
    outer loop
      vertex 10.1833 -8.40546 15.5
      vertex 10.185 -8.45561 9.53293
      vertex 10.185 -8.45561 15.4671
    endloop
  endfacet
  facet normal -0.999463 -0.0327693 0
    outer loop
      vertex 10.183 -8.39631 4.4
      vertex 10.1833 -8.40546 9.5
      vertex 10.183 -8.39631 19.5
    endloop
  endfacet
  facet normal -0.999432 -0.0337076 -0
    outer loop
      vertex 10.185 -8.45561 9.46707
      vertex 10.183 -8.39631 4.4
      vertex 10.185 -8.45561 4.4
    endloop
  endfacet
  facet normal -0.999426 -0.0338775 -1.99053e-06
    outer loop
      vertex 10.183 -8.39631 4.4
      vertex 10.185 -8.45561 9.46707
      vertex 10.1833 -8.40546 9.5
    endloop
  endfacet
  facet normal -0.999463 -0.0327693 -0
    outer loop
      vertex 10.1833 -8.40546 15.5
      vertex 10.183 -8.39631 19.5
      vertex 10.1833 -8.40546 9.5
    endloop
  endfacet
  facet normal -0.999426 -0.0338772 2.53711e-06
    outer loop
      vertex 10.185 -8.45561 15.5329
      vertex 10.183 -8.39631 19.5
      vertex 10.1833 -8.40546 15.5
    endloop
  endfacet
  facet normal -0.999432 -0.0337076 0
    outer loop
      vertex 10.183 -8.39631 19.5
      vertex 10.185 -8.45561 15.5329
      vertex 10.185 -8.45561 19.5
    endloop
  endfacet
  facet normal -0.788035 -0.615631 0
    outer loop
      vertex 9.84296 -7.4622 4.4
      vertex 9.80643 -7.41544 19.5
      vertex 9.80643 -7.41544 4.4
    endloop
  endfacet
  facet normal -0.788035 -0.615631 0
    outer loop
      vertex 9.80643 -7.41544 19.5
      vertex 9.84296 -7.4622 4.4
      vertex 9.84296 -7.4622 19.5
    endloop
  endfacet
  facet normal -0.882959 -0.469451 0
    outer loop
      vertex 9.99999 -7.7135 4.4
      vertex 9.97213 -7.6611 19.5
      vertex 9.97213 -7.6611 4.4
    endloop
  endfacet
  facet normal -0.882959 -0.469451 0
    outer loop
      vertex 9.97213 -7.6611 19.5
      vertex 9.99999 -7.7135 4.4
      vertex 9.99999 -7.7135 19.5
    endloop
  endfacet
  facet normal -0.848046 -0.529923 0
    outer loop
      vertex 9.94247 -7.60972 4.4
      vertex 9.91102 -7.55939 19.5
      vertex 9.91102 -7.55939 4.4
    endloop
  endfacet
  facet normal -0.848046 -0.529923 0
    outer loop
      vertex 9.91102 -7.55939 19.5
      vertex 9.94247 -7.60972 4.4
      vertex 9.94247 -7.60972 19.5
    endloop
  endfacet
  facet normal -0.694697 0.719303 0
    outer loop
      vertex 9.64468 -9.72858 4.4
      vertex 9.68736 -9.68736 9.00354
      vertex 9.68736 -9.68736 4.4
    endloop
  endfacet
  facet normal -0.694697 0.719303 0
    outer loop
      vertex 9.68736 -9.68736 9.00354
      vertex 9.64468 -9.72858 4.4
      vertex 9.64468 -9.72858 9.00458
    endloop
  endfacet
  facet normal -0.694697 0.719303 0
    outer loop
      vertex 9.68736 -9.68736 9.99646
      vertex 9.64468 -9.72858 15.0046
      vertex 9.68736 -9.68736 15.0035
    endloop
  endfacet
  facet normal -0.694697 0.719303 0
    outer loop
      vertex 9.64468 -9.72858 15.0046
      vertex 9.68736 -9.68736 9.99646
      vertex 9.64468 -9.72858 9.99542
    endloop
  endfacet
  facet normal -0.694697 0.719303 0
    outer loop
      vertex 9.68736 -9.68736 15.9965
      vertex 9.64468 -9.72858 19.5
      vertex 9.68736 -9.68736 19.5
    endloop
  endfacet
  facet normal -0.694697 0.719303 0
    outer loop
      vertex 9.64468 -9.72858 19.5
      vertex 9.68736 -9.68736 15.9965
      vertex 9.64468 -9.72858 15.9954
    endloop
  endfacet
  facet normal -0.583638 0.811157 0.0373029
    outer loop
      vertex 9.50837 -9.84296 9.02009
      vertex 9.46036 -9.87784 9.0274
      vertex 9.50653 -9.8443 9.02044
    endloop
  endfacet
  facet normal -0.587771 0.809027 0
    outer loop
      vertex 9.46036 -9.87784 4.4
      vertex 9.50837 -9.84296 9.02009
      vertex 9.50837 -9.84296 4.4
    endloop
  endfacet
  facet normal -0.587771 0.809027 0
    outer loop
      vertex 9.50837 -9.84296 9.02009
      vertex 9.46036 -9.87784 4.4
      vertex 9.46036 -9.87784 9.0274
    endloop
  endfacet
  facet normal -0.56997 0.811497 0.12887
    outer loop
      vertex 9.50837 -9.84296 15.0201
      vertex 9.46036 -9.87784 15.0274
      vertex 9.50653 -9.8443 15.0204
    endloop
  endfacet
  facet normal -0.587771 0.809027 0
    outer loop
      vertex 9.50837 -9.84296 9.97991
      vertex 9.46036 -9.87784 15.0274
      vertex 9.50837 -9.84296 15.0201
    endloop
  endfacet
  facet normal -0.583638 0.811157 -0.0373029
    outer loop
      vertex 9.46036 -9.87784 9.9726
      vertex 9.50837 -9.84296 9.97991
      vertex 9.50653 -9.8443 9.97956
    endloop
  endfacet
  facet normal -0.587771 0.809027 0
    outer loop
      vertex 9.50837 -9.84296 9.97991
      vertex 9.46036 -9.87784 9.9726
      vertex 9.46036 -9.87784 15.0274
    endloop
  endfacet
  facet normal -0.587771 0.809027 0
    outer loop
      vertex 9.50837 -9.84296 15.9799
      vertex 9.46036 -9.87784 19.5
      vertex 9.50837 -9.84296 19.5
    endloop
  endfacet
  facet normal -0.56997 0.811497 -0.12887
    outer loop
      vertex 9.46036 -9.87784 15.9726
      vertex 9.50837 -9.84296 15.9799
      vertex 9.50653 -9.8443 15.9796
    endloop
  endfacet
  facet normal -0.587771 0.809027 0
    outer loop
      vertex 9.50837 -9.84296 15.9799
      vertex 9.46036 -9.87784 15.9726
      vertex 9.46036 -9.87784 19.5
    endloop
  endfacet
  facet normal -0.847998 0.529999 0
    outer loop
      vertex 9.91102 -9.41117 9.03668
      vertex 9.94247 -9.36085 4.4
      vertex 9.91102 -9.41117 4.4
    endloop
  endfacet
  facet normal -0.847998 0.529999 0
    outer loop
      vertex 9.94247 -9.36085 4.4
      vertex 9.91102 -9.41117 9.03668
      vertex 9.94247 -9.36085 9.04801
    endloop
  endfacet
  facet normal -0.847998 0.529999 0
    outer loop
      vertex 9.91102 -9.41117 9.96332
      vertex 9.94247 -9.36085 15.048
      vertex 9.94247 -9.36085 9.95199
    endloop
  endfacet
  facet normal -0.847998 0.529999 0
    outer loop
      vertex 9.94247 -9.36085 15.048
      vertex 9.91102 -9.41117 9.96332
      vertex 9.91102 -9.41117 15.0367
    endloop
  endfacet
  facet normal -0.847998 0.529999 0
    outer loop
      vertex 9.91102 -9.41117 15.9633
      vertex 9.94247 -9.36085 19.5
      vertex 9.94247 -9.36085 15.952
    endloop
  endfacet
  facet normal -0.847998 0.529999 0
    outer loop
      vertex 9.94247 -9.36085 19.5
      vertex 9.91102 -9.41117 15.9633
      vertex 9.91102 -9.41117 19.5
    endloop
  endfacet
  facet normal -0.882959 0.469451 0
    outer loop
      vertex 9.97213 -9.30946 9.06136
      vertex 9.99999 -9.25706 4.4
      vertex 9.97213 -9.30946 4.4
    endloop
  endfacet
  facet normal -0.882959 0.469451 0
    outer loop
      vertex 9.99999 -9.25706 4.4
      vertex 9.97213 -9.30946 9.06136
      vertex 9.99999 -9.25706 9.07672
    endloop
  endfacet
  facet normal -0.882959 0.469451 0
    outer loop
      vertex 9.97213 -9.30946 9.93864
      vertex 9.99999 -9.25706 15.0767
      vertex 9.99999 -9.25706 9.92328
    endloop
  endfacet
  facet normal -0.882959 0.469451 0
    outer loop
      vertex 9.99999 -9.25706 15.0767
      vertex 9.97213 -9.30946 9.93864
      vertex 9.97213 -9.30946 15.0614
    endloop
  endfacet
  facet normal -0.882959 0.469451 0
    outer loop
      vertex 9.97213 -9.30946 15.9386
      vertex 9.99999 -9.25706 19.5
      vertex 9.99999 -9.25706 15.9233
    endloop
  endfacet
  facet normal -0.882959 0.469451 0
    outer loop
      vertex 9.99999 -9.25706 19.5
      vertex 9.97213 -9.30946 15.9386
      vertex 9.97213 -9.30946 19.5
    endloop
  endfacet
  facet normal -0.499873 0.866099 0
    outer loop
      vertex 9.30946 -9.97213 4.4
      vertex 9.36085 -9.94247 9.04801
      vertex 9.36085 -9.94247 4.4
    endloop
  endfacet
  facet normal -0.499873 0.866099 0
    outer loop
      vertex 9.36085 -9.94247 9.04801
      vertex 9.30946 -9.97213 4.4
      vertex 9.30946 -9.97213 9.06136
    endloop
  endfacet
  facet normal -0.499873 0.866099 0
    outer loop
      vertex 9.36085 -9.94247 9.95199
      vertex 9.30946 -9.97213 15.0614
      vertex 9.36085 -9.94247 15.048
    endloop
  endfacet
  facet normal -0.499873 0.866099 0
    outer loop
      vertex 9.30946 -9.97213 15.0614
      vertex 9.36085 -9.94247 9.95199
      vertex 9.30946 -9.97213 9.93864
    endloop
  endfacet
  facet normal -0.499873 0.866099 0
    outer loop
      vertex 9.36085 -9.94247 15.952
      vertex 9.30946 -9.97213 19.5
      vertex 9.36085 -9.94247 19.5
    endloop
  endfacet
  facet normal -0.499873 0.866099 0
    outer loop
      vertex 9.30946 -9.97213 19.5
      vertex 9.36085 -9.94247 15.952
      vertex 9.30946 -9.97213 15.9386
    endloop
  endfacet
  facet normal -0.406232 0.91377 0
    outer loop
      vertex 9.14952 -10.0501 4.4
      vertex 9.20373 -10.026 9.09407
      vertex 9.20373 -10.026 4.4
    endloop
  endfacet
  facet normal -0.406232 0.91377 0
    outer loop
      vertex 9.20373 -10.026 9.09407
      vertex 9.14952 -10.0501 4.4
      vertex 9.14952 -10.0501 9.11339
    endloop
  endfacet
  facet normal -0.406232 0.91377 0
    outer loop
      vertex 9.20373 -10.026 9.90593
      vertex 9.14952 -10.0501 15.1134
      vertex 9.20373 -10.026 15.0941
    endloop
  endfacet
  facet normal -0.406232 0.91377 0
    outer loop
      vertex 9.14952 -10.0501 15.1134
      vertex 9.20373 -10.026 9.90593
      vertex 9.14952 -10.0501 9.88661
    endloop
  endfacet
  facet normal -0.406232 0.91377 0
    outer loop
      vertex 9.20373 -10.026 15.9059
      vertex 9.14952 -10.0501 19.5
      vertex 9.20373 -10.026 19.5
    endloop
  endfacet
  facet normal -0.406232 0.91377 0
    outer loop
      vertex 9.14952 -10.0501 19.5
      vertex 9.20373 -10.026 15.9059
      vertex 9.14952 -10.0501 15.8866
    endloop
  endfacet
  facet normal -0.438361 0.898799 0
    outer loop
      vertex 9.20373 -10.026 4.4
      vertex 9.25706 -9.99999 9.07672
      vertex 9.25706 -9.99999 4.4
    endloop
  endfacet
  facet normal -0.438361 0.898799 0
    outer loop
      vertex 9.25706 -9.99999 9.07672
      vertex 9.20373 -10.026 4.4
      vertex 9.20373 -10.026 9.09407
    endloop
  endfacet
  facet normal -0.438361 0.898799 0
    outer loop
      vertex 9.25706 -9.99999 9.92328
      vertex 9.20373 -10.026 15.0941
      vertex 9.25706 -9.99999 15.0767
    endloop
  endfacet
  facet normal -0.438361 0.898799 0
    outer loop
      vertex 9.20373 -10.026 15.0941
      vertex 9.25706 -9.99999 9.92328
      vertex 9.20373 -10.026 9.90593
    endloop
  endfacet
  facet normal -0.438361 0.898799 0
    outer loop
      vertex 9.25706 -9.99999 15.9233
      vertex 9.20373 -10.026 19.5
      vertex 9.25706 -9.99999 19.5
    endloop
  endfacet
  facet normal -0.438361 0.898799 0
    outer loop
      vertex 9.20373 -10.026 19.5
      vertex 9.25706 -9.99999 15.9233
      vertex 9.20373 -10.026 15.9059
    endloop
  endfacet
  facet normal -0.241068 0.970508 0
    outer loop
      vertex 8.8677 -10.1417 4.4
      vertex 8.92527 -10.1274 9.20485
      vertex 8.92527 -10.1274 4.4
    endloop
  endfacet
  facet normal -0.241068 0.970508 0
    outer loop
      vertex 8.92527 -10.1274 9.20485
      vertex 8.8677 -10.1417 4.4
      vertex 8.8677 -10.1417 9.2318
    endloop
  endfacet
  facet normal -0.241068 0.970508 0
    outer loop
      vertex 8.92527 -10.1274 9.79515
      vertex 8.8677 -10.1417 15.2318
      vertex 8.92527 -10.1274 15.2049
    endloop
  endfacet
  facet normal -0.241068 0.970508 0
    outer loop
      vertex 8.8677 -10.1417 15.2318
      vertex 8.92527 -10.1274 9.79515
      vertex 8.8677 -10.1417 9.7682
    endloop
  endfacet
  facet normal -0.241068 0.970508 0
    outer loop
      vertex 8.92527 -10.1274 15.7951
      vertex 8.8677 -10.1417 19.5
      vertex 8.92527 -10.1274 19.5
    endloop
  endfacet
  facet normal -0.241068 0.970508 0
    outer loop
      vertex 8.8677 -10.1417 19.5
      vertex 8.92527 -10.1274 15.7951
      vertex 8.8677 -10.1417 15.7682
    endloop
  endfacet
  facet normal -0.276323 0.961065 0
    outer loop
      vertex 8.92527 -10.1274 4.4
      vertex 8.98231 -10.111 9.17977
      vertex 8.98231 -10.111 4.4
    endloop
  endfacet
  facet normal -0.276323 0.961065 0
    outer loop
      vertex 8.98231 -10.111 9.17977
      vertex 8.92527 -10.1274 4.4
      vertex 8.92527 -10.1274 9.20485
    endloop
  endfacet
  facet normal -0.276323 0.961065 0
    outer loop
      vertex 8.98231 -10.111 9.82023
      vertex 8.92527 -10.1274 15.2049
      vertex 8.98231 -10.111 15.1798
    endloop
  endfacet
  facet normal -0.276323 0.961065 0
    outer loop
      vertex 8.92527 -10.1274 15.2049
      vertex 8.98231 -10.111 9.82023
      vertex 8.92527 -10.1274 9.79515
    endloop
  endfacet
  facet normal -0.276323 0.961065 0
    outer loop
      vertex 8.98231 -10.111 15.8202
      vertex 8.92527 -10.1274 19.5
      vertex 8.98231 -10.111 19.5
    endloop
  endfacet
  facet normal -0.276323 0.961065 0
    outer loop
      vertex 8.92527 -10.1274 19.5
      vertex 8.98231 -10.111 15.8202
      vertex 8.92527 -10.1274 15.7951
    endloop
  endfacet
  facet normal 0 1 0
    outer loop
      vertex 8.45561 -10.185 4.4
      vertex 8.51495 -10.185 9.42972
      vertex 8.51495 -10.185 4.4
    endloop
  endfacet
  facet normal 0 1 0
    outer loop
      vertex 8.51495 -10.185 9.42972
      vertex 8.45561 -10.185 4.4
      vertex 8.45561 -10.185 9.46707
    endloop
  endfacet
  facet normal 0 1 -0
    outer loop
      vertex 8.51495 -10.185 9.57028
      vertex 8.45561 -10.185 15.4671
      vertex 8.51495 -10.185 15.4297
    endloop
  endfacet
  facet normal 0 1 0
    outer loop
      vertex 8.45561 -10.185 15.4671
      vertex 8.51495 -10.185 9.57028
      vertex 8.45561 -10.185 9.53293
    endloop
  endfacet
  facet normal 0 1 -0
    outer loop
      vertex 8.51495 -10.185 15.5703
      vertex 8.45561 -10.185 19.5
      vertex 8.51495 -10.185 19.5
    endloop
  endfacet
  facet normal 0 1 0
    outer loop
      vertex 8.45561 -10.185 19.5
      vertex 8.51495 -10.185 15.5703
      vertex 8.45561 -10.185 15.5329
    endloop
  endfacet
  facet normal 0.175237 0.984526 -0
    outer loop
      vertex 8.21934 -10.1644 4.4
      vertex 8.16091 -10.154 19.5
      vertex 8.21934 -10.1644 19.5
    endloop
  endfacet
  facet normal 0.175237 0.984526 0
    outer loop
      vertex 8.16091 -10.154 19.5
      vertex 8.21934 -10.1644 4.4
      vertex 8.16091 -10.154 4.4
    endloop
  endfacet
  facet normal 0.669151 0.743127 -0
    outer loop
      vertex 7.36998 -9.76829 4.4
      vertex 7.32588 -9.72858 19.5
      vertex 7.36998 -9.76829 19.5
    endloop
  endfacet
  facet normal 0.669151 0.743127 0
    outer loop
      vertex 7.32588 -9.72858 19.5
      vertex 7.36998 -9.76829 4.4
      vertex 7.32588 -9.72858 4.4
    endloop
  endfacet
  facet normal 0.375627 0.926771 -0
    outer loop
      vertex 7.87606 -10.0724 4.4
      vertex 7.82104 -10.0501 19.5
      vertex 7.87606 -10.0724 19.5
    endloop
  endfacet
  facet normal 0.375627 0.926771 0
    outer loop
      vertex 7.82104 -10.0501 19.5
      vertex 7.87606 -10.0724 4.4
      vertex 7.82104 -10.0501 4.4
    endloop
  endfacet
  facet normal 0.342095 0.939665 -0
    outer loop
      vertex 7.93182 -10.0927 4.4
      vertex 7.87606 -10.0724 19.5
      vertex 7.93182 -10.0927 19.5
    endloop
  endfacet
  facet normal 0.342095 0.939665 0
    outer loop
      vertex 7.87606 -10.0724 19.5
      vertex 7.93182 -10.0927 4.4
      vertex 7.87606 -10.0724 4.4
    endloop
  endfacet
  facet normal 0.276323 0.961065 -0
    outer loop
      vertex 8.04529 -10.1274 4.4
      vertex 7.98825 -10.111 19.5
      vertex 8.04529 -10.1274 19.5
    endloop
  endfacet
  facet normal 0.276323 0.961065 0
    outer loop
      vertex 7.98825 -10.111 19.5
      vertex 8.04529 -10.1274 4.4
      vertex 7.98825 -10.111 4.4
    endloop
  endfacet
  facet normal -0.374672 -0.927157 0
    outer loop
      vertex 4.85187 -2.65555 4.4
      vertex 4.90688 -2.67778 19.5
      vertex 4.85187 -2.65555 19.5
    endloop
  endfacet
  facet normal -0.374672 -0.927157 -0
    outer loop
      vertex 4.90688 -2.67778 19.5
      vertex 4.85187 -2.65555 4.4
      vertex 4.90688 -2.67778 4.4
    endloop
  endfacet
  facet normal -0.926771 -0.375627 0
    outer loop
      vertex 10.0724 -7.87606 4.4
      vertex 10.0501 -7.82104 19.5
      vertex 10.0501 -7.82104 4.4
    endloop
  endfacet
  facet normal -0.926771 -0.375627 0
    outer loop
      vertex 10.0501 -7.82104 19.5
      vertex 10.0724 -7.87606 4.4
      vertex 10.0724 -7.87606 19.5
    endloop
  endfacet
  facet normal -0.808969 -0.587851 0
    outer loop
      vertex 9.87784 -7.5102 4.4
      vertex 9.84296 -7.4622 19.5
      vertex 9.84296 -7.4622 4.4
    endloop
  endfacet
  facet normal -0.808969 -0.587851 0
    outer loop
      vertex 9.84296 -7.4622 19.5
      vertex 9.87784 -7.5102 4.4
      vertex 9.87784 -7.5102 19.5
    endloop
  endfacet
  facet normal -0.76609 -0.642734 0
    outer loop
      vertex 9.80643 -7.41544 4.4
      vertex 9.76829 -7.36998 19.5
      vertex 9.76829 -7.36998 4.4
    endloop
  endfacet
  facet normal -0.76609 -0.642734 0
    outer loop
      vertex 9.76829 -7.36998 19.5
      vertex 9.80643 -7.41544 4.4
      vertex 9.80643 -7.41544 19.5
    endloop
  endfacet
  facet normal -0.866056 -0.499946 0
    outer loop
      vertex 9.97213 -7.6611 4.4
      vertex 9.94247 -7.60972 19.5
      vertex 9.94247 -7.60972 4.4
    endloop
  endfacet
  facet normal -0.866056 -0.499946 0
    outer loop
      vertex 9.94247 -7.60972 19.5
      vertex 9.97213 -7.6611 4.4
      vertex 9.97213 -7.6611 19.5
    endloop
  endfacet
  facet normal -0.308431 0.951247 0
    outer loop
      vertex 8.98231 -10.111 4.4
      vertex 9.03875 -10.0927 9.15658
      vertex 9.03875 -10.0927 4.4
    endloop
  endfacet
  facet normal -0.303229 0.952918 -6.81467e-05
    outer loop
      vertex 9.03875 -10.0927 9.15658
      vertex 8.98231 -10.111 4.4
      vertex 9.02555 -10.0969 9.162
    endloop
  endfacet
  facet normal -0.310021 0.95073 0
    outer loop
      vertex 9.02555 -10.0969 9.162
      vertex 8.98231 -10.111 4.4
      vertex 8.98231 -10.111 9.17977
    endloop
  endfacet
  facet normal -0.303204 0.952926 0
    outer loop
      vertex 9.03875 -10.0927 9.84342
      vertex 9.02555 -10.0969 15.162
      vertex 9.03875 -10.0927 15.1566
    endloop
  endfacet
  facet normal -0.310028 0.950728 -1.86719e-05
    outer loop
      vertex 9.03875 -10.0927 9.84342
      vertex 8.98231 -10.111 15.1798
      vertex 9.02555 -10.0969 15.162
    endloop
  endfacet
  facet normal -0.308431 0.951247 0
    outer loop
      vertex 8.98231 -10.111 15.1798
      vertex 9.03875 -10.0927 9.84342
      vertex 8.98231 -10.111 9.82023
    endloop
  endfacet
  facet normal -0.308431 0.951247 0
    outer loop
      vertex 9.03875 -10.0927 15.8434
      vertex 8.98231 -10.111 19.5
      vertex 9.03875 -10.0927 19.5
    endloop
  endfacet
  facet normal -0.308431 0.951247 0
    outer loop
      vertex 8.98231 -10.111 19.5
      vertex 9.03875 -10.0927 15.8434
      vertex 8.98231 -10.111 15.8202
    endloop
  endfacet
  facet normal -0.375686 0.926747 0
    outer loop
      vertex 9.09451 -10.0724 4.4
      vertex 9.14952 -10.0501 9.11339
      vertex 9.14952 -10.0501 4.4
    endloop
  endfacet
  facet normal -0.375686 0.926747 0
    outer loop
      vertex 9.14952 -10.0501 9.11339
      vertex 9.09451 -10.0724 4.4
      vertex 9.09451 -10.0724 9.13466
    endloop
  endfacet
  facet normal -0.375686 0.926747 0
    outer loop
      vertex 9.14952 -10.0501 9.88661
      vertex 9.09451 -10.0724 15.1347
      vertex 9.14952 -10.0501 15.1134
    endloop
  endfacet
  facet normal -0.37598 0.926628 -3.59471e-06
    outer loop
      vertex 9.13005 -10.058 9.87908
      vertex 9.09451 -10.0724 15.1347
      vertex 9.14952 -10.0501 9.88661
    endloop
  endfacet
  facet normal -0.375524 0.926813 0
    outer loop
      vertex 9.09451 -10.0724 15.1347
      vertex 9.13005 -10.058 9.87908
      vertex 9.09451 -10.0724 9.86534
    endloop
  endfacet
  facet normal -0.375686 0.926747 0
    outer loop
      vertex 9.14952 -10.0501 15.8866
      vertex 9.09451 -10.0724 19.5
      vertex 9.14952 -10.0501 19.5
    endloop
  endfacet
  facet normal -0.37598 0.926628 -5.21155e-06
    outer loop
      vertex 9.13005 -10.058 15.8791
      vertex 9.09451 -10.0724 19.5
      vertex 9.14952 -10.0501 15.8866
    endloop
  endfacet
  facet normal -0.375524 0.926813 0
    outer loop
      vertex 9.09451 -10.0724 19.5
      vertex 9.13005 -10.058 15.8791
      vertex 9.09451 -10.0724 15.8653
    endloop
  endfacet
  facet normal -0.175208 0.984532 0
    outer loop
      vertex 8.75122 -10.1644 4.4
      vertex 8.80966 -10.154 9.26057
      vertex 8.80966 -10.154 4.4
    endloop
  endfacet
  facet normal -0.175208 0.984532 0
    outer loop
      vertex 8.80966 -10.154 9.26057
      vertex 8.75122 -10.1644 4.4
      vertex 8.75122 -10.1644 9.29113
    endloop
  endfacet
  facet normal -0.175208 0.984532 0
    outer loop
      vertex 8.80966 -10.154 9.73943
      vertex 8.75122 -10.1644 15.2911
      vertex 8.80966 -10.154 15.2606
    endloop
  endfacet
  facet normal -0.175208 0.984532 0
    outer loop
      vertex 8.75122 -10.1644 15.2911
      vertex 8.80966 -10.154 9.73943
      vertex 8.75122 -10.1644 9.70887
    endloop
  endfacet
  facet normal -0.175208 0.984532 0
    outer loop
      vertex 8.80966 -10.154 15.7394
      vertex 8.75122 -10.1644 19.5
      vertex 8.80966 -10.154 19.5
    endloop
  endfacet
  facet normal -0.175208 0.984532 0
    outer loop
      vertex 8.75122 -10.1644 19.5
      vertex 8.80966 -10.154 15.7394
      vertex 8.75122 -10.1644 15.7089
    endloop
  endfacet
  facet normal -0.0243039 0.999571 0.0163423
    outer loop
      vertex 8.57425 -10.183 9.39321
      vertex 8.53072 -10.1845 9.42022
      vertex 8.54536 -10.184 9.41141
    endloop
  endfacet
  facet normal 0.0592311 0.98687 0.150264
    outer loop
      vertex 8.57425 -10.183 9.39321
      vertex 8.51495 -10.185 9.42972
      vertex 8.53072 -10.1845 9.42022
    endloop
  endfacet
  facet normal -0.0306761 0.999529 0
    outer loop
      vertex 8.5547 -10.1836 4.4
      vertex 8.57425 -10.183 9.39321
      vertex 8.57425 -10.183 4.4
    endloop
  endfacet
  facet normal -0.0351983 0.99938 1.77238e-05
    outer loop
      vertex 8.51495 -10.185 4.4
      vertex 8.57425 -10.183 9.39321
      vertex 8.5547 -10.1836 4.4
    endloop
  endfacet
  facet normal -0.0337076 0.999432 0
    outer loop
      vertex 8.57425 -10.183 9.39321
      vertex 8.51495 -10.185 4.4
      vertex 8.51495 -10.185 9.42972
    endloop
  endfacet
  facet normal -0.0245474 0.999571 0.0159558
    outer loop
      vertex 8.57425 -10.183 15.3932
      vertex 8.53072 -10.1845 15.4202
      vertex 8.54536 -10.184 15.4114
    endloop
  endfacet
  facet normal 0.0603741 0.986513 0.152143
    outer loop
      vertex 8.57425 -10.183 15.3932
      vertex 8.51495 -10.185 15.4297
      vertex 8.53072 -10.1845 15.4202
    endloop
  endfacet
  facet normal -0.0337076 0.999432 0
    outer loop
      vertex 8.57425 -10.183 9.60679
      vertex 8.51495 -10.185 15.4297
      vertex 8.57425 -10.183 15.3932
    endloop
  endfacet
  facet normal -0.0285387 0.999593 5.26953e-05
    outer loop
      vertex 8.56373 -10.1833 9.60016
      vertex 8.51495 -10.185 15.4297
      vertex 8.57425 -10.183 9.60679
    endloop
  endfacet
  facet normal 0.0788715 0.979663 -0.184497
    outer loop
      vertex 8.51495 -10.185 9.57028
      vertex 8.56373 -10.1833 9.60016
      vertex 8.54536 -10.184 9.58859
    endloop
  endfacet
  facet normal -0.0348292 0.999393 0
    outer loop
      vertex 8.56373 -10.1833 9.60016
      vertex 8.51495 -10.185 9.57028
      vertex 8.51495 -10.185 15.4297
    endloop
  endfacet
  facet normal -0.0337076 0.999432 0
    outer loop
      vertex 8.57425 -10.183 15.6068
      vertex 8.51495 -10.185 19.5
      vertex 8.57425 -10.183 19.5
    endloop
  endfacet
  facet normal -0.0285548 0.999592 7.85694e-05
    outer loop
      vertex 8.56373 -10.1833 15.6002
      vertex 8.51495 -10.185 19.5
      vertex 8.57425 -10.183 15.6068
    endloop
  endfacet
  facet normal -0.0380525 0.999276 -4.03695e-05
    outer loop
      vertex 8.54536 -10.184 15.5886
      vertex 8.51495 -10.185 19.5
      vertex 8.56373 -10.1833 15.6002
    endloop
  endfacet
  facet normal -0.0328662 0.99946 0
    outer loop
      vertex 8.51495 -10.185 19.5
      vertex 8.54536 -10.184 15.5886
      vertex 8.51495 -10.185 15.5703
    endloop
  endfacet
  facet normal -0.0707681 0.997493 0
    outer loop
      vertex 8.57425 -10.183 4.4
      vertex 8.63345 -10.1788 9.3575
      vertex 8.63345 -10.1788 4.4
    endloop
  endfacet
  facet normal -0.0707681 0.997493 0
    outer loop
      vertex 8.63345 -10.1788 9.3575
      vertex 8.57425 -10.183 4.4
      vertex 8.57425 -10.183 9.39321
    endloop
  endfacet
  facet normal -0.0707681 0.997493 0
    outer loop
      vertex 8.63345 -10.1788 9.6425
      vertex 8.57425 -10.183 15.3932
      vertex 8.63345 -10.1788 15.3575
    endloop
  endfacet
  facet normal -0.0707681 0.997493 0
    outer loop
      vertex 8.57425 -10.183 15.3932
      vertex 8.63345 -10.1788 9.6425
      vertex 8.57425 -10.183 9.60679
    endloop
  endfacet
  facet normal -0.0707681 0.997493 0
    outer loop
      vertex 8.63345 -10.1788 15.6425
      vertex 8.57425 -10.183 19.5
      vertex 8.63345 -10.1788 19.5
    endloop
  endfacet
  facet normal -0.0707681 0.997493 0
    outer loop
      vertex 8.57425 -10.183 19.5
      vertex 8.63345 -10.1788 15.6425
      vertex 8.57425 -10.183 15.6068
    endloop
  endfacet
  facet normal 0.07078 0.997492 -0
    outer loop
      vertex 8.39631 -10.183 4.4
      vertex 8.33712 -10.1788 19.5
      vertex 8.39631 -10.183 19.5
    endloop
  endfacet
  facet normal 0.07078 0.997492 0
    outer loop
      vertex 8.33712 -10.1788 19.5
      vertex 8.39631 -10.183 4.4
      vertex 8.33712 -10.1788 4.4
    endloop
  endfacet
  facet normal 0.438361 0.898799 -0
    outer loop
      vertex 7.76683 -10.026 4.4
      vertex 7.7135 -9.99999 19.5
      vertex 7.76683 -10.026 19.5
    endloop
  endfacet
  facet normal 0.438361 0.898799 0
    outer loop
      vertex 7.7135 -9.99999 19.5
      vertex 7.76683 -10.026 4.4
      vertex 7.7135 -9.99999 4.4
    endloop
  endfacet
  facet normal 0.469451 0.882959 -0
    outer loop
      vertex 7.7135 -9.99999 4.4
      vertex 7.6611 -9.97213 19.5
      vertex 7.7135 -9.99999 19.5
    endloop
  endfacet
  facet normal 0.469451 0.882959 0
    outer loop
      vertex 7.6611 -9.97213 19.5
      vertex 7.7135 -9.99999 4.4
      vertex 7.6611 -9.97213 4.4
    endloop
  endfacet
  facet normal -0.898799 -0.438361 0
    outer loop
      vertex 10.026 -7.76683 4.4
      vertex 9.99999 -7.7135 19.5
      vertex 9.99999 -7.7135 4.4
    endloop
  endfacet
  facet normal -0.898799 -0.438361 0
    outer loop
      vertex 9.99999 -7.7135 19.5
      vertex 10.026 -7.76683 4.4
      vertex 10.026 -7.76683 19.5
    endloop
  endfacet
  facet normal -0.961065 -0.276323 0
    outer loop
      vertex 10.1274 -8.04529 4.4
      vertex 10.111 -7.98825 19.5
      vertex 10.111 -7.98825 4.4
    endloop
  endfacet
  facet normal -0.961065 -0.276323 0
    outer loop
      vertex 10.111 -7.98825 19.5
      vertex 10.1274 -8.04529 4.4
      vertex 10.1274 -8.04529 19.5
    endloop
  endfacet
  facet normal -0.970508 -0.241068 0
    outer loop
      vertex 10.1417 -8.10286 4.4
      vertex 10.1274 -8.04529 19.5
      vertex 10.1274 -8.04529 4.4
    endloop
  endfacet
  facet normal -0.970508 -0.241068 0
    outer loop
      vertex 10.1274 -8.04529 19.5
      vertex 10.1417 -8.10286 4.4
      vertex 10.1417 -8.10286 19.5
    endloop
  endfacet
  facet normal -0.370011 0.925183 -0.0844253
    outer loop
      vertex 9.09451 -10.0724 9.13466
      vertex 9.03875 -10.0927 9.15658
      vertex 9.07545 -10.0793 9.14258
    endloop
  endfacet
  facet normal -0.342095 0.939665 0
    outer loop
      vertex 9.03875 -10.0927 4.4
      vertex 9.09451 -10.0724 9.13466
      vertex 9.09451 -10.0724 4.4
    endloop
  endfacet
  facet normal -0.342095 0.939665 0
    outer loop
      vertex 9.09451 -10.0724 9.13466
      vertex 9.03875 -10.0927 4.4
      vertex 9.03875 -10.0927 9.15658
    endloop
  endfacet
  facet normal -0.370809 0.92462 -0.087056
    outer loop
      vertex 9.09451 -10.0724 15.1347
      vertex 9.03875 -10.0927 15.1566
      vertex 9.07545 -10.0793 15.1426
    endloop
  endfacet
  facet normal -0.342095 0.939665 0
    outer loop
      vertex 9.09451 -10.0724 9.86534
      vertex 9.03875 -10.0927 15.1566
      vertex 9.09451 -10.0724 15.1347
    endloop
  endfacet
  facet normal -0.370011 0.925183 0.0844253
    outer loop
      vertex 9.03875 -10.0927 9.84342
      vertex 9.09451 -10.0724 9.86534
      vertex 9.07545 -10.0793 9.85742
    endloop
  endfacet
  facet normal -0.342095 0.939665 0
    outer loop
      vertex 9.09451 -10.0724 9.86534
      vertex 9.03875 -10.0927 9.84342
      vertex 9.03875 -10.0927 15.1566
    endloop
  endfacet
  facet normal -0.342095 0.939665 0
    outer loop
      vertex 9.09451 -10.0724 15.8653
      vertex 9.03875 -10.0927 19.5
      vertex 9.09451 -10.0724 19.5
    endloop
  endfacet
  facet normal -0.370809 0.92462 0.087056
    outer loop
      vertex 9.03875 -10.0927 15.8434
      vertex 9.09451 -10.0724 15.8653
      vertex 9.07545 -10.0793 15.8574
    endloop
  endfacet
  facet normal -0.342095 0.939665 0
    outer loop
      vertex 9.09451 -10.0724 15.8653
      vertex 9.03875 -10.0927 15.8434
      vertex 9.03875 -10.0927 19.5
    endloop
  endfacet
  facet normal -0.207318 0.978274 0
    outer loop
      vertex 8.80966 -10.154 4.4
      vertex 8.8677 -10.1417 9.2318
      vertex 8.8677 -10.1417 4.4
    endloop
  endfacet
  facet normal -0.207318 0.978274 0
    outer loop
      vertex 8.8677 -10.1417 9.2318
      vertex 8.80966 -10.154 4.4
      vertex 8.80966 -10.154 9.26057
    endloop
  endfacet
  facet normal -0.207318 0.978274 0
    outer loop
      vertex 8.8677 -10.1417 9.7682
      vertex 8.80966 -10.154 15.2606
      vertex 8.8677 -10.1417 15.2318
    endloop
  endfacet
  facet normal -0.207318 0.978274 0
    outer loop
      vertex 8.80966 -10.154 15.2606
      vertex 8.8677 -10.1417 9.7682
      vertex 8.80966 -10.154 9.73943
    endloop
  endfacet
  facet normal -0.207318 0.978274 0
    outer loop
      vertex 8.8677 -10.1417 15.7682
      vertex 8.80966 -10.154 19.5
      vertex 8.8677 -10.1417 19.5
    endloop
  endfacet
  facet normal -0.207318 0.978274 0
    outer loop
      vertex 8.80966 -10.154 19.5
      vertex 8.8677 -10.1417 15.7682
      vertex 8.80966 -10.154 15.7394
    endloop
  endfacet
  facet normal 0.138211 0.990403 -0
    outer loop
      vertex 8.2781 -10.1726 4.4
      vertex 8.21934 -10.1644 19.5
      vertex 8.2781 -10.1726 19.5
    endloop
  endfacet
  facet normal 0.138211 0.990403 0
    outer loop
      vertex 8.21934 -10.1644 19.5
      vertex 8.2781 -10.1726 4.4
      vertex 8.21934 -10.1644 4.4
    endloop
  endfacet
  facet normal 0.104474 0.994528 -0
    outer loop
      vertex 8.33712 -10.1788 4.4
      vertex 8.2781 -10.1726 19.5
      vertex 8.33712 -10.1788 19.5
    endloop
  endfacet
  facet normal 0.104474 0.994528 0
    outer loop
      vertex 8.2781 -10.1726 19.5
      vertex 8.33712 -10.1788 4.4
      vertex 8.2781 -10.1726 4.4
    endloop
  endfacet
  facet normal -0.91377 -0.406232 0
    outer loop
      vertex 10.0501 -7.82104 4.4
      vertex 10.026 -7.76683 19.5
      vertex 10.026 -7.76683 4.4
    endloop
  endfacet
  facet normal -0.91377 -0.406232 0
    outer loop
      vertex 10.026 -7.76683 19.5
      vertex 10.0501 -7.82104 4.4
      vertex 10.0501 -7.82104 19.5
    endloop
  endfacet
  facet normal 0.0337076 0.999432 -0
    outer loop
      vertex 8.45561 -10.185 15.5329
      vertex 8.39631 -10.183 19.5
      vertex 8.45561 -10.185 19.5
    endloop
  endfacet
  facet normal 0.0338772 0.999426 2.53711e-06
    outer loop
      vertex 8.40546 -10.1833 15.5
      vertex 8.39631 -10.183 19.5
      vertex 8.45561 -10.185 15.5329
    endloop
  endfacet
  facet normal 0.0338788 0.999426 -0
    outer loop
      vertex 8.45561 -10.185 9.53293
      vertex 8.40546 -10.1833 15.5
      vertex 8.45561 -10.185 15.4671
    endloop
  endfacet
  facet normal 0.0338788 0.999426 -0
    outer loop
      vertex 8.40546 -10.1833 9.5
      vertex 8.40546 -10.1833 15.5
      vertex 8.45561 -10.185 9.53293
    endloop
  endfacet
  facet normal 0.0327693 0.999463 -0
    outer loop
      vertex 8.40546 -10.1833 9.5
      vertex 8.39631 -10.183 19.5
      vertex 8.40546 -10.1833 15.5
    endloop
  endfacet
  facet normal 0.0337076 0.999432 0
    outer loop
      vertex 8.39631 -10.183 4.4
      vertex 8.45561 -10.185 9.46707
      vertex 8.45561 -10.185 4.4
    endloop
  endfacet
  facet normal 0.0327693 0.999463 0
    outer loop
      vertex 8.40546 -10.1833 9.5
      vertex 8.39631 -10.183 4.4
      vertex 8.39631 -10.183 19.5
    endloop
  endfacet
  facet normal 0.0338775 0.999426 -1.99053e-06
    outer loop
      vertex 8.45561 -10.185 9.46707
      vertex 8.39631 -10.183 4.4
      vertex 8.40546 -10.1833 9.5
    endloop
  endfacet
  facet normal 0.857059 -0.515219 0
    outer loop
      vertex 13.3417 -7.70282 19.5
      vertex 13.2286 -7.89096 17.7
      vertex 13.3417 -7.70282 17.7
    endloop
  endfacet
  facet normal 0.857125 -0.515108 -1.57776e-05
    outer loop
      vertex 13.0647 -8.16374 19.5
      vertex 13.2286 -7.89096 17.7
      vertex 13.3417 -7.70282 19.5
    endloop
  endfacet
  facet normal 0.857171 -0.515032 0
    outer loop
      vertex 13.2286 -7.89096 17.7
      vertex 13.0647 -8.16374 19.5
      vertex 13.0647 -8.16374 17.7
    endloop
  endfacet
  facet normal 0.857171 -0.515032 0
    outer loop
      vertex 13.1778 -7.9756 7.29999
      vertex 13.3417 -7.70282 0
      vertex 13.3417 -7.70282 7.29999
    endloop
  endfacet
  facet normal 0.857059 -0.515219 0
    outer loop
      vertex 13.0647 -8.16374 0
      vertex 13.1778 -7.9756 7.29999
      vertex 13.0647 -8.16374 7.29999
    endloop
  endfacet
  facet normal 0.857125 -0.515108 -3.89038e-06
    outer loop
      vertex 13.1778 -7.9756 7.29999
      vertex 13.0647 -8.16374 0
      vertex 13.3417 -7.70282 0
    endloop
  endfacet
  facet normal 0.857059 -0.515219 0
    outer loop
      vertex 13.3417 -7.70282 13.3
      vertex 13.2286 -7.89096 11.7
      vertex 13.3417 -7.70282 11.7
    endloop
  endfacet
  facet normal 0.857171 -0.515032 -2.99938e-05
    outer loop
      vertex 13.1778 -7.9756 13.3
      vertex 13.2286 -7.89096 11.7
      vertex 13.3417 -7.70282 13.3
    endloop
  endfacet
  facet normal 0.857059 -0.515219 0
    outer loop
      vertex 13.0647 -8.16374 11.7
      vertex 13.1778 -7.9756 13.3
      vertex 13.0647 -8.16374 13.3
    endloop
  endfacet
  facet normal 0.857171 -0.515032 -2.99938e-05
    outer loop
      vertex 13.1778 -7.9756 13.3
      vertex 13.0647 -8.16374 11.7
      vertex 13.2286 -7.89096 11.7
    endloop
  endfacet
  facet normal 0.225016 -0.974355 5.02101e-06
    outer loop
      vertex 3.51309 -14.9974 17.7
      vertex 3.72696 -14.948 19.5
      vertex 3.20301 -15.069 19.5
    endloop
  endfacet
  facet normal 0.224988 -0.974362 0
    outer loop
      vertex 3.51309 -14.9974 17.7
      vertex 3.20301 -15.069 19.5
      vertex 3.20301 -15.069 17.7
    endloop
  endfacet
  facet normal 0.225056 -0.974346 0
    outer loop
      vertex 3.72696 -14.948 19.5
      vertex 3.51309 -14.9974 17.7
      vertex 3.72696 -14.948 17.7
    endloop
  endfacet
  facet normal 0.224988 -0.974362 0
    outer loop
      vertex 3.72696 -14.948 0
      vertex 3.72696 -14.948 7.29999
      vertex 3.41688 -15.0196 7.29999
    endloop
  endfacet
  facet normal 0.225056 -0.974346 0
    outer loop
      vertex 3.20301 -15.069 0
      vertex 3.41688 -15.0196 7.29999
      vertex 3.20301 -15.069 7.29999
    endloop
  endfacet
  facet normal 0.225016 -0.974355 1.23806e-06
    outer loop
      vertex 3.72696 -14.948 0
      vertex 3.41688 -15.0196 7.29999
      vertex 3.20301 -15.069 0
    endloop
  endfacet
  facet normal 0.225056 -0.974346 0
    outer loop
      vertex 3.20301 -15.069 11.7
      vertex 3.41688 -15.0196 13.3
      vertex 3.20301 -15.069 13.3
    endloop
  endfacet
  facet normal 0.224988 -0.974362 9.54471e-06
    outer loop
      vertex 3.41688 -15.0196 13.3
      vertex 3.51309 -14.9974 11.7
      vertex 3.72696 -14.948 13.3
    endloop
  endfacet
  facet normal 0.224988 -0.974362 9.54471e-06
    outer loop
      vertex 3.41688 -15.0196 13.3
      vertex 3.20301 -15.069 11.7
      vertex 3.51309 -14.9974 11.7
    endloop
  endfacet
  facet normal 0.225056 -0.974346 0
    outer loop
      vertex 3.72696 -14.948 11.7
      vertex 3.72696 -14.948 13.3
      vertex 3.51309 -14.9974 11.7
    endloop
  endfacet
  facet normal 0.99865 -0.0519385 0
    outer loop
      vertex 15.3962 -0.537648 19.5
      vertex 15.3848 -0.756842 17.7
      vertex 15.3962 -0.537648 17.7
    endloop
  endfacet
  facet normal 0.998634 -0.052257 3.88907e-05
    outer loop
      vertex 15.3681 -1.07464 19.5
      vertex 15.3848 -0.756842 17.7
      vertex 15.3962 -0.537648 19.5
    endloop
  endfacet
  facet normal 0.998622 -0.0524767 0
    outer loop
      vertex 15.3848 -0.756842 17.7
      vertex 15.3681 -1.07464 19.5
      vertex 15.3681 -1.07464 17.7
    endloop
  endfacet
  facet normal 0.998639 -0.052163 0
    outer loop
      vertex 15.3796 -0.855448 7.29999
      vertex 15.3962 -0.537648 0
      vertex 15.3962 -0.537648 7.29999
    endloop
  endfacet
  facet normal 0.998627 -0.0523934 0
    outer loop
      vertex 15.3681 -1.07464 0
      vertex 15.3796 -0.855448 7.29999
      vertex 15.3681 -1.07464 7.29999
    endloop
  endfacet
  facet normal 0.998634 -0.052257 -4.10475e-06
    outer loop
      vertex 15.3796 -0.855448 7.29999
      vertex 15.3681 -1.07464 0
      vertex 15.3962 -0.537648 0
    endloop
  endfacet
  facet normal 0.99865 -0.0519385 0
    outer loop
      vertex 15.3962 -0.537648 13.3
      vertex 15.3848 -0.756842 11.7
      vertex 15.3962 -0.537648 11.7
    endloop
  endfacet
  facet normal 0.998639 -0.052163 3.08351e-05
    outer loop
      vertex 15.3796 -0.855448 13.3
      vertex 15.3848 -0.756842 11.7
      vertex 15.3962 -0.537648 13.3
    endloop
  endfacet
  facet normal 0.998627 -0.0523934 0
    outer loop
      vertex 15.3681 -1.07464 11.7
      vertex 15.3796 -0.855448 13.3
      vertex 15.3681 -1.07464 13.3
    endloop
  endfacet
  facet normal 0.998622 -0.0524767 1.14486e-05
    outer loop
      vertex 15.3796 -0.855448 13.3
      vertex 15.3681 -1.07464 11.7
      vertex 15.3848 -0.756842 11.7
    endloop
  endfacet
  facet normal -0.390876 -0.920443 0
    outer loop
      vertex -5.9731 -14.1981 17.7
      vertex -6.26604 -14.0737 19.5
      vertex -6.26604 -14.0737 17.7
    endloop
  endfacet
  facet normal -0.390872 -0.920445 7.93396e-07
    outer loop
      vertex -6.26604 -14.0737 19.5
      vertex -5.9731 -14.1981 17.7
      vertex -5.77105 -14.2839 19.5
    endloop
  endfacet
  facet normal -0.390866 -0.920448 -0
    outer loop
      vertex -5.77105 -14.2839 19.5
      vertex -5.9731 -14.1981 17.7
      vertex -5.77105 -14.2839 17.7
    endloop
  endfacet
  facet normal -0.390866 -0.920448 0
    outer loop
      vertex -6.26604 -14.0737 0
      vertex -6.06399 -14.1595 7.29999
      vertex -6.26604 -14.0737 7.29999
    endloop
  endfacet
  facet normal -0.390872 -0.920445 1.95632e-07
    outer loop
      vertex -5.77105 -14.2839 0
      vertex -6.06399 -14.1595 7.29999
      vertex -6.26604 -14.0737 0
    endloop
  endfacet
  facet normal -0.390876 -0.920443 0
    outer loop
      vertex -6.06399 -14.1595 7.29999
      vertex -5.77105 -14.2839 0
      vertex -5.77105 -14.2839 7.29999
    endloop
  endfacet
  facet normal -0.390866 -0.920448 0
    outer loop
      vertex -6.26604 -14.0737 11.7
      vertex -6.06399 -14.1595 13.3
      vertex -6.26604 -14.0737 13.3
    endloop
  endfacet
  facet normal -0.390876 -0.920443 1.5082e-06
    outer loop
      vertex -6.06399 -14.1595 13.3
      vertex -6.26604 -14.0737 11.7
      vertex -5.9731 -14.1981 11.7
    endloop
  endfacet
  facet normal -0.390876 -0.920443 1.5082e-06
    outer loop
      vertex -6.06399 -14.1595 13.3
      vertex -5.9731 -14.1981 11.7
      vertex -5.77105 -14.2839 13.3
    endloop
  endfacet
  facet normal -0.390866 -0.920448 -0
    outer loop
      vertex -5.77105 -14.2839 13.3
      vertex -5.9731 -14.1981 11.7
      vertex -5.77105 -14.2839 11.7
    endloop
  endfacet
  facet normal 0.98164 -0.190741 0
    outer loop
      vertex 15.1109 -2.98755 7.29999
      vertex 15.1716 -2.67516 0
      vertex 15.1716 -2.67516 7.29999
    endloop
  endfacet
  facet normal 0.981611 -0.190892 0
    outer loop
      vertex 15.069 -3.20301 0
      vertex 15.1109 -2.98755 7.29999
      vertex 15.069 -3.20301 7.29999
    endloop
  endfacet
  facet normal 0.981628 -0.190802 -2.73067e-06
    outer loop
      vertex 15.1109 -2.98755 7.29999
      vertex 15.069 -3.20301 0
      vertex 15.1716 -2.67516 0
    endloop
  endfacet
  facet normal 0.981611 -0.190892 0
    outer loop
      vertex 15.1716 -2.67516 19.5
      vertex 15.1297 -2.89062 17.7
      vertex 15.1716 -2.67516 17.7
    endloop
  endfacet
  facet normal 0.981628 -0.190802 -1.10744e-05
    outer loop
      vertex 15.069 -3.20301 19.5
      vertex 15.1297 -2.89062 17.7
      vertex 15.1716 -2.67516 19.5
    endloop
  endfacet
  facet normal 0.98164 -0.190741 0
    outer loop
      vertex 15.1297 -2.89062 17.7
      vertex 15.069 -3.20301 19.5
      vertex 15.069 -3.20301 17.7
    endloop
  endfacet
  facet normal 0.981611 -0.190892 0
    outer loop
      vertex 15.1716 -2.67516 13.3
      vertex 15.1297 -2.89062 11.7
      vertex 15.1716 -2.67516 11.7
    endloop
  endfacet
  facet normal 0.98164 -0.190741 -2.10518e-05
    outer loop
      vertex 15.1109 -2.98755 13.3
      vertex 15.1297 -2.89062 11.7
      vertex 15.1716 -2.67516 13.3
    endloop
  endfacet
  facet normal 0.981611 -0.190892 0
    outer loop
      vertex 15.069 -3.20301 11.7
      vertex 15.1109 -2.98755 13.3
      vertex 15.069 -3.20301 13.3
    endloop
  endfacet
  facet normal 0.98164 -0.190741 -2.10518e-05
    outer loop
      vertex 15.1109 -2.98755 13.3
      vertex 15.069 -3.20301 11.7
      vertex 15.1297 -2.89062 11.7
    endloop
  endfacet
  facet normal -0.087471 -0.996167 0
    outer loop
      vertex -1.61033 -15.3212 0
      vertex -1.39167 -15.3404 7.29999
      vertex -1.61033 -15.3212 7.29999
    endloop
  endfacet
  facet normal -0.087217 -0.996189 -7.6663e-06
    outer loop
      vertex -1.07464 -15.3681 0
      vertex -1.39167 -15.3404 7.29999
      vertex -1.61033 -15.3212 0
    endloop
  endfacet
  facet normal -0.0870418 -0.996205 0
    outer loop
      vertex -1.39167 -15.3404 7.29999
      vertex -1.07464 -15.3681 0
      vertex -1.07464 -15.3681 7.29999
    endloop
  endfacet
  facet normal -0.0873537 -0.996177 0
    outer loop
      vertex -1.2933 -15.349 17.7
      vertex -1.61033 -15.3212 19.5
      vertex -1.61033 -15.3212 17.7
    endloop
  endfacet
  facet normal -0.087217 -0.996189 2.42528e-05
    outer loop
      vertex -1.61033 -15.3212 19.5
      vertex -1.2933 -15.349 17.7
      vertex -1.07464 -15.3681 19.5
    endloop
  endfacet
  facet normal -0.0870189 -0.996207 0
    outer loop
      vertex -1.07464 -15.3681 17.7
      vertex -1.07464 -15.3681 19.5
      vertex -1.2933 -15.349 17.7
    endloop
  endfacet
  facet normal -0.087471 -0.996167 -0
    outer loop
      vertex -1.61033 -15.3212 13.3
      vertex -1.61033 -15.3212 11.7
      vertex -1.39167 -15.3404 13.3
    endloop
  endfacet
  facet normal -0.0870418 -0.996205 3.15998e-06
    outer loop
      vertex -1.2933 -15.349 11.7
      vertex -1.07464 -15.3681 13.3
      vertex -1.39167 -15.3404 13.3
    endloop
  endfacet
  facet normal -0.0873537 -0.996177 -1.61589e-05
    outer loop
      vertex -1.2933 -15.349 11.7
      vertex -1.39167 -15.3404 13.3
      vertex -1.61033 -15.3212 11.7
    endloop
  endfacet
  facet normal -0.0870189 -0.996207 0
    outer loop
      vertex -1.07464 -15.3681 11.7
      vertex -1.07464 -15.3681 13.3
      vertex -1.2933 -15.349 11.7
    endloop
  endfacet
  facet normal -0.573606 -0.819131 0
    outer loop
      vertex -9.0552 -12.4634 0
      vertex -8.87541 -12.5893 7.29999
      vertex -9.0552 -12.4634 7.29999
    endloop
  endfacet
  facet normal -0.573542 -0.819176 -2.34276e-06
    outer loop
      vertex -8.61472 -12.7718 0
      vertex -8.87541 -12.5893 7.29999
      vertex -9.0552 -12.4634 0
    endloop
  endfacet
  facet normal -0.573498 -0.819207 0
    outer loop
      vertex -8.87541 -12.5893 7.29999
      vertex -8.61472 -12.7718 0
      vertex -8.61472 -12.7718 7.29999
    endloop
  endfacet
  facet normal -0.573724 -0.819049 0
    outer loop
      vertex -8.79452 -12.646 17.7
      vertex -9.0552 -12.4634 19.5
      vertex -9.0552 -12.4634 17.7
    endloop
  endfacet
  facet normal -0.573542 -0.819176 3.91949e-05
    outer loop
      vertex -9.0552 -12.4634 19.5
      vertex -8.79452 -12.646 17.7
      vertex -8.61472 -12.7718 19.5
    endloop
  endfacet
  facet normal -0.573279 -0.81936 -0
    outer loop
      vertex -8.61472 -12.7718 19.5
      vertex -8.79452 -12.646 17.7
      vertex -8.61472 -12.7718 17.7
    endloop
  endfacet
  facet normal -0.573606 -0.819131 0
    outer loop
      vertex -9.0552 -12.4634 11.7
      vertex -8.87541 -12.5893 13.3
      vertex -9.0552 -12.4634 13.3
    endloop
  endfacet
  facet normal -0.573724 -0.819049 1.97198e-05
    outer loop
      vertex -8.87541 -12.5893 13.3
      vertex -9.0552 -12.4634 11.7
      vertex -8.79452 -12.646 11.7
    endloop
  endfacet
  facet normal -0.573498 -0.819207 3.67235e-05
    outer loop
      vertex -8.87541 -12.5893 13.3
      vertex -8.79452 -12.646 11.7
      vertex -8.61472 -12.7718 13.3
    endloop
  endfacet
  facet normal -0.573279 -0.81936 -0
    outer loop
      vertex -8.61472 -12.7718 13.3
      vertex -8.79452 -12.646 11.7
      vertex -8.61472 -12.7718 11.7
    endloop
  endfacet
  facet normal -0.920443 -0.390876 0
    outer loop
      vertex -14.1595 -6.06399 17.7
      vertex -14.2839 -5.77105 19.5
      vertex -14.2839 -5.77105 17.7
    endloop
  endfacet
  facet normal -0.920448 -0.390866 -0
    outer loop
      vertex -14.0737 -6.26604 19.5
      vertex -14.1595 -6.06399 17.7
      vertex -14.0737 -6.26604 17.7
    endloop
  endfacet
  facet normal -0.920445 -0.390872 -7.93396e-07
    outer loop
      vertex -14.1595 -6.06399 17.7
      vertex -14.0737 -6.26604 19.5
      vertex -14.2839 -5.77105 19.5
    endloop
  endfacet
  facet normal -0.920448 -0.390866 0
    outer loop
      vertex -14.2839 -5.77105 0
      vertex -14.1981 -5.9731 7.29999
      vertex -14.2839 -5.77105 7.29999
    endloop
  endfacet
  facet normal -0.920445 -0.390872 -1.95632e-07
    outer loop
      vertex -14.0737 -6.26604 0
      vertex -14.1981 -5.9731 7.29999
      vertex -14.2839 -5.77105 0
    endloop
  endfacet
  facet normal -0.920443 -0.390876 0
    outer loop
      vertex -14.1981 -5.9731 7.29999
      vertex -14.0737 -6.26604 0
      vertex -14.0737 -6.26604 7.29999
    endloop
  endfacet
  facet normal -0.920448 -0.390866 0
    outer loop
      vertex -14.2839 -5.77105 11.7
      vertex -14.1981 -5.9731 13.3
      vertex -14.2839 -5.77105 13.3
    endloop
  endfacet
  facet normal -0.920443 -0.390876 -1.5082e-06
    outer loop
      vertex -14.1595 -6.06399 11.7
      vertex -14.1981 -5.9731 13.3
      vertex -14.2839 -5.77105 11.7
    endloop
  endfacet
  facet normal -0.920448 -0.390866 -0
    outer loop
      vertex -14.0737 -6.26604 13.3
      vertex -14.1595 -6.06399 11.7
      vertex -14.0737 -6.26604 11.7
    endloop
  endfacet
  facet normal -0.920443 -0.390876 -1.5082e-06
    outer loop
      vertex -14.1595 -6.06399 11.7
      vertex -14.0737 -6.26604 13.3
      vertex -14.1981 -5.9731 13.3
    endloop
  endfacet
  facet normal 0.121923 -0.99254 0
    outer loop
      vertex 2.14405 -15.2557 0
      vertex 2.14405 -15.2557 7.29999
      vertex 1.82819 -15.2945 7.29999
    endloop
  endfacet
  facet normal 0.121646 -0.992574 0
    outer loop
      vertex 1.61033 -15.3212 0
      vertex 1.82819 -15.2945 7.29999
      vertex 1.61033 -15.3212 7.29999
    endloop
  endfacet
  facet normal 0.12181 -0.992553 -4.9692e-06
    outer loop
      vertex 2.14405 -15.2557 0
      vertex 1.82819 -15.2945 7.29999
      vertex 1.61033 -15.3212 0
    endloop
  endfacet
  facet normal 0.12181 -0.992553 3.4989e-05
    outer loop
      vertex 1.92619 -15.2825 17.7
      vertex 2.14405 -15.2557 19.5
      vertex 1.61033 -15.3212 19.5
    endloop
  endfacet
  facet normal 0.121613 -0.992578 0
    outer loop
      vertex 1.92619 -15.2825 17.7
      vertex 1.61033 -15.3212 19.5
      vertex 1.61033 -15.3212 17.7
    endloop
  endfacet
  facet normal 0.122094 -0.992518 0
    outer loop
      vertex 2.14405 -15.2557 19.5
      vertex 1.92619 -15.2825 17.7
      vertex 2.14405 -15.2557 17.7
    endloop
  endfacet
  facet normal 0.121923 -0.99254 2.37247e-05
    outer loop
      vertex 1.92619 -15.2825 11.7
      vertex 2.14405 -15.2557 13.3
      vertex 1.82819 -15.2945 13.3
    endloop
  endfacet
  facet normal 0.122094 -0.992518 0
    outer loop
      vertex 2.14405 -15.2557 11.7
      vertex 2.14405 -15.2557 13.3
      vertex 1.92619 -15.2825 11.7
    endloop
  endfacet
  facet normal 0.121646 -0.992574 0
    outer loop
      vertex 1.61033 -15.3212 11.7
      vertex 1.82819 -15.2945 13.3
      vertex 1.61033 -15.3212 13.3
    endloop
  endfacet
  facet normal 0.121613 -0.992578 4.47801e-06
    outer loop
      vertex 1.82819 -15.2945 13.3
      vertex 1.61033 -15.3212 11.7
      vertex 1.92619 -15.2825 11.7
    endloop
  endfacet
  facet normal 0.573279 -0.81936 0
    outer loop
      vertex 8.61472 -12.7718 7.29999
      vertex 8.61472 -12.7718 0
      vertex 8.79452 -12.646 7.29999
    endloop
  endfacet
  facet normal 0.573542 -0.819176 -9.66452e-06
    outer loop
      vertex 9.0552 -12.4634 0
      vertex 8.79452 -12.646 7.29999
      vertex 8.61472 -12.7718 0
    endloop
  endfacet
  facet normal 0.573724 -0.819049 0
    outer loop
      vertex 8.79452 -12.646 7.29999
      vertex 9.0552 -12.4634 0
      vertex 9.0552 -12.4634 7.29999
    endloop
  endfacet
  facet normal 0.573498 -0.819207 0
    outer loop
      vertex 8.87541 -12.5893 17.7
      vertex 8.61472 -12.7718 19.5
      vertex 8.61472 -12.7718 17.7
    endloop
  endfacet
  facet normal 0.573542 -0.819176 9.50118e-06
    outer loop
      vertex 8.61472 -12.7718 19.5
      vertex 8.87541 -12.5893 17.7
      vertex 9.0552 -12.4634 19.5
    endloop
  endfacet
  facet normal 0.573606 -0.819131 0
    outer loop
      vertex 9.0552 -12.4634 19.5
      vertex 8.87541 -12.5893 17.7
      vertex 9.0552 -12.4634 17.7
    endloop
  endfacet
  facet normal 0.573279 -0.81936 0
    outer loop
      vertex 8.61472 -12.7718 11.7
      vertex 8.79452 -12.646 13.3
      vertex 8.61472 -12.7718 13.3
    endloop
  endfacet
  facet normal 0.573498 -0.819207 -3.67235e-05
    outer loop
      vertex 8.79452 -12.646 13.3
      vertex 8.61472 -12.7718 11.7
      vertex 8.87541 -12.5893 11.7
    endloop
  endfacet
  facet normal 0.573724 -0.819049 -1.97198e-05
    outer loop
      vertex 8.79452 -12.646 13.3
      vertex 8.87541 -12.5893 11.7
      vertex 9.0552 -12.4634 13.3
    endloop
  endfacet
  facet normal 0.573606 -0.819131 0
    outer loop
      vertex 9.0552 -12.4634 13.3
      vertex 8.87541 -12.5893 11.7
      vertex 9.0552 -12.4634 11.7
    endloop
  endfacet
  facet normal 0.484814 -0.874617 -8.47386e-06
    outer loop
      vertex 7.51084 -13.4481 17.7
      vertex 7.70282 -13.3417 19.5
      vertex 7.23251 -13.6024 19.5
    endloop
  endfacet
  facet normal 0.484856 -0.874594 0
    outer loop
      vertex 7.51084 -13.4481 17.7
      vertex 7.23251 -13.6024 19.5
      vertex 7.23251 -13.6024 17.7
    endloop
  endfacet
  facet normal 0.484753 -0.874651 0
    outer loop
      vertex 7.70282 -13.3417 19.5
      vertex 7.51084 -13.4481 17.7
      vertex 7.70282 -13.3417 17.7
    endloop
  endfacet
  facet normal 0.484772 -0.87464 0
    outer loop
      vertex 7.23251 -13.6024 0
      vertex 7.42448 -13.496 7.29999
      vertex 7.23251 -13.6024 7.29999
    endloop
  endfacet
  facet normal 0.484814 -0.874617 -1.42532e-06
    outer loop
      vertex 7.70282 -13.3417 0
      vertex 7.42448 -13.496 7.29999
      vertex 7.23251 -13.6024 0
    endloop
  endfacet
  facet normal 0.484842 -0.874602 0
    outer loop
      vertex 7.42448 -13.496 7.29999
      vertex 7.70282 -13.3417 0
      vertex 7.70282 -13.3417 7.29999
    endloop
  endfacet
  facet normal 0.484842 -0.874602 -1.40182e-05
    outer loop
      vertex 7.42448 -13.496 13.3
      vertex 7.51084 -13.4481 11.7
      vertex 7.70282 -13.3417 13.3
    endloop
  endfacet
  facet normal 0.484772 -0.87464 0
    outer loop
      vertex 7.23251 -13.6024 11.7
      vertex 7.42448 -13.496 13.3
      vertex 7.23251 -13.6024 13.3
    endloop
  endfacet
  facet normal 0.484856 -0.874594 -1.30778e-05
    outer loop
      vertex 7.42448 -13.496 13.3
      vertex 7.23251 -13.6024 11.7
      vertex 7.51084 -13.4481 11.7
    endloop
  endfacet
  facet normal 0.484753 -0.874651 0
    outer loop
      vertex 7.70282 -13.3417 13.3
      vertex 7.51084 -13.4481 11.7
      vertex 7.70282 -13.3417 11.7
    endloop
  endfacet
  facet normal 0.515219 -0.857059 0
    outer loop
      vertex 7.70282 -13.3417 7.29999
      vertex 7.70282 -13.3417 0
      vertex 7.89096 -13.2286 7.29999
    endloop
  endfacet
  facet normal 0.515108 -0.857125 3.89038e-06
    outer loop
      vertex 8.16374 -13.0647 0
      vertex 7.89096 -13.2286 7.29999
      vertex 7.70282 -13.3417 0
    endloop
  endfacet
  facet normal 0.515032 -0.857171 0
    outer loop
      vertex 7.89096 -13.2286 7.29999
      vertex 8.16374 -13.0647 0
      vertex 8.16374 -13.0647 7.29999
    endloop
  endfacet
  facet normal 0.515032 -0.857171 0
    outer loop
      vertex 7.9756 -13.1778 17.7
      vertex 7.70282 -13.3417 19.5
      vertex 7.70282 -13.3417 17.7
    endloop
  endfacet
  facet normal 0.515108 -0.857125 1.57776e-05
    outer loop
      vertex 7.70282 -13.3417 19.5
      vertex 7.9756 -13.1778 17.7
      vertex 8.16374 -13.0647 19.5
    endloop
  endfacet
  facet normal 0.515219 -0.857059 0
    outer loop
      vertex 8.16374 -13.0647 19.5
      vertex 7.9756 -13.1778 17.7
      vertex 8.16374 -13.0647 17.7
    endloop
  endfacet
  facet normal 0.515219 -0.857059 0
    outer loop
      vertex 7.70282 -13.3417 13.3
      vertex 7.70282 -13.3417 11.7
      vertex 7.89096 -13.2286 13.3
    endloop
  endfacet
  facet normal 0.515032 -0.857171 2.99938e-05
    outer loop
      vertex 7.89096 -13.2286 13.3
      vertex 7.70282 -13.3417 11.7
      vertex 7.9756 -13.1778 11.7
    endloop
  endfacet
  facet normal 0.515032 -0.857171 2.99938e-05
    outer loop
      vertex 7.89096 -13.2286 13.3
      vertex 7.9756 -13.1778 11.7
      vertex 8.16374 -13.0647 13.3
    endloop
  endfacet
  facet normal 0.515219 -0.857059 0
    outer loop
      vertex 8.16374 -13.0647 13.3
      vertex 7.9756 -13.1778 11.7
      vertex 8.16374 -13.0647 11.7
    endloop
  endfacet
  facet normal 0.42238 -0.906419 0
    outer loop
      vertex 6.55446 -13.9393 17.7
      vertex 6.26604 -14.0737 19.5
      vertex 6.26604 -14.0737 17.7
    endloop
  endfacet
  facet normal 0.422534 -0.906347 3.01527e-05
    outer loop
      vertex 6.26604 -14.0737 19.5
      vertex 6.55446 -13.9393 17.7
      vertex 6.75339 -13.8465 19.5
    endloop
  endfacet
  facet normal 0.422758 -0.906242 0
    outer loop
      vertex 6.75339 -13.8465 19.5
      vertex 6.55446 -13.9393 17.7
      vertex 6.75339 -13.8465 17.7
    endloop
  endfacet
  facet normal 0.422384 -0.906417 0
    outer loop
      vertex 6.26604 -14.0737 0
      vertex 6.46497 -13.981 7.29999
      vertex 6.26604 -14.0737 7.29999
    endloop
  endfacet
  facet normal 0.422534 -0.906347 -4.98081e-06
    outer loop
      vertex 6.75339 -13.8465 0
      vertex 6.46497 -13.981 7.29999
      vertex 6.26604 -14.0737 0
    endloop
  endfacet
  facet normal 0.422638 -0.906299 0
    outer loop
      vertex 6.46497 -13.981 7.29999
      vertex 6.75339 -13.8465 0
      vertex 6.75339 -13.8465 7.29999
    endloop
  endfacet
  facet normal 0.422384 -0.906417 0
    outer loop
      vertex 6.26604 -14.0737 11.7
      vertex 6.46497 -13.981 13.3
      vertex 6.26604 -14.0737 13.3
    endloop
  endfacet
  facet normal 0.42238 -0.906419 6.71753e-07
    outer loop
      vertex 6.46497 -13.981 13.3
      vertex 6.26604 -14.0737 11.7
      vertex 6.55446 -13.9393 11.7
    endloop
  endfacet
  facet normal 0.422638 -0.906299 1.82469e-05
    outer loop
      vertex 6.46497 -13.981 13.3
      vertex 6.55446 -13.9393 11.7
      vertex 6.75339 -13.8465 13.3
    endloop
  endfacet
  facet normal 0.422758 -0.906242 0
    outer loop
      vertex 6.75339 -13.8465 13.3
      vertex 6.55446 -13.9393 11.7
      vertex 6.75339 -13.8465 11.7
    endloop
  endfacet
  facet normal 0.906419 -0.42238 0
    outer loop
      vertex 13.9393 -6.55446 7.29999
      vertex 14.0737 -6.26604 0
      vertex 14.0737 -6.26604 7.29999
    endloop
  endfacet
  facet normal 0.906242 -0.422758 0
    outer loop
      vertex 13.8465 -6.75339 0
      vertex 13.9393 -6.55446 7.29999
      vertex 13.8465 -6.75339 7.29999
    endloop
  endfacet
  facet normal 0.906347 -0.422534 -7.43492e-06
    outer loop
      vertex 13.9393 -6.55446 7.29999
      vertex 13.8465 -6.75339 0
      vertex 14.0737 -6.26604 0
    endloop
  endfacet
  facet normal 0.906417 -0.422384 0
    outer loop
      vertex 14.0737 -6.26604 19.5
      vertex 13.981 -6.46497 17.7
      vertex 14.0737 -6.26604 17.7
    endloop
  endfacet
  facet normal 0.906347 -0.422534 2.01999e-05
    outer loop
      vertex 13.8465 -6.75339 19.5
      vertex 13.981 -6.46497 17.7
      vertex 14.0737 -6.26604 19.5
    endloop
  endfacet
  facet normal 0.906299 -0.422638 0
    outer loop
      vertex 13.981 -6.46497 17.7
      vertex 13.8465 -6.75339 19.5
      vertex 13.8465 -6.75339 17.7
    endloop
  endfacet
  facet normal 0.906417 -0.422384 0
    outer loop
      vertex 14.0737 -6.26604 13.3
      vertex 13.981 -6.46497 11.7
      vertex 14.0737 -6.26604 11.7
    endloop
  endfacet
  facet normal 0.906419 -0.42238 -6.71753e-07
    outer loop
      vertex 13.9393 -6.55446 13.3
      vertex 13.981 -6.46497 11.7
      vertex 14.0737 -6.26604 13.3
    endloop
  endfacet
  facet normal 0.906242 -0.422758 0
    outer loop
      vertex 13.8465 -6.75339 11.7
      vertex 13.9393 -6.55446 13.3
      vertex 13.8465 -6.75339 13.3
    endloop
  endfacet
  facet normal 0.906299 -0.422638 -1.82469e-05
    outer loop
      vertex 13.9393 -6.55446 13.3
      vertex 13.8465 -6.75339 11.7
      vertex 13.981 -6.46497 11.7
    endloop
  endfacet
  facet normal 0.996207 -0.0870189 0
    outer loop
      vertex 15.3681 -1.07464 19.5
      vertex 15.349 -1.2933 17.7
      vertex 15.3681 -1.07464 17.7
    endloop
  endfacet
  facet normal 0.996189 -0.087217 2.42528e-05
    outer loop
      vertex 15.3212 -1.61033 19.5
      vertex 15.349 -1.2933 17.7
      vertex 15.3681 -1.07464 19.5
    endloop
  endfacet
  facet normal 0.996177 -0.0873537 0
    outer loop
      vertex 15.349 -1.2933 17.7
      vertex 15.3212 -1.61033 19.5
      vertex 15.3212 -1.61033 17.7
    endloop
  endfacet
  facet normal 0.996205 -0.0870418 0
    outer loop
      vertex 15.3404 -1.39167 7.29999
      vertex 15.3681 -1.07464 0
      vertex 15.3681 -1.07464 7.29999
    endloop
  endfacet
  facet normal 0.996167 -0.087471 0
    outer loop
      vertex 15.3212 -1.61033 0
      vertex 15.3404 -1.39167 7.29999
      vertex 15.3212 -1.61033 7.29999
    endloop
  endfacet
  facet normal 0.996189 -0.087217 -7.6663e-06
    outer loop
      vertex 15.3404 -1.39167 7.29999
      vertex 15.3212 -1.61033 0
      vertex 15.3681 -1.07464 0
    endloop
  endfacet
  facet normal 0.996207 -0.0870189 0
    outer loop
      vertex 15.3681 -1.07464 13.3
      vertex 15.349 -1.2933 11.7
      vertex 15.3681 -1.07464 11.7
    endloop
  endfacet
  facet normal 0.996205 -0.0870418 3.15998e-06
    outer loop
      vertex 15.3404 -1.39167 13.3
      vertex 15.349 -1.2933 11.7
      vertex 15.3681 -1.07464 13.3
    endloop
  endfacet
  facet normal 0.996167 -0.087471 0
    outer loop
      vertex 15.3212 -1.61033 11.7
      vertex 15.3404 -1.39167 13.3
      vertex 15.3212 -1.61033 13.3
    endloop
  endfacet
  facet normal 0.996177 -0.0873537 -1.61589e-05
    outer loop
      vertex 15.3404 -1.39167 13.3
      vertex 15.3212 -1.61033 11.7
      vertex 15.349 -1.2933 11.7
    endloop
  endfacet
  facet normal -0.707107 -0.707107 0
    outer loop
      vertex -10.7017 -11.0819 0
      vertex -11.0819 -10.7017 7.29999
      vertex -11.0819 -10.7017 0
    endloop
  endfacet
  facet normal -0.707107 -0.707107 0
    outer loop
      vertex -11.0819 -10.7017 7.29999
      vertex -10.7017 -11.0819 0
      vertex -10.7017 -11.0819 7.29999
    endloop
  endfacet
  facet normal -0.707107 -0.707107 0
    outer loop
      vertex -10.7017 -11.0819 17.7
      vertex -11.0819 -10.7017 19.5
      vertex -11.0819 -10.7017 17.7
    endloop
  endfacet
  facet normal -0.707107 -0.707107 0
    outer loop
      vertex -11.0819 -10.7017 19.5
      vertex -10.7017 -11.0819 17.7
      vertex -10.7017 -11.0819 19.5
    endloop
  endfacet
  facet normal -0.707107 -0.707107 0
    outer loop
      vertex -10.7017 -11.0819 11.7
      vertex -11.0819 -10.7017 13.3
      vertex -11.0819 -10.7017 11.7
    endloop
  endfacet
  facet normal -0.707107 -0.707107 0
    outer loop
      vertex -11.0819 -10.7017 13.3
      vertex -10.7017 -11.0819 11.7
      vertex -10.7017 -11.0819 13.3
    endloop
  endfacet
  facet normal -0.292485 -0.95627 0
    outer loop
      vertex -4.7606 -14.6516 0
      vertex -4.5507 -14.7158 7.29999
      vertex -4.7606 -14.6516 7.29999
    endloop
  endfacet
  facet normal -0.292345 -0.956313 -4.40367e-06
    outer loop
      vertex -4.24637 -14.8088 0
      vertex -4.5507 -14.7158 7.29999
      vertex -4.7606 -14.6516 0
    endloop
  endfacet
  facet normal -0.292248 -0.956343 0
    outer loop
      vertex -4.5507 -14.7158 7.29999
      vertex -4.24637 -14.8088 0
      vertex -4.24637 -14.8088 7.29999
    endloop
  endfacet
  facet normal -0.292535 -0.956255 0
    outer loop
      vertex -4.45627 -14.7447 17.7
      vertex -4.7606 -14.6516 19.5
      vertex -4.7606 -14.6516 17.7
    endloop
  endfacet
  facet normal -0.292345 -0.956313 3.52692e-05
    outer loop
      vertex -4.7606 -14.6516 19.5
      vertex -4.45627 -14.7447 17.7
      vertex -4.24637 -14.8088 19.5
    endloop
  endfacet
  facet normal -0.292068 -0.956398 -0
    outer loop
      vertex -4.24637 -14.8088 19.5
      vertex -4.45627 -14.7447 17.7
      vertex -4.24637 -14.8088 17.7
    endloop
  endfacet
  facet normal -0.292485 -0.95627 -0
    outer loop
      vertex -4.7606 -14.6516 13.3
      vertex -4.7606 -14.6516 11.7
      vertex -4.5507 -14.7158 13.3
    endloop
  endfacet
  facet normal -0.292535 -0.956255 7.27411e-06
    outer loop
      vertex -4.45627 -14.7447 11.7
      vertex -4.5507 -14.7158 13.3
      vertex -4.7606 -14.6516 11.7
    endloop
  endfacet
  facet normal -0.292248 -0.956343 2.58211e-05
    outer loop
      vertex -4.5507 -14.7158 13.3
      vertex -4.45627 -14.7447 11.7
      vertex -4.24637 -14.8088 13.3
    endloop
  endfacet
  facet normal -0.292068 -0.956398 -0
    outer loop
      vertex -4.24637 -14.8088 13.3
      vertex -4.45627 -14.7447 11.7
      vertex -4.24637 -14.8088 11.7
    endloop
  endfacet
  facet normal -0.190741 -0.98164 0
    outer loop
      vertex -2.89062 -15.1297 17.7
      vertex -3.20301 -15.069 19.5
      vertex -3.20301 -15.069 17.7
    endloop
  endfacet
  facet normal -0.190802 -0.981628 -1.10744e-05
    outer loop
      vertex -3.20301 -15.069 19.5
      vertex -2.89062 -15.1297 17.7
      vertex -2.67516 -15.1716 19.5
    endloop
  endfacet
  facet normal -0.190892 -0.981611 -0
    outer loop
      vertex -2.67516 -15.1716 19.5
      vertex -2.89062 -15.1297 17.7
      vertex -2.67516 -15.1716 17.7
    endloop
  endfacet
  facet normal -0.190892 -0.981611 -0
    outer loop
      vertex -3.20301 -15.069 7.29999
      vertex -3.20301 -15.069 0
      vertex -2.98755 -15.1109 7.29999
    endloop
  endfacet
  facet normal -0.190802 -0.981628 -2.73067e-06
    outer loop
      vertex -2.67516 -15.1716 0
      vertex -2.98755 -15.1109 7.29999
      vertex -3.20301 -15.069 0
    endloop
  endfacet
  facet normal -0.190741 -0.98164 0
    outer loop
      vertex -2.98755 -15.1109 7.29999
      vertex -2.67516 -15.1716 0
      vertex -2.67516 -15.1716 7.29999
    endloop
  endfacet
  facet normal -0.190892 -0.981611 -0
    outer loop
      vertex -3.20301 -15.069 13.3
      vertex -3.20301 -15.069 11.7
      vertex -2.98755 -15.1109 13.3
    endloop
  endfacet
  facet normal -0.190741 -0.98164 -2.10518e-05
    outer loop
      vertex -2.98755 -15.1109 13.3
      vertex -3.20301 -15.069 11.7
      vertex -2.89062 -15.1297 11.7
    endloop
  endfacet
  facet normal -0.190741 -0.98164 -2.10518e-05
    outer loop
      vertex -2.98755 -15.1109 13.3
      vertex -2.89062 -15.1297 11.7
      vertex -2.67516 -15.1716 13.3
    endloop
  endfacet
  facet normal -0.190892 -0.981611 -0
    outer loop
      vertex -2.67516 -15.1716 13.3
      vertex -2.89062 -15.1297 11.7
      vertex -2.67516 -15.1716 11.7
    endloop
  endfacet
  facet normal -0.515219 -0.857059 0
    outer loop
      vertex -8.16374 -13.0647 0
      vertex -7.9756 -13.1778 7.29999
      vertex -8.16374 -13.0647 7.29999
    endloop
  endfacet
  facet normal -0.515108 -0.857125 -3.89038e-06
    outer loop
      vertex -7.70282 -13.3417 0
      vertex -7.9756 -13.1778 7.29999
      vertex -8.16374 -13.0647 0
    endloop
  endfacet
  facet normal -0.515032 -0.857171 0
    outer loop
      vertex -7.9756 -13.1778 7.29999
      vertex -7.70282 -13.3417 0
      vertex -7.70282 -13.3417 7.29999
    endloop
  endfacet
  facet normal -0.515108 -0.857125 -1.57776e-05
    outer loop
      vertex -7.89096 -13.2286 17.7
      vertex -7.70282 -13.3417 19.5
      vertex -8.16374 -13.0647 19.5
    endloop
  endfacet
  facet normal -0.515032 -0.857171 0
    outer loop
      vertex -7.89096 -13.2286 17.7
      vertex -8.16374 -13.0647 19.5
      vertex -8.16374 -13.0647 17.7
    endloop
  endfacet
  facet normal -0.515219 -0.857059 -0
    outer loop
      vertex -7.70282 -13.3417 19.5
      vertex -7.89096 -13.2286 17.7
      vertex -7.70282 -13.3417 17.7
    endloop
  endfacet
  facet normal -0.515219 -0.857059 0
    outer loop
      vertex -8.16374 -13.0647 11.7
      vertex -7.9756 -13.1778 13.3
      vertex -8.16374 -13.0647 13.3
    endloop
  endfacet
  facet normal -0.515032 -0.857171 -2.99938e-05
    outer loop
      vertex -7.9756 -13.1778 13.3
      vertex -7.89096 -13.2286 11.7
      vertex -7.70282 -13.3417 13.3
    endloop
  endfacet
  facet normal -0.515032 -0.857171 -2.99938e-05
    outer loop
      vertex -7.9756 -13.1778 13.3
      vertex -8.16374 -13.0647 11.7
      vertex -7.89096 -13.2286 11.7
    endloop
  endfacet
  facet normal -0.515219 -0.857059 0
    outer loop
      vertex -7.70282 -13.3417 11.7
      vertex -7.70282 -13.3417 13.3
      vertex -7.89096 -13.2286 11.7
    endloop
  endfacet
  facet normal -0.544822 -0.838552 0
    outer loop
      vertex -8.61472 -12.7718 0
      vertex -8.43064 -12.8914 7.29999
      vertex -8.61472 -12.7718 7.29999
    endloop
  endfacet
  facet normal -0.544678 -0.838645 -5.13965e-06
    outer loop
      vertex -8.16374 -13.0647 0
      vertex -8.43064 -12.8914 7.29999
      vertex -8.61472 -12.7718 0
    endloop
  endfacet
  facet normal -0.54458 -0.838709 0
    outer loop
      vertex -8.43064 -12.8914 7.29999
      vertex -8.16374 -13.0647 0
      vertex -8.16374 -13.0647 7.29999
    endloop
  endfacet
  facet normal -0.544815 -0.838556 0
    outer loop
      vertex -8.34783 -12.9452 17.7
      vertex -8.61472 -12.7718 19.5
      vertex -8.61472 -12.7718 17.7
    endloop
  endfacet
  facet normal -0.544678 -0.838645 2.87733e-05
    outer loop
      vertex -8.61472 -12.7718 19.5
      vertex -8.34783 -12.9452 17.7
      vertex -8.16374 -13.0647 19.5
    endloop
  endfacet
  facet normal -0.544481 -0.838773 -0
    outer loop
      vertex -8.16374 -13.0647 19.5
      vertex -8.34783 -12.9452 17.7
      vertex -8.16374 -13.0647 17.7
    endloop
  endfacet
  facet normal -0.544822 -0.838552 0
    outer loop
      vertex -8.61472 -12.7718 11.7
      vertex -8.43064 -12.8914 13.3
      vertex -8.61472 -12.7718 13.3
    endloop
  endfacet
  facet normal -0.544815 -0.838556 -1.12325e-06
    outer loop
      vertex -8.43064 -12.8914 13.3
      vertex -8.61472 -12.7718 11.7
      vertex -8.34783 -12.9452 11.7
    endloop
  endfacet
  facet normal -0.54458 -0.838709 1.61972e-05
    outer loop
      vertex -8.43064 -12.8914 13.3
      vertex -8.34783 -12.9452 11.7
      vertex -8.16374 -13.0647 13.3
    endloop
  endfacet
  facet normal -0.544481 -0.838773 -0
    outer loop
      vertex -8.16374 -13.0647 13.3
      vertex -8.34783 -12.9452 11.7
      vertex -8.16374 -13.0647 11.7
    endloop
  endfacet
  facet normal -0.62923 -0.777219 -0
    outer loop
      vertex -9.90255 -11.8014 7.29999
      vertex -9.90255 -11.8014 0
      vertex -9.73197 -11.9395 7.29999
    endloop
  endfacet
  facet normal -0.62932 -0.777147 3.48069e-06
    outer loop
      vertex -9.48466 -12.1398 0
      vertex -9.73197 -11.9395 7.29999
      vertex -9.90255 -11.8014 0
    endloop
  endfacet
  facet normal -0.629382 -0.777096 0
    outer loop
      vertex -9.73197 -11.9395 7.29999
      vertex -9.48466 -12.1398 0
      vertex -9.48466 -12.1398 7.29999
    endloop
  endfacet
  facet normal -0.62932 -0.777147 1.06199e-05
    outer loop
      vertex -9.90255 -11.8014 19.5
      vertex -9.65523 -12.0017 17.7
      vertex -9.48466 -12.1398 19.5
    endloop
  endfacet
  facet normal -0.629366 -0.777109 -0
    outer loop
      vertex -9.90255 -11.8014 19.5
      vertex -9.90255 -11.8014 17.7
      vertex -9.65523 -12.0017 17.7
    endloop
  endfacet
  facet normal -0.629252 -0.777201 -0
    outer loop
      vertex -9.48466 -12.1398 19.5
      vertex -9.65523 -12.0017 17.7
      vertex -9.48466 -12.1398 17.7
    endloop
  endfacet
  facet normal -0.62923 -0.777219 -0
    outer loop
      vertex -9.90255 -11.8014 13.3
      vertex -9.90255 -11.8014 11.7
      vertex -9.73197 -11.9395 13.3
    endloop
  endfacet
  facet normal -0.629366 -0.777109 2.41197e-05
    outer loop
      vertex -9.73197 -11.9395 13.3
      vertex -9.90255 -11.8014 11.7
      vertex -9.65523 -12.0017 11.7
    endloop
  endfacet
  facet normal -0.629382 -0.777096 2.28987e-05
    outer loop
      vertex -9.73197 -11.9395 13.3
      vertex -9.65523 -12.0017 11.7
      vertex -9.48466 -12.1398 13.3
    endloop
  endfacet
  facet normal -0.629252 -0.777201 -0
    outer loop
      vertex -9.48466 -12.1398 13.3
      vertex -9.65523 -12.0017 11.7
      vertex -9.48466 -12.1398 11.7
    endloop
  endfacet
  facet normal -0.81936 -0.573279 0
    outer loop
      vertex -12.7718 -8.61472 0
      vertex -12.646 -8.79452 7.29999
      vertex -12.7718 -8.61472 7.29999
    endloop
  endfacet
  facet normal -0.819176 -0.573542 -9.66452e-06
    outer loop
      vertex -12.4634 -9.0552 0
      vertex -12.646 -8.79452 7.29999
      vertex -12.7718 -8.61472 0
    endloop
  endfacet
  facet normal -0.819049 -0.573724 0
    outer loop
      vertex -12.646 -8.79452 7.29999
      vertex -12.4634 -9.0552 0
      vertex -12.4634 -9.0552 7.29999
    endloop
  endfacet
  facet normal -0.819207 -0.573498 0
    outer loop
      vertex -12.5893 -8.87541 17.7
      vertex -12.7718 -8.61472 19.5
      vertex -12.7718 -8.61472 17.7
    endloop
  endfacet
  facet normal -0.819131 -0.573606 -0
    outer loop
      vertex -12.4634 -9.0552 19.5
      vertex -12.5893 -8.87541 17.7
      vertex -12.4634 -9.0552 17.7
    endloop
  endfacet
  facet normal -0.819176 -0.573542 9.50118e-06
    outer loop
      vertex -12.5893 -8.87541 17.7
      vertex -12.4634 -9.0552 19.5
      vertex -12.7718 -8.61472 19.5
    endloop
  endfacet
  facet normal -0.81936 -0.573279 0
    outer loop
      vertex -12.7718 -8.61472 11.7
      vertex -12.646 -8.79452 13.3
      vertex -12.7718 -8.61472 13.3
    endloop
  endfacet
  facet normal -0.819207 -0.573498 -3.67235e-05
    outer loop
      vertex -12.5893 -8.87541 11.7
      vertex -12.646 -8.79452 13.3
      vertex -12.7718 -8.61472 11.7
    endloop
  endfacet
  facet normal -0.819131 -0.573606 -0
    outer loop
      vertex -12.4634 -9.0552 13.3
      vertex -12.5893 -8.87541 11.7
      vertex -12.4634 -9.0552 11.7
    endloop
  endfacet
  facet normal -0.819049 -0.573724 -1.97198e-05
    outer loop
      vertex -12.5893 -8.87541 11.7
      vertex -12.4634 -9.0552 13.3
      vertex -12.646 -8.79452 13.3
    endloop
  endfacet
  facet normal -0.838773 -0.544481 0
    outer loop
      vertex -13.0647 -8.16374 0
      vertex -12.9452 -8.34783 7.29999
      vertex -13.0647 -8.16374 7.29999
    endloop
  endfacet
  facet normal -0.838645 -0.544678 -7.09479e-06
    outer loop
      vertex -12.7718 -8.61472 0
      vertex -12.9452 -8.34783 7.29999
      vertex -13.0647 -8.16374 0
    endloop
  endfacet
  facet normal -0.838556 -0.544815 0
    outer loop
      vertex -12.9452 -8.34783 7.29999
      vertex -12.7718 -8.61472 0
      vertex -12.7718 -8.61472 7.29999
    endloop
  endfacet
  facet normal -0.838709 -0.54458 0
    outer loop
      vertex -12.8914 -8.43064 17.7
      vertex -13.0647 -8.16374 19.5
      vertex -13.0647 -8.16374 17.7
    endloop
  endfacet
  facet normal -0.838552 -0.544822 -0
    outer loop
      vertex -12.7718 -8.61472 19.5
      vertex -12.8914 -8.43064 17.7
      vertex -12.7718 -8.61472 17.7
    endloop
  endfacet
  facet normal -0.838645 -0.544678 2.08441e-05
    outer loop
      vertex -12.8914 -8.43064 17.7
      vertex -12.7718 -8.61472 19.5
      vertex -13.0647 -8.16374 19.5
    endloop
  endfacet
  facet normal -0.838773 -0.544481 0
    outer loop
      vertex -13.0647 -8.16374 11.7
      vertex -12.9452 -8.34783 13.3
      vertex -13.0647 -8.16374 13.3
    endloop
  endfacet
  facet normal -0.838709 -0.54458 -1.61972e-05
    outer loop
      vertex -12.8914 -8.43064 11.7
      vertex -12.9452 -8.34783 13.3
      vertex -13.0647 -8.16374 11.7
    endloop
  endfacet
  facet normal -0.838552 -0.544822 -0
    outer loop
      vertex -12.7718 -8.61472 13.3
      vertex -12.8914 -8.43064 11.7
      vertex -12.7718 -8.61472 11.7
    endloop
  endfacet
  facet normal -0.838556 -0.544815 1.12325e-06
    outer loop
      vertex -12.8914 -8.43064 11.7
      vertex -12.7718 -8.61472 13.3
      vertex -12.9452 -8.34783 13.3
    endloop
  endfacet
  facet normal -0.777201 -0.629252 0
    outer loop
      vertex -12.1398 -9.48466 0
      vertex -12.0017 -9.65523 7.29999
      vertex -12.1398 -9.48466 7.29999
    endloop
  endfacet
  facet normal -0.777147 -0.62932 -2.6186e-06
    outer loop
      vertex -11.8014 -9.90255 0
      vertex -12.0017 -9.65523 7.29999
      vertex -12.1398 -9.48466 0
    endloop
  endfacet
  facet normal -0.777109 -0.629366 0
    outer loop
      vertex -12.0017 -9.65523 7.29999
      vertex -11.8014 -9.90255 0
      vertex -11.8014 -9.90255 7.29999
    endloop
  endfacet
  facet normal -0.777096 -0.629382 0
    outer loop
      vertex -11.9395 -9.73197 17.7
      vertex -12.1398 -9.48466 19.5
      vertex -12.1398 -9.48466 17.7
    endloop
  endfacet
  facet normal -0.777219 -0.62923 -0
    outer loop
      vertex -11.8014 -9.90255 19.5
      vertex -11.9395 -9.73197 17.7
      vertex -11.8014 -9.90255 17.7
    endloop
  endfacet
  facet normal -0.777147 -0.62932 -1.41161e-05
    outer loop
      vertex -11.9395 -9.73197 17.7
      vertex -11.8014 -9.90255 19.5
      vertex -12.1398 -9.48466 19.5
    endloop
  endfacet
  facet normal -0.777201 -0.629252 0
    outer loop
      vertex -12.1398 -9.48466 11.7
      vertex -12.0017 -9.65523 13.3
      vertex -12.1398 -9.48466 13.3
    endloop
  endfacet
  facet normal -0.777096 -0.629382 -2.28987e-05
    outer loop
      vertex -11.9395 -9.73197 11.7
      vertex -12.0017 -9.65523 13.3
      vertex -12.1398 -9.48466 11.7
    endloop
  endfacet
  facet normal -0.777219 -0.62923 -0
    outer loop
      vertex -11.8014 -9.90255 13.3
      vertex -11.9395 -9.73197 11.7
      vertex -11.8014 -9.90255 11.7
    endloop
  endfacet
  facet normal -0.777109 -0.629366 -2.41197e-05
    outer loop
      vertex -11.9395 -9.73197 11.7
      vertex -11.8014 -9.90255 13.3
      vertex -12.0017 -9.65523 13.3
    endloop
  endfacet
  facet normal -0.731283 -0.682075 0
    outer loop
      vertex -11.4486 -10.3084 0
      vertex -11.2989 -10.4689 7.29999
      vertex -11.4486 -10.3084 7.29999
    endloop
  endfacet
  facet normal -0.731408 -0.68194 5.51787e-06
    outer loop
      vertex -11.0819 -10.7017 0
      vertex -11.2989 -10.4689 7.29999
      vertex -11.4486 -10.3084 0
    endloop
  endfacet
  facet normal -0.731494 -0.681848 0
    outer loop
      vertex -11.2989 -10.4689 7.29999
      vertex -11.0819 -10.7017 0
      vertex -11.0819 -10.7017 7.29999
    endloop
  endfacet
  facet normal -0.731348 -0.682005 0
    outer loop
      vertex -11.2316 -10.5411 17.7
      vertex -11.4486 -10.3084 19.5
      vertex -11.4486 -10.3084 17.7
    endloop
  endfacet
  facet normal -0.731494 -0.681847 -0
    outer loop
      vertex -11.0819 -10.7017 19.5
      vertex -11.2316 -10.5411 17.7
      vertex -11.0819 -10.7017 17.7
    endloop
  endfacet
  facet normal -0.731408 -0.68194 -1.55076e-05
    outer loop
      vertex -11.2316 -10.5411 17.7
      vertex -11.0819 -10.7017 19.5
      vertex -11.4486 -10.3084 19.5
    endloop
  endfacet
  facet normal -0.731283 -0.682075 0
    outer loop
      vertex -11.4486 -10.3084 11.7
      vertex -11.2989 -10.4689 13.3
      vertex -11.4486 -10.3084 13.3
    endloop
  endfacet
  facet normal -0.731348 -0.682005 1.31412e-05
    outer loop
      vertex -11.2316 -10.5411 11.7
      vertex -11.2989 -10.4689 13.3
      vertex -11.4486 -10.3084 11.7
    endloop
  endfacet
  facet normal -0.731494 -0.681847 -0
    outer loop
      vertex -11.0819 -10.7017 13.3
      vertex -11.2316 -10.5411 11.7
      vertex -11.0819 -10.7017 11.7
    endloop
  endfacet
  facet normal -0.731494 -0.681848 -7.85539e-08
    outer loop
      vertex -11.2316 -10.5411 11.7
      vertex -11.0819 -10.7017 13.3
      vertex -11.2989 -10.4689 13.3
    endloop
  endfacet
  facet normal -0.857059 -0.515219 0
    outer loop
      vertex -13.3417 -7.70282 0
      vertex -13.2286 -7.89096 7.29999
      vertex -13.3417 -7.70282 7.29999
    endloop
  endfacet
  facet normal -0.857125 -0.515108 3.89038e-06
    outer loop
      vertex -13.0647 -8.16374 0
      vertex -13.2286 -7.89096 7.29999
      vertex -13.3417 -7.70282 0
    endloop
  endfacet
  facet normal -0.857171 -0.515032 0
    outer loop
      vertex -13.2286 -7.89096 7.29999
      vertex -13.0647 -8.16374 0
      vertex -13.0647 -8.16374 7.29999
    endloop
  endfacet
  facet normal -0.857171 -0.515032 0
    outer loop
      vertex -13.1778 -7.9756 17.7
      vertex -13.3417 -7.70282 19.5
      vertex -13.3417 -7.70282 17.7
    endloop
  endfacet
  facet normal -0.857059 -0.515219 -0
    outer loop
      vertex -13.0647 -8.16374 19.5
      vertex -13.1778 -7.9756 17.7
      vertex -13.0647 -8.16374 17.7
    endloop
  endfacet
  facet normal -0.857125 -0.515108 1.57776e-05
    outer loop
      vertex -13.1778 -7.9756 17.7
      vertex -13.0647 -8.16374 19.5
      vertex -13.3417 -7.70282 19.5
    endloop
  endfacet
  facet normal -0.857059 -0.515219 0
    outer loop
      vertex -13.3417 -7.70282 11.7
      vertex -13.2286 -7.89096 13.3
      vertex -13.3417 -7.70282 13.3
    endloop
  endfacet
  facet normal -0.857171 -0.515032 2.99938e-05
    outer loop
      vertex -13.1778 -7.9756 11.7
      vertex -13.2286 -7.89096 13.3
      vertex -13.3417 -7.70282 11.7
    endloop
  endfacet
  facet normal -0.857059 -0.515219 -0
    outer loop
      vertex -13.0647 -8.16374 13.3
      vertex -13.1778 -7.9756 11.7
      vertex -13.0647 -8.16374 11.7
    endloop
  endfacet
  facet normal -0.857171 -0.515032 2.99938e-05
    outer loop
      vertex -13.1778 -7.9756 11.7
      vertex -13.0647 -8.16374 13.3
      vertex -13.2286 -7.89096 13.3
    endloop
  endfacet
  facet normal -0.992574 -0.121646 0
    outer loop
      vertex -15.3212 -1.61033 0
      vertex -15.2945 -1.82819 7.29999
      vertex -15.3212 -1.61033 7.29999
    endloop
  endfacet
  facet normal -0.992553 -0.12181 -4.9692e-06
    outer loop
      vertex -15.2557 -2.14405 0
      vertex -15.2945 -1.82819 7.29999
      vertex -15.3212 -1.61033 0
    endloop
  endfacet
  facet normal -0.99254 -0.121923 0
    outer loop
      vertex -15.2945 -1.82819 7.29999
      vertex -15.2557 -2.14405 0
      vertex -15.2557 -2.14405 7.29999
    endloop
  endfacet
  facet normal -0.992578 -0.121613 0
    outer loop
      vertex -15.2825 -1.92619 17.7
      vertex -15.3212 -1.61033 19.5
      vertex -15.3212 -1.61033 17.7
    endloop
  endfacet
  facet normal -0.992518 -0.122094 -0
    outer loop
      vertex -15.2557 -2.14405 19.5
      vertex -15.2825 -1.92619 17.7
      vertex -15.2557 -2.14405 17.7
    endloop
  endfacet
  facet normal -0.992553 -0.12181 3.4989e-05
    outer loop
      vertex -15.2825 -1.92619 17.7
      vertex -15.2557 -2.14405 19.5
      vertex -15.3212 -1.61033 19.5
    endloop
  endfacet
  facet normal -0.992574 -0.121646 0
    outer loop
      vertex -15.3212 -1.61033 11.7
      vertex -15.2945 -1.82819 13.3
      vertex -15.3212 -1.61033 13.3
    endloop
  endfacet
  facet normal -0.992578 -0.121613 4.47801e-06
    outer loop
      vertex -15.2825 -1.92619 11.7
      vertex -15.2945 -1.82819 13.3
      vertex -15.3212 -1.61033 11.7
    endloop
  endfacet
  facet normal -0.992518 -0.122094 -0
    outer loop
      vertex -15.2557 -2.14405 13.3
      vertex -15.2825 -1.92619 11.7
      vertex -15.2557 -2.14405 11.7
    endloop
  endfacet
  facet normal -0.99254 -0.121923 2.37247e-05
    outer loop
      vertex -15.2825 -1.92619 11.7
      vertex -15.2557 -2.14405 13.3
      vertex -15.2945 -1.82819 13.3
    endloop
  endfacet
  facet normal -0.987714 -0.156274 0
    outer loop
      vertex -15.2557 -2.14405 0
      vertex -15.2214 -2.36084 7.29999
      vertex -15.2557 -2.14405 7.29999
    endloop
  endfacet
  facet normal -0.987694 -0.156399 -3.8126e-06
    outer loop
      vertex -15.1716 -2.67516 0
      vertex -15.2214 -2.36084 7.29999
      vertex -15.2557 -2.14405 0
    endloop
  endfacet
  facet normal -0.98768 -0.156485 0
    outer loop
      vertex -15.2214 -2.36084 7.29999
      vertex -15.1716 -2.67516 0
      vertex -15.1716 -2.67516 7.29999
    endloop
  endfacet
  facet normal -0.98768 -0.156485 0
    outer loop
      vertex -15.2059 -2.45837 17.7
      vertex -15.2557 -2.14405 19.5
      vertex -15.2557 -2.14405 17.7
    endloop
  endfacet
  facet normal -0.987714 -0.156274 -0
    outer loop
      vertex -15.1716 -2.67516 19.5
      vertex -15.2059 -2.45837 17.7
      vertex -15.1716 -2.67516 17.7
    endloop
  endfacet
  facet normal -0.987694 -0.156399 -1.54622e-05
    outer loop
      vertex -15.2059 -2.45837 17.7
      vertex -15.1716 -2.67516 19.5
      vertex -15.2557 -2.14405 19.5
    endloop
  endfacet
  facet normal -0.987714 -0.156274 0
    outer loop
      vertex -15.2557 -2.14405 11.7
      vertex -15.2214 -2.36084 13.3
      vertex -15.2557 -2.14405 13.3
    endloop
  endfacet
  facet normal -0.98768 -0.156485 -2.93921e-05
    outer loop
      vertex -15.2059 -2.45837 11.7
      vertex -15.2214 -2.36084 13.3
      vertex -15.2557 -2.14405 11.7
    endloop
  endfacet
  facet normal -0.987714 -0.156274 -0
    outer loop
      vertex -15.1716 -2.67516 13.3
      vertex -15.2059 -2.45837 11.7
      vertex -15.1716 -2.67516 11.7
    endloop
  endfacet
  facet normal -0.98768 -0.156485 -2.93921e-05
    outer loop
      vertex -15.2059 -2.45837 11.7
      vertex -15.1716 -2.67516 13.3
      vertex -15.2214 -2.36084 13.3
    endloop
  endfacet
  facet normal 0 0 -1
    outer loop
      vertex 11.0819 -10.7017 0
      vertex 11.3137 -7.42462 0
      vertex 11.4486 -10.3084 0
    endloop
  endfacet
  facet normal 0 0 -1
    outer loop
      vertex 10.7017 -11.0819 0
      vertex 11.3137 -7.42462 0
      vertex 11.0819 -10.7017 0
    endloop
  endfacet
  facet normal 0 0 -1
    outer loop
      vertex 7.42462 -11.3137 0
      vertex 10.7017 -11.0819 0
      vertex 10.3084 -11.4486 0
    endloop
  endfacet
  facet normal 0 0 -1
    outer loop
      vertex 7.42462 -11.3137 0
      vertex 10.3084 -11.4486 0
      vertex 9.90255 -11.8014 0
    endloop
  endfacet
  facet normal 0 0 -1
    outer loop
      vertex 7.42462 -11.3137 0
      vertex 9.90255 -11.8014 0
      vertex 9.48466 -12.1398 0
    endloop
  endfacet
  facet normal 0 0 -1
    outer loop
      vertex 7.42462 -11.3137 0
      vertex 9.48466 -12.1398 0
      vertex 9.0552 -12.4634 0
    endloop
  endfacet
  facet normal 0 0 -1
    outer loop
      vertex 7.42462 -11.3137 0
      vertex 9.0552 -12.4634 0
      vertex 8.61472 -12.7718 0
    endloop
  endfacet
  facet normal 0 0 -1
    outer loop
      vertex 7.42462 -11.3137 0
      vertex 8.61472 -12.7718 0
      vertex 8.16374 -13.0647 0
    endloop
  endfacet
  facet normal 0 0 -1
    outer loop
      vertex 7.42462 -11.3137 0
      vertex 8.16374 -13.0647 0
      vertex 7.70282 -13.3417 0
    endloop
  endfacet
  facet normal -0 0 -1
    outer loop
      vertex 10.7017 -11.0819 0
      vertex 7.42462 -11.3137 0
      vertex 11.3137 -7.42462 0
    endloop
  endfacet
  facet normal 0 0 -1
    outer loop
      vertex 7.23251 -13.6024 0
      vertex 7.42462 -11.3137 0
      vertex 7.70282 -13.3417 0
    endloop
  endfacet
  facet normal 0 0 -1
    outer loop
      vertex 6.75339 -13.8465 0
      vertex 7.42462 -11.3137 0
      vertex 7.23251 -13.6024 0
    endloop
  endfacet
  facet normal 0 0 -1
    outer loop
      vertex 6.26604 -14.0737 0
      vertex 7.42462 -11.3137 0
      vertex 6.75339 -13.8465 0
    endloop
  endfacet
  facet normal 0 0 -1
    outer loop
      vertex 5.77105 -14.2839 0
      vertex 7.42462 -11.3137 0
      vertex 6.26604 -14.0737 0
    endloop
  endfacet
  facet normal 0 0 -1
    outer loop
      vertex 5.26904 -14.4766 0
      vertex 7.42462 -11.3137 0
      vertex 5.77105 -14.2839 0
    endloop
  endfacet
  facet normal 0 0 -1
    outer loop
      vertex 4.7606 -14.6516 0
      vertex 7.42462 -11.3137 0
      vertex 5.26904 -14.4766 0
    endloop
  endfacet
  facet normal 0 0 -1
    outer loop
      vertex 4.24637 -14.8088 0
      vertex 7.42462 -11.3137 0
      vertex 4.7606 -14.6516 0
    endloop
  endfacet
  facet normal 0 0 -1
    outer loop
      vertex 3.72696 -14.948 0
      vertex 7.42462 -11.3137 0
      vertex 4.24637 -14.8088 0
    endloop
  endfacet
  facet normal 0 0 -1
    outer loop
      vertex 3.20301 -15.069 0
      vertex 7.42462 -11.3137 0
      vertex 3.72696 -14.948 0
    endloop
  endfacet
  facet normal 0 0 -1
    outer loop
      vertex 0.793682 -4.68277 0
      vertex 3.20301 -15.069 0
      vertex 2.67516 -15.1716 0
    endloop
  endfacet
  facet normal 0 0 -1
    outer loop
      vertex 0.793682 -4.68277 0
      vertex 2.67516 -15.1716 0
      vertex 2.14405 -15.2557 0
    endloop
  endfacet
  facet normal 0 0 -1
    outer loop
      vertex 0.661072 -4.70377 0
      vertex 2.14405 -15.2557 0
      vertex 1.61033 -15.3212 0
    endloop
  endfacet
  facet normal 0 0 -1
    outer loop
      vertex 0.49651 -4.72398 0
      vertex 1.61033 -15.3212 0
      vertex 1.07464 -15.3681 0
    endloop
  endfacet
  facet normal 0 0 -1
    outer loop
      vertex 3.20301 -15.069 0
      vertex 0.793682 -4.68277 0
      vertex 7.42462 -11.3137 0
    endloop
  endfacet
  facet normal 0 0 -1
    outer loop
      vertex 2.14405 -15.2557 0
      vertex 0.661072 -4.70377 0
      vertex 0.793682 -4.68277 0
    endloop
  endfacet
  facet normal 0 0 -1
    outer loop
      vertex 0.331343 -4.73843 0
      vertex 1.07464 -15.3681 0
      vertex 0.537648 -15.3962 0
    endloop
  endfacet
  facet normal 0 0 -1
    outer loop
      vertex 1.61033 -15.3212 0
      vertex 0.49651 -4.72398 0
      vertex 0.661072 -4.70377 0
    endloop
  endfacet
  facet normal 0 0 -1
    outer loop
      vertex 1.07464 -15.3681 0
      vertex 0.331343 -4.73843 0
      vertex 0.49651 -4.72398 0
    endloop
  endfacet
  facet normal 0 0 -1
    outer loop
      vertex 0.537648 -15.3962 0
      vertex 0.165772 -4.74711 0
      vertex 0.331343 -4.73843 0
    endloop
  endfacet
  facet normal 0 0 -1
    outer loop
      vertex 0 -15.4056 0
      vertex 0.165772 -4.74711 0
      vertex 0.537648 -15.3962 0
    endloop
  endfacet
  facet normal 0 0 -1
    outer loop
      vertex 0 -15.4056 0
      vertex 0 -4.75 0
      vertex 0.165772 -4.74711 0
    endloop
  endfacet
  facet normal 0 0 -1
    outer loop
      vertex 0 -15.4056 0
      vertex -0.165772 -4.74711 0
      vertex 0 -4.75 0
    endloop
  endfacet
  facet normal 0 0 -1
    outer loop
      vertex -0.537648 -15.3962 0
      vertex -0.165772 -4.74711 0
      vertex 0 -15.4056 0
    endloop
  endfacet
  facet normal -0 0 -1
    outer loop
      vertex -0.165772 -4.74711 0
      vertex -0.537648 -15.3962 0
      vertex -0.331343 -4.73843 0
    endloop
  endfacet
  facet normal 0 0 -1
    outer loop
      vertex -1.07464 -15.3681 0
      vertex -0.331343 -4.73843 0
      vertex -0.537648 -15.3962 0
    endloop
  endfacet
  facet normal -0 0 -1
    outer loop
      vertex -0.331343 -4.73843 0
      vertex -1.07464 -15.3681 0
      vertex -0.49651 -4.72398 0
    endloop
  endfacet
  facet normal 0 0 -1
    outer loop
      vertex -1.61033 -15.3212 0
      vertex -0.49651 -4.72398 0
      vertex -1.07464 -15.3681 0
    endloop
  endfacet
  facet normal -0 0 -1
    outer loop
      vertex -0.49651 -4.72398 0
      vertex -1.61033 -15.3212 0
      vertex -0.661072 -4.70377 0
    endloop
  endfacet
  facet normal 0 0 -1
    outer loop
      vertex -2.14405 -15.2557 0
      vertex -0.661072 -4.70377 0
      vertex -1.61033 -15.3212 0
    endloop
  endfacet
  facet normal -0 0 -1
    outer loop
      vertex -0.661072 -4.70377 0
      vertex -2.14405 -15.2557 0
      vertex -0.793682 -4.68277 0
    endloop
  endfacet
  facet normal 0 0 -1
    outer loop
      vertex -2.67516 -15.1716 0
      vertex -0.793682 -4.68277 0
      vertex -2.14405 -15.2557 0
    endloop
  endfacet
  facet normal 0 0 -1
    outer loop
      vertex -3.20301 -15.069 0
      vertex -0.793682 -4.68277 0
      vertex -2.67516 -15.1716 0
    endloop
  endfacet
  facet normal 0 0 -1
    outer loop
      vertex -3.72696 -14.948 0
      vertex -0.793682 -4.68277 0
      vertex -3.20301 -15.069 0
    endloop
  endfacet
  facet normal 0 0 -1
    outer loop
      vertex -7.42462 -11.3137 0
      vertex -3.72696 -14.948 0
      vertex -4.24637 -14.8088 0
    endloop
  endfacet
  facet normal 0 0 -1
    outer loop
      vertex -7.42462 -11.3137 0
      vertex -4.24637 -14.8088 0
      vertex -4.7606 -14.6516 0
    endloop
  endfacet
  facet normal 0 0 -1
    outer loop
      vertex -7.42462 -11.3137 0
      vertex -4.7606 -14.6516 0
      vertex -5.26904 -14.4766 0
    endloop
  endfacet
  facet normal 0 0 -1
    outer loop
      vertex -7.42462 -11.3137 0
      vertex -5.26904 -14.4766 0
      vertex -5.77105 -14.2839 0
    endloop
  endfacet
  facet normal 0 0 -1
    outer loop
      vertex -7.42462 -11.3137 0
      vertex -5.77105 -14.2839 0
      vertex -6.26604 -14.0737 0
    endloop
  endfacet
  facet normal 0 0 -1
    outer loop
      vertex -7.42462 -11.3137 0
      vertex -6.26604 -14.0737 0
      vertex -6.75339 -13.8465 0
    endloop
  endfacet
  facet normal 0 0 -1
    outer loop
      vertex -7.42462 -11.3137 0
      vertex -6.75339 -13.8465 0
      vertex -7.23251 -13.6024 0
    endloop
  endfacet
  facet normal 0 0 -1
    outer loop
      vertex -3.72696 -14.948 0
      vertex -7.42462 -11.3137 0
      vertex -0.793682 -4.68277 0
    endloop
  endfacet
  facet normal 0 0 -1
    outer loop
      vertex -7.70282 -13.3417 0
      vertex -7.42462 -11.3137 0
      vertex -7.23251 -13.6024 0
    endloop
  endfacet
  facet normal 0 0 -1
    outer loop
      vertex -8.16374 -13.0647 0
      vertex -7.42462 -11.3137 0
      vertex -7.70282 -13.3417 0
    endloop
  endfacet
  facet normal 0 0 -1
    outer loop
      vertex -8.61472 -12.7718 0
      vertex -7.42462 -11.3137 0
      vertex -8.16374 -13.0647 0
    endloop
  endfacet
  facet normal 0 0 -1
    outer loop
      vertex -9.0552 -12.4634 0
      vertex -7.42462 -11.3137 0
      vertex -8.61472 -12.7718 0
    endloop
  endfacet
  facet normal 0 0 -1
    outer loop
      vertex -9.48466 -12.1398 0
      vertex -7.42462 -11.3137 0
      vertex -9.0552 -12.4634 0
    endloop
  endfacet
  facet normal 0 0 -1
    outer loop
      vertex -9.90255 -11.8014 0
      vertex -7.42462 -11.3137 0
      vertex -9.48466 -12.1398 0
    endloop
  endfacet
  facet normal 0 0 -1
    outer loop
      vertex -10.3084 -11.4486 0
      vertex -7.42462 -11.3137 0
      vertex -9.90255 -11.8014 0
    endloop
  endfacet
  facet normal 0 0 -1
    outer loop
      vertex -10.7017 -11.0819 0
      vertex -7.42462 -11.3137 0
      vertex -10.3084 -11.4486 0
    endloop
  endfacet
  facet normal 0 0 -1
    outer loop
      vertex -11.0819 -10.7017 0
      vertex -7.42462 -11.3137 0
      vertex -10.7017 -11.0819 0
    endloop
  endfacet
  facet normal 0 0 -1
    outer loop
      vertex -11.0819 -10.7017 0
      vertex -11.3137 -7.42462 0
      vertex -7.42462 -11.3137 0
    endloop
  endfacet
  facet normal 0 -0 -1
    outer loop
      vertex -11.3137 -7.42462 0
      vertex -11.0819 -10.7017 0
      vertex -11.4486 -10.3084 0
    endloop
  endfacet
  facet normal 0 0 -1
    outer loop
      vertex 4.74711 -0.165772 0
      vertex 15.3962 -0.537648 0
      vertex 15.3681 -1.07464 0
    endloop
  endfacet
  facet normal 0 0 -1
    outer loop
      vertex 4.73843 -0.331343 0
      vertex 15.3681 -1.07464 0
      vertex 15.3212 -1.61033 0
    endloop
  endfacet
  facet normal 0 0 -1
    outer loop
      vertex 4.72398 -0.49651 0
      vertex 15.3212 -1.61033 0
      vertex 15.2557 -2.14405 0
    endloop
  endfacet
  facet normal 0 0 -1
    outer loop
      vertex 4.70377 -0.661072 0
      vertex 15.2557 -2.14405 0
      vertex 15.1716 -2.67516 0
    endloop
  endfacet
  facet normal 0 0 -1
    outer loop
      vertex 4.68277 -0.793682 0
      vertex 15.1716 -2.67516 0
      vertex 15.069 -3.20301 0
    endloop
  endfacet
  facet normal 0 0 -1
    outer loop
      vertex 4.68277 -0.793682 0
      vertex 15.069 -3.20301 0
      vertex 14.948 -3.72696 0
    endloop
  endfacet
  facet normal 0 0 -1
    outer loop
      vertex 11.3137 -7.42462 0
      vertex 14.948 -3.72696 0
      vertex 14.8088 -4.24637 0
    endloop
  endfacet
  facet normal 0 0 -1
    outer loop
      vertex 11.3137 -7.42462 0
      vertex 14.8088 -4.24637 0
      vertex 14.6516 -4.7606 0
    endloop
  endfacet
  facet normal 0 0 -1
    outer loop
      vertex 11.3137 -7.42462 0
      vertex 14.6516 -4.7606 0
      vertex 14.4766 -5.26904 0
    endloop
  endfacet
  facet normal 0 0 -1
    outer loop
      vertex 11.3137 -7.42462 0
      vertex 14.4766 -5.26904 0
      vertex 14.2839 -5.77105 0
    endloop
  endfacet
  facet normal 0 0 -1
    outer loop
      vertex 11.3137 -7.42462 0
      vertex 14.2839 -5.77105 0
      vertex 14.0737 -6.26604 0
    endloop
  endfacet
  facet normal 0 0 -1
    outer loop
      vertex 11.3137 -7.42462 0
      vertex 14.0737 -6.26604 0
      vertex 13.8465 -6.75339 0
    endloop
  endfacet
  facet normal 0 0 -1
    outer loop
      vertex 11.3137 -7.42462 0
      vertex 13.8465 -6.75339 0
      vertex 13.6024 -7.23251 0
    endloop
  endfacet
  facet normal 0 0 -1
    outer loop
      vertex 11.3137 -7.42462 0
      vertex 13.6024 -7.23251 0
      vertex 13.3417 -7.70282 0
    endloop
  endfacet
  facet normal 0 0 -1
    outer loop
      vertex 11.3137 -7.42462 0
      vertex 13.3417 -7.70282 0
      vertex 13.0647 -8.16374 0
    endloop
  endfacet
  facet normal 0 0 -1
    outer loop
      vertex 11.3137 -7.42462 0
      vertex 13.0647 -8.16374 0
      vertex 12.7718 -8.61472 0
    endloop
  endfacet
  facet normal 0 0 -1
    outer loop
      vertex 11.3137 -7.42462 0
      vertex 12.7718 -8.61472 0
      vertex 12.4634 -9.0552 0
    endloop
  endfacet
  facet normal 0 0 -1
    outer loop
      vertex 11.3137 -7.42462 0
      vertex 12.4634 -9.0552 0
      vertex 12.1398 -9.48466 0
    endloop
  endfacet
  facet normal 0 0 -1
    outer loop
      vertex 11.3137 -7.42462 0
      vertex 12.1398 -9.48466 0
      vertex 11.8014 -9.90255 0
    endloop
  endfacet
  facet normal 0 0 -1
    outer loop
      vertex 11.3137 -7.42462 0
      vertex 11.8014 -9.90255 0
      vertex 11.4486 -10.3084 0
    endloop
  endfacet
  facet normal -0 0 -1
    outer loop
      vertex 14.948 -3.72696 0
      vertex 11.3137 -7.42462 0
      vertex 4.68277 -0.793682 0
    endloop
  endfacet
  facet normal 0 0 -1
    outer loop
      vertex 15.1716 -2.67516 0
      vertex 4.68277 -0.793682 0
      vertex 4.70377 -0.661072 0
    endloop
  endfacet
  facet normal -0 0 -1
    outer loop
      vertex 15.4056 0 0
      vertex 4.74711 -0.165772 0
      vertex 4.75 0 0
    endloop
  endfacet
  facet normal 0 0 -1
    outer loop
      vertex 15.3962 -0.537648 0
      vertex 4.74711 -0.165772 0
      vertex 15.4056 0 0
    endloop
  endfacet
  facet normal 0 -0 -1
    outer loop
      vertex 4.74711 -0.165772 0
      vertex 15.3681 -1.07464 0
      vertex 4.73843 -0.331343 0
    endloop
  endfacet
  facet normal 0 0 -1
    outer loop
      vertex 15.3212 -1.61033 0
      vertex 4.72398 -0.49651 0
      vertex 4.73843 -0.331343 0
    endloop
  endfacet
  facet normal 0 0 -1
    outer loop
      vertex 15.2557 -2.14405 0
      vertex 4.70377 -0.661072 0
      vertex 4.72398 -0.49651 0
    endloop
  endfacet
  facet normal 0 0 -1
    outer loop
      vertex -14.948 -3.72696 0
      vertex -4.68277 -0.793682 0
      vertex -11.3137 -7.42462 0
    endloop
  endfacet
  facet normal 0 0 -1
    outer loop
      vertex -15.069 -3.20301 0
      vertex -4.68277 -0.793682 0
      vertex -14.948 -3.72696 0
    endloop
  endfacet
  facet normal 0 0 -1
    outer loop
      vertex -15.1716 -2.67516 0
      vertex -4.68277 -0.793682 0
      vertex -15.069 -3.20301 0
    endloop
  endfacet
  facet normal -0 0 -1
    outer loop
      vertex -4.68277 -0.793682 0
      vertex -15.1716 -2.67516 0
      vertex -4.70377 -0.661072 0
    endloop
  endfacet
  facet normal 0 0 -1
    outer loop
      vertex -15.2557 -2.14405 0
      vertex -4.70377 -0.661072 0
      vertex -15.1716 -2.67516 0
    endloop
  endfacet
  facet normal 0 0 -1
    outer loop
      vertex -11.8014 -9.90255 0
      vertex -11.3137 -7.42462 0
      vertex -11.4486 -10.3084 0
    endloop
  endfacet
  facet normal 0 0 -1
    outer loop
      vertex -12.1398 -9.48466 0
      vertex -11.3137 -7.42462 0
      vertex -11.8014 -9.90255 0
    endloop
  endfacet
  facet normal 0 0 -1
    outer loop
      vertex -12.4634 -9.0552 0
      vertex -11.3137 -7.42462 0
      vertex -12.1398 -9.48466 0
    endloop
  endfacet
  facet normal 0 0 -1
    outer loop
      vertex -12.7718 -8.61472 0
      vertex -11.3137 -7.42462 0
      vertex -12.4634 -9.0552 0
    endloop
  endfacet
  facet normal 0 0 -1
    outer loop
      vertex -13.0647 -8.16374 0
      vertex -11.3137 -7.42462 0
      vertex -12.7718 -8.61472 0
    endloop
  endfacet
  facet normal 0 0 -1
    outer loop
      vertex -13.3417 -7.70282 0
      vertex -11.3137 -7.42462 0
      vertex -13.0647 -8.16374 0
    endloop
  endfacet
  facet normal 0 0 -1
    outer loop
      vertex -13.6024 -7.23251 0
      vertex -11.3137 -7.42462 0
      vertex -13.3417 -7.70282 0
    endloop
  endfacet
  facet normal 0 0 -1
    outer loop
      vertex -13.8465 -6.75339 0
      vertex -11.3137 -7.42462 0
      vertex -13.6024 -7.23251 0
    endloop
  endfacet
  facet normal 0 0 -1
    outer loop
      vertex -14.0737 -6.26604 0
      vertex -11.3137 -7.42462 0
      vertex -13.8465 -6.75339 0
    endloop
  endfacet
  facet normal 0 0 -1
    outer loop
      vertex -14.2839 -5.77105 0
      vertex -11.3137 -7.42462 0
      vertex -14.0737 -6.26604 0
    endloop
  endfacet
  facet normal 0 0 -1
    outer loop
      vertex -14.4766 -5.26904 0
      vertex -11.3137 -7.42462 0
      vertex -14.2839 -5.77105 0
    endloop
  endfacet
  facet normal 0 0 -1
    outer loop
      vertex -14.6516 -4.7606 0
      vertex -11.3137 -7.42462 0
      vertex -14.4766 -5.26904 0
    endloop
  endfacet
  facet normal 0 0 -1
    outer loop
      vertex -14.8088 -4.24637 0
      vertex -11.3137 -7.42462 0
      vertex -14.6516 -4.7606 0
    endloop
  endfacet
  facet normal 0 0 -1
    outer loop
      vertex -14.948 -3.72696 0
      vertex -11.3137 -7.42462 0
      vertex -14.8088 -4.24637 0
    endloop
  endfacet
  facet normal -0 0 -1
    outer loop
      vertex -4.70377 -0.661072 0
      vertex -15.2557 -2.14405 0
      vertex -4.72398 -0.49651 0
    endloop
  endfacet
  facet normal 0 0 -1
    outer loop
      vertex -15.3212 -1.61033 0
      vertex -4.72398 -0.49651 0
      vertex -15.2557 -2.14405 0
    endloop
  endfacet
  facet normal -0 0 -1
    outer loop
      vertex -4.72398 -0.49651 0
      vertex -15.3212 -1.61033 0
      vertex -4.73843 -0.331343 0
    endloop
  endfacet
  facet normal 0 0 -1
    outer loop
      vertex -15.3681 -1.07464 0
      vertex -4.73843 -0.331343 0
      vertex -15.3212 -1.61033 0
    endloop
  endfacet
  facet normal -0 0 -1
    outer loop
      vertex -4.73843 -0.331343 0
      vertex -15.3681 -1.07464 0
      vertex -4.74711 -0.165772 0
    endloop
  endfacet
  facet normal 0 0 -1
    outer loop
      vertex -15.3962 -0.537648 0
      vertex -4.74711 -0.165772 0
      vertex -15.3681 -1.07464 0
    endloop
  endfacet
  facet normal -0 0 -1
    outer loop
      vertex -4.74711 -0.165772 0
      vertex -15.3962 -0.537648 0
      vertex -4.75 0 0
    endloop
  endfacet
  facet normal -0 0 -1
    outer loop
      vertex -4.75 0 0
      vertex -15.3962 -0.537648 0
      vertex -15.4056 0 0
    endloop
  endfacet
  facet normal -0.956398 -0.292068 0
    outer loop
      vertex -14.8088 -4.24637 0
      vertex -14.7447 -4.45627 7.29999
      vertex -14.8088 -4.24637 7.29999
    endloop
  endfacet
  facet normal -0.956313 -0.292345 -8.69652e-06
    outer loop
      vertex -14.6516 -4.7606 0
      vertex -14.7447 -4.45627 7.29999
      vertex -14.8088 -4.24637 0
    endloop
  endfacet
  facet normal -0.956255 -0.292535 0
    outer loop
      vertex -14.7447 -4.45627 7.29999
      vertex -14.6516 -4.7606 0
      vertex -14.6516 -4.7606 7.29999
    endloop
  endfacet
  facet normal -0.956343 -0.292248 0
    outer loop
      vertex -14.7158 -4.5507 17.7
      vertex -14.8088 -4.24637 19.5
      vertex -14.8088 -4.24637 17.7
    endloop
  endfacet
  facet normal -0.95627 -0.292485 -0
    outer loop
      vertex -14.6516 -4.7606 19.5
      vertex -14.7158 -4.5507 17.7
      vertex -14.6516 -4.7606 17.7
    endloop
  endfacet
  facet normal -0.956313 -0.292345 1.78593e-05
    outer loop
      vertex -14.7158 -4.5507 17.7
      vertex -14.6516 -4.7606 19.5
      vertex -14.8088 -4.24637 19.5
    endloop
  endfacet
  facet normal -0.956398 -0.292068 0
    outer loop
      vertex -14.8088 -4.24637 11.7
      vertex -14.7447 -4.45627 13.3
      vertex -14.8088 -4.24637 13.3
    endloop
  endfacet
  facet normal -0.956343 -0.292248 -2.58211e-05
    outer loop
      vertex -14.7158 -4.5507 11.7
      vertex -14.7447 -4.45627 13.3
      vertex -14.8088 -4.24637 11.7
    endloop
  endfacet
  facet normal -0.95627 -0.292485 -0
    outer loop
      vertex -14.6516 -4.7606 13.3
      vertex -14.7158 -4.5507 11.7
      vertex -14.6516 -4.7606 11.7
    endloop
  endfacet
  facet normal -0.956255 -0.292535 -7.27411e-06
    outer loop
      vertex -14.7158 -4.5507 11.7
      vertex -14.6516 -4.7606 13.3
      vertex -14.7447 -4.45627 13.3
    endloop
  endfacet
  facet normal -0.965938 -0.258774 0
    outer loop
      vertex -14.948 -3.72696 0
      vertex -14.8912 -3.93898 7.29999
      vertex -14.948 -3.72696 7.29999
    endloop
  endfacet
  facet normal -0.965914 -0.258862 -2.72476e-06
    outer loop
      vertex -14.8088 -4.24637 0
      vertex -14.8912 -3.93898 7.29999
      vertex -14.948 -3.72696 0
    endloop
  endfacet
  facet normal -0.965898 -0.258922 0
    outer loop
      vertex -14.8912 -3.93898 7.29999
      vertex -14.8088 -4.24637 0
      vertex -14.8088 -4.24637 7.29999
    endloop
  endfacet
  facet normal -0.965977 -0.258629 0
    outer loop
      vertex -14.8657 -4.03435 17.7
      vertex -14.948 -3.72696 19.5
      vertex -14.948 -3.72696 17.7
    endloop
  endfacet
  facet normal -0.965824 -0.259199 -0
    outer loop
      vertex -14.8088 -4.24637 19.5
      vertex -14.8657 -4.03435 17.7
      vertex -14.8088 -4.24637 17.7
    endloop
  endfacet
  facet normal -0.965914 -0.258862 4.26115e-05
    outer loop
      vertex -14.8657 -4.03435 17.7
      vertex -14.8088 -4.24637 19.5
      vertex -14.948 -3.72696 19.5
    endloop
  endfacet
  facet normal -0.965938 -0.258774 0
    outer loop
      vertex -14.948 -3.72696 11.7
      vertex -14.8912 -3.93898 13.3
      vertex -14.948 -3.72696 13.3
    endloop
  endfacet
  facet normal -0.965977 -0.258629 2.06345e-05
    outer loop
      vertex -14.8657 -4.03435 11.7
      vertex -14.8912 -3.93898 13.3
      vertex -14.948 -3.72696 11.7
    endloop
  endfacet
  facet normal -0.965824 -0.259199 -0
    outer loop
      vertex -14.8088 -4.24637 13.3
      vertex -14.8657 -4.03435 11.7
      vertex -14.8088 -4.24637 11.7
    endloop
  endfacet
  facet normal -0.965898 -0.258922 3.93627e-05
    outer loop
      vertex -14.8657 -4.03435 11.7
      vertex -14.8088 -4.24637 13.3
      vertex -14.8912 -3.93898 13.3
    endloop
  endfacet
  facet normal -0.981611 -0.190892 0
    outer loop
      vertex -15.1716 -2.67516 0
      vertex -15.1297 -2.89062 7.29999
      vertex -15.1716 -2.67516 7.29999
    endloop
  endfacet
  facet normal -0.981628 -0.190802 2.73067e-06
    outer loop
      vertex -15.069 -3.20301 0
      vertex -15.1297 -2.89062 7.29999
      vertex -15.1716 -2.67516 0
    endloop
  endfacet
  facet normal -0.98164 -0.190741 0
    outer loop
      vertex -15.1297 -2.89062 7.29999
      vertex -15.069 -3.20301 0
      vertex -15.069 -3.20301 7.29999
    endloop
  endfacet
  facet normal -0.98164 -0.190741 0
    outer loop
      vertex -15.1109 -2.98755 17.7
      vertex -15.1716 -2.67516 19.5
      vertex -15.1716 -2.67516 17.7
    endloop
  endfacet
  facet normal -0.981611 -0.190892 -0
    outer loop
      vertex -15.069 -3.20301 19.5
      vertex -15.1109 -2.98755 17.7
      vertex -15.069 -3.20301 17.7
    endloop
  endfacet
  facet normal -0.981628 -0.190802 1.10744e-05
    outer loop
      vertex -15.1109 -2.98755 17.7
      vertex -15.069 -3.20301 19.5
      vertex -15.1716 -2.67516 19.5
    endloop
  endfacet
  facet normal -0.981611 -0.190892 0
    outer loop
      vertex -15.1716 -2.67516 11.7
      vertex -15.1297 -2.89062 13.3
      vertex -15.1716 -2.67516 13.3
    endloop
  endfacet
  facet normal -0.98164 -0.190741 2.10518e-05
    outer loop
      vertex -15.1109 -2.98755 11.7
      vertex -15.1297 -2.89062 13.3
      vertex -15.1716 -2.67516 11.7
    endloop
  endfacet
  facet normal -0.981611 -0.190892 -0
    outer loop
      vertex -15.069 -3.20301 13.3
      vertex -15.1109 -2.98755 11.7
      vertex -15.069 -3.20301 11.7
    endloop
  endfacet
  facet normal -0.98164 -0.190741 2.10518e-05
    outer loop
      vertex -15.1109 -2.98755 11.7
      vertex -15.069 -3.20301 13.3
      vertex -15.1297 -2.89062 13.3
    endloop
  endfacet
  facet normal 0 0 1
    outer loop
      vertex -4.02823 -2.51712 19.5
      vertex -4.03546 -2.55531 19.5
      vertex -4.00021 -2.56027 19.5
    endloop
  endfacet
  facet normal 0 0 1
    outer loop
      vertex -4.02823 -2.51712 19.5
      vertex -4.09448 -2.54911 19.5
      vertex -4.03546 -2.55531 19.5
    endloop
  endfacet
  facet normal 0 0 1
    outer loop
      vertex -4.11362 -2.375 19.5
      vertex -4.09448 -2.54911 19.5
      vertex -4.02823 -2.51712 19.5
    endloop
  endfacet
  facet normal 0 0 1
    outer loop
      vertex -4.11362 -2.375 19.5
      vertex -4.15367 -2.54497 19.5
      vertex -4.09448 -2.54911 19.5
    endloop
  endfacet
  facet normal 0 0 1
    outer loop
      vertex -4.27231 -2.5429 19.5
      vertex -4.11362 -2.375 19.5
      vertex -4.194 -2.22999 19.5
    endloop
  endfacet
  facet normal 0 0 1
    outer loop
      vertex -4.11362 -2.375 19.5
      vertex -4.21297 -2.5429 19.5
      vertex -4.15367 -2.54497 19.5
    endloop
  endfacet
  facet normal 0 0 1
    outer loop
      vertex -4.44982 -2.55531 19.5
      vertex -4.194 -2.22999 19.5
      vertex -4.26927 -2.08226 19.5
    endloop
  endfacet
  facet normal 0 0 1
    outer loop
      vertex -4.11362 -2.375 19.5
      vertex -4.27231 -2.5429 19.5
      vertex -4.21297 -2.5429 19.5
    endloop
  endfacet
  facet normal 0 0 1
    outer loop
      vertex -4.194 -2.22999 19.5
      vertex -4.33161 -2.54497 19.5
      vertex -4.27231 -2.5429 19.5
    endloop
  endfacet
  facet normal 0 0 1
    outer loop
      vertex -4.56702 -2.57387 19.5
      vertex -4.26927 -2.08226 19.5
      vertex -4.33934 -1.932 19.5
    endloop
  endfacet
  facet normal 0 0 1
    outer loop
      vertex -4.194 -2.22999 19.5
      vertex -4.39081 -2.54911 19.5
      vertex -4.33161 -2.54497 19.5
    endloop
  endfacet
  facet normal 0 0 1
    outer loop
      vertex -4.73967 -2.61692 19.5
      vertex -4.33934 -1.932 19.5
      vertex -4.40412 -1.77938 19.5
    endloop
  endfacet
  facet normal 0 0 1
    outer loop
      vertex -4.194 -2.22999 19.5
      vertex -4.44982 -2.55531 19.5
      vertex -4.39081 -2.54911 19.5
    endloop
  endfacet
  facet normal 0 0 1
    outer loop
      vertex -4.85187 -2.65555 19.5
      vertex -4.40412 -1.77938 19.5
      vertex -4.46354 -1.6246 19.5
    endloop
  endfacet
  facet normal 0 0 1
    outer loop
      vertex -4.26927 -2.08226 19.5
      vertex -4.50858 -2.56357 19.5
      vertex -4.44982 -2.55531 19.5
    endloop
  endfacet
  facet normal 0 0 1
    outer loop
      vertex -4.96109 -2.70192 19.5
      vertex -4.46354 -1.6246 19.5
      vertex -4.51752 -1.46783 19.5
    endloop
  endfacet
  facet normal -0 0 1
    outer loop
      vertex -6.1853 -1.34223 19.5
      vertex -4.51752 -1.46783 19.5
      vertex -4.56599 -1.30928 19.5
    endloop
  endfacet
  facet normal 0 0 1
    outer loop
      vertex -4.26927 -2.08226 19.5
      vertex -4.56702 -2.57387 19.5
      vertex -4.50858 -2.56357 19.5
    endloop
  endfacet
  facet normal 0 0 1
    outer loop
      vertex -6.09901 -1.12867 19.5
      vertex -4.56599 -1.30928 19.5
      vertex -4.6089 -1.14913 19.5
    endloop
  endfacet
  facet normal 0 0 1
    outer loop
      vertex -4.33934 -1.932 19.5
      vertex -4.62506 -2.58621 19.5
      vertex -4.56702 -2.57387 19.5
    endloop
  endfacet
  facet normal -0 0 1
    outer loop
      vertex -6.06151 -1.01976 19.5
      vertex -4.6089 -1.14913 19.5
      vertex -4.6462 -0.98758 19.5
    endloop
  endfacet
  facet normal -0 0 1
    outer loop
      vertex -6.02784 -0.909603 19.5
      vertex -4.6462 -0.98758 19.5
      vertex -4.67784 -0.824828 19.5
    endloop
  endfacet
  facet normal 0 0 1
    outer loop
      vertex -4.33934 -1.932 19.5
      vertex -4.68263 -2.60057 19.5
      vertex -4.62506 -2.58621 19.5
    endloop
  endfacet
  facet normal -0 0 1
    outer loop
      vertex -5.97211 -0.686108 19.5
      vertex -4.67784 -0.824828 19.5
      vertex -4.70377 -0.661072 19.5
    endloop
  endfacet
  facet normal -0 0 1
    outer loop
      vertex -5.95013 -0.573038 19.5
      vertex -4.70377 -0.661072 19.5
      vertex -4.72398 -0.49651 19.5
    endloop
  endfacet
  facet normal -0 0 1
    outer loop
      vertex -5.91808 -0.344943 19.5
      vertex -4.72398 -0.49651 19.5
      vertex -4.73843 -0.331343 19.5
    endloop
  endfacet
  facet normal 0 0 1
    outer loop
      vertex -4.56599 -1.30928 19.5
      vertex -6.09901 -1.12867 19.5
      vertex -6.14029 -1.2362 19.5
    endloop
  endfacet
  facet normal -0 0 1
    outer loop
      vertex -5.90804 -0.230196 19.5
      vertex -4.73843 -0.331343 19.5
      vertex -4.74711 -0.165772 19.5
    endloop
  endfacet
  facet normal -0 0 1
    outer loop
      vertex -5.90201 -0.115168 19.5
      vertex -4.74711 -0.165772 19.5
      vertex -4.75 0 19.5
    endloop
  endfacet
  facet normal 0 0 1
    outer loop
      vertex -4.6462 -0.98758 19.5
      vertex -6.02784 -0.909603 19.5
      vertex -6.06151 -1.01976 19.5
    endloop
  endfacet
  facet normal 0 0 1
    outer loop
      vertex -4.6089 -1.14913 19.5
      vertex -6.06151 -1.01976 19.5
      vertex -6.09901 -1.12867 19.5
    endloop
  endfacet
  facet normal 0 0 1
    outer loop
      vertex -4.33934 -1.932 19.5
      vertex -4.73967 -2.61692 19.5
      vertex -4.68263 -2.60057 19.5
    endloop
  endfacet
  facet normal 0 0 1
    outer loop
      vertex -4.56599 -1.30928 19.5
      vertex -6.14029 -1.2362 19.5
      vertex -6.1853 -1.34223 19.5
    endloop
  endfacet
  facet normal 0 0 1
    outer loop
      vertex -4.40412 -1.77938 19.5
      vertex -4.85187 -2.65555 19.5
      vertex -4.79611 -2.63526 19.5
    endloop
  endfacet
  facet normal 0 0 1
    outer loop
      vertex -4.51752 -1.46783 19.5
      vertex -6.1853 -1.34223 19.5
      vertex -6.23398 -1.44662 19.5
    endloop
  endfacet
  facet normal 0 0 1
    outer loop
      vertex -4.46354 -1.6246 19.5
      vertex -4.90688 -2.67778 19.5
      vertex -4.85187 -2.65555 19.5
    endloop
  endfacet
  facet normal 0 0 1
    outer loop
      vertex -4.46354 -1.6246 19.5
      vertex -4.96109 -2.70192 19.5
      vertex -4.90688 -2.67778 19.5
    endloop
  endfacet
  facet normal 0 0 1
    outer loop
      vertex -4.51752 -1.46783 19.5
      vertex -6.23398 -1.44662 19.5
      vertex -4.96109 -2.70192 19.5
    endloop
  endfacet
  facet normal 0 0 1
    outer loop
      vertex -4.96109 -2.70192 19.5
      vertex -6.23398 -1.44662 19.5
      vertex -5.01442 -2.72793 19.5
    endloop
  endfacet
  facet normal -0 0 1
    outer loop
      vertex -6.28627 -1.54926 19.5
      vertex -5.01442 -2.72793 19.5
      vertex -6.23398 -1.44662 19.5
    endloop
  endfacet
  facet normal 0 0 1
    outer loop
      vertex -5.01442 -2.72793 19.5
      vertex -6.28627 -1.54926 19.5
      vertex -5.06682 -2.75579 19.5
    endloop
  endfacet
  facet normal -0 0 1
    outer loop
      vertex -6.34212 -1.65 19.5
      vertex -5.11821 -2.78546 19.5
      vertex -6.28627 -1.54926 19.5
    endloop
  endfacet
  facet normal 0 0 1
    outer loop
      vertex -5.11821 -2.78546 19.5
      vertex -6.34212 -1.65 19.5
      vertex -5.16853 -2.8169 19.5
    endloop
  endfacet
  facet normal 0 0 1
    outer loop
      vertex -5.90201 -0.115168 19.5
      vertex -4.75 0 19.5
      vertex -5.9 0 19.5
    endloop
  endfacet
  facet normal 0 0 1
    outer loop
      vertex -4.74711 -0.165772 19.5
      vertex -5.90201 -0.115168 19.5
      vertex -5.90804 -0.230196 19.5
    endloop
  endfacet
  facet normal 0 0 1
    outer loop
      vertex -4.73843 -0.331343 19.5
      vertex -5.90804 -0.230196 19.5
      vertex -5.91808 -0.344943 19.5
    endloop
  endfacet
  facet normal 0 0 1
    outer loop
      vertex -4.72398 -0.49651 19.5
      vertex -5.91808 -0.344943 19.5
      vertex -5.93211 -0.45927 19.5
    endloop
  endfacet
  facet normal 0 0 1
    outer loop
      vertex -4.72398 -0.49651 19.5
      vertex -5.93211 -0.45927 19.5
      vertex -5.95013 -0.573038 19.5
    endloop
  endfacet
  facet normal 0 0 1
    outer loop
      vertex -4.70377 -0.661072 19.5
      vertex -5.95013 -0.573038 19.5
      vertex -5.97211 -0.686108 19.5
    endloop
  endfacet
  facet normal 0 0 1
    outer loop
      vertex -4.67784 -0.824828 19.5
      vertex -5.97211 -0.686108 19.5
      vertex -5.99802 -0.798342 19.5
    endloop
  endfacet
  facet normal 0 0 1
    outer loop
      vertex -4.67784 -0.824828 19.5
      vertex -5.99802 -0.798342 19.5
      vertex -6.02784 -0.909603 19.5
    endloop
  endfacet
  facet normal 0 0 1
    outer loop
      vertex -4.40412 -1.77938 19.5
      vertex -4.79611 -2.63526 19.5
      vertex -4.73967 -2.61692 19.5
    endloop
  endfacet
  facet normal 0 0 1
    outer loop
      vertex -5.06682 -2.75579 19.5
      vertex -6.28627 -1.54926 19.5
      vertex -5.11821 -2.78546 19.5
    endloop
  endfacet
  facet normal -0 0 1
    outer loop
      vertex -6.40144 -1.74873 19.5
      vertex -5.16853 -2.8169 19.5
      vertex -6.34212 -1.65 19.5
    endloop
  endfacet
  facet normal 0 0 1
    outer loop
      vertex -5.16853 -2.8169 19.5
      vertex -6.40144 -1.74873 19.5
      vertex -5.21772 -2.85008 19.5
    endloop
  endfacet
  facet normal 0 0 1
    outer loop
      vertex -5.21772 -2.85008 19.5
      vertex -6.40144 -1.74873 19.5
      vertex -5.26573 -2.88496 19.5
    endloop
  endfacet
  facet normal -0 0 1
    outer loop
      vertex -6.46418 -1.84534 19.5
      vertex -5.26573 -2.88496 19.5
      vertex -6.40144 -1.74873 19.5
    endloop
  endfacet
  facet normal 0 0 1
    outer loop
      vertex -5.26573 -2.88496 19.5
      vertex -6.46418 -1.84534 19.5
      vertex -5.31248 -2.92149 19.5
    endloop
  endfacet
  facet normal 0 0 1
    outer loop
      vertex -5.31248 -2.92149 19.5
      vertex -6.46418 -1.84534 19.5
      vertex -5.35794 -2.95963 19.5
    endloop
  endfacet
  facet normal -0 0 1
    outer loop
      vertex -6.53024 -1.93969 19.5
      vertex -5.35794 -2.95963 19.5
      vertex -6.46418 -1.84534 19.5
    endloop
  endfacet
  facet normal 0 0 1
    outer loop
      vertex -5.35794 -2.95963 19.5
      vertex -6.53024 -1.93969 19.5
      vertex -5.40204 -2.99934 19.5
    endloop
  endfacet
  facet normal -0 0 1
    outer loop
      vertex -6.59956 -2.03168 19.5
      vertex -5.40204 -2.99934 19.5
      vertex -6.53024 -1.93969 19.5
    endloop
  endfacet
  facet normal 0 0 1
    outer loop
      vertex -5.40204 -2.99934 19.5
      vertex -6.59956 -2.03168 19.5
      vertex -5.44472 -3.04056 19.5
    endloop
  endfacet
  facet normal -0 0 1
    outer loop
      vertex -6.67205 -2.1212 19.5
      vertex -5.44472 -3.04056 19.5
      vertex -6.59956 -2.03168 19.5
    endloop
  endfacet
  facet normal -0 0 1
    outer loop
      vertex -6.74762 -2.20813 19.5
      vertex -5.44472 -3.04056 19.5
      vertex -6.67205 -2.1212 19.5
    endloop
  endfacet
  facet normal -0 0 1
    outer loop
      vertex -6.82618 -2.29237 19.5
      vertex -5.44472 -3.04056 19.5
      vertex -6.74762 -2.20813 19.5
    endloop
  endfacet
  facet normal -0 0 1
    outer loop
      vertex -6.90763 -2.37382 19.5
      vertex -5.44472 -3.04056 19.5
      vertex -6.82618 -2.29237 19.5
    endloop
  endfacet
  facet normal -0 0 1
    outer loop
      vertex -6.99187 -2.45238 19.5
      vertex -5.44472 -3.04056 19.5
      vertex -6.90763 -2.37382 19.5
    endloop
  endfacet
  facet normal -0 0 1
    outer loop
      vertex -7.0788 -2.52795 19.5
      vertex -5.44472 -3.04056 19.5
      vertex -6.99187 -2.45238 19.5
    endloop
  endfacet
  facet normal -0 0 1
    outer loop
      vertex -7.16832 -2.60044 19.5
      vertex -5.44472 -3.04056 19.5
      vertex -7.0788 -2.52795 19.5
    endloop
  endfacet
  facet normal -0 0 1
    outer loop
      vertex -7.26031 -2.66976 19.5
      vertex -5.44472 -3.04056 19.5
      vertex -7.16832 -2.60044 19.5
    endloop
  endfacet
  facet normal -0 0 1
    outer loop
      vertex -7.35466 -2.73582 19.5
      vertex -5.44472 -3.04056 19.5
      vertex -7.26031 -2.66976 19.5
    endloop
  endfacet
  facet normal -0 0 1
    outer loop
      vertex -7.45127 -2.79856 19.5
      vertex -5.44472 -3.04056 19.5
      vertex -7.35466 -2.73582 19.5
    endloop
  endfacet
  facet normal -0 0 1
    outer loop
      vertex -7.55 -2.85788 19.5
      vertex -5.44472 -3.04056 19.5
      vertex -7.45127 -2.79856 19.5
    endloop
  endfacet
  facet normal -0 0 1
    outer loop
      vertex -7.65074 -2.91373 19.5
      vertex -5.44472 -3.04056 19.5
      vertex -7.55 -2.85788 19.5
    endloop
  endfacet
  facet normal -0 0 1
    outer loop
      vertex -7.75338 -2.96602 19.5
      vertex -5.44472 -3.04056 19.5
      vertex -7.65074 -2.91373 19.5
    endloop
  endfacet
  facet normal -0 0 1
    outer loop
      vertex -7.85777 -3.0147 19.5
      vertex -5.44472 -3.04056 19.5
      vertex -7.75338 -2.96602 19.5
    endloop
  endfacet
  facet normal 0 0 1
    outer loop
      vertex -7.9638 -3.05971 19.5
      vertex -5.44472 -3.04056 19.5
      vertex -7.85777 -3.0147 19.5
    endloop
  endfacet
  facet normal 0 0 1
    outer loop
      vertex -9.68736 -7.2832 19.5
      vertex -7.9638 -3.05971 19.5
      vertex -8.07133 -3.10099 19.5
    endloop
  endfacet
  facet normal 0 0 1
    outer loop
      vertex -9.68736 -7.2832 19.5
      vertex -8.07133 -3.10099 19.5
      vertex -8.18024 -3.13849 19.5
    endloop
  endfacet
  facet normal 0 0 1
    outer loop
      vertex -9.68736 -7.2832 19.5
      vertex -8.18024 -3.13849 19.5
      vertex -8.2904 -3.17216 19.5
    endloop
  endfacet
  facet normal 0 0 1
    outer loop
      vertex -9.68736 -7.2832 19.5
      vertex -8.2904 -3.17216 19.5
      vertex -8.40166 -3.20198 19.5
    endloop
  endfacet
  facet normal 0 0 1
    outer loop
      vertex -9.68736 -7.2832 19.5
      vertex -8.40166 -3.20198 19.5
      vertex -8.51389 -3.22789 19.5
    endloop
  endfacet
  facet normal 0 0 1
    outer loop
      vertex -9.68736 -7.2832 19.5
      vertex -8.51389 -3.22789 19.5
      vertex -8.62696 -3.24987 19.5
    endloop
  endfacet
  facet normal 0 0 1
    outer loop
      vertex -9.68736 -7.2832 19.5
      vertex -8.62696 -3.24987 19.5
      vertex -8.74073 -3.26788 19.5
    endloop
  endfacet
  facet normal 0 0 1
    outer loop
      vertex -9.68736 -7.2832 19.5
      vertex -8.74073 -3.26788 19.5
      vertex -8.85506 -3.28192 19.5
    endloop
  endfacet
  facet normal 0 0 1
    outer loop
      vertex -9.68736 -7.2832 19.5
      vertex -8.85506 -3.28192 19.5
      vertex -8.9698 -3.29196 19.5
    endloop
  endfacet
  facet normal -0 0 1
    outer loop
      vertex -7.9638 -3.05971 19.5
      vertex -9.68736 -7.2832 19.5
      vertex -5.44472 -3.04056 19.5
    endloop
  endfacet
  facet normal -0 0 1
    outer loop
      vertex -9.08483 -3.29799 19.5
      vertex -9.68736 -7.2832 19.5
      vertex -8.9698 -3.29196 19.5
    endloop
  endfacet
  facet normal -0 0 1
    outer loop
      vertex -9.2 -3.3 19.5
      vertex -9.68736 -7.2832 19.5
      vertex -9.08483 -3.29799 19.5
    endloop
  endfacet
  facet normal 0 0 1
    outer loop
      vertex -9.31517 -3.29799 19.5
      vertex -9.68736 -7.2832 19.5
      vertex -9.2 -3.3 19.5
    endloop
  endfacet
  facet normal 0 0 1
    outer loop
      vertex -9.4302 -3.29196 19.5
      vertex -9.68736 -7.2832 19.5
      vertex -9.31517 -3.29799 19.5
    endloop
  endfacet
  facet normal 0 0 1
    outer loop
      vertex -9.54494 -3.28192 19.5
      vertex -9.68736 -7.2832 19.5
      vertex -9.4302 -3.29196 19.5
    endloop
  endfacet
  facet normal 0 0 1
    outer loop
      vertex -9.65927 -3.26788 19.5
      vertex -9.68736 -7.2832 19.5
      vertex -9.54494 -3.28192 19.5
    endloop
  endfacet
  facet normal 0 0 1
    outer loop
      vertex -9.77304 -3.24987 19.5
      vertex -9.68736 -7.2832 19.5
      vertex -9.65927 -3.26788 19.5
    endloop
  endfacet
  facet normal 0 0 1
    outer loop
      vertex -9.88611 -3.22789 19.5
      vertex -9.68736 -7.2832 19.5
      vertex -9.77304 -3.24987 19.5
    endloop
  endfacet
  facet normal 0 0 1
    outer loop
      vertex -9.99834 -3.20198 19.5
      vertex -9.68736 -7.2832 19.5
      vertex -9.88611 -3.22789 19.5
    endloop
  endfacet
  facet normal 0 0 1
    outer loop
      vertex -10.1096 -3.17216 19.5
      vertex -9.68736 -7.2832 19.5
      vertex -9.99834 -3.20198 19.5
    endloop
  endfacet
  facet normal 0 0 1
    outer loop
      vertex -10.2198 -3.13849 19.5
      vertex -9.68736 -7.2832 19.5
      vertex -10.1096 -3.17216 19.5
    endloop
  endfacet
  facet normal 0 0 1
    outer loop
      vertex -10.3287 -3.10099 19.5
      vertex -9.68736 -7.2832 19.5
      vertex -10.2198 -3.13849 19.5
    endloop
  endfacet
  facet normal 0 0 1
    outer loop
      vertex -10.4362 -3.05971 19.5
      vertex -9.68736 -7.2832 19.5
      vertex -10.3287 -3.10099 19.5
    endloop
  endfacet
  facet normal 0 0 1
    outer loop
      vertex -10.5422 -3.0147 19.5
      vertex -9.68736 -7.2832 19.5
      vertex -10.4362 -3.05971 19.5
    endloop
  endfacet
  facet normal -0 0 1
    outer loop
      vertex -13.8465 -6.75339 19.5
      vertex -9.68736 -7.2832 19.5
      vertex -10.5422 -3.0147 19.5
    endloop
  endfacet
  facet normal 0 0 1
    outer loop
      vertex -9.68736 -7.2832 19.5
      vertex -13.8465 -6.75339 19.5
      vertex -9.72858 -7.32588 19.5
    endloop
  endfacet
  facet normal 0 0 1
    outer loop
      vertex -9.72858 -7.32588 19.5
      vertex -13.8465 -6.75339 19.5
      vertex -9.76829 -7.36998 19.5
    endloop
  endfacet
  facet normal 0 0 1
    outer loop
      vertex -9.76829 -7.36998 19.5
      vertex -13.8465 -6.75339 19.5
      vertex -9.80643 -7.41544 19.5
    endloop
  endfacet
  facet normal 0 0 1
    outer loop
      vertex -9.80643 -7.41544 19.5
      vertex -13.6024 -7.23251 19.5
      vertex -9.84296 -7.4622 19.5
    endloop
  endfacet
  facet normal 0 0 1
    outer loop
      vertex -9.84296 -7.4622 19.5
      vertex -13.6024 -7.23251 19.5
      vertex -9.87784 -7.5102 19.5
    endloop
  endfacet
  facet normal 0 0 1
    outer loop
      vertex -9.87784 -7.5102 19.5
      vertex -13.6024 -7.23251 19.5
      vertex -9.91102 -7.55939 19.5
    endloop
  endfacet
  facet normal 0 0 1
    outer loop
      vertex -9.91102 -7.55939 19.5
      vertex -13.6024 -7.23251 19.5
      vertex -9.94247 -7.60972 19.5
    endloop
  endfacet
  facet normal 0 -0 1
    outer loop
      vertex -13.3417 -7.70282 19.5
      vertex -9.94247 -7.60972 19.5
      vertex -13.6024 -7.23251 19.5
    endloop
  endfacet
  facet normal 0 0 1
    outer loop
      vertex -9.94247 -7.60972 19.5
      vertex -13.3417 -7.70282 19.5
      vertex -9.97213 -7.6611 19.5
    endloop
  endfacet
  facet normal 0 0 1
    outer loop
      vertex -9.97213 -7.6611 19.5
      vertex -13.3417 -7.70282 19.5
      vertex -9.99999 -7.7135 19.5
    endloop
  endfacet
  facet normal 0 0 1
    outer loop
      vertex -9.99999 -7.7135 19.5
      vertex -13.3417 -7.70282 19.5
      vertex -10.026 -7.76683 19.5
    endloop
  endfacet
  facet normal 0 -0 1
    outer loop
      vertex -13.0647 -8.16374 19.5
      vertex -10.026 -7.76683 19.5
      vertex -13.3417 -7.70282 19.5
    endloop
  endfacet
  facet normal 0 0 1
    outer loop
      vertex -10.0501 -7.82104 19.5
      vertex -13.0647 -8.16374 19.5
      vertex -10.0724 -7.87606 19.5
    endloop
  endfacet
  facet normal 0 0 1
    outer loop
      vertex -10.0724 -7.87606 19.5
      vertex -13.0647 -8.16374 19.5
      vertex -10.0927 -7.93182 19.5
    endloop
  endfacet
  facet normal 0 0 1
    outer loop
      vertex -10.0927 -7.93182 19.5
      vertex -13.0647 -8.16374 19.5
      vertex -10.111 -7.98825 19.5
    endloop
  endfacet
  facet normal 0 -0 1
    outer loop
      vertex -12.7718 -8.61472 19.5
      vertex -10.111 -7.98825 19.5
      vertex -13.0647 -8.16374 19.5
    endloop
  endfacet
  facet normal 0 0 1
    outer loop
      vertex -10.1274 -8.04529 19.5
      vertex -12.7718 -8.61472 19.5
      vertex -10.1417 -8.10286 19.5
    endloop
  endfacet
  facet normal 0 0 1
    outer loop
      vertex -10.1644 -8.21934 19.5
      vertex -12.7718 -8.61472 19.5
      vertex -10.1726 -8.2781 19.5
    endloop
  endfacet
  facet normal 0 0 1
    outer loop
      vertex -10.154 -8.16091 19.5
      vertex -12.7718 -8.61472 19.5
      vertex -10.1644 -8.21934 19.5
    endloop
  endfacet
  facet normal 0 0 1
    outer loop
      vertex 2.54497 -4.15367 19.5
      vertex 2.375 -4.11362 19.5
      vertex 2.5429 -4.21297 19.5
    endloop
  endfacet
  facet normal 0 0 1
    outer loop
      vertex 2.54911 -4.09448 19.5
      vertex 2.375 -4.11362 19.5
      vertex 2.54497 -4.15367 19.5
    endloop
  endfacet
  facet normal 0 0 1
    outer loop
      vertex 2.375 -4.11362 19.5
      vertex 2.54911 -4.09448 19.5
      vertex 2.51712 -4.02823 19.5
    endloop
  endfacet
  facet normal 0 0 1
    outer loop
      vertex 2.55531 -4.03546 19.5
      vertex 2.51712 -4.02823 19.5
      vertex 2.54911 -4.09448 19.5
    endloop
  endfacet
  facet normal -0 0 1
    outer loop
      vertex 2.51712 -4.02823 19.5
      vertex 2.55531 -4.03546 19.5
      vertex 2.56027 -4.00021 19.5
    endloop
  endfacet
  facet normal 0 0 1
    outer loop
      vertex 12.4634 -9.0552 19.5
      vertex 10.183 -8.39631 19.5
      vertex 10.185 -8.45561 19.5
    endloop
  endfacet
  facet normal 0 0 1
    outer loop
      vertex 13.6024 -7.23251 19.5
      vertex 10.1788 -8.33712 19.5
      vertex 10.183 -8.39631 19.5
    endloop
  endfacet
  facet normal 0 0 1
    outer loop
      vertex 13.6024 -7.23251 19.5
      vertex 10.1726 -8.2781 19.5
      vertex 10.1788 -8.33712 19.5
    endloop
  endfacet
  facet normal 0 0 1
    outer loop
      vertex 13.6024 -7.23251 19.5
      vertex 10.1644 -8.21934 19.5
      vertex 10.1726 -8.2781 19.5
    endloop
  endfacet
  facet normal 0 0 1
    outer loop
      vertex 13.6024 -7.23251 19.5
      vertex 10.154 -8.16091 19.5
      vertex 10.1644 -8.21934 19.5
    endloop
  endfacet
  facet normal 0 0 1
    outer loop
      vertex 13.6024 -7.23251 19.5
      vertex 10.1417 -8.10286 19.5
      vertex 10.154 -8.16091 19.5
    endloop
  endfacet
  facet normal 0 0 1
    outer loop
      vertex 13.6024 -7.23251 19.5
      vertex 10.1274 -8.04529 19.5
      vertex 10.1417 -8.10286 19.5
    endloop
  endfacet
  facet normal 0 0 1
    outer loop
      vertex 13.6024 -7.23251 19.5
      vertex 10.111 -7.98825 19.5
      vertex 10.1274 -8.04529 19.5
    endloop
  endfacet
  facet normal 0 0 1
    outer loop
      vertex 9.68736 -7.2832 19.5
      vertex 10.2198 -3.13849 19.5
      vertex 10.1096 -3.17216 19.5
    endloop
  endfacet
  facet normal 0 0 1
    outer loop
      vertex 13.6024 -7.23251 19.5
      vertex 10.0927 -7.93182 19.5
      vertex 10.111 -7.98825 19.5
    endloop
  endfacet
  facet normal 0 0 1
    outer loop
      vertex 13.6024 -7.23251 19.5
      vertex 10.0724 -7.87606 19.5
      vertex 10.0927 -7.93182 19.5
    endloop
  endfacet
  facet normal 0 0 1
    outer loop
      vertex 13.6024 -7.23251 19.5
      vertex 10.0501 -7.82104 19.5
      vertex 10.0724 -7.87606 19.5
    endloop
  endfacet
  facet normal 0 0 1
    outer loop
      vertex 13.6024 -7.23251 19.5
      vertex 10.026 -7.76683 19.5
      vertex 10.0501 -7.82104 19.5
    endloop
  endfacet
  facet normal 0 0 1
    outer loop
      vertex 13.6024 -7.23251 19.5
      vertex 9.99999 -7.7135 19.5
      vertex 10.026 -7.76683 19.5
    endloop
  endfacet
  facet normal 0 0 1
    outer loop
      vertex 9.68736 -7.2832 19.5
      vertex 10.1096 -3.17216 19.5
      vertex 9.99834 -3.20198 19.5
    endloop
  endfacet
  facet normal 0 0 1
    outer loop
      vertex 13.6024 -7.23251 19.5
      vertex 9.97213 -7.6611 19.5
      vertex 9.99999 -7.7135 19.5
    endloop
  endfacet
  facet normal 0 0 1
    outer loop
      vertex 13.6024 -7.23251 19.5
      vertex 9.94247 -7.60972 19.5
      vertex 9.97213 -7.6611 19.5
    endloop
  endfacet
  facet normal 0 0 1
    outer loop
      vertex 13.6024 -7.23251 19.5
      vertex 9.91102 -7.55939 19.5
      vertex 9.94247 -7.60972 19.5
    endloop
  endfacet
  facet normal 0 0 1
    outer loop
      vertex 9.68736 -7.2832 19.5
      vertex 9.99834 -3.20198 19.5
      vertex 9.88611 -3.22789 19.5
    endloop
  endfacet
  facet normal 0 0 1
    outer loop
      vertex 13.6024 -7.23251 19.5
      vertex 9.87784 -7.5102 19.5
      vertex 9.91102 -7.55939 19.5
    endloop
  endfacet
  facet normal 0 0 1
    outer loop
      vertex 13.6024 -7.23251 19.5
      vertex 9.84296 -7.4622 19.5
      vertex 9.87784 -7.5102 19.5
    endloop
  endfacet
  facet normal 0 0 1
    outer loop
      vertex 13.6024 -7.23251 19.5
      vertex 9.80643 -7.41544 19.5
      vertex 9.84296 -7.4622 19.5
    endloop
  endfacet
  facet normal 0 0 1
    outer loop
      vertex 9.68736 -7.2832 19.5
      vertex 9.88611 -3.22789 19.5
      vertex 9.77304 -3.24987 19.5
    endloop
  endfacet
  facet normal 0 0 1
    outer loop
      vertex 13.8465 -6.75339 19.5
      vertex 9.80643 -7.41544 19.5
      vertex 13.6024 -7.23251 19.5
    endloop
  endfacet
  facet normal 0 -0 1
    outer loop
      vertex 9.80643 -7.41544 19.5
      vertex 13.8465 -6.75339 19.5
      vertex 9.76829 -7.36998 19.5
    endloop
  endfacet
  facet normal 0 0 1
    outer loop
      vertex 10.2198 -3.13849 19.5
      vertex 9.68736 -7.2832 19.5
      vertex 9.72858 -7.32588 19.5
    endloop
  endfacet
  facet normal -0 0 1
    outer loop
      vertex 9.65927 -3.26788 19.5
      vertex 9.68736 -7.2832 19.5
      vertex 9.77304 -3.24987 19.5
    endloop
  endfacet
  facet normal -0 0 1
    outer loop
      vertex 9.54494 -3.28192 19.5
      vertex 9.68736 -7.2832 19.5
      vertex 9.65927 -3.26788 19.5
    endloop
  endfacet
  facet normal -0 0 1
    outer loop
      vertex 9.4302 -3.29196 19.5
      vertex 9.68736 -7.2832 19.5
      vertex 9.54494 -3.28192 19.5
    endloop
  endfacet
  facet normal -0 0 1
    outer loop
      vertex 9.31517 -3.29799 19.5
      vertex 9.68736 -7.2832 19.5
      vertex 9.4302 -3.29196 19.5
    endloop
  endfacet
  facet normal -0 0 1
    outer loop
      vertex 9.2 -3.3 19.5
      vertex 9.68736 -7.2832 19.5
      vertex 9.31517 -3.29799 19.5
    endloop
  endfacet
  facet normal 0 0 1
    outer loop
      vertex 9.08483 -3.29799 19.5
      vertex 9.68736 -7.2832 19.5
      vertex 9.2 -3.3 19.5
    endloop
  endfacet
  facet normal 0 0 1
    outer loop
      vertex 8.9698 -3.29196 19.5
      vertex 9.68736 -7.2832 19.5
      vertex 9.08483 -3.29799 19.5
    endloop
  endfacet
  facet normal 0 0 1
    outer loop
      vertex 8.85506 -3.28192 19.5
      vertex 9.68736 -7.2832 19.5
      vertex 8.9698 -3.29196 19.5
    endloop
  endfacet
  facet normal 0 0 1
    outer loop
      vertex 8.74073 -3.26788 19.5
      vertex 9.68736 -7.2832 19.5
      vertex 8.85506 -3.28192 19.5
    endloop
  endfacet
  facet normal 0 0 1
    outer loop
      vertex 8.62696 -3.24987 19.5
      vertex 9.68736 -7.2832 19.5
      vertex 8.74073 -3.26788 19.5
    endloop
  endfacet
  facet normal 0 0 1
    outer loop
      vertex 8.51389 -3.22789 19.5
      vertex 9.68736 -7.2832 19.5
      vertex 8.62696 -3.24987 19.5
    endloop
  endfacet
  facet normal 0 0 1
    outer loop
      vertex 8.40166 -3.20198 19.5
      vertex 9.68736 -7.2832 19.5
      vertex 8.51389 -3.22789 19.5
    endloop
  endfacet
  facet normal 0 0 1
    outer loop
      vertex 8.2904 -3.17216 19.5
      vertex 9.68736 -7.2832 19.5
      vertex 8.40166 -3.20198 19.5
    endloop
  endfacet
  facet normal 0 0 1
    outer loop
      vertex 8.18024 -3.13849 19.5
      vertex 9.68736 -7.2832 19.5
      vertex 8.2904 -3.17216 19.5
    endloop
  endfacet
  facet normal 0 0 1
    outer loop
      vertex 8.07133 -3.10099 19.5
      vertex 9.68736 -7.2832 19.5
      vertex 8.18024 -3.13849 19.5
    endloop
  endfacet
  facet normal 0 0 1
    outer loop
      vertex 7.9638 -3.05971 19.5
      vertex 9.68736 -7.2832 19.5
      vertex 8.07133 -3.10099 19.5
    endloop
  endfacet
  facet normal -0 0 1
    outer loop
      vertex 5.44472 -3.04056 19.5
      vertex 7.9638 -3.05971 19.5
      vertex 7.85777 -3.0147 19.5
    endloop
  endfacet
  facet normal 0 0 1
    outer loop
      vertex 5.44472 -3.04056 19.5
      vertex 7.85777 -3.0147 19.5
      vertex 7.75338 -2.96602 19.5
    endloop
  endfacet
  facet normal 0 0 1
    outer loop
      vertex 5.44472 -3.04056 19.5
      vertex 7.75338 -2.96602 19.5
      vertex 7.65074 -2.91373 19.5
    endloop
  endfacet
  facet normal 0 0 1
    outer loop
      vertex 5.44472 -3.04056 19.5
      vertex 7.65074 -2.91373 19.5
      vertex 7.55 -2.85788 19.5
    endloop
  endfacet
  facet normal 0 0 1
    outer loop
      vertex 5.44472 -3.04056 19.5
      vertex 7.55 -2.85788 19.5
      vertex 7.45127 -2.79856 19.5
    endloop
  endfacet
  facet normal 0 0 1
    outer loop
      vertex 5.44472 -3.04056 19.5
      vertex 7.45127 -2.79856 19.5
      vertex 7.35466 -2.73582 19.5
    endloop
  endfacet
  facet normal 0 0 1
    outer loop
      vertex 5.44472 -3.04056 19.5
      vertex 7.35466 -2.73582 19.5
      vertex 7.26031 -2.66976 19.5
    endloop
  endfacet
  facet normal 0 0 1
    outer loop
      vertex 5.44472 -3.04056 19.5
      vertex 7.26031 -2.66976 19.5
      vertex 7.16832 -2.60044 19.5
    endloop
  endfacet
  facet normal 0 0 1
    outer loop
      vertex 5.44472 -3.04056 19.5
      vertex 7.16832 -2.60044 19.5
      vertex 7.0788 -2.52795 19.5
    endloop
  endfacet
  facet normal 0 0 1
    outer loop
      vertex 5.44472 -3.04056 19.5
      vertex 7.0788 -2.52795 19.5
      vertex 6.99187 -2.45238 19.5
    endloop
  endfacet
  facet normal 0 0 1
    outer loop
      vertex 5.44472 -3.04056 19.5
      vertex 6.99187 -2.45238 19.5
      vertex 6.90763 -2.37382 19.5
    endloop
  endfacet
  facet normal 0 0 1
    outer loop
      vertex 5.44472 -3.04056 19.5
      vertex 6.90763 -2.37382 19.5
      vertex 6.82618 -2.29237 19.5
    endloop
  endfacet
  facet normal 0 0 1
    outer loop
      vertex 5.44472 -3.04056 19.5
      vertex 6.82618 -2.29237 19.5
      vertex 6.74762 -2.20813 19.5
    endloop
  endfacet
  facet normal 0 0 1
    outer loop
      vertex 5.44472 -3.04056 19.5
      vertex 6.74762 -2.20813 19.5
      vertex 6.67205 -2.1212 19.5
    endloop
  endfacet
  facet normal 0 0 1
    outer loop
      vertex 5.44472 -3.04056 19.5
      vertex 6.67205 -2.1212 19.5
      vertex 6.59956 -2.03168 19.5
    endloop
  endfacet
  facet normal 0 0 1
    outer loop
      vertex 5.40204 -2.99934 19.5
      vertex 6.59956 -2.03168 19.5
      vertex 6.53024 -1.93969 19.5
    endloop
  endfacet
  facet normal 0 0 1
    outer loop
      vertex 5.35794 -2.95963 19.5
      vertex 6.53024 -1.93969 19.5
      vertex 6.46418 -1.84534 19.5
    endloop
  endfacet
  facet normal 0 0 1
    outer loop
      vertex 5.26573 -2.88496 19.5
      vertex 6.46418 -1.84534 19.5
      vertex 6.40144 -1.74873 19.5
    endloop
  endfacet
  facet normal 0 0 1
    outer loop
      vertex 5.16853 -2.8169 19.5
      vertex 6.40144 -1.74873 19.5
      vertex 6.34212 -1.65 19.5
    endloop
  endfacet
  facet normal 0 0 1
    outer loop
      vertex 7.9638 -3.05971 19.5
      vertex 5.44472 -3.04056 19.5
      vertex 9.68736 -7.2832 19.5
    endloop
  endfacet
  facet normal 0 0 1
    outer loop
      vertex 5.11821 -2.78546 19.5
      vertex 6.34212 -1.65 19.5
      vertex 6.28627 -1.54926 19.5
    endloop
  endfacet
  facet normal 0 0 1
    outer loop
      vertex 5.01442 -2.72793 19.5
      vertex 6.28627 -1.54926 19.5
      vertex 6.23398 -1.44662 19.5
    endloop
  endfacet
  facet normal 0 0 1
    outer loop
      vertex 4.51752 -1.46783 19.5
      vertex 6.23398 -1.44662 19.5
      vertex 6.1853 -1.34223 19.5
    endloop
  endfacet
  facet normal -0 0 1
    outer loop
      vertex 4.56599 -1.30928 19.5
      vertex 6.1853 -1.34223 19.5
      vertex 6.14029 -1.2362 19.5
    endloop
  endfacet
  facet normal 0 0 1
    outer loop
      vertex 4.56599 -1.30928 19.5
      vertex 6.14029 -1.2362 19.5
      vertex 6.09901 -1.12867 19.5
    endloop
  endfacet
  facet normal 0 0 1
    outer loop
      vertex 4.6089 -1.14913 19.5
      vertex 6.09901 -1.12867 19.5
      vertex 6.06151 -1.01976 19.5
    endloop
  endfacet
  facet normal -0 0 1
    outer loop
      vertex 4.6462 -0.98758 19.5
      vertex 6.06151 -1.01976 19.5
      vertex 6.02784 -0.909603 19.5
    endloop
  endfacet
  facet normal 0 0 1
    outer loop
      vertex 4.6462 -0.98758 19.5
      vertex 6.02784 -0.909603 19.5
      vertex 5.99802 -0.798342 19.5
    endloop
  endfacet
  facet normal 0 0 1
    outer loop
      vertex 4.67784 -0.824828 19.5
      vertex 5.99802 -0.798342 19.5
      vertex 5.97211 -0.686108 19.5
    endloop
  endfacet
  facet normal -0 0 1
    outer loop
      vertex 4.70377 -0.661072 19.5
      vertex 5.97211 -0.686108 19.5
      vertex 5.95013 -0.573038 19.5
    endloop
  endfacet
  facet normal -0 0 1
    outer loop
      vertex 4.72398 -0.49651 19.5
      vertex 5.95013 -0.573038 19.5
      vertex 5.93211 -0.45927 19.5
    endloop
  endfacet
  facet normal 0 0 1
    outer loop
      vertex 4.72398 -0.49651 19.5
      vertex 5.93211 -0.45927 19.5
      vertex 5.91808 -0.344943 19.5
    endloop
  endfacet
  facet normal -0 0 1
    outer loop
      vertex 4.73843 -0.331343 19.5
      vertex 5.91808 -0.344943 19.5
      vertex 5.90804 -0.230196 19.5
    endloop
  endfacet
  facet normal -0 0 1
    outer loop
      vertex 4.74711 -0.165772 19.5
      vertex 5.90804 -0.230196 19.5
      vertex 5.90201 -0.115168 19.5
    endloop
  endfacet
  facet normal -0 0 1
    outer loop
      vertex 4.75 0 19.5
      vertex 5.90201 -0.115168 19.5
      vertex 5.9 0 19.5
    endloop
  endfacet
  facet normal 0 0 1
    outer loop
      vertex 6.59956 -2.03168 19.5
      vertex 5.40204 -2.99934 19.5
      vertex 5.44472 -3.04056 19.5
    endloop
  endfacet
  facet normal 0 0 1
    outer loop
      vertex 6.53024 -1.93969 19.5
      vertex 5.35794 -2.95963 19.5
      vertex 5.40204 -2.99934 19.5
    endloop
  endfacet
  facet normal 0 0 1
    outer loop
      vertex 6.46418 -1.84534 19.5
      vertex 5.31248 -2.92149 19.5
      vertex 5.35794 -2.95963 19.5
    endloop
  endfacet
  facet normal 0 0 1
    outer loop
      vertex 6.46418 -1.84534 19.5
      vertex 5.26573 -2.88496 19.5
      vertex 5.31248 -2.92149 19.5
    endloop
  endfacet
  facet normal 0 0 1
    outer loop
      vertex 6.40144 -1.74873 19.5
      vertex 5.21772 -2.85008 19.5
      vertex 5.26573 -2.88496 19.5
    endloop
  endfacet
  facet normal 0 0 1
    outer loop
      vertex 6.09901 -1.12867 19.5
      vertex 4.6089 -1.14913 19.5
      vertex 4.56599 -1.30928 19.5
    endloop
  endfacet
  facet normal 0 0 1
    outer loop
      vertex 6.40144 -1.74873 19.5
      vertex 5.16853 -2.8169 19.5
      vertex 5.21772 -2.85008 19.5
    endloop
  endfacet
  facet normal 0 0 1
    outer loop
      vertex 6.1853 -1.34223 19.5
      vertex 4.56599 -1.30928 19.5
      vertex 4.51752 -1.46783 19.5
    endloop
  endfacet
  facet normal 0 0 1
    outer loop
      vertex 6.34212 -1.65 19.5
      vertex 5.11821 -2.78546 19.5
      vertex 5.16853 -2.8169 19.5
    endloop
  endfacet
  facet normal 0 0 1
    outer loop
      vertex 6.28627 -1.54926 19.5
      vertex 5.06682 -2.75579 19.5
      vertex 5.11821 -2.78546 19.5
    endloop
  endfacet
  facet normal 0 0 1
    outer loop
      vertex 6.23398 -1.44662 19.5
      vertex 4.51752 -1.46783 19.5
      vertex 4.96109 -2.70192 19.5
    endloop
  endfacet
  facet normal 0 0 1
    outer loop
      vertex 6.28627 -1.54926 19.5
      vertex 5.01442 -2.72793 19.5
      vertex 5.06682 -2.75579 19.5
    endloop
  endfacet
  facet normal -0 0 1
    outer loop
      vertex 4.46354 -1.6246 19.5
      vertex 4.96109 -2.70192 19.5
      vertex 4.51752 -1.46783 19.5
    endloop
  endfacet
  facet normal 0 0 1
    outer loop
      vertex 5.90201 -0.115168 19.5
      vertex 4.75 0 19.5
      vertex 4.74711 -0.165772 19.5
    endloop
  endfacet
  facet normal 0 0 1
    outer loop
      vertex 5.90804 -0.230196 19.5
      vertex 4.74711 -0.165772 19.5
      vertex 4.73843 -0.331343 19.5
    endloop
  endfacet
  facet normal 0 0 1
    outer loop
      vertex 5.91808 -0.344943 19.5
      vertex 4.73843 -0.331343 19.5
      vertex 4.72398 -0.49651 19.5
    endloop
  endfacet
  facet normal 0 0 1
    outer loop
      vertex 5.95013 -0.573038 19.5
      vertex 4.72398 -0.49651 19.5
      vertex 4.70377 -0.661072 19.5
    endloop
  endfacet
  facet normal 0 0 1
    outer loop
      vertex 5.97211 -0.686108 19.5
      vertex 4.70377 -0.661072 19.5
      vertex 4.67784 -0.824828 19.5
    endloop
  endfacet
  facet normal 0 0 1
    outer loop
      vertex 5.99802 -0.798342 19.5
      vertex 4.67784 -0.824828 19.5
      vertex 4.6462 -0.98758 19.5
    endloop
  endfacet
  facet normal 0 0 1
    outer loop
      vertex 6.06151 -1.01976 19.5
      vertex 4.6462 -0.98758 19.5
      vertex 4.6089 -1.14913 19.5
    endloop
  endfacet
  facet normal 0 0 1
    outer loop
      vertex 6.23398 -1.44662 19.5
      vertex 4.96109 -2.70192 19.5
      vertex 5.01442 -2.72793 19.5
    endloop
  endfacet
  facet normal 0 0 1
    outer loop
      vertex 4.96109 -2.70192 19.5
      vertex 4.46354 -1.6246 19.5
      vertex 4.90688 -2.67778 19.5
    endloop
  endfacet
  facet normal 0 0 1
    outer loop
      vertex 4.90688 -2.67778 19.5
      vertex 4.46354 -1.6246 19.5
      vertex 4.85187 -2.65555 19.5
    endloop
  endfacet
  facet normal -0 0 1
    outer loop
      vertex 4.40412 -1.77938 19.5
      vertex 4.85187 -2.65555 19.5
      vertex 4.46354 -1.6246 19.5
    endloop
  endfacet
  facet normal 0 0 1
    outer loop
      vertex 4.85187 -2.65555 19.5
      vertex 4.40412 -1.77938 19.5
      vertex 4.79611 -2.63526 19.5
    endloop
  endfacet
  facet normal 0 0 1
    outer loop
      vertex 4.79611 -2.63526 19.5
      vertex 4.40412 -1.77938 19.5
      vertex 4.73967 -2.61692 19.5
    endloop
  endfacet
  facet normal -0 0 1
    outer loop
      vertex 4.33934 -1.932 19.5
      vertex 4.73967 -2.61692 19.5
      vertex 4.40412 -1.77938 19.5
    endloop
  endfacet
  facet normal 0 0 1
    outer loop
      vertex 4.73967 -2.61692 19.5
      vertex 4.33934 -1.932 19.5
      vertex 4.68263 -2.60057 19.5
    endloop
  endfacet
  facet normal 0 0 1
    outer loop
      vertex 4.68263 -2.60057 19.5
      vertex 4.33934 -1.932 19.5
      vertex 4.62506 -2.58621 19.5
    endloop
  endfacet
  facet normal 0 0 1
    outer loop
      vertex 4.62506 -2.58621 19.5
      vertex 4.33934 -1.932 19.5
      vertex 4.56702 -2.57387 19.5
    endloop
  endfacet
  facet normal -0 0 1
    outer loop
      vertex 4.26927 -2.08226 19.5
      vertex 4.56702 -2.57387 19.5
      vertex 4.33934 -1.932 19.5
    endloop
  endfacet
  facet normal 0 0 1
    outer loop
      vertex 4.56702 -2.57387 19.5
      vertex 4.26927 -2.08226 19.5
      vertex 4.50858 -2.56357 19.5
    endloop
  endfacet
  facet normal 0 0 1
    outer loop
      vertex 4.50858 -2.56357 19.5
      vertex 4.26927 -2.08226 19.5
      vertex 4.44982 -2.55531 19.5
    endloop
  endfacet
  facet normal -0 0 1
    outer loop
      vertex 4.194 -2.22999 19.5
      vertex 4.44982 -2.55531 19.5
      vertex 4.26927 -2.08226 19.5
    endloop
  endfacet
  facet normal 0 0 1
    outer loop
      vertex 4.44982 -2.55531 19.5
      vertex 4.194 -2.22999 19.5
      vertex 4.39081 -2.54911 19.5
    endloop
  endfacet
  facet normal 0 0 1
    outer loop
      vertex 4.39081 -2.54911 19.5
      vertex 4.194 -2.22999 19.5
      vertex 4.33161 -2.54497 19.5
    endloop
  endfacet
  facet normal 0 0 1
    outer loop
      vertex 4.33161 -2.54497 19.5
      vertex 4.194 -2.22999 19.5
      vertex 4.27231 -2.5429 19.5
    endloop
  endfacet
  facet normal -0 0 1
    outer loop
      vertex 4.11362 -2.375 19.5
      vertex 4.27231 -2.5429 19.5
      vertex 4.194 -2.22999 19.5
    endloop
  endfacet
  facet normal 0 0 1
    outer loop
      vertex 4.27231 -2.5429 19.5
      vertex 4.11362 -2.375 19.5
      vertex 4.21297 -2.5429 19.5
    endloop
  endfacet
  facet normal 0 0 1
    outer loop
      vertex 4.21297 -2.5429 19.5
      vertex 4.11362 -2.375 19.5
      vertex 4.15367 -2.54497 19.5
    endloop
  endfacet
  facet normal 0 0 1
    outer loop
      vertex 4.11362 -2.375 19.5
      vertex 4.09448 -2.54911 19.5
      vertex 4.15367 -2.54497 19.5
    endloop
  endfacet
  facet normal -0 0 1
    outer loop
      vertex 4.02823 -2.51712 19.5
      vertex 4.09448 -2.54911 19.5
      vertex 4.11362 -2.375 19.5
    endloop
  endfacet
  facet normal 0 0 1
    outer loop
      vertex 4.09448 -2.54911 19.5
      vertex 4.02823 -2.51712 19.5
      vertex 4.03546 -2.55531 19.5
    endloop
  endfacet
  facet normal 0 0 1
    outer loop
      vertex 4.03546 -2.55531 19.5
      vertex 4.02823 -2.51712 19.5
      vertex 4.00021 -2.56027 19.5
    endloop
  endfacet
  facet normal -0 0 1
    outer loop
      vertex 12.492 -0.230196 19.5
      vertex 15.3962 -0.537648 19.5
      vertex 15.4056 0 19.5
    endloop
  endfacet
  facet normal -0 0 1
    outer loop
      vertex 12.4679 -0.45927 19.5
      vertex 15.3962 -0.537648 19.5
      vertex 12.4819 -0.344943 19.5
    endloop
  endfacet
  facet normal -0 0 1
    outer loop
      vertex 12.4499 -0.573038 19.5
      vertex 15.3681 -1.07464 19.5
      vertex 12.4679 -0.45927 19.5
    endloop
  endfacet
  facet normal 0 0 1
    outer loop
      vertex 15.3681 -1.07464 19.5
      vertex 12.402 -0.798342 19.5
      vertex 15.3212 -1.61033 19.5
    endloop
  endfacet
  facet normal -0 0 1
    outer loop
      vertex 12.3385 -1.01976 19.5
      vertex 15.3212 -1.61033 19.5
      vertex 12.3722 -0.909603 19.5
    endloop
  endfacet
  facet normal 0 0 1
    outer loop
      vertex 15.3212 -1.61033 19.5
      vertex 12.301 -1.12867 19.5
      vertex 15.2557 -2.14405 19.5
    endloop
  endfacet
  facet normal -0 0 1
    outer loop
      vertex 12.166 -1.44662 19.5
      vertex 15.2557 -2.14405 19.5
      vertex 12.2147 -1.34223 19.5
    endloop
  endfacet
  facet normal -0 0 1
    outer loop
      vertex 12.1137 -1.54926 19.5
      vertex 15.1716 -2.67516 19.5
      vertex 12.166 -1.44662 19.5
    endloop
  endfacet
  facet normal -0 0 1
    outer loop
      vertex 11.9986 -1.74873 19.5
      vertex 15.1716 -2.67516 19.5
      vertex 12.0579 -1.65 19.5
    endloop
  endfacet
  facet normal -0 0 1
    outer loop
      vertex 11.9358 -1.84534 19.5
      vertex 15.069 -3.20301 19.5
      vertex 11.9986 -1.74873 19.5
    endloop
  endfacet
  facet normal 0 0 1
    outer loop
      vertex 15.069 -3.20301 19.5
      vertex 11.8698 -1.93969 19.5
      vertex 14.948 -3.72696 19.5
    endloop
  endfacet
  facet normal -0 0 1
    outer loop
      vertex 11.7279 -2.1212 19.5
      vertex 14.948 -3.72696 19.5
      vertex 11.8004 -2.03168 19.5
    endloop
  endfacet
  facet normal 0 0 1
    outer loop
      vertex 14.948 -3.72696 19.5
      vertex 11.6524 -2.20813 19.5
      vertex 14.8088 -4.24637 19.5
    endloop
  endfacet
  facet normal -0 0 1
    outer loop
      vertex 11.5738 -2.29237 19.5
      vertex 14.8088 -4.24637 19.5
      vertex 11.6524 -2.20813 19.5
    endloop
  endfacet
  facet normal -0 0 1
    outer loop
      vertex 11.4081 -2.45238 19.5
      vertex 14.8088 -4.24637 19.5
      vertex 11.4924 -2.37382 19.5
    endloop
  endfacet
  facet normal -0 0 1
    outer loop
      vertex 11.3212 -2.52795 19.5
      vertex 14.6516 -4.7606 19.5
      vertex 11.4081 -2.45238 19.5
    endloop
  endfacet
  facet normal 0 0 1
    outer loop
      vertex 12.498 -0.115168 19.5
      vertex 15.4056 0 19.5
      vertex 12.5 0 19.5
    endloop
  endfacet
  facet normal 0 0 1
    outer loop
      vertex 12.492 -0.230196 19.5
      vertex 15.4056 0 19.5
      vertex 12.498 -0.115168 19.5
    endloop
  endfacet
  facet normal 0 0 1
    outer loop
      vertex 15.3962 -0.537648 19.5
      vertex 12.492 -0.230196 19.5
      vertex 12.4819 -0.344943 19.5
    endloop
  endfacet
  facet normal 0 0 1
    outer loop
      vertex 15.3962 -0.537648 19.5
      vertex 12.4679 -0.45927 19.5
      vertex 15.3681 -1.07464 19.5
    endloop
  endfacet
  facet normal -0 0 1
    outer loop
      vertex 12.4279 -0.686108 19.5
      vertex 15.3681 -1.07464 19.5
      vertex 12.4499 -0.573038 19.5
    endloop
  endfacet
  facet normal -0 0 1
    outer loop
      vertex 12.402 -0.798342 19.5
      vertex 15.3681 -1.07464 19.5
      vertex 12.4279 -0.686108 19.5
    endloop
  endfacet
  facet normal -0 0 1
    outer loop
      vertex 12.3722 -0.909603 19.5
      vertex 15.3212 -1.61033 19.5
      vertex 12.402 -0.798342 19.5
    endloop
  endfacet
  facet normal -0 0 1
    outer loop
      vertex 12.301 -1.12867 19.5
      vertex 15.3212 -1.61033 19.5
      vertex 12.3385 -1.01976 19.5
    endloop
  endfacet
  facet normal -0 0 1
    outer loop
      vertex 12.2597 -1.2362 19.5
      vertex 15.2557 -2.14405 19.5
      vertex 12.301 -1.12867 19.5
    endloop
  endfacet
  facet normal -0 0 1
    outer loop
      vertex 12.2147 -1.34223 19.5
      vertex 15.2557 -2.14405 19.5
      vertex 12.2597 -1.2362 19.5
    endloop
  endfacet
  facet normal 0 0 1
    outer loop
      vertex 15.2557 -2.14405 19.5
      vertex 12.166 -1.44662 19.5
      vertex 15.1716 -2.67516 19.5
    endloop
  endfacet
  facet normal -0 0 1
    outer loop
      vertex 12.0579 -1.65 19.5
      vertex 15.1716 -2.67516 19.5
      vertex 12.1137 -1.54926 19.5
    endloop
  endfacet
  facet normal 0 0 1
    outer loop
      vertex 15.1716 -2.67516 19.5
      vertex 11.9986 -1.74873 19.5
      vertex 15.069 -3.20301 19.5
    endloop
  endfacet
  facet normal -0 0 1
    outer loop
      vertex 11.8698 -1.93969 19.5
      vertex 15.069 -3.20301 19.5
      vertex 11.9358 -1.84534 19.5
    endloop
  endfacet
  facet normal -0 0 1
    outer loop
      vertex 11.8004 -2.03168 19.5
      vertex 14.948 -3.72696 19.5
      vertex 11.8698 -1.93969 19.5
    endloop
  endfacet
  facet normal -0 0 1
    outer loop
      vertex 11.6524 -2.20813 19.5
      vertex 14.948 -3.72696 19.5
      vertex 11.7279 -2.1212 19.5
    endloop
  endfacet
  facet normal -0 0 1
    outer loop
      vertex 11.4924 -2.37382 19.5
      vertex 14.8088 -4.24637 19.5
      vertex 11.5738 -2.29237 19.5
    endloop
  endfacet
  facet normal 0 0 1
    outer loop
      vertex 14.8088 -4.24637 19.5
      vertex 11.4081 -2.45238 19.5
      vertex 14.6516 -4.7606 19.5
    endloop
  endfacet
  facet normal -0 0 1
    outer loop
      vertex 11.2317 -2.60044 19.5
      vertex 14.6516 -4.7606 19.5
      vertex 11.3212 -2.52795 19.5
    endloop
  endfacet
  facet normal 0 0 1
    outer loop
      vertex 14.6516 -4.7606 19.5
      vertex 11.2317 -2.60044 19.5
      vertex 14.4766 -5.26904 19.5
    endloop
  endfacet
  facet normal -0 0 1
    outer loop
      vertex 11.1397 -2.66976 19.5
      vertex 14.4766 -5.26904 19.5
      vertex 11.2317 -2.60044 19.5
    endloop
  endfacet
  facet normal -0 0 1
    outer loop
      vertex 11.0453 -2.73582 19.5
      vertex 14.4766 -5.26904 19.5
      vertex 11.1397 -2.66976 19.5
    endloop
  endfacet
  facet normal 0 0 1
    outer loop
      vertex 14.4766 -5.26904 19.5
      vertex 11.0453 -2.73582 19.5
      vertex 14.2839 -5.77105 19.5
    endloop
  endfacet
  facet normal -0 0 1
    outer loop
      vertex 10.9487 -2.79856 19.5
      vertex 14.2839 -5.77105 19.5
      vertex 11.0453 -2.73582 19.5
    endloop
  endfacet
  facet normal -0 0 1
    outer loop
      vertex 10.85 -2.85788 19.5
      vertex 14.2839 -5.77105 19.5
      vertex 10.9487 -2.79856 19.5
    endloop
  endfacet
  facet normal -0 0 1
    outer loop
      vertex 10.7493 -2.91373 19.5
      vertex 14.2839 -5.77105 19.5
      vertex 10.85 -2.85788 19.5
    endloop
  endfacet
  facet normal 0 0 1
    outer loop
      vertex 14.2839 -5.77105 19.5
      vertex 10.7493 -2.91373 19.5
      vertex 14.0737 -6.26604 19.5
    endloop
  endfacet
  facet normal -0 0 1
    outer loop
      vertex 10.6466 -2.96602 19.5
      vertex 14.0737 -6.26604 19.5
      vertex 10.7493 -2.91373 19.5
    endloop
  endfacet
  facet normal -0 0 1
    outer loop
      vertex 10.5422 -3.0147 19.5
      vertex 14.0737 -6.26604 19.5
      vertex 10.6466 -2.96602 19.5
    endloop
  endfacet
  facet normal 0 0 1
    outer loop
      vertex 14.0737 -6.26604 19.5
      vertex 10.5422 -3.0147 19.5
      vertex 13.8465 -6.75339 19.5
    endloop
  endfacet
  facet normal 0 0 1
    outer loop
      vertex 12.4634 -9.0552 19.5
      vertex 10.185 -8.51495 19.5
      vertex 12.1398 -9.48466 19.5
    endloop
  endfacet
  facet normal 0 0 1
    outer loop
      vertex 9.72858 -7.32588 19.5
      vertex 10.5422 -3.0147 19.5
      vertex 10.4362 -3.05971 19.5
    endloop
  endfacet
  facet normal -0 0 1
    outer loop
      vertex 10.183 -8.57425 19.5
      vertex 12.1398 -9.48466 19.5
      vertex 10.185 -8.51495 19.5
    endloop
  endfacet
  facet normal 0 0 1
    outer loop
      vertex 9.72858 -7.32588 19.5
      vertex 10.4362 -3.05971 19.5
      vertex 10.3287 -3.10099 19.5
    endloop
  endfacet
  facet normal -0 0 1
    outer loop
      vertex 10.185 -8.51495 19.5
      vertex 12.4634 -9.0552 19.5
      vertex 10.185 -8.45561 19.5
    endloop
  endfacet
  facet normal 0 0 1
    outer loop
      vertex 10.5422 -3.0147 19.5
      vertex 9.72858 -7.32588 19.5
      vertex 13.8465 -6.75339 19.5
    endloop
  endfacet
  facet normal 0 0 1
    outer loop
      vertex 9.72858 -7.32588 19.5
      vertex 10.3287 -3.10099 19.5
      vertex 10.2198 -3.13849 19.5
    endloop
  endfacet
  facet normal -0 0 1
    outer loop
      vertex 10.1788 -8.63345 19.5
      vertex 12.1398 -9.48466 19.5
      vertex 10.183 -8.57425 19.5
    endloop
  endfacet
  facet normal 0 0 1
    outer loop
      vertex 10.183 -8.39631 19.5
      vertex 12.4634 -9.0552 19.5
      vertex 12.7718 -8.61472 19.5
    endloop
  endfacet
  facet normal -0 0 1
    outer loop
      vertex 10.183 -8.39631 19.5
      vertex 12.7718 -8.61472 19.5
      vertex 13.0647 -8.16374 19.5
    endloop
  endfacet
  facet normal 0 0 1
    outer loop
      vertex 10.183 -8.39631 19.5
      vertex 13.3417 -7.70282 19.5
      vertex 13.6024 -7.23251 19.5
    endloop
  endfacet
  facet normal 0 0 1
    outer loop
      vertex 10.183 -8.39631 19.5
      vertex 13.0647 -8.16374 19.5
      vertex 13.3417 -7.70282 19.5
    endloop
  endfacet
  facet normal -0 0 1
    outer loop
      vertex 10.1726 -8.69246 19.5
      vertex 12.1398 -9.48466 19.5
      vertex 10.1788 -8.63345 19.5
    endloop
  endfacet
  facet normal 0 -0 1
    outer loop
      vertex 9.76829 -7.36998 19.5
      vertex 13.8465 -6.75339 19.5
      vertex 9.72858 -7.32588 19.5
    endloop
  endfacet
  facet normal -0 0 1
    outer loop
      vertex 10.1644 -8.75122 19.5
      vertex 12.1398 -9.48466 19.5
      vertex 10.1726 -8.69246 19.5
    endloop
  endfacet
  facet normal -0 0 1
    outer loop
      vertex 10.154 -8.80966 19.5
      vertex 12.1398 -9.48466 19.5
      vertex 10.1644 -8.75122 19.5
    endloop
  endfacet
  facet normal 0 0 1
    outer loop
      vertex 12.1398 -9.48466 19.5
      vertex 10.154 -8.80966 19.5
      vertex 11.8014 -9.90255 19.5
    endloop
  endfacet
  facet normal -0 0 1
    outer loop
      vertex 10.1417 -8.8677 19.5
      vertex 11.8014 -9.90255 19.5
      vertex 10.154 -8.80966 19.5
    endloop
  endfacet
  facet normal -0 0 1
    outer loop
      vertex 10.1274 -8.92527 19.5
      vertex 11.8014 -9.90255 19.5
      vertex 10.1417 -8.8677 19.5
    endloop
  endfacet
  facet normal -0 0 1
    outer loop
      vertex 10.111 -8.98231 19.5
      vertex 11.8014 -9.90255 19.5
      vertex 10.1274 -8.92527 19.5
    endloop
  endfacet
  facet normal -0 0 1
    outer loop
      vertex 10.0927 -9.03875 19.5
      vertex 11.8014 -9.90255 19.5
      vertex 10.111 -8.98231 19.5
    endloop
  endfacet
  facet normal -0 0 1
    outer loop
      vertex 10.0724 -9.09451 19.5
      vertex 11.8014 -9.90255 19.5
      vertex 10.0927 -9.03875 19.5
    endloop
  endfacet
  facet normal -0 0 1
    outer loop
      vertex 10.0501 -9.14952 19.5
      vertex 11.8014 -9.90255 19.5
      vertex 10.0724 -9.09451 19.5
    endloop
  endfacet
  facet normal 0 0 1
    outer loop
      vertex 11.8014 -9.90255 19.5
      vertex 10.0501 -9.14952 19.5
      vertex 11.4486 -10.3084 19.5
    endloop
  endfacet
  facet normal -0 0 1
    outer loop
      vertex 10.026 -9.20373 19.5
      vertex 11.4486 -10.3084 19.5
      vertex 10.0501 -9.14952 19.5
    endloop
  endfacet
  facet normal -0 0 1
    outer loop
      vertex 9.99999 -9.25706 19.5
      vertex 11.4486 -10.3084 19.5
      vertex 10.026 -9.20373 19.5
    endloop
  endfacet
  facet normal -0 0 1
    outer loop
      vertex 9.97213 -9.30946 19.5
      vertex 11.4486 -10.3084 19.5
      vertex 9.99999 -9.25706 19.5
    endloop
  endfacet
  facet normal -0 0 1
    outer loop
      vertex 9.94247 -9.36085 19.5
      vertex 11.4486 -10.3084 19.5
      vertex 9.97213 -9.30946 19.5
    endloop
  endfacet
  facet normal -0 0 1
    outer loop
      vertex 9.91102 -9.41117 19.5
      vertex 11.4486 -10.3084 19.5
      vertex 9.94247 -9.36085 19.5
    endloop
  endfacet
  facet normal 0 0 1
    outer loop
      vertex 11.4486 -10.3084 19.5
      vertex 9.91102 -9.41117 19.5
      vertex 11.0819 -10.7017 19.5
    endloop
  endfacet
  facet normal -0 0 1
    outer loop
      vertex 9.87784 -9.46036 19.5
      vertex 11.0819 -10.7017 19.5
      vertex 9.91102 -9.41117 19.5
    endloop
  endfacet
  facet normal -0 0 1
    outer loop
      vertex 9.84296 -9.50837 19.5
      vertex 11.0819 -10.7017 19.5
      vertex 9.87784 -9.46036 19.5
    endloop
  endfacet
  facet normal -0 0 1
    outer loop
      vertex 9.80643 -9.55513 19.5
      vertex 11.0819 -10.7017 19.5
      vertex 9.84296 -9.50837 19.5
    endloop
  endfacet
  facet normal -0 0 1
    outer loop
      vertex 9.76829 -9.60058 19.5
      vertex 11.0819 -10.7017 19.5
      vertex 9.80643 -9.55513 19.5
    endloop
  endfacet
  facet normal -0 0 1
    outer loop
      vertex 9.72858 -9.64468 19.5
      vertex 11.0819 -10.7017 19.5
      vertex 9.76829 -9.60058 19.5
    endloop
  endfacet
  facet normal -0 0 1
    outer loop
      vertex 9.68736 -9.68736 19.5
      vertex 11.0819 -10.7017 19.5
      vertex 9.72858 -9.64468 19.5
    endloop
  endfacet
  facet normal 0 0 1
    outer loop
      vertex 11.0819 -10.7017 19.5
      vertex 9.68736 -9.68736 19.5
      vertex 10.7017 -11.0819 19.5
    endloop
  endfacet
  facet normal -0 0 1
    outer loop
      vertex 9.64468 -9.72858 19.5
      vertex 10.7017 -11.0819 19.5
      vertex 9.68736 -9.68736 19.5
    endloop
  endfacet
  facet normal -0 0 1
    outer loop
      vertex 9.60058 -9.76829 19.5
      vertex 10.7017 -11.0819 19.5
      vertex 9.64468 -9.72858 19.5
    endloop
  endfacet
  facet normal -0 0 1
    outer loop
      vertex 9.55513 -9.80643 19.5
      vertex 10.7017 -11.0819 19.5
      vertex 9.60058 -9.76829 19.5
    endloop
  endfacet
  facet normal -0 0 1
    outer loop
      vertex 9.50837 -9.84296 19.5
      vertex 10.7017 -11.0819 19.5
      vertex 9.55513 -9.80643 19.5
    endloop
  endfacet
  facet normal -0 0 1
    outer loop
      vertex 9.46036 -9.87784 19.5
      vertex 10.7017 -11.0819 19.5
      vertex 9.50837 -9.84296 19.5
    endloop
  endfacet
  facet normal -0 0 1
    outer loop
      vertex 9.41117 -9.91102 19.5
      vertex 10.7017 -11.0819 19.5
      vertex 9.46036 -9.87784 19.5
    endloop
  endfacet
  facet normal 0 0 1
    outer loop
      vertex 10.7017 -11.0819 19.5
      vertex 9.41117 -9.91102 19.5
      vertex 10.3084 -11.4486 19.5
    endloop
  endfacet
  facet normal -0 0 1
    outer loop
      vertex 9.36085 -9.94247 19.5
      vertex 10.3084 -11.4486 19.5
      vertex 9.41117 -9.91102 19.5
    endloop
  endfacet
  facet normal -0 0 1
    outer loop
      vertex 9.30946 -9.97213 19.5
      vertex 10.3084 -11.4486 19.5
      vertex 9.36085 -9.94247 19.5
    endloop
  endfacet
  facet normal -0 0 1
    outer loop
      vertex 9.25706 -9.99999 19.5
      vertex 10.3084 -11.4486 19.5
      vertex 9.30946 -9.97213 19.5
    endloop
  endfacet
  facet normal -0 0 1
    outer loop
      vertex 9.20373 -10.026 19.5
      vertex 10.3084 -11.4486 19.5
      vertex 9.25706 -9.99999 19.5
    endloop
  endfacet
  facet normal -0 0 1
    outer loop
      vertex 9.14952 -10.0501 19.5
      vertex 10.3084 -11.4486 19.5
      vertex 9.20373 -10.026 19.5
    endloop
  endfacet
  facet normal 0 0 1
    outer loop
      vertex 10.3084 -11.4486 19.5
      vertex 9.14952 -10.0501 19.5
      vertex 9.90255 -11.8014 19.5
    endloop
  endfacet
  facet normal -0 0 1
    outer loop
      vertex 9.09451 -10.0724 19.5
      vertex 9.90255 -11.8014 19.5
      vertex 9.14952 -10.0501 19.5
    endloop
  endfacet
  facet normal -0 0 1
    outer loop
      vertex 9.03875 -10.0927 19.5
      vertex 9.90255 -11.8014 19.5
      vertex 9.09451 -10.0724 19.5
    endloop
  endfacet
  facet normal -0 0 1
    outer loop
      vertex 8.98231 -10.111 19.5
      vertex 9.90255 -11.8014 19.5
      vertex 9.03875 -10.0927 19.5
    endloop
  endfacet
  facet normal -0 0 1
    outer loop
      vertex 8.92527 -10.1274 19.5
      vertex 9.90255 -11.8014 19.5
      vertex 8.98231 -10.111 19.5
    endloop
  endfacet
  facet normal -0 0 1
    outer loop
      vertex 8.8677 -10.1417 19.5
      vertex 9.90255 -11.8014 19.5
      vertex 8.92527 -10.1274 19.5
    endloop
  endfacet
  facet normal 0 0 1
    outer loop
      vertex 9.90255 -11.8014 19.5
      vertex 8.8677 -10.1417 19.5
      vertex 9.48466 -12.1398 19.5
    endloop
  endfacet
  facet normal -0 0 1
    outer loop
      vertex 8.80966 -10.154 19.5
      vertex 9.48466 -12.1398 19.5
      vertex 8.8677 -10.1417 19.5
    endloop
  endfacet
  facet normal -0 0 1
    outer loop
      vertex 8.75122 -10.1644 19.5
      vertex 9.48466 -12.1398 19.5
      vertex 8.80966 -10.154 19.5
    endloop
  endfacet
  facet normal -0 0 1
    outer loop
      vertex 8.69246 -10.1726 19.5
      vertex 9.48466 -12.1398 19.5
      vertex 8.75122 -10.1644 19.5
    endloop
  endfacet
  facet normal -0 0 1
    outer loop
      vertex 8.63345 -10.1788 19.5
      vertex 9.48466 -12.1398 19.5
      vertex 8.69246 -10.1726 19.5
    endloop
  endfacet
  facet normal -0 0 1
    outer loop
      vertex 8.57425 -10.183 19.5
      vertex 9.48466 -12.1398 19.5
      vertex 8.63345 -10.1788 19.5
    endloop
  endfacet
  facet normal -0 0 1
    outer loop
      vertex 8.51495 -10.185 19.5
      vertex 9.48466 -12.1398 19.5
      vertex 8.57425 -10.183 19.5
    endloop
  endfacet
  facet normal 0 0 1
    outer loop
      vertex 9.48466 -12.1398 19.5
      vertex 8.51495 -10.185 19.5
      vertex 9.0552 -12.4634 19.5
    endloop
  endfacet
  facet normal -0 0 1
    outer loop
      vertex 8.45561 -10.185 19.5
      vertex 9.0552 -12.4634 19.5
      vertex 8.51495 -10.185 19.5
    endloop
  endfacet
  facet normal 0 0 1
    outer loop
      vertex 8.39631 -10.183 19.5
      vertex 9.0552 -12.4634 19.5
      vertex 8.45561 -10.185 19.5
    endloop
  endfacet
  facet normal 0 0 1
    outer loop
      vertex 8.33712 -10.1788 19.5
      vertex 9.0552 -12.4634 19.5
      vertex 8.39631 -10.183 19.5
    endloop
  endfacet
  facet normal 0 0 1
    outer loop
      vertex 8.2781 -10.1726 19.5
      vertex 9.0552 -12.4634 19.5
      vertex 8.33712 -10.1788 19.5
    endloop
  endfacet
  facet normal 0 0 1
    outer loop
      vertex 9.0552 -12.4634 19.5
      vertex 8.2781 -10.1726 19.5
      vertex 8.61472 -12.7718 19.5
    endloop
  endfacet
  facet normal 0 0 1
    outer loop
      vertex 8.21934 -10.1644 19.5
      vertex 8.61472 -12.7718 19.5
      vertex 8.2781 -10.1726 19.5
    endloop
  endfacet
  facet normal 0 0 1
    outer loop
      vertex 8.16091 -10.154 19.5
      vertex 8.61472 -12.7718 19.5
      vertex 8.21934 -10.1644 19.5
    endloop
  endfacet
  facet normal 0 0 1
    outer loop
      vertex 8.10286 -10.1417 19.5
      vertex 8.61472 -12.7718 19.5
      vertex 8.16091 -10.154 19.5
    endloop
  endfacet
  facet normal 0 0 1
    outer loop
      vertex 8.04529 -10.1274 19.5
      vertex 8.61472 -12.7718 19.5
      vertex 8.10286 -10.1417 19.5
    endloop
  endfacet
  facet normal 0 0 1
    outer loop
      vertex 7.98825 -10.111 19.5
      vertex 8.61472 -12.7718 19.5
      vertex 8.04529 -10.1274 19.5
    endloop
  endfacet
  facet normal 0 0 1
    outer loop
      vertex 8.61472 -12.7718 19.5
      vertex 7.98825 -10.111 19.5
      vertex 8.16374 -13.0647 19.5
    endloop
  endfacet
  facet normal 0 0 1
    outer loop
      vertex 7.93182 -10.0927 19.5
      vertex 8.16374 -13.0647 19.5
      vertex 7.98825 -10.111 19.5
    endloop
  endfacet
  facet normal 0 0 1
    outer loop
      vertex 7.87606 -10.0724 19.5
      vertex 8.16374 -13.0647 19.5
      vertex 7.93182 -10.0927 19.5
    endloop
  endfacet
  facet normal 0 0 1
    outer loop
      vertex 7.82104 -10.0501 19.5
      vertex 8.16374 -13.0647 19.5
      vertex 7.87606 -10.0724 19.5
    endloop
  endfacet
  facet normal 0 0 1
    outer loop
      vertex 7.76683 -10.026 19.5
      vertex 8.16374 -13.0647 19.5
      vertex 7.82104 -10.0501 19.5
    endloop
  endfacet
  facet normal 0 0 1
    outer loop
      vertex 7.70282 -13.3417 19.5
      vertex 7.76683 -10.026 19.5
      vertex 7.7135 -9.99999 19.5
    endloop
  endfacet
  facet normal 0 0 1
    outer loop
      vertex 7.76683 -10.026 19.5
      vertex 7.70282 -13.3417 19.5
      vertex 8.16374 -13.0647 19.5
    endloop
  endfacet
  facet normal 0 0 1
    outer loop
      vertex 7.6611 -9.97213 19.5
      vertex 7.70282 -13.3417 19.5
      vertex 7.7135 -9.99999 19.5
    endloop
  endfacet
  facet normal 0 0 1
    outer loop
      vertex 7.60972 -9.94247 19.5
      vertex 7.70282 -13.3417 19.5
      vertex 7.6611 -9.97213 19.5
    endloop
  endfacet
  facet normal 0 0 1
    outer loop
      vertex 7.55939 -9.91102 19.5
      vertex 7.70282 -13.3417 19.5
      vertex 7.60972 -9.94247 19.5
    endloop
  endfacet
  facet normal 0 0 1
    outer loop
      vertex 7.23251 -13.6024 19.5
      vertex 7.55939 -9.91102 19.5
      vertex 7.5102 -9.87784 19.5
    endloop
  endfacet
  facet normal 0 0 1
    outer loop
      vertex 7.23251 -13.6024 19.5
      vertex 7.5102 -9.87784 19.5
      vertex 7.4622 -9.84296 19.5
    endloop
  endfacet
  facet normal 0 0 1
    outer loop
      vertex 7.23251 -13.6024 19.5
      vertex 7.4622 -9.84296 19.5
      vertex 7.41544 -9.80643 19.5
    endloop
  endfacet
  facet normal 0 0 1
    outer loop
      vertex 6.75339 -13.8465 19.5
      vertex 7.41544 -9.80643 19.5
      vertex 7.36998 -9.76829 19.5
    endloop
  endfacet
  facet normal 0 0 1
    outer loop
      vertex 6.75339 -13.8465 19.5
      vertex 7.36998 -9.76829 19.5
      vertex 7.32588 -9.72858 19.5
    endloop
  endfacet
  facet normal 0 0 1
    outer loop
      vertex 6.75339 -13.8465 19.5
      vertex 7.32588 -9.72858 19.5
      vertex 7.2832 -9.68736 19.5
    endloop
  endfacet
  facet normal 0 0 1
    outer loop
      vertex 7.55939 -9.91102 19.5
      vertex 7.23251 -13.6024 19.5
      vertex 7.70282 -13.3417 19.5
    endloop
  endfacet
  facet normal 0 0 1
    outer loop
      vertex 7.41544 -9.80643 19.5
      vertex 6.75339 -13.8465 19.5
      vertex 7.23251 -13.6024 19.5
    endloop
  endfacet
  facet normal 0 0 1
    outer loop
      vertex 7.2832 -9.68736 19.5
      vertex 6.26604 -14.0737 19.5
      vertex 6.75339 -13.8465 19.5
    endloop
  endfacet
  facet normal 0 0 1
    outer loop
      vertex 7.2832 -9.68736 19.5
      vertex 5.77105 -14.2839 19.5
      vertex 6.26604 -14.0737 19.5
    endloop
  endfacet
  facet normal 0 0 1
    outer loop
      vertex 7.2832 -9.68736 19.5
      vertex 5.26904 -14.4766 19.5
      vertex 5.77105 -14.2839 19.5
    endloop
  endfacet
  facet normal 0 0 1
    outer loop
      vertex 7.2832 -9.68736 19.5
      vertex 4.7606 -14.6516 19.5
      vertex 5.26904 -14.4766 19.5
    endloop
  endfacet
  facet normal 0 0 1
    outer loop
      vertex 7.2832 -9.68736 19.5
      vertex 4.24637 -14.8088 19.5
      vertex 4.7606 -14.6516 19.5
    endloop
  endfacet
  facet normal 0 0 1
    outer loop
      vertex 7.2832 -9.68736 19.5
      vertex 3.72696 -14.948 19.5
      vertex 4.24637 -14.8088 19.5
    endloop
  endfacet
  facet normal 0 0 1
    outer loop
      vertex 3.04056 -5.44472 19.5
      vertex 3.72696 -14.948 19.5
      vertex 7.2832 -9.68736 19.5
    endloop
  endfacet
  facet normal 0 0 1
    outer loop
      vertex 3.72696 -14.948 19.5
      vertex 3.04056 -5.44472 19.5
      vertex 3.20301 -15.069 19.5
    endloop
  endfacet
  facet normal 0 0 1
    outer loop
      vertex 0.824828 -4.67784 19.5
      vertex 3.04056 -5.44472 19.5
      vertex 2.99934 -5.40204 19.5
    endloop
  endfacet
  facet normal 0 0 1
    outer loop
      vertex 0.824828 -4.67784 19.5
      vertex 2.99934 -5.40204 19.5
      vertex 2.95963 -5.35794 19.5
    endloop
  endfacet
  facet normal 0 0 1
    outer loop
      vertex 0.98758 -4.6462 19.5
      vertex 2.95963 -5.35794 19.5
      vertex 2.92149 -5.31248 19.5
    endloop
  endfacet
  facet normal 0 0 1
    outer loop
      vertex 0.98758 -4.6462 19.5
      vertex 2.92149 -5.31248 19.5
      vertex 2.88496 -5.26573 19.5
    endloop
  endfacet
  facet normal 0 0 1
    outer loop
      vertex 1.14913 -4.6089 19.5
      vertex 2.88496 -5.26573 19.5
      vertex 2.85008 -5.21772 19.5
    endloop
  endfacet
  facet normal 0 0 1
    outer loop
      vertex 1.14913 -4.6089 19.5
      vertex 2.85008 -5.21772 19.5
      vertex 2.8169 -5.16853 19.5
    endloop
  endfacet
  facet normal 0 0 1
    outer loop
      vertex 1.30928 -4.56599 19.5
      vertex 2.8169 -5.16853 19.5
      vertex 2.78546 -5.11821 19.5
    endloop
  endfacet
  facet normal 0 0 1
    outer loop
      vertex 1.30928 -4.56599 19.5
      vertex 2.78546 -5.11821 19.5
      vertex 2.75579 -5.06682 19.5
    endloop
  endfacet
  facet normal 0 0 1
    outer loop
      vertex 1.46783 -4.51752 19.5
      vertex 2.75579 -5.06682 19.5
      vertex 2.72793 -5.01442 19.5
    endloop
  endfacet
  facet normal 0 0 1
    outer loop
      vertex 1.46783 -4.51752 19.5
      vertex 2.72793 -5.01442 19.5
      vertex 2.70192 -4.96109 19.5
    endloop
  endfacet
  facet normal 0 0 1
    outer loop
      vertex 1.6246 -4.46354 19.5
      vertex 2.70192 -4.96109 19.5
      vertex 2.67778 -4.90688 19.5
    endloop
  endfacet
  facet normal 0 0 1
    outer loop
      vertex 3.04056 -5.44472 19.5
      vertex 2.67516 -15.1716 19.5
      vertex 3.20301 -15.069 19.5
    endloop
  endfacet
  facet normal 0 0 1
    outer loop
      vertex 1.6246 -4.46354 19.5
      vertex 2.67778 -4.90688 19.5
      vertex 2.65555 -4.85187 19.5
    endloop
  endfacet
  facet normal 0 0 1
    outer loop
      vertex 1.77938 -4.40412 19.5
      vertex 2.65555 -4.85187 19.5
      vertex 2.63526 -4.79611 19.5
    endloop
  endfacet
  facet normal 0 0 1
    outer loop
      vertex 1.77938 -4.40412 19.5
      vertex 2.63526 -4.79611 19.5
      vertex 2.61692 -4.73967 19.5
    endloop
  endfacet
  facet normal 0 0 1
    outer loop
      vertex 1.932 -4.33934 19.5
      vertex 2.61692 -4.73967 19.5
      vertex 2.60057 -4.68263 19.5
    endloop
  endfacet
  facet normal 0 0 1
    outer loop
      vertex 1.932 -4.33934 19.5
      vertex 2.60057 -4.68263 19.5
      vertex 2.58621 -4.62506 19.5
    endloop
  endfacet
  facet normal 0 0 1
    outer loop
      vertex 1.932 -4.33934 19.5
      vertex 2.58621 -4.62506 19.5
      vertex 2.57387 -4.56702 19.5
    endloop
  endfacet
  facet normal 0 0 1
    outer loop
      vertex 2.08226 -4.26927 19.5
      vertex 2.57387 -4.56702 19.5
      vertex 2.56357 -4.50858 19.5
    endloop
  endfacet
  facet normal 0 0 1
    outer loop
      vertex 2.08226 -4.26927 19.5
      vertex 2.56357 -4.50858 19.5
      vertex 2.55531 -4.44982 19.5
    endloop
  endfacet
  facet normal 0 0 1
    outer loop
      vertex 2.22999 -4.194 19.5
      vertex 2.55531 -4.44982 19.5
      vertex 2.54911 -4.39081 19.5
    endloop
  endfacet
  facet normal 0 0 1
    outer loop
      vertex 2.22999 -4.194 19.5
      vertex 2.54911 -4.39081 19.5
      vertex 2.54497 -4.33161 19.5
    endloop
  endfacet
  facet normal 0 0 1
    outer loop
      vertex 2.22999 -4.194 19.5
      vertex 2.54497 -4.33161 19.5
      vertex 2.5429 -4.27231 19.5
    endloop
  endfacet
  facet normal 0 0 1
    outer loop
      vertex 2.5429 -4.21297 19.5
      vertex 2.375 -4.11362 19.5
      vertex 2.5429 -4.27231 19.5
    endloop
  endfacet
  facet normal -0 0 1
    outer loop
      vertex 2.22999 -4.194 19.5
      vertex 2.5429 -4.27231 19.5
      vertex 2.375 -4.11362 19.5
    endloop
  endfacet
  facet normal 0 0 1
    outer loop
      vertex 2.55531 -4.44982 19.5
      vertex 2.22999 -4.194 19.5
      vertex 2.08226 -4.26927 19.5
    endloop
  endfacet
  facet normal 0 0 1
    outer loop
      vertex 2.57387 -4.56702 19.5
      vertex 2.08226 -4.26927 19.5
      vertex 1.932 -4.33934 19.5
    endloop
  endfacet
  facet normal 0 0 1
    outer loop
      vertex 2.61692 -4.73967 19.5
      vertex 1.932 -4.33934 19.5
      vertex 1.77938 -4.40412 19.5
    endloop
  endfacet
  facet normal 0 0 1
    outer loop
      vertex 2.65555 -4.85187 19.5
      vertex 1.77938 -4.40412 19.5
      vertex 1.6246 -4.46354 19.5
    endloop
  endfacet
  facet normal 0 0 1
    outer loop
      vertex 2.70192 -4.96109 19.5
      vertex 1.6246 -4.46354 19.5
      vertex 1.46783 -4.51752 19.5
    endloop
  endfacet
  facet normal 0 0 1
    outer loop
      vertex 2.75579 -5.06682 19.5
      vertex 1.46783 -4.51752 19.5
      vertex 1.30928 -4.56599 19.5
    endloop
  endfacet
  facet normal 0 0 1
    outer loop
      vertex 2.8169 -5.16853 19.5
      vertex 1.30928 -4.56599 19.5
      vertex 1.14913 -4.6089 19.5
    endloop
  endfacet
  facet normal 0 0 1
    outer loop
      vertex 2.88496 -5.26573 19.5
      vertex 1.14913 -4.6089 19.5
      vertex 0.98758 -4.6462 19.5
    endloop
  endfacet
  facet normal 0 0 1
    outer loop
      vertex 2.95963 -5.35794 19.5
      vertex 0.98758 -4.6462 19.5
      vertex 0.824828 -4.67784 19.5
    endloop
  endfacet
  facet normal 0 0 1
    outer loop
      vertex 3.04056 -5.44472 19.5
      vertex 0.824828 -4.67784 19.5
      vertex 0.661072 -4.70377 19.5
    endloop
  endfacet
  facet normal 0 0 1
    outer loop
      vertex 3.04056 -5.44472 19.5
      vertex 2.14405 -15.2557 19.5
      vertex 2.67516 -15.1716 19.5
    endloop
  endfacet
  facet normal 0 0 1
    outer loop
      vertex 3.04056 -5.44472 19.5
      vertex 0.661072 -4.70377 19.5
      vertex 0.49651 -4.72398 19.5
    endloop
  endfacet
  facet normal 0 0 1
    outer loop
      vertex 3.04056 -5.44472 19.5
      vertex 1.61033 -15.3212 19.5
      vertex 2.14405 -15.2557 19.5
    endloop
  endfacet
  facet normal 0 0 1
    outer loop
      vertex 3.04056 -5.44472 19.5
      vertex 0.49651 -4.72398 19.5
      vertex 0.331343 -4.73843 19.5
    endloop
  endfacet
  facet normal 0 0 1
    outer loop
      vertex 3.04056 -5.44472 19.5
      vertex 1.07464 -15.3681 19.5
      vertex 1.61033 -15.3212 19.5
    endloop
  endfacet
  facet normal 0 0 1
    outer loop
      vertex 3.04056 -5.44472 19.5
      vertex 0.331343 -4.73843 19.5
      vertex 0.165772 -4.74711 19.5
    endloop
  endfacet
  facet normal 0 0 1
    outer loop
      vertex 3.04056 -5.44472 19.5
      vertex 0.537648 -15.3962 19.5
      vertex 1.07464 -15.3681 19.5
    endloop
  endfacet
  facet normal 0 0 1
    outer loop
      vertex 3.04056 -5.44472 19.5
      vertex 0.165772 -4.74711 19.5
      vertex 0.537648 -15.3962 19.5
    endloop
  endfacet
  facet normal -0 0 1
    outer loop
      vertex 0 -4.75 19.5
      vertex 0.537648 -15.3962 19.5
      vertex 0.165772 -4.74711 19.5
    endloop
  endfacet
  facet normal 0 0 1
    outer loop
      vertex 0 -4.75 19.5
      vertex 0 -15.4056 19.5
      vertex 0.537648 -15.3962 19.5
    endloop
  endfacet
  facet normal 0 0 1
    outer loop
      vertex -0.165772 -4.74711 19.5
      vertex 0 -15.4056 19.5
      vertex 0 -4.75 19.5
    endloop
  endfacet
  facet normal 0 0 1
    outer loop
      vertex -3.04056 -5.44472 19.5
      vertex -0.165772 -4.74711 19.5
      vertex -0.331343 -4.73843 19.5
    endloop
  endfacet
  facet normal 0 0 1
    outer loop
      vertex -3.04056 -5.44472 19.5
      vertex -0.331343 -4.73843 19.5
      vertex -0.49651 -4.72398 19.5
    endloop
  endfacet
  facet normal 0 0 1
    outer loop
      vertex -0.165772 -4.74711 19.5
      vertex -0.537648 -15.3962 19.5
      vertex 0 -15.4056 19.5
    endloop
  endfacet
  facet normal 0 0 1
    outer loop
      vertex -3.04056 -5.44472 19.5
      vertex -0.49651 -4.72398 19.5
      vertex -0.661072 -4.70377 19.5
    endloop
  endfacet
  facet normal 0 0 1
    outer loop
      vertex -3.04056 -5.44472 19.5
      vertex -0.661072 -4.70377 19.5
      vertex -0.824828 -4.67784 19.5
    endloop
  endfacet
  facet normal 0 0 1
    outer loop
      vertex -2.95963 -5.35794 19.5
      vertex -0.824828 -4.67784 19.5
      vertex -0.98758 -4.6462 19.5
    endloop
  endfacet
  facet normal 0 0 1
    outer loop
      vertex -0.165772 -4.74711 19.5
      vertex -3.04056 -5.44472 19.5
      vertex -0.537648 -15.3962 19.5
    endloop
  endfacet
  facet normal 0 0 1
    outer loop
      vertex -2.88496 -5.26573 19.5
      vertex -0.98758 -4.6462 19.5
      vertex -1.14913 -4.6089 19.5
    endloop
  endfacet
  facet normal 0 0 1
    outer loop
      vertex -2.85008 -5.21772 19.5
      vertex -1.14913 -4.6089 19.5
      vertex -1.30928 -4.56599 19.5
    endloop
  endfacet
  facet normal 0 0 1
    outer loop
      vertex -2.75579 -5.06682 19.5
      vertex -1.30928 -4.56599 19.5
      vertex -1.46783 -4.51752 19.5
    endloop
  endfacet
  facet normal 0 0 1
    outer loop
      vertex -0.537648 -15.3962 19.5
      vertex -3.04056 -5.44472 19.5
      vertex -1.07464 -15.3681 19.5
    endloop
  endfacet
  facet normal 0 0 1
    outer loop
      vertex -2.70192 -4.96109 19.5
      vertex -1.46783 -4.51752 19.5
      vertex -1.6246 -4.46354 19.5
    endloop
  endfacet
  facet normal 0 0 1
    outer loop
      vertex -2.65555 -4.85187 19.5
      vertex -1.6246 -4.46354 19.5
      vertex -1.77938 -4.40412 19.5
    endloop
  endfacet
  facet normal 0 0 1
    outer loop
      vertex -2.61692 -4.73967 19.5
      vertex -1.77938 -4.40412 19.5
      vertex -1.932 -4.33934 19.5
    endloop
  endfacet
  facet normal 0 0 1
    outer loop
      vertex -2.57387 -4.56702 19.5
      vertex -1.932 -4.33934 19.5
      vertex -2.08226 -4.26927 19.5
    endloop
  endfacet
  facet normal 0 0 1
    outer loop
      vertex -1.14913 -4.6089 19.5
      vertex -2.85008 -5.21772 19.5
      vertex -2.88496 -5.26573 19.5
    endloop
  endfacet
  facet normal 0 0 1
    outer loop
      vertex -2.55531 -4.44982 19.5
      vertex -2.08226 -4.26927 19.5
      vertex -2.22999 -4.194 19.5
    endloop
  endfacet
  facet normal 0 0 1
    outer loop
      vertex -2.5429 -4.27231 19.5
      vertex -2.22999 -4.194 19.5
      vertex -2.375 -4.11362 19.5
    endloop
  endfacet
  facet normal -0 0 1
    outer loop
      vertex -2.54911 -4.09448 19.5
      vertex -2.375 -4.11362 19.5
      vertex -2.51712 -4.02823 19.5
    endloop
  endfacet
  facet normal 0 0 1
    outer loop
      vertex -2.375 -4.11362 19.5
      vertex -2.5429 -4.21297 19.5
      vertex -2.5429 -4.27231 19.5
    endloop
  endfacet
  facet normal 0 0 1
    outer loop
      vertex -2.22999 -4.194 19.5
      vertex -2.5429 -4.27231 19.5
      vertex -2.54497 -4.33161 19.5
    endloop
  endfacet
  facet normal 0 0 1
    outer loop
      vertex -2.22999 -4.194 19.5
      vertex -2.54497 -4.33161 19.5
      vertex -2.54911 -4.39081 19.5
    endloop
  endfacet
  facet normal 0 0 1
    outer loop
      vertex -2.22999 -4.194 19.5
      vertex -2.54911 -4.39081 19.5
      vertex -2.55531 -4.44982 19.5
    endloop
  endfacet
  facet normal 0 0 1
    outer loop
      vertex -2.08226 -4.26927 19.5
      vertex -2.55531 -4.44982 19.5
      vertex -2.56357 -4.50858 19.5
    endloop
  endfacet
  facet normal 0 0 1
    outer loop
      vertex -2.08226 -4.26927 19.5
      vertex -2.56357 -4.50858 19.5
      vertex -2.57387 -4.56702 19.5
    endloop
  endfacet
  facet normal 0 0 1
    outer loop
      vertex -1.932 -4.33934 19.5
      vertex -2.57387 -4.56702 19.5
      vertex -2.58621 -4.62506 19.5
    endloop
  endfacet
  facet normal 0 0 1
    outer loop
      vertex -1.932 -4.33934 19.5
      vertex -2.58621 -4.62506 19.5
      vertex -2.60057 -4.68263 19.5
    endloop
  endfacet
  facet normal 0 0 1
    outer loop
      vertex -1.932 -4.33934 19.5
      vertex -2.60057 -4.68263 19.5
      vertex -2.61692 -4.73967 19.5
    endloop
  endfacet
  facet normal 0 0 1
    outer loop
      vertex -1.77938 -4.40412 19.5
      vertex -2.61692 -4.73967 19.5
      vertex -2.63526 -4.79611 19.5
    endloop
  endfacet
  facet normal 0 0 1
    outer loop
      vertex -1.77938 -4.40412 19.5
      vertex -2.63526 -4.79611 19.5
      vertex -2.65555 -4.85187 19.5
    endloop
  endfacet
  facet normal 0 0 1
    outer loop
      vertex -1.6246 -4.46354 19.5
      vertex -2.65555 -4.85187 19.5
      vertex -2.67778 -4.90688 19.5
    endloop
  endfacet
  facet normal 0 0 1
    outer loop
      vertex -1.6246 -4.46354 19.5
      vertex -2.67778 -4.90688 19.5
      vertex -2.70192 -4.96109 19.5
    endloop
  endfacet
  facet normal 0 0 1
    outer loop
      vertex -1.46783 -4.51752 19.5
      vertex -2.70192 -4.96109 19.5
      vertex -2.72793 -5.01442 19.5
    endloop
  endfacet
  facet normal 0 0 1
    outer loop
      vertex -1.46783 -4.51752 19.5
      vertex -2.72793 -5.01442 19.5
      vertex -2.75579 -5.06682 19.5
    endloop
  endfacet
  facet normal 0 0 1
    outer loop
      vertex -1.30928 -4.56599 19.5
      vertex -2.75579 -5.06682 19.5
      vertex -2.78546 -5.11821 19.5
    endloop
  endfacet
  facet normal 0 0 1
    outer loop
      vertex -1.30928 -4.56599 19.5
      vertex -2.78546 -5.11821 19.5
      vertex -2.8169 -5.16853 19.5
    endloop
  endfacet
  facet normal 0 0 1
    outer loop
      vertex -1.30928 -4.56599 19.5
      vertex -2.8169 -5.16853 19.5
      vertex -2.85008 -5.21772 19.5
    endloop
  endfacet
  facet normal 0 0 1
    outer loop
      vertex -0.98758 -4.6462 19.5
      vertex -2.88496 -5.26573 19.5
      vertex -2.92149 -5.31248 19.5
    endloop
  endfacet
  facet normal 0 0 1
    outer loop
      vertex -0.98758 -4.6462 19.5
      vertex -2.92149 -5.31248 19.5
      vertex -2.95963 -5.35794 19.5
    endloop
  endfacet
  facet normal 0 0 1
    outer loop
      vertex -0.824828 -4.67784 19.5
      vertex -2.95963 -5.35794 19.5
      vertex -2.99934 -5.40204 19.5
    endloop
  endfacet
  facet normal 0 0 1
    outer loop
      vertex -0.824828 -4.67784 19.5
      vertex -2.99934 -5.40204 19.5
      vertex -3.04056 -5.44472 19.5
    endloop
  endfacet
  facet normal 0 0 1
    outer loop
      vertex -1.07464 -15.3681 19.5
      vertex -3.04056 -5.44472 19.5
      vertex -1.61033 -15.3212 19.5
    endloop
  endfacet
  facet normal 0 0 1
    outer loop
      vertex -1.61033 -15.3212 19.5
      vertex -3.04056 -5.44472 19.5
      vertex -2.14405 -15.2557 19.5
    endloop
  endfacet
  facet normal 0 0 1
    outer loop
      vertex -2.14405 -15.2557 19.5
      vertex -3.04056 -5.44472 19.5
      vertex -2.67516 -15.1716 19.5
    endloop
  endfacet
  facet normal 0 0 1
    outer loop
      vertex -3.04056 -5.44472 19.5
      vertex -3.20301 -15.069 19.5
      vertex -2.67516 -15.1716 19.5
    endloop
  endfacet
  facet normal 0 0 1
    outer loop
      vertex -3.04056 -5.44472 19.5
      vertex -3.72696 -14.948 19.5
      vertex -3.20301 -15.069 19.5
    endloop
  endfacet
  facet normal -0 0 1
    outer loop
      vertex -7.2832 -9.68736 19.5
      vertex -3.72696 -14.948 19.5
      vertex -3.04056 -5.44472 19.5
    endloop
  endfacet
  facet normal 0 0 1
    outer loop
      vertex -3.72696 -14.948 19.5
      vertex -7.2832 -9.68736 19.5
      vertex -4.24637 -14.8088 19.5
    endloop
  endfacet
  facet normal 0 0 1
    outer loop
      vertex -4.24637 -14.8088 19.5
      vertex -7.2832 -9.68736 19.5
      vertex -4.7606 -14.6516 19.5
    endloop
  endfacet
  facet normal 0 0 1
    outer loop
      vertex -4.7606 -14.6516 19.5
      vertex -7.2832 -9.68736 19.5
      vertex -5.26904 -14.4766 19.5
    endloop
  endfacet
  facet normal 0 0 1
    outer loop
      vertex -5.26904 -14.4766 19.5
      vertex -7.2832 -9.68736 19.5
      vertex -5.77105 -14.2839 19.5
    endloop
  endfacet
  facet normal 0 0 1
    outer loop
      vertex -5.77105 -14.2839 19.5
      vertex -7.2832 -9.68736 19.5
      vertex -6.26604 -14.0737 19.5
    endloop
  endfacet
  facet normal 0 0 1
    outer loop
      vertex -6.26604 -14.0737 19.5
      vertex -7.2832 -9.68736 19.5
      vertex -6.75339 -13.8465 19.5
    endloop
  endfacet
  facet normal -0 0 1
    outer loop
      vertex -7.32588 -9.72858 19.5
      vertex -6.75339 -13.8465 19.5
      vertex -7.2832 -9.68736 19.5
    endloop
  endfacet
  facet normal -0 0 1
    outer loop
      vertex -7.36998 -9.76829 19.5
      vertex -6.75339 -13.8465 19.5
      vertex -7.32588 -9.72858 19.5
    endloop
  endfacet
  facet normal -0 0 1
    outer loop
      vertex -7.41544 -9.80643 19.5
      vertex -6.75339 -13.8465 19.5
      vertex -7.36998 -9.76829 19.5
    endloop
  endfacet
  facet normal 0 0 1
    outer loop
      vertex -6.75339 -13.8465 19.5
      vertex -7.41544 -9.80643 19.5
      vertex -7.23251 -13.6024 19.5
    endloop
  endfacet
  facet normal -0 0 1
    outer loop
      vertex -7.4622 -9.84296 19.5
      vertex -7.23251 -13.6024 19.5
      vertex -7.41544 -9.80643 19.5
    endloop
  endfacet
  facet normal -0 0 1
    outer loop
      vertex -7.5102 -9.87784 19.5
      vertex -7.23251 -13.6024 19.5
      vertex -7.4622 -9.84296 19.5
    endloop
  endfacet
  facet normal -0 0 1
    outer loop
      vertex -7.55939 -9.91102 19.5
      vertex -7.23251 -13.6024 19.5
      vertex -7.5102 -9.87784 19.5
    endloop
  endfacet
  facet normal -0 0 1
    outer loop
      vertex -7.60972 -9.94247 19.5
      vertex -7.23251 -13.6024 19.5
      vertex -7.55939 -9.91102 19.5
    endloop
  endfacet
  facet normal 0 0 1
    outer loop
      vertex -7.70282 -13.3417 19.5
      vertex -7.60972 -9.94247 19.5
      vertex -7.6611 -9.97213 19.5
    endloop
  endfacet
  facet normal 0 0 1
    outer loop
      vertex -7.60972 -9.94247 19.5
      vertex -7.70282 -13.3417 19.5
      vertex -7.23251 -13.6024 19.5
    endloop
  endfacet
  facet normal -0 0 1
    outer loop
      vertex -7.7135 -9.99999 19.5
      vertex -7.70282 -13.3417 19.5
      vertex -7.6611 -9.97213 19.5
    endloop
  endfacet
  facet normal -0 0 1
    outer loop
      vertex -7.76683 -10.026 19.5
      vertex -7.70282 -13.3417 19.5
      vertex -7.7135 -9.99999 19.5
    endloop
  endfacet
  facet normal 0 0 1
    outer loop
      vertex -8.16374 -13.0647 19.5
      vertex -7.76683 -10.026 19.5
      vertex -7.82104 -10.0501 19.5
    endloop
  endfacet
  facet normal 0 0 1
    outer loop
      vertex -8.16374 -13.0647 19.5
      vertex -7.82104 -10.0501 19.5
      vertex -7.87606 -10.0724 19.5
    endloop
  endfacet
  facet normal 0 0 1
    outer loop
      vertex -8.16374 -13.0647 19.5
      vertex -7.87606 -10.0724 19.5
      vertex -7.93182 -10.0927 19.5
    endloop
  endfacet
  facet normal 0 0 1
    outer loop
      vertex -8.16374 -13.0647 19.5
      vertex -7.93182 -10.0927 19.5
      vertex -7.98825 -10.111 19.5
    endloop
  endfacet
  facet normal 0 0 1
    outer loop
      vertex -8.61472 -12.7718 19.5
      vertex -7.98825 -10.111 19.5
      vertex -8.04529 -10.1274 19.5
    endloop
  endfacet
  facet normal 0 0 1
    outer loop
      vertex -8.61472 -12.7718 19.5
      vertex -8.04529 -10.1274 19.5
      vertex -8.10286 -10.1417 19.5
    endloop
  endfacet
  facet normal 0 0 1
    outer loop
      vertex -8.61472 -12.7718 19.5
      vertex -8.10286 -10.1417 19.5
      vertex -8.16091 -10.154 19.5
    endloop
  endfacet
  facet normal 0 0 1
    outer loop
      vertex -7.76683 -10.026 19.5
      vertex -8.16374 -13.0647 19.5
      vertex -7.70282 -13.3417 19.5
    endloop
  endfacet
  facet normal 0 0 1
    outer loop
      vertex -8.61472 -12.7718 19.5
      vertex -8.16091 -10.154 19.5
      vertex -8.21934 -10.1644 19.5
    endloop
  endfacet
  facet normal 0 0 1
    outer loop
      vertex -8.61472 -12.7718 19.5
      vertex -8.21934 -10.1644 19.5
      vertex -8.2781 -10.1726 19.5
    endloop
  endfacet
  facet normal 0 0 1
    outer loop
      vertex -9.0552 -12.4634 19.5
      vertex -8.2781 -10.1726 19.5
      vertex -8.33712 -10.1788 19.5
    endloop
  endfacet
  facet normal 0 0 1
    outer loop
      vertex -9.0552 -12.4634 19.5
      vertex -8.33712 -10.1788 19.5
      vertex -8.39631 -10.183 19.5
    endloop
  endfacet
  facet normal 0 0 1
    outer loop
      vertex -9.0552 -12.4634 19.5
      vertex -8.39631 -10.183 19.5
      vertex -8.45561 -10.185 19.5
    endloop
  endfacet
  facet normal 0 0 1
    outer loop
      vertex -9.0552 -12.4634 19.5
      vertex -8.45561 -10.185 19.5
      vertex -8.51495 -10.185 19.5
    endloop
  endfacet
  facet normal 0 0 1
    outer loop
      vertex -9.48466 -12.1398 19.5
      vertex -8.51495 -10.185 19.5
      vertex -8.57425 -10.183 19.5
    endloop
  endfacet
  facet normal 0 0 1
    outer loop
      vertex -7.98825 -10.111 19.5
      vertex -8.61472 -12.7718 19.5
      vertex -8.16374 -13.0647 19.5
    endloop
  endfacet
  facet normal 0 0 1
    outer loop
      vertex -9.48466 -12.1398 19.5
      vertex -8.57425 -10.183 19.5
      vertex -8.63345 -10.1788 19.5
    endloop
  endfacet
  facet normal 0 0 1
    outer loop
      vertex -9.48466 -12.1398 19.5
      vertex -8.63345 -10.1788 19.5
      vertex -8.69246 -10.1726 19.5
    endloop
  endfacet
  facet normal 0 0 1
    outer loop
      vertex -9.48466 -12.1398 19.5
      vertex -8.69246 -10.1726 19.5
      vertex -8.75122 -10.1644 19.5
    endloop
  endfacet
  facet normal 0 0 1
    outer loop
      vertex -9.48466 -12.1398 19.5
      vertex -8.75122 -10.1644 19.5
      vertex -8.80966 -10.154 19.5
    endloop
  endfacet
  facet normal 0 0 1
    outer loop
      vertex -9.48466 -12.1398 19.5
      vertex -8.80966 -10.154 19.5
      vertex -8.8677 -10.1417 19.5
    endloop
  endfacet
  facet normal 0 0 1
    outer loop
      vertex -9.90255 -11.8014 19.5
      vertex -8.8677 -10.1417 19.5
      vertex -8.92527 -10.1274 19.5
    endloop
  endfacet
  facet normal 0 0 1
    outer loop
      vertex -9.90255 -11.8014 19.5
      vertex -8.92527 -10.1274 19.5
      vertex -8.98231 -10.111 19.5
    endloop
  endfacet
  facet normal 0 0 1
    outer loop
      vertex -9.90255 -11.8014 19.5
      vertex -8.98231 -10.111 19.5
      vertex -9.03875 -10.0927 19.5
    endloop
  endfacet
  facet normal 0 0 1
    outer loop
      vertex -8.2781 -10.1726 19.5
      vertex -9.0552 -12.4634 19.5
      vertex -8.61472 -12.7718 19.5
    endloop
  endfacet
  facet normal 0 0 1
    outer loop
      vertex -9.90255 -11.8014 19.5
      vertex -9.03875 -10.0927 19.5
      vertex -9.09451 -10.0724 19.5
    endloop
  endfacet
  facet normal 0 0 1
    outer loop
      vertex -9.90255 -11.8014 19.5
      vertex -9.09451 -10.0724 19.5
      vertex -9.14952 -10.0501 19.5
    endloop
  endfacet
  facet normal 0 0 1
    outer loop
      vertex -10.3084 -11.4486 19.5
      vertex -9.14952 -10.0501 19.5
      vertex -9.20373 -10.026 19.5
    endloop
  endfacet
  facet normal 0 0 1
    outer loop
      vertex -10.3084 -11.4486 19.5
      vertex -9.20373 -10.026 19.5
      vertex -9.25706 -9.99999 19.5
    endloop
  endfacet
  facet normal 0 0 1
    outer loop
      vertex -10.3084 -11.4486 19.5
      vertex -9.25706 -9.99999 19.5
      vertex -9.30946 -9.97213 19.5
    endloop
  endfacet
  facet normal 0 0 1
    outer loop
      vertex -10.3084 -11.4486 19.5
      vertex -9.30946 -9.97213 19.5
      vertex -9.36085 -9.94247 19.5
    endloop
  endfacet
  facet normal 0 0 1
    outer loop
      vertex -10.3084 -11.4486 19.5
      vertex -9.36085 -9.94247 19.5
      vertex -9.41117 -9.91102 19.5
    endloop
  endfacet
  facet normal 0 0 1
    outer loop
      vertex -10.7017 -11.0819 19.5
      vertex -9.41117 -9.91102 19.5
      vertex -9.46036 -9.87784 19.5
    endloop
  endfacet
  facet normal 0 0 1
    outer loop
      vertex -8.51495 -10.185 19.5
      vertex -9.48466 -12.1398 19.5
      vertex -9.0552 -12.4634 19.5
    endloop
  endfacet
  facet normal 0 0 1
    outer loop
      vertex -10.7017 -11.0819 19.5
      vertex -9.46036 -9.87784 19.5
      vertex -9.50837 -9.84296 19.5
    endloop
  endfacet
  facet normal 0 0 1
    outer loop
      vertex -10.7017 -11.0819 19.5
      vertex -9.50837 -9.84296 19.5
      vertex -9.55513 -9.80643 19.5
    endloop
  endfacet
  facet normal 0 0 1
    outer loop
      vertex -10.7017 -11.0819 19.5
      vertex -9.55513 -9.80643 19.5
      vertex -9.60058 -9.76829 19.5
    endloop
  endfacet
  facet normal 0 0 1
    outer loop
      vertex -10.7017 -11.0819 19.5
      vertex -9.60058 -9.76829 19.5
      vertex -9.64468 -9.72858 19.5
    endloop
  endfacet
  facet normal 0 0 1
    outer loop
      vertex -10.7017 -11.0819 19.5
      vertex -9.64468 -9.72858 19.5
      vertex -9.68736 -9.68736 19.5
    endloop
  endfacet
  facet normal 0 0 1
    outer loop
      vertex -11.0819 -10.7017 19.5
      vertex -9.68736 -9.68736 19.5
      vertex -9.72858 -9.64468 19.5
    endloop
  endfacet
  facet normal 0 0 1
    outer loop
      vertex -11.0819 -10.7017 19.5
      vertex -9.72858 -9.64468 19.5
      vertex -9.76829 -9.60058 19.5
    endloop
  endfacet
  facet normal 0 0 1
    outer loop
      vertex -11.0819 -10.7017 19.5
      vertex -9.76829 -9.60058 19.5
      vertex -9.80643 -9.55513 19.5
    endloop
  endfacet
  facet normal 0 0 1
    outer loop
      vertex -11.0819 -10.7017 19.5
      vertex -9.80643 -9.55513 19.5
      vertex -9.84296 -9.50837 19.5
    endloop
  endfacet
  facet normal 0 0 1
    outer loop
      vertex -11.0819 -10.7017 19.5
      vertex -9.84296 -9.50837 19.5
      vertex -9.87784 -9.46036 19.5
    endloop
  endfacet
  facet normal 0 0 1
    outer loop
      vertex -8.8677 -10.1417 19.5
      vertex -9.90255 -11.8014 19.5
      vertex -9.48466 -12.1398 19.5
    endloop
  endfacet
  facet normal 0 0 1
    outer loop
      vertex -11.0819 -10.7017 19.5
      vertex -9.87784 -9.46036 19.5
      vertex -9.91102 -9.41117 19.5
    endloop
  endfacet
  facet normal 0 0 1
    outer loop
      vertex -11.4486 -10.3084 19.5
      vertex -9.91102 -9.41117 19.5
      vertex -9.94247 -9.36085 19.5
    endloop
  endfacet
  facet normal 0 0 1
    outer loop
      vertex -11.4486 -10.3084 19.5
      vertex -9.94247 -9.36085 19.5
      vertex -9.97213 -9.30946 19.5
    endloop
  endfacet
  facet normal 0 0 1
    outer loop
      vertex -11.4486 -10.3084 19.5
      vertex -9.97213 -9.30946 19.5
      vertex -9.99999 -9.25706 19.5
    endloop
  endfacet
  facet normal 0 0 1
    outer loop
      vertex -11.4486 -10.3084 19.5
      vertex -9.99999 -9.25706 19.5
      vertex -10.026 -9.20373 19.5
    endloop
  endfacet
  facet normal 0 0 1
    outer loop
      vertex -11.4486 -10.3084 19.5
      vertex -10.026 -9.20373 19.5
      vertex -10.0501 -9.14952 19.5
    endloop
  endfacet
  facet normal 0 0 1
    outer loop
      vertex -11.8014 -9.90255 19.5
      vertex -10.0501 -9.14952 19.5
      vertex -10.0724 -9.09451 19.5
    endloop
  endfacet
  facet normal 0 0 1
    outer loop
      vertex -11.8014 -9.90255 19.5
      vertex -10.0724 -9.09451 19.5
      vertex -10.0927 -9.03875 19.5
    endloop
  endfacet
  facet normal 0 0 1
    outer loop
      vertex -11.8014 -9.90255 19.5
      vertex -10.0927 -9.03875 19.5
      vertex -10.111 -8.98231 19.5
    endloop
  endfacet
  facet normal 0 0 1
    outer loop
      vertex -11.8014 -9.90255 19.5
      vertex -10.111 -8.98231 19.5
      vertex -10.1274 -8.92527 19.5
    endloop
  endfacet
  facet normal 0 0 1
    outer loop
      vertex -11.8014 -9.90255 19.5
      vertex -10.1274 -8.92527 19.5
      vertex -10.1417 -8.8677 19.5
    endloop
  endfacet
  facet normal 0 0 1
    outer loop
      vertex -11.8014 -9.90255 19.5
      vertex -10.1417 -8.8677 19.5
      vertex -10.154 -8.80966 19.5
    endloop
  endfacet
  facet normal 0 0 1
    outer loop
      vertex -12.1398 -9.48466 19.5
      vertex -10.154 -8.80966 19.5
      vertex -10.1644 -8.75122 19.5
    endloop
  endfacet
  facet normal 0 0 1
    outer loop
      vertex -12.1398 -9.48466 19.5
      vertex -10.1644 -8.75122 19.5
      vertex -10.1726 -8.69246 19.5
    endloop
  endfacet
  facet normal 0 0 1
    outer loop
      vertex -12.1398 -9.48466 19.5
      vertex -10.1726 -8.69246 19.5
      vertex -10.1788 -8.63345 19.5
    endloop
  endfacet
  facet normal 0 0 1
    outer loop
      vertex -9.14952 -10.0501 19.5
      vertex -10.3084 -11.4486 19.5
      vertex -9.90255 -11.8014 19.5
    endloop
  endfacet
  facet normal 0 0 1
    outer loop
      vertex -12.1398 -9.48466 19.5
      vertex -10.1788 -8.63345 19.5
      vertex -10.183 -8.57425 19.5
    endloop
  endfacet
  facet normal 0 0 1
    outer loop
      vertex -12.1398 -9.48466 19.5
      vertex -10.183 -8.57425 19.5
      vertex -10.185 -8.51495 19.5
    endloop
  endfacet
  facet normal 0 -0 1
    outer loop
      vertex -12.4634 -9.0552 19.5
      vertex -10.1726 -8.2781 19.5
      vertex -12.7718 -8.61472 19.5
    endloop
  endfacet
  facet normal 0 0 1
    outer loop
      vertex -10.1417 -8.10286 19.5
      vertex -12.7718 -8.61472 19.5
      vertex -10.154 -8.16091 19.5
    endloop
  endfacet
  facet normal 0 0 1
    outer loop
      vertex -10.026 -7.76683 19.5
      vertex -13.0647 -8.16374 19.5
      vertex -10.0501 -7.82104 19.5
    endloop
  endfacet
  facet normal -0 -0 1
    outer loop
      vertex -13.6024 -7.23251 19.5
      vertex -9.80643 -7.41544 19.5
      vertex -13.8465 -6.75339 19.5
    endloop
  endfacet
  facet normal 0 0 1
    outer loop
      vertex -14.0737 -6.26604 19.5
      vertex -10.5422 -3.0147 19.5
      vertex -10.6466 -2.96602 19.5
    endloop
  endfacet
  facet normal 0 0 1
    outer loop
      vertex -9.41117 -9.91102 19.5
      vertex -10.7017 -11.0819 19.5
      vertex -10.3084 -11.4486 19.5
    endloop
  endfacet
  facet normal 0 0 1
    outer loop
      vertex -14.0737 -6.26604 19.5
      vertex -10.6466 -2.96602 19.5
      vertex -10.7493 -2.91373 19.5
    endloop
  endfacet
  facet normal 0 0 1
    outer loop
      vertex -14.2839 -5.77105 19.5
      vertex -10.7493 -2.91373 19.5
      vertex -10.85 -2.85788 19.5
    endloop
  endfacet
  facet normal 0 0 1
    outer loop
      vertex -14.2839 -5.77105 19.5
      vertex -10.85 -2.85788 19.5
      vertex -10.9487 -2.79856 19.5
    endloop
  endfacet
  facet normal 0 0 1
    outer loop
      vertex -14.2839 -5.77105 19.5
      vertex -10.9487 -2.79856 19.5
      vertex -11.0453 -2.73582 19.5
    endloop
  endfacet
  facet normal 0 0 1
    outer loop
      vertex -9.68736 -9.68736 19.5
      vertex -11.0819 -10.7017 19.5
      vertex -10.7017 -11.0819 19.5
    endloop
  endfacet
  facet normal 0 0 1
    outer loop
      vertex -14.4766 -5.26904 19.5
      vertex -11.0453 -2.73582 19.5
      vertex -11.1397 -2.66976 19.5
    endloop
  endfacet
  facet normal 0 0 1
    outer loop
      vertex -14.4766 -5.26904 19.5
      vertex -11.1397 -2.66976 19.5
      vertex -11.2317 -2.60044 19.5
    endloop
  endfacet
  facet normal 0 0 1
    outer loop
      vertex -14.6516 -4.7606 19.5
      vertex -11.2317 -2.60044 19.5
      vertex -11.3212 -2.52795 19.5
    endloop
  endfacet
  facet normal 0 0 1
    outer loop
      vertex -14.6516 -4.7606 19.5
      vertex -11.3212 -2.52795 19.5
      vertex -11.4081 -2.45238 19.5
    endloop
  endfacet
  facet normal 0 0 1
    outer loop
      vertex -9.91102 -9.41117 19.5
      vertex -11.4486 -10.3084 19.5
      vertex -11.0819 -10.7017 19.5
    endloop
  endfacet
  facet normal 0 0 1
    outer loop
      vertex -14.8088 -4.24637 19.5
      vertex -11.4081 -2.45238 19.5
      vertex -11.4924 -2.37382 19.5
    endloop
  endfacet
  facet normal 0 0 1
    outer loop
      vertex -14.8088 -4.24637 19.5
      vertex -11.4924 -2.37382 19.5
      vertex -11.5738 -2.29237 19.5
    endloop
  endfacet
  facet normal 0 0 1
    outer loop
      vertex -14.8088 -4.24637 19.5
      vertex -11.5738 -2.29237 19.5
      vertex -11.6524 -2.20813 19.5
    endloop
  endfacet
  facet normal 0 0 1
    outer loop
      vertex -14.948 -3.72696 19.5
      vertex -11.6524 -2.20813 19.5
      vertex -11.7279 -2.1212 19.5
    endloop
  endfacet
  facet normal 0 0 1
    outer loop
      vertex -14.948 -3.72696 19.5
      vertex -11.7279 -2.1212 19.5
      vertex -11.8004 -2.03168 19.5
    endloop
  endfacet
  facet normal 0 0 1
    outer loop
      vertex -10.0501 -9.14952 19.5
      vertex -11.8014 -9.90255 19.5
      vertex -11.4486 -10.3084 19.5
    endloop
  endfacet
  facet normal 0 0 1
    outer loop
      vertex -14.948 -3.72696 19.5
      vertex -11.8004 -2.03168 19.5
      vertex -11.8698 -1.93969 19.5
    endloop
  endfacet
  facet normal 0 0 1
    outer loop
      vertex -15.069 -3.20301 19.5
      vertex -11.8698 -1.93969 19.5
      vertex -11.9358 -1.84534 19.5
    endloop
  endfacet
  facet normal 0 0 1
    outer loop
      vertex -15.069 -3.20301 19.5
      vertex -11.9358 -1.84534 19.5
      vertex -11.9986 -1.74873 19.5
    endloop
  endfacet
  facet normal 0 0 1
    outer loop
      vertex -15.1716 -2.67516 19.5
      vertex -11.9986 -1.74873 19.5
      vertex -12.0579 -1.65 19.5
    endloop
  endfacet
  facet normal 0 0 1
    outer loop
      vertex -15.1716 -2.67516 19.5
      vertex -12.0579 -1.65 19.5
      vertex -12.1137 -1.54926 19.5
    endloop
  endfacet
  facet normal 0 0 1
    outer loop
      vertex -10.154 -8.80966 19.5
      vertex -12.1398 -9.48466 19.5
      vertex -11.8014 -9.90255 19.5
    endloop
  endfacet
  facet normal 0 0 1
    outer loop
      vertex -15.1716 -2.67516 19.5
      vertex -12.1137 -1.54926 19.5
      vertex -12.166 -1.44662 19.5
    endloop
  endfacet
  facet normal 0 0 1
    outer loop
      vertex -15.2557 -2.14405 19.5
      vertex -12.166 -1.44662 19.5
      vertex -12.2147 -1.34223 19.5
    endloop
  endfacet
  facet normal 0 0 1
    outer loop
      vertex -15.2557 -2.14405 19.5
      vertex -12.2147 -1.34223 19.5
      vertex -12.2597 -1.2362 19.5
    endloop
  endfacet
  facet normal 0 0 1
    outer loop
      vertex -15.2557 -2.14405 19.5
      vertex -12.2597 -1.2362 19.5
      vertex -12.301 -1.12867 19.5
    endloop
  endfacet
  facet normal 0 0 1
    outer loop
      vertex -15.3212 -1.61033 19.5
      vertex -12.301 -1.12867 19.5
      vertex -12.3385 -1.01976 19.5
    endloop
  endfacet
  facet normal 0 0 1
    outer loop
      vertex -15.3212 -1.61033 19.5
      vertex -12.3385 -1.01976 19.5
      vertex -12.3722 -0.909603 19.5
    endloop
  endfacet
  facet normal 0 0 1
    outer loop
      vertex -15.3212 -1.61033 19.5
      vertex -12.3722 -0.909603 19.5
      vertex -12.402 -0.798342 19.5
    endloop
  endfacet
  facet normal 0 0 1
    outer loop
      vertex -15.3681 -1.07464 19.5
      vertex -12.402 -0.798342 19.5
      vertex -12.4279 -0.686108 19.5
    endloop
  endfacet
  facet normal 0 0 1
    outer loop
      vertex -15.3681 -1.07464 19.5
      vertex -12.4279 -0.686108 19.5
      vertex -12.4499 -0.573038 19.5
    endloop
  endfacet
  facet normal 0 0 1
    outer loop
      vertex -10.185 -8.51495 19.5
      vertex -12.4634 -9.0552 19.5
      vertex -12.1398 -9.48466 19.5
    endloop
  endfacet
  facet normal 0 0 1
    outer loop
      vertex -15.3681 -1.07464 19.5
      vertex -12.4499 -0.573038 19.5
      vertex -12.4679 -0.45927 19.5
    endloop
  endfacet
  facet normal 0 0 1
    outer loop
      vertex -15.3962 -0.537648 19.5
      vertex -12.4679 -0.45927 19.5
      vertex -12.4819 -0.344943 19.5
    endloop
  endfacet
  facet normal 0 0 1
    outer loop
      vertex -15.3962 -0.537648 19.5
      vertex -12.4819 -0.344943 19.5
      vertex -12.492 -0.230196 19.5
    endloop
  endfacet
  facet normal 0 0 1
    outer loop
      vertex -15.3962 -0.537648 19.5
      vertex -12.492 -0.230196 19.5
      vertex -12.498 -0.115168 19.5
    endloop
  endfacet
  facet normal -0 0 1
    outer loop
      vertex -15.4056 0 19.5
      vertex -12.498 -0.115168 19.5
      vertex -12.5 0 19.5
    endloop
  endfacet
  facet normal 0 0 1
    outer loop
      vertex -10.185 -8.45561 19.5
      vertex -12.4634 -9.0552 19.5
      vertex -10.185 -8.51495 19.5
    endloop
  endfacet
  facet normal 0 0 1
    outer loop
      vertex -10.183 -8.39631 19.5
      vertex -12.4634 -9.0552 19.5
      vertex -10.185 -8.45561 19.5
    endloop
  endfacet
  facet normal 0 0 1
    outer loop
      vertex -10.1788 -8.33712 19.5
      vertex -12.4634 -9.0552 19.5
      vertex -10.183 -8.39631 19.5
    endloop
  endfacet
  facet normal 0 0 1
    outer loop
      vertex -10.1726 -8.2781 19.5
      vertex -12.4634 -9.0552 19.5
      vertex -10.1788 -8.33712 19.5
    endloop
  endfacet
  facet normal 0 0 1
    outer loop
      vertex -10.111 -7.98825 19.5
      vertex -12.7718 -8.61472 19.5
      vertex -10.1274 -8.04529 19.5
    endloop
  endfacet
  facet normal 0 0 1
    outer loop
      vertex -10.5422 -3.0147 19.5
      vertex -14.0737 -6.26604 19.5
      vertex -13.8465 -6.75339 19.5
    endloop
  endfacet
  facet normal 0 0 1
    outer loop
      vertex -10.7493 -2.91373 19.5
      vertex -14.2839 -5.77105 19.5
      vertex -14.0737 -6.26604 19.5
    endloop
  endfacet
  facet normal 0 0 1
    outer loop
      vertex -11.0453 -2.73582 19.5
      vertex -14.4766 -5.26904 19.5
      vertex -14.2839 -5.77105 19.5
    endloop
  endfacet
  facet normal 0 0 1
    outer loop
      vertex -11.2317 -2.60044 19.5
      vertex -14.6516 -4.7606 19.5
      vertex -14.4766 -5.26904 19.5
    endloop
  endfacet
  facet normal 0 0 1
    outer loop
      vertex -11.4081 -2.45238 19.5
      vertex -14.8088 -4.24637 19.5
      vertex -14.6516 -4.7606 19.5
    endloop
  endfacet
  facet normal 0 0 1
    outer loop
      vertex -11.6524 -2.20813 19.5
      vertex -14.948 -3.72696 19.5
      vertex -14.8088 -4.24637 19.5
    endloop
  endfacet
  facet normal 0 0 1
    outer loop
      vertex -11.8698 -1.93969 19.5
      vertex -15.069 -3.20301 19.5
      vertex -14.948 -3.72696 19.5
    endloop
  endfacet
  facet normal 0 0 1
    outer loop
      vertex -11.9986 -1.74873 19.5
      vertex -15.1716 -2.67516 19.5
      vertex -15.069 -3.20301 19.5
    endloop
  endfacet
  facet normal 0 0 1
    outer loop
      vertex -12.166 -1.44662 19.5
      vertex -15.2557 -2.14405 19.5
      vertex -15.1716 -2.67516 19.5
    endloop
  endfacet
  facet normal 0 0 1
    outer loop
      vertex -12.301 -1.12867 19.5
      vertex -15.3212 -1.61033 19.5
      vertex -15.2557 -2.14405 19.5
    endloop
  endfacet
  facet normal 0 0 1
    outer loop
      vertex -12.402 -0.798342 19.5
      vertex -15.3681 -1.07464 19.5
      vertex -15.3212 -1.61033 19.5
    endloop
  endfacet
  facet normal 0 0 1
    outer loop
      vertex -12.4679 -0.45927 19.5
      vertex -15.3962 -0.537648 19.5
      vertex -15.3681 -1.07464 19.5
    endloop
  endfacet
  facet normal 0 0 1
    outer loop
      vertex -12.498 -0.115168 19.5
      vertex -15.4056 0 19.5
      vertex -15.3962 -0.537648 19.5
    endloop
  endfacet
  facet normal 0 0 1
    outer loop
      vertex -2.375 -4.11362 19.5
      vertex -2.54497 -4.15367 19.5
      vertex -2.5429 -4.21297 19.5
    endloop
  endfacet
  facet normal 0 0 1
    outer loop
      vertex -2.375 -4.11362 19.5
      vertex -2.54911 -4.09448 19.5
      vertex -2.54497 -4.15367 19.5
    endloop
  endfacet
  facet normal 0 0 1
    outer loop
      vertex -2.51712 -4.02823 19.5
      vertex -2.55531 -4.03546 19.5
      vertex -2.54911 -4.09448 19.5
    endloop
  endfacet
  facet normal 0 -0 1
    outer loop
      vertex -2.55531 -4.03546 19.5
      vertex -2.51712 -4.02823 19.5
      vertex -2.56027 -4.00021 19.5
    endloop
  endfacet
  facet normal 0.0173126 -0.99985 0
    outer loop
      vertex 0 -15.4056 0
      vertex 0.21946 -15.4018 7.29999
      vertex 0 -15.4056 7.29999
    endloop
  endfacet
  facet normal 0.0174809 -0.999847 -5.05973e-06
    outer loop
      vertex 0.537648 -15.3962 0
      vertex 0.21946 -15.4018 7.29999
      vertex 0 -15.4056 0
    endloop
  endfacet
  facet normal 0.0175969 -0.999845 0
    outer loop
      vertex 0.21946 -15.4018 7.29999
      vertex 0.537648 -15.3962 0
      vertex 0.537648 -15.3962 7.29999
    endloop
  endfacet
  facet normal 0.0172828 -0.999851 0
    outer loop
      vertex 0.318188 -15.4001 17.7
      vertex 0 -15.4056 19.5
      vertex 0 -15.4056 17.7
    endloop
  endfacet
  facet normal 0.0174809 -0.999847 3.50271e-05
    outer loop
      vertex 0 -15.4056 19.5
      vertex 0.318188 -15.4001 17.7
      vertex 0.537648 -15.3962 19.5
    endloop
  endfacet
  facet normal 0.0177681 -0.999842 0
    outer loop
      vertex 0.537648 -15.3962 17.7
      vertex 0.537648 -15.3962 19.5
      vertex 0.318188 -15.4001 17.7
    endloop
  endfacet
  facet normal 0.0173126 -0.99985 0
    outer loop
      vertex 0 -15.4056 11.7
      vertex 0.21946 -15.4018 13.3
      vertex 0 -15.4056 13.3
    endloop
  endfacet
  facet normal 0.0175969 -0.999845 2.34833e-05
    outer loop
      vertex 0.21946 -15.4018 13.3
      vertex 0.318188 -15.4001 11.7
      vertex 0.537648 -15.3962 13.3
    endloop
  endfacet
  facet normal 0.0172828 -0.999851 4.09367e-06
    outer loop
      vertex 0.21946 -15.4018 13.3
      vertex 0 -15.4056 11.7
      vertex 0.318188 -15.4001 11.7
    endloop
  endfacet
  facet normal 0.0177681 -0.999842 0
    outer loop
      vertex 0.537648 -15.3962 11.7
      vertex 0.537648 -15.3962 13.3
      vertex 0.318188 -15.4001 11.7
    endloop
  endfacet
  facet normal 0.156274 -0.987714 0
    outer loop
      vertex 2.14405 -15.2557 0
      vertex 2.36084 -15.2214 7.29999
      vertex 2.14405 -15.2557 7.29999
    endloop
  endfacet
  facet normal 0.156399 -0.987694 -3.8126e-06
    outer loop
      vertex 2.67516 -15.1716 0
      vertex 2.36084 -15.2214 7.29999
      vertex 2.14405 -15.2557 0
    endloop
  endfacet
  facet normal 0.156485 -0.98768 0
    outer loop
      vertex 2.36084 -15.2214 7.29999
      vertex 2.67516 -15.1716 0
      vertex 2.67516 -15.1716 7.29999
    endloop
  endfacet
  facet normal 0.156485 -0.98768 0
    outer loop
      vertex 2.45837 -15.2059 17.7
      vertex 2.14405 -15.2557 19.5
      vertex 2.14405 -15.2557 17.7
    endloop
  endfacet
  facet normal 0.156399 -0.987694 -1.54622e-05
    outer loop
      vertex 2.14405 -15.2557 19.5
      vertex 2.45837 -15.2059 17.7
      vertex 2.67516 -15.1716 19.5
    endloop
  endfacet
  facet normal 0.156274 -0.987714 0
    outer loop
      vertex 2.67516 -15.1716 17.7
      vertex 2.67516 -15.1716 19.5
      vertex 2.45837 -15.2059 17.7
    endloop
  endfacet
  facet normal 0.156274 -0.987714 0
    outer loop
      vertex 2.14405 -15.2557 11.7
      vertex 2.36084 -15.2214 13.3
      vertex 2.14405 -15.2557 13.3
    endloop
  endfacet
  facet normal 0.156485 -0.98768 -2.93921e-05
    outer loop
      vertex 2.36084 -15.2214 13.3
      vertex 2.45837 -15.2059 11.7
      vertex 2.67516 -15.1716 13.3
    endloop
  endfacet
  facet normal 0.156485 -0.98768 -2.93921e-05
    outer loop
      vertex 2.36084 -15.2214 13.3
      vertex 2.14405 -15.2557 11.7
      vertex 2.45837 -15.2059 11.7
    endloop
  endfacet
  facet normal 0.156274 -0.987714 0
    outer loop
      vertex 2.67516 -15.1716 11.7
      vertex 2.67516 -15.1716 13.3
      vertex 2.45837 -15.2059 11.7
    endloop
  endfacet
  facet normal 0.0870189 -0.996207 0
    outer loop
      vertex 1.07464 -15.3681 7.29999
      vertex 1.07464 -15.3681 0
      vertex 1.2933 -15.349 7.29999
    endloop
  endfacet
  facet normal 0.087217 -0.996189 -5.98014e-06
    outer loop
      vertex 1.61033 -15.3212 0
      vertex 1.2933 -15.349 7.29999
      vertex 1.07464 -15.3681 0
    endloop
  endfacet
  facet normal 0.0873537 -0.996177 0
    outer loop
      vertex 1.2933 -15.349 7.29999
      vertex 1.61033 -15.3212 0
      vertex 1.61033 -15.3212 7.29999
    endloop
  endfacet
  facet normal 0.0870418 -0.996205 0
    outer loop
      vertex 1.39167 -15.3404 17.7
      vertex 1.07464 -15.3681 19.5
      vertex 1.07464 -15.3681 17.7
    endloop
  endfacet
  facet normal 0.087217 -0.996189 3.10911e-05
    outer loop
      vertex 1.07464 -15.3681 19.5
      vertex 1.39167 -15.3404 17.7
      vertex 1.61033 -15.3212 19.5
    endloop
  endfacet
  facet normal 0.087471 -0.996167 0
    outer loop
      vertex 1.61033 -15.3212 19.5
      vertex 1.39167 -15.3404 17.7
      vertex 1.61033 -15.3212 17.7
    endloop
  endfacet
  facet normal 0.0870189 -0.996207 0
    outer loop
      vertex 1.07464 -15.3681 13.3
      vertex 1.07464 -15.3681 11.7
      vertex 1.2933 -15.349 13.3
    endloop
  endfacet
  facet normal 0.0873537 -0.996177 1.61589e-05
    outer loop
      vertex 1.2933 -15.349 13.3
      vertex 1.39167 -15.3404 11.7
      vertex 1.61033 -15.3212 13.3
    endloop
  endfacet
  facet normal 0.0870418 -0.996205 -3.15998e-06
    outer loop
      vertex 1.2933 -15.349 13.3
      vertex 1.07464 -15.3681 11.7
      vertex 1.39167 -15.3404 11.7
    endloop
  endfacet
  facet normal 0.087471 -0.996167 0
    outer loop
      vertex 1.61033 -15.3212 13.3
      vertex 1.39167 -15.3404 11.7
      vertex 1.61033 -15.3212 11.7
    endloop
  endfacet
  facet normal 0.292068 -0.956398 0
    outer loop
      vertex 4.24637 -14.8088 0
      vertex 4.45627 -14.7447 7.29999
      vertex 4.24637 -14.8088 7.29999
    endloop
  endfacet
  facet normal 0.292345 -0.956313 -8.69652e-06
    outer loop
      vertex 4.7606 -14.6516 0
      vertex 4.45627 -14.7447 7.29999
      vertex 4.24637 -14.8088 0
    endloop
  endfacet
  facet normal 0.292535 -0.956255 0
    outer loop
      vertex 4.45627 -14.7447 7.29999
      vertex 4.7606 -14.6516 0
      vertex 4.7606 -14.6516 7.29999
    endloop
  endfacet
  facet normal 0.292248 -0.956343 0
    outer loop
      vertex 4.5507 -14.7158 17.7
      vertex 4.24637 -14.8088 19.5
      vertex 4.24637 -14.8088 17.7
    endloop
  endfacet
  facet normal 0.292345 -0.956313 1.78593e-05
    outer loop
      vertex 4.24637 -14.8088 19.5
      vertex 4.5507 -14.7158 17.7
      vertex 4.7606 -14.6516 19.5
    endloop
  endfacet
  facet normal 0.292485 -0.95627 0
    outer loop
      vertex 4.7606 -14.6516 19.5
      vertex 4.5507 -14.7158 17.7
      vertex 4.7606 -14.6516 17.7
    endloop
  endfacet
  facet normal 0.292068 -0.956398 0
    outer loop
      vertex 4.24637 -14.8088 11.7
      vertex 4.45627 -14.7447 13.3
      vertex 4.24637 -14.8088 13.3
    endloop
  endfacet
  facet normal 0.292535 -0.956255 -7.27411e-06
    outer loop
      vertex 4.45627 -14.7447 13.3
      vertex 4.5507 -14.7158 11.7
      vertex 4.7606 -14.6516 13.3
    endloop
  endfacet
  facet normal 0.292248 -0.956343 -2.58211e-05
    outer loop
      vertex 4.45627 -14.7447 13.3
      vertex 4.24637 -14.8088 11.7
      vertex 4.5507 -14.7158 11.7
    endloop
  endfacet
  facet normal 0.292485 -0.95627 0
    outer loop
      vertex 4.7606 -14.6516 13.3
      vertex 4.5507 -14.7158 11.7
      vertex 4.7606 -14.6516 11.7
    endloop
  endfacet
  facet normal 0.390866 -0.920448 0
    outer loop
      vertex 5.77105 -14.2839 0
      vertex 5.9731 -14.1981 7.29999
      vertex 5.77105 -14.2839 7.29999
    endloop
  endfacet
  facet normal 0.390872 -0.920445 -1.95632e-07
    outer loop
      vertex 6.26604 -14.0737 0
      vertex 5.9731 -14.1981 7.29999
      vertex 5.77105 -14.2839 0
    endloop
  endfacet
  facet normal 0.390876 -0.920443 0
    outer loop
      vertex 5.9731 -14.1981 7.29999
      vertex 6.26604 -14.0737 0
      vertex 6.26604 -14.0737 7.29999
    endloop
  endfacet
  facet normal 0.390876 -0.920443 0
    outer loop
      vertex 6.06399 -14.1595 17.7
      vertex 5.77105 -14.2839 19.5
      vertex 5.77105 -14.2839 17.7
    endloop
  endfacet
  facet normal 0.390872 -0.920445 -7.93396e-07
    outer loop
      vertex 5.77105 -14.2839 19.5
      vertex 6.06399 -14.1595 17.7
      vertex 6.26604 -14.0737 19.5
    endloop
  endfacet
  facet normal 0.390866 -0.920448 0
    outer loop
      vertex 6.26604 -14.0737 19.5
      vertex 6.06399 -14.1595 17.7
      vertex 6.26604 -14.0737 17.7
    endloop
  endfacet
  facet normal 0.390876 -0.920443 -1.5082e-06
    outer loop
      vertex 6.06399 -14.1595 11.7
      vertex 6.26604 -14.0737 13.3
      vertex 5.9731 -14.1981 13.3
    endloop
  endfacet
  facet normal 0.390866 -0.920448 0
    outer loop
      vertex 5.77105 -14.2839 11.7
      vertex 5.9731 -14.1981 13.3
      vertex 5.77105 -14.2839 13.3
    endloop
  endfacet
  facet normal 0.390876 -0.920443 -1.5082e-06
    outer loop
      vertex 5.9731 -14.1981 13.3
      vertex 5.77105 -14.2839 11.7
      vertex 6.06399 -14.1595 11.7
    endloop
  endfacet
  facet normal 0.390866 -0.920448 0
    outer loop
      vertex 6.26604 -14.0737 13.3
      vertex 6.06399 -14.1595 11.7
      vertex 6.26604 -14.0737 11.7
    endloop
  endfacet
  facet normal 0.325317 -0.945605 0
    outer loop
      vertex 4.7606 -14.6516 7.29999
      vertex 4.7606 -14.6516 0
      vertex 4.96814 -14.5802 7.29999
    endloop
  endfacet
  facet normal 0.325545 -0.945526 0
    outer loop
      vertex 5.26904 -14.4766 0
      vertex 5.26904 -14.4766 7.29999
      vertex 4.96814 -14.5802 7.29999
    endloop
  endfacet
  facet normal 0.325452 -0.945559 -4.30132e-06
    outer loop
      vertex 5.26904 -14.4766 0
      vertex 4.96814 -14.5802 7.29999
      vertex 4.7606 -14.6516 0
    endloop
  endfacet
  facet normal 0.325545 -0.945526 0
    outer loop
      vertex 5.0615 -14.548 17.7
      vertex 4.7606 -14.6516 19.5
      vertex 4.7606 -14.6516 17.7
    endloop
  endfacet
  facet normal 0.325452 -0.945559 -1.74442e-05
    outer loop
      vertex 4.7606 -14.6516 19.5
      vertex 5.0615 -14.548 17.7
      vertex 5.26904 -14.4766 19.5
    endloop
  endfacet
  facet normal 0.325317 -0.945605 0
    outer loop
      vertex 5.26904 -14.4766 17.7
      vertex 5.26904 -14.4766 19.5
      vertex 5.0615 -14.548 17.7
    endloop
  endfacet
  facet normal 0.325545 -0.945526 -3.31594e-05
    outer loop
      vertex 5.0615 -14.548 11.7
      vertex 5.26904 -14.4766 13.3
      vertex 4.96814 -14.5802 13.3
    endloop
  endfacet
  facet normal 0.325317 -0.945605 0
    outer loop
      vertex 4.7606 -14.6516 11.7
      vertex 4.96814 -14.5802 13.3
      vertex 4.7606 -14.6516 13.3
    endloop
  endfacet
  facet normal 0.325545 -0.945526 -3.31594e-05
    outer loop
      vertex 4.96814 -14.5802 13.3
      vertex 4.7606 -14.6516 11.7
      vertex 5.0615 -14.548 11.7
    endloop
  endfacet
  facet normal 0.325317 -0.945605 0
    outer loop
      vertex 5.26904 -14.4766 11.7
      vertex 5.26904 -14.4766 13.3
      vertex 5.0615 -14.548 11.7
    endloop
  endfacet
  facet normal 0.358536 -0.933516 0
    outer loop
      vertex 5.26904 -14.4766 0
      vertex 5.47395 -14.3979 7.29999
      vertex 5.26904 -14.4766 7.29999
    endloop
  endfacet
  facet normal 0.358362 -0.933583 5.61219e-06
    outer loop
      vertex 5.77105 -14.2839 0
      vertex 5.47395 -14.3979 7.29999
      vertex 5.26904 -14.4766 0
    endloop
  endfacet
  facet normal 0.358242 -0.933629 0
    outer loop
      vertex 5.47395 -14.3979 7.29999
      vertex 5.77105 -14.2839 0
      vertex 5.77105 -14.2839 7.29999
    endloop
  endfacet
  facet normal 0.358362 -0.933583 -2.91052e-05
    outer loop
      vertex 5.26904 -14.4766 19.5
      vertex 5.56614 -14.3625 17.7
      vertex 5.77105 -14.2839 19.5
    endloop
  endfacet
  facet normal 0.358516 -0.933524 0
    outer loop
      vertex 5.56614 -14.3625 17.7
      vertex 5.26904 -14.4766 19.5
      vertex 5.26904 -14.4766 17.7
    endloop
  endfacet
  facet normal 0.358139 -0.933668 0
    outer loop
      vertex 5.77105 -14.2839 17.7
      vertex 5.77105 -14.2839 19.5
      vertex 5.56614 -14.3625 17.7
    endloop
  endfacet
  facet normal 0.358536 -0.933516 0
    outer loop
      vertex 5.26904 -14.4766 11.7
      vertex 5.47395 -14.3979 13.3
      vertex 5.26904 -14.4766 13.3
    endloop
  endfacet
  facet normal 0.358242 -0.933629 -1.50839e-05
    outer loop
      vertex 5.47395 -14.3979 13.3
      vertex 5.56614 -14.3625 11.7
      vertex 5.77105 -14.2839 13.3
    endloop
  endfacet
  facet normal 0.358516 -0.933524 3.02233e-06
    outer loop
      vertex 5.47395 -14.3979 13.3
      vertex 5.26904 -14.4766 11.7
      vertex 5.56614 -14.3625 11.7
    endloop
  endfacet
  facet normal 0.358139 -0.933668 0
    outer loop
      vertex 5.77105 -14.2839 11.7
      vertex 5.77105 -14.2839 13.3
      vertex 5.56614 -14.3625 11.7
    endloop
  endfacet
  facet normal 0.707107 -0.707107 0
    outer loop
      vertex 10.7017 -11.0819 7.29999
      vertex 11.0819 -10.7017 0
      vertex 11.0819 -10.7017 7.29999
    endloop
  endfacet
  facet normal 0.707107 -0.707107 0
    outer loop
      vertex 11.0819 -10.7017 0
      vertex 10.7017 -11.0819 7.29999
      vertex 10.7017 -11.0819 0
    endloop
  endfacet
  facet normal 0.707107 -0.707107 0
    outer loop
      vertex 10.7017 -11.0819 19.5
      vertex 11.0819 -10.7017 17.7
      vertex 11.0819 -10.7017 19.5
    endloop
  endfacet
  facet normal 0.707107 -0.707107 0
    outer loop
      vertex 11.0819 -10.7017 17.7
      vertex 10.7017 -11.0819 19.5
      vertex 10.7017 -11.0819 17.7
    endloop
  endfacet
  facet normal 0.707107 -0.707107 0
    outer loop
      vertex 10.7017 -11.0819 13.3
      vertex 11.0819 -10.7017 11.7
      vertex 11.0819 -10.7017 13.3
    endloop
  endfacet
  facet normal 0.707107 -0.707107 0
    outer loop
      vertex 11.0819 -10.7017 11.7
      vertex 10.7017 -11.0819 13.3
      vertex 10.7017 -11.0819 11.7
    endloop
  endfacet
  facet normal 0.656066 -0.754704 0
    outer loop
      vertex 9.90255 -11.8014 0
      vertex 10.0682 -11.6574 7.29999
      vertex 9.90255 -11.8014 7.29999
    endloop
  endfacet
  facet normal 0.656059 -0.75471 2.75116e-07
    outer loop
      vertex 10.3084 -11.4486 0
      vertex 10.0682 -11.6574 7.29999
      vertex 9.90255 -11.8014 0
    endloop
  endfacet
  facet normal 0.656054 -0.754714 0
    outer loop
      vertex 10.0682 -11.6574 7.29999
      vertex 10.3084 -11.4486 0
      vertex 10.3084 -11.4486 7.29999
    endloop
  endfacet
  facet normal 0.656132 -0.754646 0
    outer loop
      vertex 10.1427 -11.5926 17.7
      vertex 9.90255 -11.8014 19.5
      vertex 9.90255 -11.8014 17.7
    endloop
  endfacet
  facet normal 0.656059 -0.75471 -1.71081e-05
    outer loop
      vertex 9.90255 -11.8014 19.5
      vertex 10.1427 -11.5926 17.7
      vertex 10.3084 -11.4486 19.5
    endloop
  endfacet
  facet normal 0.655953 -0.754802 0
    outer loop
      vertex 10.3084 -11.4486 19.5
      vertex 10.1427 -11.5926 17.7
      vertex 10.3084 -11.4486 17.7
    endloop
  endfacet
  facet normal 0.656066 -0.754704 0
    outer loop
      vertex 9.90255 -11.8014 11.7
      vertex 10.0682 -11.6574 13.3
      vertex 9.90255 -11.8014 13.3
    endloop
  endfacet
  facet normal 0.656132 -0.754646 -1.20197e-05
    outer loop
      vertex 10.0682 -11.6574 13.3
      vertex 9.90255 -11.8014 11.7
      vertex 10.1427 -11.5926 11.7
    endloop
  endfacet
  facet normal 0.656054 -0.754714 -1.83808e-05
    outer loop
      vertex 10.0682 -11.6574 13.3
      vertex 10.1427 -11.5926 11.7
      vertex 10.3084 -11.4486 13.3
    endloop
  endfacet
  facet normal 0.655953 -0.754802 0
    outer loop
      vertex 10.3084 -11.4486 13.3
      vertex 10.1427 -11.5926 11.7
      vertex 10.3084 -11.4486 11.7
    endloop
  endfacet
  facet normal 0.682075 -0.731283 0
    outer loop
      vertex 10.3084 -11.4486 0
      vertex 10.4689 -11.2989 7.29999
      vertex 10.3084 -11.4486 7.29999
    endloop
  endfacet
  facet normal 0.68194 -0.731408 5.51787e-06
    outer loop
      vertex 10.7017 -11.0819 0
      vertex 10.4689 -11.2989 7.29999
      vertex 10.3084 -11.4486 0
    endloop
  endfacet
  facet normal 0.681848 -0.731494 0
    outer loop
      vertex 10.4689 -11.2989 7.29999
      vertex 10.7017 -11.0819 0
      vertex 10.7017 -11.0819 7.29999
    endloop
  endfacet
  facet normal 0.682005 -0.731348 0
    outer loop
      vertex 10.5411 -11.2316 17.7
      vertex 10.3084 -11.4486 19.5
      vertex 10.3084 -11.4486 17.7
    endloop
  endfacet
  facet normal 0.68194 -0.731408 -1.55076e-05
    outer loop
      vertex 10.3084 -11.4486 19.5
      vertex 10.5411 -11.2316 17.7
      vertex 10.7017 -11.0819 19.5
    endloop
  endfacet
  facet normal 0.681847 -0.731494 0
    outer loop
      vertex 10.7017 -11.0819 19.5
      vertex 10.5411 -11.2316 17.7
      vertex 10.7017 -11.0819 17.7
    endloop
  endfacet
  facet normal 0.682075 -0.731283 0
    outer loop
      vertex 10.3084 -11.4486 11.7
      vertex 10.4689 -11.2989 13.3
      vertex 10.3084 -11.4486 13.3
    endloop
  endfacet
  facet normal 0.682005 -0.731348 1.31412e-05
    outer loop
      vertex 10.4689 -11.2989 13.3
      vertex 10.3084 -11.4486 11.7
      vertex 10.5411 -11.2316 11.7
    endloop
  endfacet
  facet normal 0.681848 -0.731494 -7.85539e-08
    outer loop
      vertex 10.4689 -11.2989 13.3
      vertex 10.5411 -11.2316 11.7
      vertex 10.7017 -11.0819 13.3
    endloop
  endfacet
  facet normal 0.681847 -0.731494 0
    outer loop
      vertex 10.7017 -11.0819 13.3
      vertex 10.5411 -11.2316 11.7
      vertex 10.7017 -11.0819 11.7
    endloop
  endfacet
  facet normal 0.629366 -0.777109 0
    outer loop
      vertex 9.90255 -11.8014 0
      vertex 9.90255 -11.8014 7.29999
      vertex 9.65523 -12.0017 7.29999
    endloop
  endfacet
  facet normal 0.629252 -0.777201 0
    outer loop
      vertex 9.48466 -12.1398 0
      vertex 9.65523 -12.0017 7.29999
      vertex 9.48466 -12.1398 7.29999
    endloop
  endfacet
  facet normal 0.62932 -0.777147 -2.6186e-06
    outer loop
      vertex 9.90255 -11.8014 0
      vertex 9.65523 -12.0017 7.29999
      vertex 9.48466 -12.1398 0
    endloop
  endfacet
  facet normal 0.629382 -0.777096 0
    outer loop
      vertex 9.73197 -11.9395 17.7
      vertex 9.48466 -12.1398 19.5
      vertex 9.48466 -12.1398 17.7
    endloop
  endfacet
  facet normal 0.62932 -0.777147 -1.41161e-05
    outer loop
      vertex 9.48466 -12.1398 19.5
      vertex 9.73197 -11.9395 17.7
      vertex 9.90255 -11.8014 19.5
    endloop
  endfacet
  facet normal 0.62923 -0.777219 0
    outer loop
      vertex 9.90255 -11.8014 17.7
      vertex 9.90255 -11.8014 19.5
      vertex 9.73197 -11.9395 17.7
    endloop
  endfacet
  facet normal 0.629252 -0.777201 0
    outer loop
      vertex 9.48466 -12.1398 11.7
      vertex 9.65523 -12.0017 13.3
      vertex 9.48466 -12.1398 13.3
    endloop
  endfacet
  facet normal 0.629366 -0.777109 -2.41197e-05
    outer loop
      vertex 9.65523 -12.0017 13.3
      vertex 9.73197 -11.9395 11.7
      vertex 9.90255 -11.8014 13.3
    endloop
  endfacet
  facet normal 0.629382 -0.777096 -2.28987e-05
    outer loop
      vertex 9.65523 -12.0017 13.3
      vertex 9.48466 -12.1398 11.7
      vertex 9.73197 -11.9395 11.7
    endloop
  endfacet
  facet normal 0.62923 -0.777219 0
    outer loop
      vertex 9.90255 -11.8014 11.7
      vertex 9.90255 -11.8014 13.3
      vertex 9.73197 -11.9395 11.7
    endloop
  endfacet
  facet normal 0.454051 -0.890976 0
    outer loop
      vertex 7.03694 -13.702 17.7
      vertex 6.75339 -13.8465 19.5
      vertex 6.75339 -13.8465 17.7
    endloop
  endfacet
  facet normal 0.453955 -0.891024 -1.88916e-05
    outer loop
      vertex 6.75339 -13.8465 19.5
      vertex 7.03694 -13.702 17.7
      vertex 7.23251 -13.6024 19.5
    endloop
  endfacet
  facet normal 0.453817 -0.891095 0
    outer loop
      vertex 7.23251 -13.6024 19.5
      vertex 7.03694 -13.702 17.7
      vertex 7.23251 -13.6024 17.7
    endloop
  endfacet
  facet normal 0.454179 -0.89091 0
    outer loop
      vertex 6.75339 -13.8465 0
      vertex 6.94896 -13.7468 7.29999
      vertex 6.75339 -13.8465 7.29999
    endloop
  endfacet
  facet normal 0.453955 -0.891024 7.54763e-06
    outer loop
      vertex 7.23251 -13.6024 0
      vertex 6.94896 -13.7468 7.29999
      vertex 6.75339 -13.8465 0
    endloop
  endfacet
  facet normal 0.453801 -0.891103 0
    outer loop
      vertex 6.94896 -13.7468 7.29999
      vertex 7.23251 -13.6024 0
      vertex 7.23251 -13.6024 7.29999
    endloop
  endfacet
  facet normal 0.454179 -0.89091 0
    outer loop
      vertex 6.75339 -13.8465 11.7
      vertex 6.94896 -13.7468 13.3
      vertex 6.75339 -13.8465 13.3
    endloop
  endfacet
  facet normal 0.454051 -0.890976 1.97763e-05
    outer loop
      vertex 6.94896 -13.7468 13.3
      vertex 6.75339 -13.8465 11.7
      vertex 7.03694 -13.702 11.7
    endloop
  endfacet
  facet normal 0.453801 -0.891103 2.49842e-06
    outer loop
      vertex 6.94896 -13.7468 13.3
      vertex 7.03694 -13.702 11.7
      vertex 7.23251 -13.6024 13.3
    endloop
  endfacet
  facet normal 0.453817 -0.891095 0
    outer loop
      vertex 7.23251 -13.6024 13.3
      vertex 7.03694 -13.702 11.7
      vertex 7.23251 -13.6024 11.7
    endloop
  endfacet
  facet normal 0.544481 -0.838773 0
    outer loop
      vertex 8.16374 -13.0647 0
      vertex 8.34783 -12.9452 7.29999
      vertex 8.16374 -13.0647 7.29999
    endloop
  endfacet
  facet normal 0.544678 -0.838645 -7.09479e-06
    outer loop
      vertex 8.61472 -12.7718 0
      vertex 8.34783 -12.9452 7.29999
      vertex 8.16374 -13.0647 0
    endloop
  endfacet
  facet normal 0.544815 -0.838556 0
    outer loop
      vertex 8.34783 -12.9452 7.29999
      vertex 8.61472 -12.7718 0
      vertex 8.61472 -12.7718 7.29999
    endloop
  endfacet
  facet normal 0.54458 -0.838709 0
    outer loop
      vertex 8.43064 -12.8914 17.7
      vertex 8.16374 -13.0647 19.5
      vertex 8.16374 -13.0647 17.7
    endloop
  endfacet
  facet normal 0.544678 -0.838645 2.08441e-05
    outer loop
      vertex 8.16374 -13.0647 19.5
      vertex 8.43064 -12.8914 17.7
      vertex 8.61472 -12.7718 19.5
    endloop
  endfacet
  facet normal 0.544822 -0.838552 0
    outer loop
      vertex 8.61472 -12.7718 19.5
      vertex 8.43064 -12.8914 17.7
      vertex 8.61472 -12.7718 17.7
    endloop
  endfacet
  facet normal 0.544481 -0.838773 0
    outer loop
      vertex 8.16374 -13.0647 11.7
      vertex 8.34783 -12.9452 13.3
      vertex 8.16374 -13.0647 13.3
    endloop
  endfacet
  facet normal 0.54458 -0.838709 -1.61972e-05
    outer loop
      vertex 8.34783 -12.9452 13.3
      vertex 8.16374 -13.0647 11.7
      vertex 8.43064 -12.8914 11.7
    endloop
  endfacet
  facet normal 0.544815 -0.838556 1.12325e-06
    outer loop
      vertex 8.34783 -12.9452 13.3
      vertex 8.43064 -12.8914 11.7
      vertex 8.61472 -12.7718 13.3
    endloop
  endfacet
  facet normal 0.544822 -0.838552 0
    outer loop
      vertex 8.61472 -12.7718 13.3
      vertex 8.43064 -12.8914 11.7
      vertex 8.61472 -12.7718 11.7
    endloop
  endfacet
  facet normal 0.777096 -0.629382 0
    outer loop
      vertex 11.9395 -9.73197 7.29999
      vertex 12.1398 -9.48466 0
      vertex 12.1398 -9.48466 7.29999
    endloop
  endfacet
  facet normal 0.777219 -0.62923 0
    outer loop
      vertex 11.8014 -9.90255 0
      vertex 11.9395 -9.73197 7.29999
      vertex 11.8014 -9.90255 7.29999
    endloop
  endfacet
  facet normal 0.777147 -0.62932 3.48069e-06
    outer loop
      vertex 11.9395 -9.73197 7.29999
      vertex 11.8014 -9.90255 0
      vertex 12.1398 -9.48466 0
    endloop
  endfacet
  facet normal 0.777201 -0.629252 0
    outer loop
      vertex 12.1398 -9.48466 19.5
      vertex 12.0017 -9.65523 17.7
      vertex 12.1398 -9.48466 17.7
    endloop
  endfacet
  facet normal 0.777147 -0.62932 1.06199e-05
    outer loop
      vertex 11.8014 -9.90255 19.5
      vertex 12.0017 -9.65523 17.7
      vertex 12.1398 -9.48466 19.5
    endloop
  endfacet
  facet normal 0.777109 -0.629366 0
    outer loop
      vertex 12.0017 -9.65523 17.7
      vertex 11.8014 -9.90255 19.5
      vertex 11.8014 -9.90255 17.7
    endloop
  endfacet
  facet normal 0.777201 -0.629252 0
    outer loop
      vertex 12.1398 -9.48466 13.3
      vertex 12.0017 -9.65523 11.7
      vertex 12.1398 -9.48466 11.7
    endloop
  endfacet
  facet normal 0.777096 -0.629382 2.28987e-05
    outer loop
      vertex 11.9395 -9.73197 13.3
      vertex 12.0017 -9.65523 11.7
      vertex 12.1398 -9.48466 13.3
    endloop
  endfacet
  facet normal 0.777219 -0.62923 0
    outer loop
      vertex 11.8014 -9.90255 11.7
      vertex 11.9395 -9.73197 13.3
      vertex 11.8014 -9.90255 13.3
    endloop
  endfacet
  facet normal 0.777109 -0.629366 2.41197e-05
    outer loop
      vertex 11.9395 -9.73197 13.3
      vertex 11.8014 -9.90255 11.7
      vertex 12.0017 -9.65523 11.7
    endloop
  endfacet
  facet normal 0.731348 -0.682005 0
    outer loop
      vertex 11.2316 -10.5411 7.29999
      vertex 11.4486 -10.3084 0
      vertex 11.4486 -10.3084 7.29999
    endloop
  endfacet
  facet normal 0.731494 -0.681847 0
    outer loop
      vertex 11.0819 -10.7017 0
      vertex 11.2316 -10.5411 7.29999
      vertex 11.0819 -10.7017 7.29999
    endloop
  endfacet
  facet normal 0.731408 -0.68194 3.82379e-06
    outer loop
      vertex 11.2316 -10.5411 7.29999
      vertex 11.0819 -10.7017 0
      vertex 11.4486 -10.3084 0
    endloop
  endfacet
  facet normal 0.731283 -0.682075 0
    outer loop
      vertex 11.4486 -10.3084 19.5
      vertex 11.2989 -10.4689 17.7
      vertex 11.4486 -10.3084 17.7
    endloop
  endfacet
  facet normal 0.731408 -0.68194 -2.2378e-05
    outer loop
      vertex 11.0819 -10.7017 19.5
      vertex 11.2989 -10.4689 17.7
      vertex 11.4486 -10.3084 19.5
    endloop
  endfacet
  facet normal 0.731494 -0.681848 0
    outer loop
      vertex 11.2989 -10.4689 17.7
      vertex 11.0819 -10.7017 19.5
      vertex 11.0819 -10.7017 17.7
    endloop
  endfacet
  facet normal 0.731283 -0.682075 0
    outer loop
      vertex 11.4486 -10.3084 13.3
      vertex 11.2989 -10.4689 11.7
      vertex 11.4486 -10.3084 11.7
    endloop
  endfacet
  facet normal 0.731348 -0.682005 -1.31412e-05
    outer loop
      vertex 11.2316 -10.5411 13.3
      vertex 11.2989 -10.4689 11.7
      vertex 11.4486 -10.3084 13.3
    endloop
  endfacet
  facet normal 0.731494 -0.681847 0
    outer loop
      vertex 11.0819 -10.7017 11.7
      vertex 11.2316 -10.5411 13.3
      vertex 11.0819 -10.7017 13.3
    endloop
  endfacet
  facet normal 0.731494 -0.681848 7.85539e-08
    outer loop
      vertex 11.2316 -10.5411 13.3
      vertex 11.0819 -10.7017 11.7
      vertex 11.2989 -10.4689 11.7
    endloop
  endfacet
  facet normal 0.838773 -0.544481 0
    outer loop
      vertex 13.0647 -8.16374 19.5
      vertex 12.9452 -8.34783 17.7
      vertex 13.0647 -8.16374 17.7
    endloop
  endfacet
  facet normal 0.838645 -0.544678 2.87733e-05
    outer loop
      vertex 12.7718 -8.61472 19.5
      vertex 12.9452 -8.34783 17.7
      vertex 13.0647 -8.16374 19.5
    endloop
  endfacet
  facet normal 0.838556 -0.544815 0
    outer loop
      vertex 12.9452 -8.34783 17.7
      vertex 12.7718 -8.61472 19.5
      vertex 12.7718 -8.61472 17.7
    endloop
  endfacet
  facet normal 0.838709 -0.54458 0
    outer loop
      vertex 12.8914 -8.43064 7.29999
      vertex 13.0647 -8.16374 0
      vertex 13.0647 -8.16374 7.29999
    endloop
  endfacet
  facet normal 0.838552 -0.544822 0
    outer loop
      vertex 12.7718 -8.61472 0
      vertex 12.8914 -8.43064 7.29999
      vertex 12.7718 -8.61472 7.29999
    endloop
  endfacet
  facet normal 0.838645 -0.544678 -5.13965e-06
    outer loop
      vertex 12.8914 -8.43064 7.29999
      vertex 12.7718 -8.61472 0
      vertex 13.0647 -8.16374 0
    endloop
  endfacet
  facet normal 0.838773 -0.544481 0
    outer loop
      vertex 13.0647 -8.16374 13.3
      vertex 12.9452 -8.34783 11.7
      vertex 13.0647 -8.16374 11.7
    endloop
  endfacet
  facet normal 0.838709 -0.54458 1.61972e-05
    outer loop
      vertex 12.8914 -8.43064 13.3
      vertex 12.9452 -8.34783 11.7
      vertex 13.0647 -8.16374 13.3
    endloop
  endfacet
  facet normal 0.838552 -0.544822 0
    outer loop
      vertex 12.7718 -8.61472 11.7
      vertex 12.8914 -8.43064 13.3
      vertex 12.7718 -8.61472 13.3
    endloop
  endfacet
  facet normal 0.838556 -0.544815 -1.12325e-06
    outer loop
      vertex 12.8914 -8.43064 13.3
      vertex 12.7718 -8.61472 11.7
      vertex 12.9452 -8.34783 11.7
    endloop
  endfacet
  facet normal 0.874594 -0.484856 0
    outer loop
      vertex 13.4481 -7.51084 7.29999
      vertex 13.6024 -7.23251 0
      vertex 13.6024 -7.23251 7.29999
    endloop
  endfacet
  facet normal 0.874651 -0.484753 0
    outer loop
      vertex 13.3417 -7.70282 0
      vertex 13.4481 -7.51084 7.29999
      vertex 13.3417 -7.70282 7.29999
    endloop
  endfacet
  facet normal 0.874617 -0.484814 2.08945e-06
    outer loop
      vertex 13.4481 -7.51084 7.29999
      vertex 13.3417 -7.70282 0
      vertex 13.6024 -7.23251 0
    endloop
  endfacet
  facet normal 0.87464 -0.484772 0
    outer loop
      vertex 13.6024 -7.23251 19.5
      vertex 13.496 -7.42448 17.7
      vertex 13.6024 -7.23251 17.7
    endloop
  endfacet
  facet normal 0.874617 -0.484814 5.78045e-06
    outer loop
      vertex 13.3417 -7.70282 19.5
      vertex 13.496 -7.42448 17.7
      vertex 13.6024 -7.23251 19.5
    endloop
  endfacet
  facet normal 0.874602 -0.484842 0
    outer loop
      vertex 13.496 -7.42448 17.7
      vertex 13.3417 -7.70282 19.5
      vertex 13.3417 -7.70282 17.7
    endloop
  endfacet
  facet normal 0.87464 -0.484772 0
    outer loop
      vertex 13.6024 -7.23251 13.3
      vertex 13.496 -7.42448 11.7
      vertex 13.6024 -7.23251 11.7
    endloop
  endfacet
  facet normal 0.874594 -0.484856 1.30778e-05
    outer loop
      vertex 13.4481 -7.51084 13.3
      vertex 13.496 -7.42448 11.7
      vertex 13.6024 -7.23251 13.3
    endloop
  endfacet
  facet normal 0.874651 -0.484753 0
    outer loop
      vertex 13.3417 -7.70282 11.7
      vertex 13.4481 -7.51084 13.3
      vertex 13.3417 -7.70282 13.3
    endloop
  endfacet
  facet normal 0.874602 -0.484842 1.40182e-05
    outer loop
      vertex 13.4481 -7.51084 13.3
      vertex 13.3417 -7.70282 11.7
      vertex 13.496 -7.42448 11.7
    endloop
  endfacet
  facet normal 0.920443 -0.390876 0
    outer loop
      vertex 14.1595 -6.06399 7.29999
      vertex 14.2839 -5.77105 0
      vertex 14.2839 -5.77105 7.29999
    endloop
  endfacet
  facet normal 0.920448 -0.390866 0
    outer loop
      vertex 14.0737 -6.26604 0
      vertex 14.1595 -6.06399 7.29999
      vertex 14.0737 -6.26604 7.29999
    endloop
  endfacet
  facet normal 0.920445 -0.390872 1.95632e-07
    outer loop
      vertex 14.1595 -6.06399 7.29999
      vertex 14.0737 -6.26604 0
      vertex 14.2839 -5.77105 0
    endloop
  endfacet
  facet normal 0.920448 -0.390866 0
    outer loop
      vertex 14.2839 -5.77105 19.5
      vertex 14.1981 -5.9731 17.7
      vertex 14.2839 -5.77105 17.7
    endloop
  endfacet
  facet normal 0.920445 -0.390872 7.93396e-07
    outer loop
      vertex 14.0737 -6.26604 19.5
      vertex 14.1981 -5.9731 17.7
      vertex 14.2839 -5.77105 19.5
    endloop
  endfacet
  facet normal 0.920443 -0.390876 0
    outer loop
      vertex 14.1981 -5.9731 17.7
      vertex 14.0737 -6.26604 19.5
      vertex 14.0737 -6.26604 17.7
    endloop
  endfacet
  facet normal 0.920448 -0.390866 0
    outer loop
      vertex 14.2839 -5.77105 13.3
      vertex 14.1981 -5.9731 11.7
      vertex 14.2839 -5.77105 11.7
    endloop
  endfacet
  facet normal 0.920443 -0.390876 1.5082e-06
    outer loop
      vertex 14.1595 -6.06399 13.3
      vertex 14.1981 -5.9731 11.7
      vertex 14.2839 -5.77105 13.3
    endloop
  endfacet
  facet normal 0.920448 -0.390866 0
    outer loop
      vertex 14.0737 -6.26604 11.7
      vertex 14.1595 -6.06399 13.3
      vertex 14.0737 -6.26604 13.3
    endloop
  endfacet
  facet normal 0.920443 -0.390876 1.5082e-06
    outer loop
      vertex 14.1595 -6.06399 13.3
      vertex 14.0737 -6.26604 11.7
      vertex 14.1981 -5.9731 11.7
    endloop
  endfacet
  facet normal 0.956343 -0.292248 0
    outer loop
      vertex 14.7158 -4.5507 7.29999
      vertex 14.8088 -4.24637 0
      vertex 14.8088 -4.24637 7.29999
    endloop
  endfacet
  facet normal 0.95627 -0.292485 0
    outer loop
      vertex 14.6516 -4.7606 0
      vertex 14.7158 -4.5507 7.29999
      vertex 14.6516 -4.7606 7.29999
    endloop
  endfacet
  facet normal 0.956313 -0.292345 -4.40367e-06
    outer loop
      vertex 14.7158 -4.5507 7.29999
      vertex 14.6516 -4.7606 0
      vertex 14.8088 -4.24637 0
    endloop
  endfacet
  facet normal 0.956398 -0.292068 0
    outer loop
      vertex 14.8088 -4.24637 19.5
      vertex 14.7447 -4.45627 17.7
      vertex 14.8088 -4.24637 17.7
    endloop
  endfacet
  facet normal 0.956313 -0.292345 3.52692e-05
    outer loop
      vertex 14.6516 -4.7606 19.5
      vertex 14.7447 -4.45627 17.7
      vertex 14.8088 -4.24637 19.5
    endloop
  endfacet
  facet normal 0.956255 -0.292535 0
    outer loop
      vertex 14.7447 -4.45627 17.7
      vertex 14.6516 -4.7606 19.5
      vertex 14.6516 -4.7606 17.7
    endloop
  endfacet
  facet normal 0.956398 -0.292068 0
    outer loop
      vertex 14.8088 -4.24637 13.3
      vertex 14.7447 -4.45627 11.7
      vertex 14.8088 -4.24637 11.7
    endloop
  endfacet
  facet normal 0.956343 -0.292248 2.58211e-05
    outer loop
      vertex 14.7158 -4.5507 13.3
      vertex 14.7447 -4.45627 11.7
      vertex 14.8088 -4.24637 13.3
    endloop
  endfacet
  facet normal 0.95627 -0.292485 0
    outer loop
      vertex 14.6516 -4.7606 11.7
      vertex 14.7158 -4.5507 13.3
      vertex 14.6516 -4.7606 13.3
    endloop
  endfacet
  facet normal 0.956255 -0.292535 7.27411e-06
    outer loop
      vertex 14.7158 -4.5507 13.3
      vertex 14.6516 -4.7606 11.7
      vertex 14.7447 -4.45627 11.7
    endloop
  endfacet
  facet normal 0.933524 -0.358516 0
    outer loop
      vertex 14.3625 -5.56614 7.29999
      vertex 14.4766 -5.26904 0
      vertex 14.4766 -5.26904 7.29999
    endloop
  endfacet
  facet normal 0.933668 -0.358139 0
    outer loop
      vertex 14.2839 -5.77105 0
      vertex 14.3625 -5.56614 7.29999
      vertex 14.2839 -5.77105 7.29999
    endloop
  endfacet
  facet normal 0.933583 -0.358362 7.17663e-06
    outer loop
      vertex 14.3625 -5.56614 7.29999
      vertex 14.2839 -5.77105 0
      vertex 14.4766 -5.26904 0
    endloop
  endfacet
  facet normal 0.933516 -0.358536 0
    outer loop
      vertex 14.4766 -5.26904 19.5
      vertex 14.3979 -5.47395 17.7
      vertex 14.4766 -5.26904 17.7
    endloop
  endfacet
  facet normal 0.933583 -0.358362 -2.27605e-05
    outer loop
      vertex 14.2839 -5.77105 19.5
      vertex 14.3979 -5.47395 17.7
      vertex 14.4766 -5.26904 19.5
    endloop
  endfacet
  facet normal 0.933629 -0.358242 0
    outer loop
      vertex 14.3979 -5.47395 17.7
      vertex 14.2839 -5.77105 19.5
      vertex 14.2839 -5.77105 17.7
    endloop
  endfacet
  facet normal 0.933516 -0.358536 0
    outer loop
      vertex 14.4766 -5.26904 13.3
      vertex 14.3979 -5.47395 11.7
      vertex 14.4766 -5.26904 11.7
    endloop
  endfacet
  facet normal 0.933524 -0.358516 -3.02233e-06
    outer loop
      vertex 14.3625 -5.56614 13.3
      vertex 14.3979 -5.47395 11.7
      vertex 14.4766 -5.26904 13.3
    endloop
  endfacet
  facet normal 0.933668 -0.358139 0
    outer loop
      vertex 14.2839 -5.77105 11.7
      vertex 14.3625 -5.56614 13.3
      vertex 14.2839 -5.77105 13.3
    endloop
  endfacet
  facet normal 0.933629 -0.358242 1.50839e-05
    outer loop
      vertex 14.3625 -5.56614 13.3
      vertex 14.2839 -5.77105 11.7
      vertex 14.3979 -5.47395 11.7
    endloop
  endfacet
  facet normal 0.98768 -0.156485 0
    outer loop
      vertex 15.2059 -2.45837 7.29999
      vertex 15.2557 -2.14405 0
      vertex 15.2557 -2.14405 7.29999
    endloop
  endfacet
  facet normal 0.987714 -0.156274 0
    outer loop
      vertex 15.1716 -2.67516 0
      vertex 15.2059 -2.45837 7.29999
      vertex 15.1716 -2.67516 7.29999
    endloop
  endfacet
  facet normal 0.987694 -0.156399 3.8126e-06
    outer loop
      vertex 15.2059 -2.45837 7.29999
      vertex 15.1716 -2.67516 0
      vertex 15.2557 -2.14405 0
    endloop
  endfacet
  facet normal 0.987714 -0.156274 0
    outer loop
      vertex 15.2557 -2.14405 19.5
      vertex 15.2214 -2.36084 17.7
      vertex 15.2557 -2.14405 17.7
    endloop
  endfacet
  facet normal 0.987694 -0.156399 1.54622e-05
    outer loop
      vertex 15.1716 -2.67516 19.5
      vertex 15.2214 -2.36084 17.7
      vertex 15.2557 -2.14405 19.5
    endloop
  endfacet
  facet normal 0.98768 -0.156485 0
    outer loop
      vertex 15.2214 -2.36084 17.7
      vertex 15.1716 -2.67516 19.5
      vertex 15.1716 -2.67516 17.7
    endloop
  endfacet
  facet normal 0.987714 -0.156274 0
    outer loop
      vertex 15.2557 -2.14405 13.3
      vertex 15.2214 -2.36084 11.7
      vertex 15.2557 -2.14405 11.7
    endloop
  endfacet
  facet normal 0.98768 -0.156485 2.93921e-05
    outer loop
      vertex 15.2059 -2.45837 13.3
      vertex 15.2214 -2.36084 11.7
      vertex 15.2557 -2.14405 13.3
    endloop
  endfacet
  facet normal 0.987714 -0.156274 0
    outer loop
      vertex 15.1716 -2.67516 11.7
      vertex 15.2059 -2.45837 13.3
      vertex 15.1716 -2.67516 13.3
    endloop
  endfacet
  facet normal 0.98768 -0.156485 2.93921e-05
    outer loop
      vertex 15.2059 -2.45837 13.3
      vertex 15.1716 -2.67516 11.7
      vertex 15.2214 -2.36084 11.7
    endloop
  endfacet
  facet normal 0.992574 -0.121646 0
    outer loop
      vertex 15.3212 -1.61033 19.5
      vertex 15.2945 -1.82819 17.7
      vertex 15.3212 -1.61033 17.7
    endloop
  endfacet
  facet normal 0.992553 -0.12181 2.01528e-05
    outer loop
      vertex 15.2557 -2.14405 19.5
      vertex 15.2945 -1.82819 17.7
      vertex 15.3212 -1.61033 19.5
    endloop
  endfacet
  facet normal 0.99254 -0.121923 0
    outer loop
      vertex 15.2945 -1.82819 17.7
      vertex 15.2557 -2.14405 19.5
      vertex 15.2557 -2.14405 17.7
    endloop
  endfacet
  facet normal 0.992578 -0.121613 0
    outer loop
      vertex 15.2825 -1.92619 7.29999
      vertex 15.3212 -1.61033 0
      vertex 15.3212 -1.61033 7.29999
    endloop
  endfacet
  facet normal 0.992518 -0.122094 0
    outer loop
      vertex 15.2557 -2.14405 0
      vertex 15.2825 -1.92619 7.29999
      vertex 15.2557 -2.14405 7.29999
    endloop
  endfacet
  facet normal 0.992553 -0.12181 -8.62744e-06
    outer loop
      vertex 15.2825 -1.92619 7.29999
      vertex 15.2557 -2.14405 0
      vertex 15.3212 -1.61033 0
    endloop
  endfacet
  facet normal 0.992574 -0.121646 0
    outer loop
      vertex 15.3212 -1.61033 13.3
      vertex 15.2945 -1.82819 11.7
      vertex 15.3212 -1.61033 11.7
    endloop
  endfacet
  facet normal 0.992578 -0.121613 -4.47801e-06
    outer loop
      vertex 15.2825 -1.92619 13.3
      vertex 15.2945 -1.82819 11.7
      vertex 15.3212 -1.61033 13.3
    endloop
  endfacet
  facet normal 0.992518 -0.122094 0
    outer loop
      vertex 15.2557 -2.14405 11.7
      vertex 15.2825 -1.92619 13.3
      vertex 15.2557 -2.14405 13.3
    endloop
  endfacet
  facet normal 0.99254 -0.121923 -2.37247e-05
    outer loop
      vertex 15.2825 -1.92619 13.3
      vertex 15.2557 -2.14405 11.7
      vertex 15.2945 -1.82819 11.7
    endloop
  endfacet
  facet normal 0.945526 -0.325545 0
    outer loop
      vertex 14.548 -5.0615 7.29999
      vertex 14.6516 -4.7606 0
      vertex 14.6516 -4.7606 7.29999
    endloop
  endfacet
  facet normal 0.945605 -0.325317 0
    outer loop
      vertex 14.4766 -5.26904 0
      vertex 14.548 -5.0615 7.29999
      vertex 14.4766 -5.26904 7.29999
    endloop
  endfacet
  facet normal 0.945559 -0.325452 4.30132e-06
    outer loop
      vertex 14.548 -5.0615 7.29999
      vertex 14.4766 -5.26904 0
      vertex 14.6516 -4.7606 0
    endloop
  endfacet
  facet normal 0.945605 -0.325317 0
    outer loop
      vertex 14.6516 -4.7606 19.5
      vertex 14.5802 -4.96814 17.7
      vertex 14.6516 -4.7606 17.7
    endloop
  endfacet
  facet normal 0.945559 -0.325452 1.74442e-05
    outer loop
      vertex 14.4766 -5.26904 19.5
      vertex 14.5802 -4.96814 17.7
      vertex 14.6516 -4.7606 19.5
    endloop
  endfacet
  facet normal 0.945526 -0.325545 0
    outer loop
      vertex 14.5802 -4.96814 17.7
      vertex 14.4766 -5.26904 19.5
      vertex 14.4766 -5.26904 17.7
    endloop
  endfacet
  facet normal 0.945605 -0.325317 0
    outer loop
      vertex 14.6516 -4.7606 13.3
      vertex 14.5802 -4.96814 11.7
      vertex 14.6516 -4.7606 11.7
    endloop
  endfacet
  facet normal 0.945526 -0.325545 3.31594e-05
    outer loop
      vertex 14.548 -5.0615 13.3
      vertex 14.5802 -4.96814 11.7
      vertex 14.6516 -4.7606 13.3
    endloop
  endfacet
  facet normal 0.945605 -0.325317 0
    outer loop
      vertex 14.4766 -5.26904 11.7
      vertex 14.548 -5.0615 13.3
      vertex 14.4766 -5.26904 13.3
    endloop
  endfacet
  facet normal 0.945526 -0.325545 3.31594e-05
    outer loop
      vertex 14.548 -5.0615 13.3
      vertex 14.4766 -5.26904 11.7
      vertex 14.5802 -4.96814 11.7
    endloop
  endfacet
  facet normal 0.965977 -0.258629 0
    outer loop
      vertex 14.8657 -4.03435 7.29999
      vertex 14.948 -3.72696 0
      vertex 14.948 -3.72696 7.29999
    endloop
  endfacet
  facet normal 0.965824 -0.259199 0
    outer loop
      vertex 14.8088 -4.24637 0
      vertex 14.8657 -4.03435 7.29999
      vertex 14.8088 -4.24637 7.29999
    endloop
  endfacet
  facet normal 0.965914 -0.258862 -1.0507e-05
    outer loop
      vertex 14.8657 -4.03435 7.29999
      vertex 14.8088 -4.24637 0
      vertex 14.948 -3.72696 0
    endloop
  endfacet
  facet normal 0.965938 -0.258774 0
    outer loop
      vertex 14.948 -3.72696 19.5
      vertex 14.8912 -3.93898 17.7
      vertex 14.948 -3.72696 17.7
    endloop
  endfacet
  facet normal 0.965914 -0.258862 1.10504e-05
    outer loop
      vertex 14.8088 -4.24637 19.5
      vertex 14.8912 -3.93898 17.7
      vertex 14.948 -3.72696 19.5
    endloop
  endfacet
  facet normal 0.965898 -0.258922 0
    outer loop
      vertex 14.8912 -3.93898 17.7
      vertex 14.8088 -4.24637 19.5
      vertex 14.8088 -4.24637 17.7
    endloop
  endfacet
  facet normal 0.965938 -0.258774 0
    outer loop
      vertex 14.948 -3.72696 13.3
      vertex 14.8912 -3.93898 11.7
      vertex 14.948 -3.72696 11.7
    endloop
  endfacet
  facet normal 0.965977 -0.258629 -2.06345e-05
    outer loop
      vertex 14.8657 -4.03435 13.3
      vertex 14.8912 -3.93898 11.7
      vertex 14.948 -3.72696 13.3
    endloop
  endfacet
  facet normal 0.965824 -0.259199 0
    outer loop
      vertex 14.8088 -4.24637 11.7
      vertex 14.8657 -4.03435 13.3
      vertex 14.8088 -4.24637 13.3
    endloop
  endfacet
  facet normal 0.965898 -0.258922 -3.93627e-05
    outer loop
      vertex 14.8657 -4.03435 13.3
      vertex 14.8088 -4.24637 11.7
      vertex 14.8912 -3.93898 11.7
    endloop
  endfacet
  facet normal -0.358242 -0.933629 0
    outer loop
      vertex -5.47395 -14.3979 17.7
      vertex -5.77105 -14.2839 19.5
      vertex -5.77105 -14.2839 17.7
    endloop
  endfacet
  facet normal -0.358362 -0.933583 -2.27605e-05
    outer loop
      vertex -5.77105 -14.2839 19.5
      vertex -5.47395 -14.3979 17.7
      vertex -5.26904 -14.4766 19.5
    endloop
  endfacet
  facet normal -0.358536 -0.933516 -0
    outer loop
      vertex -5.26904 -14.4766 19.5
      vertex -5.47395 -14.3979 17.7
      vertex -5.26904 -14.4766 17.7
    endloop
  endfacet
  facet normal -0.358139 -0.933668 0
    outer loop
      vertex -5.77105 -14.2839 0
      vertex -5.56614 -14.3625 7.29999
      vertex -5.77105 -14.2839 7.29999
    endloop
  endfacet
  facet normal -0.358362 -0.933583 7.17663e-06
    outer loop
      vertex -5.26904 -14.4766 0
      vertex -5.56614 -14.3625 7.29999
      vertex -5.77105 -14.2839 0
    endloop
  endfacet
  facet normal -0.358516 -0.933524 0
    outer loop
      vertex -5.56614 -14.3625 7.29999
      vertex -5.26904 -14.4766 0
      vertex -5.26904 -14.4766 7.29999
    endloop
  endfacet
  facet normal -0.358139 -0.933668 -0
    outer loop
      vertex -5.77105 -14.2839 13.3
      vertex -5.77105 -14.2839 11.7
      vertex -5.56614 -14.3625 13.3
    endloop
  endfacet
  facet normal -0.358242 -0.933629 1.50839e-05
    outer loop
      vertex -5.56614 -14.3625 13.3
      vertex -5.77105 -14.2839 11.7
      vertex -5.47395 -14.3979 11.7
    endloop
  endfacet
  facet normal -0.358516 -0.933524 -3.02233e-06
    outer loop
      vertex -5.56614 -14.3625 13.3
      vertex -5.47395 -14.3979 11.7
      vertex -5.26904 -14.4766 13.3
    endloop
  endfacet
  facet normal -0.358536 -0.933516 -0
    outer loop
      vertex -5.26904 -14.4766 13.3
      vertex -5.47395 -14.3979 11.7
      vertex -5.26904 -14.4766 11.7
    endloop
  endfacet
  facet normal -0.259199 -0.965824 -0
    outer loop
      vertex -4.24637 -14.8088 7.29999
      vertex -4.24637 -14.8088 0
      vertex -4.03435 -14.8657 7.29999
    endloop
  endfacet
  facet normal -0.258862 -0.965914 -1.0507e-05
    outer loop
      vertex -3.72696 -14.948 0
      vertex -4.03435 -14.8657 7.29999
      vertex -4.24637 -14.8088 0
    endloop
  endfacet
  facet normal -0.258629 -0.965977 0
    outer loop
      vertex -4.03435 -14.8657 7.29999
      vertex -3.72696 -14.948 0
      vertex -3.72696 -14.948 7.29999
    endloop
  endfacet
  facet normal -0.258922 -0.965898 0
    outer loop
      vertex -3.93898 -14.8912 17.7
      vertex -4.24637 -14.8088 19.5
      vertex -4.24637 -14.8088 17.7
    endloop
  endfacet
  facet normal -0.258862 -0.965914 1.10504e-05
    outer loop
      vertex -4.24637 -14.8088 19.5
      vertex -3.93898 -14.8912 17.7
      vertex -3.72696 -14.948 19.5
    endloop
  endfacet
  facet normal -0.258774 -0.965938 -0
    outer loop
      vertex -3.72696 -14.948 19.5
      vertex -3.93898 -14.8912 17.7
      vertex -3.72696 -14.948 17.7
    endloop
  endfacet
  facet normal -0.259199 -0.965824 0
    outer loop
      vertex -4.24637 -14.8088 11.7
      vertex -4.03435 -14.8657 13.3
      vertex -4.24637 -14.8088 13.3
    endloop
  endfacet
  facet normal -0.258922 -0.965898 -3.93627e-05
    outer loop
      vertex -4.03435 -14.8657 13.3
      vertex -4.24637 -14.8088 11.7
      vertex -3.93898 -14.8912 11.7
    endloop
  endfacet
  facet normal -0.258629 -0.965977 -2.06345e-05
    outer loop
      vertex -4.03435 -14.8657 13.3
      vertex -3.93898 -14.8912 11.7
      vertex -3.72696 -14.948 13.3
    endloop
  endfacet
  facet normal -0.258774 -0.965938 -0
    outer loop
      vertex -3.72696 -14.948 13.3
      vertex -3.93898 -14.8912 11.7
      vertex -3.72696 -14.948 11.7
    endloop
  endfacet
  facet normal -0.0523934 -0.998627 0
    outer loop
      vertex -1.07464 -15.3681 0
      vertex -0.855448 -15.3796 7.29999
      vertex -1.07464 -15.3681 7.29999
    endloop
  endfacet
  facet normal -0.052257 -0.998634 -4.10475e-06
    outer loop
      vertex -0.537648 -15.3962 0
      vertex -0.855448 -15.3796 7.29999
      vertex -1.07464 -15.3681 0
    endloop
  endfacet
  facet normal -0.052163 -0.998639 0
    outer loop
      vertex -0.855448 -15.3796 7.29999
      vertex -0.537648 -15.3962 0
      vertex -0.537648 -15.3962 7.29999
    endloop
  endfacet
  facet normal -0.052257 -0.998634 3.88907e-05
    outer loop
      vertex -0.756842 -15.3848 17.7
      vertex -0.537648 -15.3962 19.5
      vertex -1.07464 -15.3681 19.5
    endloop
  endfacet
  facet normal -0.0524767 -0.998622 0
    outer loop
      vertex -0.756842 -15.3848 17.7
      vertex -1.07464 -15.3681 19.5
      vertex -1.07464 -15.3681 17.7
    endloop
  endfacet
  facet normal -0.0519385 -0.99865 -0
    outer loop
      vertex -0.537648 -15.3962 19.5
      vertex -0.756842 -15.3848 17.7
      vertex -0.537648 -15.3962 17.7
    endloop
  endfacet
  facet normal -0.052163 -0.998639 3.08351e-05
    outer loop
      vertex -0.855448 -15.3796 13.3
      vertex -0.756842 -15.3848 11.7
      vertex -0.537648 -15.3962 13.3
    endloop
  endfacet
  facet normal -0.0523934 -0.998627 0
    outer loop
      vertex -1.07464 -15.3681 11.7
      vertex -0.855448 -15.3796 13.3
      vertex -1.07464 -15.3681 13.3
    endloop
  endfacet
  facet normal -0.0524767 -0.998622 1.14486e-05
    outer loop
      vertex -0.855448 -15.3796 13.3
      vertex -1.07464 -15.3681 11.7
      vertex -0.756842 -15.3848 11.7
    endloop
  endfacet
  facet normal -0.0519385 -0.99865 -0
    outer loop
      vertex -0.537648 -15.3962 13.3
      vertex -0.756842 -15.3848 11.7
      vertex -0.537648 -15.3962 11.7
    endloop
  endfacet
  facet normal -0.122094 -0.992518 0
    outer loop
      vertex -2.14405 -15.2557 0
      vertex -1.92619 -15.2825 7.29999
      vertex -2.14405 -15.2557 7.29999
    endloop
  endfacet
  facet normal -0.12181 -0.992553 -8.62744e-06
    outer loop
      vertex -1.61033 -15.3212 0
      vertex -1.92619 -15.2825 7.29999
      vertex -2.14405 -15.2557 0
    endloop
  endfacet
  facet normal -0.121613 -0.992578 0
    outer loop
      vertex -1.92619 -15.2825 7.29999
      vertex -1.61033 -15.3212 0
      vertex -1.61033 -15.3212 7.29999
    endloop
  endfacet
  facet normal -0.121923 -0.99254 0
    outer loop
      vertex -1.82819 -15.2945 17.7
      vertex -2.14405 -15.2557 19.5
      vertex -2.14405 -15.2557 17.7
    endloop
  endfacet
  facet normal -0.12181 -0.992553 2.01528e-05
    outer loop
      vertex -2.14405 -15.2557 19.5
      vertex -1.82819 -15.2945 17.7
      vertex -1.61033 -15.3212 19.5
    endloop
  endfacet
  facet normal -0.121646 -0.992574 -0
    outer loop
      vertex -1.61033 -15.3212 19.5
      vertex -1.82819 -15.2945 17.7
      vertex -1.61033 -15.3212 17.7
    endloop
  endfacet
  facet normal -0.122094 -0.992518 -0
    outer loop
      vertex -2.14405 -15.2557 13.3
      vertex -2.14405 -15.2557 11.7
      vertex -1.92619 -15.2825 13.3
    endloop
  endfacet
  facet normal -0.121923 -0.99254 -2.37247e-05
    outer loop
      vertex -1.82819 -15.2945 11.7
      vertex -1.92619 -15.2825 13.3
      vertex -2.14405 -15.2557 11.7
    endloop
  endfacet
  facet normal -0.121613 -0.992578 -4.47801e-06
    outer loop
      vertex -1.92619 -15.2825 13.3
      vertex -1.82819 -15.2945 11.7
      vertex -1.61033 -15.3212 13.3
    endloop
  endfacet
  facet normal -0.121646 -0.992574 -0
    outer loop
      vertex -1.61033 -15.3212 13.3
      vertex -1.82819 -15.2945 11.7
      vertex -1.61033 -15.3212 11.7
    endloop
  endfacet
  facet normal -0.453817 -0.891095 0
    outer loop
      vertex -7.23251 -13.6024 0
      vertex -7.03694 -13.702 7.29999
      vertex -7.23251 -13.6024 7.29999
    endloop
  endfacet
  facet normal -0.453955 -0.891024 4.6582e-06
    outer loop
      vertex -6.75339 -13.8465 0
      vertex -7.03694 -13.702 7.29999
      vertex -7.23251 -13.6024 0
    endloop
  endfacet
  facet normal -0.454051 -0.890976 0
    outer loop
      vertex -7.03694 -13.702 7.29999
      vertex -6.75339 -13.8465 0
      vertex -6.75339 -13.8465 7.29999
    endloop
  endfacet
  facet normal -0.453955 -0.891024 -3.06098e-05
    outer loop
      vertex -7.23251 -13.6024 19.5
      vertex -6.94896 -13.7468 17.7
      vertex -6.75339 -13.8465 19.5
    endloop
  endfacet
  facet normal -0.453801 -0.891103 0
    outer loop
      vertex -6.94896 -13.7468 17.7
      vertex -7.23251 -13.6024 19.5
      vertex -7.23251 -13.6024 17.7
    endloop
  endfacet
  facet normal -0.454179 -0.89091 -0
    outer loop
      vertex -6.75339 -13.8465 19.5
      vertex -6.94896 -13.7468 17.7
      vertex -6.75339 -13.8465 17.7
    endloop
  endfacet
  facet normal -0.454051 -0.890976 -1.97763e-05
    outer loop
      vertex -6.94896 -13.7468 11.7
      vertex -6.75339 -13.8465 13.3
      vertex -7.03694 -13.702 13.3
    endloop
  endfacet
  facet normal -0.453817 -0.891095 0
    outer loop
      vertex -7.23251 -13.6024 11.7
      vertex -7.03694 -13.702 13.3
      vertex -7.23251 -13.6024 13.3
    endloop
  endfacet
  facet normal -0.454179 -0.89091 -0
    outer loop
      vertex -6.75339 -13.8465 13.3
      vertex -6.94896 -13.7468 11.7
      vertex -6.75339 -13.8465 11.7
    endloop
  endfacet
  facet normal -0.453801 -0.891103 -2.49842e-06
    outer loop
      vertex -7.03694 -13.702 13.3
      vertex -7.23251 -13.6024 11.7
      vertex -6.94896 -13.7468 11.7
    endloop
  endfacet
  facet normal -0.484753 -0.874651 0
    outer loop
      vertex -7.70282 -13.3417 0
      vertex -7.51084 -13.4481 7.29999
      vertex -7.70282 -13.3417 7.29999
    endloop
  endfacet
  facet normal -0.484814 -0.874617 2.08945e-06
    outer loop
      vertex -7.23251 -13.6024 0
      vertex -7.51084 -13.4481 7.29999
      vertex -7.70282 -13.3417 0
    endloop
  endfacet
  facet normal -0.484856 -0.874594 0
    outer loop
      vertex -7.51084 -13.4481 7.29999
      vertex -7.23251 -13.6024 0
      vertex -7.23251 -13.6024 7.29999
    endloop
  endfacet
  facet normal -0.484842 -0.874602 0
    outer loop
      vertex -7.42448 -13.496 17.7
      vertex -7.70282 -13.3417 19.5
      vertex -7.70282 -13.3417 17.7
    endloop
  endfacet
  facet normal -0.484814 -0.874617 5.78045e-06
    outer loop
      vertex -7.70282 -13.3417 19.5
      vertex -7.42448 -13.496 17.7
      vertex -7.23251 -13.6024 19.5
    endloop
  endfacet
  facet normal -0.484772 -0.87464 -0
    outer loop
      vertex -7.23251 -13.6024 19.5
      vertex -7.42448 -13.496 17.7
      vertex -7.23251 -13.6024 17.7
    endloop
  endfacet
  facet normal -0.484753 -0.874651 -0
    outer loop
      vertex -7.70282 -13.3417 13.3
      vertex -7.70282 -13.3417 11.7
      vertex -7.51084 -13.4481 13.3
    endloop
  endfacet
  facet normal -0.484842 -0.874602 1.40182e-05
    outer loop
      vertex -7.42448 -13.496 11.7
      vertex -7.51084 -13.4481 13.3
      vertex -7.70282 -13.3417 11.7
    endloop
  endfacet
  facet normal -0.484856 -0.874594 1.30778e-05
    outer loop
      vertex -7.51084 -13.4481 13.3
      vertex -7.42448 -13.496 11.7
      vertex -7.23251 -13.6024 13.3
    endloop
  endfacet
  facet normal -0.484772 -0.87464 -0
    outer loop
      vertex -7.23251 -13.6024 13.3
      vertex -7.42448 -13.496 11.7
      vertex -7.23251 -13.6024 11.7
    endloop
  endfacet
  facet normal -0.422638 -0.906299 0
    outer loop
      vertex -6.46497 -13.981 17.7
      vertex -6.75339 -13.8465 19.5
      vertex -6.75339 -13.8465 17.7
    endloop
  endfacet
  facet normal -0.422534 -0.906347 2.01999e-05
    outer loop
      vertex -6.75339 -13.8465 19.5
      vertex -6.46497 -13.981 17.7
      vertex -6.26604 -14.0737 19.5
    endloop
  endfacet
  facet normal -0.422384 -0.906417 -0
    outer loop
      vertex -6.26604 -14.0737 19.5
      vertex -6.46497 -13.981 17.7
      vertex -6.26604 -14.0737 17.7
    endloop
  endfacet
  facet normal -0.422758 -0.906242 0
    outer loop
      vertex -6.75339 -13.8465 0
      vertex -6.55446 -13.9393 7.29999
      vertex -6.75339 -13.8465 7.29999
    endloop
  endfacet
  facet normal -0.422534 -0.906347 -7.43492e-06
    outer loop
      vertex -6.26604 -14.0737 0
      vertex -6.55446 -13.9393 7.29999
      vertex -6.75339 -13.8465 0
    endloop
  endfacet
  facet normal -0.42238 -0.906419 0
    outer loop
      vertex -6.55446 -13.9393 7.29999
      vertex -6.26604 -14.0737 0
      vertex -6.26604 -14.0737 7.29999
    endloop
  endfacet
  facet normal -0.422758 -0.906242 0
    outer loop
      vertex -6.75339 -13.8465 11.7
      vertex -6.55446 -13.9393 13.3
      vertex -6.75339 -13.8465 13.3
    endloop
  endfacet
  facet normal -0.422638 -0.906299 -1.82469e-05
    outer loop
      vertex -6.55446 -13.9393 13.3
      vertex -6.75339 -13.8465 11.7
      vertex -6.46497 -13.981 11.7
    endloop
  endfacet
  facet normal -0.42238 -0.906419 -6.71753e-07
    outer loop
      vertex -6.55446 -13.9393 13.3
      vertex -6.46497 -13.981 11.7
      vertex -6.26604 -14.0737 13.3
    endloop
  endfacet
  facet normal -0.422384 -0.906417 -0
    outer loop
      vertex -6.26604 -14.0737 13.3
      vertex -6.46497 -13.981 11.7
      vertex -6.26604 -14.0737 11.7
    endloop
  endfacet
  facet normal -0.681848 -0.731494 0
    outer loop
      vertex -10.4689 -11.2989 17.7
      vertex -10.7017 -11.0819 19.5
      vertex -10.7017 -11.0819 17.7
    endloop
  endfacet
  facet normal -0.68194 -0.731408 -2.2378e-05
    outer loop
      vertex -10.7017 -11.0819 19.5
      vertex -10.4689 -11.2989 17.7
      vertex -10.3084 -11.4486 19.5
    endloop
  endfacet
  facet normal -0.682075 -0.731283 -0
    outer loop
      vertex -10.3084 -11.4486 19.5
      vertex -10.4689 -11.2989 17.7
      vertex -10.3084 -11.4486 17.7
    endloop
  endfacet
  facet normal -0.681847 -0.731494 0
    outer loop
      vertex -10.7017 -11.0819 0
      vertex -10.5411 -11.2316 7.29999
      vertex -10.7017 -11.0819 7.29999
    endloop
  endfacet
  facet normal -0.68194 -0.731408 3.82379e-06
    outer loop
      vertex -10.3084 -11.4486 0
      vertex -10.5411 -11.2316 7.29999
      vertex -10.7017 -11.0819 0
    endloop
  endfacet
  facet normal -0.682005 -0.731348 0
    outer loop
      vertex -10.5411 -11.2316 7.29999
      vertex -10.3084 -11.4486 0
      vertex -10.3084 -11.4486 7.29999
    endloop
  endfacet
  facet normal -0.681847 -0.731494 0
    outer loop
      vertex -10.7017 -11.0819 11.7
      vertex -10.5411 -11.2316 13.3
      vertex -10.7017 -11.0819 13.3
    endloop
  endfacet
  facet normal -0.681848 -0.731494 7.85539e-08
    outer loop
      vertex -10.5411 -11.2316 13.3
      vertex -10.7017 -11.0819 11.7
      vertex -10.4689 -11.2989 11.7
    endloop
  endfacet
  facet normal -0.682005 -0.731348 -1.31412e-05
    outer loop
      vertex -10.5411 -11.2316 13.3
      vertex -10.4689 -11.2989 11.7
      vertex -10.3084 -11.4486 13.3
    endloop
  endfacet
  facet normal -0.682075 -0.731283 -0
    outer loop
      vertex -10.3084 -11.4486 13.3
      vertex -10.4689 -11.2989 11.7
      vertex -10.3084 -11.4486 11.7
    endloop
  endfacet
  facet normal -0.601821 -0.798631 0
    outer loop
      vertex -9.48466 -12.1398 0
      vertex -9.30936 -12.2719 7.29999
      vertex -9.48466 -12.1398 7.29999
    endloop
  endfacet
  facet normal -0.60179 -0.798655 -1.16828e-06
    outer loop
      vertex -9.0552 -12.4634 0
      vertex -9.30936 -12.2719 7.29999
      vertex -9.48466 -12.1398 0
    endloop
  endfacet
  facet normal -0.601768 -0.798671 0
    outer loop
      vertex -9.30936 -12.2719 7.29999
      vertex -9.0552 -12.4634 0
      vertex -9.0552 -12.4634 7.29999
    endloop
  endfacet
  facet normal -0.601768 -0.798671 0
    outer loop
      vertex -9.2305 -12.3313 17.7
      vertex -9.48466 -12.1398 19.5
      vertex -9.48466 -12.1398 17.7
    endloop
  endfacet
  facet normal -0.60179 -0.798655 -4.73803e-06
    outer loop
      vertex -9.48466 -12.1398 19.5
      vertex -9.2305 -12.3313 17.7
      vertex -9.0552 -12.4634 19.5
    endloop
  endfacet
  facet normal -0.601821 -0.798631 -0
    outer loop
      vertex -9.0552 -12.4634 19.5
      vertex -9.2305 -12.3313 17.7
      vertex -9.0552 -12.4634 17.7
    endloop
  endfacet
  facet normal -0.601821 -0.798631 0
    outer loop
      vertex -9.48466 -12.1398 11.7
      vertex -9.30936 -12.2719 13.3
      vertex -9.48466 -12.1398 13.3
    endloop
  endfacet
  facet normal -0.601768 -0.798671 -9.00688e-06
    outer loop
      vertex -9.30936 -12.2719 13.3
      vertex -9.48466 -12.1398 11.7
      vertex -9.2305 -12.3313 11.7
    endloop
  endfacet
  facet normal -0.601768 -0.798671 -9.00688e-06
    outer loop
      vertex -9.30936 -12.2719 13.3
      vertex -9.2305 -12.3313 11.7
      vertex -9.0552 -12.4634 13.3
    endloop
  endfacet
  facet normal -0.601821 -0.798631 -0
    outer loop
      vertex -9.0552 -12.4634 13.3
      vertex -9.2305 -12.3313 11.7
      vertex -9.0552 -12.4634 11.7
    endloop
  endfacet
  facet normal -0.754704 -0.656066 0
    outer loop
      vertex -11.8014 -9.90255 0
      vertex -11.6574 -10.0682 7.29999
      vertex -11.8014 -9.90255 7.29999
    endloop
  endfacet
  facet normal -0.75471 -0.656059 2.75116e-07
    outer loop
      vertex -11.4486 -10.3084 0
      vertex -11.6574 -10.0682 7.29999
      vertex -11.8014 -9.90255 0
    endloop
  endfacet
  facet normal -0.754714 -0.656054 0
    outer loop
      vertex -11.6574 -10.0682 7.29999
      vertex -11.4486 -10.3084 0
      vertex -11.4486 -10.3084 7.29999
    endloop
  endfacet
  facet normal -0.754646 -0.656132 0
    outer loop
      vertex -11.5926 -10.1427 17.7
      vertex -11.8014 -9.90255 19.5
      vertex -11.8014 -9.90255 17.7
    endloop
  endfacet
  facet normal -0.754802 -0.655953 -0
    outer loop
      vertex -11.4486 -10.3084 19.5
      vertex -11.5926 -10.1427 17.7
      vertex -11.4486 -10.3084 17.7
    endloop
  endfacet
  facet normal -0.75471 -0.656059 -1.71081e-05
    outer loop
      vertex -11.5926 -10.1427 17.7
      vertex -11.4486 -10.3084 19.5
      vertex -11.8014 -9.90255 19.5
    endloop
  endfacet
  facet normal -0.754704 -0.656066 0
    outer loop
      vertex -11.8014 -9.90255 11.7
      vertex -11.6574 -10.0682 13.3
      vertex -11.8014 -9.90255 13.3
    endloop
  endfacet
  facet normal -0.754646 -0.656132 -1.20197e-05
    outer loop
      vertex -11.5926 -10.1427 11.7
      vertex -11.6574 -10.0682 13.3
      vertex -11.8014 -9.90255 11.7
    endloop
  endfacet
  facet normal -0.754802 -0.655953 -0
    outer loop
      vertex -11.4486 -10.3084 13.3
      vertex -11.5926 -10.1427 11.7
      vertex -11.4486 -10.3084 11.7
    endloop
  endfacet
  facet normal -0.754714 -0.656054 -1.83808e-05
    outer loop
      vertex -11.5926 -10.1427 11.7
      vertex -11.4486 -10.3084 13.3
      vertex -11.6574 -10.0682 13.3
    endloop
  endfacet
  facet normal -0.890976 -0.454051 0
    outer loop
      vertex -13.702 -7.03694 17.7
      vertex -13.8465 -6.75339 19.5
      vertex -13.8465 -6.75339 17.7
    endloop
  endfacet
  facet normal -0.891095 -0.453817 -0
    outer loop
      vertex -13.6024 -7.23251 19.5
      vertex -13.702 -7.03694 17.7
      vertex -13.6024 -7.23251 17.7
    endloop
  endfacet
  facet normal -0.891024 -0.453955 -1.88916e-05
    outer loop
      vertex -13.702 -7.03694 17.7
      vertex -13.6024 -7.23251 19.5
      vertex -13.8465 -6.75339 19.5
    endloop
  endfacet
  facet normal -0.89091 -0.454179 0
    outer loop
      vertex -13.8465 -6.75339 0
      vertex -13.7468 -6.94896 7.29999
      vertex -13.8465 -6.75339 7.29999
    endloop
  endfacet
  facet normal -0.891024 -0.453955 7.54763e-06
    outer loop
      vertex -13.6024 -7.23251 0
      vertex -13.7468 -6.94896 7.29999
      vertex -13.8465 -6.75339 0
    endloop
  endfacet
  facet normal -0.891103 -0.453801 0
    outer loop
      vertex -13.7468 -6.94896 7.29999
      vertex -13.6024 -7.23251 0
      vertex -13.6024 -7.23251 7.29999
    endloop
  endfacet
  facet normal -0.89091 -0.454179 0
    outer loop
      vertex -13.8465 -6.75339 11.7
      vertex -13.7468 -6.94896 13.3
      vertex -13.8465 -6.75339 13.3
    endloop
  endfacet
  facet normal -0.890976 -0.454051 1.97763e-05
    outer loop
      vertex -13.702 -7.03694 11.7
      vertex -13.7468 -6.94896 13.3
      vertex -13.8465 -6.75339 11.7
    endloop
  endfacet
  facet normal -0.891095 -0.453817 -0
    outer loop
      vertex -13.6024 -7.23251 13.3
      vertex -13.702 -7.03694 11.7
      vertex -13.6024 -7.23251 11.7
    endloop
  endfacet
  facet normal -0.891103 -0.453801 2.49842e-06
    outer loop
      vertex -13.702 -7.03694 11.7
      vertex -13.6024 -7.23251 13.3
      vertex -13.7468 -6.94896 13.3
    endloop
  endfacet
  facet normal -0.87464 -0.484772 0
    outer loop
      vertex -13.6024 -7.23251 0
      vertex -13.496 -7.42448 7.29999
      vertex -13.6024 -7.23251 7.29999
    endloop
  endfacet
  facet normal -0.874617 -0.484814 -1.42532e-06
    outer loop
      vertex -13.3417 -7.70282 0
      vertex -13.496 -7.42448 7.29999
      vertex -13.6024 -7.23251 0
    endloop
  endfacet
  facet normal -0.874602 -0.484842 0
    outer loop
      vertex -13.496 -7.42448 7.29999
      vertex -13.3417 -7.70282 0
      vertex -13.3417 -7.70282 7.29999
    endloop
  endfacet
  facet normal -0.874594 -0.484856 0
    outer loop
      vertex -13.4481 -7.51084 17.7
      vertex -13.6024 -7.23251 19.5
      vertex -13.6024 -7.23251 17.7
    endloop
  endfacet
  facet normal -0.874651 -0.484753 -0
    outer loop
      vertex -13.3417 -7.70282 19.5
      vertex -13.4481 -7.51084 17.7
      vertex -13.3417 -7.70282 17.7
    endloop
  endfacet
  facet normal -0.874617 -0.484814 -8.47386e-06
    outer loop
      vertex -13.4481 -7.51084 17.7
      vertex -13.3417 -7.70282 19.5
      vertex -13.6024 -7.23251 19.5
    endloop
  endfacet
  facet normal -0.87464 -0.484772 0
    outer loop
      vertex -13.6024 -7.23251 11.7
      vertex -13.496 -7.42448 13.3
      vertex -13.6024 -7.23251 13.3
    endloop
  endfacet
  facet normal -0.874594 -0.484856 -1.30778e-05
    outer loop
      vertex -13.4481 -7.51084 11.7
      vertex -13.496 -7.42448 13.3
      vertex -13.6024 -7.23251 11.7
    endloop
  endfacet
  facet normal -0.874651 -0.484753 -0
    outer loop
      vertex -13.3417 -7.70282 13.3
      vertex -13.4481 -7.51084 11.7
      vertex -13.3417 -7.70282 11.7
    endloop
  endfacet
  facet normal -0.874602 -0.484842 -1.40182e-05
    outer loop
      vertex -13.4481 -7.51084 11.7
      vertex -13.3417 -7.70282 13.3
      vertex -13.496 -7.42448 13.3
    endloop
  endfacet
  facet normal -0.906419 -0.42238 0
    outer loop
      vertex -13.9393 -6.55446 17.7
      vertex -14.0737 -6.26604 19.5
      vertex -14.0737 -6.26604 17.7
    endloop
  endfacet
  facet normal -0.906242 -0.422758 -0
    outer loop
      vertex -13.8465 -6.75339 19.5
      vertex -13.9393 -6.55446 17.7
      vertex -13.8465 -6.75339 17.7
    endloop
  endfacet
  facet normal -0.906347 -0.422534 3.01527e-05
    outer loop
      vertex -13.9393 -6.55446 17.7
      vertex -13.8465 -6.75339 19.5
      vertex -14.0737 -6.26604 19.5
    endloop
  endfacet
  facet normal -0.906417 -0.422384 0
    outer loop
      vertex -14.0737 -6.26604 0
      vertex -13.981 -6.46497 7.29999
      vertex -14.0737 -6.26604 7.29999
    endloop
  endfacet
  facet normal -0.906347 -0.422534 -4.98081e-06
    outer loop
      vertex -13.8465 -6.75339 0
      vertex -13.981 -6.46497 7.29999
      vertex -14.0737 -6.26604 0
    endloop
  endfacet
  facet normal -0.906299 -0.422638 0
    outer loop
      vertex -13.981 -6.46497 7.29999
      vertex -13.8465 -6.75339 0
      vertex -13.8465 -6.75339 7.29999
    endloop
  endfacet
  facet normal -0.906417 -0.422384 0
    outer loop
      vertex -14.0737 -6.26604 11.7
      vertex -13.981 -6.46497 13.3
      vertex -14.0737 -6.26604 13.3
    endloop
  endfacet
  facet normal -0.906419 -0.42238 6.71753e-07
    outer loop
      vertex -13.9393 -6.55446 11.7
      vertex -13.981 -6.46497 13.3
      vertex -14.0737 -6.26604 11.7
    endloop
  endfacet
  facet normal -0.906242 -0.422758 -0
    outer loop
      vertex -13.8465 -6.75339 13.3
      vertex -13.9393 -6.55446 11.7
      vertex -13.8465 -6.75339 11.7
    endloop
  endfacet
  facet normal -0.906299 -0.422638 1.82469e-05
    outer loop
      vertex -13.9393 -6.55446 11.7
      vertex -13.8465 -6.75339 13.3
      vertex -13.981 -6.46497 13.3
    endloop
  endfacet
  facet normal -0.996207 -0.0870189 0
    outer loop
      vertex -15.3681 -1.07464 0
      vertex -15.349 -1.2933 7.29999
      vertex -15.3681 -1.07464 7.29999
    endloop
  endfacet
  facet normal -0.996189 -0.087217 -5.98014e-06
    outer loop
      vertex -15.3212 -1.61033 0
      vertex -15.349 -1.2933 7.29999
      vertex -15.3681 -1.07464 0
    endloop
  endfacet
  facet normal -0.996177 -0.0873537 0
    outer loop
      vertex -15.349 -1.2933 7.29999
      vertex -15.3212 -1.61033 0
      vertex -15.3212 -1.61033 7.29999
    endloop
  endfacet
  facet normal -0.996205 -0.0870418 0
    outer loop
      vertex -15.3404 -1.39167 17.7
      vertex -15.3681 -1.07464 19.5
      vertex -15.3681 -1.07464 17.7
    endloop
  endfacet
  facet normal -0.996167 -0.087471 -0
    outer loop
      vertex -15.3212 -1.61033 19.5
      vertex -15.3404 -1.39167 17.7
      vertex -15.3212 -1.61033 17.7
    endloop
  endfacet
  facet normal -0.996189 -0.087217 3.10911e-05
    outer loop
      vertex -15.3404 -1.39167 17.7
      vertex -15.3212 -1.61033 19.5
      vertex -15.3681 -1.07464 19.5
    endloop
  endfacet
  facet normal -0.996207 -0.0870189 0
    outer loop
      vertex -15.3681 -1.07464 11.7
      vertex -15.349 -1.2933 13.3
      vertex -15.3681 -1.07464 13.3
    endloop
  endfacet
  facet normal -0.996205 -0.0870418 -3.15998e-06
    outer loop
      vertex -15.3404 -1.39167 11.7
      vertex -15.349 -1.2933 13.3
      vertex -15.3681 -1.07464 11.7
    endloop
  endfacet
  facet normal -0.996167 -0.087471 -0
    outer loop
      vertex -15.3212 -1.61033 13.3
      vertex -15.3404 -1.39167 11.7
      vertex -15.3212 -1.61033 11.7
    endloop
  endfacet
  facet normal -0.996177 -0.0873537 1.61589e-05
    outer loop
      vertex -15.3404 -1.39167 11.7
      vertex -15.3212 -1.61033 13.3
      vertex -15.349 -1.2933 13.3
    endloop
  endfacet
  facet normal -0.99985 -0.0173126 0
    outer loop
      vertex -15.4056 0 0
      vertex -15.4018 -0.21946 7.29999
      vertex -15.4056 0 7.29999
    endloop
  endfacet
  facet normal -0.999847 -0.0174809 -5.05973e-06
    outer loop
      vertex -15.3962 -0.537648 0
      vertex -15.4018 -0.21946 7.29999
      vertex -15.4056 0 0
    endloop
  endfacet
  facet normal -0.999845 -0.0175969 0
    outer loop
      vertex -15.4018 -0.21946 7.29999
      vertex -15.3962 -0.537648 0
      vertex -15.3962 -0.537648 7.29999
    endloop
  endfacet
  facet normal -0.999851 -0.0172828 0
    outer loop
      vertex -15.4001 -0.318188 17.7
      vertex -15.4056 0 19.5
      vertex -15.4056 0 17.7
    endloop
  endfacet
  facet normal -0.999842 -0.0177681 -0
    outer loop
      vertex -15.3962 -0.537648 19.5
      vertex -15.4001 -0.318188 17.7
      vertex -15.3962 -0.537648 17.7
    endloop
  endfacet
  facet normal -0.999847 -0.0174809 3.50271e-05
    outer loop
      vertex -15.4001 -0.318188 17.7
      vertex -15.3962 -0.537648 19.5
      vertex -15.4056 0 19.5
    endloop
  endfacet
  facet normal -0.99985 -0.0173126 0
    outer loop
      vertex -15.4056 0 11.7
      vertex -15.4018 -0.21946 13.3
      vertex -15.4056 0 13.3
    endloop
  endfacet
  facet normal -0.999851 -0.0172828 4.09367e-06
    outer loop
      vertex -15.4001 -0.318188 11.7
      vertex -15.4018 -0.21946 13.3
      vertex -15.4056 0 11.7
    endloop
  endfacet
  facet normal -0.999842 -0.0177681 -0
    outer loop
      vertex -15.3962 -0.537648 13.3
      vertex -15.4001 -0.318188 11.7
      vertex -15.3962 -0.537648 11.7
    endloop
  endfacet
  facet normal -0.999845 -0.0175969 2.34833e-05
    outer loop
      vertex -15.4001 -0.318188 11.7
      vertex -15.3962 -0.537648 13.3
      vertex -15.4018 -0.21946 13.3
    endloop
  endfacet
  facet normal -0.974346 -0.225056 0
    outer loop
      vertex -15.069 -3.20301 0
      vertex -15.0196 -3.41688 7.29999
      vertex -15.069 -3.20301 7.29999
    endloop
  endfacet
  facet normal -0.974355 -0.225016 1.23806e-06
    outer loop
      vertex -14.948 -3.72696 0
      vertex -15.0196 -3.41688 7.29999
      vertex -15.069 -3.20301 0
    endloop
  endfacet
  facet normal -0.974362 -0.224988 0
    outer loop
      vertex -15.0196 -3.41688 7.29999
      vertex -14.948 -3.72696 0
      vertex -14.948 -3.72696 7.29999
    endloop
  endfacet
  facet normal -0.974362 -0.224988 0
    outer loop
      vertex -14.9974 -3.51309 17.7
      vertex -15.069 -3.20301 19.5
      vertex -15.069 -3.20301 17.7
    endloop
  endfacet
  facet normal -0.974346 -0.225056 -0
    outer loop
      vertex -14.948 -3.72696 19.5
      vertex -14.9974 -3.51309 17.7
      vertex -14.948 -3.72696 17.7
    endloop
  endfacet
  facet normal -0.974355 -0.225016 5.02101e-06
    outer loop
      vertex -14.9974 -3.51309 17.7
      vertex -14.948 -3.72696 19.5
      vertex -15.069 -3.20301 19.5
    endloop
  endfacet
  facet normal -0.974346 -0.225056 0
    outer loop
      vertex -15.069 -3.20301 11.7
      vertex -15.0196 -3.41688 13.3
      vertex -15.069 -3.20301 13.3
    endloop
  endfacet
  facet normal -0.974362 -0.224988 9.54471e-06
    outer loop
      vertex -14.9974 -3.51309 11.7
      vertex -15.0196 -3.41688 13.3
      vertex -15.069 -3.20301 11.7
    endloop
  endfacet
  facet normal -0.974346 -0.225056 -0
    outer loop
      vertex -14.948 -3.72696 13.3
      vertex -14.9974 -3.51309 11.7
      vertex -14.948 -3.72696 11.7
    endloop
  endfacet
  facet normal -0.974362 -0.224988 9.54471e-06
    outer loop
      vertex -14.9974 -3.51309 11.7
      vertex -14.948 -3.72696 13.3
      vertex -15.0196 -3.41688 13.3
    endloop
  endfacet
  facet normal -0.945605 -0.325317 0
    outer loop
      vertex -14.6516 -4.7606 0
      vertex -14.5802 -4.96814 7.29999
      vertex -14.6516 -4.7606 7.29999
    endloop
  endfacet
  facet normal -0.945559 -0.325452 -4.30132e-06
    outer loop
      vertex -14.4766 -5.26904 0
      vertex -14.5802 -4.96814 7.29999
      vertex -14.6516 -4.7606 0
    endloop
  endfacet
  facet normal -0.945526 -0.325545 0
    outer loop
      vertex -14.5802 -4.96814 7.29999
      vertex -14.4766 -5.26904 0
      vertex -14.4766 -5.26904 7.29999
    endloop
  endfacet
  facet normal -0.945526 -0.325545 0
    outer loop
      vertex -14.548 -5.0615 17.7
      vertex -14.6516 -4.7606 19.5
      vertex -14.6516 -4.7606 17.7
    endloop
  endfacet
  facet normal -0.945605 -0.325317 -0
    outer loop
      vertex -14.4766 -5.26904 19.5
      vertex -14.548 -5.0615 17.7
      vertex -14.4766 -5.26904 17.7
    endloop
  endfacet
  facet normal -0.945559 -0.325452 -1.74442e-05
    outer loop
      vertex -14.548 -5.0615 17.7
      vertex -14.4766 -5.26904 19.5
      vertex -14.6516 -4.7606 19.5
    endloop
  endfacet
  facet normal -0.945605 -0.325317 0
    outer loop
      vertex -14.6516 -4.7606 11.7
      vertex -14.5802 -4.96814 13.3
      vertex -14.6516 -4.7606 13.3
    endloop
  endfacet
  facet normal -0.945526 -0.325545 -3.31594e-05
    outer loop
      vertex -14.548 -5.0615 11.7
      vertex -14.5802 -4.96814 13.3
      vertex -14.6516 -4.7606 11.7
    endloop
  endfacet
  facet normal -0.945605 -0.325317 -0
    outer loop
      vertex -14.4766 -5.26904 13.3
      vertex -14.548 -5.0615 11.7
      vertex -14.4766 -5.26904 11.7
    endloop
  endfacet
  facet normal -0.945526 -0.325545 -3.31594e-05
    outer loop
      vertex -14.548 -5.0615 11.7
      vertex -14.4766 -5.26904 13.3
      vertex -14.5802 -4.96814 13.3
    endloop
  endfacet
  facet normal 0.190741 -0.98164 0
    outer loop
      vertex 2.98755 -15.1109 17.7
      vertex 2.67516 -15.1716 19.5
      vertex 2.67516 -15.1716 17.7
    endloop
  endfacet
  facet normal 0.190802 -0.981628 1.10744e-05
    outer loop
      vertex 2.67516 -15.1716 19.5
      vertex 2.98755 -15.1109 17.7
      vertex 3.20301 -15.069 19.5
    endloop
  endfacet
  facet normal 0.190892 -0.981611 0
    outer loop
      vertex 3.20301 -15.069 17.7
      vertex 3.20301 -15.069 19.5
      vertex 2.98755 -15.1109 17.7
    endloop
  endfacet
  facet normal 0.190892 -0.981611 0
    outer loop
      vertex 2.67516 -15.1716 7.29999
      vertex 2.67516 -15.1716 0
      vertex 2.89062 -15.1297 7.29999
    endloop
  endfacet
  facet normal 0.190741 -0.98164 0
    outer loop
      vertex 3.20301 -15.069 0
      vertex 3.20301 -15.069 7.29999
      vertex 2.89062 -15.1297 7.29999
    endloop
  endfacet
  facet normal 0.190802 -0.981628 2.73067e-06
    outer loop
      vertex 3.20301 -15.069 0
      vertex 2.89062 -15.1297 7.29999
      vertex 2.67516 -15.1716 0
    endloop
  endfacet
  facet normal 0.190892 -0.981611 0
    outer loop
      vertex 2.67516 -15.1716 11.7
      vertex 2.89062 -15.1297 13.3
      vertex 2.67516 -15.1716 13.3
    endloop
  endfacet
  facet normal 0.190741 -0.98164 2.10518e-05
    outer loop
      vertex 2.89062 -15.1297 13.3
      vertex 2.98755 -15.1109 11.7
      vertex 3.20301 -15.069 13.3
    endloop
  endfacet
  facet normal 0.190741 -0.98164 2.10518e-05
    outer loop
      vertex 2.89062 -15.1297 13.3
      vertex 2.67516 -15.1716 11.7
      vertex 2.98755 -15.1109 11.7
    endloop
  endfacet
  facet normal 0.190892 -0.981611 0
    outer loop
      vertex 3.20301 -15.069 11.7
      vertex 3.20301 -15.069 13.3
      vertex 2.98755 -15.1109 11.7
    endloop
  endfacet
  facet normal 0.0519385 -0.99865 0
    outer loop
      vertex 0.537648 -15.3962 0
      vertex 0.756842 -15.3848 7.29999
      vertex 0.537648 -15.3962 7.29999
    endloop
  endfacet
  facet normal 0.052257 -0.998634 -9.58949e-06
    outer loop
      vertex 1.07464 -15.3681 0
      vertex 0.756842 -15.3848 7.29999
      vertex 0.537648 -15.3962 0
    endloop
  endfacet
  facet normal 0.0524767 -0.998622 0
    outer loop
      vertex 0.756842 -15.3848 7.29999
      vertex 1.07464 -15.3681 0
      vertex 1.07464 -15.3681 7.29999
    endloop
  endfacet
  facet normal 0.052163 -0.998639 0
    outer loop
      vertex 0.855448 -15.3796 17.7
      vertex 0.537648 -15.3962 19.5
      vertex 0.537648 -15.3962 17.7
    endloop
  endfacet
  facet normal 0.052257 -0.998634 1.6647e-05
    outer loop
      vertex 0.537648 -15.3962 19.5
      vertex 0.855448 -15.3796 17.7
      vertex 1.07464 -15.3681 19.5
    endloop
  endfacet
  facet normal 0.0523934 -0.998627 0
    outer loop
      vertex 1.07464 -15.3681 19.5
      vertex 0.855448 -15.3796 17.7
      vertex 1.07464 -15.3681 17.7
    endloop
  endfacet
  facet normal 0.0519385 -0.99865 0
    outer loop
      vertex 0.537648 -15.3962 13.3
      vertex 0.537648 -15.3962 11.7
      vertex 0.756842 -15.3848 13.3
    endloop
  endfacet
  facet normal 0.052163 -0.998639 -3.08351e-05
    outer loop
      vertex 0.855448 -15.3796 11.7
      vertex 0.756842 -15.3848 13.3
      vertex 0.537648 -15.3962 11.7
    endloop
  endfacet
  facet normal 0.0524767 -0.998622 -1.14486e-05
    outer loop
      vertex 0.756842 -15.3848 13.3
      vertex 0.855448 -15.3796 11.7
      vertex 1.07464 -15.3681 13.3
    endloop
  endfacet
  facet normal 0.0523934 -0.998627 0
    outer loop
      vertex 1.07464 -15.3681 13.3
      vertex 0.855448 -15.3796 11.7
      vertex 1.07464 -15.3681 11.7
    endloop
  endfacet
  facet normal 0.258629 -0.965977 0
    outer loop
      vertex 4.03435 -14.8657 17.7
      vertex 3.72696 -14.948 19.5
      vertex 3.72696 -14.948 17.7
    endloop
  endfacet
  facet normal 0.258862 -0.965914 4.26115e-05
    outer loop
      vertex 3.72696 -14.948 19.5
      vertex 4.03435 -14.8657 17.7
      vertex 4.24637 -14.8088 19.5
    endloop
  endfacet
  facet normal 0.259199 -0.965824 0
    outer loop
      vertex 4.24637 -14.8088 19.5
      vertex 4.03435 -14.8657 17.7
      vertex 4.24637 -14.8088 17.7
    endloop
  endfacet
  facet normal 0.258774 -0.965938 0
    outer loop
      vertex 3.72696 -14.948 0
      vertex 3.93898 -14.8912 7.29999
      vertex 3.72696 -14.948 7.29999
    endloop
  endfacet
  facet normal 0.258862 -0.965914 -2.72476e-06
    outer loop
      vertex 4.24637 -14.8088 0
      vertex 3.93898 -14.8912 7.29999
      vertex 3.72696 -14.948 0
    endloop
  endfacet
  facet normal 0.258922 -0.965898 0
    outer loop
      vertex 3.93898 -14.8912 7.29999
      vertex 4.24637 -14.8088 0
      vertex 4.24637 -14.8088 7.29999
    endloop
  endfacet
  facet normal 0.258774 -0.965938 0
    outer loop
      vertex 3.72696 -14.948 11.7
      vertex 3.93898 -14.8912 13.3
      vertex 3.72696 -14.948 13.3
    endloop
  endfacet
  facet normal 0.258629 -0.965977 2.06345e-05
    outer loop
      vertex 3.93898 -14.8912 13.3
      vertex 3.72696 -14.948 11.7
      vertex 4.03435 -14.8657 11.7
    endloop
  endfacet
  facet normal 0.258922 -0.965898 3.93627e-05
    outer loop
      vertex 3.93898 -14.8912 13.3
      vertex 4.03435 -14.8657 11.7
      vertex 4.24637 -14.8088 13.3
    endloop
  endfacet
  facet normal 0.259199 -0.965824 0
    outer loop
      vertex 4.24637 -14.8088 13.3
      vertex 4.03435 -14.8657 11.7
      vertex 4.24637 -14.8088 11.7
    endloop
  endfacet
  facet normal 0.601821 -0.798631 0
    outer loop
      vertex 9.0552 -12.4634 0
      vertex 9.2305 -12.3313 7.29999
      vertex 9.0552 -12.4634 7.29999
    endloop
  endfacet
  facet normal 0.60179 -0.798655 1.16828e-06
    outer loop
      vertex 9.48466 -12.1398 0
      vertex 9.2305 -12.3313 7.29999
      vertex 9.0552 -12.4634 0
    endloop
  endfacet
  facet normal 0.601768 -0.798671 0
    outer loop
      vertex 9.2305 -12.3313 7.29999
      vertex 9.48466 -12.1398 0
      vertex 9.48466 -12.1398 7.29999
    endloop
  endfacet
  facet normal 0.60179 -0.798655 4.73803e-06
    outer loop
      vertex 9.0552 -12.4634 19.5
      vertex 9.30936 -12.2719 17.7
      vertex 9.48466 -12.1398 19.5
    endloop
  endfacet
  facet normal 0.601768 -0.798671 0
    outer loop
      vertex 9.30936 -12.2719 17.7
      vertex 9.0552 -12.4634 19.5
      vertex 9.0552 -12.4634 17.7
    endloop
  endfacet
  facet normal 0.601821 -0.798631 0
    outer loop
      vertex 9.48466 -12.1398 19.5
      vertex 9.30936 -12.2719 17.7
      vertex 9.48466 -12.1398 17.7
    endloop
  endfacet
  facet normal 0.601821 -0.798631 0
    outer loop
      vertex 9.0552 -12.4634 11.7
      vertex 9.2305 -12.3313 13.3
      vertex 9.0552 -12.4634 13.3
    endloop
  endfacet
  facet normal 0.601768 -0.798671 9.00688e-06
    outer loop
      vertex 9.2305 -12.3313 13.3
      vertex 9.0552 -12.4634 11.7
      vertex 9.30936 -12.2719 11.7
    endloop
  endfacet
  facet normal 0.601768 -0.798671 9.00688e-06
    outer loop
      vertex 9.2305 -12.3313 13.3
      vertex 9.30936 -12.2719 11.7
      vertex 9.48466 -12.1398 13.3
    endloop
  endfacet
  facet normal 0.601821 -0.798631 0
    outer loop
      vertex 9.48466 -12.1398 13.3
      vertex 9.30936 -12.2719 11.7
      vertex 9.48466 -12.1398 11.7
    endloop
  endfacet
  facet normal 0.798671 -0.601768 0
    outer loop
      vertex 12.2719 -9.30936 7.29999
      vertex 12.4634 -9.0552 0
      vertex 12.4634 -9.0552 7.29999
    endloop
  endfacet
  facet normal 0.798631 -0.601821 0
    outer loop
      vertex 12.1398 -9.48466 0
      vertex 12.2719 -9.30936 7.29999
      vertex 12.1398 -9.48466 7.29999
    endloop
  endfacet
  facet normal 0.798655 -0.60179 -1.16828e-06
    outer loop
      vertex 12.2719 -9.30936 7.29999
      vertex 12.1398 -9.48466 0
      vertex 12.4634 -9.0552 0
    endloop
  endfacet
  facet normal 0.798631 -0.601821 0
    outer loop
      vertex 12.4634 -9.0552 19.5
      vertex 12.3313 -9.2305 17.7
      vertex 12.4634 -9.0552 17.7
    endloop
  endfacet
  facet normal 0.798655 -0.60179 -4.73803e-06
    outer loop
      vertex 12.1398 -9.48466 19.5
      vertex 12.3313 -9.2305 17.7
      vertex 12.4634 -9.0552 19.5
    endloop
  endfacet
  facet normal 0.798671 -0.601768 0
    outer loop
      vertex 12.3313 -9.2305 17.7
      vertex 12.1398 -9.48466 19.5
      vertex 12.1398 -9.48466 17.7
    endloop
  endfacet
  facet normal 0.798631 -0.601821 0
    outer loop
      vertex 12.4634 -9.0552 13.3
      vertex 12.3313 -9.2305 11.7
      vertex 12.4634 -9.0552 11.7
    endloop
  endfacet
  facet normal 0.798671 -0.601768 -9.00688e-06
    outer loop
      vertex 12.2719 -9.30936 13.3
      vertex 12.3313 -9.2305 11.7
      vertex 12.4634 -9.0552 13.3
    endloop
  endfacet
  facet normal 0.798631 -0.601821 0
    outer loop
      vertex 12.1398 -9.48466 11.7
      vertex 12.2719 -9.30936 13.3
      vertex 12.1398 -9.48466 13.3
    endloop
  endfacet
  facet normal 0.798671 -0.601768 -9.00688e-06
    outer loop
      vertex 12.2719 -9.30936 13.3
      vertex 12.1398 -9.48466 11.7
      vertex 12.3313 -9.2305 11.7
    endloop
  endfacet
  facet normal 0.754646 -0.656132 0
    outer loop
      vertex 11.5926 -10.1427 7.29999
      vertex 11.8014 -9.90255 0
      vertex 11.8014 -9.90255 7.29999
    endloop
  endfacet
  facet normal 0.754802 -0.655953 0
    outer loop
      vertex 11.4486 -10.3084 0
      vertex 11.5926 -10.1427 7.29999
      vertex 11.4486 -10.3084 7.29999
    endloop
  endfacet
  facet normal 0.75471 -0.656059 4.21845e-06
    outer loop
      vertex 11.5926 -10.1427 7.29999
      vertex 11.4486 -10.3084 0
      vertex 11.8014 -9.90255 0
    endloop
  endfacet
  facet normal 0.754704 -0.656066 0
    outer loop
      vertex 11.8014 -9.90255 19.5
      vertex 11.6574 -10.0682 17.7
      vertex 11.8014 -9.90255 17.7
    endloop
  endfacet
  facet normal 0.75471 -0.656059 -1.11575e-06
    outer loop
      vertex 11.4486 -10.3084 19.5
      vertex 11.6574 -10.0682 17.7
      vertex 11.8014 -9.90255 19.5
    endloop
  endfacet
  facet normal 0.754714 -0.656054 0
    outer loop
      vertex 11.6574 -10.0682 17.7
      vertex 11.4486 -10.3084 19.5
      vertex 11.4486 -10.3084 17.7
    endloop
  endfacet
  facet normal 0.754704 -0.656066 0
    outer loop
      vertex 11.8014 -9.90255 13.3
      vertex 11.6574 -10.0682 11.7
      vertex 11.8014 -9.90255 11.7
    endloop
  endfacet
  facet normal 0.754646 -0.656132 1.20197e-05
    outer loop
      vertex 11.5926 -10.1427 13.3
      vertex 11.6574 -10.0682 11.7
      vertex 11.8014 -9.90255 13.3
    endloop
  endfacet
  facet normal 0.754802 -0.655953 0
    outer loop
      vertex 11.4486 -10.3084 11.7
      vertex 11.5926 -10.1427 13.3
      vertex 11.4486 -10.3084 13.3
    endloop
  endfacet
  facet normal 0.754714 -0.656054 1.83808e-05
    outer loop
      vertex 11.5926 -10.1427 13.3
      vertex 11.4486 -10.3084 11.7
      vertex 11.6574 -10.0682 11.7
    endloop
  endfacet
  facet normal 0.890976 -0.454051 0
    outer loop
      vertex 13.702 -7.03694 7.29999
      vertex 13.8465 -6.75339 0
      vertex 13.8465 -6.75339 7.29999
    endloop
  endfacet
  facet normal 0.891095 -0.453817 0
    outer loop
      vertex 13.6024 -7.23251 0
      vertex 13.702 -7.03694 7.29999
      vertex 13.6024 -7.23251 7.29999
    endloop
  endfacet
  facet normal 0.891024 -0.453955 4.6582e-06
    outer loop
      vertex 13.702 -7.03694 7.29999
      vertex 13.6024 -7.23251 0
      vertex 13.8465 -6.75339 0
    endloop
  endfacet
  facet normal 0.89091 -0.454179 0
    outer loop
      vertex 13.8465 -6.75339 19.5
      vertex 13.7468 -6.94896 17.7
      vertex 13.8465 -6.75339 17.7
    endloop
  endfacet
  facet normal 0.891024 -0.453955 -3.06098e-05
    outer loop
      vertex 13.6024 -7.23251 19.5
      vertex 13.7468 -6.94896 17.7
      vertex 13.8465 -6.75339 19.5
    endloop
  endfacet
  facet normal 0.891103 -0.453801 0
    outer loop
      vertex 13.7468 -6.94896 17.7
      vertex 13.6024 -7.23251 19.5
      vertex 13.6024 -7.23251 17.7
    endloop
  endfacet
  facet normal 0.89091 -0.454179 0
    outer loop
      vertex 13.8465 -6.75339 13.3
      vertex 13.7468 -6.94896 11.7
      vertex 13.8465 -6.75339 11.7
    endloop
  endfacet
  facet normal 0.890976 -0.454051 -1.97763e-05
    outer loop
      vertex 13.702 -7.03694 13.3
      vertex 13.7468 -6.94896 11.7
      vertex 13.8465 -6.75339 13.3
    endloop
  endfacet
  facet normal 0.891095 -0.453817 0
    outer loop
      vertex 13.6024 -7.23251 11.7
      vertex 13.702 -7.03694 13.3
      vertex 13.6024 -7.23251 13.3
    endloop
  endfacet
  facet normal 0.891103 -0.453801 -2.49842e-06
    outer loop
      vertex 13.702 -7.03694 13.3
      vertex 13.6024 -7.23251 11.7
      vertex 13.7468 -6.94896 11.7
    endloop
  endfacet
  facet normal 0.999851 -0.0172828 0
    outer loop
      vertex 15.4001 -0.318188 7.29999
      vertex 15.4056 0 0
      vertex 15.4056 0 7.29999
    endloop
  endfacet
  facet normal 0.999842 -0.0177681 0
    outer loop
      vertex 15.3962 -0.537648 0
      vertex 15.4001 -0.318188 7.29999
      vertex 15.3962 -0.537648 7.29999
    endloop
  endfacet
  facet normal 0.999847 -0.0174809 -8.63682e-06
    outer loop
      vertex 15.4001 -0.318188 7.29999
      vertex 15.3962 -0.537648 0
      vertex 15.4056 0 0
    endloop
  endfacet
  facet normal 0.99985 -0.0173126 0
    outer loop
      vertex 15.4056 0 19.5
      vertex 15.4018 -0.21946 17.7
      vertex 15.4056 0 17.7
    endloop
  endfacet
  facet normal 0.999847 -0.0174809 2.052e-05
    outer loop
      vertex 15.3962 -0.537648 19.5
      vertex 15.4018 -0.21946 17.7
      vertex 15.4056 0 19.5
    endloop
  endfacet
  facet normal 0.999845 -0.0175969 0
    outer loop
      vertex 15.4018 -0.21946 17.7
      vertex 15.3962 -0.537648 19.5
      vertex 15.3962 -0.537648 17.7
    endloop
  endfacet
  facet normal 0.99985 -0.0173126 0
    outer loop
      vertex 15.4056 0 13.3
      vertex 15.4018 -0.21946 11.7
      vertex 15.4056 0 11.7
    endloop
  endfacet
  facet normal 0.999851 -0.0172828 -4.09367e-06
    outer loop
      vertex 15.4001 -0.318188 13.3
      vertex 15.4018 -0.21946 11.7
      vertex 15.4056 0 13.3
    endloop
  endfacet
  facet normal 0.999842 -0.0177681 0
    outer loop
      vertex 15.3962 -0.537648 11.7
      vertex 15.4001 -0.318188 13.3
      vertex 15.3962 -0.537648 13.3
    endloop
  endfacet
  facet normal 0.999845 -0.0175969 -2.34833e-05
    outer loop
      vertex 15.4001 -0.318188 13.3
      vertex 15.3962 -0.537648 11.7
      vertex 15.4018 -0.21946 11.7
    endloop
  endfacet
  facet normal 0.974346 -0.225056 0
    outer loop
      vertex 15.069 -3.20301 19.5
      vertex 15.0196 -3.41688 17.7
      vertex 15.069 -3.20301 17.7
    endloop
  endfacet
  facet normal 0.974355 -0.225016 -5.02101e-06
    outer loop
      vertex 14.948 -3.72696 19.5
      vertex 15.0196 -3.41688 17.7
      vertex 15.069 -3.20301 19.5
    endloop
  endfacet
  facet normal 0.974362 -0.224988 0
    outer loop
      vertex 15.0196 -3.41688 17.7
      vertex 14.948 -3.72696 19.5
      vertex 14.948 -3.72696 17.7
    endloop
  endfacet
  facet normal 0.974362 -0.224988 0
    outer loop
      vertex 14.9974 -3.51309 7.29999
      vertex 15.069 -3.20301 0
      vertex 15.069 -3.20301 7.29999
    endloop
  endfacet
  facet normal 0.974346 -0.225056 0
    outer loop
      vertex 14.948 -3.72696 0
      vertex 14.9974 -3.51309 7.29999
      vertex 14.948 -3.72696 7.29999
    endloop
  endfacet
  facet normal 0.974355 -0.225016 -1.23806e-06
    outer loop
      vertex 14.9974 -3.51309 7.29999
      vertex 14.948 -3.72696 0
      vertex 15.069 -3.20301 0
    endloop
  endfacet
  facet normal 0.974346 -0.225056 0
    outer loop
      vertex 15.069 -3.20301 13.3
      vertex 15.0196 -3.41688 11.7
      vertex 15.069 -3.20301 11.7
    endloop
  endfacet
  facet normal 0.974362 -0.224988 -9.54471e-06
    outer loop
      vertex 14.9974 -3.51309 13.3
      vertex 15.0196 -3.41688 11.7
      vertex 15.069 -3.20301 13.3
    endloop
  endfacet
  facet normal 0.974346 -0.225056 0
    outer loop
      vertex 14.948 -3.72696 11.7
      vertex 14.9974 -3.51309 13.3
      vertex 14.948 -3.72696 13.3
    endloop
  endfacet
  facet normal 0.974362 -0.224988 -9.54471e-06
    outer loop
      vertex 14.9974 -3.51309 13.3
      vertex 14.948 -3.72696 11.7
      vertex 15.0196 -3.41688 11.7
    endloop
  endfacet
  facet normal -0.325317 -0.945605 -0
    outer loop
      vertex -5.26904 -14.4766 7.29999
      vertex -5.26904 -14.4766 0
      vertex -5.0615 -14.548 7.29999
    endloop
  endfacet
  facet normal -0.325452 -0.945559 4.30132e-06
    outer loop
      vertex -4.7606 -14.6516 0
      vertex -5.0615 -14.548 7.29999
      vertex -5.26904 -14.4766 0
    endloop
  endfacet
  facet normal -0.325545 -0.945526 0
    outer loop
      vertex -5.0615 -14.548 7.29999
      vertex -4.7606 -14.6516 0
      vertex -4.7606 -14.6516 7.29999
    endloop
  endfacet
  facet normal -0.325452 -0.945559 1.74442e-05
    outer loop
      vertex -5.26904 -14.4766 19.5
      vertex -4.96814 -14.5802 17.7
      vertex -4.7606 -14.6516 19.5
    endloop
  endfacet
  facet normal -0.325545 -0.945526 -0
    outer loop
      vertex -5.26904 -14.4766 19.5
      vertex -5.26904 -14.4766 17.7
      vertex -4.96814 -14.5802 17.7
    endloop
  endfacet
  facet normal -0.325317 -0.945605 -0
    outer loop
      vertex -4.7606 -14.6516 19.5
      vertex -4.96814 -14.5802 17.7
      vertex -4.7606 -14.6516 17.7
    endloop
  endfacet
  facet normal -0.325317 -0.945605 -0
    outer loop
      vertex -5.26904 -14.4766 13.3
      vertex -5.26904 -14.4766 11.7
      vertex -5.0615 -14.548 13.3
    endloop
  endfacet
  facet normal -0.325545 -0.945526 3.31594e-05
    outer loop
      vertex -5.0615 -14.548 13.3
      vertex -4.96814 -14.5802 11.7
      vertex -4.7606 -14.6516 13.3
    endloop
  endfacet
  facet normal -0.325545 -0.945526 3.31594e-05
    outer loop
      vertex -5.0615 -14.548 13.3
      vertex -5.26904 -14.4766 11.7
      vertex -4.96814 -14.5802 11.7
    endloop
  endfacet
  facet normal -0.325317 -0.945605 -0
    outer loop
      vertex -4.7606 -14.6516 13.3
      vertex -4.96814 -14.5802 11.7
      vertex -4.7606 -14.6516 11.7
    endloop
  endfacet
  facet normal -0.224988 -0.974362 0
    outer loop
      vertex -3.41688 -15.0196 17.7
      vertex -3.72696 -14.948 19.5
      vertex -3.72696 -14.948 17.7
    endloop
  endfacet
  facet normal -0.225016 -0.974355 -5.02101e-06
    outer loop
      vertex -3.72696 -14.948 19.5
      vertex -3.41688 -15.0196 17.7
      vertex -3.20301 -15.069 19.5
    endloop
  endfacet
  facet normal -0.225056 -0.974346 -0
    outer loop
      vertex -3.20301 -15.069 19.5
      vertex -3.41688 -15.0196 17.7
      vertex -3.20301 -15.069 17.7
    endloop
  endfacet
  facet normal -0.225056 -0.974346 -0
    outer loop
      vertex -3.72696 -14.948 7.29999
      vertex -3.72696 -14.948 0
      vertex -3.51309 -14.9974 7.29999
    endloop
  endfacet
  facet normal -0.225016 -0.974355 -1.23806e-06
    outer loop
      vertex -3.20301 -15.069 0
      vertex -3.51309 -14.9974 7.29999
      vertex -3.72696 -14.948 0
    endloop
  endfacet
  facet normal -0.224988 -0.974362 0
    outer loop
      vertex -3.51309 -14.9974 7.29999
      vertex -3.20301 -15.069 0
      vertex -3.20301 -15.069 7.29999
    endloop
  endfacet
  facet normal -0.225056 -0.974346 -0
    outer loop
      vertex -3.72696 -14.948 13.3
      vertex -3.72696 -14.948 11.7
      vertex -3.51309 -14.9974 13.3
    endloop
  endfacet
  facet normal -0.224988 -0.974362 -9.54471e-06
    outer loop
      vertex -3.51309 -14.9974 13.3
      vertex -3.72696 -14.948 11.7
      vertex -3.41688 -15.0196 11.7
    endloop
  endfacet
  facet normal -0.224988 -0.974362 -9.54471e-06
    outer loop
      vertex -3.51309 -14.9974 13.3
      vertex -3.41688 -15.0196 11.7
      vertex -3.20301 -15.069 13.3
    endloop
  endfacet
  facet normal -0.225056 -0.974346 -0
    outer loop
      vertex -3.20301 -15.069 13.3
      vertex -3.41688 -15.0196 11.7
      vertex -3.20301 -15.069 11.7
    endloop
  endfacet
  facet normal -0.0177681 -0.999842 0
    outer loop
      vertex -0.537648 -15.3962 0
      vertex -0.318188 -15.4001 7.29999
      vertex -0.537648 -15.3962 7.29999
    endloop
  endfacet
  facet normal -0.0174809 -0.999847 -8.63682e-06
    outer loop
      vertex 0 -15.4056 0
      vertex -0.318188 -15.4001 7.29999
      vertex -0.537648 -15.3962 0
    endloop
  endfacet
  facet normal -0.0172828 -0.999851 0
    outer loop
      vertex -0.318188 -15.4001 7.29999
      vertex 0 -15.4056 0
      vertex 0 -15.4056 7.29999
    endloop
  endfacet
  facet normal -0.0175969 -0.999845 0
    outer loop
      vertex -0.21946 -15.4018 17.7
      vertex -0.537648 -15.3962 19.5
      vertex -0.537648 -15.3962 17.7
    endloop
  endfacet
  facet normal -0.0174809 -0.999847 2.052e-05
    outer loop
      vertex -0.537648 -15.3962 19.5
      vertex -0.21946 -15.4018 17.7
      vertex 0 -15.4056 19.5
    endloop
  endfacet
  facet normal -0.0173126 -0.99985 -0
    outer loop
      vertex 0 -15.4056 19.5
      vertex -0.21946 -15.4018 17.7
      vertex 0 -15.4056 17.7
    endloop
  endfacet
  facet normal -0.0177681 -0.999842 -0
    outer loop
      vertex -0.537648 -15.3962 13.3
      vertex -0.537648 -15.3962 11.7
      vertex -0.318188 -15.4001 13.3
    endloop
  endfacet
  facet normal -0.0175969 -0.999845 -2.34833e-05
    outer loop
      vertex -0.318188 -15.4001 13.3
      vertex -0.537648 -15.3962 11.7
      vertex -0.21946 -15.4018 11.7
    endloop
  endfacet
  facet normal -0.0172828 -0.999851 -4.09367e-06
    outer loop
      vertex -0.318188 -15.4001 13.3
      vertex -0.21946 -15.4018 11.7
      vertex 0 -15.4056 13.3
    endloop
  endfacet
  facet normal -0.0173126 -0.99985 -0
    outer loop
      vertex 0 -15.4056 13.3
      vertex -0.21946 -15.4018 11.7
      vertex 0 -15.4056 11.7
    endloop
  endfacet
  facet normal -0.156274 -0.987714 -0
    outer loop
      vertex -2.67516 -15.1716 7.29999
      vertex -2.67516 -15.1716 0
      vertex -2.45837 -15.2059 7.29999
    endloop
  endfacet
  facet normal -0.156399 -0.987694 3.8126e-06
    outer loop
      vertex -2.14405 -15.2557 0
      vertex -2.45837 -15.2059 7.29999
      vertex -2.67516 -15.1716 0
    endloop
  endfacet
  facet normal -0.156485 -0.98768 0
    outer loop
      vertex -2.45837 -15.2059 7.29999
      vertex -2.14405 -15.2557 0
      vertex -2.14405 -15.2557 7.29999
    endloop
  endfacet
  facet normal -0.156399 -0.987694 1.54622e-05
    outer loop
      vertex -2.36084 -15.2214 17.7
      vertex -2.14405 -15.2557 19.5
      vertex -2.67516 -15.1716 19.5
    endloop
  endfacet
  facet normal -0.156485 -0.98768 0
    outer loop
      vertex -2.36084 -15.2214 17.7
      vertex -2.67516 -15.1716 19.5
      vertex -2.67516 -15.1716 17.7
    endloop
  endfacet
  facet normal -0.156274 -0.987714 -0
    outer loop
      vertex -2.14405 -15.2557 19.5
      vertex -2.36084 -15.2214 17.7
      vertex -2.14405 -15.2557 17.7
    endloop
  endfacet
  facet normal -0.156274 -0.987714 -0
    outer loop
      vertex -2.67516 -15.1716 13.3
      vertex -2.67516 -15.1716 11.7
      vertex -2.45837 -15.2059 13.3
    endloop
  endfacet
  facet normal -0.156485 -0.98768 2.93921e-05
    outer loop
      vertex -2.45837 -15.2059 13.3
      vertex -2.67516 -15.1716 11.7
      vertex -2.36084 -15.2214 11.7
    endloop
  endfacet
  facet normal -0.156485 -0.98768 2.93921e-05
    outer loop
      vertex -2.45837 -15.2059 13.3
      vertex -2.36084 -15.2214 11.7
      vertex -2.14405 -15.2557 13.3
    endloop
  endfacet
  facet normal -0.156274 -0.987714 -0
    outer loop
      vertex -2.14405 -15.2557 13.3
      vertex -2.36084 -15.2214 11.7
      vertex -2.14405 -15.2557 11.7
    endloop
  endfacet
  facet normal -0.655953 -0.754802 0
    outer loop
      vertex -10.3084 -11.4486 0
      vertex -10.1427 -11.5926 7.29999
      vertex -10.3084 -11.4486 7.29999
    endloop
  endfacet
  facet normal -0.656059 -0.75471 4.21845e-06
    outer loop
      vertex -9.90255 -11.8014 0
      vertex -10.1427 -11.5926 7.29999
      vertex -10.3084 -11.4486 0
    endloop
  endfacet
  facet normal -0.656132 -0.754646 0
    outer loop
      vertex -10.1427 -11.5926 7.29999
      vertex -9.90255 -11.8014 0
      vertex -9.90255 -11.8014 7.29999
    endloop
  endfacet
  facet normal -0.656054 -0.754714 0
    outer loop
      vertex -10.0682 -11.6574 17.7
      vertex -10.3084 -11.4486 19.5
      vertex -10.3084 -11.4486 17.7
    endloop
  endfacet
  facet normal -0.656059 -0.75471 -1.11575e-06
    outer loop
      vertex -10.3084 -11.4486 19.5
      vertex -10.0682 -11.6574 17.7
      vertex -9.90255 -11.8014 19.5
    endloop
  endfacet
  facet normal -0.656066 -0.754704 -0
    outer loop
      vertex -9.90255 -11.8014 19.5
      vertex -10.0682 -11.6574 17.7
      vertex -9.90255 -11.8014 17.7
    endloop
  endfacet
  facet normal -0.655953 -0.754802 0
    outer loop
      vertex -10.3084 -11.4486 11.7
      vertex -10.1427 -11.5926 13.3
      vertex -10.3084 -11.4486 13.3
    endloop
  endfacet
  facet normal -0.656054 -0.754714 1.83808e-05
    outer loop
      vertex -10.1427 -11.5926 13.3
      vertex -10.3084 -11.4486 11.7
      vertex -10.0682 -11.6574 11.7
    endloop
  endfacet
  facet normal -0.656132 -0.754646 1.20197e-05
    outer loop
      vertex -10.1427 -11.5926 13.3
      vertex -10.0682 -11.6574 11.7
      vertex -9.90255 -11.8014 13.3
    endloop
  endfacet
  facet normal -0.656066 -0.754704 -0
    outer loop
      vertex -9.90255 -11.8014 13.3
      vertex -10.0682 -11.6574 11.7
      vertex -9.90255 -11.8014 11.7
    endloop
  endfacet
  facet normal -0.798671 -0.601768 0
    outer loop
      vertex -12.2719 -9.30936 17.7
      vertex -12.4634 -9.0552 19.5
      vertex -12.4634 -9.0552 17.7
    endloop
  endfacet
  facet normal -0.798631 -0.601821 -0
    outer loop
      vertex -12.1398 -9.48466 19.5
      vertex -12.2719 -9.30936 17.7
      vertex -12.1398 -9.48466 17.7
    endloop
  endfacet
  facet normal -0.798655 -0.60179 4.73803e-06
    outer loop
      vertex -12.2719 -9.30936 17.7
      vertex -12.1398 -9.48466 19.5
      vertex -12.4634 -9.0552 19.5
    endloop
  endfacet
  facet normal -0.798631 -0.601821 0
    outer loop
      vertex -12.4634 -9.0552 0
      vertex -12.3313 -9.2305 7.29999
      vertex -12.4634 -9.0552 7.29999
    endloop
  endfacet
  facet normal -0.798655 -0.60179 1.16828e-06
    outer loop
      vertex -12.1398 -9.48466 0
      vertex -12.3313 -9.2305 7.29999
      vertex -12.4634 -9.0552 0
    endloop
  endfacet
  facet normal -0.798671 -0.601768 0
    outer loop
      vertex -12.3313 -9.2305 7.29999
      vertex -12.1398 -9.48466 0
      vertex -12.1398 -9.48466 7.29999
    endloop
  endfacet
  facet normal -0.798631 -0.601821 0
    outer loop
      vertex -12.4634 -9.0552 11.7
      vertex -12.3313 -9.2305 13.3
      vertex -12.4634 -9.0552 13.3
    endloop
  endfacet
  facet normal -0.798671 -0.601768 9.00688e-06
    outer loop
      vertex -12.2719 -9.30936 11.7
      vertex -12.3313 -9.2305 13.3
      vertex -12.4634 -9.0552 11.7
    endloop
  endfacet
  facet normal -0.798631 -0.601821 -0
    outer loop
      vertex -12.1398 -9.48466 13.3
      vertex -12.2719 -9.30936 11.7
      vertex -12.1398 -9.48466 11.7
    endloop
  endfacet
  facet normal -0.798671 -0.601768 9.00688e-06
    outer loop
      vertex -12.2719 -9.30936 11.7
      vertex -12.1398 -9.48466 13.3
      vertex -12.3313 -9.2305 13.3
    endloop
  endfacet
  facet normal -0.99865 -0.0519385 0
    outer loop
      vertex -15.3962 -0.537648 0
      vertex -15.3848 -0.756842 7.29999
      vertex -15.3962 -0.537648 7.29999
    endloop
  endfacet
  facet normal -0.998634 -0.052257 -9.58949e-06
    outer loop
      vertex -15.3681 -1.07464 0
      vertex -15.3848 -0.756842 7.29999
      vertex -15.3962 -0.537648 0
    endloop
  endfacet
  facet normal -0.998622 -0.0524767 0
    outer loop
      vertex -15.3848 -0.756842 7.29999
      vertex -15.3681 -1.07464 0
      vertex -15.3681 -1.07464 7.29999
    endloop
  endfacet
  facet normal -0.998639 -0.052163 0
    outer loop
      vertex -15.3796 -0.855448 17.7
      vertex -15.3962 -0.537648 19.5
      vertex -15.3962 -0.537648 17.7
    endloop
  endfacet
  facet normal -0.998627 -0.0523934 -0
    outer loop
      vertex -15.3681 -1.07464 19.5
      vertex -15.3796 -0.855448 17.7
      vertex -15.3681 -1.07464 17.7
    endloop
  endfacet
  facet normal -0.998634 -0.052257 1.6647e-05
    outer loop
      vertex -15.3796 -0.855448 17.7
      vertex -15.3681 -1.07464 19.5
      vertex -15.3962 -0.537648 19.5
    endloop
  endfacet
  facet normal -0.99865 -0.0519385 0
    outer loop
      vertex -15.3962 -0.537648 11.7
      vertex -15.3848 -0.756842 13.3
      vertex -15.3962 -0.537648 13.3
    endloop
  endfacet
  facet normal -0.998639 -0.052163 -3.08351e-05
    outer loop
      vertex -15.3796 -0.855448 11.7
      vertex -15.3848 -0.756842 13.3
      vertex -15.3962 -0.537648 11.7
    endloop
  endfacet
  facet normal -0.998627 -0.0523934 -0
    outer loop
      vertex -15.3681 -1.07464 13.3
      vertex -15.3796 -0.855448 11.7
      vertex -15.3681 -1.07464 11.7
    endloop
  endfacet
  facet normal -0.998622 -0.0524767 -1.14486e-05
    outer loop
      vertex -15.3796 -0.855448 11.7
      vertex -15.3681 -1.07464 13.3
      vertex -15.3848 -0.756842 13.3
    endloop
  endfacet
  facet normal -0.933524 -0.358516 0
    outer loop
      vertex -14.3625 -5.56614 17.7
      vertex -14.4766 -5.26904 19.5
      vertex -14.4766 -5.26904 17.7
    endloop
  endfacet
  facet normal -0.933668 -0.358139 -0
    outer loop
      vertex -14.2839 -5.77105 19.5
      vertex -14.3625 -5.56614 17.7
      vertex -14.2839 -5.77105 17.7
    endloop
  endfacet
  facet normal -0.933583 -0.358362 -2.91052e-05
    outer loop
      vertex -14.3625 -5.56614 17.7
      vertex -14.2839 -5.77105 19.5
      vertex -14.4766 -5.26904 19.5
    endloop
  endfacet
  facet normal -0.933516 -0.358536 0
    outer loop
      vertex -14.4766 -5.26904 0
      vertex -14.3979 -5.47395 7.29999
      vertex -14.4766 -5.26904 7.29999
    endloop
  endfacet
  facet normal -0.933583 -0.358362 5.61219e-06
    outer loop
      vertex -14.2839 -5.77105 0
      vertex -14.3979 -5.47395 7.29999
      vertex -14.4766 -5.26904 0
    endloop
  endfacet
  facet normal -0.933629 -0.358242 0
    outer loop
      vertex -14.3979 -5.47395 7.29999
      vertex -14.2839 -5.77105 0
      vertex -14.2839 -5.77105 7.29999
    endloop
  endfacet
  facet normal -0.933516 -0.358536 0
    outer loop
      vertex -14.4766 -5.26904 11.7
      vertex -14.3979 -5.47395 13.3
      vertex -14.4766 -5.26904 13.3
    endloop
  endfacet
  facet normal -0.933524 -0.358516 3.02233e-06
    outer loop
      vertex -14.3625 -5.56614 11.7
      vertex -14.3979 -5.47395 13.3
      vertex -14.4766 -5.26904 11.7
    endloop
  endfacet
  facet normal -0.933668 -0.358139 -0
    outer loop
      vertex -14.2839 -5.77105 13.3
      vertex -14.3625 -5.56614 11.7
      vertex -14.2839 -5.77105 11.7
    endloop
  endfacet
  facet normal -0.933629 -0.358242 -1.50839e-05
    outer loop
      vertex -14.3625 -5.56614 11.7
      vertex -14.2839 -5.77105 13.3
      vertex -14.3979 -5.47395 13.3
    endloop
  endfacet
  facet normal 0.819207 -0.573498 0
    outer loop
      vertex 12.5893 -8.87541 7.29999
      vertex 12.7718 -8.61472 0
      vertex 12.7718 -8.61472 7.29999
    endloop
  endfacet
  facet normal 0.819131 -0.573606 0
    outer loop
      vertex 12.4634 -9.0552 0
      vertex 12.5893 -8.87541 7.29999
      vertex 12.4634 -9.0552 7.29999
    endloop
  endfacet
  facet normal 0.819176 -0.573542 -2.34276e-06
    outer loop
      vertex 12.5893 -8.87541 7.29999
      vertex 12.4634 -9.0552 0
      vertex 12.7718 -8.61472 0
    endloop
  endfacet
  facet normal 0.81936 -0.573279 0
    outer loop
      vertex 12.7718 -8.61472 19.5
      vertex 12.646 -8.79452 17.7
      vertex 12.7718 -8.61472 17.7
    endloop
  endfacet
  facet normal 0.819176 -0.573542 3.91949e-05
    outer loop
      vertex 12.4634 -9.0552 19.5
      vertex 12.646 -8.79452 17.7
      vertex 12.7718 -8.61472 19.5
    endloop
  endfacet
  facet normal 0.819049 -0.573724 0
    outer loop
      vertex 12.646 -8.79452 17.7
      vertex 12.4634 -9.0552 19.5
      vertex 12.4634 -9.0552 17.7
    endloop
  endfacet
  facet normal 0.81936 -0.573279 0
    outer loop
      vertex 12.7718 -8.61472 13.3
      vertex 12.646 -8.79452 11.7
      vertex 12.7718 -8.61472 11.7
    endloop
  endfacet
  facet normal 0.819207 -0.573498 3.67235e-05
    outer loop
      vertex 12.5893 -8.87541 13.3
      vertex 12.646 -8.79452 11.7
      vertex 12.7718 -8.61472 13.3
    endloop
  endfacet
  facet normal 0.819131 -0.573606 0
    outer loop
      vertex 12.4634 -9.0552 11.7
      vertex 12.5893 -8.87541 13.3
      vertex 12.4634 -9.0552 13.3
    endloop
  endfacet
  facet normal 0.819049 -0.573724 1.97198e-05
    outer loop
      vertex 12.5893 -8.87541 13.3
      vertex 12.4634 -9.0552 11.7
      vertex 12.646 -8.79452 11.7
    endloop
  endfacet
  facet normal 0.707054 -0.0122428 -0.707054
    outer loop
      vertex 15.4018 -0.21946 11.7
      vertex 14.5056 0 10.8
      vertex 15.4056 0 11.7
    endloop
  endfacet
  facet normal 0.707057 -0.0122206 -0.707051
    outer loop
      vertex 14.5056 0 10.8
      vertex 15.4018 -0.21946 11.7
      vertex 14.5001 -0.318219 10.8
    endloop
  endfacet
  facet normal 0.707067 -0.0124441 -0.707037
    outer loop
      vertex 15.3962 -0.537648 11.7
      vertex 14.5001 -0.318219 10.8
      vertex 15.4018 -0.21946 11.7
    endloop
  endfacet
  facet normal 0.707071 -0.0124101 -0.707033
    outer loop
      vertex 14.5001 -0.318219 10.8
      vertex 15.3962 -0.537648 11.7
      vertex 14.4968 -0.506238 10.8
    endloop
  endfacet
  facet normal 0.707056 -0.0124098 0.707048
    outer loop
      vertex 14.5023 -0.188019 8.2
      vertex 15.4056 0 7.29999
      vertex 14.5056 0 8.2
    endloop
  endfacet
  facet normal 0.707038 -0.0122214 0.70707
    outer loop
      vertex 15.4056 0 7.29999
      vertex 14.5023 -0.188019 8.2
      vertex 15.4001 -0.318188 7.29999
    endloop
  endfacet
  facet normal 0.707038 -0.0122202 0.70707
    outer loop
      vertex 14.4968 -0.506238 8.2
      vertex 15.4001 -0.318188 7.29999
      vertex 14.5023 -0.188019 8.2
    endloop
  endfacet
  facet normal 0.707071 -0.0125653 0.707031
    outer loop
      vertex 15.4001 -0.318188 7.29999
      vertex 14.4968 -0.506238 8.2
      vertex 15.3962 -0.537648 7.29999
    endloop
  endfacet
  facet normal 0.706224 -0.0367298 -0.707035
    outer loop
      vertex 14.4968 -0.506238 10.8
      vertex 15.3962 -0.537648 11.7
      vertex 15.3848 -0.756842 11.7
    endloop
  endfacet
  facet normal 0.706162 -0.0371041 -0.707078
    outer loop
      vertex 14.4968 -0.506238 10.8
      vertex 15.3848 -0.756842 11.7
      vertex 14.4801 -0.824071 10.8
    endloop
  endfacet
  facet normal 0.706204 -0.0368541 -0.707049
    outer loop
      vertex 15.3681 -1.07464 11.7
      vertex 14.4703 -1.01186 10.8
      vertex 14.4801 -0.824071 10.8
    endloop
  endfacet
  facet normal 0.706162 -0.0371082 -0.707078
    outer loop
      vertex 15.3848 -0.756842 11.7
      vertex 15.3681 -1.07464 11.7
      vertex 14.4801 -0.824071 10.8
    endloop
  endfacet
  facet normal 0.706206 -0.0372299 0.707027
    outer loop
      vertex 15.3962 -0.537648 7.29999
      vertex 14.4968 -0.506238 8.2
      vertex 14.4869 -0.694029 8.2
    endloop
  endfacet
  facet normal 0.706185 -0.036887 0.707065
    outer loop
      vertex 15.3962 -0.537648 7.29999
      vertex 14.4869 -0.694029 8.2
      vertex 15.3796 -0.855448 7.29999
    endloop
  endfacet
  facet normal 0.706186 -0.0368834 0.707065
    outer loop
      vertex 14.4703 -1.01186 8.2
      vertex 15.3796 -0.855448 7.29999
      vertex 14.4869 -0.694029 8.2
    endloop
  endfacet
  facet normal 0.706196 -0.0370509 0.707046
    outer loop
      vertex 15.3796 -0.855448 7.29999
      vertex 14.4703 -1.01186 8.2
      vertex 15.3681 -1.07464 7.29999
    endloop
  endfacet
  facet normal 0.70448 -0.0615365 -0.707051
    outer loop
      vertex 14.4626 -1.1 10.8
      vertex 15.3681 -1.07464 11.7
      vertex 15.349 -1.2933 11.7
    endloop
  endfacet
  facet normal 0.70448 -0.0615441 -0.707051
    outer loop
      vertex 15.3681 -1.07464 11.7
      vertex 14.4626 -1.1 10.8
      vertex 14.4703 -1.01186 10.8
    endloop
  endfacet
  facet normal 0.704467 -0.0616182 -0.707056
    outer loop
      vertex 13.1333 -1.38036 9.5
      vertex 14.4626 -1.1 10.8
      vertex 15.349 -1.2933 11.7
    endloop
  endfacet
  facet normal 0.704464 -0.0615614 -0.707065
    outer loop
      vertex 14.4626 -1.1 10.8
      vertex 13.1333 -1.38036 9.5
      vertex 13.1578 -1.1 9.5
    endloop
  endfacet
  facet normal 0.704464 -0.0617736 -0.707047
    outer loop
      vertex 15.3212 -1.61033 11.7
      vertex 13.1333 -1.38036 9.5
      vertex 15.349 -1.2933 11.7
    endloop
  endfacet
  facet normal 0.704484 -0.0615444 0.707047
    outer loop
      vertex 14.4626 -1.1 8.2
      vertex 15.3681 -1.07464 7.29999
      vertex 14.4703 -1.01186 8.2
    endloop
  endfacet
  facet normal 0.704483 -0.0615531 0.707046
    outer loop
      vertex 15.3681 -1.07464 7.29999
      vertex 14.4626 -1.1 8.2
      vertex 15.3404 -1.39167 7.29999
    endloop
  endfacet
  facet normal 0.704404 -0.0619333 0.707092
    outer loop
      vertex 15.3404 -1.39167 7.29999
      vertex 14.4626 -1.1 8.2
      vertex 13.997 -1.1 8.66383
    endloop
  endfacet
  facet normal 0.704416 -0.0618531 0.707087
    outer loop
      vertex 13.997 -1.1 8.66383
      vertex 15.3212 -1.61033 7.29999
      vertex 15.3404 -1.39167 7.29999
    endloop
  endfacet
  facet normal 0.704488 -0.0615635 0.707041
    outer loop
      vertex 13.1333 -1.38036 9.5
      vertex 13.997 -1.1 8.66383
      vertex 13.1578 -1.1 9.5
    endloop
  endfacet
  facet normal 0.704487 -0.0615529 0.707043
    outer loop
      vertex 13.997 -1.1 8.66383
      vertex 13.1333 -1.38036 9.5
      vertex 15.3212 -1.61033 7.29999
    endloop
  endfacet
  facet normal 0.701915 -0.0860237 -0.707047
    outer loop
      vertex 15.2945 -1.82819 11.7
      vertex 13.1333 -1.38036 9.5
      vertex 15.3212 -1.61033 11.7
    endloop
  endfacet
  facet normal 0.701883 -0.0862185 -0.707055
    outer loop
      vertex 13.1333 -1.38036 9.5
      vertex 15.2945 -1.82819 11.7
      vertex 13.0771 -1.83787 9.5
    endloop
  endfacet
  facet normal 0.701883 -0.0862188 -0.707055
    outer loop
      vertex 15.2557 -2.14405 11.7
      vertex 13.0771 -1.83787 9.5
      vertex 15.2945 -1.82819 11.7
    endloop
  endfacet
  facet normal 0.701919 -0.086001 0.707045
    outer loop
      vertex 15.3212 -1.61033 7.29999
      vertex 13.1333 -1.38036 9.5
      vertex 15.2825 -1.92619 7.29999
    endloop
  endfacet
  facet normal 0.701879 -0.0862179 0.707059
    outer loop
      vertex 13.0771 -1.83787 9.5
      vertex 15.2825 -1.92619 7.29999
      vertex 13.1333 -1.38036 9.5
    endloop
  endfacet
  facet normal 0.701869 -0.0863402 0.707054
    outer loop
      vertex 15.2825 -1.92619 7.29999
      vertex 13.0771 -1.83787 9.5
      vertex 15.2557 -2.14405 7.29999
    endloop
  endfacet
  facet normal 0.69847 -0.11051 -0.707056
    outer loop
      vertex 15.2214 -2.36084 11.7
      vertex 13.0771 -1.83787 9.5
      vertex 15.2557 -2.14405 11.7
    endloop
  endfacet
  facet normal 0.698449 -0.110614 -0.70706
    outer loop
      vertex 13.0771 -1.83787 9.5
      vertex 15.2214 -2.36084 11.7
      vertex 13.005 -2.29313 9.5
    endloop
  endfacet
  facet normal 0.698445 -0.11066 -0.707057
    outer loop
      vertex 15.1716 -2.67516 11.7
      vertex 13.005 -2.29313 9.5
      vertex 15.2214 -2.36084 11.7
    endloop
  endfacet
  facet normal 0.698449 -0.11066 0.707053
    outer loop
      vertex 15.2059 -2.45837 7.29999
      vertex 15.2557 -2.14405 7.29999
      vertex 13.0771 -1.83787 9.5
    endloop
  endfacet
  facet normal 0.698459 -0.110616 0.70705
    outer loop
      vertex 13.005 -2.29313 9.5
      vertex 15.2059 -2.45837 7.29999
      vertex 13.0771 -1.83787 9.5
    endloop
  endfacet
  facet normal 0.698471 -0.11051 0.707054
    outer loop
      vertex 15.2059 -2.45837 7.29999
      vertex 13.005 -2.29313 9.5
      vertex 15.1716 -2.67516 7.29999
    endloop
  endfacet
  facet normal 0.694154 -0.13499 -0.707056
    outer loop
      vertex 15.1297 -2.89062 11.7
      vertex 13.005 -2.29313 9.5
      vertex 15.1716 -2.67516 11.7
    endloop
  endfacet
  facet normal 0.694185 -0.134857 -0.707051
    outer loop
      vertex 13.005 -2.29313 9.5
      vertex 15.1297 -2.89062 11.7
      vertex 12.9171 -2.7456 9.5
    endloop
  endfacet
  facet normal 0.694182 -0.134885 -0.707049
    outer loop
      vertex 15.069 -3.20301 11.7
      vertex 12.9171 -2.7456 9.5
      vertex 15.1297 -2.89062 11.7
    endloop
  endfacet
  facet normal 0.694175 -0.134884 0.707055
    outer loop
      vertex 15.1109 -2.98755 7.29999
      vertex 15.1716 -2.67516 7.29999
      vertex 13.005 -2.29313 9.5
    endloop
  endfacet
  facet normal 0.694182 -0.134857 0.707054
    outer loop
      vertex 12.9171 -2.7456 9.5
      vertex 15.1109 -2.98755 7.29999
      vertex 13.005 -2.29313 9.5
    endloop
  endfacet
  facet normal 0.694162 -0.134992 0.707048
    outer loop
      vertex 15.1109 -2.98755 7.29999
      vertex 12.9171 -2.7456 9.5
      vertex 15.069 -3.20301 7.29999
    endloop
  endfacet
  facet normal 0.689023 -0.159152 -0.707049
    outer loop
      vertex 15.0196 -3.41688 11.7
      vertex 12.9171 -2.7456 9.5
      vertex 15.069 -3.20301 11.7
    endloop
  endfacet
  facet normal 0.689039 -0.159093 -0.707046
    outer loop
      vertex 12.9171 -2.7456 9.5
      vertex 15.0196 -3.41688 11.7
      vertex 12.8134 -3.19473 9.5
    endloop
  endfacet
  facet normal 0.689038 -0.159104 -0.707045
    outer loop
      vertex 14.948 -3.72696 11.7
      vertex 12.8134 -3.19473 9.5
      vertex 15.0196 -3.41688 11.7
    endloop
  endfacet
  facet normal 0.689036 -0.159104 0.707047
    outer loop
      vertex 14.9974 -3.51309 7.29999
      vertex 15.069 -3.20301 7.29999
      vertex 12.9171 -2.7456 9.5
    endloop
  endfacet
  facet normal 0.689039 -0.159093 0.707047
    outer loop
      vertex 12.8134 -3.19473 9.5
      vertex 14.9974 -3.51309 7.29999
      vertex 12.9171 -2.7456 9.5
    endloop
  endfacet
  facet normal 0.689028 -0.159153 0.707044
    outer loop
      vertex 14.9974 -3.51309 7.29999
      vertex 12.8134 -3.19473 9.5
      vertex 14.948 -3.72696 7.29999
    endloop
  endfacet
  facet normal 0.68308 -0.182997 -0.707045
    outer loop
      vertex 14.8912 -3.93898 11.7
      vertex 12.8134 -3.19473 9.5
      vertex 14.948 -3.72696 11.7
    endloop
  endfacet
  facet normal 0.68307 -0.18303 -0.707047
    outer loop
      vertex 12.8134 -3.19473 9.5
      vertex 14.8912 -3.93898 11.7
      vertex 12.6941 -3.63996 9.5
    endloop
  endfacet
  facet normal 0.683056 -0.183102 -0.707042
    outer loop
      vertex 14.8088 -4.24637 11.7
      vertex 12.6941 -3.63996 9.5
      vertex 14.8912 -3.93898 11.7
    endloop
  endfacet
  facet normal 0.683109 -0.182894 0.707045
    outer loop
      vertex 14.8657 -4.03435 7.29999
      vertex 14.948 -3.72696 7.29999
      vertex 12.8134 -3.19473 9.5
    endloop
  endfacet
  facet normal 0.683064 -0.183028 0.707054
    outer loop
      vertex 12.6941 -3.63996 9.5
      vertex 14.8657 -4.03435 7.29999
      vertex 12.8134 -3.19473 9.5
    endloop
  endfacet
  facet normal 0.683003 -0.183298 0.707042
    outer loop
      vertex 14.8657 -4.03435 7.29999
      vertex 12.6941 -3.63996 9.5
      vertex 14.8088 -4.24637 7.29999
    endloop
  endfacet
  facet normal 0.676336 -0.206542 -0.707044
    outer loop
      vertex 14.7447 -4.45627 11.7
      vertex 12.6941 -3.63996 9.5
      vertex 14.8088 -4.24637 11.7
    endloop
  endfacet
  facet normal 0.676245 -0.206801 -0.707055
    outer loop
      vertex 12.6941 -3.63996 9.5
      vertex 14.7447 -4.45627 11.7
      vertex 12.5593 -4.08076 9.5
    endloop
  endfacet
  facet normal 0.676228 -0.20687 -0.70705
    outer loop
      vertex 14.6516 -4.7606 11.7
      vertex 12.5593 -4.08076 9.5
      vertex 14.7447 -4.45627 11.7
    endloop
  endfacet
  facet normal 0.676299 -0.20667 0.707041
    outer loop
      vertex 14.8088 -4.24637 7.29999
      vertex 12.6941 -3.63996 9.5
      vertex 14.7158 -4.5507 7.29999
    endloop
  endfacet
  facet normal 0.676249 -0.206802 0.70705
    outer loop
      vertex 12.5593 -4.08076 9.5
      vertex 14.7158 -4.5507 7.29999
      vertex 12.6941 -3.63996 9.5
    endloop
  endfacet
  facet normal 0.676241 -0.206835 0.707048
    outer loop
      vertex 14.7158 -4.5507 7.29999
      vertex 12.5593 -4.08076 9.5
      vertex 14.6516 -4.7606 7.29999
    endloop
  endfacet
  facet normal 0.668697 -0.230052 -0.707051
    outer loop
      vertex 14.5802 -4.96814 11.7
      vertex 12.5593 -4.08076 9.5
      vertex 14.6516 -4.7606 11.7
    endloop
  endfacet
  facet normal 0.668611 -0.23027 -0.707061
    outer loop
      vertex 12.5593 -4.08076 9.5
      vertex 14.5802 -4.96814 11.7
      vertex 12.4092 -4.51659 9.5
    endloop
  endfacet
  facet normal 0.668628 -0.230209 -0.707065
    outer loop
      vertex 14.4766 -5.26904 11.7
      vertex 12.4092 -4.51659 9.5
      vertex 14.5802 -4.96814 11.7
    endloop
  endfacet
  facet normal 0.668644 -0.230214 0.707048
    outer loop
      vertex 14.6516 -4.7606 7.29999
      vertex 12.5593 -4.08076 9.5
      vertex 14.548 -5.0615 7.29999
    endloop
  endfacet
  facet normal 0.668619 -0.230273 0.707052
    outer loop
      vertex 12.4092 -4.51659 9.5
      vertex 14.548 -5.0615 7.29999
      vertex 12.5593 -4.08076 9.5
    endloop
  endfacet
  facet normal 0.668687 -0.230048 0.707062
    outer loop
      vertex 14.548 -5.0615 7.29999
      vertex 12.4092 -4.51659 9.5
      vertex 14.4766 -5.26904 7.29999
    endloop
  endfacet
  facet normal 0.660136 -0.253539 -0.707064
    outer loop
      vertex 14.3979 -5.47395 11.7
      vertex 12.4092 -4.51659 9.5
      vertex 14.4766 -5.26904 11.7
    endloop
  endfacet
  facet normal 0.660177 -0.253442 -0.707059
    outer loop
      vertex 12.4092 -4.51659 9.5
      vertex 14.3979 -5.47395 11.7
      vertex 12.244 -4.94691 9.5
    endloop
  endfacet
  facet normal 0.660213 -0.25333 -0.707067
    outer loop
      vertex 14.2839 -5.77105 11.7
      vertex 12.244 -4.94691 9.5
      vertex 14.3979 -5.47395 11.7
    endloop
  endfacet
  facet normal 0.660143 -0.253525 0.707062
    outer loop
      vertex 14.3625 -5.56614 7.29999
      vertex 14.4766 -5.26904 7.29999
      vertex 12.4092 -4.51659 9.5
    endloop
  endfacet
  facet normal 0.66018 -0.253443 0.707056
    outer loop
      vertex 12.244 -4.94691 9.5
      vertex 14.3625 -5.56614 7.29999
      vertex 12.4092 -4.51659 9.5
    endloop
  endfacet
  facet normal 0.660243 -0.253258 0.707064
    outer loop
      vertex 14.3625 -5.56614 7.29999
      vertex 12.244 -4.94691 9.5
      vertex 14.2839 -5.77105 7.29999
    endloop
  endfacet
  facet normal 0.650892 -0.2764 -0.707066
    outer loop
      vertex 14.1981 -5.9731 11.7
      vertex 12.244 -4.94691 9.5
      vertex 14.2839 -5.77105 11.7
    endloop
  endfacet
  facet normal 0.650939 -0.2763 -0.707062
    outer loop
      vertex 12.244 -4.94691 9.5
      vertex 14.1981 -5.9731 11.7
      vertex 12.0639 -5.37121 9.5
    endloop
  endfacet
  facet normal 0.6509 -0.276411 -0.707054
    outer loop
      vertex 14.0737 -6.26604 11.7
      vertex 12.0639 -5.37121 9.5
      vertex 14.1981 -5.9731 11.7
    endloop
  endfacet
  facet normal 0.65089 -0.276407 0.707065
    outer loop
      vertex 14.1595 -6.06399 7.29999
      vertex 14.2839 -5.77105 7.29999
      vertex 12.244 -4.94691 9.5
    endloop
  endfacet
  facet normal 0.650943 -0.276302 0.707057
    outer loop
      vertex 12.0639 -5.37121 9.5
      vertex 14.1595 -6.06399 7.29999
      vertex 12.244 -4.94691 9.5
    endloop
  endfacet
  facet normal 0.650905 -0.276405 0.707053
    outer loop
      vertex 14.1595 -6.06399 7.29999
      vertex 12.0639 -5.37121 9.5
      vertex 14.0737 -6.26604 7.29999
    endloop
  endfacet
  facet normal 0.64098 -0.298692 -0.707055
    outer loop
      vertex 13.981 -6.46497 11.7
      vertex 12.0639 -5.37121 9.5
      vertex 14.0737 -6.26604 11.7
    endloop
  endfacet
  facet normal 0.640899 -0.298849 -0.707062
    outer loop
      vertex 12.0639 -5.37121 9.5
      vertex 13.981 -6.46497 11.7
      vertex 11.8691 -5.78897 9.5
    endloop
  endfacet
  facet normal 0.640891 -0.298869 -0.707061
    outer loop
      vertex 13.8465 -6.75339 11.7
      vertex 11.8691 -5.78897 9.5
      vertex 13.981 -6.46497 11.7
    endloop
  endfacet
  facet normal 0.640983 -0.29869 0.707054
    outer loop
      vertex 14.0737 -6.26604 7.29999
      vertex 12.0639 -5.37121 9.5
      vertex 13.9393 -6.55446 7.29999
    endloop
  endfacet
  facet normal 0.640897 -0.298848 0.707065
    outer loop
      vertex 11.8691 -5.78897 9.5
      vertex 13.9393 -6.55446 7.29999
      vertex 12.0639 -5.37121 9.5
    endloop
  endfacet
  facet normal 0.640852 -0.298955 0.70706
    outer loop
      vertex 13.9393 -6.55446 7.29999
      vertex 11.8691 -5.78897 9.5
      vertex 13.8465 -6.75339 7.29999
    endloop
  endfacet
  facet normal 0.630011 -0.321174 -0.707059
    outer loop
      vertex 13.7468 -6.94896 11.7
      vertex 11.8691 -5.78897 9.5
      vertex 13.8465 -6.75339 11.7
    endloop
  endfacet
  facet normal 0.630126 -0.32097 -0.70705
    outer loop
      vertex 11.8691 -5.78897 9.5
      vertex 13.7468 -6.94896 11.7
      vertex 11.6599 -6.19967 9.5
    endloop
  endfacet
  facet normal 0.630152 -0.32091 -0.707054
    outer loop
      vertex 13.6024 -7.23251 11.7
      vertex 11.6599 -6.19967 9.5
      vertex 13.7468 -6.94896 11.7
    endloop
  endfacet
  facet normal 0.630058 -0.321084 0.707059
    outer loop
      vertex 13.8465 -6.75339 7.29999
      vertex 11.8691 -5.78897 9.5
      vertex 13.702 -7.03694 7.29999
    endloop
  endfacet
  facet normal 0.630126 -0.32097 0.70705
    outer loop
      vertex 11.6599 -6.19967 9.5
      vertex 13.702 -7.03694 7.29999
      vertex 11.8691 -5.78897 9.5
    endloop
  endfacet
  facet normal 0.630148 -0.320922 0.707052
    outer loop
      vertex 13.702 -7.03694 7.29999
      vertex 11.6599 -6.19967 9.5
      vertex 13.6024 -7.23251 7.29999
    endloop
  endfacet
  facet normal 0.618509 -0.342811 -0.707056
    outer loop
      vertex 13.496 -7.42448 11.7
      vertex 11.6599 -6.19967 9.5
      vertex 13.6024 -7.23251 11.7
    endloop
  endfacet
  facet normal 0.618468 -0.342878 -0.707059
    outer loop
      vertex 11.6599 -6.19967 9.5
      vertex 13.496 -7.42448 11.7
      vertex 11.4364 -6.60281 9.5
    endloop
  endfacet
  facet normal 0.618477 -0.342858 -0.70706
    outer loop
      vertex 13.496 -7.42448 11.7
      vertex 13.3417 -7.70282 11.7
      vertex 11.4364 -6.60281 9.5
    endloop
  endfacet
  facet normal 0.618478 -0.342871 0.707053
    outer loop
      vertex 13.6024 -7.23251 7.29999
      vertex 11.6599 -6.19967 9.5
      vertex 13.4481 -7.51084 7.29999
    endloop
  endfacet
  facet normal 0.618472 -0.34288 0.707054
    outer loop
      vertex 11.4364 -6.60281 9.5
      vertex 13.4481 -7.51084 7.29999
      vertex 11.6599 -6.19967 9.5
    endloop
  endfacet
  facet normal 0.618514 -0.342796 0.707058
    outer loop
      vertex 13.4481 -7.51084 7.29999
      vertex 11.4364 -6.60281 9.5
      vertex 13.3417 -7.70282 7.29999
    endloop
  endfacet
  facet normal 0.606073 -0.36434 -0.707059
    outer loop
      vertex 13.2286 -7.89096 11.7
      vertex 11.4364 -6.60281 9.5
      vertex 13.3417 -7.70282 11.7
    endloop
  endfacet
  facet normal 0.60616 -0.364208 -0.707052
    outer loop
      vertex 11.4364 -6.60281 9.5
      vertex 13.2286 -7.89096 11.7
      vertex 11.199 -6.99792 9.5
    endloop
  endfacet
  facet normal 0.606159 -0.364211 -0.707052
    outer loop
      vertex 13.0647 -8.16374 11.7
      vertex 11.199 -6.99792 9.5
      vertex 13.2286 -7.89096 11.7
    endloop
  endfacet
  facet normal 0.606153 -0.364207 0.707058
    outer loop
      vertex 13.3417 -7.70282 7.29999
      vertex 11.4364 -6.60281 9.5
      vertex 13.1778 -7.9756 7.29999
    endloop
  endfacet
  facet normal 0.606155 -0.364205 0.707058
    outer loop
      vertex 11.199 -6.99792 9.5
      vertex 13.1778 -7.9756 7.29999
      vertex 11.4364 -6.60281 9.5
    endloop
  endfacet
  facet normal 0.606079 -0.364343 0.707052
    outer loop
      vertex 13.1778 -7.9756 7.29999
      vertex 11.199 -6.99792 9.5
      vertex 13.0647 -8.16374 7.29999
    endloop
  endfacet
  facet normal 0.593147 -0.385035 -0.707053
    outer loop
      vertex 12.9452 -8.34783 11.7
      vertex 11.199 -6.99792 9.5
      vertex 13.0647 -8.16374 11.7
    endloop
  endfacet
  facet normal 0.593101 -0.385101 -0.707056
    outer loop
      vertex 11.199 -6.99792 9.5
      vertex 12.9452 -8.34783 11.7
      vertex 10.948 -7.38449 9.5
    endloop
  endfacet
  facet normal 0.593002 -0.385277 -0.707044
    outer loop
      vertex 12.7718 -8.61472 11.7
      vertex 10.948 -7.38449 9.5
      vertex 12.9452 -8.34783 11.7
    endloop
  endfacet
  facet normal 0.593104 -0.385106 0.707051
    outer loop
      vertex 13.0647 -8.16374 7.29999
      vertex 11.199 -6.99792 9.5
      vertex 12.8914 -8.43064 7.29999
    endloop
  endfacet
  facet normal 0.593106 -0.385104 0.707051
    outer loop
      vertex 10.948 -7.38449 9.5
      vertex 12.8914 -8.43064 7.29999
      vertex 11.199 -6.99792 9.5
    endloop
  endfacet
  facet normal 0.593 -0.385282 0.707042
    outer loop
      vertex 12.8914 -8.43064 7.29999
      vertex 10.948 -7.38449 9.5
      vertex 12.7718 -8.61472 7.29999
    endloop
  endfacet
  facet normal 0.579426 -0.405405 -0.707045
    outer loop
      vertex 12.646 -8.79452 11.7
      vertex 10.948 -7.38449 9.5
      vertex 12.7718 -8.61472 11.7
    endloop
  endfacet
  facet normal 0.579258 -0.405625 -0.707056
    outer loop
      vertex 10.948 -7.38449 9.5
      vertex 12.646 -8.79452 11.7
      vertex 10.6836 -7.76207 9.5
    endloop
  endfacet
  facet normal 0.579202 -0.405717 -0.707049
    outer loop
      vertex 12.4634 -9.0552 11.7
      vertex 10.6836 -7.76207 9.5
      vertex 12.646 -8.79452 11.7
    endloop
  endfacet
  facet normal 0.57932 -0.405562 0.707042
    outer loop
      vertex 12.7718 -8.61472 7.29999
      vertex 10.948 -7.38449 9.5
      vertex 12.5893 -8.87541 7.29999
    endloop
  endfacet
  facet normal 0.579266 -0.40563 0.707047
    outer loop
      vertex 10.6836 -7.76207 9.5
      vertex 12.5893 -8.87541 7.29999
      vertex 10.948 -7.38449 9.5
    endloop
  endfacet
  facet normal 0.579262 -0.405635 0.707047
    outer loop
      vertex 12.5893 -8.87541 7.29999
      vertex 10.6836 -7.76207 9.5
      vertex 12.4634 -9.0552 7.29999
    endloop
  endfacet
  facet normal 0.564764 -0.425587 -0.707048
    outer loop
      vertex 12.3313 -9.2305 11.7
      vertex 10.6836 -7.76207 9.5
      vertex 12.4634 -9.0552 11.7
    endloop
  endfacet
  facet normal 0.564772 -0.425577 -0.707048
    outer loop
      vertex 10.6836 -7.76207 9.5
      vertex 12.3313 -9.2305 11.7
      vertex 10.4062 -8.1302 9.5
    endloop
  endfacet
  facet normal 0.564791 -0.425549 -0.70705
    outer loop
      vertex 12.1398 -9.48466 11.7
      vertex 10.4062 -8.1302 9.5
      vertex 12.3313 -9.2305 11.7
    endloop
  endfacet
  facet normal 0.564793 -0.42555 0.707047
    outer loop
      vertex 12.4634 -9.0552 7.29999
      vertex 10.6836 -7.76207 9.5
      vertex 12.2719 -9.30936 7.29999
    endloop
  endfacet
  facet normal 0.564771 -0.425576 0.707049
    outer loop
      vertex 10.4062 -8.1302 9.5
      vertex 12.2719 -9.30936 7.29999
      vertex 10.6836 -7.76207 9.5
    endloop
  endfacet
  facet normal 0.564764 -0.425586 0.707049
    outer loop
      vertex 12.2719 -9.30936 7.29999
      vertex 10.4062 -8.1302 9.5
      vertex 12.1398 -9.48466 7.29999
    endloop
  endfacet
  facet normal 0.549602 -0.444979 -0.707058
    outer loop
      vertex 10.1845 -8.53072 9.57978
      vertex 12.1398 -9.48466 11.7
      vertex 12.0017 -9.65523 11.7
    endloop
  endfacet
  facet normal 0.549564 -0.445038 -0.70705
    outer loop
      vertex 12.1398 -9.48466 11.7
      vertex 10.1845 -8.53072 9.57978
      vertex 10.4062 -8.1302 9.5
    endloop
  endfacet
  facet normal 0.547746 -0.444393 -0.708864
    outer loop
      vertex 10.4062 -8.1302 9.5
      vertex 10.1845 -8.53072 9.57978
      vertex 10.185 -8.51495 9.57028
    endloop
  endfacet
  facet normal 0.549476 -0.445066 -0.707101
    outer loop
      vertex 10.185 -8.45561 9.53293
      vertex 10.4062 -8.1302 9.5
      vertex 10.185 -8.51495 9.57028
    endloop
  endfacet
  facet normal 0.549931 -0.445323 -0.706585
    outer loop
      vertex 10.4062 -8.1302 9.5
      vertex 10.185 -8.45561 9.53293
      vertex 10.1833 -8.40546 9.5
    endloop
  endfacet
  facet normal 0.549544 -0.445066 -0.707049
    outer loop
      vertex 10.184 -8.54536 9.58859
      vertex 12.0017 -9.65523 11.7
      vertex 11.8014 -9.90255 11.7
    endloop
  endfacet
  facet normal 0.550077 -0.444309 -0.70711
    outer loop
      vertex 12.0017 -9.65523 11.7
      vertex 10.184 -8.54536 9.58859
      vertex 10.1845 -8.53072 9.57978
    endloop
  endfacet
  facet normal 0.549535 -0.445077 0.707048
    outer loop
      vertex 12.1398 -9.48466 7.29999
      vertex 10.4062 -8.1302 9.5
      vertex 11.9395 -9.73197 7.29999
    endloop
  endfacet
  facet normal 0.549931 -0.445323 0.706585
    outer loop
      vertex 10.4062 -8.1302 9.5
      vertex 10.1833 -8.40546 9.5
      vertex 10.185 -8.45561 9.46707
    endloop
  endfacet
  facet normal 0.549586 -0.445021 0.707044
    outer loop
      vertex 10.184 -8.54536 9.41141
      vertex 11.9395 -9.73197 7.29999
      vertex 10.4062 -8.1302 9.5
    endloop
  endfacet
  facet normal 0.549476 -0.445066 0.707101
    outer loop
      vertex 10.185 -8.51495 9.42972
      vertex 10.4062 -8.1302 9.5
      vertex 10.185 -8.45561 9.46707
    endloop
  endfacet
  facet normal 0.548189 -0.444566 0.708414
    outer loop
      vertex 10.184 -8.54536 9.41141
      vertex 10.4062 -8.1302 9.5
      vertex 10.185 -8.51495 9.42972
    endloop
  endfacet
  facet normal 0.549624 -0.444971 0.707046
    outer loop
      vertex 11.9395 -9.73197 7.29999
      vertex 10.184 -8.54536 9.41141
      vertex 11.8014 -9.90255 7.29999
    endloop
  endfacet
  facet normal 0.53369 -0.463938 -0.707062
    outer loop
      vertex 10.0969 -9.02555 9.838
      vertex 11.8014 -9.90255 11.7
      vertex 11.6574 -10.0682 11.7
    endloop
  endfacet
  facet normal 0.533741 -0.463899 -0.707049
    outer loop
      vertex 11.8014 -9.90255 11.7
      vertex 10.183 -8.57425 9.60679
      vertex 10.184 -8.54536 9.58859
    endloop
  endfacet
  facet normal 0.533373 -0.464335 -0.707041
    outer loop
      vertex 11.8014 -9.90255 11.7
      vertex 10.1788 -8.63345 9.6425
      vertex 10.183 -8.57425 9.60679
    endloop
  endfacet
  facet normal 0.533698 -0.463939 -0.707055
    outer loop
      vertex 11.8014 -9.90255 11.7
      vertex 10.1726 -8.69246 9.67654
      vertex 10.1788 -8.63345 9.6425
    endloop
  endfacet
  facet normal 0.534007 -0.463556 -0.707073
    outer loop
      vertex 11.8014 -9.90255 11.7
      vertex 10.1644 -8.75122 9.70887
      vertex 10.1726 -8.69246 9.67654
    endloop
  endfacet
  facet normal 0.533189 -0.4646 -0.707005
    outer loop
      vertex 11.8014 -9.90255 11.7
      vertex 10.154 -8.80966 9.73943
      vertex 10.1644 -8.75122 9.70887
    endloop
  endfacet
  facet normal 0.533916 -0.463645 -0.707083
    outer loop
      vertex 11.8014 -9.90255 11.7
      vertex 10.1417 -8.8677 9.7682
      vertex 10.154 -8.80966 9.73943
    endloop
  endfacet
  facet normal 0.533928 -0.463629 -0.707085
    outer loop
      vertex 11.8014 -9.90255 11.7
      vertex 10.1274 -8.92527 9.79515
      vertex 10.1417 -8.8677 9.7682
    endloop
  endfacet
  facet normal 0.533482 -0.464253 -0.707013
    outer loop
      vertex 11.8014 -9.90255 11.7
      vertex 10.111 -8.98231 9.82023
      vertex 10.1274 -8.92527 9.79515
    endloop
  endfacet
  facet normal 0.533339 -0.464459 -0.706985
    outer loop
      vertex 11.8014 -9.90255 11.7
      vertex 10.0969 -9.02555 9.838
      vertex 10.111 -8.98231 9.82023
    endloop
  endfacet
  facet normal 0.533702 -0.463934 -0.707055
    outer loop
      vertex 10.0793 -9.07545 9.85742
      vertex 11.6574 -10.0682 11.7
      vertex 11.4486 -10.3084 11.7
    endloop
  endfacet
  facet normal 0.535963 -0.460953 -0.707295
    outer loop
      vertex 11.6574 -10.0682 11.7
      vertex 10.0927 -9.03875 9.84342
      vertex 10.0969 -9.02555 9.838
    endloop
  endfacet
  facet normal 0.533331 -0.464434 -0.707007
    outer loop
      vertex 11.6574 -10.0682 11.7
      vertex 10.0793 -9.07545 9.85742
      vertex 10.0927 -9.03875 9.84342
    endloop
  endfacet
  facet normal 0.532296 -0.465591 0.707027
    outer loop
      vertex 10.1833 -8.56373 9.39984
      vertex 11.8014 -9.90255 7.29999
      vertex 10.184 -8.54536 9.41141
    endloop
  endfacet
  facet normal 0.533655 -0.46399 0.707054
    outer loop
      vertex 11.8014 -9.90255 7.29999
      vertex 10.1833 -8.56373 9.39984
      vertex 11.5926 -10.1427 7.29999
    endloop
  endfacet
  facet normal 0.536867 -0.460727 0.706756
    outer loop
      vertex 10.183 -8.57425 9.39321
      vertex 11.5926 -10.1427 7.29999
      vertex 10.1833 -8.56373 9.39984
    endloop
  endfacet
  facet normal 0.533311 -0.464352 0.707077
    outer loop
      vertex 10.1788 -8.63345 9.3575
      vertex 11.5926 -10.1427 7.29999
      vertex 10.183 -8.57425 9.39321
    endloop
  endfacet
  facet normal 0.533711 -0.463936 0.707047
    outer loop
      vertex 10.1726 -8.69246 9.32346
      vertex 11.5926 -10.1427 7.29999
      vertex 10.1788 -8.63345 9.3575
    endloop
  endfacet
  facet normal 0.534084 -0.46354 0.707025
    outer loop
      vertex 10.1644 -8.75122 9.29113
      vertex 11.5926 -10.1427 7.29999
      vertex 10.1726 -8.69246 9.32346
    endloop
  endfacet
  facet normal 0.533094 -0.464616 0.707066
    outer loop
      vertex 10.154 -8.80966 9.26057
      vertex 11.5926 -10.1427 7.29999
      vertex 10.1644 -8.75122 9.29113
    endloop
  endfacet
  facet normal 0.533972 -0.463638 0.707046
    outer loop
      vertex 10.1417 -8.8677 9.2318
      vertex 11.5926 -10.1427 7.29999
      vertex 10.154 -8.80966 9.26057
    endloop
  endfacet
  facet normal 0.533984 -0.463624 0.707046
    outer loop
      vertex 10.1274 -8.92527 9.20485
      vertex 11.5926 -10.1427 7.29999
      vertex 10.1417 -8.8677 9.2318
    endloop
  endfacet
  facet normal 0.533449 -0.464254 0.707037
    outer loop
      vertex 10.111 -8.98231 9.17977
      vertex 11.5926 -10.1427 7.29999
      vertex 10.1274 -8.92527 9.20485
    endloop
  endfacet
  facet normal 0.533953 -0.463643 0.707057
    outer loop
      vertex 10.0927 -9.03875 9.15658
      vertex 11.5926 -10.1427 7.29999
      vertex 10.111 -8.98231 9.17977
    endloop
  endfacet
  facet normal 0.53332 -0.464433 0.707016
    outer loop
      vertex 10.0793 -9.07545 9.14258
      vertex 11.5926 -10.1427 7.29999
      vertex 10.0927 -9.03875 9.15658
    endloop
  endfacet
  facet normal 0.533766 -0.463864 0.707053
    outer loop
      vertex 11.5926 -10.1427 7.29999
      vertex 10.0793 -9.07545 9.14258
      vertex 11.4486 -10.3084 7.29999
    endloop
  endfacet
  facet normal 0.517138 -0.48234 -0.707048
    outer loop
      vertex 9.97213 -9.30946 9.93864
      vertex 11.4486 -10.3084 11.7
      vertex 11.2989 -10.4689 11.7
    endloop
  endfacet
  facet normal 0.518039 -0.481345 -0.707066
    outer loop
      vertex 11.4486 -10.3084 11.7
      vertex 10.0724 -9.09451 9.86534
      vertex 10.0793 -9.07545 9.85742
    endloop
  endfacet
  facet normal 0.516687 -0.482836 -0.707038
    outer loop
      vertex 11.4486 -10.3084 11.7
      vertex 10.0501 -9.14952 9.88661
      vertex 10.0724 -9.09451 9.86534
    endloop
  endfacet
  facet normal 0.517408 -0.482017 -0.707071
    outer loop
      vertex 11.4486 -10.3084 11.7
      vertex 10.026 -9.20373 9.90593
      vertex 10.0501 -9.14952 9.88661
    endloop
  endfacet
  facet normal 0.517191 -0.482272 -0.707055
    outer loop
      vertex 11.4486 -10.3084 11.7
      vertex 9.99999 -9.25706 9.92328
      vertex 10.026 -9.20373 9.90593
    endloop
  endfacet
  facet normal 0.51721 -0.482249 -0.707057
    outer loop
      vertex 11.4486 -10.3084 11.7
      vertex 9.97213 -9.30946 9.93864
      vertex 9.99999 -9.25706 9.92328
    endloop
  endfacet
  facet normal 0.517253 -0.482212 -0.707051
    outer loop
      vertex 11.2989 -10.4689 11.7
      vertex 9.94247 -9.36085 9.95199
      vertex 9.97213 -9.30946 9.93864
    endloop
  endfacet
  facet normal 0.517101 -0.482386 -0.707043
    outer loop
      vertex 11.2989 -10.4689 11.7
      vertex 9.91102 -9.41117 9.96332
      vertex 9.94247 -9.36085 9.95199
    endloop
  endfacet
  facet normal 0.517166 -0.482308 -0.707048
    outer loop
      vertex 9.91102 -9.41117 9.96332
      vertex 11.2989 -10.4689 11.7
      vertex 9.88441 -9.45061 9.97076
    endloop
  endfacet
  facet normal 0.517279 -0.482172 -0.707059
    outer loop
      vertex 9.87784 -9.46036 9.9726
      vertex 11.2989 -10.4689 11.7
      vertex 11.0819 -10.7017 11.7
    endloop
  endfacet
  facet normal 0.517368 -0.482063 -0.707069
    outer loop
      vertex 11.2989 -10.4689 11.7
      vertex 9.87784 -9.46036 9.9726
      vertex 9.88441 -9.45061 9.97076
    endloop
  endfacet
  facet normal 0.51717 -0.482283 -0.707063
    outer loop
      vertex 9.87784 -9.46036 9.9726
      vertex 11.0819 -10.7017 11.7
      vertex 9.8443 -9.50653 9.97956
    endloop
  endfacet
  facet normal 0.518042 -0.481345 0.707064
    outer loop
      vertex 10.0724 -9.09451 9.13466
      vertex 11.4486 -10.3084 7.29999
      vertex 10.0793 -9.07545 9.14258
    endloop
  endfacet
  facet normal 0.516782 -0.482734 0.707039
    outer loop
      vertex 10.058 -9.13005 9.12092
      vertex 11.4486 -10.3084 7.29999
      vertex 10.0724 -9.09451 9.13466
    endloop
  endfacet
  facet normal 0.51718 -0.482287 0.707053
    outer loop
      vertex 11.4486 -10.3084 7.29999
      vertex 10.058 -9.13005 9.12092
      vertex 11.2316 -10.5411 7.29999
    endloop
  endfacet
  facet normal 0.516411 -0.483013 0.70712
    outer loop
      vertex 10.0501 -9.14952 9.11339
      vertex 11.2316 -10.5411 7.29999
      vertex 10.058 -9.13005 9.12092
    endloop
  endfacet
  facet normal 0.517449 -0.482023 0.707036
    outer loop
      vertex 10.026 -9.20373 9.09407
      vertex 11.2316 -10.5411 7.29999
      vertex 10.0501 -9.14952 9.11339
    endloop
  endfacet
  facet normal 0.517195 -0.482273 0.707052
    outer loop
      vertex 9.99999 -9.25706 9.07672
      vertex 11.2316 -10.5411 7.29999
      vertex 10.026 -9.20373 9.09407
    endloop
  endfacet
  facet normal 0.517216 -0.482251 0.707051
    outer loop
      vertex 9.97213 -9.30946 9.06136
      vertex 11.2316 -10.5411 7.29999
      vertex 9.99999 -9.25706 9.07672
    endloop
  endfacet
  facet normal 0.517254 -0.482212 0.70705
    outer loop
      vertex 9.94247 -9.36085 9.04801
      vertex 11.2316 -10.5411 7.29999
      vertex 9.97213 -9.30946 9.06136
    endloop
  endfacet
  facet normal 0.517096 -0.482383 0.707049
    outer loop
      vertex 9.91102 -9.41117 9.03668
      vertex 11.2316 -10.5411 7.29999
      vertex 9.94247 -9.36085 9.04801
    endloop
  endfacet
  facet normal 0.517206 -0.48226 0.707053
    outer loop
      vertex 9.87784 -9.46036 9.0274
      vertex 11.2316 -10.5411 7.29999
      vertex 9.91102 -9.41117 9.03668
    endloop
  endfacet
  facet normal 0.51718 -0.482289 0.707051
    outer loop
      vertex 9.8443 -9.50653 9.02044
      vertex 11.2316 -10.5411 7.29999
      vertex 9.87784 -9.46036 9.0274
    endloop
  endfacet
  facet normal 0.517279 -0.482171 0.70706
    outer loop
      vertex 11.2316 -10.5411 7.29999
      vertex 9.8443 -9.50653 9.02044
      vertex 11.0819 -10.7017 7.29999
    endloop
  endfacet
  facet normal 0.50003 -0.50003 -0.707064
    outer loop
      vertex 9.68736 -9.68736 9.99646
      vertex 11.0819 -10.7017 11.7
      vertex 10.7017 -11.0819 11.7
    endloop
  endfacet
  facet normal 0.500821 -0.499226 -0.707073
    outer loop
      vertex 11.0819 -10.7017 11.7
      vertex 9.84296 -9.50837 9.97991
      vertex 9.8443 -9.50653 9.97956
    endloop
  endfacet
  facet normal 0.50007 -0.499992 -0.707063
    outer loop
      vertex 11.0819 -10.7017 11.7
      vertex 9.80643 -9.55513 9.98714
      vertex 9.84296 -9.50837 9.97991
    endloop
  endfacet
  facet normal 0.499947 -0.500122 -0.707058
    outer loop
      vertex 11.0819 -10.7017 11.7
      vertex 9.76829 -9.60058 9.99232
      vertex 9.80643 -9.55513 9.98714
    endloop
  endfacet
  facet normal 0.500067 -0.49999 -0.707066
    outer loop
      vertex 11.0819 -10.7017 11.7
      vertex 9.72858 -9.64468 9.99542
      vertex 9.76829 -9.60058 9.99232
    endloop
  endfacet
  facet normal 0.499972 -0.500098 -0.707057
    outer loop
      vertex 11.0819 -10.7017 11.7
      vertex 9.68736 -9.68736 9.99646
      vertex 9.72858 -9.64468 9.99542
    endloop
  endfacet
  facet normal 0.500098 -0.499972 -0.707057
    outer loop
      vertex 10.7017 -11.0819 11.7
      vertex 9.64468 -9.72858 9.99542
      vertex 9.68736 -9.68736 9.99646
    endloop
  endfacet
  facet normal 0.49999 -0.500067 -0.707066
    outer loop
      vertex 10.7017 -11.0819 11.7
      vertex 9.60058 -9.76829 9.99232
      vertex 9.64468 -9.72858 9.99542
    endloop
  endfacet
  facet normal 0.500122 -0.499947 -0.707058
    outer loop
      vertex 10.7017 -11.0819 11.7
      vertex 9.55513 -9.80643 9.98714
      vertex 9.60058 -9.76829 9.99232
    endloop
  endfacet
  facet normal 0.499992 -0.50007 -0.707063
    outer loop
      vertex 10.7017 -11.0819 11.7
      vertex 9.50837 -9.84296 9.97991
      vertex 9.55513 -9.80643 9.98714
    endloop
  endfacet
  facet normal 0.499226 -0.500821 -0.707073
    outer loop
      vertex 9.50837 -9.84296 9.97991
      vertex 10.7017 -11.0819 11.7
      vertex 9.50653 -9.8443 9.97956
    endloop
  endfacet
  facet normal 0.500823 -0.499227 0.707071
    outer loop
      vertex 9.84296 -9.50837 9.02009
      vertex 11.0819 -10.7017 7.29999
      vertex 9.8443 -9.50653 9.02044
    endloop
  endfacet
  facet normal 0.500072 -0.499993 0.707061
    outer loop
      vertex 9.80643 -9.55513 9.01286
      vertex 11.0819 -10.7017 7.29999
      vertex 9.84296 -9.50837 9.02009
    endloop
  endfacet
  facet normal 0.499949 -0.500123 0.707056
    outer loop
      vertex 9.76829 -9.60058 9.00768
      vertex 11.0819 -10.7017 7.29999
      vertex 9.80643 -9.55513 9.01286
    endloop
  endfacet
  facet normal 0.500069 -0.499992 0.707064
    outer loop
      vertex 9.72858 -9.64468 9.00458
      vertex 11.0819 -10.7017 7.29999
      vertex 9.76829 -9.60058 9.00768
    endloop
  endfacet
  facet normal 0.499973 -0.500099 0.707055
    outer loop
      vertex 9.68736 -9.68736 9.00354
      vertex 11.0819 -10.7017 7.29999
      vertex 9.72858 -9.64468 9.00458
    endloop
  endfacet
  facet normal 0.500031 -0.500031 0.707062
    outer loop
      vertex 11.0819 -10.7017 7.29999
      vertex 9.68736 -9.68736 9.00354
      vertex 10.7017 -11.0819 7.29999
    endloop
  endfacet
  facet normal 0.500099 -0.499973 0.707055
    outer loop
      vertex 9.64468 -9.72858 9.00458
      vertex 10.7017 -11.0819 7.29999
      vertex 9.68736 -9.68736 9.00354
    endloop
  endfacet
  facet normal 0.499992 -0.500069 0.707064
    outer loop
      vertex 9.60058 -9.76829 9.00768
      vertex 10.7017 -11.0819 7.29999
      vertex 9.64468 -9.72858 9.00458
    endloop
  endfacet
  facet normal 0.500123 -0.499949 0.707056
    outer loop
      vertex 9.55513 -9.80643 9.01286
      vertex 10.7017 -11.0819 7.29999
      vertex 9.60058 -9.76829 9.00768
    endloop
  endfacet
  facet normal 0.499993 -0.500072 0.707061
    outer loop
      vertex 9.50837 -9.84296 9.02009
      vertex 10.7017 -11.0819 7.29999
      vertex 9.55513 -9.80643 9.01286
    endloop
  endfacet
  facet normal 0.499227 -0.500823 0.707071
    outer loop
      vertex 10.7017 -11.0819 7.29999
      vertex 9.50837 -9.84296 9.02009
      vertex 9.50653 -9.8443 9.02044
    endloop
  endfacet
  facet normal 0.48217 -0.517278 -0.707062
    outer loop
      vertex 10.5411 -11.2316 11.7
      vertex 9.50653 -9.8443 9.97956
      vertex 10.7017 -11.0819 11.7
    endloop
  endfacet
  facet normal 0.482288 -0.517178 -0.707053
    outer loop
      vertex 10.5411 -11.2316 11.7
      vertex 9.46036 -9.87784 9.9726
      vertex 9.50653 -9.8443 9.97956
    endloop
  endfacet
  facet normal 0.482259 -0.517204 -0.707055
    outer loop
      vertex 10.5411 -11.2316 11.7
      vertex 9.41117 -9.91102 9.96332
      vertex 9.46036 -9.87784 9.9726
    endloop
  endfacet
  facet normal 0.482382 -0.517094 -0.707051
    outer loop
      vertex 10.5411 -11.2316 11.7
      vertex 9.36085 -9.94247 9.95199
      vertex 9.41117 -9.91102 9.96332
    endloop
  endfacet
  facet normal 0.482211 -0.517252 -0.707052
    outer loop
      vertex 10.5411 -11.2316 11.7
      vertex 9.30946 -9.97213 9.93864
      vertex 9.36085 -9.94247 9.95199
    endloop
  endfacet
  facet normal 0.48225 -0.517214 -0.707053
    outer loop
      vertex 10.5411 -11.2316 11.7
      vertex 9.25706 -9.99999 9.92328
      vertex 9.30946 -9.97213 9.93864
    endloop
  endfacet
  facet normal 0.482272 -0.517193 -0.707054
    outer loop
      vertex 10.5411 -11.2316 11.7
      vertex 9.20373 -10.026 9.90593
      vertex 9.25706 -9.99999 9.92328
    endloop
  endfacet
  facet normal 0.482023 -0.517447 -0.707038
    outer loop
      vertex 10.5411 -11.2316 11.7
      vertex 9.14952 -10.0501 9.88661
      vertex 9.20373 -10.026 9.90593
    endloop
  endfacet
  facet normal 0.483013 -0.516409 -0.707122
    outer loop
      vertex 9.14952 -10.0501 9.88661
      vertex 10.5411 -11.2316 11.7
      vertex 9.13005 -10.058 9.87908
    endloop
  endfacet
  facet normal 0.482286 -0.517179 -0.707055
    outer loop
      vertex 10.3084 -11.4486 11.7
      vertex 9.13005 -10.058 9.87908
      vertex 10.5411 -11.2316 11.7
    endloop
  endfacet
  facet normal 0.482734 -0.51678 -0.70704
    outer loop
      vertex 10.3084 -11.4486 11.7
      vertex 9.09451 -10.0724 9.86534
      vertex 9.13005 -10.058 9.87908
    endloop
  endfacet
  facet normal 0.481345 -0.518039 -0.707066
    outer loop
      vertex 9.09451 -10.0724 9.86534
      vertex 10.3084 -11.4486 11.7
      vertex 9.07545 -10.0793 9.85742
    endloop
  endfacet
  facet normal 0.482171 -0.517279 0.70706
    outer loop
      vertex 9.50653 -9.8443 9.02044
      vertex 10.4689 -11.2989 7.29999
      vertex 10.7017 -11.0819 7.29999
    endloop
  endfacet
  facet normal 0.482292 -0.517184 0.707047
    outer loop
      vertex 9.46036 -9.87784 9.0274
      vertex 10.4689 -11.2989 7.29999
      vertex 9.50653 -9.8443 9.02044
    endloop
  endfacet
  facet normal 0.482064 -0.51737 0.707067
    outer loop
      vertex 10.4689 -11.2989 7.29999
      vertex 9.46036 -9.87784 9.0274
      vertex 9.45061 -9.88441 9.02924
    endloop
  endfacet
  facet normal 0.482309 -0.517168 0.707046
    outer loop
      vertex 9.41117 -9.91102 9.03668
      vertex 10.4689 -11.2989 7.29999
      vertex 9.45061 -9.88441 9.02924
    endloop
  endfacet
  facet normal 0.482386 -0.517103 0.707041
    outer loop
      vertex 9.36085 -9.94247 9.04801
      vertex 10.4689 -11.2989 7.29999
      vertex 9.41117 -9.91102 9.03668
    endloop
  endfacet
  facet normal 0.482343 -0.517141 0.707043
    outer loop
      vertex 10.4689 -11.2989 7.29999
      vertex 9.36085 -9.94247 9.04801
      vertex 10.3084 -11.4486 7.29999
    endloop
  endfacet
  facet normal 0.482209 -0.517244 0.707059
    outer loop
      vertex 9.30946 -9.97213 9.06136
      vertex 10.3084 -11.4486 7.29999
      vertex 9.36085 -9.94247 9.04801
    endloop
  endfacet
  facet normal 0.48225 -0.517212 0.707055
    outer loop
      vertex 9.25706 -9.99999 9.07672
      vertex 10.3084 -11.4486 7.29999
      vertex 9.30946 -9.97213 9.06136
    endloop
  endfacet
  facet normal 0.482272 -0.517193 0.707054
    outer loop
      vertex 9.20373 -10.026 9.09407
      vertex 10.3084 -11.4486 7.29999
      vertex 9.25706 -9.99999 9.07672
    endloop
  endfacet
  facet normal 0.482017 -0.51741 0.707069
    outer loop
      vertex 9.14952 -10.0501 9.11339
      vertex 10.3084 -11.4486 7.29999
      vertex 9.20373 -10.026 9.09407
    endloop
  endfacet
  facet normal 0.482837 -0.51669 0.707037
    outer loop
      vertex 9.09451 -10.0724 9.13466
      vertex 10.3084 -11.4486 7.29999
      vertex 9.14952 -10.0501 9.11339
    endloop
  endfacet
  facet normal 0.481345 -0.518042 0.707064
    outer loop
      vertex 10.3084 -11.4486 7.29999
      vertex 9.09451 -10.0724 9.13466
      vertex 9.07545 -10.0793 9.14258
    endloop
  endfacet
  facet normal 0.463863 -0.533765 -0.707054
    outer loop
      vertex 10.1427 -11.5926 11.7
      vertex 9.07545 -10.0793 9.85742
      vertex 10.3084 -11.4486 11.7
    endloop
  endfacet
  facet normal 0.464433 -0.533318 -0.707018
    outer loop
      vertex 10.1427 -11.5926 11.7
      vertex 9.03875 -10.0927 9.84342
      vertex 9.07545 -10.0793 9.85742
    endloop
  endfacet
  facet normal 0.463643 -0.533951 -0.707059
    outer loop
      vertex 10.1427 -11.5926 11.7
      vertex 8.98231 -10.111 9.82023
      vertex 9.03875 -10.0927 9.84342
    endloop
  endfacet
  facet normal 0.464254 -0.533446 -0.707038
    outer loop
      vertex 10.1427 -11.5926 11.7
      vertex 8.92527 -10.1274 9.79515
      vertex 8.98231 -10.111 9.82023
    endloop
  endfacet
  facet normal 0.463625 -0.533981 -0.707048
    outer loop
      vertex 10.1427 -11.5926 11.7
      vertex 8.8677 -10.1417 9.7682
      vertex 8.92527 -10.1274 9.79515
    endloop
  endfacet
  facet normal 0.463639 -0.533969 -0.707048
    outer loop
      vertex 10.1427 -11.5926 11.7
      vertex 8.80966 -10.154 9.73943
      vertex 8.8677 -10.1417 9.7682
    endloop
  endfacet
  facet normal 0.464616 -0.533091 -0.707068
    outer loop
      vertex 10.1427 -11.5926 11.7
      vertex 8.75122 -10.1644 9.70887
      vertex 8.80966 -10.154 9.73943
    endloop
  endfacet
  facet normal 0.463541 -0.534081 -0.707027
    outer loop
      vertex 10.1427 -11.5926 11.7
      vertex 8.69246 -10.1726 9.67654
      vertex 8.75122 -10.1644 9.70887
    endloop
  endfacet
  facet normal 0.463937 -0.533708 -0.707049
    outer loop
      vertex 10.1427 -11.5926 11.7
      vertex 8.63345 -10.1788 9.6425
      vertex 8.69246 -10.1726 9.67654
    endloop
  endfacet
  facet normal 0.464352 -0.533307 -0.707078
    outer loop
      vertex 10.1427 -11.5926 11.7
      vertex 8.57425 -10.183 9.60679
      vertex 8.63345 -10.1788 9.6425
    endloop
  endfacet
  facet normal 0.460728 -0.536864 -0.706758
    outer loop
      vertex 8.57425 -10.183 9.60679
      vertex 10.1427 -11.5926 11.7
      vertex 8.56373 -10.1833 9.60016
    endloop
  endfacet
  facet normal 0.463989 -0.533654 -0.707056
    outer loop
      vertex 9.90255 -11.8014 11.7
      vertex 8.56373 -10.1833 9.60016
      vertex 10.1427 -11.5926 11.7
    endloop
  endfacet
  facet normal 0.465592 -0.532293 -0.707028
    outer loop
      vertex 8.56373 -10.1833 9.60016
      vertex 9.90255 -11.8014 11.7
      vertex 8.54536 -10.184 9.58859
    endloop
  endfacet
  facet normal 0.463935 -0.533704 0.707053
    outer loop
      vertex 9.07545 -10.0793 9.14258
      vertex 10.0682 -11.6574 7.29999
      vertex 10.3084 -11.4486 7.29999
    endloop
  endfacet
  facet normal 0.464434 -0.533333 0.707005
    outer loop
      vertex 9.03875 -10.0927 9.15658
      vertex 10.0682 -11.6574 7.29999
      vertex 9.07545 -10.0793 9.14258
    endloop
  endfacet
  facet normal 0.460953 -0.535965 0.707293
    outer loop
      vertex 10.0682 -11.6574 7.29999
      vertex 9.03875 -10.0927 9.15658
      vertex 9.02555 -10.0969 9.162
    endloop
  endfacet
  facet normal 0.46394 -0.533692 0.70706
    outer loop
      vertex 9.02555 -10.0969 9.162
      vertex 9.90255 -11.8014 7.29999
      vertex 10.0682 -11.6574 7.29999
    endloop
  endfacet
  facet normal 0.464459 -0.533341 0.706983
    outer loop
      vertex 8.98231 -10.111 9.17977
      vertex 9.90255 -11.8014 7.29999
      vertex 9.02555 -10.0969 9.162
    endloop
  endfacet
  facet normal 0.464253 -0.533484 0.707011
    outer loop
      vertex 8.92527 -10.1274 9.20485
      vertex 9.90255 -11.8014 7.29999
      vertex 8.98231 -10.111 9.17977
    endloop
  endfacet
  facet normal 0.463629 -0.53393 0.707083
    outer loop
      vertex 8.8677 -10.1417 9.2318
      vertex 9.90255 -11.8014 7.29999
      vertex 8.92527 -10.1274 9.20485
    endloop
  endfacet
  facet normal 0.463645 -0.533919 0.707082
    outer loop
      vertex 8.80966 -10.154 9.26057
      vertex 9.90255 -11.8014 7.29999
      vertex 8.8677 -10.1417 9.2318
    endloop
  endfacet
  facet normal 0.4646 -0.533192 0.707003
    outer loop
      vertex 8.75122 -10.1644 9.29113
      vertex 9.90255 -11.8014 7.29999
      vertex 8.80966 -10.154 9.26057
    endloop
  endfacet
  facet normal 0.463555 -0.53401 0.707072
    outer loop
      vertex 8.69246 -10.1726 9.32346
      vertex 9.90255 -11.8014 7.29999
      vertex 8.75122 -10.1644 9.29113
    endloop
  endfacet
  facet normal 0.463939 -0.533701 0.707053
    outer loop
      vertex 8.63345 -10.1788 9.3575
      vertex 9.90255 -11.8014 7.29999
      vertex 8.69246 -10.1726 9.32346
    endloop
  endfacet
  facet normal 0.464334 -0.533375 0.70704
    outer loop
      vertex 8.57425 -10.183 9.39321
      vertex 9.90255 -11.8014 7.29999
      vertex 8.63345 -10.1788 9.3575
    endloop
  endfacet
  facet normal 0.463898 -0.533744 0.707048
    outer loop
      vertex 9.90255 -11.8014 7.29999
      vertex 8.57425 -10.183 9.39321
      vertex 8.54536 -10.184 9.41141
    endloop
  endfacet
  facet normal 0.44497 -0.549623 -0.707048
    outer loop
      vertex 9.73197 -11.9395 11.7
      vertex 8.54536 -10.184 9.58859
      vertex 9.90255 -11.8014 11.7
    endloop
  endfacet
  facet normal 0.445021 -0.549585 -0.707045
    outer loop
      vertex 8.1302 -10.4062 9.5
      vertex 8.54536 -10.184 9.58859
      vertex 9.73197 -11.9395 11.7
    endloop
  endfacet
  facet normal 0.444566 -0.548189 -0.708414
    outer loop
      vertex 8.54536 -10.184 9.58859
      vertex 8.1302 -10.4062 9.5
      vertex 8.51495 -10.185 9.57028
    endloop
  endfacet
  facet normal 0.445066 -0.549476 -0.707101
    outer loop
      vertex 8.51495 -10.185 9.57028
      vertex 8.1302 -10.4062 9.5
      vertex 8.45561 -10.185 9.53293
    endloop
  endfacet
  facet normal 0.445323 -0.549931 -0.706585
    outer loop
      vertex 8.45561 -10.185 9.53293
      vertex 8.1302 -10.4062 9.5
      vertex 8.40546 -10.1833 9.5
    endloop
  endfacet
  facet normal 0.445076 -0.549534 -0.70705
    outer loop
      vertex 9.48466 -12.1398 11.7
      vertex 8.1302 -10.4062 9.5
      vertex 9.73197 -11.9395 11.7
    endloop
  endfacet
  facet normal 0.445067 -0.549545 0.707047
    outer loop
      vertex 8.54536 -10.184 9.41141
      vertex 9.65523 -12.0017 7.29999
      vertex 9.90255 -11.8014 7.29999
    endloop
  endfacet
  facet normal 0.444308 -0.55008 0.707109
    outer loop
      vertex 9.65523 -12.0017 7.29999
      vertex 8.54536 -10.184 9.41141
      vertex 8.53072 -10.1845 9.42022
    endloop
  endfacet
  facet normal 0.44498 -0.549603 0.707057
    outer loop
      vertex 8.53072 -10.1845 9.42022
      vertex 9.48466 -12.1398 7.29999
      vertex 9.65523 -12.0017 7.29999
    endloop
  endfacet
  facet normal 0.444393 -0.547746 0.708864
    outer loop
      vertex 8.1302 -10.4062 9.5
      vertex 8.53072 -10.1845 9.42022
      vertex 8.51495 -10.185 9.42972
    endloop
  endfacet
  facet normal 0.445066 -0.549476 0.707101
    outer loop
      vertex 8.1302 -10.4062 9.5
      vertex 8.51495 -10.185 9.42972
      vertex 8.45561 -10.185 9.46707
    endloop
  endfacet
  facet normal 0.445323 -0.549931 0.706585
    outer loop
      vertex 8.1302 -10.4062 9.5
      vertex 8.45561 -10.185 9.46707
      vertex 8.40546 -10.1833 9.5
    endloop
  endfacet
  facet normal 0.445039 -0.549566 0.707049
    outer loop
      vertex 8.53072 -10.1845 9.42022
      vertex 8.1302 -10.4062 9.5
      vertex 9.48466 -12.1398 7.29999
    endloop
  endfacet
  facet normal 0.425585 -0.564763 -0.70705
    outer loop
      vertex 9.30936 -12.2719 11.7
      vertex 8.1302 -10.4062 9.5
      vertex 9.48466 -12.1398 11.7
    endloop
  endfacet
  facet normal 0.425575 -0.56477 -0.707051
    outer loop
      vertex 8.1302 -10.4062 9.5
      vertex 9.30936 -12.2719 11.7
      vertex 7.76207 -10.6836 9.5
    endloop
  endfacet
  facet normal 0.425549 -0.564792 -0.707049
    outer loop
      vertex 9.0552 -12.4634 11.7
      vertex 7.76207 -10.6836 9.5
      vertex 9.30936 -12.2719 11.7
    endloop
  endfacet
  facet normal 0.42555 -0.564792 0.707048
    outer loop
      vertex 9.48466 -12.1398 7.29999
      vertex 8.1302 -10.4062 9.5
      vertex 9.2305 -12.3313 7.29999
    endloop
  endfacet
  facet normal 0.425578 -0.564773 0.707046
    outer loop
      vertex 7.76207 -10.6836 9.5
      vertex 9.2305 -12.3313 7.29999
      vertex 8.1302 -10.4062 9.5
    endloop
  endfacet
  facet normal 0.425588 -0.564765 0.707047
    outer loop
      vertex 9.2305 -12.3313 7.29999
      vertex 7.76207 -10.6836 9.5
      vertex 9.0552 -12.4634 7.29999
    endloop
  endfacet
  facet normal 0.405634 -0.579261 -0.707048
    outer loop
      vertex 8.87541 -12.5893 11.7
      vertex 7.76207 -10.6836 9.5
      vertex 9.0552 -12.4634 11.7
    endloop
  endfacet
  facet normal 0.405629 -0.579264 -0.707049
    outer loop
      vertex 7.76207 -10.6836 9.5
      vertex 8.87541 -12.5893 11.7
      vertex 7.38449 -10.948 9.5
    endloop
  endfacet
  facet normal 0.405561 -0.579319 -0.707043
    outer loop
      vertex 8.61472 -12.7718 11.7
      vertex 7.38449 -10.948 9.5
      vertex 8.87541 -12.5893 11.7
    endloop
  endfacet
  facet normal 0.405718 -0.579203 0.707048
    outer loop
      vertex 9.0552 -12.4634 7.29999
      vertex 7.76207 -10.6836 9.5
      vertex 8.79452 -12.646 7.29999
    endloop
  endfacet
  facet normal 0.405626 -0.579259 0.707055
    outer loop
      vertex 7.38449 -10.948 9.5
      vertex 8.79452 -12.646 7.29999
      vertex 7.76207 -10.6836 9.5
    endloop
  endfacet
  facet normal 0.405406 -0.579427 0.707043
    outer loop
      vertex 8.79452 -12.646 7.29999
      vertex 7.38449 -10.948 9.5
      vertex 8.61472 -12.7718 7.29999
    endloop
  endfacet
  facet normal 0.385282 -0.592999 -0.707044
    outer loop
      vertex 8.43064 -12.8914 11.7
      vertex 7.38449 -10.948 9.5
      vertex 8.61472 -12.7718 11.7
    endloop
  endfacet
  facet normal 0.385103 -0.593105 -0.707052
    outer loop
      vertex 7.38449 -10.948 9.5
      vertex 8.43064 -12.8914 11.7
      vertex 6.99792 -11.199 9.5
    endloop
  endfacet
  facet normal 0.385106 -0.593103 -0.707052
    outer loop
      vertex 8.16374 -13.0647 11.7
      vertex 6.99792 -11.199 9.5
      vertex 8.43064 -12.8914 11.7
    endloop
  endfacet
  facet normal 0.385278 -0.593003 0.707042
    outer loop
      vertex 8.61472 -12.7718 7.29999
      vertex 7.38449 -10.948 9.5
      vertex 8.34783 -12.9452 7.29999
    endloop
  endfacet
  facet normal 0.385101 -0.593102 0.707055
    outer loop
      vertex 6.99792 -11.199 9.5
      vertex 8.34783 -12.9452 7.29999
      vertex 7.38449 -10.948 9.5
    endloop
  endfacet
  facet normal 0.385036 -0.593149 0.707051
    outer loop
      vertex 8.34783 -12.9452 7.29999
      vertex 6.99792 -11.199 9.5
      vertex 8.16374 -13.0647 7.29999
    endloop
  endfacet
  facet normal 0.364342 -0.606078 -0.707053
    outer loop
      vertex 7.9756 -13.1778 11.7
      vertex 6.99792 -11.199 9.5
      vertex 8.16374 -13.0647 11.7
    endloop
  endfacet
  facet normal 0.364204 -0.606153 -0.70706
    outer loop
      vertex 6.99792 -11.199 9.5
      vertex 7.9756 -13.1778 11.7
      vertex 6.60281 -11.4364 9.5
    endloop
  endfacet
  facet normal 0.364207 -0.606152 -0.70706
    outer loop
      vertex 7.70282 -13.3417 11.7
      vertex 6.60281 -11.4364 9.5
      vertex 7.9756 -13.1778 11.7
    endloop
  endfacet
  facet normal 0.364212 -0.60616 0.70705
    outer loop
      vertex 8.16374 -13.0647 7.29999
      vertex 6.99792 -11.199 9.5
      vertex 7.89096 -13.2286 7.29999
    endloop
  endfacet
  facet normal 0.364209 -0.606161 0.70705
    outer loop
      vertex 6.60281 -11.4364 9.5
      vertex 7.89096 -13.2286 7.29999
      vertex 6.99792 -11.199 9.5
    endloop
  endfacet
  facet normal 0.364341 -0.606075 0.707057
    outer loop
      vertex 7.89096 -13.2286 7.29999
      vertex 6.60281 -11.4364 9.5
      vertex 7.70282 -13.3417 7.29999
    endloop
  endfacet
  facet normal 0.342795 -0.618513 -0.70706
    outer loop
      vertex 7.51084 -13.4481 11.7
      vertex 6.60281 -11.4364 9.5
      vertex 7.70282 -13.3417 11.7
    endloop
  endfacet
  facet normal 0.342879 -0.618471 -0.707056
    outer loop
      vertex 6.60281 -11.4364 9.5
      vertex 7.51084 -13.4481 11.7
      vertex 6.19967 -11.6599 9.5
    endloop
  endfacet
  facet normal 0.34287 -0.618477 -0.707055
    outer loop
      vertex 7.23251 -13.6024 11.7
      vertex 6.19967 -11.6599 9.5
      vertex 7.51084 -13.4481 11.7
    endloop
  endfacet
  facet normal 0.342859 -0.618479 0.707059
    outer loop
      vertex 7.70282 -13.3417 7.29999
      vertex 6.60281 -11.4364 9.5
      vertex 7.42448 -13.496 7.29999
    endloop
  endfacet
  facet normal 0.342878 -0.61847 0.707057
    outer loop
      vertex 6.19967 -11.6599 9.5
      vertex 7.42448 -13.496 7.29999
      vertex 6.60281 -11.4364 9.5
    endloop
  endfacet
  facet normal 0.342811 -0.61851 0.707054
    outer loop
      vertex 7.42448 -13.496 7.29999
      vertex 6.19967 -11.6599 9.5
      vertex 7.23251 -13.6024 7.29999
    endloop
  endfacet
  facet normal 0.320921 -0.630146 -0.707054
    outer loop
      vertex 7.03694 -13.702 11.7
      vertex 6.19967 -11.6599 9.5
      vertex 7.23251 -13.6024 11.7
    endloop
  endfacet
  facet normal 0.320969 -0.630124 -0.707052
    outer loop
      vertex 6.19967 -11.6599 9.5
      vertex 7.03694 -13.702 11.7
      vertex 5.78897 -11.8691 9.5
    endloop
  endfacet
  facet normal 0.321083 -0.630056 -0.70706
    outer loop
      vertex 6.75339 -13.8465 11.7
      vertex 5.78897 -11.8691 9.5
      vertex 7.03694 -13.702 11.7
    endloop
  endfacet
  facet normal 0.32091 -0.630153 0.707052
    outer loop
      vertex 7.23251 -13.6024 7.29999
      vertex 6.19967 -11.6599 9.5
      vertex 6.94896 -13.7468 7.29999
    endloop
  endfacet
  facet normal 0.320971 -0.630127 0.707048
    outer loop
      vertex 5.78897 -11.8691 9.5
      vertex 6.94896 -13.7468 7.29999
      vertex 6.19967 -11.6599 9.5
    endloop
  endfacet
  facet normal 0.321175 -0.630012 0.707058
    outer loop
      vertex 6.94896 -13.7468 7.29999
      vertex 5.78897 -11.8691 9.5
      vertex 6.75339 -13.8465 7.29999
    endloop
  endfacet
  facet normal 0.298954 -0.640851 -0.707062
    outer loop
      vertex 6.55446 -13.9393 11.7
      vertex 5.78897 -11.8691 9.5
      vertex 6.75339 -13.8465 11.7
    endloop
  endfacet
  facet normal 0.298847 -0.640896 -0.707067
    outer loop
      vertex 5.78897 -11.8691 9.5
      vertex 6.55446 -13.9393 11.7
      vertex 5.37121 -12.0639 9.5
    endloop
  endfacet
  facet normal 0.298689 -0.640982 -0.707055
    outer loop
      vertex 6.26604 -14.0737 11.7
      vertex 5.37121 -12.0639 9.5
      vertex 6.55446 -13.9393 11.7
    endloop
  endfacet
  facet normal 0.29887 -0.640893 0.707059
    outer loop
      vertex 6.75339 -13.8465 7.29999
      vertex 5.78897 -11.8691 9.5
      vertex 6.46497 -13.981 7.29999
    endloop
  endfacet
  facet normal 0.29885 -0.640901 0.707061
    outer loop
      vertex 5.37121 -12.0639 9.5
      vertex 6.46497 -13.981 7.29999
      vertex 5.78897 -11.8691 9.5
    endloop
  endfacet
  facet normal 0.298693 -0.640982 0.707054
    outer loop
      vertex 6.46497 -13.981 7.29999
      vertex 5.37121 -12.0639 9.5
      vertex 6.26604 -14.0737 7.29999
    endloop
  endfacet
  facet normal 0.276404 -0.650903 -0.707054
    outer loop
      vertex 6.06399 -14.1595 11.7
      vertex 5.37121 -12.0639 9.5
      vertex 6.26604 -14.0737 11.7
    endloop
  endfacet
  facet normal 0.276301 -0.650942 -0.707059
    outer loop
      vertex 5.37121 -12.0639 9.5
      vertex 6.06399 -14.1595 11.7
      vertex 4.94691 -12.244 9.5
    endloop
  endfacet
  facet normal 0.276407 -0.650889 -0.707066
    outer loop
      vertex 6.06399 -14.1595 11.7
      vertex 5.77105 -14.2839 11.7
      vertex 4.94691 -12.244 9.5
    endloop
  endfacet
  facet normal 0.276412 -0.650901 0.707053
    outer loop
      vertex 6.26604 -14.0737 7.29999
      vertex 5.37121 -12.0639 9.5
      vertex 5.9731 -14.1981 7.29999
    endloop
  endfacet
  facet normal 0.276301 -0.650941 0.70706
    outer loop
      vertex 4.94691 -12.244 9.5
      vertex 5.9731 -14.1981 7.29999
      vertex 5.37121 -12.0639 9.5
    endloop
  endfacet
  facet normal 0.2764 -0.650893 0.707065
    outer loop
      vertex 5.9731 -14.1981 7.29999
      vertex 4.94691 -12.244 9.5
      vertex 5.77105 -14.2839 7.29999
    endloop
  endfacet
  facet normal 0.253257 -0.660241 -0.707066
    outer loop
      vertex 5.56614 -14.3625 11.7
      vertex 4.94691 -12.244 9.5
      vertex 5.77105 -14.2839 11.7
    endloop
  endfacet
  facet normal 0.253443 -0.660179 -0.707058
    outer loop
      vertex 4.94691 -12.244 9.5
      vertex 5.56614 -14.3625 11.7
      vertex 4.51659 -12.4092 9.5
    endloop
  endfacet
  facet normal 0.253524 -0.660141 -0.707064
    outer loop
      vertex 5.56614 -14.3625 11.7
      vertex 5.26904 -14.4766 11.7
      vertex 4.51659 -12.4092 9.5
    endloop
  endfacet
  facet normal 0.25333 -0.660214 0.707065
    outer loop
      vertex 5.77105 -14.2839 7.29999
      vertex 4.94691 -12.244 9.5
      vertex 5.47395 -14.3979 7.29999
    endloop
  endfacet
  facet normal 0.253443 -0.660179 0.707058
    outer loop
      vertex 4.51659 -12.4092 9.5
      vertex 5.47395 -14.3979 7.29999
      vertex 4.94691 -12.244 9.5
    endloop
  endfacet
  facet normal 0.25354 -0.660137 0.707062
    outer loop
      vertex 5.47395 -14.3979 7.29999
      vertex 4.51659 -12.4092 9.5
      vertex 5.26904 -14.4766 7.29999
    endloop
  endfacet
  facet normal 0.230048 -0.668685 -0.707063
    outer loop
      vertex 5.0615 -14.548 11.7
      vertex 4.51659 -12.4092 9.5
      vertex 5.26904 -14.4766 11.7
    endloop
  endfacet
  facet normal 0.230272 -0.668618 -0.707054
    outer loop
      vertex 4.51659 -12.4092 9.5
      vertex 5.0615 -14.548 11.7
      vertex 4.08076 -12.5593 9.5
    endloop
  endfacet
  facet normal 0.230214 -0.668642 -0.70705
    outer loop
      vertex 4.7606 -14.6516 11.7
      vertex 4.08076 -12.5593 9.5
      vertex 5.0615 -14.548 11.7
    endloop
  endfacet
  facet normal 0.230209 -0.66863 0.707063
    outer loop
      vertex 5.26904 -14.4766 7.29999
      vertex 4.51659 -12.4092 9.5
      vertex 4.96814 -14.5802 7.29999
    endloop
  endfacet
  facet normal 0.23027 -0.668613 0.707059
    outer loop
      vertex 4.08076 -12.5593 9.5
      vertex 4.96814 -14.5802 7.29999
      vertex 4.51659 -12.4092 9.5
    endloop
  endfacet
  facet normal 0.230052 -0.668698 0.707049
    outer loop
      vertex 4.96814 -14.5802 7.29999
      vertex 4.08076 -12.5593 9.5
      vertex 4.7606 -14.6516 7.29999
    endloop
  endfacet
  facet normal 0.206835 -0.676239 -0.70705
    outer loop
      vertex 4.5507 -14.7158 11.7
      vertex 4.08076 -12.5593 9.5
      vertex 4.7606 -14.6516 11.7
    endloop
  endfacet
  facet normal 0.206802 -0.676248 -0.707051
    outer loop
      vertex 4.08076 -12.5593 9.5
      vertex 4.5507 -14.7158 11.7
      vertex 3.63996 -12.6941 9.5
    endloop
  endfacet
  facet normal 0.206669 -0.676298 -0.707042
    outer loop
      vertex 4.24637 -14.8088 11.7
      vertex 3.63996 -12.6941 9.5
      vertex 4.5507 -14.7158 11.7
    endloop
  endfacet
  facet normal 0.206871 -0.67623 0.707049
    outer loop
      vertex 4.7606 -14.6516 7.29999
      vertex 4.08076 -12.5593 9.5
      vertex 4.45627 -14.7447 7.29999
    endloop
  endfacet
  facet normal 0.206801 -0.676246 0.707053
    outer loop
      vertex 3.63996 -12.6941 9.5
      vertex 4.45627 -14.7447 7.29999
      vertex 4.08076 -12.5593 9.5
    endloop
  endfacet
  facet normal 0.206542 -0.676337 0.707042
    outer loop
      vertex 4.45627 -14.7447 7.29999
      vertex 3.63996 -12.6941 9.5
      vertex 4.24637 -14.8088 7.29999
    endloop
  endfacet
  facet normal 0.183298 -0.683001 -0.707044
    outer loop
      vertex 4.03435 -14.8657 11.7
      vertex 3.63996 -12.6941 9.5
      vertex 4.24637 -14.8088 11.7
    endloop
  endfacet
  facet normal 0.183027 -0.683062 -0.707055
    outer loop
      vertex 3.63996 -12.6941 9.5
      vertex 4.03435 -14.8657 11.7
      vertex 3.19473 -12.8134 9.5
    endloop
  endfacet
  facet normal 0.182894 -0.683107 -0.707046
    outer loop
      vertex 4.03435 -14.8657 11.7
      vertex 3.72696 -14.948 11.7
      vertex 3.19473 -12.8134 9.5
    endloop
  endfacet
  facet normal 0.183103 -0.683057 0.707041
    outer loop
      vertex 4.24637 -14.8088 7.29999
      vertex 3.63996 -12.6941 9.5
      vertex 3.93898 -14.8912 7.29999
    endloop
  endfacet
  facet normal 0.18303 -0.683072 0.707045
    outer loop
      vertex 3.19473 -12.8134 9.5
      vertex 3.93898 -14.8912 7.29999
      vertex 3.63996 -12.6941 9.5
    endloop
  endfacet
  facet normal 0.182997 -0.683082 0.707044
    outer loop
      vertex 3.93898 -14.8912 7.29999
      vertex 3.19473 -12.8134 9.5
      vertex 3.72696 -14.948 7.29999
    endloop
  endfacet
  facet normal 0.159152 -0.689026 -0.707046
    outer loop
      vertex 3.51309 -14.9974 11.7
      vertex 3.19473 -12.8134 9.5
      vertex 3.72696 -14.948 11.7
    endloop
  endfacet
  facet normal 0.159092 -0.689037 -0.707048
    outer loop
      vertex 3.19473 -12.8134 9.5
      vertex 3.51309 -14.9974 11.7
      vertex 2.7456 -12.9171 9.5
    endloop
  endfacet
  facet normal 0.159104 -0.689034 -0.707049
    outer loop
      vertex 3.51309 -14.9974 11.7
      vertex 3.20301 -15.069 11.7
      vertex 2.7456 -12.9171 9.5
    endloop
  endfacet
  facet normal 0.159105 -0.689039 0.707044
    outer loop
      vertex 3.72696 -14.948 7.29999
      vertex 3.19473 -12.8134 9.5
      vertex 3.41688 -15.0196 7.29999
    endloop
  endfacet
  facet normal 0.159093 -0.689041 0.707044
    outer loop
      vertex 2.7456 -12.9171 9.5
      vertex 3.41688 -15.0196 7.29999
      vertex 3.19473 -12.8134 9.5
    endloop
  endfacet
  facet normal 0.159152 -0.689025 0.707047
    outer loop
      vertex 3.41688 -15.0196 7.29999
      vertex 2.7456 -12.9171 9.5
      vertex 3.20301 -15.069 7.29999
    endloop
  endfacet
  facet normal 0.134992 -0.69416 -0.70705
    outer loop
      vertex 2.98755 -15.1109 11.7
      vertex 2.7456 -12.9171 9.5
      vertex 3.20301 -15.069 11.7
    endloop
  endfacet
  facet normal 0.134856 -0.69418 -0.707055
    outer loop
      vertex 2.7456 -12.9171 9.5
      vertex 2.98755 -15.1109 11.7
      vertex 2.29313 -13.005 9.5
    endloop
  endfacet
  facet normal 0.134884 -0.694173 -0.707057
    outer loop
      vertex 2.98755 -15.1109 11.7
      vertex 2.67516 -15.1716 11.7
      vertex 2.29313 -13.005 9.5
    endloop
  endfacet
  facet normal 0.134886 -0.694183 0.707047
    outer loop
      vertex 3.20301 -15.069 7.29999
      vertex 2.7456 -12.9171 9.5
      vertex 2.89062 -15.1297 7.29999
    endloop
  endfacet
  facet normal 0.134858 -0.694187 0.707049
    outer loop
      vertex 2.29313 -13.005 9.5
      vertex 2.89062 -15.1297 7.29999
      vertex 2.7456 -12.9171 9.5
    endloop
  endfacet
  facet normal 0.134991 -0.694155 0.707055
    outer loop
      vertex 2.67516 -15.1716 7.29999
      vertex 2.89062 -15.1297 7.29999
      vertex 2.29313 -13.005 9.5
    endloop
  endfacet
  facet normal 0.11051 -0.69847 -0.707056
    outer loop
      vertex 2.45837 -15.2059 11.7
      vertex 2.29313 -13.005 9.5
      vertex 2.67516 -15.1716 11.7
    endloop
  endfacet
  facet normal 0.110615 -0.698457 -0.707051
    outer loop
      vertex 2.29313 -13.005 9.5
      vertex 2.45837 -15.2059 11.7
      vertex 1.83787 -13.0771 9.5
    endloop
  endfacet
  facet normal 0.11066 -0.698447 -0.707054
    outer loop
      vertex 2.45837 -15.2059 11.7
      vertex 2.14405 -15.2557 11.7
      vertex 1.83787 -13.0771 9.5
    endloop
  endfacet
  facet normal 0.11066 -0.698446 0.707055
    outer loop
      vertex 2.67516 -15.1716 7.29999
      vertex 2.29313 -13.005 9.5
      vertex 2.36084 -15.2214 7.29999
    endloop
  endfacet
  facet normal 0.110614 -0.69845 0.707058
    outer loop
      vertex 1.83787 -13.0771 9.5
      vertex 2.36084 -15.2214 7.29999
      vertex 2.29313 -13.005 9.5
    endloop
  endfacet
  facet normal 0.11051 -0.698471 0.707054
    outer loop
      vertex 2.14405 -15.2557 7.29999
      vertex 2.36084 -15.2214 7.29999
      vertex 1.83787 -13.0771 9.5
    endloop
  endfacet
  facet normal 0.08634 -0.701867 -0.707056
    outer loop
      vertex 1.92619 -15.2825 11.7
      vertex 1.83787 -13.0771 9.5
      vertex 2.14405 -15.2557 11.7
    endloop
  endfacet
  facet normal 0.0862178 -0.701877 -0.707061
    outer loop
      vertex 1.83787 -13.0771 9.5
      vertex 1.92619 -15.2825 11.7
      vertex 1.38036 -13.1333 9.5
    endloop
  endfacet
  facet normal 0.0860008 -0.701918 -0.707047
    outer loop
      vertex 1.61033 -15.3212 11.7
      vertex 1.38036 -13.1333 9.5
      vertex 1.92619 -15.2825 11.7
    endloop
  endfacet
  facet normal 0.086219 -0.701885 0.707053
    outer loop
      vertex 1.83787 -13.0771 9.5
      vertex 1.82819 -15.2945 7.29999
      vertex 2.14405 -15.2557 7.29999
    endloop
  endfacet
  facet normal 0.0862187 -0.701885 0.707053
    outer loop
      vertex 1.38036 -13.1333 9.5
      vertex 1.82819 -15.2945 7.29999
      vertex 1.83787 -13.0771 9.5
    endloop
  endfacet
  facet normal 0.0860239 -0.701917 0.707045
    outer loop
      vertex 1.82819 -15.2945 7.29999
      vertex 1.38036 -13.1333 9.5
      vertex 1.61033 -15.3212 7.29999
    endloop
  endfacet
  facet normal 0.0618565 -0.704456 -0.707047
    outer loop
      vertex 1.39167 -15.3404 11.7
      vertex 1.38036 -13.1333 9.5
      vertex 1.61033 -15.3212 11.7
    endloop
  endfacet
  facet normal 0.0616737 -0.704464 -0.707055
    outer loop
      vertex 1.38036 -13.1333 9.5
      vertex 1.39167 -15.3404 11.7
      vertex 0.921178 -13.1735 9.5
    endloop
  endfacet
  facet normal 0.0615531 -0.704483 -0.707047
    outer loop
      vertex 1.07464 -15.3681 11.7
      vertex 0.921178 -13.1735 9.5
      vertex 1.39167 -15.3404 11.7
    endloop
  endfacet
  facet normal 0.0617738 -0.704465 0.707045
    outer loop
      vertex 1.38036 -13.1333 9.5
      vertex 1.2933 -15.349 7.29999
      vertex 1.61033 -15.3212 7.29999
    endloop
  endfacet
  facet normal 0.061674 -0.704468 0.707051
    outer loop
      vertex 0.921178 -13.1735 9.5
      vertex 1.2933 -15.349 7.29999
      vertex 1.38036 -13.1333 9.5
    endloop
  endfacet
  facet normal 0.061537 -0.704485 0.707046
    outer loop
      vertex 1.2933 -15.349 7.29999
      vertex 0.921178 -13.1735 9.5
      vertex 1.07464 -15.3681 7.29999
    endloop
  endfacet
  facet normal 0.0370508 -0.706196 -0.707047
    outer loop
      vertex 0.855448 -15.3796 11.7
      vertex 0.921178 -13.1735 9.5
      vertex 1.07464 -15.3681 11.7
    endloop
  endfacet
  facet normal 0.0369737 -0.706196 -0.70705
    outer loop
      vertex 0.921178 -13.1735 9.5
      vertex 0.855448 -15.3796 11.7
      vertex 0.460869 -13.1976 9.5
    endloop
  endfacet
  facet normal 0.0368881 -0.706206 -0.707044
    outer loop
      vertex 0.537648 -15.3962 11.7
      vertex 0.460869 -13.1976 9.5
      vertex 0.855448 -15.3796 11.7
    endloop
  endfacet
  facet normal 0.0371098 -0.706194 0.707046
    outer loop
      vertex 1.07464 -15.3681 7.29999
      vertex 0.921178 -13.1735 9.5
      vertex 0.756842 -15.3848 7.29999
    endloop
  endfacet
  facet normal 0.0369735 -0.706192 0.707054
    outer loop
      vertex 0.460869 -13.1976 9.5
      vertex 0.756842 -15.3848 7.29999
      vertex 0.921178 -13.1735 9.5
    endloop
  endfacet
  facet normal 0.0367293 -0.706215 0.707044
    outer loop
      vertex 0.756842 -15.3848 7.29999
      vertex 0.460869 -13.1976 9.5
      vertex 0.537648 -15.3962 7.29999
    endloop
  endfacet
  facet normal 0.012565 -0.707057 -0.707045
    outer loop
      vertex 0.318188 -15.4001 11.7
      vertex 0.460869 -13.1976 9.5
      vertex 0.537648 -15.3962 11.7
    endloop
  endfacet
  facet normal 0.0122733 -0.70705 -0.707057
    outer loop
      vertex 0.460869 -13.1976 9.5
      vertex 0.318188 -15.4001 11.7
      vertex 0 -13.2056 9.5
    endloop
  endfacet
  facet normal 0.0122217 -0.707054 -0.707054
    outer loop
      vertex 0.318188 -15.4001 11.7
      vertex 0 -15.4056 11.7
      vertex 0 -13.2056 9.5
    endloop
  endfacet
  facet normal 0.012444 -0.707061 0.707043
    outer loop
      vertex 0.460869 -13.1976 9.5
      vertex 0.21946 -15.4018 7.29999
      vertex 0.537648 -15.3962 7.29999
    endloop
  endfacet
  facet normal 0.0122428 -0.707055 0.707052
    outer loop
      vertex 0.21946 -15.4018 7.29999
      vertex 0 -13.2056 9.5
      vertex 0 -15.4056 7.29999
    endloop
  endfacet
  facet normal 0.0122734 -0.707054 0.707053
    outer loop
      vertex 0 -13.2056 9.5
      vertex 0.21946 -15.4018 7.29999
      vertex 0.460869 -13.1976 9.5
    endloop
  endfacet
  facet normal -0.0122734 -0.707052 -0.707055
    outer loop
      vertex 0 -13.2056 9.5
      vertex -0.21946 -15.4018 11.7
      vertex -0.460869 -13.1976 9.5
    endloop
  endfacet
  facet normal -0.0122428 -0.707054 -0.707054
    outer loop
      vertex -0.21946 -15.4018 11.7
      vertex 0 -13.2056 9.5
      vertex 0 -15.4056 11.7
    endloop
  endfacet
  facet normal -0.012444 -0.70706 -0.707044
    outer loop
      vertex -0.21946 -15.4018 11.7
      vertex -0.537648 -15.3962 11.7
      vertex -0.460869 -13.1976 9.5
    endloop
  endfacet
  facet normal -0.0122217 -0.707056 0.707052
    outer loop
      vertex 0 -13.2056 9.5
      vertex -0.318188 -15.4001 7.29999
      vertex 0 -15.4056 7.29999
    endloop
  endfacet
  facet normal -0.0122734 -0.707051 0.707056
    outer loop
      vertex -0.460869 -13.1976 9.5
      vertex -0.318188 -15.4001 7.29999
      vertex 0 -13.2056 9.5
    endloop
  endfacet
  facet normal -0.0125651 -0.707058 0.707044
    outer loop
      vertex -0.318188 -15.4001 7.29999
      vertex -0.460869 -13.1976 9.5
      vertex -0.537648 -15.3962 7.29999
    endloop
  endfacet
  facet normal -0.0367293 -0.706213 -0.707046
    outer loop
      vertex -0.756842 -15.3848 11.7
      vertex -0.460869 -13.1976 9.5
      vertex -0.537648 -15.3962 11.7
    endloop
  endfacet
  facet normal -0.0369734 -0.70619 -0.707056
    outer loop
      vertex -0.460869 -13.1976 9.5
      vertex -0.756842 -15.3848 11.7
      vertex -0.921178 -13.1735 9.5
    endloop
  endfacet
  facet normal -0.0371098 -0.706192 -0.707047
    outer loop
      vertex -1.07464 -15.3681 11.7
      vertex -0.921178 -13.1735 9.5
      vertex -0.756842 -15.3848 11.7
    endloop
  endfacet
  facet normal -0.0368881 -0.706208 0.707043
    outer loop
      vertex -0.537648 -15.3962 7.29999
      vertex -0.460869 -13.1976 9.5
      vertex -0.855448 -15.3796 7.29999
    endloop
  endfacet
  facet normal -0.0369738 -0.706198 0.707048
    outer loop
      vertex -0.921178 -13.1735 9.5
      vertex -0.855448 -15.3796 7.29999
      vertex -0.460869 -13.1976 9.5
    endloop
  endfacet
  facet normal -0.0370509 -0.706197 0.707045
    outer loop
      vertex -0.921178 -13.1735 9.5
      vertex -1.07464 -15.3681 7.29999
      vertex -0.855448 -15.3796 7.29999
    endloop
  endfacet
  facet normal -0.0615368 -0.704484 -0.707047
    outer loop
      vertex -1.2933 -15.349 11.7
      vertex -0.921178 -13.1735 9.5
      vertex -1.07464 -15.3681 11.7
    endloop
  endfacet
  facet normal -0.0616739 -0.704466 -0.707053
    outer loop
      vertex -0.921178 -13.1735 9.5
      vertex -1.2933 -15.349 11.7
      vertex -1.38036 -13.1333 9.5
    endloop
  endfacet
  facet normal -0.0617736 -0.704464 -0.707047
    outer loop
      vertex -1.61033 -15.3212 11.7
      vertex -1.38036 -13.1333 9.5
      vertex -1.2933 -15.349 11.7
    endloop
  endfacet
  facet normal -0.0615532 -0.704484 0.707045
    outer loop
      vertex -0.921178 -13.1735 9.5
      vertex -1.39167 -15.3404 7.29999
      vertex -1.07464 -15.3681 7.29999
    endloop
  endfacet
  facet normal -0.0616739 -0.704466 0.707053
    outer loop
      vertex -1.38036 -13.1333 9.5
      vertex -1.39167 -15.3404 7.29999
      vertex -0.921178 -13.1735 9.5
    endloop
  endfacet
  facet normal -0.0618567 -0.704457 0.707046
    outer loop
      vertex -1.39167 -15.3404 7.29999
      vertex -1.38036 -13.1333 9.5
      vertex -1.61033 -15.3212 7.29999
    endloop
  endfacet
  facet normal -0.0860237 -0.701915 -0.707047
    outer loop
      vertex -1.82819 -15.2945 11.7
      vertex -1.38036 -13.1333 9.5
      vertex -1.61033 -15.3212 11.7
    endloop
  endfacet
  facet normal -0.0862185 -0.701883 -0.707055
    outer loop
      vertex -1.38036 -13.1333 9.5
      vertex -1.82819 -15.2945 11.7
      vertex -1.83787 -13.0771 9.5
    endloop
  endfacet
  facet normal -0.0862188 -0.701883 -0.707055
    outer loop
      vertex -1.82819 -15.2945 11.7
      vertex -2.14405 -15.2557 11.7
      vertex -1.83787 -13.0771 9.5
    endloop
  endfacet
  facet normal -0.086001 -0.701919 0.707045
    outer loop
      vertex -1.38036 -13.1333 9.5
      vertex -1.92619 -15.2825 7.29999
      vertex -1.61033 -15.3212 7.29999
    endloop
  endfacet
  facet normal -0.0862179 -0.701879 0.707059
    outer loop
      vertex -1.83787 -13.0771 9.5
      vertex -1.92619 -15.2825 7.29999
      vertex -1.38036 -13.1333 9.5
    endloop
  endfacet
  facet normal -0.0863402 -0.701869 0.707054
    outer loop
      vertex -1.92619 -15.2825 7.29999
      vertex -1.83787 -13.0771 9.5
      vertex -2.14405 -15.2557 7.29999
    endloop
  endfacet
  facet normal -0.11051 -0.69847 -0.707056
    outer loop
      vertex -2.14405 -15.2557 11.7
      vertex -2.36084 -15.2214 11.7
      vertex -1.83787 -13.0771 9.5
    endloop
  endfacet
  facet normal -0.110614 -0.698449 -0.70706
    outer loop
      vertex -1.83787 -13.0771 9.5
      vertex -2.36084 -15.2214 11.7
      vertex -2.29313 -13.005 9.5
    endloop
  endfacet
  facet normal -0.11066 -0.698445 -0.707057
    outer loop
      vertex -2.36084 -15.2214 11.7
      vertex -2.67516 -15.1716 11.7
      vertex -2.29313 -13.005 9.5
    endloop
  endfacet
  facet normal -0.11066 -0.698449 0.707053
    outer loop
      vertex -2.45837 -15.2059 7.29999
      vertex -2.14405 -15.2557 7.29999
      vertex -1.83787 -13.0771 9.5
    endloop
  endfacet
  facet normal -0.110616 -0.698459 0.70705
    outer loop
      vertex -2.29313 -13.005 9.5
      vertex -2.45837 -15.2059 7.29999
      vertex -1.83787 -13.0771 9.5
    endloop
  endfacet
  facet normal -0.11051 -0.698471 0.707054
    outer loop
      vertex -2.45837 -15.2059 7.29999
      vertex -2.29313 -13.005 9.5
      vertex -2.67516 -15.1716 7.29999
    endloop
  endfacet
  facet normal -0.13499 -0.694154 -0.707056
    outer loop
      vertex -2.67516 -15.1716 11.7
      vertex -2.89062 -15.1297 11.7
      vertex -2.29313 -13.005 9.5
    endloop
  endfacet
  facet normal -0.134857 -0.694185 -0.707051
    outer loop
      vertex -2.29313 -13.005 9.5
      vertex -2.89062 -15.1297 11.7
      vertex -2.7456 -12.9171 9.5
    endloop
  endfacet
  facet normal -0.134885 -0.694182 -0.707049
    outer loop
      vertex -2.89062 -15.1297 11.7
      vertex -3.20301 -15.069 11.7
      vertex -2.7456 -12.9171 9.5
    endloop
  endfacet
  facet normal -0.134884 -0.694175 0.707055
    outer loop
      vertex -2.98755 -15.1109 7.29999
      vertex -2.67516 -15.1716 7.29999
      vertex -2.29313 -13.005 9.5
    endloop
  endfacet
  facet normal -0.134857 -0.694182 0.707054
    outer loop
      vertex -2.7456 -12.9171 9.5
      vertex -2.98755 -15.1109 7.29999
      vertex -2.29313 -13.005 9.5
    endloop
  endfacet
  facet normal -0.134992 -0.694162 0.707048
    outer loop
      vertex -2.98755 -15.1109 7.29999
      vertex -2.7456 -12.9171 9.5
      vertex -3.20301 -15.069 7.29999
    endloop
  endfacet
  facet normal -0.159152 -0.689023 -0.707049
    outer loop
      vertex -3.41688 -15.0196 11.7
      vertex -2.7456 -12.9171 9.5
      vertex -3.20301 -15.069 11.7
    endloop
  endfacet
  facet normal -0.159093 -0.689039 -0.707046
    outer loop
      vertex -2.7456 -12.9171 9.5
      vertex -3.41688 -15.0196 11.7
      vertex -3.19473 -12.8134 9.5
    endloop
  endfacet
  facet normal -0.159104 -0.689038 -0.707045
    outer loop
      vertex -3.41688 -15.0196 11.7
      vertex -3.72696 -14.948 11.7
      vertex -3.19473 -12.8134 9.5
    endloop
  endfacet
  facet normal -0.159104 -0.689036 0.707047
    outer loop
      vertex -3.51309 -14.9974 7.29999
      vertex -3.20301 -15.069 7.29999
      vertex -2.7456 -12.9171 9.5
    endloop
  endfacet
  facet normal -0.159093 -0.689039 0.707047
    outer loop
      vertex -3.19473 -12.8134 9.5
      vertex -3.51309 -14.9974 7.29999
      vertex -2.7456 -12.9171 9.5
    endloop
  endfacet
  facet normal -0.159153 -0.689028 0.707044
    outer loop
      vertex -3.51309 -14.9974 7.29999
      vertex -3.19473 -12.8134 9.5
      vertex -3.72696 -14.948 7.29999
    endloop
  endfacet
  facet normal -0.182997 -0.68308 -0.707045
    outer loop
      vertex -3.93898 -14.8912 11.7
      vertex -3.19473 -12.8134 9.5
      vertex -3.72696 -14.948 11.7
    endloop
  endfacet
  facet normal -0.18303 -0.68307 -0.707047
    outer loop
      vertex -3.19473 -12.8134 9.5
      vertex -3.93898 -14.8912 11.7
      vertex -3.63996 -12.6941 9.5
    endloop
  endfacet
  facet normal -0.183102 -0.683056 -0.707042
    outer loop
      vertex -3.93898 -14.8912 11.7
      vertex -4.24637 -14.8088 11.7
      vertex -3.63996 -12.6941 9.5
    endloop
  endfacet
  facet normal -0.182894 -0.683109 0.707045
    outer loop
      vertex -4.03435 -14.8657 7.29999
      vertex -3.72696 -14.948 7.29999
      vertex -3.19473 -12.8134 9.5
    endloop
  endfacet
  facet normal -0.183028 -0.683064 0.707054
    outer loop
      vertex -3.63996 -12.6941 9.5
      vertex -4.03435 -14.8657 7.29999
      vertex -3.19473 -12.8134 9.5
    endloop
  endfacet
  facet normal -0.183298 -0.683003 0.707042
    outer loop
      vertex -4.03435 -14.8657 7.29999
      vertex -3.63996 -12.6941 9.5
      vertex -4.24637 -14.8088 7.29999
    endloop
  endfacet
  facet normal -0.206542 -0.676336 -0.707044
    outer loop
      vertex -4.45627 -14.7447 11.7
      vertex -3.63996 -12.6941 9.5
      vertex -4.24637 -14.8088 11.7
    endloop
  endfacet
  facet normal -0.206801 -0.676245 -0.707055
    outer loop
      vertex -3.63996 -12.6941 9.5
      vertex -4.45627 -14.7447 11.7
      vertex -4.08076 -12.5593 9.5
    endloop
  endfacet
  facet normal -0.20687 -0.676228 -0.70705
    outer loop
      vertex -4.45627 -14.7447 11.7
      vertex -4.7606 -14.6516 11.7
      vertex -4.08076 -12.5593 9.5
    endloop
  endfacet
  facet normal -0.20667 -0.676299 0.707041
    outer loop
      vertex -3.63996 -12.6941 9.5
      vertex -4.5507 -14.7158 7.29999
      vertex -4.24637 -14.8088 7.29999
    endloop
  endfacet
  facet normal -0.206802 -0.676249 0.70705
    outer loop
      vertex -4.08076 -12.5593 9.5
      vertex -4.5507 -14.7158 7.29999
      vertex -3.63996 -12.6941 9.5
    endloop
  endfacet
  facet normal -0.206835 -0.676241 0.707048
    outer loop
      vertex -4.5507 -14.7158 7.29999
      vertex -4.08076 -12.5593 9.5
      vertex -4.7606 -14.6516 7.29999
    endloop
  endfacet
  facet normal -0.230052 -0.668697 -0.707051
    outer loop
      vertex -4.96814 -14.5802 11.7
      vertex -4.08076 -12.5593 9.5
      vertex -4.7606 -14.6516 11.7
    endloop
  endfacet
  facet normal -0.23027 -0.668611 -0.707061
    outer loop
      vertex -4.08076 -12.5593 9.5
      vertex -4.96814 -14.5802 11.7
      vertex -4.51659 -12.4092 9.5
    endloop
  endfacet
  facet normal -0.230209 -0.668628 -0.707065
    outer loop
      vertex -4.96814 -14.5802 11.7
      vertex -5.26904 -14.4766 11.7
      vertex -4.51659 -12.4092 9.5
    endloop
  endfacet
  facet normal -0.230214 -0.668644 0.707048
    outer loop
      vertex -4.08076 -12.5593 9.5
      vertex -5.0615 -14.548 7.29999
      vertex -4.7606 -14.6516 7.29999
    endloop
  endfacet
  facet normal -0.230273 -0.668619 0.707052
    outer loop
      vertex -4.51659 -12.4092 9.5
      vertex -5.0615 -14.548 7.29999
      vertex -4.08076 -12.5593 9.5
    endloop
  endfacet
  facet normal -0.230048 -0.668687 0.707062
    outer loop
      vertex -5.0615 -14.548 7.29999
      vertex -4.51659 -12.4092 9.5
      vertex -5.26904 -14.4766 7.29999
    endloop
  endfacet
  facet normal -0.253539 -0.660136 -0.707064
    outer loop
      vertex -5.47395 -14.3979 11.7
      vertex -4.51659 -12.4092 9.5
      vertex -5.26904 -14.4766 11.7
    endloop
  endfacet
  facet normal -0.253442 -0.660177 -0.707059
    outer loop
      vertex -4.51659 -12.4092 9.5
      vertex -5.47395 -14.3979 11.7
      vertex -4.94691 -12.244 9.5
    endloop
  endfacet
  facet normal -0.25333 -0.660213 -0.707067
    outer loop
      vertex -5.47395 -14.3979 11.7
      vertex -5.77105 -14.2839 11.7
      vertex -4.94691 -12.244 9.5
    endloop
  endfacet
  facet normal -0.253525 -0.660143 0.707062
    outer loop
      vertex -5.56614 -14.3625 7.29999
      vertex -5.26904 -14.4766 7.29999
      vertex -4.51659 -12.4092 9.5
    endloop
  endfacet
  facet normal -0.253443 -0.66018 0.707056
    outer loop
      vertex -4.94691 -12.244 9.5
      vertex -5.56614 -14.3625 7.29999
      vertex -4.51659 -12.4092 9.5
    endloop
  endfacet
  facet normal -0.253258 -0.660243 0.707064
    outer loop
      vertex -5.56614 -14.3625 7.29999
      vertex -4.94691 -12.244 9.5
      vertex -5.77105 -14.2839 7.29999
    endloop
  endfacet
  facet normal -0.2764 -0.650892 -0.707066
    outer loop
      vertex -5.9731 -14.1981 11.7
      vertex -4.94691 -12.244 9.5
      vertex -5.77105 -14.2839 11.7
    endloop
  endfacet
  facet normal -0.2763 -0.650939 -0.707062
    outer loop
      vertex -4.94691 -12.244 9.5
      vertex -5.9731 -14.1981 11.7
      vertex -5.37121 -12.0639 9.5
    endloop
  endfacet
  facet normal -0.276411 -0.6509 -0.707054
    outer loop
      vertex -6.26604 -14.0737 11.7
      vertex -5.37121 -12.0639 9.5
      vertex -5.9731 -14.1981 11.7
    endloop
  endfacet
  facet normal -0.276407 -0.65089 0.707065
    outer loop
      vertex -6.06399 -14.1595 7.29999
      vertex -5.77105 -14.2839 7.29999
      vertex -4.94691 -12.244 9.5
    endloop
  endfacet
  facet normal -0.276302 -0.650943 0.707057
    outer loop
      vertex -5.37121 -12.0639 9.5
      vertex -6.06399 -14.1595 7.29999
      vertex -4.94691 -12.244 9.5
    endloop
  endfacet
  facet normal -0.276405 -0.650905 0.707053
    outer loop
      vertex -6.06399 -14.1595 7.29999
      vertex -5.37121 -12.0639 9.5
      vertex -6.26604 -14.0737 7.29999
    endloop
  endfacet
  facet normal -0.298692 -0.64098 -0.707055
    outer loop
      vertex -6.46497 -13.981 11.7
      vertex -5.37121 -12.0639 9.5
      vertex -6.26604 -14.0737 11.7
    endloop
  endfacet
  facet normal -0.298849 -0.640899 -0.707062
    outer loop
      vertex -5.37121 -12.0639 9.5
      vertex -6.46497 -13.981 11.7
      vertex -5.78897 -11.8691 9.5
    endloop
  endfacet
  facet normal -0.298869 -0.640891 -0.707061
    outer loop
      vertex -6.75339 -13.8465 11.7
      vertex -5.78897 -11.8691 9.5
      vertex -6.46497 -13.981 11.7
    endloop
  endfacet
  facet normal -0.29869 -0.640983 0.707054
    outer loop
      vertex -5.37121 -12.0639 9.5
      vertex -6.55446 -13.9393 7.29999
      vertex -6.26604 -14.0737 7.29999
    endloop
  endfacet
  facet normal -0.298848 -0.640897 0.707065
    outer loop
      vertex -5.78897 -11.8691 9.5
      vertex -6.55446 -13.9393 7.29999
      vertex -5.37121 -12.0639 9.5
    endloop
  endfacet
  facet normal -0.298955 -0.640852 0.70706
    outer loop
      vertex -6.55446 -13.9393 7.29999
      vertex -5.78897 -11.8691 9.5
      vertex -6.75339 -13.8465 7.29999
    endloop
  endfacet
  facet normal -0.321174 -0.630011 -0.707059
    outer loop
      vertex -6.94896 -13.7468 11.7
      vertex -5.78897 -11.8691 9.5
      vertex -6.75339 -13.8465 11.7
    endloop
  endfacet
  facet normal -0.32097 -0.630126 -0.70705
    outer loop
      vertex -5.78897 -11.8691 9.5
      vertex -6.94896 -13.7468 11.7
      vertex -6.19967 -11.6599 9.5
    endloop
  endfacet
  facet normal -0.32091 -0.630152 -0.707054
    outer loop
      vertex -6.94896 -13.7468 11.7
      vertex -7.23251 -13.6024 11.7
      vertex -6.19967 -11.6599 9.5
    endloop
  endfacet
  facet normal -0.321084 -0.630058 0.707059
    outer loop
      vertex -5.78897 -11.8691 9.5
      vertex -7.03694 -13.702 7.29999
      vertex -6.75339 -13.8465 7.29999
    endloop
  endfacet
  facet normal -0.32097 -0.630126 0.70705
    outer loop
      vertex -6.19967 -11.6599 9.5
      vertex -7.03694 -13.702 7.29999
      vertex -5.78897 -11.8691 9.5
    endloop
  endfacet
  facet normal -0.320922 -0.630148 0.707052
    outer loop
      vertex -7.03694 -13.702 7.29999
      vertex -6.19967 -11.6599 9.5
      vertex -7.23251 -13.6024 7.29999
    endloop
  endfacet
  facet normal -0.342811 -0.618509 -0.707056
    outer loop
      vertex -7.42448 -13.496 11.7
      vertex -6.19967 -11.6599 9.5
      vertex -7.23251 -13.6024 11.7
    endloop
  endfacet
  facet normal -0.342878 -0.618468 -0.707059
    outer loop
      vertex -6.19967 -11.6599 9.5
      vertex -7.42448 -13.496 11.7
      vertex -6.60281 -11.4364 9.5
    endloop
  endfacet
  facet normal -0.342858 -0.618477 -0.70706
    outer loop
      vertex -7.70282 -13.3417 11.7
      vertex -6.60281 -11.4364 9.5
      vertex -7.42448 -13.496 11.7
    endloop
  endfacet
  facet normal -0.342871 -0.618478 0.707053
    outer loop
      vertex -6.19967 -11.6599 9.5
      vertex -7.51084 -13.4481 7.29999
      vertex -7.23251 -13.6024 7.29999
    endloop
  endfacet
  facet normal -0.34288 -0.618472 0.707054
    outer loop
      vertex -6.60281 -11.4364 9.5
      vertex -7.51084 -13.4481 7.29999
      vertex -6.19967 -11.6599 9.5
    endloop
  endfacet
  facet normal -0.342796 -0.618514 0.707058
    outer loop
      vertex -6.60281 -11.4364 9.5
      vertex -7.70282 -13.3417 7.29999
      vertex -7.51084 -13.4481 7.29999
    endloop
  endfacet
  facet normal -0.36434 -0.606073 -0.707059
    outer loop
      vertex -7.89096 -13.2286 11.7
      vertex -6.60281 -11.4364 9.5
      vertex -7.70282 -13.3417 11.7
    endloop
  endfacet
  facet normal -0.364208 -0.60616 -0.707052
    outer loop
      vertex -6.60281 -11.4364 9.5
      vertex -7.89096 -13.2286 11.7
      vertex -6.99792 -11.199 9.5
    endloop
  endfacet
  facet normal -0.364211 -0.606159 -0.707052
    outer loop
      vertex -8.16374 -13.0647 11.7
      vertex -6.99792 -11.199 9.5
      vertex -7.89096 -13.2286 11.7
    endloop
  endfacet
  facet normal -0.364207 -0.606153 0.707058
    outer loop
      vertex -6.60281 -11.4364 9.5
      vertex -7.9756 -13.1778 7.29999
      vertex -7.70282 -13.3417 7.29999
    endloop
  endfacet
  facet normal -0.364205 -0.606155 0.707058
    outer loop
      vertex -6.99792 -11.199 9.5
      vertex -7.9756 -13.1778 7.29999
      vertex -6.60281 -11.4364 9.5
    endloop
  endfacet
  facet normal -0.364343 -0.606079 0.707052
    outer loop
      vertex -7.9756 -13.1778 7.29999
      vertex -6.99792 -11.199 9.5
      vertex -8.16374 -13.0647 7.29999
    endloop
  endfacet
  facet normal -0.385035 -0.593147 -0.707053
    outer loop
      vertex -8.34783 -12.9452 11.7
      vertex -6.99792 -11.199 9.5
      vertex -8.16374 -13.0647 11.7
    endloop
  endfacet
  facet normal -0.385101 -0.593101 -0.707056
    outer loop
      vertex -6.99792 -11.199 9.5
      vertex -8.34783 -12.9452 11.7
      vertex -7.38449 -10.948 9.5
    endloop
  endfacet
  facet normal -0.385277 -0.593002 -0.707044
    outer loop
      vertex -8.34783 -12.9452 11.7
      vertex -8.61472 -12.7718 11.7
      vertex -7.38449 -10.948 9.5
    endloop
  endfacet
  facet normal -0.385106 -0.593104 0.707051
    outer loop
      vertex -6.99792 -11.199 9.5
      vertex -8.43064 -12.8914 7.29999
      vertex -8.16374 -13.0647 7.29999
    endloop
  endfacet
  facet normal -0.385104 -0.593106 0.707051
    outer loop
      vertex -7.38449 -10.948 9.5
      vertex -8.43064 -12.8914 7.29999
      vertex -6.99792 -11.199 9.5
    endloop
  endfacet
  facet normal -0.385282 -0.593 0.707042
    outer loop
      vertex -8.43064 -12.8914 7.29999
      vertex -7.38449 -10.948 9.5
      vertex -8.61472 -12.7718 7.29999
    endloop
  endfacet
  facet normal -0.405405 -0.579426 -0.707045
    outer loop
      vertex -8.79452 -12.646 11.7
      vertex -7.38449 -10.948 9.5
      vertex -8.61472 -12.7718 11.7
    endloop
  endfacet
  facet normal -0.405625 -0.579258 -0.707056
    outer loop
      vertex -7.38449 -10.948 9.5
      vertex -8.79452 -12.646 11.7
      vertex -7.76207 -10.6836 9.5
    endloop
  endfacet
  facet normal -0.405717 -0.579202 -0.707049
    outer loop
      vertex -9.0552 -12.4634 11.7
      vertex -7.76207 -10.6836 9.5
      vertex -8.79452 -12.646 11.7
    endloop
  endfacet
  facet normal -0.405562 -0.57932 0.707042
    outer loop
      vertex -7.38449 -10.948 9.5
      vertex -8.87541 -12.5893 7.29999
      vertex -8.61472 -12.7718 7.29999
    endloop
  endfacet
  facet normal -0.40563 -0.579266 0.707047
    outer loop
      vertex -7.76207 -10.6836 9.5
      vertex -8.87541 -12.5893 7.29999
      vertex -7.38449 -10.948 9.5
    endloop
  endfacet
  facet normal -0.405635 -0.579262 0.707047
    outer loop
      vertex -8.87541 -12.5893 7.29999
      vertex -7.76207 -10.6836 9.5
      vertex -9.0552 -12.4634 7.29999
    endloop
  endfacet
  facet normal -0.425587 -0.564764 -0.707048
    outer loop
      vertex -9.2305 -12.3313 11.7
      vertex -7.76207 -10.6836 9.5
      vertex -9.0552 -12.4634 11.7
    endloop
  endfacet
  facet normal -0.425577 -0.564772 -0.707048
    outer loop
      vertex -7.76207 -10.6836 9.5
      vertex -9.2305 -12.3313 11.7
      vertex -8.1302 -10.4062 9.5
    endloop
  endfacet
  facet normal -0.425549 -0.564791 -0.70705
    outer loop
      vertex -9.48466 -12.1398 11.7
      vertex -8.1302 -10.4062 9.5
      vertex -9.2305 -12.3313 11.7
    endloop
  endfacet
  facet normal -0.42555 -0.564793 0.707047
    outer loop
      vertex -7.76207 -10.6836 9.5
      vertex -9.30936 -12.2719 7.29999
      vertex -9.0552 -12.4634 7.29999
    endloop
  endfacet
  facet normal -0.425576 -0.564771 0.707049
    outer loop
      vertex -8.1302 -10.4062 9.5
      vertex -9.30936 -12.2719 7.29999
      vertex -7.76207 -10.6836 9.5
    endloop
  endfacet
  facet normal -0.425586 -0.564764 0.707049
    outer loop
      vertex -9.30936 -12.2719 7.29999
      vertex -8.1302 -10.4062 9.5
      vertex -9.48466 -12.1398 7.29999
    endloop
  endfacet
  facet normal -0.445323 -0.549931 -0.706585
    outer loop
      vertex -8.1302 -10.4062 9.5
      vertex -8.45561 -10.185 9.53293
      vertex -8.40546 -10.1833 9.5
    endloop
  endfacet
  facet normal -0.445066 -0.549476 -0.707101
    outer loop
      vertex -8.1302 -10.4062 9.5
      vertex -8.51495 -10.185 9.57028
      vertex -8.45561 -10.185 9.53293
    endloop
  endfacet
  facet normal -0.444393 -0.547746 -0.708864
    outer loop
      vertex -8.1302 -10.4062 9.5
      vertex -8.53072 -10.1845 9.57978
      vertex -8.51495 -10.185 9.57028
    endloop
  endfacet
  facet normal -0.445038 -0.549564 -0.70705
    outer loop
      vertex -9.48466 -12.1398 11.7
      vertex -8.53072 -10.1845 9.57978
      vertex -8.1302 -10.4062 9.5
    endloop
  endfacet
  facet normal -0.444979 -0.549602 -0.707058
    outer loop
      vertex -8.53072 -10.1845 9.57978
      vertex -9.48466 -12.1398 11.7
      vertex -9.65523 -12.0017 11.7
    endloop
  endfacet
  facet normal -0.444309 -0.550077 -0.70711
    outer loop
      vertex -9.65523 -12.0017 11.7
      vertex -8.54536 -10.184 9.58859
      vertex -8.53072 -10.1845 9.57978
    endloop
  endfacet
  facet normal -0.445066 -0.549544 -0.707049
    outer loop
      vertex -8.54536 -10.184 9.58859
      vertex -9.65523 -12.0017 11.7
      vertex -9.90255 -11.8014 11.7
    endloop
  endfacet
  facet normal -0.445077 -0.549535 0.707048
    outer loop
      vertex -8.1302 -10.4062 9.5
      vertex -9.73197 -11.9395 7.29999
      vertex -9.48466 -12.1398 7.29999
    endloop
  endfacet
  facet normal -0.445323 -0.549931 0.706585
    outer loop
      vertex -8.45561 -10.185 9.46707
      vertex -8.1302 -10.4062 9.5
      vertex -8.40546 -10.1833 9.5
    endloop
  endfacet
  facet normal -0.445066 -0.549476 0.707101
    outer loop
      vertex -8.51495 -10.185 9.42972
      vertex -8.1302 -10.4062 9.5
      vertex -8.45561 -10.185 9.46707
    endloop
  endfacet
  facet normal -0.444566 -0.548189 0.708414
    outer loop
      vertex -8.54536 -10.184 9.41141
      vertex -8.1302 -10.4062 9.5
      vertex -8.51495 -10.185 9.42972
    endloop
  endfacet
  facet normal -0.445021 -0.549586 0.707044
    outer loop
      vertex -8.54536 -10.184 9.41141
      vertex -9.73197 -11.9395 7.29999
      vertex -8.1302 -10.4062 9.5
    endloop
  endfacet
  facet normal -0.444971 -0.549624 0.707046
    outer loop
      vertex -9.73197 -11.9395 7.29999
      vertex -8.54536 -10.184 9.41141
      vertex -9.90255 -11.8014 7.29999
    endloop
  endfacet
  facet normal -0.463899 -0.533741 -0.707049
    outer loop
      vertex -9.90255 -11.8014 11.7
      vertex -8.57425 -10.183 9.60679
      vertex -8.54536 -10.184 9.58859
    endloop
  endfacet
  facet normal -0.464335 -0.533373 -0.707041
    outer loop
      vertex -9.90255 -11.8014 11.7
      vertex -8.63345 -10.1788 9.6425
      vertex -8.57425 -10.183 9.60679
    endloop
  endfacet
  facet normal -0.463939 -0.533698 -0.707055
    outer loop
      vertex -9.90255 -11.8014 11.7
      vertex -8.69246 -10.1726 9.67654
      vertex -8.63345 -10.1788 9.6425
    endloop
  endfacet
  facet normal -0.463556 -0.534007 -0.707073
    outer loop
      vertex -9.90255 -11.8014 11.7
      vertex -8.75122 -10.1644 9.70887
      vertex -8.69246 -10.1726 9.67654
    endloop
  endfacet
  facet normal -0.4646 -0.533189 -0.707005
    outer loop
      vertex -9.90255 -11.8014 11.7
      vertex -8.80966 -10.154 9.73943
      vertex -8.75122 -10.1644 9.70887
    endloop
  endfacet
  facet normal -0.463645 -0.533916 -0.707083
    outer loop
      vertex -9.90255 -11.8014 11.7
      vertex -8.8677 -10.1417 9.7682
      vertex -8.80966 -10.154 9.73943
    endloop
  endfacet
  facet normal -0.463629 -0.533928 -0.707085
    outer loop
      vertex -9.90255 -11.8014 11.7
      vertex -8.92527 -10.1274 9.79515
      vertex -8.8677 -10.1417 9.7682
    endloop
  endfacet
  facet normal -0.464253 -0.533482 -0.707013
    outer loop
      vertex -9.90255 -11.8014 11.7
      vertex -8.98231 -10.111 9.82023
      vertex -8.92527 -10.1274 9.79515
    endloop
  endfacet
  facet normal -0.464459 -0.533339 -0.706985
    outer loop
      vertex -9.90255 -11.8014 11.7
      vertex -9.02555 -10.0969 9.838
      vertex -8.98231 -10.111 9.82023
    endloop
  endfacet
  facet normal -0.463938 -0.53369 -0.707062
    outer loop
      vertex -9.90255 -11.8014 11.7
      vertex -10.0682 -11.6574 11.7
      vertex -9.02555 -10.0969 9.838
    endloop
  endfacet
  facet normal -0.460953 -0.535963 -0.707295
    outer loop
      vertex -10.0682 -11.6574 11.7
      vertex -9.03875 -10.0927 9.84342
      vertex -9.02555 -10.0969 9.838
    endloop
  endfacet
  facet normal -0.464434 -0.533331 -0.707007
    outer loop
      vertex -10.0682 -11.6574 11.7
      vertex -9.07545 -10.0793 9.85742
      vertex -9.03875 -10.0927 9.84342
    endloop
  endfacet
  facet normal -0.463934 -0.533702 -0.707055
    outer loop
      vertex -9.07545 -10.0793 9.85742
      vertex -10.0682 -11.6574 11.7
      vertex -10.3084 -11.4486 11.7
    endloop
  endfacet
  facet normal -0.465591 -0.532296 0.707027
    outer loop
      vertex -8.56373 -10.1833 9.39984
      vertex -9.90255 -11.8014 7.29999
      vertex -8.54536 -10.184 9.41141
    endloop
  endfacet
  facet normal -0.46399 -0.533655 0.707054
    outer loop
      vertex -10.1427 -11.5926 7.29999
      vertex -9.90255 -11.8014 7.29999
      vertex -8.56373 -10.1833 9.39984
    endloop
  endfacet
  facet normal -0.460727 -0.536867 0.706756
    outer loop
      vertex -8.57425 -10.183 9.39321
      vertex -10.1427 -11.5926 7.29999
      vertex -8.56373 -10.1833 9.39984
    endloop
  endfacet
  facet normal -0.464352 -0.533311 0.707077
    outer loop
      vertex -8.63345 -10.1788 9.3575
      vertex -10.1427 -11.5926 7.29999
      vertex -8.57425 -10.183 9.39321
    endloop
  endfacet
  facet normal -0.463936 -0.533711 0.707047
    outer loop
      vertex -8.69246 -10.1726 9.32346
      vertex -10.1427 -11.5926 7.29999
      vertex -8.63345 -10.1788 9.3575
    endloop
  endfacet
  facet normal -0.46354 -0.534084 0.707025
    outer loop
      vertex -8.75122 -10.1644 9.29113
      vertex -10.1427 -11.5926 7.29999
      vertex -8.69246 -10.1726 9.32346
    endloop
  endfacet
  facet normal -0.464616 -0.533094 0.707066
    outer loop
      vertex -8.80966 -10.154 9.26057
      vertex -10.1427 -11.5926 7.29999
      vertex -8.75122 -10.1644 9.29113
    endloop
  endfacet
  facet normal -0.463638 -0.533972 0.707046
    outer loop
      vertex -8.8677 -10.1417 9.2318
      vertex -10.1427 -11.5926 7.29999
      vertex -8.80966 -10.154 9.26057
    endloop
  endfacet
  facet normal -0.463624 -0.533984 0.707046
    outer loop
      vertex -8.92527 -10.1274 9.20485
      vertex -10.1427 -11.5926 7.29999
      vertex -8.8677 -10.1417 9.2318
    endloop
  endfacet
  facet normal -0.464254 -0.533449 0.707037
    outer loop
      vertex -8.98231 -10.111 9.17977
      vertex -10.1427 -11.5926 7.29999
      vertex -8.92527 -10.1274 9.20485
    endloop
  endfacet
  facet normal -0.463643 -0.533953 0.707057
    outer loop
      vertex -9.03875 -10.0927 9.15658
      vertex -10.1427 -11.5926 7.29999
      vertex -8.98231 -10.111 9.17977
    endloop
  endfacet
  facet normal -0.464433 -0.53332 0.707016
    outer loop
      vertex -9.07545 -10.0793 9.14258
      vertex -10.1427 -11.5926 7.29999
      vertex -9.03875 -10.0927 9.15658
    endloop
  endfacet
  facet normal -0.463864 -0.533766 0.707053
    outer loop
      vertex -10.1427 -11.5926 7.29999
      vertex -9.07545 -10.0793 9.14258
      vertex -10.3084 -11.4486 7.29999
    endloop
  endfacet
  facet normal -0.481345 -0.518039 -0.707066
    outer loop
      vertex -10.3084 -11.4486 11.7
      vertex -9.09451 -10.0724 9.86534
      vertex -9.07545 -10.0793 9.85742
    endloop
  endfacet
  facet normal -0.482836 -0.516687 -0.707038
    outer loop
      vertex -10.3084 -11.4486 11.7
      vertex -9.14952 -10.0501 9.88661
      vertex -9.09451 -10.0724 9.86534
    endloop
  endfacet
  facet normal -0.482017 -0.517408 -0.707071
    outer loop
      vertex -10.3084 -11.4486 11.7
      vertex -9.20373 -10.026 9.90593
      vertex -9.14952 -10.0501 9.88661
    endloop
  endfacet
  facet normal -0.482272 -0.517191 -0.707055
    outer loop
      vertex -10.3084 -11.4486 11.7
      vertex -9.25706 -9.99999 9.92328
      vertex -9.20373 -10.026 9.90593
    endloop
  endfacet
  facet normal -0.482249 -0.51721 -0.707057
    outer loop
      vertex -10.3084 -11.4486 11.7
      vertex -9.30946 -9.97213 9.93864
      vertex -9.25706 -9.99999 9.92328
    endloop
  endfacet
  facet normal -0.482208 -0.517242 -0.707061
    outer loop
      vertex -10.3084 -11.4486 11.7
      vertex -9.36085 -9.94247 9.95199
      vertex -9.30946 -9.97213 9.93864
    endloop
  endfacet
  facet normal -0.482342 -0.51714 -0.707045
    outer loop
      vertex -10.4689 -11.2989 11.7
      vertex -9.36085 -9.94247 9.95199
      vertex -10.3084 -11.4486 11.7
    endloop
  endfacet
  facet normal -0.482386 -0.517101 -0.707043
    outer loop
      vertex -9.36085 -9.94247 9.95199
      vertex -10.4689 -11.2989 11.7
      vertex -9.41117 -9.91102 9.96332
    endloop
  endfacet
  facet normal -0.482308 -0.517166 -0.707048
    outer loop
      vertex -9.41117 -9.91102 9.96332
      vertex -10.4689 -11.2989 11.7
      vertex -9.45061 -9.88441 9.97076
    endloop
  endfacet
  facet normal -0.482063 -0.517368 -0.707069
    outer loop
      vertex -10.4689 -11.2989 11.7
      vertex -9.46036 -9.87784 9.9726
      vertex -9.45061 -9.88441 9.97076
    endloop
  endfacet
  facet normal -0.482291 -0.517182 -0.707049
    outer loop
      vertex -10.4689 -11.2989 11.7
      vertex -9.50653 -9.8443 9.97956
      vertex -9.46036 -9.87784 9.9726
    endloop
  endfacet
  facet normal -0.48217 -0.517277 -0.707062
    outer loop
      vertex -9.50653 -9.8443 9.97956
      vertex -10.4689 -11.2989 11.7
      vertex -10.7017 -11.0819 11.7
    endloop
  endfacet
  facet normal -0.481345 -0.518042 0.707064
    outer loop
      vertex -9.09451 -10.0724 9.13466
      vertex -10.3084 -11.4486 7.29999
      vertex -9.07545 -10.0793 9.14258
    endloop
  endfacet
  facet normal -0.482734 -0.516782 0.707039
    outer loop
      vertex -9.13005 -10.058 9.12092
      vertex -10.3084 -11.4486 7.29999
      vertex -9.09451 -10.0724 9.13466
    endloop
  endfacet
  facet normal -0.482287 -0.51718 0.707053
    outer loop
      vertex -10.3084 -11.4486 7.29999
      vertex -9.13005 -10.058 9.12092
      vertex -10.5411 -11.2316 7.29999
    endloop
  endfacet
  facet normal -0.483013 -0.516411 0.70712
    outer loop
      vertex -9.14952 -10.0501 9.11339
      vertex -10.5411 -11.2316 7.29999
      vertex -9.13005 -10.058 9.12092
    endloop
  endfacet
  facet normal -0.482023 -0.517449 0.707036
    outer loop
      vertex -9.20373 -10.026 9.09407
      vertex -10.5411 -11.2316 7.29999
      vertex -9.14952 -10.0501 9.11339
    endloop
  endfacet
  facet normal -0.482273 -0.517195 0.707052
    outer loop
      vertex -9.25706 -9.99999 9.07672
      vertex -10.5411 -11.2316 7.29999
      vertex -9.20373 -10.026 9.09407
    endloop
  endfacet
  facet normal -0.482251 -0.517216 0.707051
    outer loop
      vertex -9.30946 -9.97213 9.06136
      vertex -10.5411 -11.2316 7.29999
      vertex -9.25706 -9.99999 9.07672
    endloop
  endfacet
  facet normal -0.482212 -0.517254 0.70705
    outer loop
      vertex -9.36085 -9.94247 9.04801
      vertex -10.5411 -11.2316 7.29999
      vertex -9.30946 -9.97213 9.06136
    endloop
  endfacet
  facet normal -0.482383 -0.517096 0.707049
    outer loop
      vertex -9.41117 -9.91102 9.03668
      vertex -10.5411 -11.2316 7.29999
      vertex -9.36085 -9.94247 9.04801
    endloop
  endfacet
  facet normal -0.48226 -0.517206 0.707053
    outer loop
      vertex -9.46036 -9.87784 9.0274
      vertex -10.5411 -11.2316 7.29999
      vertex -9.41117 -9.91102 9.03668
    endloop
  endfacet
  facet normal -0.482289 -0.51718 0.707051
    outer loop
      vertex -9.50653 -9.8443 9.02044
      vertex -10.5411 -11.2316 7.29999
      vertex -9.46036 -9.87784 9.0274
    endloop
  endfacet
  facet normal -0.482171 -0.517279 0.70706
    outer loop
      vertex -10.5411 -11.2316 7.29999
      vertex -9.50653 -9.8443 9.02044
      vertex -10.7017 -11.0819 7.29999
    endloop
  endfacet
  facet normal -0.499226 -0.500821 -0.707073
    outer loop
      vertex -10.7017 -11.0819 11.7
      vertex -9.50837 -9.84296 9.97991
      vertex -9.50653 -9.8443 9.97956
    endloop
  endfacet
  facet normal -0.499992 -0.50007 -0.707063
    outer loop
      vertex -10.7017 -11.0819 11.7
      vertex -9.55513 -9.80643 9.98714
      vertex -9.50837 -9.84296 9.97991
    endloop
  endfacet
  facet normal -0.500122 -0.499947 -0.707058
    outer loop
      vertex -10.7017 -11.0819 11.7
      vertex -9.60058 -9.76829 9.99232
      vertex -9.55513 -9.80643 9.98714
    endloop
  endfacet
  facet normal -0.49999 -0.500067 -0.707066
    outer loop
      vertex -10.7017 -11.0819 11.7
      vertex -9.64468 -9.72858 9.99542
      vertex -9.60058 -9.76829 9.99232
    endloop
  endfacet
  facet normal -0.500098 -0.499972 -0.707057
    outer loop
      vertex -10.7017 -11.0819 11.7
      vertex -9.68736 -9.68736 9.99646
      vertex -9.64468 -9.72858 9.99542
    endloop
  endfacet
  facet normal -0.50003 -0.50003 -0.707064
    outer loop
      vertex -11.0819 -10.7017 11.7
      vertex -9.68736 -9.68736 9.99646
      vertex -10.7017 -11.0819 11.7
    endloop
  endfacet
  facet normal -0.499972 -0.500098 -0.707057
    outer loop
      vertex -9.68736 -9.68736 9.99646
      vertex -11.0819 -10.7017 11.7
      vertex -9.72858 -9.64468 9.99542
    endloop
  endfacet
  facet normal -0.500067 -0.49999 -0.707066
    outer loop
      vertex -9.72858 -9.64468 9.99542
      vertex -11.0819 -10.7017 11.7
      vertex -9.76829 -9.60058 9.99232
    endloop
  endfacet
  facet normal -0.499947 -0.500122 -0.707058
    outer loop
      vertex -9.76829 -9.60058 9.99232
      vertex -11.0819 -10.7017 11.7
      vertex -9.80643 -9.55513 9.98714
    endloop
  endfacet
  facet normal -0.50007 -0.499992 -0.707063
    outer loop
      vertex -9.80643 -9.55513 9.98714
      vertex -11.0819 -10.7017 11.7
      vertex -9.84296 -9.50837 9.97991
    endloop
  endfacet
  facet normal -0.500821 -0.499226 -0.707073
    outer loop
      vertex -9.84296 -9.50837 9.97991
      vertex -11.0819 -10.7017 11.7
      vertex -9.8443 -9.50653 9.97956
    endloop
  endfacet
  facet normal -0.499227 -0.500823 0.707071
    outer loop
      vertex -9.50837 -9.84296 9.02009
      vertex -10.7017 -11.0819 7.29999
      vertex -9.50653 -9.8443 9.02044
    endloop
  endfacet
  facet normal -0.499993 -0.500072 0.707061
    outer loop
      vertex -9.55513 -9.80643 9.01286
      vertex -10.7017 -11.0819 7.29999
      vertex -9.50837 -9.84296 9.02009
    endloop
  endfacet
  facet normal -0.500123 -0.499949 0.707056
    outer loop
      vertex -9.60058 -9.76829 9.00768
      vertex -10.7017 -11.0819 7.29999
      vertex -9.55513 -9.80643 9.01286
    endloop
  endfacet
  facet normal -0.499992 -0.500069 0.707064
    outer loop
      vertex -9.64468 -9.72858 9.00458
      vertex -10.7017 -11.0819 7.29999
      vertex -9.60058 -9.76829 9.00768
    endloop
  endfacet
  facet normal -0.500099 -0.499973 0.707055
    outer loop
      vertex -9.68736 -9.68736 9.00354
      vertex -10.7017 -11.0819 7.29999
      vertex -9.64468 -9.72858 9.00458
    endloop
  endfacet
  facet normal -0.499973 -0.500099 0.707055
    outer loop
      vertex -11.0819 -10.7017 7.29999
      vertex -9.68736 -9.68736 9.00354
      vertex -9.72858 -9.64468 9.00458
    endloop
  endfacet
  facet normal -0.500069 -0.499992 0.707064
    outer loop
      vertex -11.0819 -10.7017 7.29999
      vertex -9.72858 -9.64468 9.00458
      vertex -9.76829 -9.60058 9.00768
    endloop
  endfacet
  facet normal -0.499949 -0.500123 0.707056
    outer loop
      vertex -11.0819 -10.7017 7.29999
      vertex -9.76829 -9.60058 9.00768
      vertex -9.80643 -9.55513 9.01286
    endloop
  endfacet
  facet normal -0.500072 -0.499993 0.707061
    outer loop
      vertex -11.0819 -10.7017 7.29999
      vertex -9.80643 -9.55513 9.01286
      vertex -9.84296 -9.50837 9.02009
    endloop
  endfacet
  facet normal -0.500823 -0.499227 0.707071
    outer loop
      vertex -11.0819 -10.7017 7.29999
      vertex -9.84296 -9.50837 9.02009
      vertex -9.8443 -9.50653 9.02044
    endloop
  endfacet
  facet normal -0.500031 -0.500031 0.707062
    outer loop
      vertex -9.68736 -9.68736 9.00354
      vertex -11.0819 -10.7017 7.29999
      vertex -10.7017 -11.0819 7.29999
    endloop
  endfacet
  facet normal -0.517278 -0.48217 -0.707062
    outer loop
      vertex -11.2316 -10.5411 11.7
      vertex -9.8443 -9.50653 9.97956
      vertex -11.0819 -10.7017 11.7
    endloop
  endfacet
  facet normal -0.517178 -0.482288 -0.707053
    outer loop
      vertex -9.8443 -9.50653 9.97956
      vertex -11.2316 -10.5411 11.7
      vertex -9.87784 -9.46036 9.9726
    endloop
  endfacet
  facet normal -0.517204 -0.482259 -0.707055
    outer loop
      vertex -9.87784 -9.46036 9.9726
      vertex -11.2316 -10.5411 11.7
      vertex -9.91102 -9.41117 9.96332
    endloop
  endfacet
  facet normal -0.517094 -0.482382 -0.707051
    outer loop
      vertex -9.91102 -9.41117 9.96332
      vertex -11.2316 -10.5411 11.7
      vertex -9.94247 -9.36085 9.95199
    endloop
  endfacet
  facet normal -0.517252 -0.482211 -0.707052
    outer loop
      vertex -9.94247 -9.36085 9.95199
      vertex -11.2316 -10.5411 11.7
      vertex -9.97213 -9.30946 9.93864
    endloop
  endfacet
  facet normal -0.517214 -0.48225 -0.707053
    outer loop
      vertex -9.97213 -9.30946 9.93864
      vertex -11.2316 -10.5411 11.7
      vertex -9.99999 -9.25706 9.92328
    endloop
  endfacet
  facet normal -0.517193 -0.482272 -0.707054
    outer loop
      vertex -9.99999 -9.25706 9.92328
      vertex -11.2316 -10.5411 11.7
      vertex -10.026 -9.20373 9.90593
    endloop
  endfacet
  facet normal -0.517447 -0.482023 -0.707038
    outer loop
      vertex -10.026 -9.20373 9.90593
      vertex -11.2316 -10.5411 11.7
      vertex -10.0501 -9.14952 9.88661
    endloop
  endfacet
  facet normal -0.516409 -0.483013 -0.707122
    outer loop
      vertex -10.0501 -9.14952 9.88661
      vertex -11.2316 -10.5411 11.7
      vertex -10.058 -9.13005 9.87908
    endloop
  endfacet
  facet normal -0.517179 -0.482286 -0.707055
    outer loop
      vertex -11.4486 -10.3084 11.7
      vertex -10.058 -9.13005 9.87908
      vertex -11.2316 -10.5411 11.7
    endloop
  endfacet
  facet normal -0.51678 -0.482734 -0.70704
    outer loop
      vertex -10.058 -9.13005 9.87908
      vertex -11.4486 -10.3084 11.7
      vertex -10.0724 -9.09451 9.86534
    endloop
  endfacet
  facet normal -0.518039 -0.481345 -0.707066
    outer loop
      vertex -10.0724 -9.09451 9.86534
      vertex -11.4486 -10.3084 11.7
      vertex -10.0793 -9.07545 9.85742
    endloop
  endfacet
  facet normal -0.517171 -0.482284 0.707061
    outer loop
      vertex -9.87784 -9.46036 9.0274
      vertex -11.0819 -10.7017 7.29999
      vertex -9.8443 -9.50653 9.02044
    endloop
  endfacet
  facet normal -0.51737 -0.482064 0.707067
    outer loop
      vertex -11.2989 -10.4689 7.29999
      vertex -9.87784 -9.46036 9.0274
      vertex -9.88441 -9.45061 9.02924
    endloop
  endfacet
  facet normal -0.517281 -0.482173 0.707057
    outer loop
      vertex -9.87784 -9.46036 9.0274
      vertex -11.2989 -10.4689 7.29999
      vertex -11.0819 -10.7017 7.29999
    endloop
  endfacet
  facet normal -0.517168 -0.482309 0.707046
    outer loop
      vertex -9.91102 -9.41117 9.03668
      vertex -11.2989 -10.4689 7.29999
      vertex -9.88441 -9.45061 9.02924
    endloop
  endfacet
  facet normal -0.517103 -0.482386 0.707041
    outer loop
      vertex -9.94247 -9.36085 9.04801
      vertex -11.2989 -10.4689 7.29999
      vertex -9.91102 -9.41117 9.03668
    endloop
  endfacet
  facet normal -0.517255 -0.482212 0.707049
    outer loop
      vertex -9.97213 -9.30946 9.06136
      vertex -11.2989 -10.4689 7.29999
      vertex -9.94247 -9.36085 9.04801
    endloop
  endfacet
  facet normal -0.517212 -0.48225 0.707055
    outer loop
      vertex -11.4486 -10.3084 7.29999
      vertex -9.97213 -9.30946 9.06136
      vertex -9.99999 -9.25706 9.07672
    endloop
  endfacet
  facet normal -0.517193 -0.482272 0.707054
    outer loop
      vertex -11.4486 -10.3084 7.29999
      vertex -9.99999 -9.25706 9.07672
      vertex -10.026 -9.20373 9.09407
    endloop
  endfacet
  facet normal -0.51741 -0.482017 0.707069
    outer loop
      vertex -11.4486 -10.3084 7.29999
      vertex -10.026 -9.20373 9.09407
      vertex -10.0501 -9.14952 9.11339
    endloop
  endfacet
  facet normal -0.51669 -0.482837 0.707037
    outer loop
      vertex -11.4486 -10.3084 7.29999
      vertex -10.0501 -9.14952 9.11339
      vertex -10.0724 -9.09451 9.13466
    endloop
  endfacet
  facet normal -0.518042 -0.481345 0.707064
    outer loop
      vertex -11.4486 -10.3084 7.29999
      vertex -10.0724 -9.09451 9.13466
      vertex -10.0793 -9.07545 9.14258
    endloop
  endfacet
  facet normal -0.517139 -0.482341 0.707046
    outer loop
      vertex -9.97213 -9.30946 9.06136
      vertex -11.4486 -10.3084 7.29999
      vertex -11.2989 -10.4689 7.29999
    endloop
  endfacet
  facet normal -0.533765 -0.463863 -0.707054
    outer loop
      vertex -11.5926 -10.1427 11.7
      vertex -10.0793 -9.07545 9.85742
      vertex -11.4486 -10.3084 11.7
    endloop
  endfacet
  facet normal -0.533318 -0.464433 -0.707018
    outer loop
      vertex -10.0793 -9.07545 9.85742
      vertex -11.5926 -10.1427 11.7
      vertex -10.0927 -9.03875 9.84342
    endloop
  endfacet
  facet normal -0.533951 -0.463643 -0.707059
    outer loop
      vertex -10.0927 -9.03875 9.84342
      vertex -11.5926 -10.1427 11.7
      vertex -10.111 -8.98231 9.82023
    endloop
  endfacet
  facet normal -0.533446 -0.464254 -0.707038
    outer loop
      vertex -10.111 -8.98231 9.82023
      vertex -11.5926 -10.1427 11.7
      vertex -10.1274 -8.92527 9.79515
    endloop
  endfacet
  facet normal -0.533981 -0.463625 -0.707048
    outer loop
      vertex -10.1274 -8.92527 9.79515
      vertex -11.5926 -10.1427 11.7
      vertex -10.1417 -8.8677 9.7682
    endloop
  endfacet
  facet normal -0.533969 -0.463639 -0.707048
    outer loop
      vertex -10.1417 -8.8677 9.7682
      vertex -11.5926 -10.1427 11.7
      vertex -10.154 -8.80966 9.73943
    endloop
  endfacet
  facet normal -0.533091 -0.464616 -0.707068
    outer loop
      vertex -10.154 -8.80966 9.73943
      vertex -11.5926 -10.1427 11.7
      vertex -10.1644 -8.75122 9.70887
    endloop
  endfacet
  facet normal -0.534081 -0.463541 -0.707027
    outer loop
      vertex -10.1644 -8.75122 9.70887
      vertex -11.5926 -10.1427 11.7
      vertex -10.1726 -8.69246 9.67654
    endloop
  endfacet
  facet normal -0.533708 -0.463937 -0.707049
    outer loop
      vertex -10.1726 -8.69246 9.67654
      vertex -11.5926 -10.1427 11.7
      vertex -10.1788 -8.63345 9.6425
    endloop
  endfacet
  facet normal -0.533307 -0.464352 -0.707078
    outer loop
      vertex -10.1788 -8.63345 9.6425
      vertex -11.5926 -10.1427 11.7
      vertex -10.183 -8.57425 9.60679
    endloop
  endfacet
  facet normal -0.536864 -0.460728 -0.706758
    outer loop
      vertex -10.183 -8.57425 9.60679
      vertex -11.5926 -10.1427 11.7
      vertex -10.1833 -8.56373 9.60016
    endloop
  endfacet
  facet normal -0.533654 -0.463989 -0.707056
    outer loop
      vertex -11.8014 -9.90255 11.7
      vertex -10.1833 -8.56373 9.60016
      vertex -11.5926 -10.1427 11.7
    endloop
  endfacet
  facet normal -0.532293 -0.465592 -0.707028
    outer loop
      vertex -10.1833 -8.56373 9.60016
      vertex -11.8014 -9.90255 11.7
      vertex -10.184 -8.54536 9.58859
    endloop
  endfacet
  facet normal -0.533333 -0.464434 0.707005
    outer loop
      vertex -11.6574 -10.0682 7.29999
      vertex -10.0793 -9.07545 9.14258
      vertex -10.0927 -9.03875 9.15658
    endloop
  endfacet
  facet normal -0.535965 -0.460953 0.707293
    outer loop
      vertex -11.6574 -10.0682 7.29999
      vertex -10.0927 -9.03875 9.15658
      vertex -10.0969 -9.02555 9.162
    endloop
  endfacet
  facet normal -0.533704 -0.463935 0.707053
    outer loop
      vertex -10.0793 -9.07545 9.14258
      vertex -11.6574 -10.0682 7.29999
      vertex -11.4486 -10.3084 7.29999
    endloop
  endfacet
  facet normal -0.533341 -0.464459 0.706983
    outer loop
      vertex -11.8014 -9.90255 7.29999
      vertex -10.0969 -9.02555 9.162
      vertex -10.111 -8.98231 9.17977
    endloop
  endfacet
  facet normal -0.533484 -0.464253 0.707011
    outer loop
      vertex -11.8014 -9.90255 7.29999
      vertex -10.111 -8.98231 9.17977
      vertex -10.1274 -8.92527 9.20485
    endloop
  endfacet
  facet normal -0.53393 -0.463629 0.707083
    outer loop
      vertex -11.8014 -9.90255 7.29999
      vertex -10.1274 -8.92527 9.20485
      vertex -10.1417 -8.8677 9.2318
    endloop
  endfacet
  facet normal -0.533919 -0.463645 0.707082
    outer loop
      vertex -11.8014 -9.90255 7.29999
      vertex -10.1417 -8.8677 9.2318
      vertex -10.154 -8.80966 9.26057
    endloop
  endfacet
  facet normal -0.533192 -0.4646 0.707003
    outer loop
      vertex -11.8014 -9.90255 7.29999
      vertex -10.154 -8.80966 9.26057
      vertex -10.1644 -8.75122 9.29113
    endloop
  endfacet
  facet normal -0.53401 -0.463555 0.707072
    outer loop
      vertex -11.8014 -9.90255 7.29999
      vertex -10.1644 -8.75122 9.29113
      vertex -10.1726 -8.69246 9.32346
    endloop
  endfacet
  facet normal -0.533701 -0.463939 0.707053
    outer loop
      vertex -11.8014 -9.90255 7.29999
      vertex -10.1726 -8.69246 9.32346
      vertex -10.1788 -8.63345 9.3575
    endloop
  endfacet
  facet normal -0.533375 -0.464334 0.70704
    outer loop
      vertex -11.8014 -9.90255 7.29999
      vertex -10.1788 -8.63345 9.3575
      vertex -10.183 -8.57425 9.39321
    endloop
  endfacet
  facet normal -0.533744 -0.463898 0.707048
    outer loop
      vertex -11.8014 -9.90255 7.29999
      vertex -10.183 -8.57425 9.39321
      vertex -10.184 -8.54536 9.41141
    endloop
  endfacet
  facet normal -0.533692 -0.46394 0.70706
    outer loop
      vertex -10.0969 -9.02555 9.162
      vertex -11.8014 -9.90255 7.29999
      vertex -11.6574 -10.0682 7.29999
    endloop
  endfacet
  facet normal -0.549476 -0.445066 -0.707101
    outer loop
      vertex -10.185 -8.51495 9.57028
      vertex -10.4062 -8.1302 9.5
      vertex -10.185 -8.45561 9.53293
    endloop
  endfacet
  facet normal -0.548189 -0.444566 -0.708414
    outer loop
      vertex -10.184 -8.54536 9.58859
      vertex -10.4062 -8.1302 9.5
      vertex -10.185 -8.51495 9.57028
    endloop
  endfacet
  facet normal -0.549623 -0.44497 -0.707048
    outer loop
      vertex -11.9395 -9.73197 11.7
      vertex -10.184 -8.54536 9.58859
      vertex -11.8014 -9.90255 11.7
    endloop
  endfacet
  facet normal -0.549585 -0.445021 -0.707045
    outer loop
      vertex -10.184 -8.54536 9.58859
      vertex -11.9395 -9.73197 11.7
      vertex -10.4062 -8.1302 9.5
    endloop
  endfacet
  facet normal -0.549931 -0.445323 -0.706585
    outer loop
      vertex -10.1833 -8.40546 9.5
      vertex -10.185 -8.45561 9.53293
      vertex -10.4062 -8.1302 9.5
    endloop
  endfacet
  facet normal -0.549534 -0.445076 -0.70705
    outer loop
      vertex -11.9395 -9.73197 11.7
      vertex -12.1398 -9.48466 11.7
      vertex -10.4062 -8.1302 9.5
    endloop
  endfacet
  facet normal -0.55008 -0.444308 0.707109
    outer loop
      vertex -12.0017 -9.65523 7.29999
      vertex -10.184 -8.54536 9.41141
      vertex -10.1845 -8.53072 9.42022
    endloop
  endfacet
  facet normal -0.549545 -0.445067 0.707047
    outer loop
      vertex -10.184 -8.54536 9.41141
      vertex -12.0017 -9.65523 7.29999
      vertex -11.8014 -9.90255 7.29999
    endloop
  endfacet
  facet normal -0.549476 -0.445066 0.707101
    outer loop
      vertex -10.185 -8.45561 9.46707
      vertex -10.4062 -8.1302 9.5
      vertex -10.185 -8.51495 9.42972
    endloop
  endfacet
  facet normal -0.549931 -0.445323 0.706585
    outer loop
      vertex -10.4062 -8.1302 9.5
      vertex -10.185 -8.45561 9.46707
      vertex -10.1833 -8.40546 9.5
    endloop
  endfacet
  facet normal -0.547746 -0.444393 0.708864
    outer loop
      vertex -10.4062 -8.1302 9.5
      vertex -10.1845 -8.53072 9.42022
      vertex -10.185 -8.51495 9.42972
    endloop
  endfacet
  facet normal -0.549566 -0.445039 0.707049
    outer loop
      vertex -12.1398 -9.48466 7.29999
      vertex -10.1845 -8.53072 9.42022
      vertex -10.4062 -8.1302 9.5
    endloop
  endfacet
  facet normal -0.549603 -0.44498 0.707057
    outer loop
      vertex -10.1845 -8.53072 9.42022
      vertex -12.1398 -9.48466 7.29999
      vertex -12.0017 -9.65523 7.29999
    endloop
  endfacet
  facet normal -0.564763 -0.425585 -0.70705
    outer loop
      vertex -12.2719 -9.30936 11.7
      vertex -10.4062 -8.1302 9.5
      vertex -12.1398 -9.48466 11.7
    endloop
  endfacet
  facet normal -0.56477 -0.425575 -0.707051
    outer loop
      vertex -10.4062 -8.1302 9.5
      vertex -12.2719 -9.30936 11.7
      vertex -10.6836 -7.76207 9.5
    endloop
  endfacet
  facet normal -0.564792 -0.425549 -0.707049
    outer loop
      vertex -12.2719 -9.30936 11.7
      vertex -12.4634 -9.0552 11.7
      vertex -10.6836 -7.76207 9.5
    endloop
  endfacet
  facet normal -0.564792 -0.42555 0.707048
    outer loop
      vertex -10.4062 -8.1302 9.5
      vertex -12.3313 -9.2305 7.29999
      vertex -12.1398 -9.48466 7.29999
    endloop
  endfacet
  facet normal -0.564773 -0.425578 0.707046
    outer loop
      vertex -10.6836 -7.76207 9.5
      vertex -12.3313 -9.2305 7.29999
      vertex -10.4062 -8.1302 9.5
    endloop
  endfacet
  facet normal -0.564765 -0.425588 0.707047
    outer loop
      vertex -12.3313 -9.2305 7.29999
      vertex -10.6836 -7.76207 9.5
      vertex -12.4634 -9.0552 7.29999
    endloop
  endfacet
  facet normal -0.579261 -0.405634 -0.707048
    outer loop
      vertex -12.5893 -8.87541 11.7
      vertex -10.6836 -7.76207 9.5
      vertex -12.4634 -9.0552 11.7
    endloop
  endfacet
  facet normal -0.579264 -0.405629 -0.707049
    outer loop
      vertex -10.6836 -7.76207 9.5
      vertex -12.5893 -8.87541 11.7
      vertex -10.948 -7.38449 9.5
    endloop
  endfacet
  facet normal -0.579319 -0.405561 -0.707043
    outer loop
      vertex -12.7718 -8.61472 11.7
      vertex -10.948 -7.38449 9.5
      vertex -12.5893 -8.87541 11.7
    endloop
  endfacet
  facet normal -0.579203 -0.405718 0.707048
    outer loop
      vertex -10.6836 -7.76207 9.5
      vertex -12.646 -8.79452 7.29999
      vertex -12.4634 -9.0552 7.29999
    endloop
  endfacet
  facet normal -0.579259 -0.405626 0.707055
    outer loop
      vertex -10.948 -7.38449 9.5
      vertex -12.646 -8.79452 7.29999
      vertex -10.6836 -7.76207 9.5
    endloop
  endfacet
  facet normal -0.579427 -0.405406 0.707043
    outer loop
      vertex -12.646 -8.79452 7.29999
      vertex -10.948 -7.38449 9.5
      vertex -12.7718 -8.61472 7.29999
    endloop
  endfacet
  facet normal -0.592999 -0.385282 -0.707044
    outer loop
      vertex -12.8914 -8.43064 11.7
      vertex -10.948 -7.38449 9.5
      vertex -12.7718 -8.61472 11.7
    endloop
  endfacet
  facet normal -0.593105 -0.385103 -0.707052
    outer loop
      vertex -10.948 -7.38449 9.5
      vertex -12.8914 -8.43064 11.7
      vertex -11.199 -6.99792 9.5
    endloop
  endfacet
  facet normal -0.593103 -0.385106 -0.707052
    outer loop
      vertex -12.8914 -8.43064 11.7
      vertex -13.0647 -8.16374 11.7
      vertex -11.199 -6.99792 9.5
    endloop
  endfacet
  facet normal -0.593003 -0.385278 0.707042
    outer loop
      vertex -10.948 -7.38449 9.5
      vertex -12.9452 -8.34783 7.29999
      vertex -12.7718 -8.61472 7.29999
    endloop
  endfacet
  facet normal -0.593102 -0.385101 0.707055
    outer loop
      vertex -11.199 -6.99792 9.5
      vertex -12.9452 -8.34783 7.29999
      vertex -10.948 -7.38449 9.5
    endloop
  endfacet
  facet normal -0.593149 -0.385036 0.707051
    outer loop
      vertex -12.9452 -8.34783 7.29999
      vertex -11.199 -6.99792 9.5
      vertex -13.0647 -8.16374 7.29999
    endloop
  endfacet
  facet normal -0.606078 -0.364342 -0.707053
    outer loop
      vertex -13.1778 -7.9756 11.7
      vertex -11.199 -6.99792 9.5
      vertex -13.0647 -8.16374 11.7
    endloop
  endfacet
  facet normal -0.606153 -0.364204 -0.70706
    outer loop
      vertex -11.199 -6.99792 9.5
      vertex -13.1778 -7.9756 11.7
      vertex -11.4364 -6.60281 9.5
    endloop
  endfacet
  facet normal -0.606152 -0.364207 -0.70706
    outer loop
      vertex -13.1778 -7.9756 11.7
      vertex -13.3417 -7.70282 11.7
      vertex -11.4364 -6.60281 9.5
    endloop
  endfacet
  facet normal -0.60616 -0.364212 0.70705
    outer loop
      vertex -11.199 -6.99792 9.5
      vertex -13.2286 -7.89096 7.29999
      vertex -13.0647 -8.16374 7.29999
    endloop
  endfacet
  facet normal -0.606161 -0.364209 0.70705
    outer loop
      vertex -11.4364 -6.60281 9.5
      vertex -13.2286 -7.89096 7.29999
      vertex -11.199 -6.99792 9.5
    endloop
  endfacet
  facet normal -0.606075 -0.364341 0.707057
    outer loop
      vertex -13.2286 -7.89096 7.29999
      vertex -11.4364 -6.60281 9.5
      vertex -13.3417 -7.70282 7.29999
    endloop
  endfacet
  facet normal -0.618513 -0.342795 -0.70706
    outer loop
      vertex -13.4481 -7.51084 11.7
      vertex -11.4364 -6.60281 9.5
      vertex -13.3417 -7.70282 11.7
    endloop
  endfacet
  facet normal -0.618471 -0.342879 -0.707056
    outer loop
      vertex -11.4364 -6.60281 9.5
      vertex -13.4481 -7.51084 11.7
      vertex -11.6599 -6.19967 9.5
    endloop
  endfacet
  facet normal -0.618477 -0.34287 -0.707055
    outer loop
      vertex -13.6024 -7.23251 11.7
      vertex -11.6599 -6.19967 9.5
      vertex -13.4481 -7.51084 11.7
    endloop
  endfacet
  facet normal -0.618479 -0.342859 0.707059
    outer loop
      vertex -11.4364 -6.60281 9.5
      vertex -13.496 -7.42448 7.29999
      vertex -13.3417 -7.70282 7.29999
    endloop
  endfacet
  facet normal -0.61847 -0.342878 0.707057
    outer loop
      vertex -11.6599 -6.19967 9.5
      vertex -13.496 -7.42448 7.29999
      vertex -11.4364 -6.60281 9.5
    endloop
  endfacet
  facet normal -0.61851 -0.342811 0.707054
    outer loop
      vertex -13.496 -7.42448 7.29999
      vertex -11.6599 -6.19967 9.5
      vertex -13.6024 -7.23251 7.29999
    endloop
  endfacet
  facet normal -0.630146 -0.320921 -0.707054
    outer loop
      vertex -13.702 -7.03694 11.7
      vertex -11.6599 -6.19967 9.5
      vertex -13.6024 -7.23251 11.7
    endloop
  endfacet
  facet normal -0.630124 -0.320969 -0.707052
    outer loop
      vertex -11.6599 -6.19967 9.5
      vertex -13.702 -7.03694 11.7
      vertex -11.8691 -5.78897 9.5
    endloop
  endfacet
  facet normal -0.630056 -0.321083 -0.70706
    outer loop
      vertex -13.702 -7.03694 11.7
      vertex -13.8465 -6.75339 11.7
      vertex -11.8691 -5.78897 9.5
    endloop
  endfacet
  facet normal -0.630153 -0.32091 0.707052
    outer loop
      vertex -11.6599 -6.19967 9.5
      vertex -13.7468 -6.94896 7.29999
      vertex -13.6024 -7.23251 7.29999
    endloop
  endfacet
  facet normal -0.630127 -0.320971 0.707048
    outer loop
      vertex -11.8691 -5.78897 9.5
      vertex -13.7468 -6.94896 7.29999
      vertex -11.6599 -6.19967 9.5
    endloop
  endfacet
  facet normal -0.630012 -0.321175 0.707058
    outer loop
      vertex -13.7468 -6.94896 7.29999
      vertex -11.8691 -5.78897 9.5
      vertex -13.8465 -6.75339 7.29999
    endloop
  endfacet
  facet normal -0.640851 -0.298954 -0.707062
    outer loop
      vertex -13.9393 -6.55446 11.7
      vertex -11.8691 -5.78897 9.5
      vertex -13.8465 -6.75339 11.7
    endloop
  endfacet
  facet normal -0.640896 -0.298847 -0.707067
    outer loop
      vertex -11.8691 -5.78897 9.5
      vertex -13.9393 -6.55446 11.7
      vertex -12.0639 -5.37121 9.5
    endloop
  endfacet
  facet normal -0.640982 -0.298689 -0.707055
    outer loop
      vertex -13.9393 -6.55446 11.7
      vertex -14.0737 -6.26604 11.7
      vertex -12.0639 -5.37121 9.5
    endloop
  endfacet
  facet normal -0.640893 -0.29887 0.707059
    outer loop
      vertex -11.8691 -5.78897 9.5
      vertex -13.981 -6.46497 7.29999
      vertex -13.8465 -6.75339 7.29999
    endloop
  endfacet
  facet normal -0.640901 -0.29885 0.707061
    outer loop
      vertex -12.0639 -5.37121 9.5
      vertex -13.981 -6.46497 7.29999
      vertex -11.8691 -5.78897 9.5
    endloop
  endfacet
  facet normal -0.640982 -0.298693 0.707054
    outer loop
      vertex -13.981 -6.46497 7.29999
      vertex -12.0639 -5.37121 9.5
      vertex -14.0737 -6.26604 7.29999
    endloop
  endfacet
  facet normal -0.650903 -0.276404 -0.707054
    outer loop
      vertex -14.1595 -6.06399 11.7
      vertex -12.0639 -5.37121 9.5
      vertex -14.0737 -6.26604 11.7
    endloop
  endfacet
  facet normal -0.650942 -0.276301 -0.707059
    outer loop
      vertex -12.0639 -5.37121 9.5
      vertex -14.1595 -6.06399 11.7
      vertex -12.244 -4.94691 9.5
    endloop
  endfacet
  facet normal -0.650889 -0.276407 -0.707066
    outer loop
      vertex -14.1595 -6.06399 11.7
      vertex -14.2839 -5.77105 11.7
      vertex -12.244 -4.94691 9.5
    endloop
  endfacet
  facet normal -0.650901 -0.276412 0.707053
    outer loop
      vertex -12.0639 -5.37121 9.5
      vertex -14.1981 -5.9731 7.29999
      vertex -14.0737 -6.26604 7.29999
    endloop
  endfacet
  facet normal -0.650941 -0.276301 0.70706
    outer loop
      vertex -12.244 -4.94691 9.5
      vertex -14.1981 -5.9731 7.29999
      vertex -12.0639 -5.37121 9.5
    endloop
  endfacet
  facet normal -0.650893 -0.2764 0.707065
    outer loop
      vertex -14.2839 -5.77105 7.29999
      vertex -14.1981 -5.9731 7.29999
      vertex -12.244 -4.94691 9.5
    endloop
  endfacet
  facet normal -0.660241 -0.253257 -0.707066
    outer loop
      vertex -14.3625 -5.56614 11.7
      vertex -12.244 -4.94691 9.5
      vertex -14.2839 -5.77105 11.7
    endloop
  endfacet
  facet normal -0.660179 -0.253443 -0.707058
    outer loop
      vertex -12.244 -4.94691 9.5
      vertex -14.3625 -5.56614 11.7
      vertex -12.4092 -4.51659 9.5
    endloop
  endfacet
  facet normal -0.660141 -0.253524 -0.707064
    outer loop
      vertex -14.3625 -5.56614 11.7
      vertex -14.4766 -5.26904 11.7
      vertex -12.4092 -4.51659 9.5
    endloop
  endfacet
  facet normal -0.660214 -0.25333 0.707065
    outer loop
      vertex -12.244 -4.94691 9.5
      vertex -14.3979 -5.47395 7.29999
      vertex -14.2839 -5.77105 7.29999
    endloop
  endfacet
  facet normal -0.660179 -0.253443 0.707058
    outer loop
      vertex -12.4092 -4.51659 9.5
      vertex -14.3979 -5.47395 7.29999
      vertex -12.244 -4.94691 9.5
    endloop
  endfacet
  facet normal -0.660137 -0.25354 0.707062
    outer loop
      vertex -14.4766 -5.26904 7.29999
      vertex -14.3979 -5.47395 7.29999
      vertex -12.4092 -4.51659 9.5
    endloop
  endfacet
  facet normal -0.668685 -0.230048 -0.707063
    outer loop
      vertex -14.548 -5.0615 11.7
      vertex -12.4092 -4.51659 9.5
      vertex -14.4766 -5.26904 11.7
    endloop
  endfacet
  facet normal -0.668618 -0.230272 -0.707054
    outer loop
      vertex -12.4092 -4.51659 9.5
      vertex -14.548 -5.0615 11.7
      vertex -12.5593 -4.08076 9.5
    endloop
  endfacet
  facet normal -0.668642 -0.230214 -0.70705
    outer loop
      vertex -14.6516 -4.7606 11.7
      vertex -12.5593 -4.08076 9.5
      vertex -14.548 -5.0615 11.7
    endloop
  endfacet
  facet normal -0.66863 -0.230209 0.707063
    outer loop
      vertex -12.4092 -4.51659 9.5
      vertex -14.5802 -4.96814 7.29999
      vertex -14.4766 -5.26904 7.29999
    endloop
  endfacet
  facet normal -0.668613 -0.23027 0.707059
    outer loop
      vertex -12.5593 -4.08076 9.5
      vertex -14.5802 -4.96814 7.29999
      vertex -12.4092 -4.51659 9.5
    endloop
  endfacet
  facet normal -0.668698 -0.230052 0.707049
    outer loop
      vertex -14.5802 -4.96814 7.29999
      vertex -12.5593 -4.08076 9.5
      vertex -14.6516 -4.7606 7.29999
    endloop
  endfacet
  facet normal -0.676239 -0.206835 -0.70705
    outer loop
      vertex -14.7158 -4.5507 11.7
      vertex -12.5593 -4.08076 9.5
      vertex -14.6516 -4.7606 11.7
    endloop
  endfacet
  facet normal -0.676248 -0.206802 -0.707051
    outer loop
      vertex -12.5593 -4.08076 9.5
      vertex -14.7158 -4.5507 11.7
      vertex -12.6941 -3.63996 9.5
    endloop
  endfacet
  facet normal -0.676298 -0.206669 -0.707042
    outer loop
      vertex -14.8088 -4.24637 11.7
      vertex -12.6941 -3.63996 9.5
      vertex -14.7158 -4.5507 11.7
    endloop
  endfacet
  facet normal -0.67623 -0.206871 0.707049
    outer loop
      vertex -12.5593 -4.08076 9.5
      vertex -14.7447 -4.45627 7.29999
      vertex -14.6516 -4.7606 7.29999
    endloop
  endfacet
  facet normal -0.676246 -0.206801 0.707053
    outer loop
      vertex -12.6941 -3.63996 9.5
      vertex -14.7447 -4.45627 7.29999
      vertex -12.5593 -4.08076 9.5
    endloop
  endfacet
  facet normal -0.676337 -0.206542 0.707042
    outer loop
      vertex -14.7447 -4.45627 7.29999
      vertex -12.6941 -3.63996 9.5
      vertex -14.8088 -4.24637 7.29999
    endloop
  endfacet
  facet normal -0.683001 -0.183298 -0.707044
    outer loop
      vertex -14.8657 -4.03435 11.7
      vertex -12.6941 -3.63996 9.5
      vertex -14.8088 -4.24637 11.7
    endloop
  endfacet
  facet normal -0.683062 -0.183027 -0.707055
    outer loop
      vertex -12.6941 -3.63996 9.5
      vertex -14.8657 -4.03435 11.7
      vertex -12.8134 -3.19473 9.5
    endloop
  endfacet
  facet normal -0.683107 -0.182894 -0.707046
    outer loop
      vertex -14.8657 -4.03435 11.7
      vertex -14.948 -3.72696 11.7
      vertex -12.8134 -3.19473 9.5
    endloop
  endfacet
  facet normal -0.683057 -0.183103 0.707041
    outer loop
      vertex -12.6941 -3.63996 9.5
      vertex -14.8912 -3.93898 7.29999
      vertex -14.8088 -4.24637 7.29999
    endloop
  endfacet
  facet normal -0.683072 -0.18303 0.707045
    outer loop
      vertex -12.8134 -3.19473 9.5
      vertex -14.8912 -3.93898 7.29999
      vertex -12.6941 -3.63996 9.5
    endloop
  endfacet
  facet normal -0.683082 -0.182997 0.707044
    outer loop
      vertex -14.948 -3.72696 7.29999
      vertex -14.8912 -3.93898 7.29999
      vertex -12.8134 -3.19473 9.5
    endloop
  endfacet
  facet normal -0.689026 -0.159152 -0.707046
    outer loop
      vertex -14.9974 -3.51309 11.7
      vertex -12.8134 -3.19473 9.5
      vertex -14.948 -3.72696 11.7
    endloop
  endfacet
  facet normal -0.689037 -0.159092 -0.707048
    outer loop
      vertex -12.8134 -3.19473 9.5
      vertex -14.9974 -3.51309 11.7
      vertex -12.9171 -2.7456 9.5
    endloop
  endfacet
  facet normal -0.689034 -0.159104 -0.707049
    outer loop
      vertex -14.9974 -3.51309 11.7
      vertex -15.069 -3.20301 11.7
      vertex -12.9171 -2.7456 9.5
    endloop
  endfacet
  facet normal -0.689039 -0.159105 0.707044
    outer loop
      vertex -12.8134 -3.19473 9.5
      vertex -15.0196 -3.41688 7.29999
      vertex -14.948 -3.72696 7.29999
    endloop
  endfacet
  facet normal -0.689041 -0.159093 0.707044
    outer loop
      vertex -12.9171 -2.7456 9.5
      vertex -15.0196 -3.41688 7.29999
      vertex -12.8134 -3.19473 9.5
    endloop
  endfacet
  facet normal -0.689025 -0.159152 0.707047
    outer loop
      vertex -15.069 -3.20301 7.29999
      vertex -15.0196 -3.41688 7.29999
      vertex -12.9171 -2.7456 9.5
    endloop
  endfacet
  facet normal -0.69416 -0.134992 -0.70705
    outer loop
      vertex -15.1109 -2.98755 11.7
      vertex -12.9171 -2.7456 9.5
      vertex -15.069 -3.20301 11.7
    endloop
  endfacet
  facet normal -0.69418 -0.134856 -0.707055
    outer loop
      vertex -12.9171 -2.7456 9.5
      vertex -15.1109 -2.98755 11.7
      vertex -13.005 -2.29313 9.5
    endloop
  endfacet
  facet normal -0.694173 -0.134884 -0.707057
    outer loop
      vertex -15.1109 -2.98755 11.7
      vertex -15.1716 -2.67516 11.7
      vertex -13.005 -2.29313 9.5
    endloop
  endfacet
  facet normal -0.694183 -0.134886 0.707047
    outer loop
      vertex -12.9171 -2.7456 9.5
      vertex -15.1297 -2.89062 7.29999
      vertex -15.069 -3.20301 7.29999
    endloop
  endfacet
  facet normal -0.694187 -0.134858 0.707049
    outer loop
      vertex -13.005 -2.29313 9.5
      vertex -15.1297 -2.89062 7.29999
      vertex -12.9171 -2.7456 9.5
    endloop
  endfacet
  facet normal -0.694155 -0.134991 0.707055
    outer loop
      vertex -15.1716 -2.67516 7.29999
      vertex -15.1297 -2.89062 7.29999
      vertex -13.005 -2.29313 9.5
    endloop
  endfacet
  facet normal -0.69847 -0.11051 -0.707056
    outer loop
      vertex -15.2059 -2.45837 11.7
      vertex -13.005 -2.29313 9.5
      vertex -15.1716 -2.67516 11.7
    endloop
  endfacet
  facet normal -0.698457 -0.110615 -0.707051
    outer loop
      vertex -13.005 -2.29313 9.5
      vertex -15.2059 -2.45837 11.7
      vertex -13.0771 -1.83787 9.5
    endloop
  endfacet
  facet normal -0.698447 -0.11066 -0.707054
    outer loop
      vertex -15.2059 -2.45837 11.7
      vertex -15.2557 -2.14405 11.7
      vertex -13.0771 -1.83787 9.5
    endloop
  endfacet
  facet normal -0.698446 -0.11066 0.707055
    outer loop
      vertex -13.005 -2.29313 9.5
      vertex -15.2214 -2.36084 7.29999
      vertex -15.1716 -2.67516 7.29999
    endloop
  endfacet
  facet normal -0.69845 -0.110614 0.707058
    outer loop
      vertex -13.0771 -1.83787 9.5
      vertex -15.2214 -2.36084 7.29999
      vertex -13.005 -2.29313 9.5
    endloop
  endfacet
  facet normal -0.698471 -0.11051 0.707054
    outer loop
      vertex -15.2557 -2.14405 7.29999
      vertex -15.2214 -2.36084 7.29999
      vertex -13.0771 -1.83787 9.5
    endloop
  endfacet
  facet normal -0.701867 -0.08634 -0.707056
    outer loop
      vertex -15.2825 -1.92619 11.7
      vertex -13.0771 -1.83787 9.5
      vertex -15.2557 -2.14405 11.7
    endloop
  endfacet
  facet normal -0.701877 -0.0862178 -0.707061
    outer loop
      vertex -13.0771 -1.83787 9.5
      vertex -15.2825 -1.92619 11.7
      vertex -13.1333 -1.38036 9.5
    endloop
  endfacet
  facet normal -0.701918 -0.0860008 -0.707047
    outer loop
      vertex -15.2825 -1.92619 11.7
      vertex -15.3212 -1.61033 11.7
      vertex -13.1333 -1.38036 9.5
    endloop
  endfacet
  facet normal -0.701885 -0.086219 0.707053
    outer loop
      vertex -13.0771 -1.83787 9.5
      vertex -15.2945 -1.82819 7.29999
      vertex -15.2557 -2.14405 7.29999
    endloop
  endfacet
  facet normal -0.701885 -0.0862187 0.707053
    outer loop
      vertex -13.1333 -1.38036 9.5
      vertex -15.2945 -1.82819 7.29999
      vertex -13.0771 -1.83787 9.5
    endloop
  endfacet
  facet normal -0.701917 -0.0860239 0.707045
    outer loop
      vertex -15.2945 -1.82819 7.29999
      vertex -13.1333 -1.38036 9.5
      vertex -15.3212 -1.61033 7.29999
    endloop
  endfacet
  facet normal -0.704456 -0.0618565 -0.707047
    outer loop
      vertex -15.3404 -1.39167 11.7
      vertex -13.1333 -1.38036 9.5
      vertex -15.3212 -1.61033 11.7
    endloop
  endfacet
  facet normal -0.704464 -0.0616737 -0.707055
    outer loop
      vertex -13.1333 -1.38036 9.5
      vertex -15.3404 -1.39167 11.7
      vertex -13.1735 -0.921178 9.5
    endloop
  endfacet
  facet normal -0.704483 -0.0615531 -0.707047
    outer loop
      vertex -15.3404 -1.39167 11.7
      vertex -15.3681 -1.07464 11.7
      vertex -13.1735 -0.921178 9.5
    endloop
  endfacet
  facet normal -0.704465 -0.0617738 0.707045
    outer loop
      vertex -13.1333 -1.38036 9.5
      vertex -15.349 -1.2933 7.29999
      vertex -15.3212 -1.61033 7.29999
    endloop
  endfacet
  facet normal -0.704468 -0.061674 0.707051
    outer loop
      vertex -13.1735 -0.921178 9.5
      vertex -15.349 -1.2933 7.29999
      vertex -13.1333 -1.38036 9.5
    endloop
  endfacet
  facet normal -0.704485 -0.061537 0.707046
    outer loop
      vertex -15.349 -1.2933 7.29999
      vertex -13.1735 -0.921178 9.5
      vertex -15.3681 -1.07464 7.29999
    endloop
  endfacet
  facet normal -0.706196 -0.0370508 -0.707047
    outer loop
      vertex -15.3796 -0.855448 11.7
      vertex -13.1735 -0.921178 9.5
      vertex -15.3681 -1.07464 11.7
    endloop
  endfacet
  facet normal -0.706196 -0.0369737 -0.70705
    outer loop
      vertex -13.1735 -0.921178 9.5
      vertex -15.3796 -0.855448 11.7
      vertex -13.1976 -0.460869 9.5
    endloop
  endfacet
  facet normal -0.706206 -0.0368881 -0.707044
    outer loop
      vertex -15.3962 -0.537648 11.7
      vertex -13.1976 -0.460869 9.5
      vertex -15.3796 -0.855448 11.7
    endloop
  endfacet
  facet normal -0.706194 -0.0371098 0.707046
    outer loop
      vertex -13.1735 -0.921178 9.5
      vertex -15.3848 -0.756842 7.29999
      vertex -15.3681 -1.07464 7.29999
    endloop
  endfacet
  facet normal -0.706192 -0.0369735 0.707054
    outer loop
      vertex -13.1976 -0.460869 9.5
      vertex -15.3848 -0.756842 7.29999
      vertex -13.1735 -0.921178 9.5
    endloop
  endfacet
  facet normal -0.706215 -0.0367293 0.707044
    outer loop
      vertex -13.1976 -0.460869 9.5
      vertex -15.3962 -0.537648 7.29999
      vertex -15.3848 -0.756842 7.29999
    endloop
  endfacet
  facet normal -0.707057 -0.012565 -0.707045
    outer loop
      vertex -15.4001 -0.318188 11.7
      vertex -13.1976 -0.460869 9.5
      vertex -15.3962 -0.537648 11.7
    endloop
  endfacet
  facet normal -0.70705 -0.0122733 -0.707057
    outer loop
      vertex -13.1976 -0.460869 9.5
      vertex -15.4001 -0.318188 11.7
      vertex -13.2056 0 9.5
    endloop
  endfacet
  facet normal -0.707054 -0.0122217 -0.707054
    outer loop
      vertex -15.4001 -0.318188 11.7
      vertex -15.4056 0 11.7
      vertex -13.2056 0 9.5
    endloop
  endfacet
  facet normal -0.707061 -0.012444 0.707043
    outer loop
      vertex -13.1976 -0.460869 9.5
      vertex -15.4018 -0.21946 7.29999
      vertex -15.3962 -0.537648 7.29999
    endloop
  endfacet
  facet normal -0.707055 -0.0122428 0.707052
    outer loop
      vertex -15.4018 -0.21946 7.29999
      vertex -13.2056 0 9.5
      vertex -15.4056 0 7.29999
    endloop
  endfacet
  facet normal -0.707054 -0.0122734 0.707053
    outer loop
      vertex -13.2056 0 9.5
      vertex -15.4018 -0.21946 7.29999
      vertex -13.1976 -0.460869 9.5
    endloop
  endfacet
  facet normal 0.707054 -0.0122428 -0.707054
    outer loop
      vertex 15.4018 -0.21946 17.7
      vertex 13.2056 0 15.5
      vertex 15.4056 0 17.7
    endloop
  endfacet
  facet normal 0.707052 -0.0122734 -0.707055
    outer loop
      vertex 13.2056 0 15.5
      vertex 15.4018 -0.21946 17.7
      vertex 13.1976 -0.460869 15.5
    endloop
  endfacet
  facet normal 0.70706 -0.012444 -0.707044
    outer loop
      vertex 15.3962 -0.537648 17.7
      vertex 13.1976 -0.460869 15.5
      vertex 15.4018 -0.21946 17.7
    endloop
  endfacet
  facet normal 0.707054 -0.0122217 0.707054
    outer loop
      vertex 15.4056 0 13.3
      vertex 13.2056 0 15.5
      vertex 15.4001 -0.318188 13.3
    endloop
  endfacet
  facet normal 0.70705 -0.0122733 0.707057
    outer loop
      vertex 13.1976 -0.460869 15.5
      vertex 15.4001 -0.318188 13.3
      vertex 13.2056 0 15.5
    endloop
  endfacet
  facet normal 0.707057 -0.012565 0.707045
    outer loop
      vertex 15.4001 -0.318188 13.3
      vertex 13.1976 -0.460869 15.5
      vertex 15.3962 -0.537648 13.3
    endloop
  endfacet
  facet normal 0.706213 -0.0367293 -0.707046
    outer loop
      vertex 13.1976 -0.460869 15.5
      vertex 15.3962 -0.537648 17.7
      vertex 15.3848 -0.756842 17.7
    endloop
  endfacet
  facet normal 0.70619 -0.0369734 -0.707056
    outer loop
      vertex 13.1976 -0.460869 15.5
      vertex 15.3848 -0.756842 17.7
      vertex 13.1735 -0.921178 15.5
    endloop
  endfacet
  facet normal 0.706192 -0.0371098 -0.707047
    outer loop
      vertex 15.3848 -0.756842 17.7
      vertex 15.3681 -1.07464 17.7
      vertex 13.1735 -0.921178 15.5
    endloop
  endfacet
  facet normal 0.706206 -0.0368881 0.707044
    outer loop
      vertex 15.3962 -0.537648 13.3
      vertex 13.1976 -0.460869 15.5
      vertex 15.3796 -0.855448 13.3
    endloop
  endfacet
  facet normal 0.706196 -0.0369737 0.70705
    outer loop
      vertex 13.1735 -0.921178 15.5
      vertex 15.3796 -0.855448 13.3
      vertex 13.1976 -0.460869 15.5
    endloop
  endfacet
  facet normal 0.706196 -0.0370508 0.707047
    outer loop
      vertex 15.3796 -0.855448 13.3
      vertex 13.1735 -0.921178 15.5
      vertex 15.3681 -1.07464 13.3
    endloop
  endfacet
  facet normal 0.704484 -0.0615368 -0.707047
    outer loop
      vertex 15.349 -1.2933 17.7
      vertex 13.1735 -0.921178 15.5
      vertex 15.3681 -1.07464 17.7
    endloop
  endfacet
  facet normal 0.704466 -0.0616739 -0.707053
    outer loop
      vertex 13.1735 -0.921178 15.5
      vertex 15.349 -1.2933 17.7
      vertex 13.1333 -1.38036 15.5
    endloop
  endfacet
  facet normal 0.704464 -0.0617736 -0.707047
    outer loop
      vertex 15.3212 -1.61033 17.7
      vertex 13.1333 -1.38036 15.5
      vertex 15.349 -1.2933 17.7
    endloop
  endfacet
  facet normal 0.704483 -0.0615531 0.707047
    outer loop
      vertex 15.3681 -1.07464 13.3
      vertex 13.1735 -0.921178 15.5
      vertex 15.3404 -1.39167 13.3
    endloop
  endfacet
  facet normal 0.704464 -0.0616737 0.707055
    outer loop
      vertex 13.1333 -1.38036 15.5
      vertex 15.3404 -1.39167 13.3
      vertex 13.1735 -0.921178 15.5
    endloop
  endfacet
  facet normal 0.704456 -0.0618565 0.707047
    outer loop
      vertex 15.3404 -1.39167 13.3
      vertex 13.1333 -1.38036 15.5
      vertex 15.3212 -1.61033 13.3
    endloop
  endfacet
  facet normal 0.701915 -0.0860237 -0.707047
    outer loop
      vertex 15.2945 -1.82819 17.7
      vertex 13.1333 -1.38036 15.5
      vertex 15.3212 -1.61033 17.7
    endloop
  endfacet
  facet normal 0.701883 -0.0862185 -0.707055
    outer loop
      vertex 13.1333 -1.38036 15.5
      vertex 15.2945 -1.82819 17.7
      vertex 13.0771 -1.83787 15.5
    endloop
  endfacet
  facet normal 0.701883 -0.0862188 -0.707055
    outer loop
      vertex 15.2557 -2.14405 17.7
      vertex 13.0771 -1.83787 15.5
      vertex 15.2945 -1.82819 17.7
    endloop
  endfacet
  facet normal 0.701918 -0.0860008 0.707047
    outer loop
      vertex 15.3212 -1.61033 13.3
      vertex 13.1333 -1.38036 15.5
      vertex 15.2825 -1.92619 13.3
    endloop
  endfacet
  facet normal 0.701877 -0.0862178 0.707061
    outer loop
      vertex 13.0771 -1.83787 15.5
      vertex 15.2825 -1.92619 13.3
      vertex 13.1333 -1.38036 15.5
    endloop
  endfacet
  facet normal 0.701867 -0.08634 0.707056
    outer loop
      vertex 15.2825 -1.92619 13.3
      vertex 13.0771 -1.83787 15.5
      vertex 15.2557 -2.14405 13.3
    endloop
  endfacet
  facet normal 0.69847 -0.11051 -0.707056
    outer loop
      vertex 15.2214 -2.36084 17.7
      vertex 13.0771 -1.83787 15.5
      vertex 15.2557 -2.14405 17.7
    endloop
  endfacet
  facet normal 0.698449 -0.110614 -0.70706
    outer loop
      vertex 13.0771 -1.83787 15.5
      vertex 15.2214 -2.36084 17.7
      vertex 13.005 -2.29313 15.5
    endloop
  endfacet
  facet normal 0.698445 -0.11066 -0.707057
    outer loop
      vertex 15.1716 -2.67516 17.7
      vertex 13.005 -2.29313 15.5
      vertex 15.2214 -2.36084 17.7
    endloop
  endfacet
  facet normal 0.698447 -0.11066 0.707054
    outer loop
      vertex 15.2059 -2.45837 13.3
      vertex 15.2557 -2.14405 13.3
      vertex 13.0771 -1.83787 15.5
    endloop
  endfacet
  facet normal 0.698457 -0.110615 0.707051
    outer loop
      vertex 13.005 -2.29313 15.5
      vertex 15.2059 -2.45837 13.3
      vertex 13.0771 -1.83787 15.5
    endloop
  endfacet
  facet normal 0.69847 -0.11051 0.707056
    outer loop
      vertex 15.2059 -2.45837 13.3
      vertex 13.005 -2.29313 15.5
      vertex 15.1716 -2.67516 13.3
    endloop
  endfacet
  facet normal 0.694154 -0.13499 -0.707056
    outer loop
      vertex 15.1297 -2.89062 17.7
      vertex 13.005 -2.29313 15.5
      vertex 15.1716 -2.67516 17.7
    endloop
  endfacet
  facet normal 0.694185 -0.134857 -0.707051
    outer loop
      vertex 13.005 -2.29313 15.5
      vertex 15.1297 -2.89062 17.7
      vertex 12.9171 -2.7456 15.5
    endloop
  endfacet
  facet normal 0.694182 -0.134885 -0.707049
    outer loop
      vertex 15.069 -3.20301 17.7
      vertex 12.9171 -2.7456 15.5
      vertex 15.1297 -2.89062 17.7
    endloop
  endfacet
  facet normal 0.694173 -0.134884 0.707057
    outer loop
      vertex 15.1109 -2.98755 13.3
      vertex 15.1716 -2.67516 13.3
      vertex 13.005 -2.29313 15.5
    endloop
  endfacet
  facet normal 0.69418 -0.134856 0.707055
    outer loop
      vertex 12.9171 -2.7456 15.5
      vertex 15.1109 -2.98755 13.3
      vertex 13.005 -2.29313 15.5
    endloop
  endfacet
  facet normal 0.69416 -0.134992 0.70705
    outer loop
      vertex 15.1109 -2.98755 13.3
      vertex 12.9171 -2.7456 15.5
      vertex 15.069 -3.20301 13.3
    endloop
  endfacet
  facet normal 0.689023 -0.159152 -0.707049
    outer loop
      vertex 15.0196 -3.41688 17.7
      vertex 12.9171 -2.7456 15.5
      vertex 15.069 -3.20301 17.7
    endloop
  endfacet
  facet normal 0.689039 -0.159093 -0.707046
    outer loop
      vertex 12.9171 -2.7456 15.5
      vertex 15.0196 -3.41688 17.7
      vertex 12.8134 -3.19473 15.5
    endloop
  endfacet
  facet normal 0.689038 -0.159104 -0.707045
    outer loop
      vertex 14.948 -3.72696 17.7
      vertex 12.8134 -3.19473 15.5
      vertex 15.0196 -3.41688 17.7
    endloop
  endfacet
  facet normal 0.689034 -0.159104 0.707049
    outer loop
      vertex 14.9974 -3.51309 13.3
      vertex 15.069 -3.20301 13.3
      vertex 12.9171 -2.7456 15.5
    endloop
  endfacet
  facet normal 0.689037 -0.159092 0.707048
    outer loop
      vertex 12.8134 -3.19473 15.5
      vertex 14.9974 -3.51309 13.3
      vertex 12.9171 -2.7456 15.5
    endloop
  endfacet
  facet normal 0.689026 -0.159152 0.707046
    outer loop
      vertex 14.9974 -3.51309 13.3
      vertex 12.8134 -3.19473 15.5
      vertex 14.948 -3.72696 13.3
    endloop
  endfacet
  facet normal 0.68308 -0.182997 -0.707045
    outer loop
      vertex 14.8912 -3.93898 17.7
      vertex 12.8134 -3.19473 15.5
      vertex 14.948 -3.72696 17.7
    endloop
  endfacet
  facet normal 0.68307 -0.18303 -0.707047
    outer loop
      vertex 12.8134 -3.19473 15.5
      vertex 14.8912 -3.93898 17.7
      vertex 12.6941 -3.63996 15.5
    endloop
  endfacet
  facet normal 0.683056 -0.183102 -0.707042
    outer loop
      vertex 14.8088 -4.24637 17.7
      vertex 12.6941 -3.63996 15.5
      vertex 14.8912 -3.93898 17.7
    endloop
  endfacet
  facet normal 0.683107 -0.182894 0.707046
    outer loop
      vertex 14.8657 -4.03435 13.3
      vertex 14.948 -3.72696 13.3
      vertex 12.8134 -3.19473 15.5
    endloop
  endfacet
  facet normal 0.683062 -0.183027 0.707055
    outer loop
      vertex 12.6941 -3.63996 15.5
      vertex 14.8657 -4.03435 13.3
      vertex 12.8134 -3.19473 15.5
    endloop
  endfacet
  facet normal 0.683001 -0.183298 0.707044
    outer loop
      vertex 14.8657 -4.03435 13.3
      vertex 12.6941 -3.63996 15.5
      vertex 14.8088 -4.24637 13.3
    endloop
  endfacet
  facet normal 0.676336 -0.206542 -0.707044
    outer loop
      vertex 14.7447 -4.45627 17.7
      vertex 12.6941 -3.63996 15.5
      vertex 14.8088 -4.24637 17.7
    endloop
  endfacet
  facet normal 0.676245 -0.206801 -0.707055
    outer loop
      vertex 12.6941 -3.63996 15.5
      vertex 14.7447 -4.45627 17.7
      vertex 12.5593 -4.08076 15.5
    endloop
  endfacet
  facet normal 0.676228 -0.20687 -0.70705
    outer loop
      vertex 14.6516 -4.7606 17.7
      vertex 12.5593 -4.08076 15.5
      vertex 14.7447 -4.45627 17.7
    endloop
  endfacet
  facet normal 0.676298 -0.206669 0.707042
    outer loop
      vertex 14.8088 -4.24637 13.3
      vertex 12.6941 -3.63996 15.5
      vertex 14.7158 -4.5507 13.3
    endloop
  endfacet
  facet normal 0.676248 -0.206802 0.707051
    outer loop
      vertex 12.5593 -4.08076 15.5
      vertex 14.7158 -4.5507 13.3
      vertex 12.6941 -3.63996 15.5
    endloop
  endfacet
  facet normal 0.676239 -0.206835 0.70705
    outer loop
      vertex 14.7158 -4.5507 13.3
      vertex 12.5593 -4.08076 15.5
      vertex 14.6516 -4.7606 13.3
    endloop
  endfacet
  facet normal 0.668697 -0.230052 -0.707051
    outer loop
      vertex 14.5802 -4.96814 17.7
      vertex 12.5593 -4.08076 15.5
      vertex 14.6516 -4.7606 17.7
    endloop
  endfacet
  facet normal 0.668611 -0.23027 -0.707061
    outer loop
      vertex 12.5593 -4.08076 15.5
      vertex 14.5802 -4.96814 17.7
      vertex 12.4092 -4.51659 15.5
    endloop
  endfacet
  facet normal 0.668628 -0.230209 -0.707065
    outer loop
      vertex 14.4766 -5.26904 17.7
      vertex 12.4092 -4.51659 15.5
      vertex 14.5802 -4.96814 17.7
    endloop
  endfacet
  facet normal 0.668642 -0.230214 0.70705
    outer loop
      vertex 14.6516 -4.7606 13.3
      vertex 12.5593 -4.08076 15.5
      vertex 14.548 -5.0615 13.3
    endloop
  endfacet
  facet normal 0.668618 -0.230272 0.707054
    outer loop
      vertex 12.4092 -4.51659 15.5
      vertex 14.548 -5.0615 13.3
      vertex 12.5593 -4.08076 15.5
    endloop
  endfacet
  facet normal 0.668685 -0.230048 0.707063
    outer loop
      vertex 14.548 -5.0615 13.3
      vertex 12.4092 -4.51659 15.5
      vertex 14.4766 -5.26904 13.3
    endloop
  endfacet
  facet normal 0.660136 -0.253539 -0.707064
    outer loop
      vertex 14.3979 -5.47395 17.7
      vertex 12.4092 -4.51659 15.5
      vertex 14.4766 -5.26904 17.7
    endloop
  endfacet
  facet normal 0.660177 -0.253442 -0.707059
    outer loop
      vertex 12.4092 -4.51659 15.5
      vertex 14.3979 -5.47395 17.7
      vertex 12.244 -4.94691 15.5
    endloop
  endfacet
  facet normal 0.660213 -0.25333 -0.707067
    outer loop
      vertex 14.2839 -5.77105 17.7
      vertex 12.244 -4.94691 15.5
      vertex 14.3979 -5.47395 17.7
    endloop
  endfacet
  facet normal 0.660141 -0.253524 0.707064
    outer loop
      vertex 14.3625 -5.56614 13.3
      vertex 14.4766 -5.26904 13.3
      vertex 12.4092 -4.51659 15.5
    endloop
  endfacet
  facet normal 0.660179 -0.253443 0.707058
    outer loop
      vertex 12.244 -4.94691 15.5
      vertex 14.3625 -5.56614 13.3
      vertex 12.4092 -4.51659 15.5
    endloop
  endfacet
  facet normal 0.660241 -0.253257 0.707066
    outer loop
      vertex 14.3625 -5.56614 13.3
      vertex 12.244 -4.94691 15.5
      vertex 14.2839 -5.77105 13.3
    endloop
  endfacet
  facet normal 0.650892 -0.2764 -0.707066
    outer loop
      vertex 14.1981 -5.9731 17.7
      vertex 12.244 -4.94691 15.5
      vertex 14.2839 -5.77105 17.7
    endloop
  endfacet
  facet normal 0.650939 -0.2763 -0.707062
    outer loop
      vertex 12.244 -4.94691 15.5
      vertex 14.1981 -5.9731 17.7
      vertex 12.0639 -5.37121 15.5
    endloop
  endfacet
  facet normal 0.6509 -0.276411 -0.707054
    outer loop
      vertex 14.0737 -6.26604 17.7
      vertex 12.0639 -5.37121 15.5
      vertex 14.1981 -5.9731 17.7
    endloop
  endfacet
  facet normal 0.650889 -0.276407 0.707066
    outer loop
      vertex 14.1595 -6.06399 13.3
      vertex 14.2839 -5.77105 13.3
      vertex 12.244 -4.94691 15.5
    endloop
  endfacet
  facet normal 0.650942 -0.276301 0.707059
    outer loop
      vertex 12.0639 -5.37121 15.5
      vertex 14.1595 -6.06399 13.3
      vertex 12.244 -4.94691 15.5
    endloop
  endfacet
  facet normal 0.650903 -0.276404 0.707054
    outer loop
      vertex 14.1595 -6.06399 13.3
      vertex 12.0639 -5.37121 15.5
      vertex 14.0737 -6.26604 13.3
    endloop
  endfacet
  facet normal 0.64098 -0.298692 -0.707055
    outer loop
      vertex 13.981 -6.46497 17.7
      vertex 12.0639 -5.37121 15.5
      vertex 14.0737 -6.26604 17.7
    endloop
  endfacet
  facet normal 0.640899 -0.298849 -0.707062
    outer loop
      vertex 12.0639 -5.37121 15.5
      vertex 13.981 -6.46497 17.7
      vertex 11.8691 -5.78897 15.5
    endloop
  endfacet
  facet normal 0.640891 -0.298869 -0.707061
    outer loop
      vertex 13.8465 -6.75339 17.7
      vertex 11.8691 -5.78897 15.5
      vertex 13.981 -6.46497 17.7
    endloop
  endfacet
  facet normal 0.640982 -0.298689 0.707055
    outer loop
      vertex 14.0737 -6.26604 13.3
      vertex 12.0639 -5.37121 15.5
      vertex 13.9393 -6.55446 13.3
    endloop
  endfacet
  facet normal 0.640896 -0.298847 0.707067
    outer loop
      vertex 11.8691 -5.78897 15.5
      vertex 13.9393 -6.55446 13.3
      vertex 12.0639 -5.37121 15.5
    endloop
  endfacet
  facet normal 0.640851 -0.298954 0.707062
    outer loop
      vertex 13.9393 -6.55446 13.3
      vertex 11.8691 -5.78897 15.5
      vertex 13.8465 -6.75339 13.3
    endloop
  endfacet
  facet normal 0.630011 -0.321174 -0.707059
    outer loop
      vertex 13.7468 -6.94896 17.7
      vertex 11.8691 -5.78897 15.5
      vertex 13.8465 -6.75339 17.7
    endloop
  endfacet
  facet normal 0.630126 -0.32097 -0.70705
    outer loop
      vertex 11.8691 -5.78897 15.5
      vertex 13.7468 -6.94896 17.7
      vertex 11.6599 -6.19967 15.5
    endloop
  endfacet
  facet normal 0.630152 -0.32091 -0.707054
    outer loop
      vertex 13.6024 -7.23251 17.7
      vertex 11.6599 -6.19967 15.5
      vertex 13.7468 -6.94896 17.7
    endloop
  endfacet
  facet normal 0.630056 -0.321083 0.70706
    outer loop
      vertex 13.8465 -6.75339 13.3
      vertex 11.8691 -5.78897 15.5
      vertex 13.702 -7.03694 13.3
    endloop
  endfacet
  facet normal 0.630124 -0.320969 0.707052
    outer loop
      vertex 11.6599 -6.19967 15.5
      vertex 13.702 -7.03694 13.3
      vertex 11.8691 -5.78897 15.5
    endloop
  endfacet
  facet normal 0.630146 -0.320921 0.707054
    outer loop
      vertex 13.702 -7.03694 13.3
      vertex 11.6599 -6.19967 15.5
      vertex 13.6024 -7.23251 13.3
    endloop
  endfacet
  facet normal 0.618509 -0.342811 -0.707056
    outer loop
      vertex 13.496 -7.42448 17.7
      vertex 11.6599 -6.19967 15.5
      vertex 13.6024 -7.23251 17.7
    endloop
  endfacet
  facet normal 0.618468 -0.342878 -0.707059
    outer loop
      vertex 11.6599 -6.19967 15.5
      vertex 13.496 -7.42448 17.7
      vertex 11.4364 -6.60281 15.5
    endloop
  endfacet
  facet normal 0.618477 -0.342858 -0.70706
    outer loop
      vertex 13.496 -7.42448 17.7
      vertex 13.3417 -7.70282 17.7
      vertex 11.4364 -6.60281 15.5
    endloop
  endfacet
  facet normal 0.618477 -0.34287 0.707055
    outer loop
      vertex 13.6024 -7.23251 13.3
      vertex 11.6599 -6.19967 15.5
      vertex 13.4481 -7.51084 13.3
    endloop
  endfacet
  facet normal 0.618471 -0.342879 0.707056
    outer loop
      vertex 11.4364 -6.60281 15.5
      vertex 13.4481 -7.51084 13.3
      vertex 11.6599 -6.19967 15.5
    endloop
  endfacet
  facet normal 0.618513 -0.342795 0.70706
    outer loop
      vertex 13.4481 -7.51084 13.3
      vertex 11.4364 -6.60281 15.5
      vertex 13.3417 -7.70282 13.3
    endloop
  endfacet
  facet normal 0.606073 -0.36434 -0.707059
    outer loop
      vertex 13.2286 -7.89096 17.7
      vertex 11.4364 -6.60281 15.5
      vertex 13.3417 -7.70282 17.7
    endloop
  endfacet
  facet normal 0.60616 -0.364208 -0.707052
    outer loop
      vertex 11.4364 -6.60281 15.5
      vertex 13.2286 -7.89096 17.7
      vertex 11.199 -6.99792 15.5
    endloop
  endfacet
  facet normal 0.606159 -0.364211 -0.707052
    outer loop
      vertex 13.0647 -8.16374 17.7
      vertex 11.199 -6.99792 15.5
      vertex 13.2286 -7.89096 17.7
    endloop
  endfacet
  facet normal 0.606152 -0.364207 0.70706
    outer loop
      vertex 13.3417 -7.70282 13.3
      vertex 11.4364 -6.60281 15.5
      vertex 13.1778 -7.9756 13.3
    endloop
  endfacet
  facet normal 0.606153 -0.364204 0.70706
    outer loop
      vertex 11.199 -6.99792 15.5
      vertex 13.1778 -7.9756 13.3
      vertex 11.4364 -6.60281 15.5
    endloop
  endfacet
  facet normal 0.606078 -0.364342 0.707053
    outer loop
      vertex 13.1778 -7.9756 13.3
      vertex 11.199 -6.99792 15.5
      vertex 13.0647 -8.16374 13.3
    endloop
  endfacet
  facet normal 0.593147 -0.385035 -0.707053
    outer loop
      vertex 12.9452 -8.34783 17.7
      vertex 11.199 -6.99792 15.5
      vertex 13.0647 -8.16374 17.7
    endloop
  endfacet
  facet normal 0.593101 -0.385101 -0.707056
    outer loop
      vertex 11.199 -6.99792 15.5
      vertex 12.9452 -8.34783 17.7
      vertex 10.948 -7.38449 15.5
    endloop
  endfacet
  facet normal 0.593002 -0.385277 -0.707044
    outer loop
      vertex 12.7718 -8.61472 17.7
      vertex 10.948 -7.38449 15.5
      vertex 12.9452 -8.34783 17.7
    endloop
  endfacet
  facet normal 0.593103 -0.385106 0.707052
    outer loop
      vertex 13.0647 -8.16374 13.3
      vertex 11.199 -6.99792 15.5
      vertex 12.8914 -8.43064 13.3
    endloop
  endfacet
  facet normal 0.593105 -0.385103 0.707052
    outer loop
      vertex 10.948 -7.38449 15.5
      vertex 12.8914 -8.43064 13.3
      vertex 11.199 -6.99792 15.5
    endloop
  endfacet
  facet normal 0.592999 -0.385282 0.707044
    outer loop
      vertex 12.8914 -8.43064 13.3
      vertex 10.948 -7.38449 15.5
      vertex 12.7718 -8.61472 13.3
    endloop
  endfacet
  facet normal 0.579426 -0.405405 -0.707045
    outer loop
      vertex 12.646 -8.79452 17.7
      vertex 10.948 -7.38449 15.5
      vertex 12.7718 -8.61472 17.7
    endloop
  endfacet
  facet normal 0.579258 -0.405625 -0.707056
    outer loop
      vertex 10.948 -7.38449 15.5
      vertex 12.646 -8.79452 17.7
      vertex 10.6836 -7.76207 15.5
    endloop
  endfacet
  facet normal 0.579202 -0.405717 -0.707049
    outer loop
      vertex 12.4634 -9.0552 17.7
      vertex 10.6836 -7.76207 15.5
      vertex 12.646 -8.79452 17.7
    endloop
  endfacet
  facet normal 0.579319 -0.405561 0.707043
    outer loop
      vertex 12.7718 -8.61472 13.3
      vertex 10.948 -7.38449 15.5
      vertex 12.5893 -8.87541 13.3
    endloop
  endfacet
  facet normal 0.579264 -0.405629 0.707049
    outer loop
      vertex 10.6836 -7.76207 15.5
      vertex 12.5893 -8.87541 13.3
      vertex 10.948 -7.38449 15.5
    endloop
  endfacet
  facet normal 0.579261 -0.405634 0.707048
    outer loop
      vertex 12.5893 -8.87541 13.3
      vertex 10.6836 -7.76207 15.5
      vertex 12.4634 -9.0552 13.3
    endloop
  endfacet
  facet normal 0.564764 -0.425587 -0.707048
    outer loop
      vertex 12.3313 -9.2305 17.7
      vertex 10.6836 -7.76207 15.5
      vertex 12.4634 -9.0552 17.7
    endloop
  endfacet
  facet normal 0.564772 -0.425577 -0.707048
    outer loop
      vertex 10.6836 -7.76207 15.5
      vertex 12.3313 -9.2305 17.7
      vertex 10.4062 -8.1302 15.5
    endloop
  endfacet
  facet normal 0.564791 -0.425549 -0.70705
    outer loop
      vertex 12.1398 -9.48466 17.7
      vertex 10.4062 -8.1302 15.5
      vertex 12.3313 -9.2305 17.7
    endloop
  endfacet
  facet normal 0.564792 -0.425549 0.707049
    outer loop
      vertex 12.4634 -9.0552 13.3
      vertex 10.6836 -7.76207 15.5
      vertex 12.2719 -9.30936 13.3
    endloop
  endfacet
  facet normal 0.56477 -0.425575 0.707051
    outer loop
      vertex 10.4062 -8.1302 15.5
      vertex 12.2719 -9.30936 13.3
      vertex 10.6836 -7.76207 15.5
    endloop
  endfacet
  facet normal 0.564763 -0.425585 0.70705
    outer loop
      vertex 12.2719 -9.30936 13.3
      vertex 10.4062 -8.1302 15.5
      vertex 12.1398 -9.48466 13.3
    endloop
  endfacet
  facet normal 0.549599 -0.444977 -0.707062
    outer loop
      vertex 10.1845 -8.53072 15.5798
      vertex 12.1398 -9.48466 17.7
      vertex 12.0017 -9.65523 17.7
    endloop
  endfacet
  facet normal 0.549544 -0.445063 -0.70705
    outer loop
      vertex 12.1398 -9.48466 17.7
      vertex 10.1845 -8.53072 15.5798
      vertex 10.4062 -8.1302 15.5
    endloop
  endfacet
  facet normal 0.547699 -0.444408 -0.708891
    outer loop
      vertex 10.4062 -8.1302 15.5
      vertex 10.1845 -8.53072 15.5798
      vertex 10.185 -8.51495 15.5703
    endloop
  endfacet
  facet normal 0.550009 -0.445306 -0.706536
    outer loop
      vertex 10.185 -8.45561 15.5329
      vertex 10.4062 -8.1302 15.5
      vertex 10.185 -8.51495 15.5703
    endloop
  endfacet
  facet normal 0.549681 -0.445121 -0.706908
    outer loop
      vertex 10.4062 -8.1302 15.5
      vertex 10.185 -8.45561 15.5329
      vertex 10.1833 -8.40546 15.5
    endloop
  endfacet
  facet normal 0.549542 -0.445064 -0.707051
    outer loop
      vertex 10.184 -8.54536 15.5886
      vertex 12.0017 -9.65523 17.7
      vertex 11.8014 -9.90255 17.7
    endloop
  endfacet
  facet normal 0.550391 -0.443859 -0.707148
    outer loop
      vertex 12.0017 -9.65523 17.7
      vertex 10.184 -8.54536 15.5886
      vertex 10.1845 -8.53072 15.5798
    endloop
  endfacet
  facet normal 0.549534 -0.445076 0.70705
    outer loop
      vertex 12.1398 -9.48466 13.3
      vertex 10.4062 -8.1302 15.5
      vertex 11.9395 -9.73197 13.3
    endloop
  endfacet
  facet normal 0.549681 -0.445121 0.706908
    outer loop
      vertex 10.4062 -8.1302 15.5
      vertex 10.1833 -8.40546 15.5
      vertex 10.185 -8.45561 15.4671
    endloop
  endfacet
  facet normal 0.549574 -0.445032 0.707046
    outer loop
      vertex 10.184 -8.54536 15.4114
      vertex 11.9395 -9.73197 13.3
      vertex 10.4062 -8.1302 15.5
    endloop
  endfacet
  facet normal 0.550009 -0.445306 0.706536
    outer loop
      vertex 10.185 -8.51495 15.4297
      vertex 10.4062 -8.1302 15.5
      vertex 10.185 -8.45561 15.4671
    endloop
  endfacet
  facet normal 0.547901 -0.444487 0.708686
    outer loop
      vertex 10.184 -8.54536 15.4114
      vertex 10.4062 -8.1302 15.5
      vertex 10.185 -8.51495 15.4297
    endloop
  endfacet
  facet normal 0.549622 -0.444969 0.70705
    outer loop
      vertex 11.9395 -9.73197 13.3
      vertex 10.184 -8.54536 15.4114
      vertex 11.8014 -9.90255 13.3
    endloop
  endfacet
  facet normal 0.53369 -0.463938 -0.707062
    outer loop
      vertex 10.0969 -9.02555 15.838
      vertex 11.8014 -9.90255 17.7
      vertex 11.6574 -10.0682 17.7
    endloop
  endfacet
  facet normal 0.533738 -0.4639 -0.707051
    outer loop
      vertex 11.8014 -9.90255 17.7
      vertex 10.183 -8.57425 15.6068
      vertex 10.184 -8.54536 15.5886
    endloop
  endfacet
  facet normal 0.533464 -0.464224 -0.707045
    outer loop
      vertex 11.8014 -9.90255 17.7
      vertex 10.1788 -8.63345 15.6425
      vertex 10.183 -8.57425 15.6068
    endloop
  endfacet
  facet normal 0.534056 -0.463506 -0.707069
    outer loop
      vertex 11.8014 -9.90255 17.7
      vertex 10.1726 -8.69246 15.6765
      vertex 10.1788 -8.63345 15.6425
    endloop
  endfacet
  facet normal 0.533423 -0.464293 -0.70703
    outer loop
      vertex 11.8014 -9.90255 17.7
      vertex 10.1644 -8.75122 15.7089
      vertex 10.1726 -8.69246 15.6765
    endloop
  endfacet
  facet normal 0.533666 -0.463983 -0.707051
    outer loop
      vertex 11.8014 -9.90255 17.7
      vertex 10.154 -8.80966 15.7394
      vertex 10.1644 -8.75122 15.7089
    endloop
  endfacet
  facet normal 0.533692 -0.463948 -0.707053
    outer loop
      vertex 11.8014 -9.90255 17.7
      vertex 10.1417 -8.8677 15.7682
      vertex 10.154 -8.80966 15.7394
    endloop
  endfacet
  facet normal 0.534297 -0.463129 -0.707134
    outer loop
      vertex 11.8014 -9.90255 17.7
      vertex 10.1274 -8.92527 15.7951
      vertex 10.1417 -8.8677 15.7682
    endloop
  endfacet
  facet normal 0.533352 -0.464449 -0.706981
    outer loop
      vertex 11.8014 -9.90255 17.7
      vertex 10.111 -8.98231 15.8202
      vertex 10.1274 -8.92527 15.7951
    endloop
  endfacet
  facet normal 0.53308 -0.464842 -0.706929
    outer loop
      vertex 11.8014 -9.90255 17.7
      vertex 10.0969 -9.02555 15.838
      vertex 10.111 -8.98231 15.8202
    endloop
  endfacet
  facet normal 0.533705 -0.463937 -0.707051
    outer loop
      vertex 10.0793 -9.07545 15.8574
      vertex 11.6574 -10.0682 17.7
      vertex 11.4486 -10.3084 17.7
    endloop
  endfacet
  facet normal 0.536602 -0.460111 -0.707359
    outer loop
      vertex 11.6574 -10.0682 17.7
      vertex 10.0927 -9.03875 15.8434
      vertex 10.0969 -9.02555 15.838
    endloop
  endfacet
  facet normal 0.533336 -0.464434 -0.707003
    outer loop
      vertex 11.6574 -10.0682 17.7
      vertex 10.0793 -9.07545 15.8574
      vertex 10.0927 -9.03875 15.8434
    endloop
  endfacet
  facet normal 0.531339 -0.466701 0.707014
    outer loop
      vertex 10.1833 -8.56373 15.3998
      vertex 11.8014 -9.90255 13.3
      vertex 10.184 -8.54536 15.4114
    endloop
  endfacet
  facet normal 0.533649 -0.463985 0.707062
    outer loop
      vertex 11.8014 -9.90255 13.3
      vertex 10.1833 -8.56373 15.3998
      vertex 11.5926 -10.1427 13.3
    endloop
  endfacet
  facet normal 0.538888 -0.458652 0.706568
    outer loop
      vertex 10.183 -8.57425 15.3932
      vertex 11.5926 -10.1427 13.3
      vertex 10.1833 -8.56373 15.3998
    endloop
  endfacet
  facet normal 0.53342 -0.464236 0.70707
    outer loop
      vertex 10.1788 -8.63345 15.3575
      vertex 11.5926 -10.1427 13.3
      vertex 10.183 -8.57425 15.3932
    endloop
  endfacet
  facet normal 0.534143 -0.463485 0.707017
    outer loop
      vertex 10.1726 -8.69246 15.3235
      vertex 11.5926 -10.1427 13.3
      vertex 10.1788 -8.63345 15.3575
    endloop
  endfacet
  facet normal 0.533372 -0.464303 0.707062
    outer loop
      vertex 10.1644 -8.75122 15.2911
      vertex 11.5926 -10.1427 13.3
      vertex 10.1726 -8.69246 15.3235
    endloop
  endfacet
  facet normal 0.533667 -0.463983 0.70705
    outer loop
      vertex 10.154 -8.80966 15.2606
      vertex 11.5926 -10.1427 13.3
      vertex 10.1644 -8.75122 15.2911
    endloop
  endfacet
  facet normal 0.533699 -0.463947 0.707049
    outer loop
      vertex 10.1417 -8.8677 15.2318
      vertex 11.5926 -10.1427 13.3
      vertex 10.154 -8.80966 15.2606
    endloop
  endfacet
  facet normal 0.534423 -0.463119 0.707045
    outer loop
      vertex 10.1274 -8.92527 15.2049
      vertex 11.5926 -10.1427 13.3
      vertex 10.1417 -8.8677 15.2318
    endloop
  endfacet
  facet normal 0.53329 -0.464452 0.707026
    outer loop
      vertex 10.111 -8.98231 15.1798
      vertex 11.5926 -10.1427 13.3
      vertex 10.1274 -8.92527 15.2049
    endloop
  endfacet
  facet normal 0.533877 -0.463741 0.70705
    outer loop
      vertex 10.0927 -9.03875 15.1566
      vertex 11.5926 -10.1427 13.3
      vertex 10.111 -8.98231 15.1798
    endloop
  endfacet
  facet normal 0.533322 -0.464434 0.707014
    outer loop
      vertex 10.0793 -9.07545 15.1426
      vertex 11.5926 -10.1427 13.3
      vertex 10.0927 -9.03875 15.1566
    endloop
  endfacet
  facet normal 0.533768 -0.463866 0.707051
    outer loop
      vertex 11.5926 -10.1427 13.3
      vertex 10.0793 -9.07545 15.1426
      vertex 11.4486 -10.3084 13.3
    endloop
  endfacet
  facet normal 0.517143 -0.482345 -0.70704
    outer loop
      vertex 9.97213 -9.30946 15.9386
      vertex 11.4486 -10.3084 17.7
      vertex 11.2989 -10.4689 17.7
    endloop
  endfacet
  facet normal 0.518552 -0.480789 -0.707068
    outer loop
      vertex 11.4486 -10.3084 17.7
      vertex 10.0724 -9.09451 15.8653
      vertex 10.0793 -9.07545 15.8574
    endloop
  endfacet
  facet normal 0.516442 -0.483118 -0.707025
    outer loop
      vertex 11.4486 -10.3084 17.7
      vertex 10.0501 -9.14952 15.8866
      vertex 10.0724 -9.09451 15.8653
    endloop
  endfacet
  facet normal 0.517573 -0.481831 -0.707076
    outer loop
      vertex 11.4486 -10.3084 17.7
      vertex 10.026 -9.20373 15.9059
      vertex 10.0501 -9.14952 15.8866
    endloop
  endfacet
  facet normal 0.516804 -0.482735 -0.707022
    outer loop
      vertex 11.4486 -10.3084 17.7
      vertex 9.99999 -9.25706 15.9233
      vertex 10.026 -9.20373 15.9059
    endloop
  endfacet
  facet normal 0.517661 -0.481694 -0.707105
    outer loop
      vertex 11.4486 -10.3084 17.7
      vertex 9.97213 -9.30946 15.9386
      vertex 9.99999 -9.25706 15.9233
    endloop
  endfacet
  facet normal 0.516855 -0.482665 -0.707033
    outer loop
      vertex 11.2989 -10.4689 17.7
      vertex 9.94247 -9.36085 15.952
      vertex 9.97213 -9.30946 15.9386
    endloop
  endfacet
  facet normal 0.517336 -0.482114 -0.707057
    outer loop
      vertex 11.2989 -10.4689 17.7
      vertex 9.91102 -9.41117 15.9633
      vertex 9.94247 -9.36085 15.952
    endloop
  endfacet
  facet normal 0.516596 -0.48299 -0.707
    outer loop
      vertex 9.91102 -9.41117 15.9633
      vertex 11.2989 -10.4689 17.7
      vertex 9.88441 -9.45061 15.9708
    endloop
  endfacet
  facet normal 0.517279 -0.482172 -0.707059
    outer loop
      vertex 9.87784 -9.46036 15.9726
      vertex 11.2989 -10.4689 17.7
      vertex 11.0819 -10.7017 17.7
    endloop
  endfacet
  facet normal 0.518876 -0.480207 -0.707226
    outer loop
      vertex 11.2989 -10.4689 17.7
      vertex 9.87784 -9.46036 15.9726
      vertex 9.88441 -9.45061 15.9708
    endloop
  endfacet
  facet normal 0.516818 -0.482642 -0.707076
    outer loop
      vertex 9.87784 -9.46036 15.9726
      vertex 11.0819 -10.7017 17.7
      vertex 9.8443 -9.50653 15.9796
    endloop
  endfacet
  facet normal 0.518552 -0.480789 0.707068
    outer loop
      vertex 10.0724 -9.09451 15.1347
      vertex 11.4486 -10.3084 13.3
      vertex 10.0793 -9.07545 15.1426
    endloop
  endfacet
  facet normal 0.516001 -0.483603 0.707016
    outer loop
      vertex 10.058 -9.13005 15.1209
      vertex 11.4486 -10.3084 13.3
      vertex 10.0724 -9.09451 15.1347
    endloop
  endfacet
  facet normal 0.517176 -0.482283 0.707059
    outer loop
      vertex 11.4486 -10.3084 13.3
      vertex 10.058 -9.13005 15.1209
      vertex 11.2316 -10.5411 13.3
    endloop
  endfacet
  facet normal 0.517231 -0.482231 0.707054
    outer loop
      vertex 10.0501 -9.14952 15.1134
      vertex 11.2316 -10.5411 13.3
      vertex 10.058 -9.13005 15.1209
    endloop
  endfacet
  facet normal 0.517639 -0.481841 0.707021
    outer loop
      vertex 10.026 -9.20373 15.0941
      vertex 11.2316 -10.5411 13.3
      vertex 10.0501 -9.14952 15.1134
    endloop
  endfacet
  facet normal 0.516743 -0.482723 0.707075
    outer loop
      vertex 9.99999 -9.25706 15.0767
      vertex 11.2316 -10.5411 13.3
      vertex 10.026 -9.20373 15.0941
    endloop
  endfacet
  facet normal 0.517737 -0.481714 0.707036
    outer loop
      vertex 9.97213 -9.30946 15.0614
      vertex 11.2316 -10.5411 13.3
      vertex 9.99999 -9.25706 15.0767
    endloop
  endfacet
  facet normal 0.516835 -0.482659 0.707051
    outer loop
      vertex 9.94247 -9.36085 15.048
      vertex 11.2316 -10.5411 13.3
      vertex 9.97213 -9.30946 15.0614
    endloop
  endfacet
  facet normal 0.517338 -0.482115 0.707055
    outer loop
      vertex 9.91102 -9.41117 15.0367
      vertex 11.2316 -10.5411 13.3
      vertex 9.94247 -9.36085 15.048
    endloop
  endfacet
  facet normal 0.517048 -0.482439 0.707046
    outer loop
      vertex 9.87784 -9.46036 15.0274
      vertex 11.2316 -10.5411 13.3
      vertex 9.91102 -9.41117 15.0367
    endloop
  endfacet
  facet normal 0.516855 -0.482663 0.707034
    outer loop
      vertex 9.8443 -9.50653 15.0204
      vertex 11.2316 -10.5411 13.3
      vertex 9.87784 -9.46036 15.0274
    endloop
  endfacet
  facet normal 0.517272 -0.482164 0.70707
    outer loop
      vertex 11.2316 -10.5411 13.3
      vertex 9.8443 -9.50653 15.0204
      vertex 11.0819 -10.7017 13.3
    endloop
  endfacet
  facet normal 0.500024 -0.500024 -0.707073
    outer loop
      vertex 9.68736 -9.68736 15.9965
      vertex 11.0819 -10.7017 17.7
      vertex 10.7017 -11.0819 17.7
    endloop
  endfacet
  facet normal 0.511734 -0.487967 -0.707118
    outer loop
      vertex 11.0819 -10.7017 17.7
      vertex 9.84296 -9.50837 15.9799
      vertex 9.8443 -9.50653 15.9796
    endloop
  endfacet
  facet normal 0.500323 -0.499736 -0.707064
    outer loop
      vertex 11.0819 -10.7017 17.7
      vertex 9.80643 -9.55513 15.9871
      vertex 9.84296 -9.50837 15.9799
    endloop
  endfacet
  facet normal 0.49979 -0.500299 -0.707044
    outer loop
      vertex 11.0819 -10.7017 17.7
      vertex 9.76829 -9.60058 15.9923
      vertex 9.80643 -9.55513 15.9871
    endloop
  endfacet
  facet normal 0.50007 -0.499993 -0.707062
    outer loop
      vertex 11.0819 -10.7017 17.7
      vertex 9.72858 -9.64468 15.9954
      vertex 9.76829 -9.60058 15.9923
    endloop
  endfacet
  facet normal 0.499501 -0.500636 -0.707009
    outer loop
      vertex 11.0819 -10.7017 17.7
      vertex 9.68736 -9.68736 15.9965
      vertex 9.72858 -9.64468 15.9954
    endloop
  endfacet
  facet normal 0.500636 -0.499501 -0.707009
    outer loop
      vertex 10.7017 -11.0819 17.7
      vertex 9.64468 -9.72858 15.9954
      vertex 9.68736 -9.68736 15.9965
    endloop
  endfacet
  facet normal 0.499993 -0.50007 -0.707062
    outer loop
      vertex 10.7017 -11.0819 17.7
      vertex 9.60058 -9.76829 15.9923
      vertex 9.64468 -9.72858 15.9954
    endloop
  endfacet
  facet normal 0.500299 -0.49979 -0.707044
    outer loop
      vertex 10.7017 -11.0819 17.7
      vertex 9.55513 -9.80643 15.9871
      vertex 9.60058 -9.76829 15.9923
    endloop
  endfacet
  facet normal 0.499736 -0.500323 -0.707064
    outer loop
      vertex 10.7017 -11.0819 17.7
      vertex 9.50837 -9.84296 15.9799
      vertex 9.55513 -9.80643 15.9871
    endloop
  endfacet
  facet normal 0.487967 -0.511734 -0.707118
    outer loop
      vertex 9.50837 -9.84296 15.9799
      vertex 10.7017 -11.0819 17.7
      vertex 9.50653 -9.8443 15.9796
    endloop
  endfacet
  facet normal 0.511734 -0.487967 0.707118
    outer loop
      vertex 9.84296 -9.50837 15.0201
      vertex 11.0819 -10.7017 13.3
      vertex 9.8443 -9.50653 15.0204
    endloop
  endfacet
  facet normal 0.500323 -0.499736 0.707064
    outer loop
      vertex 9.80643 -9.55513 15.0129
      vertex 11.0819 -10.7017 13.3
      vertex 9.84296 -9.50837 15.0201
    endloop
  endfacet
  facet normal 0.49979 -0.500299 0.707044
    outer loop
      vertex 9.76829 -9.60058 15.0077
      vertex 11.0819 -10.7017 13.3
      vertex 9.80643 -9.55513 15.0129
    endloop
  endfacet
  facet normal 0.50007 -0.499993 0.707062
    outer loop
      vertex 9.72858 -9.64468 15.0046
      vertex 11.0819 -10.7017 13.3
      vertex 9.76829 -9.60058 15.0077
    endloop
  endfacet
  facet normal 0.499501 -0.500636 0.707009
    outer loop
      vertex 9.68736 -9.68736 15.0035
      vertex 11.0819 -10.7017 13.3
      vertex 9.72858 -9.64468 15.0046
    endloop
  endfacet
  facet normal 0.500024 -0.500024 0.707073
    outer loop
      vertex 11.0819 -10.7017 13.3
      vertex 9.68736 -9.68736 15.0035
      vertex 10.7017 -11.0819 13.3
    endloop
  endfacet
  facet normal 0.500636 -0.499501 0.707009
    outer loop
      vertex 9.64468 -9.72858 15.0046
      vertex 10.7017 -11.0819 13.3
      vertex 9.68736 -9.68736 15.0035
    endloop
  endfacet
  facet normal 0.499993 -0.50007 0.707062
    outer loop
      vertex 9.60058 -9.76829 15.0077
      vertex 10.7017 -11.0819 13.3
      vertex 9.64468 -9.72858 15.0046
    endloop
  endfacet
  facet normal 0.500299 -0.49979 0.707044
    outer loop
      vertex 9.55513 -9.80643 15.0129
      vertex 10.7017 -11.0819 13.3
      vertex 9.60058 -9.76829 15.0077
    endloop
  endfacet
  facet normal 0.499736 -0.500323 0.707064
    outer loop
      vertex 9.50837 -9.84296 15.0201
      vertex 10.7017 -11.0819 13.3
      vertex 9.55513 -9.80643 15.0129
    endloop
  endfacet
  facet normal 0.487967 -0.511734 0.707118
    outer loop
      vertex 10.7017 -11.0819 13.3
      vertex 9.50837 -9.84296 15.0201
      vertex 9.50653 -9.8443 15.0204
    endloop
  endfacet
  facet normal 0.482164 -0.517272 -0.70707
    outer loop
      vertex 10.5411 -11.2316 17.7
      vertex 9.50653 -9.8443 15.9796
      vertex 10.7017 -11.0819 17.7
    endloop
  endfacet
  facet normal 0.482663 -0.516855 -0.707034
    outer loop
      vertex 10.5411 -11.2316 17.7
      vertex 9.46036 -9.87784 15.9726
      vertex 9.50653 -9.8443 15.9796
    endloop
  endfacet
  facet normal 0.482439 -0.517048 -0.707046
    outer loop
      vertex 10.5411 -11.2316 17.7
      vertex 9.41117 -9.91102 15.9633
      vertex 9.46036 -9.87784 15.9726
    endloop
  endfacet
  facet normal 0.482115 -0.517338 -0.707055
    outer loop
      vertex 10.5411 -11.2316 17.7
      vertex 9.36085 -9.94247 15.952
      vertex 9.41117 -9.91102 15.9633
    endloop
  endfacet
  facet normal 0.482659 -0.516835 -0.707051
    outer loop
      vertex 10.5411 -11.2316 17.7
      vertex 9.30946 -9.97213 15.9386
      vertex 9.36085 -9.94247 15.952
    endloop
  endfacet
  facet normal 0.481714 -0.517737 -0.707036
    outer loop
      vertex 10.5411 -11.2316 17.7
      vertex 9.25706 -9.99999 15.9233
      vertex 9.30946 -9.97213 15.9386
    endloop
  endfacet
  facet normal 0.482723 -0.516743 -0.707075
    outer loop
      vertex 10.5411 -11.2316 17.7
      vertex 9.20373 -10.026 15.9059
      vertex 9.25706 -9.99999 15.9233
    endloop
  endfacet
  facet normal 0.481841 -0.517639 -0.707021
    outer loop
      vertex 10.5411 -11.2316 17.7
      vertex 9.14952 -10.0501 15.8866
      vertex 9.20373 -10.026 15.9059
    endloop
  endfacet
  facet normal 0.482231 -0.517231 -0.707054
    outer loop
      vertex 9.14952 -10.0501 15.8866
      vertex 10.5411 -11.2316 17.7
      vertex 9.13005 -10.058 15.8791
    endloop
  endfacet
  facet normal 0.482283 -0.517176 -0.707059
    outer loop
      vertex 10.3084 -11.4486 17.7
      vertex 9.13005 -10.058 15.8791
      vertex 10.5411 -11.2316 17.7
    endloop
  endfacet
  facet normal 0.483603 -0.516001 -0.707016
    outer loop
      vertex 10.3084 -11.4486 17.7
      vertex 9.09451 -10.0724 15.8653
      vertex 9.13005 -10.058 15.8791
    endloop
  endfacet
  facet normal 0.480789 -0.518552 -0.707068
    outer loop
      vertex 9.09451 -10.0724 15.8653
      vertex 10.3084 -11.4486 17.7
      vertex 9.07545 -10.0793 15.8574
    endloop
  endfacet
  facet normal 0.482164 -0.517271 0.70707
    outer loop
      vertex 9.50653 -9.8443 15.0204
      vertex 10.4689 -11.2989 13.3
      vertex 10.7017 -11.0819 13.3
    endloop
  endfacet
  facet normal 0.482672 -0.516871 0.707016
    outer loop
      vertex 9.46036 -9.87784 15.0274
      vertex 10.4689 -11.2989 13.3
      vertex 9.50653 -9.8443 15.0204
    endloop
  endfacet
  facet normal 0.480207 -0.518876 0.707226
    outer loop
      vertex 10.4689 -11.2989 13.3
      vertex 9.46036 -9.87784 15.0274
      vertex 9.45061 -9.88441 15.0292
    endloop
  endfacet
  facet normal 0.48299 -0.516596 0.707
    outer loop
      vertex 9.41117 -9.91102 15.0367
      vertex 10.4689 -11.2989 13.3
      vertex 9.45061 -9.88441 15.0292
    endloop
  endfacet
  facet normal 0.482114 -0.517336 0.707057
    outer loop
      vertex 9.36085 -9.94247 15.048
      vertex 10.4689 -11.2989 13.3
      vertex 9.41117 -9.91102 15.0367
    endloop
  endfacet
  facet normal 0.48234 -0.517138 0.707047
    outer loop
      vertex 10.4689 -11.2989 13.3
      vertex 9.36085 -9.94247 15.048
      vertex 10.3084 -11.4486 13.3
    endloop
  endfacet
  facet normal 0.482674 -0.516882 0.707007
    outer loop
      vertex 9.30946 -9.97213 15.0614
      vertex 10.3084 -11.4486 13.3
      vertex 9.36085 -9.94247 15.048
    endloop
  endfacet
  facet normal 0.481694 -0.517661 0.707105
    outer loop
      vertex 9.25706 -9.99999 15.0767
      vertex 10.3084 -11.4486 13.3
      vertex 9.30946 -9.97213 15.0614
    endloop
  endfacet
  facet normal 0.482735 -0.516804 0.707022
    outer loop
      vertex 9.20373 -10.026 15.0941
      vertex 10.3084 -11.4486 13.3
      vertex 9.25706 -9.99999 15.0767
    endloop
  endfacet
  facet normal 0.481831 -0.517573 0.707076
    outer loop
      vertex 9.14952 -10.0501 15.1134
      vertex 10.3084 -11.4486 13.3
      vertex 9.20373 -10.026 15.0941
    endloop
  endfacet
  facet normal 0.483118 -0.516442 0.707025
    outer loop
      vertex 9.09451 -10.0724 15.1347
      vertex 10.3084 -11.4486 13.3
      vertex 9.14952 -10.0501 15.1134
    endloop
  endfacet
  facet normal 0.480789 -0.518552 0.707068
    outer loop
      vertex 10.3084 -11.4486 13.3
      vertex 9.09451 -10.0724 15.1347
      vertex 9.07545 -10.0793 15.1426
    endloop
  endfacet
  facet normal 0.463866 -0.533768 -0.707051
    outer loop
      vertex 10.1427 -11.5926 17.7
      vertex 9.07545 -10.0793 15.8574
      vertex 10.3084 -11.4486 17.7
    endloop
  endfacet
  facet normal 0.464434 -0.533322 -0.707014
    outer loop
      vertex 10.1427 -11.5926 17.7
      vertex 9.03875 -10.0927 15.8434
      vertex 9.07545 -10.0793 15.8574
    endloop
  endfacet
  facet normal 0.463741 -0.533877 -0.70705
    outer loop
      vertex 10.1427 -11.5926 17.7
      vertex 8.98231 -10.111 15.8202
      vertex 9.03875 -10.0927 15.8434
    endloop
  endfacet
  facet normal 0.464452 -0.53329 -0.707026
    outer loop
      vertex 10.1427 -11.5926 17.7
      vertex 8.92527 -10.1274 15.7951
      vertex 8.98231 -10.111 15.8202
    endloop
  endfacet
  facet normal 0.463119 -0.534423 -0.707045
    outer loop
      vertex 10.1427 -11.5926 17.7
      vertex 8.8677 -10.1417 15.7682
      vertex 8.92527 -10.1274 15.7951
    endloop
  endfacet
  facet normal 0.463947 -0.533699 -0.707049
    outer loop
      vertex 10.1427 -11.5926 17.7
      vertex 8.80966 -10.154 15.7394
      vertex 8.8677 -10.1417 15.7682
    endloop
  endfacet
  facet normal 0.463983 -0.533667 -0.70705
    outer loop
      vertex 10.1427 -11.5926 17.7
      vertex 8.75122 -10.1644 15.7089
      vertex 8.80966 -10.154 15.7394
    endloop
  endfacet
  facet normal 0.464303 -0.533372 -0.707062
    outer loop
      vertex 10.1427 -11.5926 17.7
      vertex 8.69246 -10.1726 15.6765
      vertex 8.75122 -10.1644 15.7089
    endloop
  endfacet
  facet normal 0.463485 -0.534143 -0.707017
    outer loop
      vertex 10.1427 -11.5926 17.7
      vertex 8.63345 -10.1788 15.6425
      vertex 8.69246 -10.1726 15.6765
    endloop
  endfacet
  facet normal 0.464236 -0.53342 -0.70707
    outer loop
      vertex 10.1427 -11.5926 17.7
      vertex 8.57425 -10.183 15.6068
      vertex 8.63345 -10.1788 15.6425
    endloop
  endfacet
  facet normal 0.458652 -0.538888 -0.706568
    outer loop
      vertex 8.57425 -10.183 15.6068
      vertex 10.1427 -11.5926 17.7
      vertex 8.56373 -10.1833 15.6002
    endloop
  endfacet
  facet normal 0.463985 -0.533649 -0.707062
    outer loop
      vertex 9.90255 -11.8014 17.7
      vertex 8.56373 -10.1833 15.6002
      vertex 10.1427 -11.5926 17.7
    endloop
  endfacet
  facet normal 0.466701 -0.531339 -0.707014
    outer loop
      vertex 8.56373 -10.1833 15.6002
      vertex 9.90255 -11.8014 17.7
      vertex 8.54536 -10.184 15.5886
    endloop
  endfacet
  facet normal 0.463937 -0.533705 0.707051
    outer loop
      vertex 9.07545 -10.0793 15.1426
      vertex 10.0682 -11.6574 13.3
      vertex 10.3084 -11.4486 13.3
    endloop
  endfacet
  facet normal 0.464434 -0.533336 0.707003
    outer loop
      vertex 9.03875 -10.0927 15.1566
      vertex 10.0682 -11.6574 13.3
      vertex 9.07545 -10.0793 15.1426
    endloop
  endfacet
  facet normal 0.460111 -0.536602 0.707359
    outer loop
      vertex 10.0682 -11.6574 13.3
      vertex 9.03875 -10.0927 15.1566
      vertex 9.02555 -10.0969 15.162
    endloop
  endfacet
  facet normal 0.463938 -0.53369 0.707062
    outer loop
      vertex 9.02555 -10.0969 15.162
      vertex 9.90255 -11.8014 13.3
      vertex 10.0682 -11.6574 13.3
    endloop
  endfacet
  facet normal 0.464842 -0.53308 0.706929
    outer loop
      vertex 8.98231 -10.111 15.1798
      vertex 9.90255 -11.8014 13.3
      vertex 9.02555 -10.0969 15.162
    endloop
  endfacet
  facet normal 0.464449 -0.533352 0.706981
    outer loop
      vertex 8.92527 -10.1274 15.2049
      vertex 9.90255 -11.8014 13.3
      vertex 8.98231 -10.111 15.1798
    endloop
  endfacet
  facet normal 0.463129 -0.534297 0.707134
    outer loop
      vertex 8.8677 -10.1417 15.2318
      vertex 9.90255 -11.8014 13.3
      vertex 8.92527 -10.1274 15.2049
    endloop
  endfacet
  facet normal 0.463948 -0.533692 0.707053
    outer loop
      vertex 8.80966 -10.154 15.2606
      vertex 9.90255 -11.8014 13.3
      vertex 8.8677 -10.1417 15.2318
    endloop
  endfacet
  facet normal 0.463983 -0.533666 0.707051
    outer loop
      vertex 8.75122 -10.1644 15.2911
      vertex 9.90255 -11.8014 13.3
      vertex 8.80966 -10.154 15.2606
    endloop
  endfacet
  facet normal 0.464293 -0.533423 0.70703
    outer loop
      vertex 8.69246 -10.1726 15.3235
      vertex 9.90255 -11.8014 13.3
      vertex 8.75122 -10.1644 15.2911
    endloop
  endfacet
  facet normal 0.463506 -0.534056 0.707069
    outer loop
      vertex 8.63345 -10.1788 15.3575
      vertex 9.90255 -11.8014 13.3
      vertex 8.69246 -10.1726 15.3235
    endloop
  endfacet
  facet normal 0.464224 -0.533464 0.707045
    outer loop
      vertex 8.57425 -10.183 15.3932
      vertex 9.90255 -11.8014 13.3
      vertex 8.63345 -10.1788 15.3575
    endloop
  endfacet
  facet normal 0.4639 -0.533738 0.707051
    outer loop
      vertex 9.90255 -11.8014 13.3
      vertex 8.57425 -10.183 15.3932
      vertex 8.54536 -10.184 15.4114
    endloop
  endfacet
  facet normal 0.444969 -0.549622 -0.70705
    outer loop
      vertex 9.73197 -11.9395 17.7
      vertex 8.54536 -10.184 15.5886
      vertex 9.90255 -11.8014 17.7
    endloop
  endfacet
  facet normal 0.445032 -0.549574 -0.707046
    outer loop
      vertex 8.1302 -10.4062 15.5
      vertex 8.54536 -10.184 15.5886
      vertex 9.73197 -11.9395 17.7
    endloop
  endfacet
  facet normal 0.444487 -0.547901 -0.708686
    outer loop
      vertex 8.54536 -10.184 15.5886
      vertex 8.1302 -10.4062 15.5
      vertex 8.51495 -10.185 15.5703
    endloop
  endfacet
  facet normal 0.445306 -0.550009 -0.706536
    outer loop
      vertex 8.51495 -10.185 15.5703
      vertex 8.1302 -10.4062 15.5
      vertex 8.45561 -10.185 15.5329
    endloop
  endfacet
  facet normal 0.445121 -0.549681 -0.706908
    outer loop
      vertex 8.45561 -10.185 15.5329
      vertex 8.1302 -10.4062 15.5
      vertex 8.40546 -10.1833 15.5
    endloop
  endfacet
  facet normal 0.445076 -0.549534 -0.70705
    outer loop
      vertex 9.48466 -12.1398 17.7
      vertex 8.1302 -10.4062 15.5
      vertex 9.73197 -11.9395 17.7
    endloop
  endfacet
  facet normal 0.445064 -0.549542 0.707051
    outer loop
      vertex 8.54536 -10.184 15.4114
      vertex 9.65523 -12.0017 13.3
      vertex 9.90255 -11.8014 13.3
    endloop
  endfacet
  facet normal 0.443859 -0.550391 0.707148
    outer loop
      vertex 9.65523 -12.0017 13.3
      vertex 8.54536 -10.184 15.4114
      vertex 8.53072 -10.1845 15.4202
    endloop
  endfacet
  facet normal 0.444977 -0.549599 0.707062
    outer loop
      vertex 8.53072 -10.1845 15.4202
      vertex 9.48466 -12.1398 13.3
      vertex 9.65523 -12.0017 13.3
    endloop
  endfacet
  facet normal 0.444408 -0.547699 0.708891
    outer loop
      vertex 8.1302 -10.4062 15.5
      vertex 8.53072 -10.1845 15.4202
      vertex 8.51495 -10.185 15.4297
    endloop
  endfacet
  facet normal 0.445306 -0.550009 0.706536
    outer loop
      vertex 8.1302 -10.4062 15.5
      vertex 8.51495 -10.185 15.4297
      vertex 8.45561 -10.185 15.4671
    endloop
  endfacet
  facet normal 0.445121 -0.549681 0.706908
    outer loop
      vertex 8.1302 -10.4062 15.5
      vertex 8.45561 -10.185 15.4671
      vertex 8.40546 -10.1833 15.5
    endloop
  endfacet
  facet normal 0.445063 -0.549544 0.70705
    outer loop
      vertex 8.53072 -10.1845 15.4202
      vertex 8.1302 -10.4062 15.5
      vertex 9.48466 -12.1398 13.3
    endloop
  endfacet
  facet normal 0.425585 -0.564763 -0.70705
    outer loop
      vertex 9.30936 -12.2719 17.7
      vertex 8.1302 -10.4062 15.5
      vertex 9.48466 -12.1398 17.7
    endloop
  endfacet
  facet normal 0.425575 -0.56477 -0.707051
    outer loop
      vertex 8.1302 -10.4062 15.5
      vertex 9.30936 -12.2719 17.7
      vertex 7.76207 -10.6836 15.5
    endloop
  endfacet
  facet normal 0.425549 -0.564792 -0.707049
    outer loop
      vertex 9.0552 -12.4634 17.7
      vertex 7.76207 -10.6836 15.5
      vertex 9.30936 -12.2719 17.7
    endloop
  endfacet
  facet normal 0.425549 -0.564791 0.70705
    outer loop
      vertex 9.48466 -12.1398 13.3
      vertex 8.1302 -10.4062 15.5
      vertex 9.2305 -12.3313 13.3
    endloop
  endfacet
  facet normal 0.425577 -0.564772 0.707048
    outer loop
      vertex 7.76207 -10.6836 15.5
      vertex 9.2305 -12.3313 13.3
      vertex 8.1302 -10.4062 15.5
    endloop
  endfacet
  facet normal 0.425587 -0.564764 0.707048
    outer loop
      vertex 9.2305 -12.3313 13.3
      vertex 7.76207 -10.6836 15.5
      vertex 9.0552 -12.4634 13.3
    endloop
  endfacet
  facet normal 0.405634 -0.579261 -0.707048
    outer loop
      vertex 8.87541 -12.5893 17.7
      vertex 7.76207 -10.6836 15.5
      vertex 9.0552 -12.4634 17.7
    endloop
  endfacet
  facet normal 0.405629 -0.579264 -0.707049
    outer loop
      vertex 7.76207 -10.6836 15.5
      vertex 8.87541 -12.5893 17.7
      vertex 7.38449 -10.948 15.5
    endloop
  endfacet
  facet normal 0.405561 -0.579319 -0.707043
    outer loop
      vertex 8.61472 -12.7718 17.7
      vertex 7.38449 -10.948 15.5
      vertex 8.87541 -12.5893 17.7
    endloop
  endfacet
  facet normal 0.405717 -0.579202 0.707049
    outer loop
      vertex 9.0552 -12.4634 13.3
      vertex 7.76207 -10.6836 15.5
      vertex 8.79452 -12.646 13.3
    endloop
  endfacet
  facet normal 0.405625 -0.579258 0.707056
    outer loop
      vertex 7.38449 -10.948 15.5
      vertex 8.79452 -12.646 13.3
      vertex 7.76207 -10.6836 15.5
    endloop
  endfacet
  facet normal 0.405405 -0.579426 0.707045
    outer loop
      vertex 8.79452 -12.646 13.3
      vertex 7.38449 -10.948 15.5
      vertex 8.61472 -12.7718 13.3
    endloop
  endfacet
  facet normal 0.385282 -0.592999 -0.707044
    outer loop
      vertex 8.43064 -12.8914 17.7
      vertex 7.38449 -10.948 15.5
      vertex 8.61472 -12.7718 17.7
    endloop
  endfacet
  facet normal 0.385103 -0.593105 -0.707052
    outer loop
      vertex 7.38449 -10.948 15.5
      vertex 8.43064 -12.8914 17.7
      vertex 6.99792 -11.199 15.5
    endloop
  endfacet
  facet normal 0.385106 -0.593103 -0.707052
    outer loop
      vertex 8.16374 -13.0647 17.7
      vertex 6.99792 -11.199 15.5
      vertex 8.43064 -12.8914 17.7
    endloop
  endfacet
  facet normal 0.385277 -0.593002 0.707044
    outer loop
      vertex 8.61472 -12.7718 13.3
      vertex 7.38449 -10.948 15.5
      vertex 8.34783 -12.9452 13.3
    endloop
  endfacet
  facet normal 0.385101 -0.593101 0.707056
    outer loop
      vertex 6.99792 -11.199 15.5
      vertex 8.34783 -12.9452 13.3
      vertex 7.38449 -10.948 15.5
    endloop
  endfacet
  facet normal 0.385035 -0.593147 0.707053
    outer loop
      vertex 8.34783 -12.9452 13.3
      vertex 6.99792 -11.199 15.5
      vertex 8.16374 -13.0647 13.3
    endloop
  endfacet
  facet normal 0.364342 -0.606078 -0.707053
    outer loop
      vertex 7.9756 -13.1778 17.7
      vertex 6.99792 -11.199 15.5
      vertex 8.16374 -13.0647 17.7
    endloop
  endfacet
  facet normal 0.364204 -0.606153 -0.70706
    outer loop
      vertex 6.99792 -11.199 15.5
      vertex 7.9756 -13.1778 17.7
      vertex 6.60281 -11.4364 15.5
    endloop
  endfacet
  facet normal 0.364207 -0.606152 -0.70706
    outer loop
      vertex 7.70282 -13.3417 17.7
      vertex 6.60281 -11.4364 15.5
      vertex 7.9756 -13.1778 17.7
    endloop
  endfacet
  facet normal 0.364211 -0.606159 0.707052
    outer loop
      vertex 8.16374 -13.0647 13.3
      vertex 6.99792 -11.199 15.5
      vertex 7.89096 -13.2286 13.3
    endloop
  endfacet
  facet normal 0.364208 -0.60616 0.707052
    outer loop
      vertex 6.60281 -11.4364 15.5
      vertex 7.89096 -13.2286 13.3
      vertex 6.99792 -11.199 15.5
    endloop
  endfacet
  facet normal 0.36434 -0.606073 0.707059
    outer loop
      vertex 7.89096 -13.2286 13.3
      vertex 6.60281 -11.4364 15.5
      vertex 7.70282 -13.3417 13.3
    endloop
  endfacet
  facet normal 0.342795 -0.618513 -0.70706
    outer loop
      vertex 7.51084 -13.4481 17.7
      vertex 6.60281 -11.4364 15.5
      vertex 7.70282 -13.3417 17.7
    endloop
  endfacet
  facet normal 0.342879 -0.618471 -0.707056
    outer loop
      vertex 6.60281 -11.4364 15.5
      vertex 7.51084 -13.4481 17.7
      vertex 6.19967 -11.6599 15.5
    endloop
  endfacet
  facet normal 0.34287 -0.618477 -0.707055
    outer loop
      vertex 7.23251 -13.6024 17.7
      vertex 6.19967 -11.6599 15.5
      vertex 7.51084 -13.4481 17.7
    endloop
  endfacet
  facet normal 0.342858 -0.618477 0.70706
    outer loop
      vertex 7.70282 -13.3417 13.3
      vertex 6.60281 -11.4364 15.5
      vertex 7.42448 -13.496 13.3
    endloop
  endfacet
  facet normal 0.342878 -0.618468 0.707059
    outer loop
      vertex 6.19967 -11.6599 15.5
      vertex 7.42448 -13.496 13.3
      vertex 6.60281 -11.4364 15.5
    endloop
  endfacet
  facet normal 0.342811 -0.618509 0.707056
    outer loop
      vertex 7.42448 -13.496 13.3
      vertex 6.19967 -11.6599 15.5
      vertex 7.23251 -13.6024 13.3
    endloop
  endfacet
  facet normal 0.320921 -0.630146 -0.707054
    outer loop
      vertex 7.03694 -13.702 17.7
      vertex 6.19967 -11.6599 15.5
      vertex 7.23251 -13.6024 17.7
    endloop
  endfacet
  facet normal 0.320969 -0.630124 -0.707052
    outer loop
      vertex 6.19967 -11.6599 15.5
      vertex 7.03694 -13.702 17.7
      vertex 5.78897 -11.8691 15.5
    endloop
  endfacet
  facet normal 0.321083 -0.630056 -0.70706
    outer loop
      vertex 6.75339 -13.8465 17.7
      vertex 5.78897 -11.8691 15.5
      vertex 7.03694 -13.702 17.7
    endloop
  endfacet
  facet normal 0.32091 -0.630152 0.707054
    outer loop
      vertex 7.23251 -13.6024 13.3
      vertex 6.19967 -11.6599 15.5
      vertex 6.94896 -13.7468 13.3
    endloop
  endfacet
  facet normal 0.32097 -0.630126 0.70705
    outer loop
      vertex 5.78897 -11.8691 15.5
      vertex 6.94896 -13.7468 13.3
      vertex 6.19967 -11.6599 15.5
    endloop
  endfacet
  facet normal 0.321174 -0.630011 0.707059
    outer loop
      vertex 6.94896 -13.7468 13.3
      vertex 5.78897 -11.8691 15.5
      vertex 6.75339 -13.8465 13.3
    endloop
  endfacet
  facet normal 0.298954 -0.640851 -0.707062
    outer loop
      vertex 6.55446 -13.9393 17.7
      vertex 5.78897 -11.8691 15.5
      vertex 6.75339 -13.8465 17.7
    endloop
  endfacet
  facet normal 0.298847 -0.640896 -0.707067
    outer loop
      vertex 5.78897 -11.8691 15.5
      vertex 6.55446 -13.9393 17.7
      vertex 5.37121 -12.0639 15.5
    endloop
  endfacet
  facet normal 0.298689 -0.640982 -0.707055
    outer loop
      vertex 6.26604 -14.0737 17.7
      vertex 5.37121 -12.0639 15.5
      vertex 6.55446 -13.9393 17.7
    endloop
  endfacet
  facet normal 0.298869 -0.640891 0.707061
    outer loop
      vertex 6.75339 -13.8465 13.3
      vertex 5.78897 -11.8691 15.5
      vertex 6.46497 -13.981 13.3
    endloop
  endfacet
  facet normal 0.298849 -0.640899 0.707062
    outer loop
      vertex 5.37121 -12.0639 15.5
      vertex 6.46497 -13.981 13.3
      vertex 5.78897 -11.8691 15.5
    endloop
  endfacet
  facet normal 0.298692 -0.64098 0.707055
    outer loop
      vertex 6.46497 -13.981 13.3
      vertex 5.37121 -12.0639 15.5
      vertex 6.26604 -14.0737 13.3
    endloop
  endfacet
  facet normal 0.276404 -0.650903 -0.707054
    outer loop
      vertex 6.06399 -14.1595 17.7
      vertex 5.37121 -12.0639 15.5
      vertex 6.26604 -14.0737 17.7
    endloop
  endfacet
  facet normal 0.276301 -0.650942 -0.707059
    outer loop
      vertex 5.37121 -12.0639 15.5
      vertex 6.06399 -14.1595 17.7
      vertex 4.94691 -12.244 15.5
    endloop
  endfacet
  facet normal 0.276407 -0.650889 -0.707066
    outer loop
      vertex 6.06399 -14.1595 17.7
      vertex 5.77105 -14.2839 17.7
      vertex 4.94691 -12.244 15.5
    endloop
  endfacet
  facet normal 0.276411 -0.6509 0.707054
    outer loop
      vertex 6.26604 -14.0737 13.3
      vertex 5.37121 -12.0639 15.5
      vertex 5.9731 -14.1981 13.3
    endloop
  endfacet
  facet normal 0.2763 -0.650939 0.707062
    outer loop
      vertex 4.94691 -12.244 15.5
      vertex 5.9731 -14.1981 13.3
      vertex 5.37121 -12.0639 15.5
    endloop
  endfacet
  facet normal 0.2764 -0.650892 0.707066
    outer loop
      vertex 5.9731 -14.1981 13.3
      vertex 4.94691 -12.244 15.5
      vertex 5.77105 -14.2839 13.3
    endloop
  endfacet
  facet normal 0.253257 -0.660241 -0.707066
    outer loop
      vertex 5.56614 -14.3625 17.7
      vertex 4.94691 -12.244 15.5
      vertex 5.77105 -14.2839 17.7
    endloop
  endfacet
  facet normal 0.253443 -0.660179 -0.707058
    outer loop
      vertex 4.94691 -12.244 15.5
      vertex 5.56614 -14.3625 17.7
      vertex 4.51659 -12.4092 15.5
    endloop
  endfacet
  facet normal 0.253524 -0.660141 -0.707064
    outer loop
      vertex 5.56614 -14.3625 17.7
      vertex 5.26904 -14.4766 17.7
      vertex 4.51659 -12.4092 15.5
    endloop
  endfacet
  facet normal 0.25333 -0.660213 0.707067
    outer loop
      vertex 5.77105 -14.2839 13.3
      vertex 4.94691 -12.244 15.5
      vertex 5.47395 -14.3979 13.3
    endloop
  endfacet
  facet normal 0.253442 -0.660177 0.707059
    outer loop
      vertex 4.51659 -12.4092 15.5
      vertex 5.47395 -14.3979 13.3
      vertex 4.94691 -12.244 15.5
    endloop
  endfacet
  facet normal 0.253539 -0.660136 0.707064
    outer loop
      vertex 5.47395 -14.3979 13.3
      vertex 4.51659 -12.4092 15.5
      vertex 5.26904 -14.4766 13.3
    endloop
  endfacet
  facet normal 0.230048 -0.668685 -0.707063
    outer loop
      vertex 5.0615 -14.548 17.7
      vertex 4.51659 -12.4092 15.5
      vertex 5.26904 -14.4766 17.7
    endloop
  endfacet
  facet normal 0.230272 -0.668618 -0.707054
    outer loop
      vertex 4.51659 -12.4092 15.5
      vertex 5.0615 -14.548 17.7
      vertex 4.08076 -12.5593 15.5
    endloop
  endfacet
  facet normal 0.230214 -0.668642 -0.70705
    outer loop
      vertex 4.7606 -14.6516 17.7
      vertex 4.08076 -12.5593 15.5
      vertex 5.0615 -14.548 17.7
    endloop
  endfacet
  facet normal 0.230209 -0.668628 0.707065
    outer loop
      vertex 5.26904 -14.4766 13.3
      vertex 4.51659 -12.4092 15.5
      vertex 4.96814 -14.5802 13.3
    endloop
  endfacet
  facet normal 0.23027 -0.668611 0.707061
    outer loop
      vertex 4.08076 -12.5593 15.5
      vertex 4.96814 -14.5802 13.3
      vertex 4.51659 -12.4092 15.5
    endloop
  endfacet
  facet normal 0.230052 -0.668697 0.707051
    outer loop
      vertex 4.96814 -14.5802 13.3
      vertex 4.08076 -12.5593 15.5
      vertex 4.7606 -14.6516 13.3
    endloop
  endfacet
  facet normal 0.206835 -0.676239 -0.70705
    outer loop
      vertex 4.5507 -14.7158 17.7
      vertex 4.08076 -12.5593 15.5
      vertex 4.7606 -14.6516 17.7
    endloop
  endfacet
  facet normal 0.206802 -0.676248 -0.707051
    outer loop
      vertex 4.08076 -12.5593 15.5
      vertex 4.5507 -14.7158 17.7
      vertex 3.63996 -12.6941 15.5
    endloop
  endfacet
  facet normal 0.206669 -0.676298 -0.707042
    outer loop
      vertex 4.24637 -14.8088 17.7
      vertex 3.63996 -12.6941 15.5
      vertex 4.5507 -14.7158 17.7
    endloop
  endfacet
  facet normal 0.20687 -0.676228 0.70705
    outer loop
      vertex 4.7606 -14.6516 13.3
      vertex 4.08076 -12.5593 15.5
      vertex 4.45627 -14.7447 13.3
    endloop
  endfacet
  facet normal 0.206801 -0.676245 0.707055
    outer loop
      vertex 3.63996 -12.6941 15.5
      vertex 4.45627 -14.7447 13.3
      vertex 4.08076 -12.5593 15.5
    endloop
  endfacet
  facet normal 0.206542 -0.676336 0.707044
    outer loop
      vertex 4.45627 -14.7447 13.3
      vertex 3.63996 -12.6941 15.5
      vertex 4.24637 -14.8088 13.3
    endloop
  endfacet
  facet normal 0.183298 -0.683001 -0.707044
    outer loop
      vertex 4.03435 -14.8657 17.7
      vertex 3.63996 -12.6941 15.5
      vertex 4.24637 -14.8088 17.7
    endloop
  endfacet
  facet normal 0.183027 -0.683062 -0.707055
    outer loop
      vertex 3.63996 -12.6941 15.5
      vertex 4.03435 -14.8657 17.7
      vertex 3.19473 -12.8134 15.5
    endloop
  endfacet
  facet normal 0.182894 -0.683107 -0.707046
    outer loop
      vertex 4.03435 -14.8657 17.7
      vertex 3.72696 -14.948 17.7
      vertex 3.19473 -12.8134 15.5
    endloop
  endfacet
  facet normal 0.183102 -0.683056 0.707042
    outer loop
      vertex 4.24637 -14.8088 13.3
      vertex 3.63996 -12.6941 15.5
      vertex 3.93898 -14.8912 13.3
    endloop
  endfacet
  facet normal 0.18303 -0.68307 0.707047
    outer loop
      vertex 3.19473 -12.8134 15.5
      vertex 3.93898 -14.8912 13.3
      vertex 3.63996 -12.6941 15.5
    endloop
  endfacet
  facet normal 0.182997 -0.68308 0.707045
    outer loop
      vertex 3.93898 -14.8912 13.3
      vertex 3.19473 -12.8134 15.5
      vertex 3.72696 -14.948 13.3
    endloop
  endfacet
  facet normal 0.159152 -0.689026 -0.707046
    outer loop
      vertex 3.51309 -14.9974 17.7
      vertex 3.19473 -12.8134 15.5
      vertex 3.72696 -14.948 17.7
    endloop
  endfacet
  facet normal 0.159092 -0.689037 -0.707048
    outer loop
      vertex 3.19473 -12.8134 15.5
      vertex 3.51309 -14.9974 17.7
      vertex 2.7456 -12.9171 15.5
    endloop
  endfacet
  facet normal 0.159104 -0.689034 -0.707049
    outer loop
      vertex 3.51309 -14.9974 17.7
      vertex 3.20301 -15.069 17.7
      vertex 2.7456 -12.9171 15.5
    endloop
  endfacet
  facet normal 0.159104 -0.689038 0.707045
    outer loop
      vertex 3.72696 -14.948 13.3
      vertex 3.19473 -12.8134 15.5
      vertex 3.41688 -15.0196 13.3
    endloop
  endfacet
  facet normal 0.159093 -0.689039 0.707046
    outer loop
      vertex 2.7456 -12.9171 15.5
      vertex 3.41688 -15.0196 13.3
      vertex 3.19473 -12.8134 15.5
    endloop
  endfacet
  facet normal 0.159152 -0.689023 0.707049
    outer loop
      vertex 3.41688 -15.0196 13.3
      vertex 2.7456 -12.9171 15.5
      vertex 3.20301 -15.069 13.3
    endloop
  endfacet
  facet normal 0.134992 -0.69416 -0.70705
    outer loop
      vertex 2.98755 -15.1109 17.7
      vertex 2.7456 -12.9171 15.5
      vertex 3.20301 -15.069 17.7
    endloop
  endfacet
  facet normal 0.134856 -0.69418 -0.707055
    outer loop
      vertex 2.7456 -12.9171 15.5
      vertex 2.98755 -15.1109 17.7
      vertex 2.29313 -13.005 15.5
    endloop
  endfacet
  facet normal 0.134884 -0.694173 -0.707057
    outer loop
      vertex 2.98755 -15.1109 17.7
      vertex 2.67516 -15.1716 17.7
      vertex 2.29313 -13.005 15.5
    endloop
  endfacet
  facet normal 0.134885 -0.694182 0.707049
    outer loop
      vertex 3.20301 -15.069 13.3
      vertex 2.7456 -12.9171 15.5
      vertex 2.89062 -15.1297 13.3
    endloop
  endfacet
  facet normal 0.134857 -0.694185 0.707051
    outer loop
      vertex 2.29313 -13.005 15.5
      vertex 2.89062 -15.1297 13.3
      vertex 2.7456 -12.9171 15.5
    endloop
  endfacet
  facet normal 0.13499 -0.694154 0.707056
    outer loop
      vertex 2.67516 -15.1716 13.3
      vertex 2.89062 -15.1297 13.3
      vertex 2.29313 -13.005 15.5
    endloop
  endfacet
  facet normal 0.11051 -0.69847 -0.707056
    outer loop
      vertex 2.45837 -15.2059 17.7
      vertex 2.29313 -13.005 15.5
      vertex 2.67516 -15.1716 17.7
    endloop
  endfacet
  facet normal 0.110615 -0.698457 -0.707051
    outer loop
      vertex 2.29313 -13.005 15.5
      vertex 2.45837 -15.2059 17.7
      vertex 1.83787 -13.0771 15.5
    endloop
  endfacet
  facet normal 0.11066 -0.698447 -0.707054
    outer loop
      vertex 2.45837 -15.2059 17.7
      vertex 2.14405 -15.2557 17.7
      vertex 1.83787 -13.0771 15.5
    endloop
  endfacet
  facet normal 0.11066 -0.698445 0.707057
    outer loop
      vertex 2.67516 -15.1716 13.3
      vertex 2.29313 -13.005 15.5
      vertex 2.36084 -15.2214 13.3
    endloop
  endfacet
  facet normal 0.110614 -0.698449 0.70706
    outer loop
      vertex 1.83787 -13.0771 15.5
      vertex 2.36084 -15.2214 13.3
      vertex 2.29313 -13.005 15.5
    endloop
  endfacet
  facet normal 0.11051 -0.69847 0.707056
    outer loop
      vertex 2.14405 -15.2557 13.3
      vertex 2.36084 -15.2214 13.3
      vertex 1.83787 -13.0771 15.5
    endloop
  endfacet
  facet normal 0.08634 -0.701867 -0.707056
    outer loop
      vertex 1.92619 -15.2825 17.7
      vertex 1.83787 -13.0771 15.5
      vertex 2.14405 -15.2557 17.7
    endloop
  endfacet
  facet normal 0.0862178 -0.701877 -0.707061
    outer loop
      vertex 1.83787 -13.0771 15.5
      vertex 1.92619 -15.2825 17.7
      vertex 1.38036 -13.1333 15.5
    endloop
  endfacet
  facet normal 0.0860008 -0.701918 -0.707047
    outer loop
      vertex 1.61033 -15.3212 17.7
      vertex 1.38036 -13.1333 15.5
      vertex 1.92619 -15.2825 17.7
    endloop
  endfacet
  facet normal 0.0862188 -0.701883 0.707055
    outer loop
      vertex 1.83787 -13.0771 15.5
      vertex 1.82819 -15.2945 13.3
      vertex 2.14405 -15.2557 13.3
    endloop
  endfacet
  facet normal 0.0862185 -0.701883 0.707055
    outer loop
      vertex 1.38036 -13.1333 15.5
      vertex 1.82819 -15.2945 13.3
      vertex 1.83787 -13.0771 15.5
    endloop
  endfacet
  facet normal 0.0860237 -0.701915 0.707047
    outer loop
      vertex 1.82819 -15.2945 13.3
      vertex 1.38036 -13.1333 15.5
      vertex 1.61033 -15.3212 13.3
    endloop
  endfacet
  facet normal 0.0618565 -0.704456 -0.707047
    outer loop
      vertex 1.39167 -15.3404 17.7
      vertex 1.38036 -13.1333 15.5
      vertex 1.61033 -15.3212 17.7
    endloop
  endfacet
  facet normal 0.0616737 -0.704464 -0.707055
    outer loop
      vertex 1.38036 -13.1333 15.5
      vertex 1.39167 -15.3404 17.7
      vertex 0.921178 -13.1735 15.5
    endloop
  endfacet
  facet normal 0.0615531 -0.704483 -0.707047
    outer loop
      vertex 1.07464 -15.3681 17.7
      vertex 0.921178 -13.1735 15.5
      vertex 1.39167 -15.3404 17.7
    endloop
  endfacet
  facet normal 0.0617736 -0.704464 0.707047
    outer loop
      vertex 1.38036 -13.1333 15.5
      vertex 1.2933 -15.349 13.3
      vertex 1.61033 -15.3212 13.3
    endloop
  endfacet
  facet normal 0.0616739 -0.704466 0.707053
    outer loop
      vertex 0.921178 -13.1735 15.5
      vertex 1.2933 -15.349 13.3
      vertex 1.38036 -13.1333 15.5
    endloop
  endfacet
  facet normal 0.0615368 -0.704484 0.707047
    outer loop
      vertex 1.2933 -15.349 13.3
      vertex 0.921178 -13.1735 15.5
      vertex 1.07464 -15.3681 13.3
    endloop
  endfacet
  facet normal 0.0370508 -0.706196 -0.707047
    outer loop
      vertex 0.855448 -15.3796 17.7
      vertex 0.921178 -13.1735 15.5
      vertex 1.07464 -15.3681 17.7
    endloop
  endfacet
  facet normal 0.0369737 -0.706196 -0.70705
    outer loop
      vertex 0.921178 -13.1735 15.5
      vertex 0.855448 -15.3796 17.7
      vertex 0.460869 -13.1976 15.5
    endloop
  endfacet
  facet normal 0.0368881 -0.706206 -0.707044
    outer loop
      vertex 0.537648 -15.3962 17.7
      vertex 0.460869 -13.1976 15.5
      vertex 0.855448 -15.3796 17.7
    endloop
  endfacet
  facet normal 0.0371098 -0.706192 0.707047
    outer loop
      vertex 1.07464 -15.3681 13.3
      vertex 0.921178 -13.1735 15.5
      vertex 0.756842 -15.3848 13.3
    endloop
  endfacet
  facet normal 0.0369734 -0.70619 0.707056
    outer loop
      vertex 0.460869 -13.1976 15.5
      vertex 0.756842 -15.3848 13.3
      vertex 0.921178 -13.1735 15.5
    endloop
  endfacet
  facet normal 0.0367293 -0.706213 0.707046
    outer loop
      vertex 0.756842 -15.3848 13.3
      vertex 0.460869 -13.1976 15.5
      vertex 0.537648 -15.3962 13.3
    endloop
  endfacet
  facet normal 0.0122733 -0.70705 -0.707057
    outer loop
      vertex 0.460869 -13.1976 15.5
      vertex 0.318188 -15.4001 17.7
      vertex 0 -13.2056 15.5
    endloop
  endfacet
  facet normal 0.012565 -0.707057 -0.707045
    outer loop
      vertex 0.318188 -15.4001 17.7
      vertex 0.460869 -13.1976 15.5
      vertex 0.537648 -15.3962 17.7
    endloop
  endfacet
  facet normal 0.0122217 -0.707054 -0.707054
    outer loop
      vertex 0.318188 -15.4001 17.7
      vertex 0 -15.4056 17.7
      vertex 0 -13.2056 15.5
    endloop
  endfacet
  facet normal 0.012444 -0.70706 0.707044
    outer loop
      vertex 0.460869 -13.1976 15.5
      vertex 0.21946 -15.4018 13.3
      vertex 0.537648 -15.3962 13.3
    endloop
  endfacet
  facet normal 0.0122428 -0.707054 0.707054
    outer loop
      vertex 0.21946 -15.4018 13.3
      vertex 0 -13.2056 15.5
      vertex 0 -15.4056 13.3
    endloop
  endfacet
  facet normal 0.0122734 -0.707052 0.707055
    outer loop
      vertex 0 -13.2056 15.5
      vertex 0.21946 -15.4018 13.3
      vertex 0.460869 -13.1976 15.5
    endloop
  endfacet
  facet normal -0.0122734 -0.707052 -0.707055
    outer loop
      vertex 0 -13.2056 15.5
      vertex -0.21946 -15.4018 17.7
      vertex -0.460869 -13.1976 15.5
    endloop
  endfacet
  facet normal -0.0122428 -0.707054 -0.707054
    outer loop
      vertex -0.21946 -15.4018 17.7
      vertex 0 -13.2056 15.5
      vertex 0 -15.4056 17.7
    endloop
  endfacet
  facet normal -0.012444 -0.70706 -0.707044
    outer loop
      vertex -0.21946 -15.4018 17.7
      vertex -0.537648 -15.3962 17.7
      vertex -0.460869 -13.1976 15.5
    endloop
  endfacet
  facet normal -0.0122217 -0.707054 0.707054
    outer loop
      vertex 0 -13.2056 15.5
      vertex -0.318188 -15.4001 13.3
      vertex 0 -15.4056 13.3
    endloop
  endfacet
  facet normal -0.0122733 -0.70705 0.707057
    outer loop
      vertex -0.460869 -13.1976 15.5
      vertex -0.318188 -15.4001 13.3
      vertex 0 -13.2056 15.5
    endloop
  endfacet
  facet normal -0.012565 -0.707057 0.707045
    outer loop
      vertex -0.318188 -15.4001 13.3
      vertex -0.460869 -13.1976 15.5
      vertex -0.537648 -15.3962 13.3
    endloop
  endfacet
  facet normal -0.0367293 -0.706213 -0.707046
    outer loop
      vertex -0.756842 -15.3848 17.7
      vertex -0.460869 -13.1976 15.5
      vertex -0.537648 -15.3962 17.7
    endloop
  endfacet
  facet normal -0.0369734 -0.70619 -0.707056
    outer loop
      vertex -0.460869 -13.1976 15.5
      vertex -0.756842 -15.3848 17.7
      vertex -0.921178 -13.1735 15.5
    endloop
  endfacet
  facet normal -0.0371098 -0.706192 -0.707047
    outer loop
      vertex -1.07464 -15.3681 17.7
      vertex -0.921178 -13.1735 15.5
      vertex -0.756842 -15.3848 17.7
    endloop
  endfacet
  facet normal -0.0368881 -0.706206 0.707044
    outer loop
      vertex -0.537648 -15.3962 13.3
      vertex -0.460869 -13.1976 15.5
      vertex -0.855448 -15.3796 13.3
    endloop
  endfacet
  facet normal -0.0369737 -0.706196 0.70705
    outer loop
      vertex -0.921178 -13.1735 15.5
      vertex -0.855448 -15.3796 13.3
      vertex -0.460869 -13.1976 15.5
    endloop
  endfacet
  facet normal -0.0370508 -0.706196 0.707047
    outer loop
      vertex -0.921178 -13.1735 15.5
      vertex -1.07464 -15.3681 13.3
      vertex -0.855448 -15.3796 13.3
    endloop
  endfacet
  facet normal -0.0615368 -0.704484 -0.707047
    outer loop
      vertex -1.2933 -15.349 17.7
      vertex -0.921178 -13.1735 15.5
      vertex -1.07464 -15.3681 17.7
    endloop
  endfacet
  facet normal -0.0616739 -0.704466 -0.707053
    outer loop
      vertex -0.921178 -13.1735 15.5
      vertex -1.2933 -15.349 17.7
      vertex -1.38036 -13.1333 15.5
    endloop
  endfacet
  facet normal -0.0617736 -0.704464 -0.707047
    outer loop
      vertex -1.61033 -15.3212 17.7
      vertex -1.38036 -13.1333 15.5
      vertex -1.2933 -15.349 17.7
    endloop
  endfacet
  facet normal -0.0615531 -0.704483 0.707047
    outer loop
      vertex -0.921178 -13.1735 15.5
      vertex -1.39167 -15.3404 13.3
      vertex -1.07464 -15.3681 13.3
    endloop
  endfacet
  facet normal -0.0616737 -0.704464 0.707055
    outer loop
      vertex -1.38036 -13.1333 15.5
      vertex -1.39167 -15.3404 13.3
      vertex -0.921178 -13.1735 15.5
    endloop
  endfacet
  facet normal -0.0618565 -0.704456 0.707047
    outer loop
      vertex -1.39167 -15.3404 13.3
      vertex -1.38036 -13.1333 15.5
      vertex -1.61033 -15.3212 13.3
    endloop
  endfacet
  facet normal -0.0860237 -0.701915 -0.707047
    outer loop
      vertex -1.82819 -15.2945 17.7
      vertex -1.38036 -13.1333 15.5
      vertex -1.61033 -15.3212 17.7
    endloop
  endfacet
  facet normal -0.0862185 -0.701883 -0.707055
    outer loop
      vertex -1.38036 -13.1333 15.5
      vertex -1.82819 -15.2945 17.7
      vertex -1.83787 -13.0771 15.5
    endloop
  endfacet
  facet normal -0.0862188 -0.701883 -0.707055
    outer loop
      vertex -1.82819 -15.2945 17.7
      vertex -2.14405 -15.2557 17.7
      vertex -1.83787 -13.0771 15.5
    endloop
  endfacet
  facet normal -0.0860008 -0.701918 0.707047
    outer loop
      vertex -1.38036 -13.1333 15.5
      vertex -1.92619 -15.2825 13.3
      vertex -1.61033 -15.3212 13.3
    endloop
  endfacet
  facet normal -0.0862178 -0.701877 0.707061
    outer loop
      vertex -1.83787 -13.0771 15.5
      vertex -1.92619 -15.2825 13.3
      vertex -1.38036 -13.1333 15.5
    endloop
  endfacet
  facet normal -0.08634 -0.701867 0.707056
    outer loop
      vertex -1.92619 -15.2825 13.3
      vertex -1.83787 -13.0771 15.5
      vertex -2.14405 -15.2557 13.3
    endloop
  endfacet
  facet normal -0.11051 -0.69847 -0.707056
    outer loop
      vertex -2.14405 -15.2557 17.7
      vertex -2.36084 -15.2214 17.7
      vertex -1.83787 -13.0771 15.5
    endloop
  endfacet
  facet normal -0.110614 -0.698449 -0.70706
    outer loop
      vertex -1.83787 -13.0771 15.5
      vertex -2.36084 -15.2214 17.7
      vertex -2.29313 -13.005 15.5
    endloop
  endfacet
  facet normal -0.11066 -0.698445 -0.707057
    outer loop
      vertex -2.36084 -15.2214 17.7
      vertex -2.67516 -15.1716 17.7
      vertex -2.29313 -13.005 15.5
    endloop
  endfacet
  facet normal -0.11066 -0.698447 0.707054
    outer loop
      vertex -2.45837 -15.2059 13.3
      vertex -2.14405 -15.2557 13.3
      vertex -1.83787 -13.0771 15.5
    endloop
  endfacet
  facet normal -0.110615 -0.698457 0.707051
    outer loop
      vertex -2.29313 -13.005 15.5
      vertex -2.45837 -15.2059 13.3
      vertex -1.83787 -13.0771 15.5
    endloop
  endfacet
  facet normal -0.11051 -0.69847 0.707056
    outer loop
      vertex -2.45837 -15.2059 13.3
      vertex -2.29313 -13.005 15.5
      vertex -2.67516 -15.1716 13.3
    endloop
  endfacet
  facet normal -0.13499 -0.694154 -0.707056
    outer loop
      vertex -2.67516 -15.1716 17.7
      vertex -2.89062 -15.1297 17.7
      vertex -2.29313 -13.005 15.5
    endloop
  endfacet
  facet normal -0.134857 -0.694185 -0.707051
    outer loop
      vertex -2.29313 -13.005 15.5
      vertex -2.89062 -15.1297 17.7
      vertex -2.7456 -12.9171 15.5
    endloop
  endfacet
  facet normal -0.134885 -0.694182 -0.707049
    outer loop
      vertex -2.89062 -15.1297 17.7
      vertex -3.20301 -15.069 17.7
      vertex -2.7456 -12.9171 15.5
    endloop
  endfacet
  facet normal -0.134884 -0.694173 0.707057
    outer loop
      vertex -2.98755 -15.1109 13.3
      vertex -2.67516 -15.1716 13.3
      vertex -2.29313 -13.005 15.5
    endloop
  endfacet
  facet normal -0.134856 -0.69418 0.707055
    outer loop
      vertex -2.7456 -12.9171 15.5
      vertex -2.98755 -15.1109 13.3
      vertex -2.29313 -13.005 15.5
    endloop
  endfacet
  facet normal -0.134992 -0.69416 0.70705
    outer loop
      vertex -2.98755 -15.1109 13.3
      vertex -2.7456 -12.9171 15.5
      vertex -3.20301 -15.069 13.3
    endloop
  endfacet
  facet normal -0.159152 -0.689023 -0.707049
    outer loop
      vertex -3.41688 -15.0196 17.7
      vertex -2.7456 -12.9171 15.5
      vertex -3.20301 -15.069 17.7
    endloop
  endfacet
  facet normal -0.159093 -0.689039 -0.707046
    outer loop
      vertex -2.7456 -12.9171 15.5
      vertex -3.41688 -15.0196 17.7
      vertex -3.19473 -12.8134 15.5
    endloop
  endfacet
  facet normal -0.159104 -0.689038 -0.707045
    outer loop
      vertex -3.41688 -15.0196 17.7
      vertex -3.72696 -14.948 17.7
      vertex -3.19473 -12.8134 15.5
    endloop
  endfacet
  facet normal -0.159104 -0.689034 0.707049
    outer loop
      vertex -3.51309 -14.9974 13.3
      vertex -3.20301 -15.069 13.3
      vertex -2.7456 -12.9171 15.5
    endloop
  endfacet
  facet normal -0.159092 -0.689037 0.707048
    outer loop
      vertex -3.19473 -12.8134 15.5
      vertex -3.51309 -14.9974 13.3
      vertex -2.7456 -12.9171 15.5
    endloop
  endfacet
  facet normal -0.159152 -0.689026 0.707046
    outer loop
      vertex -3.51309 -14.9974 13.3
      vertex -3.19473 -12.8134 15.5
      vertex -3.72696 -14.948 13.3
    endloop
  endfacet
  facet normal -0.182997 -0.68308 -0.707045
    outer loop
      vertex -3.93898 -14.8912 17.7
      vertex -3.19473 -12.8134 15.5
      vertex -3.72696 -14.948 17.7
    endloop
  endfacet
  facet normal -0.18303 -0.68307 -0.707047
    outer loop
      vertex -3.19473 -12.8134 15.5
      vertex -3.93898 -14.8912 17.7
      vertex -3.63996 -12.6941 15.5
    endloop
  endfacet
  facet normal -0.183102 -0.683056 -0.707042
    outer loop
      vertex -3.93898 -14.8912 17.7
      vertex -4.24637 -14.8088 17.7
      vertex -3.63996 -12.6941 15.5
    endloop
  endfacet
  facet normal -0.182894 -0.683107 0.707046
    outer loop
      vertex -4.03435 -14.8657 13.3
      vertex -3.72696 -14.948 13.3
      vertex -3.19473 -12.8134 15.5
    endloop
  endfacet
  facet normal -0.183027 -0.683062 0.707055
    outer loop
      vertex -3.63996 -12.6941 15.5
      vertex -4.03435 -14.8657 13.3
      vertex -3.19473 -12.8134 15.5
    endloop
  endfacet
  facet normal -0.183298 -0.683001 0.707044
    outer loop
      vertex -4.03435 -14.8657 13.3
      vertex -3.63996 -12.6941 15.5
      vertex -4.24637 -14.8088 13.3
    endloop
  endfacet
  facet normal -0.206542 -0.676336 -0.707044
    outer loop
      vertex -4.45627 -14.7447 17.7
      vertex -3.63996 -12.6941 15.5
      vertex -4.24637 -14.8088 17.7
    endloop
  endfacet
  facet normal -0.206801 -0.676245 -0.707055
    outer loop
      vertex -3.63996 -12.6941 15.5
      vertex -4.45627 -14.7447 17.7
      vertex -4.08076 -12.5593 15.5
    endloop
  endfacet
  facet normal -0.20687 -0.676228 -0.70705
    outer loop
      vertex -4.45627 -14.7447 17.7
      vertex -4.7606 -14.6516 17.7
      vertex -4.08076 -12.5593 15.5
    endloop
  endfacet
  facet normal -0.206669 -0.676298 0.707042
    outer loop
      vertex -3.63996 -12.6941 15.5
      vertex -4.5507 -14.7158 13.3
      vertex -4.24637 -14.8088 13.3
    endloop
  endfacet
  facet normal -0.206802 -0.676248 0.707051
    outer loop
      vertex -4.08076 -12.5593 15.5
      vertex -4.5507 -14.7158 13.3
      vertex -3.63996 -12.6941 15.5
    endloop
  endfacet
  facet normal -0.206835 -0.676239 0.70705
    outer loop
      vertex -4.5507 -14.7158 13.3
      vertex -4.08076 -12.5593 15.5
      vertex -4.7606 -14.6516 13.3
    endloop
  endfacet
  facet normal -0.230052 -0.668697 -0.707051
    outer loop
      vertex -4.96814 -14.5802 17.7
      vertex -4.08076 -12.5593 15.5
      vertex -4.7606 -14.6516 17.7
    endloop
  endfacet
  facet normal -0.23027 -0.668611 -0.707061
    outer loop
      vertex -4.08076 -12.5593 15.5
      vertex -4.96814 -14.5802 17.7
      vertex -4.51659 -12.4092 15.5
    endloop
  endfacet
  facet normal -0.230209 -0.668628 -0.707065
    outer loop
      vertex -4.96814 -14.5802 17.7
      vertex -5.26904 -14.4766 17.7
      vertex -4.51659 -12.4092 15.5
    endloop
  endfacet
  facet normal -0.230214 -0.668642 0.70705
    outer loop
      vertex -4.08076 -12.5593 15.5
      vertex -5.0615 -14.548 13.3
      vertex -4.7606 -14.6516 13.3
    endloop
  endfacet
  facet normal -0.230272 -0.668618 0.707054
    outer loop
      vertex -4.51659 -12.4092 15.5
      vertex -5.0615 -14.548 13.3
      vertex -4.08076 -12.5593 15.5
    endloop
  endfacet
  facet normal -0.230048 -0.668685 0.707063
    outer loop
      vertex -5.0615 -14.548 13.3
      vertex -4.51659 -12.4092 15.5
      vertex -5.26904 -14.4766 13.3
    endloop
  endfacet
  facet normal -0.253539 -0.660136 -0.707064
    outer loop
      vertex -5.47395 -14.3979 17.7
      vertex -4.51659 -12.4092 15.5
      vertex -5.26904 -14.4766 17.7
    endloop
  endfacet
  facet normal -0.253442 -0.660177 -0.707059
    outer loop
      vertex -4.51659 -12.4092 15.5
      vertex -5.47395 -14.3979 17.7
      vertex -4.94691 -12.244 15.5
    endloop
  endfacet
  facet normal -0.25333 -0.660213 -0.707067
    outer loop
      vertex -5.47395 -14.3979 17.7
      vertex -5.77105 -14.2839 17.7
      vertex -4.94691 -12.244 15.5
    endloop
  endfacet
  facet normal -0.253524 -0.660141 0.707064
    outer loop
      vertex -5.56614 -14.3625 13.3
      vertex -5.26904 -14.4766 13.3
      vertex -4.51659 -12.4092 15.5
    endloop
  endfacet
  facet normal -0.253443 -0.660179 0.707058
    outer loop
      vertex -4.94691 -12.244 15.5
      vertex -5.56614 -14.3625 13.3
      vertex -4.51659 -12.4092 15.5
    endloop
  endfacet
  facet normal -0.253257 -0.660241 0.707066
    outer loop
      vertex -5.56614 -14.3625 13.3
      vertex -4.94691 -12.244 15.5
      vertex -5.77105 -14.2839 13.3
    endloop
  endfacet
  facet normal -0.2764 -0.650892 -0.707066
    outer loop
      vertex -5.9731 -14.1981 17.7
      vertex -4.94691 -12.244 15.5
      vertex -5.77105 -14.2839 17.7
    endloop
  endfacet
  facet normal -0.2763 -0.650939 -0.707062
    outer loop
      vertex -4.94691 -12.244 15.5
      vertex -5.9731 -14.1981 17.7
      vertex -5.37121 -12.0639 15.5
    endloop
  endfacet
  facet normal -0.276411 -0.6509 -0.707054
    outer loop
      vertex -6.26604 -14.0737 17.7
      vertex -5.37121 -12.0639 15.5
      vertex -5.9731 -14.1981 17.7
    endloop
  endfacet
  facet normal -0.276407 -0.650889 0.707066
    outer loop
      vertex -6.06399 -14.1595 13.3
      vertex -5.77105 -14.2839 13.3
      vertex -4.94691 -12.244 15.5
    endloop
  endfacet
  facet normal -0.276301 -0.650942 0.707059
    outer loop
      vertex -5.37121 -12.0639 15.5
      vertex -6.06399 -14.1595 13.3
      vertex -4.94691 -12.244 15.5
    endloop
  endfacet
  facet normal -0.276404 -0.650903 0.707054
    outer loop
      vertex -6.06399 -14.1595 13.3
      vertex -5.37121 -12.0639 15.5
      vertex -6.26604 -14.0737 13.3
    endloop
  endfacet
  facet normal -0.298692 -0.64098 -0.707055
    outer loop
      vertex -6.46497 -13.981 17.7
      vertex -5.37121 -12.0639 15.5
      vertex -6.26604 -14.0737 17.7
    endloop
  endfacet
  facet normal -0.298849 -0.640899 -0.707062
    outer loop
      vertex -5.37121 -12.0639 15.5
      vertex -6.46497 -13.981 17.7
      vertex -5.78897 -11.8691 15.5
    endloop
  endfacet
  facet normal -0.298869 -0.640891 -0.707061
    outer loop
      vertex -6.75339 -13.8465 17.7
      vertex -5.78897 -11.8691 15.5
      vertex -6.46497 -13.981 17.7
    endloop
  endfacet
  facet normal -0.298689 -0.640982 0.707055
    outer loop
      vertex -5.37121 -12.0639 15.5
      vertex -6.55446 -13.9393 13.3
      vertex -6.26604 -14.0737 13.3
    endloop
  endfacet
  facet normal -0.298847 -0.640896 0.707067
    outer loop
      vertex -5.78897 -11.8691 15.5
      vertex -6.55446 -13.9393 13.3
      vertex -5.37121 -12.0639 15.5
    endloop
  endfacet
  facet normal -0.298954 -0.640851 0.707062
    outer loop
      vertex -6.55446 -13.9393 13.3
      vertex -5.78897 -11.8691 15.5
      vertex -6.75339 -13.8465 13.3
    endloop
  endfacet
  facet normal -0.321174 -0.630011 -0.707059
    outer loop
      vertex -6.94896 -13.7468 17.7
      vertex -5.78897 -11.8691 15.5
      vertex -6.75339 -13.8465 17.7
    endloop
  endfacet
  facet normal -0.32097 -0.630126 -0.70705
    outer loop
      vertex -5.78897 -11.8691 15.5
      vertex -6.94896 -13.7468 17.7
      vertex -6.19967 -11.6599 15.5
    endloop
  endfacet
  facet normal -0.32091 -0.630152 -0.707054
    outer loop
      vertex -6.94896 -13.7468 17.7
      vertex -7.23251 -13.6024 17.7
      vertex -6.19967 -11.6599 15.5
    endloop
  endfacet
  facet normal -0.321083 -0.630056 0.70706
    outer loop
      vertex -5.78897 -11.8691 15.5
      vertex -7.03694 -13.702 13.3
      vertex -6.75339 -13.8465 13.3
    endloop
  endfacet
  facet normal -0.320969 -0.630124 0.707052
    outer loop
      vertex -6.19967 -11.6599 15.5
      vertex -7.03694 -13.702 13.3
      vertex -5.78897 -11.8691 15.5
    endloop
  endfacet
  facet normal -0.320921 -0.630146 0.707054
    outer loop
      vertex -7.03694 -13.702 13.3
      vertex -6.19967 -11.6599 15.5
      vertex -7.23251 -13.6024 13.3
    endloop
  endfacet
  facet normal -0.342811 -0.618509 -0.707056
    outer loop
      vertex -7.42448 -13.496 17.7
      vertex -6.19967 -11.6599 15.5
      vertex -7.23251 -13.6024 17.7
    endloop
  endfacet
  facet normal -0.342878 -0.618468 -0.707059
    outer loop
      vertex -6.19967 -11.6599 15.5
      vertex -7.42448 -13.496 17.7
      vertex -6.60281 -11.4364 15.5
    endloop
  endfacet
  facet normal -0.342858 -0.618477 -0.70706
    outer loop
      vertex -7.70282 -13.3417 17.7
      vertex -6.60281 -11.4364 15.5
      vertex -7.42448 -13.496 17.7
    endloop
  endfacet
  facet normal -0.34287 -0.618477 0.707055
    outer loop
      vertex -6.19967 -11.6599 15.5
      vertex -7.51084 -13.4481 13.3
      vertex -7.23251 -13.6024 13.3
    endloop
  endfacet
  facet normal -0.342879 -0.618471 0.707056
    outer loop
      vertex -6.60281 -11.4364 15.5
      vertex -7.51084 -13.4481 13.3
      vertex -6.19967 -11.6599 15.5
    endloop
  endfacet
  facet normal -0.342795 -0.618513 0.70706
    outer loop
      vertex -6.60281 -11.4364 15.5
      vertex -7.70282 -13.3417 13.3
      vertex -7.51084 -13.4481 13.3
    endloop
  endfacet
  facet normal -0.36434 -0.606073 -0.707059
    outer loop
      vertex -7.89096 -13.2286 17.7
      vertex -6.60281 -11.4364 15.5
      vertex -7.70282 -13.3417 17.7
    endloop
  endfacet
  facet normal -0.364208 -0.60616 -0.707052
    outer loop
      vertex -6.60281 -11.4364 15.5
      vertex -7.89096 -13.2286 17.7
      vertex -6.99792 -11.199 15.5
    endloop
  endfacet
  facet normal -0.364211 -0.606159 -0.707052
    outer loop
      vertex -8.16374 -13.0647 17.7
      vertex -6.99792 -11.199 15.5
      vertex -7.89096 -13.2286 17.7
    endloop
  endfacet
  facet normal -0.364207 -0.606152 0.70706
    outer loop
      vertex -6.60281 -11.4364 15.5
      vertex -7.9756 -13.1778 13.3
      vertex -7.70282 -13.3417 13.3
    endloop
  endfacet
  facet normal -0.364204 -0.606153 0.70706
    outer loop
      vertex -6.99792 -11.199 15.5
      vertex -7.9756 -13.1778 13.3
      vertex -6.60281 -11.4364 15.5
    endloop
  endfacet
  facet normal -0.364342 -0.606078 0.707053
    outer loop
      vertex -7.9756 -13.1778 13.3
      vertex -6.99792 -11.199 15.5
      vertex -8.16374 -13.0647 13.3
    endloop
  endfacet
  facet normal -0.385035 -0.593147 -0.707053
    outer loop
      vertex -8.34783 -12.9452 17.7
      vertex -6.99792 -11.199 15.5
      vertex -8.16374 -13.0647 17.7
    endloop
  endfacet
  facet normal -0.385101 -0.593101 -0.707056
    outer loop
      vertex -6.99792 -11.199 15.5
      vertex -8.34783 -12.9452 17.7
      vertex -7.38449 -10.948 15.5
    endloop
  endfacet
  facet normal -0.385277 -0.593002 -0.707044
    outer loop
      vertex -8.34783 -12.9452 17.7
      vertex -8.61472 -12.7718 17.7
      vertex -7.38449 -10.948 15.5
    endloop
  endfacet
  facet normal -0.385106 -0.593103 0.707052
    outer loop
      vertex -6.99792 -11.199 15.5
      vertex -8.43064 -12.8914 13.3
      vertex -8.16374 -13.0647 13.3
    endloop
  endfacet
  facet normal -0.385103 -0.593105 0.707052
    outer loop
      vertex -7.38449 -10.948 15.5
      vertex -8.43064 -12.8914 13.3
      vertex -6.99792 -11.199 15.5
    endloop
  endfacet
  facet normal -0.385282 -0.592999 0.707044
    outer loop
      vertex -8.43064 -12.8914 13.3
      vertex -7.38449 -10.948 15.5
      vertex -8.61472 -12.7718 13.3
    endloop
  endfacet
  facet normal -0.405405 -0.579426 -0.707045
    outer loop
      vertex -8.79452 -12.646 17.7
      vertex -7.38449 -10.948 15.5
      vertex -8.61472 -12.7718 17.7
    endloop
  endfacet
  facet normal -0.405625 -0.579258 -0.707056
    outer loop
      vertex -7.38449 -10.948 15.5
      vertex -8.79452 -12.646 17.7
      vertex -7.76207 -10.6836 15.5
    endloop
  endfacet
  facet normal -0.405717 -0.579202 -0.707049
    outer loop
      vertex -9.0552 -12.4634 17.7
      vertex -7.76207 -10.6836 15.5
      vertex -8.79452 -12.646 17.7
    endloop
  endfacet
  facet normal -0.405561 -0.579319 0.707043
    outer loop
      vertex -7.38449 -10.948 15.5
      vertex -8.87541 -12.5893 13.3
      vertex -8.61472 -12.7718 13.3
    endloop
  endfacet
  facet normal -0.405629 -0.579264 0.707049
    outer loop
      vertex -7.76207 -10.6836 15.5
      vertex -8.87541 -12.5893 13.3
      vertex -7.38449 -10.948 15.5
    endloop
  endfacet
  facet normal -0.405634 -0.579261 0.707048
    outer loop
      vertex -8.87541 -12.5893 13.3
      vertex -7.76207 -10.6836 15.5
      vertex -9.0552 -12.4634 13.3
    endloop
  endfacet
  facet normal -0.425587 -0.564764 -0.707048
    outer loop
      vertex -9.2305 -12.3313 17.7
      vertex -7.76207 -10.6836 15.5
      vertex -9.0552 -12.4634 17.7
    endloop
  endfacet
  facet normal -0.425577 -0.564772 -0.707048
    outer loop
      vertex -7.76207 -10.6836 15.5
      vertex -9.2305 -12.3313 17.7
      vertex -8.1302 -10.4062 15.5
    endloop
  endfacet
  facet normal -0.425549 -0.564791 -0.70705
    outer loop
      vertex -9.48466 -12.1398 17.7
      vertex -8.1302 -10.4062 15.5
      vertex -9.2305 -12.3313 17.7
    endloop
  endfacet
  facet normal -0.425549 -0.564792 0.707049
    outer loop
      vertex -7.76207 -10.6836 15.5
      vertex -9.30936 -12.2719 13.3
      vertex -9.0552 -12.4634 13.3
    endloop
  endfacet
  facet normal -0.425575 -0.56477 0.707051
    outer loop
      vertex -8.1302 -10.4062 15.5
      vertex -9.30936 -12.2719 13.3
      vertex -7.76207 -10.6836 15.5
    endloop
  endfacet
  facet normal -0.425585 -0.564763 0.70705
    outer loop
      vertex -9.30936 -12.2719 13.3
      vertex -8.1302 -10.4062 15.5
      vertex -9.48466 -12.1398 13.3
    endloop
  endfacet
  facet normal -0.445121 -0.549681 -0.706908
    outer loop
      vertex -8.1302 -10.4062 15.5
      vertex -8.45561 -10.185 15.5329
      vertex -8.40546 -10.1833 15.5
    endloop
  endfacet
  facet normal -0.445306 -0.550009 -0.706536
    outer loop
      vertex -8.1302 -10.4062 15.5
      vertex -8.51495 -10.185 15.5703
      vertex -8.45561 -10.185 15.5329
    endloop
  endfacet
  facet normal -0.444408 -0.547699 -0.708891
    outer loop
      vertex -8.1302 -10.4062 15.5
      vertex -8.53072 -10.1845 15.5798
      vertex -8.51495 -10.185 15.5703
    endloop
  endfacet
  facet normal -0.445063 -0.549544 -0.70705
    outer loop
      vertex -9.48466 -12.1398 17.7
      vertex -8.53072 -10.1845 15.5798
      vertex -8.1302 -10.4062 15.5
    endloop
  endfacet
  facet normal -0.444977 -0.549599 -0.707062
    outer loop
      vertex -8.53072 -10.1845 15.5798
      vertex -9.48466 -12.1398 17.7
      vertex -9.65523 -12.0017 17.7
    endloop
  endfacet
  facet normal -0.443859 -0.550391 -0.707148
    outer loop
      vertex -9.65523 -12.0017 17.7
      vertex -8.54536 -10.184 15.5886
      vertex -8.53072 -10.1845 15.5798
    endloop
  endfacet
  facet normal -0.445064 -0.549542 -0.707051
    outer loop
      vertex -8.54536 -10.184 15.5886
      vertex -9.65523 -12.0017 17.7
      vertex -9.90255 -11.8014 17.7
    endloop
  endfacet
  facet normal -0.445076 -0.549534 0.70705
    outer loop
      vertex -8.1302 -10.4062 15.5
      vertex -9.73197 -11.9395 13.3
      vertex -9.48466 -12.1398 13.3
    endloop
  endfacet
  facet normal -0.445121 -0.549681 0.706908
    outer loop
      vertex -8.45561 -10.185 15.4671
      vertex -8.1302 -10.4062 15.5
      vertex -8.40546 -10.1833 15.5
    endloop
  endfacet
  facet normal -0.445306 -0.550009 0.706536
    outer loop
      vertex -8.51495 -10.185 15.4297
      vertex -8.1302 -10.4062 15.5
      vertex -8.45561 -10.185 15.4671
    endloop
  endfacet
  facet normal -0.444487 -0.547901 0.708686
    outer loop
      vertex -8.54536 -10.184 15.4114
      vertex -8.1302 -10.4062 15.5
      vertex -8.51495 -10.185 15.4297
    endloop
  endfacet
  facet normal -0.445032 -0.549574 0.707046
    outer loop
      vertex -8.54536 -10.184 15.4114
      vertex -9.73197 -11.9395 13.3
      vertex -8.1302 -10.4062 15.5
    endloop
  endfacet
  facet normal -0.444969 -0.549622 0.70705
    outer loop
      vertex -9.73197 -11.9395 13.3
      vertex -8.54536 -10.184 15.4114
      vertex -9.90255 -11.8014 13.3
    endloop
  endfacet
  facet normal -0.4639 -0.533738 -0.707051
    outer loop
      vertex -9.90255 -11.8014 17.7
      vertex -8.57425 -10.183 15.6068
      vertex -8.54536 -10.184 15.5886
    endloop
  endfacet
  facet normal -0.464224 -0.533464 -0.707045
    outer loop
      vertex -9.90255 -11.8014 17.7
      vertex -8.63345 -10.1788 15.6425
      vertex -8.57425 -10.183 15.6068
    endloop
  endfacet
  facet normal -0.463506 -0.534056 -0.707069
    outer loop
      vertex -9.90255 -11.8014 17.7
      vertex -8.69246 -10.1726 15.6765
      vertex -8.63345 -10.1788 15.6425
    endloop
  endfacet
  facet normal -0.464293 -0.533423 -0.70703
    outer loop
      vertex -9.90255 -11.8014 17.7
      vertex -8.75122 -10.1644 15.7089
      vertex -8.69246 -10.1726 15.6765
    endloop
  endfacet
  facet normal -0.463983 -0.533666 -0.707051
    outer loop
      vertex -9.90255 -11.8014 17.7
      vertex -8.80966 -10.154 15.7394
      vertex -8.75122 -10.1644 15.7089
    endloop
  endfacet
  facet normal -0.463948 -0.533692 -0.707053
    outer loop
      vertex -9.90255 -11.8014 17.7
      vertex -8.8677 -10.1417 15.7682
      vertex -8.80966 -10.154 15.7394
    endloop
  endfacet
  facet normal -0.463129 -0.534297 -0.707134
    outer loop
      vertex -9.90255 -11.8014 17.7
      vertex -8.92527 -10.1274 15.7951
      vertex -8.8677 -10.1417 15.7682
    endloop
  endfacet
  facet normal -0.464449 -0.533352 -0.706981
    outer loop
      vertex -9.90255 -11.8014 17.7
      vertex -8.98231 -10.111 15.8202
      vertex -8.92527 -10.1274 15.7951
    endloop
  endfacet
  facet normal -0.464842 -0.53308 -0.706929
    outer loop
      vertex -9.90255 -11.8014 17.7
      vertex -9.02555 -10.0969 15.838
      vertex -8.98231 -10.111 15.8202
    endloop
  endfacet
  facet normal -0.463938 -0.53369 -0.707062
    outer loop
      vertex -9.90255 -11.8014 17.7
      vertex -10.0682 -11.6574 17.7
      vertex -9.02555 -10.0969 15.838
    endloop
  endfacet
  facet normal -0.460111 -0.536602 -0.707359
    outer loop
      vertex -10.0682 -11.6574 17.7
      vertex -9.03875 -10.0927 15.8434
      vertex -9.02555 -10.0969 15.838
    endloop
  endfacet
  facet normal -0.464434 -0.533336 -0.707003
    outer loop
      vertex -10.0682 -11.6574 17.7
      vertex -9.07545 -10.0793 15.8574
      vertex -9.03875 -10.0927 15.8434
    endloop
  endfacet
  facet normal -0.463937 -0.533705 -0.707051
    outer loop
      vertex -9.07545 -10.0793 15.8574
      vertex -10.0682 -11.6574 17.7
      vertex -10.3084 -11.4486 17.7
    endloop
  endfacet
  facet normal -0.466701 -0.531339 0.707014
    outer loop
      vertex -8.56373 -10.1833 15.3998
      vertex -9.90255 -11.8014 13.3
      vertex -8.54536 -10.184 15.4114
    endloop
  endfacet
  facet normal -0.463985 -0.533649 0.707062
    outer loop
      vertex -10.1427 -11.5926 13.3
      vertex -9.90255 -11.8014 13.3
      vertex -8.56373 -10.1833 15.3998
    endloop
  endfacet
  facet normal -0.458652 -0.538888 0.706568
    outer loop
      vertex -8.57425 -10.183 15.3932
      vertex -10.1427 -11.5926 13.3
      vertex -8.56373 -10.1833 15.3998
    endloop
  endfacet
  facet normal -0.464236 -0.53342 0.70707
    outer loop
      vertex -8.63345 -10.1788 15.3575
      vertex -10.1427 -11.5926 13.3
      vertex -8.57425 -10.183 15.3932
    endloop
  endfacet
  facet normal -0.463485 -0.534143 0.707017
    outer loop
      vertex -8.69246 -10.1726 15.3235
      vertex -10.1427 -11.5926 13.3
      vertex -8.63345 -10.1788 15.3575
    endloop
  endfacet
  facet normal -0.464303 -0.533372 0.707062
    outer loop
      vertex -8.75122 -10.1644 15.2911
      vertex -10.1427 -11.5926 13.3
      vertex -8.69246 -10.1726 15.3235
    endloop
  endfacet
  facet normal -0.463983 -0.533667 0.70705
    outer loop
      vertex -8.80966 -10.154 15.2606
      vertex -10.1427 -11.5926 13.3
      vertex -8.75122 -10.1644 15.2911
    endloop
  endfacet
  facet normal -0.463947 -0.533699 0.707049
    outer loop
      vertex -8.8677 -10.1417 15.2318
      vertex -10.1427 -11.5926 13.3
      vertex -8.80966 -10.154 15.2606
    endloop
  endfacet
  facet normal -0.463119 -0.534423 0.707045
    outer loop
      vertex -8.92527 -10.1274 15.2049
      vertex -10.1427 -11.5926 13.3
      vertex -8.8677 -10.1417 15.2318
    endloop
  endfacet
  facet normal -0.464452 -0.53329 0.707026
    outer loop
      vertex -8.98231 -10.111 15.1798
      vertex -10.1427 -11.5926 13.3
      vertex -8.92527 -10.1274 15.2049
    endloop
  endfacet
  facet normal -0.463741 -0.533877 0.70705
    outer loop
      vertex -9.03875 -10.0927 15.1566
      vertex -10.1427 -11.5926 13.3
      vertex -8.98231 -10.111 15.1798
    endloop
  endfacet
  facet normal -0.464434 -0.533322 0.707014
    outer loop
      vertex -9.07545 -10.0793 15.1426
      vertex -10.1427 -11.5926 13.3
      vertex -9.03875 -10.0927 15.1566
    endloop
  endfacet
  facet normal -0.463866 -0.533768 0.707051
    outer loop
      vertex -10.1427 -11.5926 13.3
      vertex -9.07545 -10.0793 15.1426
      vertex -10.3084 -11.4486 13.3
    endloop
  endfacet
  facet normal -0.480789 -0.518552 -0.707068
    outer loop
      vertex -10.3084 -11.4486 17.7
      vertex -9.09451 -10.0724 15.8653
      vertex -9.07545 -10.0793 15.8574
    endloop
  endfacet
  facet normal -0.483118 -0.516442 -0.707025
    outer loop
      vertex -10.3084 -11.4486 17.7
      vertex -9.14952 -10.0501 15.8866
      vertex -9.09451 -10.0724 15.8653
    endloop
  endfacet
  facet normal -0.481831 -0.517573 -0.707076
    outer loop
      vertex -10.3084 -11.4486 17.7
      vertex -9.20373 -10.026 15.9059
      vertex -9.14952 -10.0501 15.8866
    endloop
  endfacet
  facet normal -0.482735 -0.516804 -0.707022
    outer loop
      vertex -10.3084 -11.4486 17.7
      vertex -9.25706 -9.99999 15.9233
      vertex -9.20373 -10.026 15.9059
    endloop
  endfacet
  facet normal -0.481694 -0.517661 -0.707105
    outer loop
      vertex -10.3084 -11.4486 17.7
      vertex -9.30946 -9.97213 15.9386
      vertex -9.25706 -9.99999 15.9233
    endloop
  endfacet
  facet normal -0.482674 -0.516882 -0.707007
    outer loop
      vertex -10.3084 -11.4486 17.7
      vertex -9.36085 -9.94247 15.952
      vertex -9.30946 -9.97213 15.9386
    endloop
  endfacet
  facet normal -0.48234 -0.517138 -0.707047
    outer loop
      vertex -10.4689 -11.2989 17.7
      vertex -9.36085 -9.94247 15.952
      vertex -10.3084 -11.4486 17.7
    endloop
  endfacet
  facet normal -0.482114 -0.517336 -0.707057
    outer loop
      vertex -9.36085 -9.94247 15.952
      vertex -10.4689 -11.2989 17.7
      vertex -9.41117 -9.91102 15.9633
    endloop
  endfacet
  facet normal -0.48299 -0.516596 -0.707
    outer loop
      vertex -9.41117 -9.91102 15.9633
      vertex -10.4689 -11.2989 17.7
      vertex -9.45061 -9.88441 15.9708
    endloop
  endfacet
  facet normal -0.480207 -0.518876 -0.707226
    outer loop
      vertex -10.4689 -11.2989 17.7
      vertex -9.46036 -9.87784 15.9726
      vertex -9.45061 -9.88441 15.9708
    endloop
  endfacet
  facet normal -0.482672 -0.516871 -0.707016
    outer loop
      vertex -10.4689 -11.2989 17.7
      vertex -9.50653 -9.8443 15.9796
      vertex -9.46036 -9.87784 15.9726
    endloop
  endfacet
  facet normal -0.482164 -0.517271 -0.70707
    outer loop
      vertex -9.50653 -9.8443 15.9796
      vertex -10.4689 -11.2989 17.7
      vertex -10.7017 -11.0819 17.7
    endloop
  endfacet
  facet normal -0.480789 -0.518552 0.707068
    outer loop
      vertex -9.09451 -10.0724 15.1347
      vertex -10.3084 -11.4486 13.3
      vertex -9.07545 -10.0793 15.1426
    endloop
  endfacet
  facet normal -0.483603 -0.516001 0.707016
    outer loop
      vertex -9.13005 -10.058 15.1209
      vertex -10.3084 -11.4486 13.3
      vertex -9.09451 -10.0724 15.1347
    endloop
  endfacet
  facet normal -0.482283 -0.517176 0.707059
    outer loop
      vertex -10.3084 -11.4486 13.3
      vertex -9.13005 -10.058 15.1209
      vertex -10.5411 -11.2316 13.3
    endloop
  endfacet
  facet normal -0.482231 -0.517231 0.707054
    outer loop
      vertex -9.14952 -10.0501 15.1134
      vertex -10.5411 -11.2316 13.3
      vertex -9.13005 -10.058 15.1209
    endloop
  endfacet
  facet normal -0.481841 -0.517639 0.707021
    outer loop
      vertex -9.20373 -10.026 15.0941
      vertex -10.5411 -11.2316 13.3
      vertex -9.14952 -10.0501 15.1134
    endloop
  endfacet
  facet normal -0.482723 -0.516743 0.707075
    outer loop
      vertex -9.25706 -9.99999 15.0767
      vertex -10.5411 -11.2316 13.3
      vertex -9.20373 -10.026 15.0941
    endloop
  endfacet
  facet normal -0.481714 -0.517737 0.707036
    outer loop
      vertex -9.30946 -9.97213 15.0614
      vertex -10.5411 -11.2316 13.3
      vertex -9.25706 -9.99999 15.0767
    endloop
  endfacet
  facet normal -0.482659 -0.516835 0.707051
    outer loop
      vertex -9.36085 -9.94247 15.048
      vertex -10.5411 -11.2316 13.3
      vertex -9.30946 -9.97213 15.0614
    endloop
  endfacet
  facet normal -0.482115 -0.517338 0.707055
    outer loop
      vertex -9.41117 -9.91102 15.0367
      vertex -10.5411 -11.2316 13.3
      vertex -9.36085 -9.94247 15.048
    endloop
  endfacet
  facet normal -0.482439 -0.517048 0.707046
    outer loop
      vertex -9.46036 -9.87784 15.0274
      vertex -10.5411 -11.2316 13.3
      vertex -9.41117 -9.91102 15.0367
    endloop
  endfacet
  facet normal -0.482663 -0.516855 0.707034
    outer loop
      vertex -9.50653 -9.8443 15.0204
      vertex -10.5411 -11.2316 13.3
      vertex -9.46036 -9.87784 15.0274
    endloop
  endfacet
  facet normal -0.482164 -0.517272 0.70707
    outer loop
      vertex -10.5411 -11.2316 13.3
      vertex -9.50653 -9.8443 15.0204
      vertex -10.7017 -11.0819 13.3
    endloop
  endfacet
  facet normal -0.487967 -0.511734 -0.707118
    outer loop
      vertex -10.7017 -11.0819 17.7
      vertex -9.50837 -9.84296 15.9799
      vertex -9.50653 -9.8443 15.9796
    endloop
  endfacet
  facet normal -0.499736 -0.500323 -0.707064
    outer loop
      vertex -10.7017 -11.0819 17.7
      vertex -9.55513 -9.80643 15.9871
      vertex -9.50837 -9.84296 15.9799
    endloop
  endfacet
  facet normal -0.500299 -0.49979 -0.707044
    outer loop
      vertex -10.7017 -11.0819 17.7
      vertex -9.60058 -9.76829 15.9923
      vertex -9.55513 -9.80643 15.9871
    endloop
  endfacet
  facet normal -0.499993 -0.50007 -0.707062
    outer loop
      vertex -10.7017 -11.0819 17.7
      vertex -9.64468 -9.72858 15.9954
      vertex -9.60058 -9.76829 15.9923
    endloop
  endfacet
  facet normal -0.500636 -0.499501 -0.707009
    outer loop
      vertex -10.7017 -11.0819 17.7
      vertex -9.68736 -9.68736 15.9965
      vertex -9.64468 -9.72858 15.9954
    endloop
  endfacet
  facet normal -0.500024 -0.500024 -0.707073
    outer loop
      vertex -11.0819 -10.7017 17.7
      vertex -9.68736 -9.68736 15.9965
      vertex -10.7017 -11.0819 17.7
    endloop
  endfacet
  facet normal -0.499501 -0.500636 -0.707009
    outer loop
      vertex -9.68736 -9.68736 15.9965
      vertex -11.0819 -10.7017 17.7
      vertex -9.72858 -9.64468 15.9954
    endloop
  endfacet
  facet normal -0.50007 -0.499993 -0.707062
    outer loop
      vertex -9.72858 -9.64468 15.9954
      vertex -11.0819 -10.7017 17.7
      vertex -9.76829 -9.60058 15.9923
    endloop
  endfacet
  facet normal -0.49979 -0.500299 -0.707044
    outer loop
      vertex -9.76829 -9.60058 15.9923
      vertex -11.0819 -10.7017 17.7
      vertex -9.80643 -9.55513 15.9871
    endloop
  endfacet
  facet normal -0.500323 -0.499736 -0.707064
    outer loop
      vertex -9.80643 -9.55513 15.9871
      vertex -11.0819 -10.7017 17.7
      vertex -9.84296 -9.50837 15.9799
    endloop
  endfacet
  facet normal -0.511734 -0.487967 -0.707118
    outer loop
      vertex -9.84296 -9.50837 15.9799
      vertex -11.0819 -10.7017 17.7
      vertex -9.8443 -9.50653 15.9796
    endloop
  endfacet
  facet normal -0.487967 -0.511734 0.707118
    outer loop
      vertex -9.50837 -9.84296 15.0201
      vertex -10.7017 -11.0819 13.3
      vertex -9.50653 -9.8443 15.0204
    endloop
  endfacet
  facet normal -0.499736 -0.500323 0.707064
    outer loop
      vertex -9.55513 -9.80643 15.0129
      vertex -10.7017 -11.0819 13.3
      vertex -9.50837 -9.84296 15.0201
    endloop
  endfacet
  facet normal -0.500299 -0.49979 0.707044
    outer loop
      vertex -9.60058 -9.76829 15.0077
      vertex -10.7017 -11.0819 13.3
      vertex -9.55513 -9.80643 15.0129
    endloop
  endfacet
  facet normal -0.499993 -0.50007 0.707062
    outer loop
      vertex -9.64468 -9.72858 15.0046
      vertex -10.7017 -11.0819 13.3
      vertex -9.60058 -9.76829 15.0077
    endloop
  endfacet
  facet normal -0.500636 -0.499501 0.707009
    outer loop
      vertex -9.68736 -9.68736 15.0035
      vertex -10.7017 -11.0819 13.3
      vertex -9.64468 -9.72858 15.0046
    endloop
  endfacet
  facet normal -0.499501 -0.500636 0.707009
    outer loop
      vertex -11.0819 -10.7017 13.3
      vertex -9.68736 -9.68736 15.0035
      vertex -9.72858 -9.64468 15.0046
    endloop
  endfacet
  facet normal -0.50007 -0.499993 0.707062
    outer loop
      vertex -11.0819 -10.7017 13.3
      vertex -9.72858 -9.64468 15.0046
      vertex -9.76829 -9.60058 15.0077
    endloop
  endfacet
  facet normal -0.49979 -0.500299 0.707044
    outer loop
      vertex -11.0819 -10.7017 13.3
      vertex -9.76829 -9.60058 15.0077
      vertex -9.80643 -9.55513 15.0129
    endloop
  endfacet
  facet normal -0.500323 -0.499736 0.707064
    outer loop
      vertex -11.0819 -10.7017 13.3
      vertex -9.80643 -9.55513 15.0129
      vertex -9.84296 -9.50837 15.0201
    endloop
  endfacet
  facet normal -0.511734 -0.487967 0.707118
    outer loop
      vertex -11.0819 -10.7017 13.3
      vertex -9.84296 -9.50837 15.0201
      vertex -9.8443 -9.50653 15.0204
    endloop
  endfacet
  facet normal -0.500024 -0.500024 0.707073
    outer loop
      vertex -9.68736 -9.68736 15.0035
      vertex -11.0819 -10.7017 13.3
      vertex -10.7017 -11.0819 13.3
    endloop
  endfacet
  facet normal -0.517272 -0.482164 -0.70707
    outer loop
      vertex -11.2316 -10.5411 17.7
      vertex -9.8443 -9.50653 15.9796
      vertex -11.0819 -10.7017 17.7
    endloop
  endfacet
  facet normal -0.516855 -0.482663 -0.707034
    outer loop
      vertex -9.8443 -9.50653 15.9796
      vertex -11.2316 -10.5411 17.7
      vertex -9.87784 -9.46036 15.9726
    endloop
  endfacet
  facet normal -0.517048 -0.482439 -0.707046
    outer loop
      vertex -9.87784 -9.46036 15.9726
      vertex -11.2316 -10.5411 17.7
      vertex -9.91102 -9.41117 15.9633
    endloop
  endfacet
  facet normal -0.517338 -0.482115 -0.707055
    outer loop
      vertex -9.91102 -9.41117 15.9633
      vertex -11.2316 -10.5411 17.7
      vertex -9.94247 -9.36085 15.952
    endloop
  endfacet
  facet normal -0.516835 -0.482659 -0.707051
    outer loop
      vertex -9.94247 -9.36085 15.952
      vertex -11.2316 -10.5411 17.7
      vertex -9.97213 -9.30946 15.9386
    endloop
  endfacet
  facet normal -0.517737 -0.481714 -0.707036
    outer loop
      vertex -9.97213 -9.30946 15.9386
      vertex -11.2316 -10.5411 17.7
      vertex -9.99999 -9.25706 15.9233
    endloop
  endfacet
  facet normal -0.516743 -0.482723 -0.707075
    outer loop
      vertex -9.99999 -9.25706 15.9233
      vertex -11.2316 -10.5411 17.7
      vertex -10.026 -9.20373 15.9059
    endloop
  endfacet
  facet normal -0.517639 -0.481841 -0.707021
    outer loop
      vertex -10.026 -9.20373 15.9059
      vertex -11.2316 -10.5411 17.7
      vertex -10.0501 -9.14952 15.8866
    endloop
  endfacet
  facet normal -0.517231 -0.482231 -0.707054
    outer loop
      vertex -10.0501 -9.14952 15.8866
      vertex -11.2316 -10.5411 17.7
      vertex -10.058 -9.13005 15.8791
    endloop
  endfacet
  facet normal -0.517176 -0.482283 -0.707059
    outer loop
      vertex -11.4486 -10.3084 17.7
      vertex -10.058 -9.13005 15.8791
      vertex -11.2316 -10.5411 17.7
    endloop
  endfacet
  facet normal -0.516001 -0.483603 -0.707016
    outer loop
      vertex -10.058 -9.13005 15.8791
      vertex -11.4486 -10.3084 17.7
      vertex -10.0724 -9.09451 15.8653
    endloop
  endfacet
  facet normal -0.518552 -0.480789 -0.707068
    outer loop
      vertex -10.0724 -9.09451 15.8653
      vertex -11.4486 -10.3084 17.7
      vertex -10.0793 -9.07545 15.8574
    endloop
  endfacet
  facet normal -0.516818 -0.482642 0.707076
    outer loop
      vertex -9.87784 -9.46036 15.0274
      vertex -11.0819 -10.7017 13.3
      vertex -9.8443 -9.50653 15.0204
    endloop
  endfacet
  facet normal -0.518876 -0.480207 0.707226
    outer loop
      vertex -11.2989 -10.4689 13.3
      vertex -9.87784 -9.46036 15.0274
      vertex -9.88441 -9.45061 15.0292
    endloop
  endfacet
  facet normal -0.517279 -0.482172 0.707059
    outer loop
      vertex -9.87784 -9.46036 15.0274
      vertex -11.2989 -10.4689 13.3
      vertex -11.0819 -10.7017 13.3
    endloop
  endfacet
  facet normal -0.516596 -0.48299 0.707
    outer loop
      vertex -9.91102 -9.41117 15.0367
      vertex -11.2989 -10.4689 13.3
      vertex -9.88441 -9.45061 15.0292
    endloop
  endfacet
  facet normal -0.517336 -0.482114 0.707057
    outer loop
      vertex -9.94247 -9.36085 15.048
      vertex -11.2989 -10.4689 13.3
      vertex -9.91102 -9.41117 15.0367
    endloop
  endfacet
  facet normal -0.516855 -0.482665 0.707033
    outer loop
      vertex -9.97213 -9.30946 15.0614
      vertex -11.2989 -10.4689 13.3
      vertex -9.94247 -9.36085 15.048
    endloop
  endfacet
  facet normal -0.517661 -0.481694 0.707105
    outer loop
      vertex -11.4486 -10.3084 13.3
      vertex -9.97213 -9.30946 15.0614
      vertex -9.99999 -9.25706 15.0767
    endloop
  endfacet
  facet normal -0.516804 -0.482735 0.707022
    outer loop
      vertex -11.4486 -10.3084 13.3
      vertex -9.99999 -9.25706 15.0767
      vertex -10.026 -9.20373 15.0941
    endloop
  endfacet
  facet normal -0.517573 -0.481831 0.707076
    outer loop
      vertex -11.4486 -10.3084 13.3
      vertex -10.026 -9.20373 15.0941
      vertex -10.0501 -9.14952 15.1134
    endloop
  endfacet
  facet normal -0.516442 -0.483118 0.707025
    outer loop
      vertex -11.4486 -10.3084 13.3
      vertex -10.0501 -9.14952 15.1134
      vertex -10.0724 -9.09451 15.1347
    endloop
  endfacet
  facet normal -0.518552 -0.480789 0.707068
    outer loop
      vertex -11.4486 -10.3084 13.3
      vertex -10.0724 -9.09451 15.1347
      vertex -10.0793 -9.07545 15.1426
    endloop
  endfacet
  facet normal -0.517143 -0.482345 0.70704
    outer loop
      vertex -9.97213 -9.30946 15.0614
      vertex -11.4486 -10.3084 13.3
      vertex -11.2989 -10.4689 13.3
    endloop
  endfacet
  facet normal -0.533768 -0.463866 -0.707051
    outer loop
      vertex -11.5926 -10.1427 17.7
      vertex -10.0793 -9.07545 15.8574
      vertex -11.4486 -10.3084 17.7
    endloop
  endfacet
  facet normal -0.533322 -0.464434 -0.707014
    outer loop
      vertex -10.0793 -9.07545 15.8574
      vertex -11.5926 -10.1427 17.7
      vertex -10.0927 -9.03875 15.8434
    endloop
  endfacet
  facet normal -0.533877 -0.463741 -0.70705
    outer loop
      vertex -10.0927 -9.03875 15.8434
      vertex -11.5926 -10.1427 17.7
      vertex -10.111 -8.98231 15.8202
    endloop
  endfacet
  facet normal -0.53329 -0.464452 -0.707026
    outer loop
      vertex -10.111 -8.98231 15.8202
      vertex -11.5926 -10.1427 17.7
      vertex -10.1274 -8.92527 15.7951
    endloop
  endfacet
  facet normal -0.534423 -0.463119 -0.707045
    outer loop
      vertex -10.1274 -8.92527 15.7951
      vertex -11.5926 -10.1427 17.7
      vertex -10.1417 -8.8677 15.7682
    endloop
  endfacet
  facet normal -0.533699 -0.463947 -0.707049
    outer loop
      vertex -10.1417 -8.8677 15.7682
      vertex -11.5926 -10.1427 17.7
      vertex -10.154 -8.80966 15.7394
    endloop
  endfacet
  facet normal -0.533667 -0.463983 -0.70705
    outer loop
      vertex -10.154 -8.80966 15.7394
      vertex -11.5926 -10.1427 17.7
      vertex -10.1644 -8.75122 15.7089
    endloop
  endfacet
  facet normal -0.533372 -0.464303 -0.707062
    outer loop
      vertex -10.1644 -8.75122 15.7089
      vertex -11.5926 -10.1427 17.7
      vertex -10.1726 -8.69246 15.6765
    endloop
  endfacet
  facet normal -0.534143 -0.463485 -0.707017
    outer loop
      vertex -10.1726 -8.69246 15.6765
      vertex -11.5926 -10.1427 17.7
      vertex -10.1788 -8.63345 15.6425
    endloop
  endfacet
  facet normal -0.53342 -0.464236 -0.70707
    outer loop
      vertex -10.1788 -8.63345 15.6425
      vertex -11.5926 -10.1427 17.7
      vertex -10.183 -8.57425 15.6068
    endloop
  endfacet
  facet normal -0.538888 -0.458652 -0.706568
    outer loop
      vertex -10.183 -8.57425 15.6068
      vertex -11.5926 -10.1427 17.7
      vertex -10.1833 -8.56373 15.6002
    endloop
  endfacet
  facet normal -0.533649 -0.463985 -0.707062
    outer loop
      vertex -11.8014 -9.90255 17.7
      vertex -10.1833 -8.56373 15.6002
      vertex -11.5926 -10.1427 17.7
    endloop
  endfacet
  facet normal -0.531339 -0.466701 -0.707014
    outer loop
      vertex -10.1833 -8.56373 15.6002
      vertex -11.8014 -9.90255 17.7
      vertex -10.184 -8.54536 15.5886
    endloop
  endfacet
  facet normal -0.533336 -0.464434 0.707003
    outer loop
      vertex -11.6574 -10.0682 13.3
      vertex -10.0793 -9.07545 15.1426
      vertex -10.0927 -9.03875 15.1566
    endloop
  endfacet
  facet normal -0.536602 -0.460111 0.707359
    outer loop
      vertex -11.6574 -10.0682 13.3
      vertex -10.0927 -9.03875 15.1566
      vertex -10.0969 -9.02555 15.162
    endloop
  endfacet
  facet normal -0.533705 -0.463937 0.707051
    outer loop
      vertex -10.0793 -9.07545 15.1426
      vertex -11.6574 -10.0682 13.3
      vertex -11.4486 -10.3084 13.3
    endloop
  endfacet
  facet normal -0.53308 -0.464842 0.706929
    outer loop
      vertex -11.8014 -9.90255 13.3
      vertex -10.0969 -9.02555 15.162
      vertex -10.111 -8.98231 15.1798
    endloop
  endfacet
  facet normal -0.533352 -0.464449 0.706981
    outer loop
      vertex -11.8014 -9.90255 13.3
      vertex -10.111 -8.98231 15.1798
      vertex -10.1274 -8.92527 15.2049
    endloop
  endfacet
  facet normal -0.534297 -0.463129 0.707134
    outer loop
      vertex -11.8014 -9.90255 13.3
      vertex -10.1274 -8.92527 15.2049
      vertex -10.1417 -8.8677 15.2318
    endloop
  endfacet
  facet normal -0.533692 -0.463948 0.707053
    outer loop
      vertex -11.8014 -9.90255 13.3
      vertex -10.1417 -8.8677 15.2318
      vertex -10.154 -8.80966 15.2606
    endloop
  endfacet
  facet normal -0.533666 -0.463983 0.707051
    outer loop
      vertex -11.8014 -9.90255 13.3
      vertex -10.154 -8.80966 15.2606
      vertex -10.1644 -8.75122 15.2911
    endloop
  endfacet
  facet normal -0.533423 -0.464293 0.70703
    outer loop
      vertex -11.8014 -9.90255 13.3
      vertex -10.1644 -8.75122 15.2911
      vertex -10.1726 -8.69246 15.3235
    endloop
  endfacet
  facet normal -0.534056 -0.463506 0.707069
    outer loop
      vertex -11.8014 -9.90255 13.3
      vertex -10.1726 -8.69246 15.3235
      vertex -10.1788 -8.63345 15.3575
    endloop
  endfacet
  facet normal -0.533464 -0.464224 0.707045
    outer loop
      vertex -11.8014 -9.90255 13.3
      vertex -10.1788 -8.63345 15.3575
      vertex -10.183 -8.57425 15.3932
    endloop
  endfacet
  facet normal -0.533738 -0.4639 0.707051
    outer loop
      vertex -11.8014 -9.90255 13.3
      vertex -10.183 -8.57425 15.3932
      vertex -10.184 -8.54536 15.4114
    endloop
  endfacet
  facet normal -0.53369 -0.463938 0.707062
    outer loop
      vertex -10.0969 -9.02555 15.162
      vertex -11.8014 -9.90255 13.3
      vertex -11.6574 -10.0682 13.3
    endloop
  endfacet
  facet normal -0.550009 -0.445306 -0.706536
    outer loop
      vertex -10.185 -8.51495 15.5703
      vertex -10.4062 -8.1302 15.5
      vertex -10.185 -8.45561 15.5329
    endloop
  endfacet
  facet normal -0.547901 -0.444487 -0.708686
    outer loop
      vertex -10.184 -8.54536 15.5886
      vertex -10.4062 -8.1302 15.5
      vertex -10.185 -8.51495 15.5703
    endloop
  endfacet
  facet normal -0.549622 -0.444969 -0.70705
    outer loop
      vertex -11.9395 -9.73197 17.7
      vertex -10.184 -8.54536 15.5886
      vertex -11.8014 -9.90255 17.7
    endloop
  endfacet
  facet normal -0.549574 -0.445032 -0.707046
    outer loop
      vertex -10.184 -8.54536 15.5886
      vertex -11.9395 -9.73197 17.7
      vertex -10.4062 -8.1302 15.5
    endloop
  endfacet
  facet normal -0.549681 -0.445121 -0.706908
    outer loop
      vertex -10.1833 -8.40546 15.5
      vertex -10.185 -8.45561 15.5329
      vertex -10.4062 -8.1302 15.5
    endloop
  endfacet
  facet normal -0.549534 -0.445076 -0.70705
    outer loop
      vertex -11.9395 -9.73197 17.7
      vertex -12.1398 -9.48466 17.7
      vertex -10.4062 -8.1302 15.5
    endloop
  endfacet
  facet normal -0.550391 -0.443859 0.707148
    outer loop
      vertex -12.0017 -9.65523 13.3
      vertex -10.184 -8.54536 15.4114
      vertex -10.1845 -8.53072 15.4202
    endloop
  endfacet
  facet normal -0.549542 -0.445064 0.707051
    outer loop
      vertex -10.184 -8.54536 15.4114
      vertex -12.0017 -9.65523 13.3
      vertex -11.8014 -9.90255 13.3
    endloop
  endfacet
  facet normal -0.550009 -0.445306 0.706536
    outer loop
      vertex -10.185 -8.45561 15.4671
      vertex -10.4062 -8.1302 15.5
      vertex -10.185 -8.51495 15.4297
    endloop
  endfacet
  facet normal -0.549681 -0.445121 0.706908
    outer loop
      vertex -10.4062 -8.1302 15.5
      vertex -10.185 -8.45561 15.4671
      vertex -10.1833 -8.40546 15.5
    endloop
  endfacet
  facet normal -0.547699 -0.444408 0.708891
    outer loop
      vertex -10.4062 -8.1302 15.5
      vertex -10.1845 -8.53072 15.4202
      vertex -10.185 -8.51495 15.4297
    endloop
  endfacet
  facet normal -0.549544 -0.445063 0.70705
    outer loop
      vertex -12.1398 -9.48466 13.3
      vertex -10.1845 -8.53072 15.4202
      vertex -10.4062 -8.1302 15.5
    endloop
  endfacet
  facet normal -0.549599 -0.444977 0.707062
    outer loop
      vertex -10.1845 -8.53072 15.4202
      vertex -12.1398 -9.48466 13.3
      vertex -12.0017 -9.65523 13.3
    endloop
  endfacet
  facet normal -0.564763 -0.425585 -0.70705
    outer loop
      vertex -12.2719 -9.30936 17.7
      vertex -10.4062 -8.1302 15.5
      vertex -12.1398 -9.48466 17.7
    endloop
  endfacet
  facet normal -0.56477 -0.425575 -0.707051
    outer loop
      vertex -10.4062 -8.1302 15.5
      vertex -12.2719 -9.30936 17.7
      vertex -10.6836 -7.76207 15.5
    endloop
  endfacet
  facet normal -0.564792 -0.425549 -0.707049
    outer loop
      vertex -12.2719 -9.30936 17.7
      vertex -12.4634 -9.0552 17.7
      vertex -10.6836 -7.76207 15.5
    endloop
  endfacet
  facet normal -0.564791 -0.425549 0.70705
    outer loop
      vertex -10.4062 -8.1302 15.5
      vertex -12.3313 -9.2305 13.3
      vertex -12.1398 -9.48466 13.3
    endloop
  endfacet
  facet normal -0.564772 -0.425577 0.707048
    outer loop
      vertex -10.6836 -7.76207 15.5
      vertex -12.3313 -9.2305 13.3
      vertex -10.4062 -8.1302 15.5
    endloop
  endfacet
  facet normal -0.564764 -0.425587 0.707048
    outer loop
      vertex -12.3313 -9.2305 13.3
      vertex -10.6836 -7.76207 15.5
      vertex -12.4634 -9.0552 13.3
    endloop
  endfacet
  facet normal -0.579261 -0.405634 -0.707048
    outer loop
      vertex -12.5893 -8.87541 17.7
      vertex -10.6836 -7.76207 15.5
      vertex -12.4634 -9.0552 17.7
    endloop
  endfacet
  facet normal -0.579264 -0.405629 -0.707049
    outer loop
      vertex -10.6836 -7.76207 15.5
      vertex -12.5893 -8.87541 17.7
      vertex -10.948 -7.38449 15.5
    endloop
  endfacet
  facet normal -0.579319 -0.405561 -0.707043
    outer loop
      vertex -12.7718 -8.61472 17.7
      vertex -10.948 -7.38449 15.5
      vertex -12.5893 -8.87541 17.7
    endloop
  endfacet
  facet normal -0.579202 -0.405717 0.707049
    outer loop
      vertex -10.6836 -7.76207 15.5
      vertex -12.646 -8.79452 13.3
      vertex -12.4634 -9.0552 13.3
    endloop
  endfacet
  facet normal -0.579258 -0.405625 0.707056
    outer loop
      vertex -10.948 -7.38449 15.5
      vertex -12.646 -8.79452 13.3
      vertex -10.6836 -7.76207 15.5
    endloop
  endfacet
  facet normal -0.579426 -0.405405 0.707045
    outer loop
      vertex -12.646 -8.79452 13.3
      vertex -10.948 -7.38449 15.5
      vertex -12.7718 -8.61472 13.3
    endloop
  endfacet
  facet normal -0.592999 -0.385282 -0.707044
    outer loop
      vertex -12.8914 -8.43064 17.7
      vertex -10.948 -7.38449 15.5
      vertex -12.7718 -8.61472 17.7
    endloop
  endfacet
  facet normal -0.593105 -0.385103 -0.707052
    outer loop
      vertex -10.948 -7.38449 15.5
      vertex -12.8914 -8.43064 17.7
      vertex -11.199 -6.99792 15.5
    endloop
  endfacet
  facet normal -0.593103 -0.385106 -0.707052
    outer loop
      vertex -12.8914 -8.43064 17.7
      vertex -13.0647 -8.16374 17.7
      vertex -11.199 -6.99792 15.5
    endloop
  endfacet
  facet normal -0.593002 -0.385277 0.707044
    outer loop
      vertex -10.948 -7.38449 15.5
      vertex -12.9452 -8.34783 13.3
      vertex -12.7718 -8.61472 13.3
    endloop
  endfacet
  facet normal -0.593101 -0.385101 0.707056
    outer loop
      vertex -11.199 -6.99792 15.5
      vertex -12.9452 -8.34783 13.3
      vertex -10.948 -7.38449 15.5
    endloop
  endfacet
  facet normal -0.593147 -0.385035 0.707053
    outer loop
      vertex -12.9452 -8.34783 13.3
      vertex -11.199 -6.99792 15.5
      vertex -13.0647 -8.16374 13.3
    endloop
  endfacet
  facet normal -0.606078 -0.364342 -0.707053
    outer loop
      vertex -13.1778 -7.9756 17.7
      vertex -11.199 -6.99792 15.5
      vertex -13.0647 -8.16374 17.7
    endloop
  endfacet
  facet normal -0.606153 -0.364204 -0.70706
    outer loop
      vertex -11.199 -6.99792 15.5
      vertex -13.1778 -7.9756 17.7
      vertex -11.4364 -6.60281 15.5
    endloop
  endfacet
  facet normal -0.606152 -0.364207 -0.70706
    outer loop
      vertex -13.1778 -7.9756 17.7
      vertex -13.3417 -7.70282 17.7
      vertex -11.4364 -6.60281 15.5
    endloop
  endfacet
  facet normal -0.606159 -0.364211 0.707052
    outer loop
      vertex -11.199 -6.99792 15.5
      vertex -13.2286 -7.89096 13.3
      vertex -13.0647 -8.16374 13.3
    endloop
  endfacet
  facet normal -0.60616 -0.364208 0.707052
    outer loop
      vertex -11.4364 -6.60281 15.5
      vertex -13.2286 -7.89096 13.3
      vertex -11.199 -6.99792 15.5
    endloop
  endfacet
  facet normal -0.606073 -0.36434 0.707059
    outer loop
      vertex -13.2286 -7.89096 13.3
      vertex -11.4364 -6.60281 15.5
      vertex -13.3417 -7.70282 13.3
    endloop
  endfacet
  facet normal -0.618513 -0.342795 -0.70706
    outer loop
      vertex -13.4481 -7.51084 17.7
      vertex -11.4364 -6.60281 15.5
      vertex -13.3417 -7.70282 17.7
    endloop
  endfacet
  facet normal -0.618471 -0.342879 -0.707056
    outer loop
      vertex -11.4364 -6.60281 15.5
      vertex -13.4481 -7.51084 17.7
      vertex -11.6599 -6.19967 15.5
    endloop
  endfacet
  facet normal -0.618477 -0.34287 -0.707055
    outer loop
      vertex -13.6024 -7.23251 17.7
      vertex -11.6599 -6.19967 15.5
      vertex -13.4481 -7.51084 17.7
    endloop
  endfacet
  facet normal -0.618477 -0.342858 0.70706
    outer loop
      vertex -11.4364 -6.60281 15.5
      vertex -13.496 -7.42448 13.3
      vertex -13.3417 -7.70282 13.3
    endloop
  endfacet
  facet normal -0.618468 -0.342878 0.707059
    outer loop
      vertex -11.6599 -6.19967 15.5
      vertex -13.496 -7.42448 13.3
      vertex -11.4364 -6.60281 15.5
    endloop
  endfacet
  facet normal -0.618509 -0.342811 0.707056
    outer loop
      vertex -13.496 -7.42448 13.3
      vertex -11.6599 -6.19967 15.5
      vertex -13.6024 -7.23251 13.3
    endloop
  endfacet
  facet normal -0.630146 -0.320921 -0.707054
    outer loop
      vertex -13.702 -7.03694 17.7
      vertex -11.6599 -6.19967 15.5
      vertex -13.6024 -7.23251 17.7
    endloop
  endfacet
  facet normal -0.630124 -0.320969 -0.707052
    outer loop
      vertex -11.6599 -6.19967 15.5
      vertex -13.702 -7.03694 17.7
      vertex -11.8691 -5.78897 15.5
    endloop
  endfacet
  facet normal -0.630056 -0.321083 -0.70706
    outer loop
      vertex -13.702 -7.03694 17.7
      vertex -13.8465 -6.75339 17.7
      vertex -11.8691 -5.78897 15.5
    endloop
  endfacet
  facet normal -0.630152 -0.32091 0.707054
    outer loop
      vertex -11.6599 -6.19967 15.5
      vertex -13.7468 -6.94896 13.3
      vertex -13.6024 -7.23251 13.3
    endloop
  endfacet
  facet normal -0.630126 -0.32097 0.70705
    outer loop
      vertex -11.8691 -5.78897 15.5
      vertex -13.7468 -6.94896 13.3
      vertex -11.6599 -6.19967 15.5
    endloop
  endfacet
  facet normal -0.630011 -0.321174 0.707059
    outer loop
      vertex -13.7468 -6.94896 13.3
      vertex -11.8691 -5.78897 15.5
      vertex -13.8465 -6.75339 13.3
    endloop
  endfacet
  facet normal -0.640851 -0.298954 -0.707062
    outer loop
      vertex -13.9393 -6.55446 17.7
      vertex -11.8691 -5.78897 15.5
      vertex -13.8465 -6.75339 17.7
    endloop
  endfacet
  facet normal -0.640896 -0.298847 -0.707067
    outer loop
      vertex -11.8691 -5.78897 15.5
      vertex -13.9393 -6.55446 17.7
      vertex -12.0639 -5.37121 15.5
    endloop
  endfacet
  facet normal -0.640982 -0.298689 -0.707055
    outer loop
      vertex -13.9393 -6.55446 17.7
      vertex -14.0737 -6.26604 17.7
      vertex -12.0639 -5.37121 15.5
    endloop
  endfacet
  facet normal -0.640891 -0.298869 0.707061
    outer loop
      vertex -11.8691 -5.78897 15.5
      vertex -13.981 -6.46497 13.3
      vertex -13.8465 -6.75339 13.3
    endloop
  endfacet
  facet normal -0.640899 -0.298849 0.707062
    outer loop
      vertex -12.0639 -5.37121 15.5
      vertex -13.981 -6.46497 13.3
      vertex -11.8691 -5.78897 15.5
    endloop
  endfacet
  facet normal -0.64098 -0.298692 0.707055
    outer loop
      vertex -13.981 -6.46497 13.3
      vertex -12.0639 -5.37121 15.5
      vertex -14.0737 -6.26604 13.3
    endloop
  endfacet
  facet normal -0.650903 -0.276404 -0.707054
    outer loop
      vertex -14.1595 -6.06399 17.7
      vertex -12.0639 -5.37121 15.5
      vertex -14.0737 -6.26604 17.7
    endloop
  endfacet
  facet normal -0.650942 -0.276301 -0.707059
    outer loop
      vertex -12.0639 -5.37121 15.5
      vertex -14.1595 -6.06399 17.7
      vertex -12.244 -4.94691 15.5
    endloop
  endfacet
  facet normal -0.650889 -0.276407 -0.707066
    outer loop
      vertex -14.1595 -6.06399 17.7
      vertex -14.2839 -5.77105 17.7
      vertex -12.244 -4.94691 15.5
    endloop
  endfacet
  facet normal -0.6509 -0.276411 0.707054
    outer loop
      vertex -12.0639 -5.37121 15.5
      vertex -14.1981 -5.9731 13.3
      vertex -14.0737 -6.26604 13.3
    endloop
  endfacet
  facet normal -0.650939 -0.2763 0.707062
    outer loop
      vertex -12.244 -4.94691 15.5
      vertex -14.1981 -5.9731 13.3
      vertex -12.0639 -5.37121 15.5
    endloop
  endfacet
  facet normal -0.650892 -0.2764 0.707066
    outer loop
      vertex -14.2839 -5.77105 13.3
      vertex -14.1981 -5.9731 13.3
      vertex -12.244 -4.94691 15.5
    endloop
  endfacet
  facet normal -0.660241 -0.253257 -0.707066
    outer loop
      vertex -14.3625 -5.56614 17.7
      vertex -12.244 -4.94691 15.5
      vertex -14.2839 -5.77105 17.7
    endloop
  endfacet
  facet normal -0.660179 -0.253443 -0.707058
    outer loop
      vertex -12.244 -4.94691 15.5
      vertex -14.3625 -5.56614 17.7
      vertex -12.4092 -4.51659 15.5
    endloop
  endfacet
  facet normal -0.660141 -0.253524 -0.707064
    outer loop
      vertex -14.3625 -5.56614 17.7
      vertex -14.4766 -5.26904 17.7
      vertex -12.4092 -4.51659 15.5
    endloop
  endfacet
  facet normal -0.660213 -0.25333 0.707067
    outer loop
      vertex -12.244 -4.94691 15.5
      vertex -14.3979 -5.47395 13.3
      vertex -14.2839 -5.77105 13.3
    endloop
  endfacet
  facet normal -0.660177 -0.253442 0.707059
    outer loop
      vertex -12.4092 -4.51659 15.5
      vertex -14.3979 -5.47395 13.3
      vertex -12.244 -4.94691 15.5
    endloop
  endfacet
  facet normal -0.660136 -0.253539 0.707064
    outer loop
      vertex -14.4766 -5.26904 13.3
      vertex -14.3979 -5.47395 13.3
      vertex -12.4092 -4.51659 15.5
    endloop
  endfacet
  facet normal -0.668685 -0.230048 -0.707063
    outer loop
      vertex -14.548 -5.0615 17.7
      vertex -12.4092 -4.51659 15.5
      vertex -14.4766 -5.26904 17.7
    endloop
  endfacet
  facet normal -0.668618 -0.230272 -0.707054
    outer loop
      vertex -12.4092 -4.51659 15.5
      vertex -14.548 -5.0615 17.7
      vertex -12.5593 -4.08076 15.5
    endloop
  endfacet
  facet normal -0.668642 -0.230214 -0.70705
    outer loop
      vertex -14.6516 -4.7606 17.7
      vertex -12.5593 -4.08076 15.5
      vertex -14.548 -5.0615 17.7
    endloop
  endfacet
  facet normal -0.668628 -0.230209 0.707065
    outer loop
      vertex -12.4092 -4.51659 15.5
      vertex -14.5802 -4.96814 13.3
      vertex -14.4766 -5.26904 13.3
    endloop
  endfacet
  facet normal -0.668611 -0.23027 0.707061
    outer loop
      vertex -12.5593 -4.08076 15.5
      vertex -14.5802 -4.96814 13.3
      vertex -12.4092 -4.51659 15.5
    endloop
  endfacet
  facet normal -0.668697 -0.230052 0.707051
    outer loop
      vertex -14.5802 -4.96814 13.3
      vertex -12.5593 -4.08076 15.5
      vertex -14.6516 -4.7606 13.3
    endloop
  endfacet
  facet normal -0.676239 -0.206835 -0.70705
    outer loop
      vertex -14.7158 -4.5507 17.7
      vertex -12.5593 -4.08076 15.5
      vertex -14.6516 -4.7606 17.7
    endloop
  endfacet
  facet normal -0.676248 -0.206802 -0.707051
    outer loop
      vertex -12.5593 -4.08076 15.5
      vertex -14.7158 -4.5507 17.7
      vertex -12.6941 -3.63996 15.5
    endloop
  endfacet
  facet normal -0.676298 -0.206669 -0.707042
    outer loop
      vertex -14.8088 -4.24637 17.7
      vertex -12.6941 -3.63996 15.5
      vertex -14.7158 -4.5507 17.7
    endloop
  endfacet
  facet normal -0.676228 -0.20687 0.70705
    outer loop
      vertex -12.5593 -4.08076 15.5
      vertex -14.7447 -4.45627 13.3
      vertex -14.6516 -4.7606 13.3
    endloop
  endfacet
  facet normal -0.676245 -0.206801 0.707055
    outer loop
      vertex -12.6941 -3.63996 15.5
      vertex -14.7447 -4.45627 13.3
      vertex -12.5593 -4.08076 15.5
    endloop
  endfacet
  facet normal -0.676336 -0.206542 0.707044
    outer loop
      vertex -14.7447 -4.45627 13.3
      vertex -12.6941 -3.63996 15.5
      vertex -14.8088 -4.24637 13.3
    endloop
  endfacet
  facet normal -0.683001 -0.183298 -0.707044
    outer loop
      vertex -14.8657 -4.03435 17.7
      vertex -12.6941 -3.63996 15.5
      vertex -14.8088 -4.24637 17.7
    endloop
  endfacet
  facet normal -0.683062 -0.183027 -0.707055
    outer loop
      vertex -12.6941 -3.63996 15.5
      vertex -14.8657 -4.03435 17.7
      vertex -12.8134 -3.19473 15.5
    endloop
  endfacet
  facet normal -0.683107 -0.182894 -0.707046
    outer loop
      vertex -14.8657 -4.03435 17.7
      vertex -14.948 -3.72696 17.7
      vertex -12.8134 -3.19473 15.5
    endloop
  endfacet
  facet normal -0.683056 -0.183102 0.707042
    outer loop
      vertex -12.6941 -3.63996 15.5
      vertex -14.8912 -3.93898 13.3
      vertex -14.8088 -4.24637 13.3
    endloop
  endfacet
  facet normal -0.68307 -0.18303 0.707047
    outer loop
      vertex -12.8134 -3.19473 15.5
      vertex -14.8912 -3.93898 13.3
      vertex -12.6941 -3.63996 15.5
    endloop
  endfacet
  facet normal -0.68308 -0.182997 0.707045
    outer loop
      vertex -14.948 -3.72696 13.3
      vertex -14.8912 -3.93898 13.3
      vertex -12.8134 -3.19473 15.5
    endloop
  endfacet
  facet normal -0.689026 -0.159152 -0.707046
    outer loop
      vertex -14.9974 -3.51309 17.7
      vertex -12.8134 -3.19473 15.5
      vertex -14.948 -3.72696 17.7
    endloop
  endfacet
  facet normal -0.689037 -0.159092 -0.707048
    outer loop
      vertex -12.8134 -3.19473 15.5
      vertex -14.9974 -3.51309 17.7
      vertex -12.9171 -2.7456 15.5
    endloop
  endfacet
  facet normal -0.689034 -0.159104 -0.707049
    outer loop
      vertex -14.9974 -3.51309 17.7
      vertex -15.069 -3.20301 17.7
      vertex -12.9171 -2.7456 15.5
    endloop
  endfacet
  facet normal -0.689038 -0.159104 0.707045
    outer loop
      vertex -12.8134 -3.19473 15.5
      vertex -15.0196 -3.41688 13.3
      vertex -14.948 -3.72696 13.3
    endloop
  endfacet
  facet normal -0.689039 -0.159093 0.707046
    outer loop
      vertex -12.9171 -2.7456 15.5
      vertex -15.0196 -3.41688 13.3
      vertex -12.8134 -3.19473 15.5
    endloop
  endfacet
  facet normal -0.689023 -0.159152 0.707049
    outer loop
      vertex -15.069 -3.20301 13.3
      vertex -15.0196 -3.41688 13.3
      vertex -12.9171 -2.7456 15.5
    endloop
  endfacet
  facet normal -0.69416 -0.134992 -0.70705
    outer loop
      vertex -15.1109 -2.98755 17.7
      vertex -12.9171 -2.7456 15.5
      vertex -15.069 -3.20301 17.7
    endloop
  endfacet
  facet normal -0.69418 -0.134856 -0.707055
    outer loop
      vertex -12.9171 -2.7456 15.5
      vertex -15.1109 -2.98755 17.7
      vertex -13.005 -2.29313 15.5
    endloop
  endfacet
  facet normal -0.694173 -0.134884 -0.707057
    outer loop
      vertex -15.1109 -2.98755 17.7
      vertex -15.1716 -2.67516 17.7
      vertex -13.005 -2.29313 15.5
    endloop
  endfacet
  facet normal -0.694182 -0.134885 0.707049
    outer loop
      vertex -12.9171 -2.7456 15.5
      vertex -15.1297 -2.89062 13.3
      vertex -15.069 -3.20301 13.3
    endloop
  endfacet
  facet normal -0.694185 -0.134857 0.707051
    outer loop
      vertex -13.005 -2.29313 15.5
      vertex -15.1297 -2.89062 13.3
      vertex -12.9171 -2.7456 15.5
    endloop
  endfacet
  facet normal -0.694154 -0.13499 0.707056
    outer loop
      vertex -15.1716 -2.67516 13.3
      vertex -15.1297 -2.89062 13.3
      vertex -13.005 -2.29313 15.5
    endloop
  endfacet
  facet normal -0.69847 -0.11051 -0.707056
    outer loop
      vertex -15.2059 -2.45837 17.7
      vertex -13.005 -2.29313 15.5
      vertex -15.1716 -2.67516 17.7
    endloop
  endfacet
  facet normal -0.698457 -0.110615 -0.707051
    outer loop
      vertex -13.005 -2.29313 15.5
      vertex -15.2059 -2.45837 17.7
      vertex -13.0771 -1.83787 15.5
    endloop
  endfacet
  facet normal -0.698447 -0.11066 -0.707054
    outer loop
      vertex -15.2059 -2.45837 17.7
      vertex -15.2557 -2.14405 17.7
      vertex -13.0771 -1.83787 15.5
    endloop
  endfacet
  facet normal -0.698445 -0.11066 0.707057
    outer loop
      vertex -13.005 -2.29313 15.5
      vertex -15.2214 -2.36084 13.3
      vertex -15.1716 -2.67516 13.3
    endloop
  endfacet
  facet normal -0.698449 -0.110614 0.70706
    outer loop
      vertex -13.0771 -1.83787 15.5
      vertex -15.2214 -2.36084 13.3
      vertex -13.005 -2.29313 15.5
    endloop
  endfacet
  facet normal -0.69847 -0.11051 0.707056
    outer loop
      vertex -15.2557 -2.14405 13.3
      vertex -15.2214 -2.36084 13.3
      vertex -13.0771 -1.83787 15.5
    endloop
  endfacet
  facet normal -0.701867 -0.08634 -0.707056
    outer loop
      vertex -15.2825 -1.92619 17.7
      vertex -13.0771 -1.83787 15.5
      vertex -15.2557 -2.14405 17.7
    endloop
  endfacet
  facet normal -0.701877 -0.0862178 -0.707061
    outer loop
      vertex -13.0771 -1.83787 15.5
      vertex -15.2825 -1.92619 17.7
      vertex -13.1333 -1.38036 15.5
    endloop
  endfacet
  facet normal -0.701918 -0.0860008 -0.707047
    outer loop
      vertex -15.2825 -1.92619 17.7
      vertex -15.3212 -1.61033 17.7
      vertex -13.1333 -1.38036 15.5
    endloop
  endfacet
  facet normal -0.701883 -0.0862188 0.707055
    outer loop
      vertex -13.0771 -1.83787 15.5
      vertex -15.2945 -1.82819 13.3
      vertex -15.2557 -2.14405 13.3
    endloop
  endfacet
  facet normal -0.701883 -0.0862185 0.707055
    outer loop
      vertex -13.1333 -1.38036 15.5
      vertex -15.2945 -1.82819 13.3
      vertex -13.0771 -1.83787 15.5
    endloop
  endfacet
  facet normal -0.701915 -0.0860237 0.707047
    outer loop
      vertex -15.2945 -1.82819 13.3
      vertex -13.1333 -1.38036 15.5
      vertex -15.3212 -1.61033 13.3
    endloop
  endfacet
  facet normal -0.704501 -0.0615646 -0.707028
    outer loop
      vertex -13.1333 -1.38036 15.5
      vertex -13.997 -1.1 16.3362
      vertex -13.1578 -1.1 15.5
    endloop
  endfacet
  facet normal -0.704491 -0.0614883 -0.707044
    outer loop
      vertex -15.3212 -1.61033 17.7
      vertex -13.997 -1.1 16.3362
      vertex -13.1333 -1.38036 15.5
    endloop
  endfacet
  facet normal -0.704406 -0.0618522 -0.707097
    outer loop
      vertex -13.997 -1.1 16.3362
      vertex -15.3212 -1.61033 17.7
      vertex -15.3404 -1.39167 17.7
    endloop
  endfacet
  facet normal -0.704376 -0.0620477 -0.70711
    outer loop
      vertex -15.3404 -1.39167 17.7
      vertex -14.4626 -1.1 16.8
      vertex -13.997 -1.1 16.3362
    endloop
  endfacet
  facet normal -0.704479 -0.0615528 -0.70705
    outer loop
      vertex -15.3681 -1.07464 17.7
      vertex -14.4626 -1.1 16.8
      vertex -15.3404 -1.39167 17.7
    endloop
  endfacet
  facet normal -0.70448 -0.0615441 -0.707051
    outer loop
      vertex -14.4626 -1.1 16.8
      vertex -15.3681 -1.07464 17.7
      vertex -14.4703 -1.01186 16.8
    endloop
  endfacet
  facet normal -0.704464 -0.0617736 0.707047
    outer loop
      vertex -13.1333 -1.38036 15.5
      vertex -15.349 -1.2933 13.3
      vertex -15.3212 -1.61033 13.3
    endloop
  endfacet
  facet normal -0.704464 -0.0615614 0.707065
    outer loop
      vertex -14.4626 -1.1 14.2
      vertex -13.1333 -1.38036 15.5
      vertex -13.1578 -1.1 15.5
    endloop
  endfacet
  facet normal -0.704467 -0.0616182 0.707056
    outer loop
      vertex -14.4626 -1.1 14.2
      vertex -15.349 -1.2933 13.3
      vertex -13.1333 -1.38036 15.5
    endloop
  endfacet
  facet normal -0.70448 -0.0615441 0.707051
    outer loop
      vertex -15.3681 -1.07464 13.3
      vertex -14.4626 -1.1 14.2
      vertex -14.4703 -1.01186 14.2
    endloop
  endfacet
  facet normal -0.70448 -0.0615365 0.707051
    outer loop
      vertex -14.4626 -1.1 14.2
      vertex -15.3681 -1.07464 13.3
      vertex -15.349 -1.2933 13.3
    endloop
  endfacet
  facet normal -0.706192 -0.0370507 -0.70705
    outer loop
      vertex -15.3796 -0.855448 17.7
      vertex -14.4703 -1.01186 16.8
      vertex -15.3681 -1.07464 17.7
    endloop
  endfacet
  facet normal -0.706182 -0.0368832 -0.707069
    outer loop
      vertex -14.4703 -1.01186 16.8
      vertex -15.3796 -0.855448 17.7
      vertex -14.4869 -0.694029 16.8
    endloop
  endfacet
  facet normal -0.706181 -0.0368868 -0.707069
    outer loop
      vertex -15.3962 -0.537648 17.7
      vertex -14.4869 -0.694029 16.8
      vertex -15.3796 -0.855448 17.7
    endloop
  endfacet
  facet normal -0.706202 -0.0372297 -0.707031
    outer loop
      vertex -14.4869 -0.694029 16.8
      vertex -15.3962 -0.537648 17.7
      vertex -14.4968 -0.506238 16.8
    endloop
  endfacet
  facet normal -0.706162 -0.0371082 0.707078
    outer loop
      vertex -14.4801 -0.824071 14.2
      vertex -15.3848 -0.756842 13.3
      vertex -15.3681 -1.07464 13.3
    endloop
  endfacet
  facet normal -0.706204 -0.0368541 0.707049
    outer loop
      vertex -15.3681 -1.07464 13.3
      vertex -14.4703 -1.01186 14.2
      vertex -14.4801 -0.824071 14.2
    endloop
  endfacet
  facet normal -0.706162 -0.0371041 0.707078
    outer loop
      vertex -14.4968 -0.506238 14.2
      vertex -15.3848 -0.756842 13.3
      vertex -14.4801 -0.824071 14.2
    endloop
  endfacet
  facet normal -0.706224 -0.0367298 0.707035
    outer loop
      vertex -14.4968 -0.506238 14.2
      vertex -15.3962 -0.537648 13.3
      vertex -15.3848 -0.756842 13.3
    endloop
  endfacet
  facet normal -0.707034 -0.0122202 -0.707074
    outer loop
      vertex -14.4968 -0.506238 16.8
      vertex -15.4001 -0.318188 17.7
      vertex -14.5023 -0.188019 16.8
    endloop
  endfacet
  facet normal -0.707067 -0.0125652 -0.707035
    outer loop
      vertex -15.4001 -0.318188 17.7
      vertex -14.4968 -0.506238 16.8
      vertex -15.3962 -0.537648 17.7
    endloop
  endfacet
  facet normal -0.707052 -0.0124098 -0.707052
    outer loop
      vertex -14.5023 -0.188019 16.8
      vertex -15.4056 0 17.7
      vertex -14.5056 0 16.8
    endloop
  endfacet
  facet normal -0.707034 -0.0122214 -0.707074
    outer loop
      vertex -15.4056 0 17.7
      vertex -14.5023 -0.188019 16.8
      vertex -15.4001 -0.318188 17.7
    endloop
  endfacet
  facet normal -0.707067 -0.0124441 0.707037
    outer loop
      vertex -15.3962 -0.537648 13.3
      vertex -14.5001 -0.318219 14.2
      vertex -15.4018 -0.21946 13.3
    endloop
  endfacet
  facet normal -0.707071 -0.0124101 0.707033
    outer loop
      vertex -14.5001 -0.318219 14.2
      vertex -15.3962 -0.537648 13.3
      vertex -14.4968 -0.506238 14.2
    endloop
  endfacet
  facet normal -0.707054 -0.0122428 0.707054
    outer loop
      vertex -15.4018 -0.21946 13.3
      vertex -14.5056 0 14.2
      vertex -15.4056 0 13.3
    endloop
  endfacet
  facet normal -0.707057 -0.0122206 0.707051
    outer loop
      vertex -14.5056 0 14.2
      vertex -15.4018 -0.21946 13.3
      vertex -14.5001 -0.318219 14.2
    endloop
  endfacet
  facet normal 0.956311 0.292352 0
    outer loop
      vertex -4.51752 -1.46783 19.5
      vertex -4.56599 -1.30928 4.4
      vertex -4.56599 -1.30928 19.5
    endloop
  endfacet
  facet normal 0.956311 0.292352 0
    outer loop
      vertex -4.56599 -1.30928 4.4
      vertex -4.51752 -1.46783 19.5
      vertex -4.51752 -1.46783 4.4
    endloop
  endfacet
  facet normal -0.965929 0.258807 0
    outer loop
      vertex 4.56599 -1.30928 4.4
      vertex 4.6089 -1.14913 19.5
      vertex 4.6089 -1.14913 4.4
    endloop
  endfacet
  facet normal -0.965929 0.258807 0
    outer loop
      vertex 4.6089 -1.14913 19.5
      vertex 4.56599 -1.30928 4.4
      vertex 4.56599 -1.30928 19.5
    endloop
  endfacet
  facet normal -0.121895 0.992543 0
    outer loop
      vertex 0.661072 -4.70377 0
      vertex 0.49651 -4.72398 19.5
      vertex 0.661072 -4.70377 19.5
    endloop
  endfacet
  facet normal -0.121895 0.992543 0
    outer loop
      vertex 0.49651 -4.72398 19.5
      vertex 0.661072 -4.70377 0
      vertex 0.49651 -4.72398 0
    endloop
  endfacet
  facet normal -0.484808 0.874621 0
    outer loop
      vertex 2.375 -4.11362 4.4
      vertex 2.22999 -4.194 19.5
      vertex 2.375 -4.11362 19.5
    endloop
  endfacet
  facet normal -0.484808 0.874621 0
    outer loop
      vertex 2.22999 -4.194 19.5
      vertex 2.375 -4.11362 4.4
      vertex 2.22999 -4.194 4.4
    endloop
  endfacet
  facet normal 0.422631 0.906302 -0
    outer loop
      vertex -1.932 -4.33934 4.4
      vertex -2.08226 -4.26927 19.5
      vertex -1.932 -4.33934 19.5
    endloop
  endfacet
  facet normal 0.422631 0.906302 0
    outer loop
      vertex -2.08226 -4.26927 19.5
      vertex -1.932 -4.33934 4.4
      vertex -2.08226 -4.26927 4.4
    endloop
  endfacet
  facet normal 0.156397 0.987694 1.19312e-07
    outer loop
      vertex -0.661072 -4.70377 19.5
      vertex -0.793682 -4.68277 4.4
      vertex -0.824828 -4.67784 19.5
    endloop
  endfacet
  facet normal 0.15641 0.987692 -0
    outer loop
      vertex -0.661072 -4.70377 0
      vertex -0.793682 -4.68277 4.4
      vertex -0.661072 -4.70377 19.5
    endloop
  endfacet
  facet normal 0.15641 0.987692 0
    outer loop
      vertex -0.793682 -4.68277 4.4
      vertex -0.661072 -4.70377 0
      vertex -0.793682 -4.68277 0
    endloop
  endfacet
  facet normal 0.15634 0.987703 0
    outer loop
      vertex -0.824828 -4.67784 19.5
      vertex -0.793682 -4.68277 4.4
      vertex -0.824828 -4.67784 4.4
    endloop
  endfacet
  facet normal -0.0871543 0.996195 0
    outer loop
      vertex 0.49651 -4.72398 0
      vertex 0.331343 -4.73843 19.5
      vertex 0.49651 -4.72398 19.5
    endloop
  endfacet
  facet normal -0.0871543 0.996195 0
    outer loop
      vertex 0.331343 -4.73843 19.5
      vertex 0.49651 -4.72398 0
      vertex 0.331343 -4.73843 0
    endloop
  endfacet
  facet normal -0.292352 0.956311 0
    outer loop
      vertex 1.46783 -4.51752 4.4
      vertex 1.30928 -4.56599 19.5
      vertex 1.46783 -4.51752 19.5
    endloop
  endfacet
  facet normal -0.292352 0.956311 0
    outer loop
      vertex 1.30928 -4.56599 19.5
      vertex 1.46783 -4.51752 4.4
      vertex 1.30928 -4.56599 4.4
    endloop
  endfacet
  facet normal -0.325567 0.945519 0
    outer loop
      vertex 1.6246 -4.46354 4.4
      vertex 1.46783 -4.51752 19.5
      vertex 1.6246 -4.46354 19.5
    endloop
  endfacet
  facet normal -0.325567 0.945519 0
    outer loop
      vertex 1.46783 -4.51752 19.5
      vertex 1.6246 -4.46354 4.4
      vertex 1.46783 -4.51752 4.4
    endloop
  endfacet
  facet normal -0.258807 0.965929 0
    outer loop
      vertex 1.30928 -4.56599 4.4
      vertex 1.14913 -4.6089 19.5
      vertex 1.30928 -4.56599 19.5
    endloop
  endfacet
  facet normal -0.258807 0.965929 0
    outer loop
      vertex 1.14913 -4.6089 19.5
      vertex 1.30928 -4.56599 4.4
      vertex 1.14913 -4.6089 4.4
    endloop
  endfacet
  facet normal -0.891012 0.45398 0
    outer loop
      vertex 4.194 -2.22999 4.4
      vertex 4.26927 -2.08226 19.5
      vertex 4.26927 -2.08226 4.4
    endloop
  endfacet
  facet normal -0.891012 0.45398 0
    outer loop
      vertex 4.26927 -2.08226 19.5
      vertex 4.194 -2.22999 4.4
      vertex 4.194 -2.22999 19.5
    endloop
  endfacet
  facet normal -0.906302 0.422631 0
    outer loop
      vertex 4.26927 -2.08226 4.4
      vertex 4.33934 -1.932 19.5
      vertex 4.33934 -1.932 4.4
    endloop
  endfacet
  facet normal -0.906302 0.422631 0
    outer loop
      vertex 4.33934 -1.932 19.5
      vertex 4.26927 -2.08226 4.4
      vertex 4.26927 -2.08226 19.5
    endloop
  endfacet
  facet normal -0.874621 0.484808 0
    outer loop
      vertex 4.11362 -2.375 4.4
      vertex 4.194 -2.22999 19.5
      vertex 4.194 -2.22999 4.4
    endloop
  endfacet
  facet normal -0.874621 0.484808 0
    outer loop
      vertex 4.194 -2.22999 19.5
      vertex 4.11362 -2.375 4.4
      vertex 4.11362 -2.375 19.5
    endloop
  endfacet
  facet normal -0.956311 0.292352 0
    outer loop
      vertex 4.51752 -1.46783 4.4
      vertex 4.56599 -1.30928 19.5
      vertex 4.56599 -1.30928 4.4
    endloop
  endfacet
  facet normal -0.956311 0.292352 0
    outer loop
      vertex 4.56599 -1.30928 19.5
      vertex 4.51752 -1.46783 4.4
      vertex 4.51752 -1.46783 19.5
    endloop
  endfacet
  facet normal 0.0871543 0.996195 -0
    outer loop
      vertex -0.331343 -4.73843 0
      vertex -0.49651 -4.72398 19.5
      vertex -0.331343 -4.73843 19.5
    endloop
  endfacet
  facet normal 0.0871543 0.996195 0
    outer loop
      vertex -0.49651 -4.72398 19.5
      vertex -0.331343 -4.73843 0
      vertex -0.49651 -4.72398 0
    endloop
  endfacet
  facet normal 0.45398 0.891012 -0
    outer loop
      vertex -2.08226 -4.26927 4.4
      vertex -2.22999 -4.194 19.5
      vertex -2.08226 -4.26927 19.5
    endloop
  endfacet
  facet normal 0.45398 0.891012 0
    outer loop
      vertex -2.22999 -4.194 19.5
      vertex -2.08226 -4.26927 4.4
      vertex -2.22999 -4.194 4.4
    endloop
  endfacet
  facet normal 0.292352 0.956311 -0
    outer loop
      vertex -1.30928 -4.56599 4.4
      vertex -1.46783 -4.51752 19.5
      vertex -1.30928 -4.56599 19.5
    endloop
  endfacet
  facet normal 0.292352 0.956311 0
    outer loop
      vertex -1.46783 -4.51752 19.5
      vertex -1.30928 -4.56599 4.4
      vertex -1.46783 -4.51752 4.4
    endloop
  endfacet
  facet normal 0.258807 0.965929 -0
    outer loop
      vertex -1.14913 -4.6089 4.4
      vertex -1.30928 -4.56599 19.5
      vertex -1.14913 -4.6089 19.5
    endloop
  endfacet
  facet normal 0.258807 0.965929 0
    outer loop
      vertex -1.30928 -4.56599 19.5
      vertex -1.14913 -4.6089 4.4
      vertex -1.30928 -4.56599 4.4
    endloop
  endfacet
  facet normal 0.891012 0.45398 0
    outer loop
      vertex -4.194 -2.22999 19.5
      vertex -4.26927 -2.08226 4.4
      vertex -4.26927 -2.08226 19.5
    endloop
  endfacet
  facet normal 0.891012 0.45398 0
    outer loop
      vertex -4.26927 -2.08226 4.4
      vertex -4.194 -2.22999 19.5
      vertex -4.194 -2.22999 4.4
    endloop
  endfacet
  facet normal 0.874621 0.484808 0
    outer loop
      vertex -4.11362 -2.375 19.5
      vertex -4.194 -2.22999 4.4
      vertex -4.194 -2.22999 19.5
    endloop
  endfacet
  facet normal 0.874621 0.484808 0
    outer loop
      vertex -4.194 -2.22999 4.4
      vertex -4.11362 -2.375 19.5
      vertex -4.11362 -2.375 4.4
    endloop
  endfacet
  facet normal 0.945519 0.325567 0
    outer loop
      vertex -4.46354 -1.6246 19.5
      vertex -4.51752 -1.46783 4.4
      vertex -4.51752 -1.46783 19.5
    endloop
  endfacet
  facet normal 0.945519 0.325567 0
    outer loop
      vertex -4.51752 -1.46783 4.4
      vertex -4.46354 -1.6246 19.5
      vertex -4.46354 -1.6246 4.4
    endloop
  endfacet
  facet normal 0.981622 0.190833 0
    outer loop
      vertex -4.6462 -0.98758 19.5
      vertex -4.67784 -0.824828 4.4
      vertex -4.67784 -0.824828 19.5
    endloop
  endfacet
  facet normal 0.981622 0.190833 0
    outer loop
      vertex -4.67784 -0.824828 4.4
      vertex -4.6462 -0.98758 19.5
      vertex -4.6462 -0.98758 4.4
    endloop
  endfacet
  facet normal 0.992543 0.121895 0
    outer loop
      vertex -4.70377 -0.661072 19.5
      vertex -4.72398 -0.49651 0
      vertex -4.72398 -0.49651 19.5
    endloop
  endfacet
  facet normal 0.992543 0.121895 0
    outer loop
      vertex -4.72398 -0.49651 0
      vertex -4.70377 -0.661072 19.5
      vertex -4.70377 -0.661072 0
    endloop
  endfacet
  facet normal -0.0174309 0.999848 0
    outer loop
      vertex 0.165772 -4.74711 0
      vertex 0 -4.75 19.5
      vertex 0.165772 -4.74711 19.5
    endloop
  endfacet
  facet normal -0.0174309 0.999848 0
    outer loop
      vertex 0 -4.75 19.5
      vertex 0.165772 -4.74711 0
      vertex 0 -4.75 0
    endloop
  endfacet
  facet normal -0.156397 0.987694 0
    outer loop
      vertex 0.824828 -4.67784 4.4
      vertex 0.661072 -4.70377 19.5
      vertex 0.824828 -4.67784 19.5
    endloop
  endfacet
  facet normal -0.15634 0.987703 6.2731e-07
    outer loop
      vertex 0.793682 -4.68277 4.4
      vertex 0.661072 -4.70377 19.5
      vertex 0.824828 -4.67784 4.4
    endloop
  endfacet
  facet normal -0.15641 0.987692 0
    outer loop
      vertex 0.661072 -4.70377 0
      vertex 0.793682 -4.68277 4.4
      vertex 0.793682 -4.68277 0
    endloop
  endfacet
  facet normal -0.15641 0.987692 0
    outer loop
      vertex 0.793682 -4.68277 4.4
      vertex 0.661072 -4.70377 0
      vertex 0.661072 -4.70377 19.5
    endloop
  endfacet
  facet normal -0.190833 0.981622 0
    outer loop
      vertex 0.98758 -4.6462 4.4
      vertex 0.824828 -4.67784 19.5
      vertex 0.98758 -4.6462 19.5
    endloop
  endfacet
  facet normal -0.190833 0.981622 0
    outer loop
      vertex 0.824828 -4.67784 19.5
      vertex 0.98758 -4.6462 4.4
      vertex 0.824828 -4.67784 4.4
    endloop
  endfacet
  facet normal -0.45398 0.891012 0
    outer loop
      vertex 2.22999 -4.194 4.4
      vertex 2.08226 -4.26927 19.5
      vertex 2.22999 -4.194 19.5
    endloop
  endfacet
  facet normal -0.45398 0.891012 0
    outer loop
      vertex 2.08226 -4.26927 19.5
      vertex 2.22999 -4.194 4.4
      vertex 2.08226 -4.26927 4.4
    endloop
  endfacet
  facet normal -0.390714 0.920512 0
    outer loop
      vertex 1.932 -4.33934 4.4
      vertex 1.77938 -4.40412 19.5
      vertex 1.932 -4.33934 19.5
    endloop
  endfacet
  facet normal -0.390714 0.920512 0
    outer loop
      vertex 1.77938 -4.40412 19.5
      vertex 1.932 -4.33934 4.4
      vertex 1.77938 -4.40412 4.4
    endloop
  endfacet
  facet normal -0.515019 0.857179 0
    outer loop
      vertex 2.51712 -4.02823 4.4
      vertex 2.375 -4.11362 19.5
      vertex 2.51712 -4.02823 19.5
    endloop
  endfacet
  facet normal -0.515019 0.857179 0
    outer loop
      vertex 2.375 -4.11362 19.5
      vertex 2.51712 -4.02823 4.4
      vertex 2.375 -4.11362 4.4
    endloop
  endfacet
  facet normal -0.838688 0.544613 0
    outer loop
      vertex 4.00021 -2.56027 4.4
      vertex 4.02823 -2.51712 19.5
      vertex 4.02823 -2.51712 4.4
    endloop
  endfacet
  facet normal -0.838688 0.544613 0
    outer loop
      vertex 4.02823 -2.51712 19.5
      vertex 4.00021 -2.56027 4.4
      vertex 4.00021 -2.56027 19.5
    endloop
  endfacet
  facet normal -0.933569 0.358397 0
    outer loop
      vertex 4.40412 -1.77938 4.4
      vertex 4.46354 -1.6246 19.5
      vertex 4.46354 -1.6246 4.4
    endloop
  endfacet
  facet normal -0.933569 0.358397 0
    outer loop
      vertex 4.46354 -1.6246 19.5
      vertex 4.40412 -1.77938 4.4
      vertex 4.40412 -1.77938 19.5
    endloop
  endfacet
  facet normal -0.974366 0.22497 0
    outer loop
      vertex 4.6089 -1.14913 4.4
      vertex 4.6462 -0.98758 19.5
      vertex 4.6462 -0.98758 4.4
    endloop
  endfacet
  facet normal -0.974366 0.22497 0
    outer loop
      vertex 4.6462 -0.98758 19.5
      vertex 4.6089 -1.14913 4.4
      vertex 4.6089 -1.14913 19.5
    endloop
  endfacet
  facet normal -0.996195 0.0871543 0
    outer loop
      vertex 4.72398 -0.49651 0
      vertex 4.73843 -0.331343 19.5
      vertex 4.73843 -0.331343 0
    endloop
  endfacet
  facet normal -0.996195 0.0871543 0
    outer loop
      vertex 4.73843 -0.331343 19.5
      vertex 4.72398 -0.49651 0
      vertex 4.72398 -0.49651 19.5
    endloop
  endfacet
  facet normal -0.987692 0.15641 0
    outer loop
      vertex 4.68277 -0.793682 4.4
      vertex 4.70377 -0.661072 0
      vertex 4.68277 -0.793682 0
    endloop
  endfacet
  facet normal -0.987692 0.15641 0
    outer loop
      vertex 4.70377 -0.661072 0
      vertex 4.68277 -0.793682 4.4
      vertex 4.70377 -0.661072 19.5
    endloop
  endfacet
  facet normal -0.987703 0.15634 6.2731e-07
    outer loop
      vertex 4.67784 -0.824828 4.4
      vertex 4.70377 -0.661072 19.5
      vertex 4.68277 -0.793682 4.4
    endloop
  endfacet
  facet normal -0.987694 0.156397 0
    outer loop
      vertex 4.70377 -0.661072 19.5
      vertex 4.67784 -0.824828 4.4
      vertex 4.67784 -0.824828 19.5
    endloop
  endfacet
  facet normal 0.484808 0.874621 -0
    outer loop
      vertex -2.22999 -4.194 4.4
      vertex -2.375 -4.11362 19.5
      vertex -2.22999 -4.194 19.5
    endloop
  endfacet
  facet normal 0.484808 0.874621 0
    outer loop
      vertex -2.375 -4.11362 19.5
      vertex -2.22999 -4.194 4.4
      vertex -2.375 -4.11362 4.4
    endloop
  endfacet
  facet normal 0.544613 0.838688 -0
    outer loop
      vertex -2.51712 -4.02823 4.4
      vertex -2.56027 -4.00021 19.5
      vertex -2.51712 -4.02823 19.5
    endloop
  endfacet
  facet normal 0.544613 0.838688 0
    outer loop
      vertex -2.56027 -4.00021 19.5
      vertex -2.51712 -4.02823 4.4
      vertex -2.56027 -4.00021 4.4
    endloop
  endfacet
  facet normal 0.358397 0.933569 -0
    outer loop
      vertex -1.6246 -4.46354 4.4
      vertex -1.77938 -4.40412 19.5
      vertex -1.6246 -4.46354 19.5
    endloop
  endfacet
  facet normal 0.358397 0.933569 0
    outer loop
      vertex -1.77938 -4.40412 19.5
      vertex -1.6246 -4.46354 4.4
      vertex -1.77938 -4.40412 4.4
    endloop
  endfacet
  facet normal 0.22497 0.974366 -0
    outer loop
      vertex -0.98758 -4.6462 4.4
      vertex -1.14913 -4.6089 19.5
      vertex -0.98758 -4.6462 19.5
    endloop
  endfacet
  facet normal 0.22497 0.974366 0
    outer loop
      vertex -1.14913 -4.6089 19.5
      vertex -0.98758 -4.6462 4.4
      vertex -1.14913 -4.6089 4.4
    endloop
  endfacet
  facet normal 0.121895 0.992543 -0
    outer loop
      vertex -0.49651 -4.72398 0
      vertex -0.661072 -4.70377 19.5
      vertex -0.49651 -4.72398 19.5
    endloop
  endfacet
  facet normal 0.121895 0.992543 0
    outer loop
      vertex -0.661072 -4.70377 19.5
      vertex -0.49651 -4.72398 0
      vertex -0.661072 -4.70377 0
    endloop
  endfacet
  facet normal 0.0523527 0.998629 -0
    outer loop
      vertex -0.165772 -4.74711 0
      vertex -0.331343 -4.73843 19.5
      vertex -0.165772 -4.74711 19.5
    endloop
  endfacet
  facet normal 0.0523527 0.998629 0
    outer loop
      vertex -0.331343 -4.73843 19.5
      vertex -0.165772 -4.74711 0
      vertex -0.331343 -4.73843 0
    endloop
  endfacet
  facet normal 0.920512 0.390714 0
    outer loop
      vertex -4.33934 -1.932 19.5
      vertex -4.40412 -1.77938 4.4
      vertex -4.40412 -1.77938 19.5
    endloop
  endfacet
  facet normal 0.920512 0.390714 0
    outer loop
      vertex -4.40412 -1.77938 4.4
      vertex -4.33934 -1.932 19.5
      vertex -4.33934 -1.932 4.4
    endloop
  endfacet
  facet normal 0.857179 0.515019 0
    outer loop
      vertex -4.02823 -2.51712 19.5
      vertex -4.11362 -2.375 4.4
      vertex -4.11362 -2.375 19.5
    endloop
  endfacet
  facet normal 0.857179 0.515019 0
    outer loop
      vertex -4.11362 -2.375 4.4
      vertex -4.02823 -2.51712 19.5
      vertex -4.02823 -2.51712 4.4
    endloop
  endfacet
  facet normal 0.933569 0.358397 0
    outer loop
      vertex -4.40412 -1.77938 19.5
      vertex -4.46354 -1.6246 4.4
      vertex -4.46354 -1.6246 19.5
    endloop
  endfacet
  facet normal 0.933569 0.358397 0
    outer loop
      vertex -4.46354 -1.6246 4.4
      vertex -4.40412 -1.77938 19.5
      vertex -4.40412 -1.77938 4.4
    endloop
  endfacet
  facet normal 0.965929 0.258807 0
    outer loop
      vertex -4.56599 -1.30928 19.5
      vertex -4.6089 -1.14913 4.4
      vertex -4.6089 -1.14913 19.5
    endloop
  endfacet
  facet normal 0.965929 0.258807 0
    outer loop
      vertex -4.6089 -1.14913 4.4
      vertex -4.56599 -1.30928 19.5
      vertex -4.56599 -1.30928 4.4
    endloop
  endfacet
  facet normal 0.996195 0.0871543 0
    outer loop
      vertex -4.72398 -0.49651 19.5
      vertex -4.73843 -0.331343 0
      vertex -4.73843 -0.331343 19.5
    endloop
  endfacet
  facet normal 0.996195 0.0871543 0
    outer loop
      vertex -4.73843 -0.331343 0
      vertex -4.72398 -0.49651 19.5
      vertex -4.72398 -0.49651 0
    endloop
  endfacet
  facet normal 0.999848 0.0174309 0
    outer loop
      vertex -4.74711 -0.165772 19.5
      vertex -4.75 0 0
      vertex -4.75 0 19.5
    endloop
  endfacet
  facet normal 0.999848 0.0174309 0
    outer loop
      vertex -4.75 0 0
      vertex -4.74711 -0.165772 19.5
      vertex -4.74711 -0.165772 0
    endloop
  endfacet
  facet normal 0.987692 0.15641 0
    outer loop
      vertex -4.70377 -0.661072 19.5
      vertex -4.68277 -0.793682 4.4
      vertex -4.70377 -0.661072 0
    endloop
  endfacet
  facet normal 0.987694 0.156397 1.19312e-07
    outer loop
      vertex -4.67784 -0.824828 19.5
      vertex -4.68277 -0.793682 4.4
      vertex -4.70377 -0.661072 19.5
    endloop
  endfacet
  facet normal 0.987703 0.15634 0
    outer loop
      vertex -4.68277 -0.793682 4.4
      vertex -4.67784 -0.824828 19.5
      vertex -4.67784 -0.824828 4.4
    endloop
  endfacet
  facet normal 0.987692 0.15641 0
    outer loop
      vertex -4.70377 -0.661072 0
      vertex -4.68277 -0.793682 4.4
      vertex -4.68277 -0.793682 0
    endloop
  endfacet
  facet normal -0.0523527 0.998629 0
    outer loop
      vertex 0.331343 -4.73843 0
      vertex 0.165772 -4.74711 19.5
      vertex 0.331343 -4.73843 19.5
    endloop
  endfacet
  facet normal -0.0523527 0.998629 0
    outer loop
      vertex 0.165772 -4.74711 19.5
      vertex 0.331343 -4.73843 0
      vertex 0.165772 -4.74711 0
    endloop
  endfacet
  facet normal -0.358397 0.933569 0
    outer loop
      vertex 1.77938 -4.40412 4.4
      vertex 1.6246 -4.46354 19.5
      vertex 1.77938 -4.40412 19.5
    endloop
  endfacet
  facet normal -0.358397 0.933569 0
    outer loop
      vertex 1.6246 -4.46354 19.5
      vertex 1.77938 -4.40412 4.4
      vertex 1.6246 -4.46354 4.4
    endloop
  endfacet
  facet normal -0.22497 0.974366 0
    outer loop
      vertex 1.14913 -4.6089 4.4
      vertex 0.98758 -4.6462 19.5
      vertex 1.14913 -4.6089 19.5
    endloop
  endfacet
  facet normal -0.22497 0.974366 0
    outer loop
      vertex 0.98758 -4.6462 19.5
      vertex 1.14913 -4.6089 4.4
      vertex 0.98758 -4.6462 4.4
    endloop
  endfacet
  facet normal -0.422631 0.906302 0
    outer loop
      vertex 2.08226 -4.26927 4.4
      vertex 1.932 -4.33934 19.5
      vertex 2.08226 -4.26927 19.5
    endloop
  endfacet
  facet normal -0.422631 0.906302 0
    outer loop
      vertex 1.932 -4.33934 19.5
      vertex 2.08226 -4.26927 4.4
      vertex 1.932 -4.33934 4.4
    endloop
  endfacet
  facet normal -0.544613 0.838688 0
    outer loop
      vertex 2.56027 -4.00021 4.4
      vertex 2.51712 -4.02823 19.5
      vertex 2.56027 -4.00021 19.5
    endloop
  endfacet
  facet normal -0.544613 0.838688 0
    outer loop
      vertex 2.51712 -4.02823 19.5
      vertex 2.56027 -4.00021 4.4
      vertex 2.51712 -4.02823 4.4
    endloop
  endfacet
  facet normal -0.920512 0.390714 0
    outer loop
      vertex 4.33934 -1.932 4.4
      vertex 4.40412 -1.77938 19.5
      vertex 4.40412 -1.77938 4.4
    endloop
  endfacet
  facet normal -0.920512 0.390714 0
    outer loop
      vertex 4.40412 -1.77938 19.5
      vertex 4.33934 -1.932 4.4
      vertex 4.33934 -1.932 19.5
    endloop
  endfacet
  facet normal -0.857179 0.515019 0
    outer loop
      vertex 4.02823 -2.51712 4.4
      vertex 4.11362 -2.375 19.5
      vertex 4.11362 -2.375 4.4
    endloop
  endfacet
  facet normal -0.857179 0.515019 0
    outer loop
      vertex 4.11362 -2.375 19.5
      vertex 4.02823 -2.51712 4.4
      vertex 4.02823 -2.51712 19.5
    endloop
  endfacet
  facet normal -0.945519 0.325567 0
    outer loop
      vertex 4.46354 -1.6246 4.4
      vertex 4.51752 -1.46783 19.5
      vertex 4.51752 -1.46783 4.4
    endloop
  endfacet
  facet normal -0.945519 0.325567 0
    outer loop
      vertex 4.51752 -1.46783 19.5
      vertex 4.46354 -1.6246 4.4
      vertex 4.46354 -1.6246 19.5
    endloop
  endfacet
  facet normal -0.981622 0.190833 0
    outer loop
      vertex 4.6462 -0.98758 4.4
      vertex 4.67784 -0.824828 19.5
      vertex 4.67784 -0.824828 4.4
    endloop
  endfacet
  facet normal -0.981622 0.190833 0
    outer loop
      vertex 4.67784 -0.824828 19.5
      vertex 4.6462 -0.98758 4.4
      vertex 4.6462 -0.98758 19.5
    endloop
  endfacet
  facet normal -0.998629 0.0523527 0
    outer loop
      vertex 4.73843 -0.331343 0
      vertex 4.74711 -0.165772 19.5
      vertex 4.74711 -0.165772 0
    endloop
  endfacet
  facet normal -0.998629 0.0523527 0
    outer loop
      vertex 4.74711 -0.165772 19.5
      vertex 4.73843 -0.331343 0
      vertex 4.73843 -0.331343 19.5
    endloop
  endfacet
  facet normal -0.992543 0.121895 0
    outer loop
      vertex 4.70377 -0.661072 0
      vertex 4.72398 -0.49651 19.5
      vertex 4.72398 -0.49651 0
    endloop
  endfacet
  facet normal -0.992543 0.121895 0
    outer loop
      vertex 4.72398 -0.49651 19.5
      vertex 4.70377 -0.661072 0
      vertex 4.70377 -0.661072 19.5
    endloop
  endfacet
  facet normal 0.390714 0.920512 -0
    outer loop
      vertex -1.77938 -4.40412 4.4
      vertex -1.932 -4.33934 19.5
      vertex -1.77938 -4.40412 19.5
    endloop
  endfacet
  facet normal 0.390714 0.920512 0
    outer loop
      vertex -1.932 -4.33934 19.5
      vertex -1.77938 -4.40412 4.4
      vertex -1.932 -4.33934 4.4
    endloop
  endfacet
  facet normal 0.515019 0.857179 -0
    outer loop
      vertex -2.375 -4.11362 4.4
      vertex -2.51712 -4.02823 19.5
      vertex -2.375 -4.11362 19.5
    endloop
  endfacet
  facet normal 0.515019 0.857179 0
    outer loop
      vertex -2.51712 -4.02823 19.5
      vertex -2.375 -4.11362 4.4
      vertex -2.51712 -4.02823 4.4
    endloop
  endfacet
  facet normal 0.325567 0.945519 -0
    outer loop
      vertex -1.46783 -4.51752 4.4
      vertex -1.6246 -4.46354 19.5
      vertex -1.46783 -4.51752 19.5
    endloop
  endfacet
  facet normal 0.325567 0.945519 0
    outer loop
      vertex -1.6246 -4.46354 19.5
      vertex -1.46783 -4.51752 4.4
      vertex -1.6246 -4.46354 4.4
    endloop
  endfacet
  facet normal 0.190833 0.981622 -0
    outer loop
      vertex -0.824828 -4.67784 4.4
      vertex -0.98758 -4.6462 19.5
      vertex -0.824828 -4.67784 19.5
    endloop
  endfacet
  facet normal 0.190833 0.981622 0
    outer loop
      vertex -0.98758 -4.6462 19.5
      vertex -0.824828 -4.67784 4.4
      vertex -0.98758 -4.6462 4.4
    endloop
  endfacet
  facet normal 0.0174309 0.999848 -0
    outer loop
      vertex 0 -4.75 0
      vertex -0.165772 -4.74711 19.5
      vertex 0 -4.75 19.5
    endloop
  endfacet
  facet normal 0.0174309 0.999848 0
    outer loop
      vertex -0.165772 -4.74711 19.5
      vertex 0 -4.75 0
      vertex -0.165772 -4.74711 0
    endloop
  endfacet
  facet normal 0.906302 0.422631 0
    outer loop
      vertex -4.26927 -2.08226 19.5
      vertex -4.33934 -1.932 4.4
      vertex -4.33934 -1.932 19.5
    endloop
  endfacet
  facet normal 0.906302 0.422631 0
    outer loop
      vertex -4.33934 -1.932 4.4
      vertex -4.26927 -2.08226 19.5
      vertex -4.26927 -2.08226 4.4
    endloop
  endfacet
  facet normal 0.838688 0.544613 0
    outer loop
      vertex -4.00021 -2.56027 19.5
      vertex -4.02823 -2.51712 4.4
      vertex -4.02823 -2.51712 19.5
    endloop
  endfacet
  facet normal 0.838688 0.544613 0
    outer loop
      vertex -4.02823 -2.51712 4.4
      vertex -4.00021 -2.56027 19.5
      vertex -4.00021 -2.56027 4.4
    endloop
  endfacet
  facet normal 0.974366 0.22497 0
    outer loop
      vertex -4.6089 -1.14913 19.5
      vertex -4.6462 -0.98758 4.4
      vertex -4.6462 -0.98758 19.5
    endloop
  endfacet
  facet normal 0.974366 0.22497 0
    outer loop
      vertex -4.6462 -0.98758 4.4
      vertex -4.6089 -1.14913 19.5
      vertex -4.6089 -1.14913 4.4
    endloop
  endfacet
  facet normal 0.998629 0.0523527 0
    outer loop
      vertex -4.73843 -0.331343 19.5
      vertex -4.74711 -0.165772 0
      vertex -4.74711 -0.165772 19.5
    endloop
  endfacet
  facet normal 0.998629 0.0523527 0
    outer loop
      vertex -4.74711 -0.165772 0
      vertex -4.73843 -0.331343 19.5
      vertex -4.73843 -0.331343 0
    endloop
  endfacet
  facet normal -0.999848 0.0174309 0
    outer loop
      vertex 4.74711 -0.165772 0
      vertex 4.75 0 19.5
      vertex 4.75 0 0
    endloop
  endfacet
  facet normal -0.999848 0.0174309 0
    outer loop
      vertex 4.75 0 19.5
      vertex 4.74711 -0.165772 0
      vertex 4.74711 -0.165772 19.5
    endloop
  endfacet
  facet normal 0 1 0
    outer loop
      vertex -4.75 0 19.5
      vertex -5.9 0 11.5
      vertex -5.9 0 19.5
    endloop
  endfacet
  facet normal 0 1 0
    outer loop
      vertex -5.9 0 11.5
      vertex -13.2056 0 9.5
      vertex -12.5 0 11.5
    endloop
  endfacet
  facet normal 0 1 0
    outer loop
      vertex -4.75 0 0
      vertex -13.2056 0 9.5
      vertex -5.9 0 11.5
    endloop
  endfacet
  facet normal 0 1 -0
    outer loop
      vertex -4.75 0 0
      vertex -5.9 0 11.5
      vertex -4.75 0 19.5
    endloop
  endfacet
  facet normal 0 1 0
    outer loop
      vertex -13.2056 0 9.5
      vertex -4.75 0 0
      vertex -15.4056 0 7.29999
    endloop
  endfacet
  facet normal 0 1 0
    outer loop
      vertex -15.4056 0 7.29999
      vertex -4.75 0 0
      vertex -15.4056 0 0
    endloop
  endfacet
  facet normal 0 1 -0
    outer loop
      vertex -12.5 0 11.5
      vertex -14.5056 0 14.2
      vertex -12.5 0 14.2
    endloop
  endfacet
  facet normal 0 1 0
    outer loop
      vertex -14.5056 0 14.2
      vertex -12.5 0 11.5
      vertex -15.4056 0 13.3
    endloop
  endfacet
  facet normal 0 1 0
    outer loop
      vertex -15.4056 0 13.3
      vertex -12.5 0 11.5
      vertex -15.4056 0 11.7
    endloop
  endfacet
  facet normal 0 1 0
    outer loop
      vertex -15.4056 0 11.7
      vertex -12.5 0 11.5
      vertex -13.2056 0 9.5
    endloop
  endfacet
  facet normal 0 1 0
    outer loop
      vertex 12.5 0 5.5
      vertex 14.5056 0 8.2
      vertex 15.4056 0 7.29999
    endloop
  endfacet
  facet normal 0 1 0
    outer loop
      vertex 14.5056 0 8.2
      vertex 12.5 0 5.5
      vertex 12.5 0 8.2
    endloop
  endfacet
  facet normal 0 1 0
    outer loop
      vertex 4.75 0 0
      vertex 12.5 0 5.5
      vertex 15.4056 0 0
    endloop
  endfacet
  facet normal 0 1 -0
    outer loop
      vertex 15.4056 0 0
      vertex 12.5 0 5.5
      vertex 15.4056 0 7.29999
    endloop
  endfacet
  facet normal 0 1 -0
    outer loop
      vertex 5.9 0 5.5
      vertex 4.75 0 19.5
      vertex 5.9 0 19.5
    endloop
  endfacet
  facet normal 0 1 0
    outer loop
      vertex 5.9 0 5.5
      vertex 4.75 0 0
      vertex 4.75 0 19.5
    endloop
  endfacet
  facet normal 0 1 0
    outer loop
      vertex 12.5 0 5.5
      vertex 4.75 0 0
      vertex 5.9 0 5.5
    endloop
  endfacet
  facet normal 0 1 -0
    outer loop
      vertex 15.4056 0 17.7
      vertex 12.5 0 19.5
      vertex 15.4056 0 19.5
    endloop
  endfacet
  facet normal 0 1 -0
    outer loop
      vertex 13.2056 0 15.5
      vertex 12.5 0 19.5
      vertex 15.4056 0 17.7
    endloop
  endfacet
  facet normal 0 1 0
    outer loop
      vertex 14.5056 0 10.8
      vertex 15.4056 0 13.3
      vertex 15.4056 0 11.7
    endloop
  endfacet
  facet normal 0 1 0
    outer loop
      vertex 15.4056 0 13.3
      vertex 14.5056 0 10.8
      vertex 12.5 0 10.8
    endloop
  endfacet
  facet normal 0 1 0
    outer loop
      vertex 13.2056 0 15.5
      vertex 12.5 0 10.8
      vertex 12.5 0 19.5
    endloop
  endfacet
  facet normal 0 1 0
    outer loop
      vertex 15.4056 0 13.3
      vertex 12.5 0 10.8
      vertex 13.2056 0 15.5
    endloop
  endfacet
  facet normal 0 1 0
    outer loop
      vertex -12.5 0 19.5
      vertex -15.4056 0 17.7
      vertex -15.4056 0 19.5
    endloop
  endfacet
  facet normal 0 1 0
    outer loop
      vertex -14.5056 0 16.8
      vertex -12.5 0 19.5
      vertex -12.5 0 16.8
    endloop
  endfacet
  facet normal 0 1 0
    outer loop
      vertex -12.5 0 19.5
      vertex -14.5056 0 16.8
      vertex -15.4056 0 17.7
    endloop
  endfacet
endsolid OpenSCAD_Model
