solid OpenSCAD_Model
  facet normal 0.707107 0.707107 0
    outer loop
      vertex -11.6673 -16.9706 4.4
      vertex -16.9706 -11.6673 0
      vertex -16.9706 -11.6673 4.4
    endloop
  endfacet
  facet normal 0.707107 0.707107 0
    outer loop
      vertex -16.9706 -11.6673 0
      vertex -11.6673 -16.9706 4.4
      vertex -11.6673 -16.9706 0
    endloop
  endfacet
  facet normal 0 0 -1
    outer loop
      vertex 7.03464 1.75393 4.4
      vertex 16.9706 11.6673 4.4
      vertex 7.03888 1.73558 4.4
    endloop
  endfacet
  facet normal 0 0 -1
    outer loop
      vertex 6.96915 1.99837 4.4
      vertex 16.9706 11.6673 4.4
      vertex 7.03464 1.75393 4.4
    endloop
  endfacet
  facet normal 0 0 -1
    outer loop
      vertex 6.89516 2.24037 4.4
      vertex 16.9706 11.6673 4.4
      vertex 6.96915 1.99837 4.4
    endloop
  endfacet
  facet normal 0 0 -1
    outer loop
      vertex 6.81277 2.47965 4.4
      vertex 16.9706 11.6673 4.4
      vertex 6.89516 2.24037 4.4
    endloop
  endfacet
  facet normal 0 0 -1
    outer loop
      vertex 6.72208 2.7159 4.4
      vertex 16.9706 11.6673 4.4
      vertex 6.81277 2.47965 4.4
    endloop
  endfacet
  facet normal 0 0 -1
    outer loop
      vertex 6.6232 2.94884 4.4
      vertex 16.9706 11.6673 4.4
      vertex 6.72208 2.7159 4.4
    endloop
  endfacet
  facet normal 0 0 -1
    outer loop
      vertex 6.51626 3.17819 4.4
      vertex 16.9706 11.6673 4.4
      vertex 6.6232 2.94884 4.4
    endloop
  endfacet
  facet normal 0 0 -1
    outer loop
      vertex 6.40137 3.40367 4.4
      vertex 16.9706 11.6673 4.4
      vertex 6.51626 3.17819 4.4
    endloop
  endfacet
  facet normal 0 0 -1
    outer loop
      vertex 6.27868 3.625 4.4
      vertex 16.9706 11.6673 4.4
      vertex 6.40137 3.40367 4.4
    endloop
  endfacet
  facet normal 0 0 -1
    outer loop
      vertex 6.14835 3.84191 4.4
      vertex 16.9706 11.6673 4.4
      vertex 6.27868 3.625 4.4
    endloop
  endfacet
  facet normal 0 0 -1
    outer loop
      vertex 6.01052 4.05415 4.4
      vertex 16.9706 11.6673 4.4
      vertex 6.14835 3.84191 4.4
    endloop
  endfacet
  facet normal 0 0 -1
    outer loop
      vertex 5.86537 4.26144 4.4
      vertex 16.9706 11.6673 4.4
      vertex 6.01052 4.05415 4.4
    endloop
  endfacet
  facet normal 0 0 -1
    outer loop
      vertex 5.71308 4.46354 4.4
      vertex 16.9706 11.6673 4.4
      vertex 5.86537 4.26144 4.4
    endloop
  endfacet
  facet normal 0 0 -1
    outer loop
      vertex 5.55382 4.66021 4.4
      vertex 16.9706 11.6673 4.4
      vertex 5.71308 4.46354 4.4
    endloop
  endfacet
  facet normal 0 0 -1
    outer loop
      vertex 5.3878 4.8512 4.4
      vertex 16.9706 11.6673 4.4
      vertex 5.55382 4.66021 4.4
    endloop
  endfacet
  facet normal 0 0 -1
    outer loop
      vertex 5.21521 5.03627 4.4
      vertex 16.9706 11.6673 4.4
      vertex 5.3878 4.8512 4.4
    endloop
  endfacet
  facet normal -0 0 -1
    outer loop
      vertex 16.9706 11.6673 4.4
      vertex 5.21521 5.03627 4.4
      vertex 11.6673 16.9706 4.4
    endloop
  endfacet
  facet normal 0 0 -1
    outer loop
      vertex 5.03627 5.21521 4.4
      vertex 11.6673 16.9706 4.4
      vertex 5.21521 5.03627 4.4
    endloop
  endfacet
  facet normal 0 0 -1
    outer loop
      vertex 4.8512 5.3878 4.4
      vertex 11.6673 16.9706 4.4
      vertex 5.03627 5.21521 4.4
    endloop
  endfacet
  facet normal 0 0 -1
    outer loop
      vertex 4.66021 5.55382 4.4
      vertex 11.6673 16.9706 4.4
      vertex 4.8512 5.3878 4.4
    endloop
  endfacet
  facet normal 0 0 -1
    outer loop
      vertex 4.46354 5.71308 4.4
      vertex 11.6673 16.9706 4.4
      vertex 4.66021 5.55382 4.4
    endloop
  endfacet
  facet normal 0 0 -1
    outer loop
      vertex 4.26144 5.86537 4.4
      vertex 11.6673 16.9706 4.4
      vertex 4.46354 5.71308 4.4
    endloop
  endfacet
  facet normal 0 0 -1
    outer loop
      vertex 4.05415 6.01052 4.4
      vertex 11.6673 16.9706 4.4
      vertex 4.26144 5.86537 4.4
    endloop
  endfacet
  facet normal 0 0 -1
    outer loop
      vertex 3.84191 6.14835 4.4
      vertex 11.6673 16.9706 4.4
      vertex 4.05415 6.01052 4.4
    endloop
  endfacet
  facet normal 0 0 -1
    outer loop
      vertex 3.625 6.27868 4.4
      vertex 11.6673 16.9706 4.4
      vertex 3.84191 6.14835 4.4
    endloop
  endfacet
  facet normal 0 0 -1
    outer loop
      vertex 3.40367 6.40137 4.4
      vertex 11.6673 16.9706 4.4
      vertex 3.625 6.27868 4.4
    endloop
  endfacet
  facet normal 0 0 -1
    outer loop
      vertex 3.17819 6.51626 4.4
      vertex 11.6673 16.9706 4.4
      vertex 3.40367 6.40137 4.4
    endloop
  endfacet
  facet normal 0 0 -1
    outer loop
      vertex 2.94884 6.6232 4.4
      vertex 11.6673 16.9706 4.4
      vertex 3.17819 6.51626 4.4
    endloop
  endfacet
  facet normal 0 0 -1
    outer loop
      vertex 2.7159 6.72208 4.4
      vertex 11.6673 16.9706 4.4
      vertex 2.94884 6.6232 4.4
    endloop
  endfacet
  facet normal 0 0 -1
    outer loop
      vertex 2.47965 6.81277 4.4
      vertex 11.6673 16.9706 4.4
      vertex 2.7159 6.72208 4.4
    endloop
  endfacet
  facet normal 0 0 -1
    outer loop
      vertex 2.24037 6.89516 4.4
      vertex 11.6673 16.9706 4.4
      vertex 2.47965 6.81277 4.4
    endloop
  endfacet
  facet normal 0 0 -1
    outer loop
      vertex 1.99837 6.96915 4.4
      vertex 11.6673 16.9706 4.4
      vertex 2.24037 6.89516 4.4
    endloop
  endfacet
  facet normal 0 0 -1
    outer loop
      vertex 1.75393 7.03464 4.4
      vertex 11.6673 16.9706 4.4
      vertex 1.99837 6.96915 4.4
    endloop
  endfacet
  facet normal 0 0 -1
    outer loop
      vertex 11.6673 16.9706 4.4
      vertex 1.75393 7.03464 4.4
      vertex 1.73558 7.03888 4.4
    endloop
  endfacet
  facet normal 0 0 -1
    outer loop
      vertex -11.6673 -16.9706 4.4
      vertex -1.75393 -7.03464 4.4
      vertex -1.73558 -7.03888 4.4
    endloop
  endfacet
  facet normal 0 0 -1
    outer loop
      vertex -11.6673 -16.9706 4.4
      vertex -1.99837 -6.96915 4.4
      vertex -1.75393 -7.03464 4.4
    endloop
  endfacet
  facet normal 0 0 -1
    outer loop
      vertex -11.6673 -16.9706 4.4
      vertex -2.24037 -6.89516 4.4
      vertex -1.99837 -6.96915 4.4
    endloop
  endfacet
  facet normal 0 0 -1
    outer loop
      vertex -11.6673 -16.9706 4.4
      vertex -2.47965 -6.81277 4.4
      vertex -2.24037 -6.89516 4.4
    endloop
  endfacet
  facet normal 0 0 -1
    outer loop
      vertex -11.6673 -16.9706 4.4
      vertex -2.7159 -6.72208 4.4
      vertex -2.47965 -6.81277 4.4
    endloop
  endfacet
  facet normal 0 0 -1
    outer loop
      vertex -11.6673 -16.9706 4.4
      vertex -2.94884 -6.6232 4.4
      vertex -2.7159 -6.72208 4.4
    endloop
  endfacet
  facet normal 0 0 -1
    outer loop
      vertex -11.6673 -16.9706 4.4
      vertex -3.17819 -6.51626 4.4
      vertex -2.94884 -6.6232 4.4
    endloop
  endfacet
  facet normal 0 0 -1
    outer loop
      vertex -11.6673 -16.9706 4.4
      vertex -3.40367 -6.40137 4.4
      vertex -3.17819 -6.51626 4.4
    endloop
  endfacet
  facet normal 0 0 -1
    outer loop
      vertex -11.6673 -16.9706 4.4
      vertex -3.625 -6.27868 4.4
      vertex -3.40367 -6.40137 4.4
    endloop
  endfacet
  facet normal 0 0 -1
    outer loop
      vertex -11.6673 -16.9706 4.4
      vertex -3.84191 -6.14835 4.4
      vertex -3.625 -6.27868 4.4
    endloop
  endfacet
  facet normal 0 0 -1
    outer loop
      vertex -11.6673 -16.9706 4.4
      vertex -4.05415 -6.01052 4.4
      vertex -3.84191 -6.14835 4.4
    endloop
  endfacet
  facet normal 0 0 -1
    outer loop
      vertex -11.6673 -16.9706 4.4
      vertex -4.26144 -5.86537 4.4
      vertex -4.05415 -6.01052 4.4
    endloop
  endfacet
  facet normal 0 0 -1
    outer loop
      vertex -11.6673 -16.9706 4.4
      vertex -4.46354 -5.71308 4.4
      vertex -4.26144 -5.86537 4.4
    endloop
  endfacet
  facet normal 0 0 -1
    outer loop
      vertex -11.6673 -16.9706 4.4
      vertex -4.66021 -5.55382 4.4
      vertex -4.46354 -5.71308 4.4
    endloop
  endfacet
  facet normal 0 0 -1
    outer loop
      vertex -11.6673 -16.9706 4.4
      vertex -4.8512 -5.3878 4.4
      vertex -4.66021 -5.55382 4.4
    endloop
  endfacet
  facet normal 0 0 -1
    outer loop
      vertex -11.6673 -16.9706 4.4
      vertex -5.03627 -5.21521 4.4
      vertex -4.8512 -5.3878 4.4
    endloop
  endfacet
  facet normal 0 0 -1
    outer loop
      vertex -11.6673 -16.9706 4.4
      vertex -5.21521 -5.03627 4.4
      vertex -5.03627 -5.21521 4.4
    endloop
  endfacet
  facet normal 0 0 -1
    outer loop
      vertex -16.9706 -11.6673 4.4
      vertex -5.21521 -5.03627 4.4
      vertex -11.6673 -16.9706 4.4
    endloop
  endfacet
  facet normal -0 0 -1
    outer loop
      vertex -5.21521 -5.03627 4.4
      vertex -16.9706 -11.6673 4.4
      vertex -5.3878 -4.8512 4.4
    endloop
  endfacet
  facet normal -0 0 -1
    outer loop
      vertex -5.3878 -4.8512 4.4
      vertex -16.9706 -11.6673 4.4
      vertex -5.55382 -4.66021 4.4
    endloop
  endfacet
  facet normal -0 0 -1
    outer loop
      vertex -5.55382 -4.66021 4.4
      vertex -16.9706 -11.6673 4.4
      vertex -5.71308 -4.46354 4.4
    endloop
  endfacet
  facet normal -0 0 -1
    outer loop
      vertex -5.71308 -4.46354 4.4
      vertex -16.9706 -11.6673 4.4
      vertex -5.86537 -4.26144 4.4
    endloop
  endfacet
  facet normal -0 0 -1
    outer loop
      vertex -5.86537 -4.26144 4.4
      vertex -16.9706 -11.6673 4.4
      vertex -6.01052 -4.05415 4.4
    endloop
  endfacet
  facet normal -0 0 -1
    outer loop
      vertex -6.01052 -4.05415 4.4
      vertex -16.9706 -11.6673 4.4
      vertex -6.14835 -3.84191 4.4
    endloop
  endfacet
  facet normal -0 0 -1
    outer loop
      vertex -6.14835 -3.84191 4.4
      vertex -16.9706 -11.6673 4.4
      vertex -6.27868 -3.625 4.4
    endloop
  endfacet
  facet normal -0 0 -1
    outer loop
      vertex -6.27868 -3.625 4.4
      vertex -16.9706 -11.6673 4.4
      vertex -6.40137 -3.40367 4.4
    endloop
  endfacet
  facet normal -0 0 -1
    outer loop
      vertex -6.40137 -3.40367 4.4
      vertex -16.9706 -11.6673 4.4
      vertex -6.51626 -3.17819 4.4
    endloop
  endfacet
  facet normal -0 0 -1
    outer loop
      vertex -6.51626 -3.17819 4.4
      vertex -16.9706 -11.6673 4.4
      vertex -6.6232 -2.94884 4.4
    endloop
  endfacet
  facet normal -0 0 -1
    outer loop
      vertex -6.6232 -2.94884 4.4
      vertex -16.9706 -11.6673 4.4
      vertex -6.72208 -2.7159 4.4
    endloop
  endfacet
  facet normal -0 0 -1
    outer loop
      vertex -6.72208 -2.7159 4.4
      vertex -16.9706 -11.6673 4.4
      vertex -6.81277 -2.47965 4.4
    endloop
  endfacet
  facet normal -0 0 -1
    outer loop
      vertex -6.81277 -2.47965 4.4
      vertex -16.9706 -11.6673 4.4
      vertex -6.89516 -2.24037 4.4
    endloop
  endfacet
  facet normal -0 0 -1
    outer loop
      vertex -6.89516 -2.24037 4.4
      vertex -16.9706 -11.6673 4.4
      vertex -6.96915 -1.99837 4.4
    endloop
  endfacet
  facet normal -0 0 -1
    outer loop
      vertex -6.96915 -1.99837 4.4
      vertex -16.9706 -11.6673 4.4
      vertex -7.03464 -1.75393 4.4
    endloop
  endfacet
  facet normal -0 0 -1
    outer loop
      vertex -7.03464 -1.75393 4.4
      vertex -16.9706 -11.6673 4.4
      vertex -7.03888 -1.73558 4.4
    endloop
  endfacet
  facet normal 0 0 -1
    outer loop
      vertex -1.75393 7.03464 4.4
      vertex -11.6673 16.9706 4.4
      vertex -1.73558 7.03888 4.4
    endloop
  endfacet
  facet normal 0 0 -1
    outer loop
      vertex -1.99837 6.96915 4.4
      vertex -11.6673 16.9706 4.4
      vertex -1.75393 7.03464 4.4
    endloop
  endfacet
  facet normal 0 0 -1
    outer loop
      vertex -2.24037 6.89516 4.4
      vertex -11.6673 16.9706 4.4
      vertex -1.99837 6.96915 4.4
    endloop
  endfacet
  facet normal 0 0 -1
    outer loop
      vertex -2.47965 6.81277 4.4
      vertex -11.6673 16.9706 4.4
      vertex -2.24037 6.89516 4.4
    endloop
  endfacet
  facet normal 0 0 -1
    outer loop
      vertex -2.7159 6.72208 4.4
      vertex -11.6673 16.9706 4.4
      vertex -2.47965 6.81277 4.4
    endloop
  endfacet
  facet normal 0 0 -1
    outer loop
      vertex -2.94884 6.6232 4.4
      vertex -11.6673 16.9706 4.4
      vertex -2.7159 6.72208 4.4
    endloop
  endfacet
  facet normal 0 0 -1
    outer loop
      vertex -3.17819 6.51626 4.4
      vertex -11.6673 16.9706 4.4
      vertex -2.94884 6.6232 4.4
    endloop
  endfacet
  facet normal 0 0 -1
    outer loop
      vertex -3.40367 6.40137 4.4
      vertex -11.6673 16.9706 4.4
      vertex -3.17819 6.51626 4.4
    endloop
  endfacet
  facet normal 0 0 -1
    outer loop
      vertex -3.625 6.27868 4.4
      vertex -11.6673 16.9706 4.4
      vertex -3.40367 6.40137 4.4
    endloop
  endfacet
  facet normal 0 0 -1
    outer loop
      vertex -3.84191 6.14835 4.4
      vertex -11.6673 16.9706 4.4
      vertex -3.625 6.27868 4.4
    endloop
  endfacet
  facet normal 0 0 -1
    outer loop
      vertex -4.05415 6.01052 4.4
      vertex -11.6673 16.9706 4.4
      vertex -3.84191 6.14835 4.4
    endloop
  endfacet
  facet normal 0 0 -1
    outer loop
      vertex -4.26144 5.86537 4.4
      vertex -11.6673 16.9706 4.4
      vertex -4.05415 6.01052 4.4
    endloop
  endfacet
  facet normal 0 0 -1
    outer loop
      vertex -4.46354 5.71308 4.4
      vertex -11.6673 16.9706 4.4
      vertex -4.26144 5.86537 4.4
    endloop
  endfacet
  facet normal 0 0 -1
    outer loop
      vertex -4.66021 5.55382 4.4
      vertex -11.6673 16.9706 4.4
      vertex -4.46354 5.71308 4.4
    endloop
  endfacet
  facet normal 0 0 -1
    outer loop
      vertex -4.8512 5.3878 4.4
      vertex -11.6673 16.9706 4.4
      vertex -4.66021 5.55382 4.4
    endloop
  endfacet
  facet normal 0 0 -1
    outer loop
      vertex -5.03627 5.21521 4.4
      vertex -11.6673 16.9706 4.4
      vertex -4.8512 5.3878 4.4
    endloop
  endfacet
  facet normal 0 0 -1
    outer loop
      vertex -5.21521 5.03627 4.4
      vertex -11.6673 16.9706 4.4
      vertex -5.03627 5.21521 4.4
    endloop
  endfacet
  facet normal 0 0 -1
    outer loop
      vertex -16.9706 11.6673 4.4
      vertex -5.21521 5.03627 4.4
      vertex -5.3878 4.8512 4.4
    endloop
  endfacet
  facet normal 0 0 -1
    outer loop
      vertex -16.9706 11.6673 4.4
      vertex -5.3878 4.8512 4.4
      vertex -5.55382 4.66021 4.4
    endloop
  endfacet
  facet normal 0 0 -1
    outer loop
      vertex -16.9706 11.6673 4.4
      vertex -5.55382 4.66021 4.4
      vertex -5.71308 4.46354 4.4
    endloop
  endfacet
  facet normal 0 0 -1
    outer loop
      vertex -16.9706 11.6673 4.4
      vertex -5.71308 4.46354 4.4
      vertex -5.86537 4.26144 4.4
    endloop
  endfacet
  facet normal 0 0 -1
    outer loop
      vertex -16.9706 11.6673 4.4
      vertex -5.86537 4.26144 4.4
      vertex -6.01052 4.05415 4.4
    endloop
  endfacet
  facet normal 0 0 -1
    outer loop
      vertex -16.9706 11.6673 4.4
      vertex -6.01052 4.05415 4.4
      vertex -6.14835 3.84191 4.4
    endloop
  endfacet
  facet normal 0 0 -1
    outer loop
      vertex -16.9706 11.6673 4.4
      vertex -6.14835 3.84191 4.4
      vertex -6.27868 3.625 4.4
    endloop
  endfacet
  facet normal 0 0 -1
    outer loop
      vertex -16.9706 11.6673 4.4
      vertex -6.27868 3.625 4.4
      vertex -6.40137 3.40367 4.4
    endloop
  endfacet
  facet normal 0 0 -1
    outer loop
      vertex -16.9706 11.6673 4.4
      vertex -6.40137 3.40367 4.4
      vertex -6.51626 3.17819 4.4
    endloop
  endfacet
  facet normal 0 0 -1
    outer loop
      vertex -16.9706 11.6673 4.4
      vertex -6.51626 3.17819 4.4
      vertex -6.6232 2.94884 4.4
    endloop
  endfacet
  facet normal 0 0 -1
    outer loop
      vertex -16.9706 11.6673 4.4
      vertex -6.6232 2.94884 4.4
      vertex -6.72208 2.7159 4.4
    endloop
  endfacet
  facet normal 0 0 -1
    outer loop
      vertex -16.9706 11.6673 4.4
      vertex -6.72208 2.7159 4.4
      vertex -6.81277 2.47965 4.4
    endloop
  endfacet
  facet normal 0 0 -1
    outer loop
      vertex -16.9706 11.6673 4.4
      vertex -6.81277 2.47965 4.4
      vertex -6.89516 2.24037 4.4
    endloop
  endfacet
  facet normal 0 0 -1
    outer loop
      vertex -16.9706 11.6673 4.4
      vertex -6.89516 2.24037 4.4
      vertex -6.96915 1.99837 4.4
    endloop
  endfacet
  facet normal 0 0 -1
    outer loop
      vertex -16.9706 11.6673 4.4
      vertex -6.96915 1.99837 4.4
      vertex -7.03464 1.75393 4.4
    endloop
  endfacet
  facet normal 0 0 -1
    outer loop
      vertex -16.9706 11.6673 4.4
      vertex -7.03464 1.75393 4.4
      vertex -7.03888 1.73558 4.4
    endloop
  endfacet
  facet normal 0 0 -1
    outer loop
      vertex -5.21521 5.03627 4.4
      vertex -16.9706 11.6673 4.4
      vertex -11.6673 16.9706 4.4
    endloop
  endfacet
  facet normal 0 0 -1
    outer loop
      vertex 5.21521 -5.03627 4.4
      vertex 16.9706 -11.6673 4.4
      vertex 11.6673 -16.9706 4.4
    endloop
  endfacet
  facet normal 0 0 -1
    outer loop
      vertex 16.9706 -11.6673 4.4
      vertex 7.03464 -1.75393 4.4
      vertex 7.03888 -1.73558 4.4
    endloop
  endfacet
  facet normal 0 0 -1
    outer loop
      vertex 16.9706 -11.6673 4.4
      vertex 6.96915 -1.99837 4.4
      vertex 7.03464 -1.75393 4.4
    endloop
  endfacet
  facet normal 0 0 -1
    outer loop
      vertex 16.9706 -11.6673 4.4
      vertex 6.89516 -2.24037 4.4
      vertex 6.96915 -1.99837 4.4
    endloop
  endfacet
  facet normal 0 0 -1
    outer loop
      vertex 16.9706 -11.6673 4.4
      vertex 6.81277 -2.47965 4.4
      vertex 6.89516 -2.24037 4.4
    endloop
  endfacet
  facet normal 0 0 -1
    outer loop
      vertex 16.9706 -11.6673 4.4
      vertex 6.72208 -2.7159 4.4
      vertex 6.81277 -2.47965 4.4
    endloop
  endfacet
  facet normal 0 0 -1
    outer loop
      vertex 16.9706 -11.6673 4.4
      vertex 6.6232 -2.94884 4.4
      vertex 6.72208 -2.7159 4.4
    endloop
  endfacet
  facet normal 0 0 -1
    outer loop
      vertex 16.9706 -11.6673 4.4
      vertex 6.51626 -3.17819 4.4
      vertex 6.6232 -2.94884 4.4
    endloop
  endfacet
  facet normal 0 0 -1
    outer loop
      vertex 16.9706 -11.6673 4.4
      vertex 6.40137 -3.40367 4.4
      vertex 6.51626 -3.17819 4.4
    endloop
  endfacet
  facet normal 0 0 -1
    outer loop
      vertex 16.9706 -11.6673 4.4
      vertex 6.27868 -3.625 4.4
      vertex 6.40137 -3.40367 4.4
    endloop
  endfacet
  facet normal 0 0 -1
    outer loop
      vertex 16.9706 -11.6673 4.4
      vertex 6.14835 -3.84191 4.4
      vertex 6.27868 -3.625 4.4
    endloop
  endfacet
  facet normal 0 0 -1
    outer loop
      vertex 16.9706 -11.6673 4.4
      vertex 6.01052 -4.05415 4.4
      vertex 6.14835 -3.84191 4.4
    endloop
  endfacet
  facet normal 0 0 -1
    outer loop
      vertex 16.9706 -11.6673 4.4
      vertex 5.86537 -4.26144 4.4
      vertex 6.01052 -4.05415 4.4
    endloop
  endfacet
  facet normal 0 0 -1
    outer loop
      vertex 16.9706 -11.6673 4.4
      vertex 5.71308 -4.46354 4.4
      vertex 5.86537 -4.26144 4.4
    endloop
  endfacet
  facet normal 0 0 -1
    outer loop
      vertex 16.9706 -11.6673 4.4
      vertex 5.55382 -4.66021 4.4
      vertex 5.71308 -4.46354 4.4
    endloop
  endfacet
  facet normal 0 0 -1
    outer loop
      vertex 16.9706 -11.6673 4.4
      vertex 5.3878 -4.8512 4.4
      vertex 5.55382 -4.66021 4.4
    endloop
  endfacet
  facet normal 0 0 -1
    outer loop
      vertex 16.9706 -11.6673 4.4
      vertex 5.21521 -5.03627 4.4
      vertex 5.3878 -4.8512 4.4
    endloop
  endfacet
  facet normal 0 0 -1
    outer loop
      vertex 11.6673 -16.9706 4.4
      vertex 5.03627 -5.21521 4.4
      vertex 5.21521 -5.03627 4.4
    endloop
  endfacet
  facet normal 0 0 -1
    outer loop
      vertex 11.6673 -16.9706 4.4
      vertex 4.8512 -5.3878 4.4
      vertex 5.03627 -5.21521 4.4
    endloop
  endfacet
  facet normal 0 0 -1
    outer loop
      vertex 11.6673 -16.9706 4.4
      vertex 4.66021 -5.55382 4.4
      vertex 4.8512 -5.3878 4.4
    endloop
  endfacet
  facet normal 0 0 -1
    outer loop
      vertex 11.6673 -16.9706 4.4
      vertex 4.46354 -5.71308 4.4
      vertex 4.66021 -5.55382 4.4
    endloop
  endfacet
  facet normal 0 0 -1
    outer loop
      vertex 11.6673 -16.9706 4.4
      vertex 4.26144 -5.86537 4.4
      vertex 4.46354 -5.71308 4.4
    endloop
  endfacet
  facet normal 0 0 -1
    outer loop
      vertex 11.6673 -16.9706 4.4
      vertex 4.05415 -6.01052 4.4
      vertex 4.26144 -5.86537 4.4
    endloop
  endfacet
  facet normal 0 0 -1
    outer loop
      vertex 11.6673 -16.9706 4.4
      vertex 3.84191 -6.14835 4.4
      vertex 4.05415 -6.01052 4.4
    endloop
  endfacet
  facet normal 0 0 -1
    outer loop
      vertex 11.6673 -16.9706 4.4
      vertex 3.625 -6.27868 4.4
      vertex 3.84191 -6.14835 4.4
    endloop
  endfacet
  facet normal 0 0 -1
    outer loop
      vertex 11.6673 -16.9706 4.4
      vertex 3.40367 -6.40137 4.4
      vertex 3.625 -6.27868 4.4
    endloop
  endfacet
  facet normal 0 0 -1
    outer loop
      vertex 11.6673 -16.9706 4.4
      vertex 3.17819 -6.51626 4.4
      vertex 3.40367 -6.40137 4.4
    endloop
  endfacet
  facet normal 0 0 -1
    outer loop
      vertex 11.6673 -16.9706 4.4
      vertex 2.94884 -6.6232 4.4
      vertex 3.17819 -6.51626 4.4
    endloop
  endfacet
  facet normal 0 0 -1
    outer loop
      vertex 11.6673 -16.9706 4.4
      vertex 2.7159 -6.72208 4.4
      vertex 2.94884 -6.6232 4.4
    endloop
  endfacet
  facet normal 0 0 -1
    outer loop
      vertex 11.6673 -16.9706 4.4
      vertex 2.47965 -6.81277 4.4
      vertex 2.7159 -6.72208 4.4
    endloop
  endfacet
  facet normal 0 0 -1
    outer loop
      vertex 11.6673 -16.9706 4.4
      vertex 2.24037 -6.89516 4.4
      vertex 2.47965 -6.81277 4.4
    endloop
  endfacet
  facet normal 0 0 -1
    outer loop
      vertex 11.6673 -16.9706 4.4
      vertex 1.99837 -6.96915 4.4
      vertex 2.24037 -6.89516 4.4
    endloop
  endfacet
  facet normal 0 0 -1
    outer loop
      vertex 11.6673 -16.9706 4.4
      vertex 1.75393 -7.03464 4.4
      vertex 1.99837 -6.96915 4.4
    endloop
  endfacet
  facet normal 0 -0 -1
    outer loop
      vertex 1.75393 -7.03464 4.4
      vertex 11.6673 -16.9706 4.4
      vertex 1.73558 -7.03888 4.4
    endloop
  endfacet
  facet normal -0.707107 -0.707107 0
    outer loop
      vertex 16.9706 11.6673 0
      vertex 11.6673 16.9706 4.4
      vertex 11.6673 16.9706 0
    endloop
  endfacet
  facet normal -0.707107 -0.707107 0
    outer loop
      vertex 11.6673 16.9706 4.4
      vertex 16.9706 11.6673 0
      vertex 16.9706 11.6673 4.4
    endloop
  endfacet
  facet normal 0.707107 -0.707107 0
    outer loop
      vertex 1.73558 7.03888 0
      vertex 11.6673 16.9706 4.4
      vertex 1.73558 7.03888 4.4
    endloop
  endfacet
  facet normal 0.707107 -0.707107 0
    outer loop
      vertex 11.6673 16.9706 4.4
      vertex 1.73558 7.03888 0
      vertex 11.6673 16.9706 0
    endloop
  endfacet
  facet normal 0.707107 -0.707107 0
    outer loop
      vertex -16.9706 -11.6673 4.4
      vertex -7.03888 -1.73558 0
      vertex -7.03888 -1.73558 4.4
    endloop
  endfacet
  facet normal 0.707107 -0.707107 0
    outer loop
      vertex -7.03888 -1.73558 0
      vertex -16.9706 -11.6673 4.4
      vertex -16.9706 -11.6673 0
    endloop
  endfacet
  facet normal -0.707107 0.707107 0
    outer loop
      vertex 7.03888 1.73558 0
      vertex 16.9706 11.6673 4.4
      vertex 16.9706 11.6673 0
    endloop
  endfacet
  facet normal -0.707107 0.707107 0
    outer loop
      vertex 16.9706 11.6673 4.4
      vertex 7.03888 1.73558 0
      vertex 7.03888 1.73558 4.4
    endloop
  endfacet
  facet normal -0.707107 0.707107 0
    outer loop
      vertex -1.73558 -7.03888 0
      vertex -11.6673 -16.9706 4.4
      vertex -1.73558 -7.03888 4.4
    endloop
  endfacet
  facet normal -0.707107 0.707107 0
    outer loop
      vertex -11.6673 -16.9706 4.4
      vertex -1.73558 -7.03888 0
      vertex -11.6673 -16.9706 0
    endloop
  endfacet
  facet normal 0.707107 -0.707107 0
    outer loop
      vertex -16.9706 11.6673 4.4
      vertex -11.6673 16.9706 0
      vertex -11.6673 16.9706 4.4
    endloop
  endfacet
  facet normal 0.707107 -0.707107 0
    outer loop
      vertex -11.6673 16.9706 0
      vertex -16.9706 11.6673 4.4
      vertex -16.9706 11.6673 0
    endloop
  endfacet
  facet normal -0.707107 0.707107 0
    outer loop
      vertex 11.6673 -16.9706 0
      vertex 16.9706 -11.6673 4.4
      vertex 16.9706 -11.6673 0
    endloop
  endfacet
  facet normal -0.707107 0.707107 0
    outer loop
      vertex 16.9706 -11.6673 4.4
      vertex 11.6673 -16.9706 0
      vertex 11.6673 -16.9706 4.4
    endloop
  endfacet
  facet normal -0.707107 -0.707107 0
    outer loop
      vertex -11.6673 16.9706 0
      vertex -1.73558 7.03888 4.4
      vertex -11.6673 16.9706 4.4
    endloop
  endfacet
  facet normal -0.707107 -0.707107 -0
    outer loop
      vertex -1.73558 7.03888 4.4
      vertex -11.6673 16.9706 0
      vertex -1.73558 7.03888 0
    endloop
  endfacet
  facet normal -0.707107 -0.707107 0
    outer loop
      vertex 16.9706 -11.6673 0
      vertex 7.03888 -1.73558 4.4
      vertex 7.03888 -1.73558 0
    endloop
  endfacet
  facet normal -0.707107 -0.707107 0
    outer loop
      vertex 7.03888 -1.73558 4.4
      vertex 16.9706 -11.6673 0
      vertex 16.9706 -11.6673 4.4
    endloop
  endfacet
  facet normal 0.707107 0.707107 0
    outer loop
      vertex -7.03888 1.73558 4.4
      vertex -16.9706 11.6673 0
      vertex -16.9706 11.6673 4.4
    endloop
  endfacet
  facet normal 0.707107 0.707107 0
    outer loop
      vertex -16.9706 11.6673 0
      vertex -7.03888 1.73558 4.4
      vertex -7.03888 1.73558 0
    endloop
  endfacet
  facet normal 0.707107 0.707107 -0
    outer loop
      vertex 11.6673 -16.9706 0
      vertex 1.73558 -7.03888 4.4
      vertex 11.6673 -16.9706 4.4
    endloop
  endfacet
  facet normal 0.707107 0.707107 0
    outer loop
      vertex 1.73558 -7.03888 4.4
      vertex 11.6673 -16.9706 0
      vertex 1.73558 -7.03888 0
    endloop
  endfacet
  facet normal 0.999848 0.0174284 0
    outer loop
      vertex 24 0 6.4
      vertex 23.9854 0.837587 0
      vertex 23.9854 0.837587 6.4
    endloop
  endfacet
  facet normal 0.999848 0.0174284 0
    outer loop
      vertex 23.9854 0.837587 0
      vertex 24 0 6.4
      vertex 24 0 0
    endloop
  endfacet
  facet normal -0.999848 0.0174284 0
    outer loop
      vertex -24 0 0
      vertex -23.9854 0.837587 6.4
      vertex -23.9854 0.837587 0
    endloop
  endfacet
  facet normal -0.999848 0.0174284 0
    outer loop
      vertex -23.9854 0.837587 6.4
      vertex -24 0 0
      vertex -24 0 6.4
    endloop
  endfacet
  facet normal 0.0174284 0.999848 -0
    outer loop
      vertex 0.837587 23.9854 0
      vertex 0 24 6.4
      vertex 0.837587 23.9854 6.4
    endloop
  endfacet
  facet normal 0.0174284 0.999848 0
    outer loop
      vertex 0 24 6.4
      vertex 0.837587 23.9854 0
      vertex 0 24 0
    endloop
  endfacet
  facet normal 0.707107 0.707107 0
    outer loop
      vertex 17.2642 16.6718 6.4
      vertex 16.6718 17.2642 0
      vertex 16.6718 17.2642 6.4
    endloop
  endfacet
  facet normal 0.707107 0.707107 0
    outer loop
      vertex 16.6718 17.2642 0
      vertex 17.2642 16.6718 6.4
      vertex 17.2642 16.6718 0
    endloop
  endfacet
  facet normal -0.681965 0.731385 0
    outer loop
      vertex -16.0591 17.8355 0
      vertex -16.6718 17.2642 6.4
      vertex -16.0591 17.8355 6.4
    endloop
  endfacet
  facet normal -0.681965 0.731385 0
    outer loop
      vertex -16.6718 17.2642 6.4
      vertex -16.0591 17.8355 0
      vertex -16.6718 17.2642 0
    endloop
  endfacet
  facet normal 0.920514 0.39071 0
    outer loop
      vertex 22.2524 8.99056 6.4
      vertex 21.9251 9.76168 0
      vertex 21.9251 9.76168 6.4
    endloop
  endfacet
  facet normal 0.920514 0.39071 0
    outer loop
      vertex 21.9251 9.76168 0
      vertex 22.2524 8.99056 6.4
      vertex 22.2524 8.99056 0
    endloop
  endfacet
  facet normal 0.422589 0.906322 -0
    outer loop
      vertex 10.5209 21.5711 0
      vertex 9.76168 21.9251 6.4
      vertex 10.5209 21.5711 6.4
    endloop
  endfacet
  facet normal 0.422589 0.906322 0
    outer loop
      vertex 9.76168 21.9251 6.4
      vertex 10.5209 21.5711 0
      vertex 9.76168 21.9251 0
    endloop
  endfacet
  facet normal -0.819142 0.573591 0
    outer loop
      vertex -19.8969 13.4206 0
      vertex -19.4164 14.1068 6.4
      vertex -19.4164 14.1068 0
    endloop
  endfacet
  facet normal -0.819142 0.573591 0
    outer loop
      vertex -19.4164 14.1068 6.4
      vertex -19.8969 13.4206 0
      vertex -19.8969 13.4206 6.4
    endloop
  endfacet
  facet normal 0.857208 -0.51497 0
    outer loop
      vertex 20.3532 -12.7181 6.4
      vertex 20.7846 -12 0
      vertex 20.7846 -12 6.4
    endloop
  endfacet
  facet normal 0.857208 -0.51497 0
    outer loop
      vertex 20.7846 -12 0
      vertex 20.3532 -12.7181 6.4
      vertex 20.3532 -12.7181 0
    endloop
  endfacet
  facet normal 0.224901 -0.974382 0
    outer loop
      vertex 4.98988 -23.4755 0
      vertex 5.80612 -23.2871 6.4
      vertex 4.98988 -23.4755 6.4
    endloop
  endfacet
  facet normal 0.224901 -0.974382 0
    outer loop
      vertex 5.80612 -23.2871 6.4
      vertex 4.98988 -23.4755 0
      vertex 5.80612 -23.2871 0
    endloop
  endfacet
  facet normal 0.681965 -0.731385 0
    outer loop
      vertex 16.0591 -17.8355 0
      vertex 16.6718 -17.2642 6.4
      vertex 16.0591 -17.8355 6.4
    endloop
  endfacet
  facet normal 0.681965 -0.731385 0
    outer loop
      vertex 16.6718 -17.2642 6.4
      vertex 16.0591 -17.8355 0
      vertex 16.6718 -17.2642 0
    endloop
  endfacet
  facet normal -0.39071 -0.920514 0
    outer loop
      vertex -9.76168 -21.9251 0
      vertex -8.99056 -22.2524 6.4
      vertex -9.76168 -21.9251 6.4
    endloop
  endfacet
  facet normal -0.39071 -0.920514 -0
    outer loop
      vertex -8.99056 -22.2524 6.4
      vertex -9.76168 -21.9251 0
      vertex -8.99056 -22.2524 0
    endloop
  endfacet
  facet normal -0.981614 -0.190875 0
    outer loop
      vertex -23.4755 -4.98988 0
      vertex -23.6354 -4.16756 6.4
      vertex -23.6354 -4.16756 0
    endloop
  endfacet
  facet normal -0.981614 -0.190875 0
    outer loop
      vertex -23.6354 -4.16756 6.4
      vertex -23.4755 -4.98988 0
      vertex -23.4755 -4.98988 6.4
    endloop
  endfacet
  facet normal 0.974382 0.224901 0
    outer loop
      vertex 23.4755 4.98988 6.4
      vertex 23.2871 5.80612 0
      vertex 23.2871 5.80612 6.4
    endloop
  endfacet
  facet normal 0.974382 0.224901 0
    outer loop
      vertex 23.2871 5.80612 0
      vertex 23.4755 4.98988 6.4
      vertex 23.4755 4.98988 0
    endloop
  endfacet
  facet normal 0.874641 0.484771 0
    outer loop
      vertex 21.1907 11.2673 6.4
      vertex 20.7846 12 0
      vertex 20.7846 12 6.4
    endloop
  endfacet
  facet normal 0.874641 0.484771 0
    outer loop
      vertex 20.7846 12 0
      vertex 21.1907 11.2673 6.4
      vertex 21.1907 11.2673 0
    endloop
  endfacet
  facet normal 0.754688 0.656084 0
    outer loop
      vertex 18.3851 15.4269 6.4
      vertex 17.8355 16.0591 0
      vertex 17.8355 16.0591 6.4
    endloop
  endfacet
  facet normal 0.754688 0.656084 0
    outer loop
      vertex 17.8355 16.0591 0
      vertex 18.3851 15.4269 6.4
      vertex 18.3851 15.4269 0
    endloop
  endfacet
  facet normal 0.224901 0.974382 -0
    outer loop
      vertex 5.80612 23.2871 0
      vertex 4.98988 23.4755 6.4
      vertex 5.80612 23.2871 6.4
    endloop
  endfacet
  facet normal 0.224901 0.974382 0
    outer loop
      vertex 4.98988 23.4755 6.4
      vertex 5.80612 23.2871 0
      vertex 4.98988 23.4755 0
    endloop
  endfacet
  facet normal 0.629342 0.777128 -0
    outer loop
      vertex 15.4269 18.3851 0
      vertex 14.7759 18.9123 6.4
      vertex 15.4269 18.3851 6.4
    endloop
  endfacet
  facet normal 0.629342 0.777128 0
    outer loop
      vertex 14.7759 18.9123 6.4
      vertex 15.4269 18.3851 0
      vertex 14.7759 18.9123 0
    endloop
  endfacet
  facet normal 0.454076 0.890963 -0
    outer loop
      vertex 11.2673 21.1907 0
      vertex 10.5209 21.5711 6.4
      vertex 11.2673 21.1907 6.4
    endloop
  endfacet
  facet normal 0.454076 0.890963 0
    outer loop
      vertex 10.5209 21.5711 6.4
      vertex 11.2673 21.1907 0
      vertex 10.5209 21.5711 0
    endloop
  endfacet
  facet normal -0.51497 0.857208 0
    outer loop
      vertex -12 20.7846 0
      vertex -12.7181 20.3532 6.4
      vertex -12 20.7846 6.4
    endloop
  endfacet
  facet normal -0.51497 0.857208 0
    outer loop
      vertex -12.7181 20.3532 6.4
      vertex -12 20.7846 0
      vertex -12.7181 20.3532 0
    endloop
  endfacet
  facet normal -0.601737 0.798695 0
    outer loop
      vertex -14.1068 19.4164 0
      vertex -14.7759 18.9123 6.4
      vertex -14.1068 19.4164 6.4
    endloop
  endfacet
  facet normal -0.601737 0.798695 0
    outer loop
      vertex -14.7759 18.9123 6.4
      vertex -14.1068 19.4164 0
      vertex -14.7759 18.9123 0
    endloop
  endfacet
  facet normal -0.0871427 0.996196 0
    outer loop
      vertex -1.67416 23.9415 0
      vertex -2.50868 23.8685 6.4
      vertex -1.67416 23.9415 6.4
    endloop
  endfacet
  facet normal -0.0871427 0.996196 0
    outer loop
      vertex -2.50868 23.8685 6.4
      vertex -1.67416 23.9415 0
      vertex -2.50868 23.8685 0
    endloop
  endfacet
  facet normal 0.981614 -0.190875 0
    outer loop
      vertex 23.4755 -4.98988 6.4
      vertex 23.6354 -4.16756 0
      vertex 23.6354 -4.16756 6.4
    endloop
  endfacet
  facet normal 0.981614 -0.190875 0
    outer loop
      vertex 23.6354 -4.16756 0
      vertex 23.4755 -4.98988 6.4
      vertex 23.4755 -4.98988 0
    endloop
  endfacet
  facet normal 0.987697 -0.156378 0
    outer loop
      vertex 23.6354 -4.16756 6.4
      vertex 23.7664 -3.34015 0
      vertex 23.7664 -3.34015 6.4
    endloop
  endfacet
  facet normal 0.987697 -0.156378 0
    outer loop
      vertex 23.7664 -3.34015 0
      vertex 23.6354 -4.16756 6.4
      vertex 23.6354 -4.16756 0
    endloop
  endfacet
  facet normal -0.920514 -0.39071 0
    outer loop
      vertex -21.9251 -9.76168 0
      vertex -22.2524 -8.99056 6.4
      vertex -22.2524 -8.99056 0
    endloop
  endfacet
  facet normal -0.920514 -0.39071 0
    outer loop
      vertex -22.2524 -8.99056 6.4
      vertex -21.9251 -9.76168 0
      vertex -21.9251 -9.76168 6.4
    endloop
  endfacet
  facet normal 0.996196 0.0871427 0
    outer loop
      vertex 23.9415 1.67416 6.4
      vertex 23.8685 2.50868 0
      vertex 23.8685 2.50868 6.4
    endloop
  endfacet
  facet normal 0.996196 0.0871427 0
    outer loop
      vertex 23.8685 2.50868 0
      vertex 23.9415 1.67416 6.4
      vertex 23.9415 1.67416 0
    endloop
  endfacet
  facet normal 0.998626 0.0524039 0
    outer loop
      vertex 23.9854 0.837587 6.4
      vertex 23.9415 1.67416 0
      vertex 23.9415 1.67416 6.4
    endloop
  endfacet
  facet normal 0.998626 0.0524039 0
    outer loop
      vertex 23.9415 1.67416 0
      vertex 23.9854 0.837587 6.4
      vertex 23.9854 0.837587 0
    endloop
  endfacet
  facet normal 0.981614 0.190875 0
    outer loop
      vertex 23.6354 4.16756 6.4
      vertex 23.4755 4.98988 0
      vertex 23.4755 4.98988 6.4
    endloop
  endfacet
  facet normal 0.981614 0.190875 0
    outer loop
      vertex 23.4755 4.98988 0
      vertex 23.6354 4.16756 6.4
      vertex 23.6354 4.16756 0
    endloop
  endfacet
  facet normal 0.933585 0.358355 0
    outer loop
      vertex 22.5526 8.20848 6.4
      vertex 22.2524 8.99056 0
      vertex 22.2524 8.99056 6.4
    endloop
  endfacet
  facet normal 0.933585 0.358355 0
    outer loop
      vertex 22.2524 8.99056 0
      vertex 22.5526 8.20848 6.4
      vertex 22.5526 8.20848 0
    endloop
  endfacet
  facet normal 0.956313 0.292346 0
    outer loop
      vertex 23.0703 6.6153 6.4
      vertex 22.8254 7.41641 0
      vertex 22.8254 7.41641 6.4
    endloop
  endfacet
  facet normal 0.956313 0.292346 0
    outer loop
      vertex 22.8254 7.41641 0
      vertex 23.0703 6.6153 6.4
      vertex 23.0703 6.6153 0
    endloop
  endfacet
  facet normal 0.798695 0.601737 0
    outer loop
      vertex 19.4164 14.1068 6.4
      vertex 18.9123 14.7759 0
      vertex 18.9123 14.7759 6.4
    endloop
  endfacet
  facet normal 0.798695 0.601737 0
    outer loop
      vertex 18.9123 14.7759 0
      vertex 19.4164 14.1068 6.4
      vertex 19.4164 14.1068 0
    endloop
  endfacet
  facet normal 0.857208 0.51497 0
    outer loop
      vertex 20.7846 12 6.4
      vertex 20.3532 12.7181 0
      vertex 20.3532 12.7181 6.4
    endloop
  endfacet
  facet normal 0.857208 0.51497 0
    outer loop
      vertex 20.3532 12.7181 0
      vertex 20.7846 12 6.4
      vertex 20.7846 12 0
    endloop
  endfacet
  facet normal 0.906322 0.422589 0
    outer loop
      vertex 21.9251 9.76168 6.4
      vertex 21.5711 10.5209 0
      vertex 21.5711 10.5209 6.4
    endloop
  endfacet
  facet normal 0.906322 0.422589 0
    outer loop
      vertex 21.5711 10.5209 0
      vertex 21.9251 9.76168 6.4
      vertex 21.9251 9.76168 0
    endloop
  endfacet
  facet normal 0.121879 0.992545 -0
    outer loop
      vertex 3.34015 23.7664 0
      vertex 2.50868 23.8685 6.4
      vertex 3.34015 23.7664 6.4
    endloop
  endfacet
  facet normal 0.121879 0.992545 0
    outer loop
      vertex 2.50868 23.8685 6.4
      vertex 3.34015 23.7664 0
      vertex 2.50868 23.8685 0
    endloop
  endfacet
  facet normal 0.358355 0.933585 -0
    outer loop
      vertex 8.99056 22.2524 0
      vertex 8.20848 22.5526 6.4
      vertex 8.99056 22.2524 6.4
    endloop
  endfacet
  facet normal 0.358355 0.933585 0
    outer loop
      vertex 8.20848 22.5526 6.4
      vertex 8.99056 22.2524 0
      vertex 8.20848 22.5526 0
    endloop
  endfacet
  facet normal 0.292346 0.956313 -0
    outer loop
      vertex 7.41641 22.8254 0
      vertex 6.6153 23.0703 6.4
      vertex 7.41641 22.8254 6.4
    endloop
  endfacet
  facet normal 0.292346 0.956313 0
    outer loop
      vertex 6.6153 23.0703 6.4
      vertex 7.41641 22.8254 0
      vertex 6.6153 23.0703 0
    endloop
  endfacet
  facet normal 0.258798 0.965932 -0
    outer loop
      vertex 6.6153 23.0703 0
      vertex 5.80612 23.2871 6.4
      vertex 6.6153 23.0703 6.4
    endloop
  endfacet
  facet normal 0.258798 0.965932 0
    outer loop
      vertex 5.80612 23.2871 6.4
      vertex 6.6153 23.0703 0
      vertex 5.80612 23.2871 0
    endloop
  endfacet
  facet normal 0.190875 0.981614 -0
    outer loop
      vertex 4.98988 23.4755 0
      vertex 4.16756 23.6354 6.4
      vertex 4.98988 23.4755 6.4
    endloop
  endfacet
  facet normal 0.190875 0.981614 0
    outer loop
      vertex 4.16756 23.6354 6.4
      vertex 4.98988 23.4755 0
      vertex 4.16756 23.6354 0
    endloop
  endfacet
  facet normal 0.0871427 0.996196 -0
    outer loop
      vertex 2.50868 23.8685 0
      vertex 1.67416 23.9415 6.4
      vertex 2.50868 23.8685 6.4
    endloop
  endfacet
  facet normal 0.0871427 0.996196 0
    outer loop
      vertex 1.67416 23.9415 6.4
      vertex 2.50868 23.8685 0
      vertex 1.67416 23.9415 0
    endloop
  endfacet
  facet normal 0.39071 0.920514 -0
    outer loop
      vertex 9.76168 21.9251 0
      vertex 8.99056 22.2524 6.4
      vertex 9.76168 21.9251 6.4
    endloop
  endfacet
  facet normal 0.39071 0.920514 0
    outer loop
      vertex 8.99056 22.2524 6.4
      vertex 9.76168 21.9251 0
      vertex 8.99056 22.2524 0
    endloop
  endfacet
  facet normal 0.51497 0.857208 -0
    outer loop
      vertex 12.7181 20.3532 0
      vertex 12 20.7846 6.4
      vertex 12.7181 20.3532 6.4
    endloop
  endfacet
  facet normal 0.51497 0.857208 0
    outer loop
      vertex 12 20.7846 6.4
      vertex 12.7181 20.3532 0
      vertex 12 20.7846 0
    endloop
  endfacet
  facet normal 0.601737 0.798695 -0
    outer loop
      vertex 14.7759 18.9123 0
      vertex 14.1068 19.4164 6.4
      vertex 14.7759 18.9123 6.4
    endloop
  endfacet
  facet normal 0.601737 0.798695 0
    outer loop
      vertex 14.1068 19.4164 6.4
      vertex 14.7759 18.9123 0
      vertex 14.1068 19.4164 0
    endloop
  endfacet
  facet normal 0.681965 0.731385 -0
    outer loop
      vertex 16.6718 17.2642 0
      vertex 16.0591 17.8355 6.4
      vertex 16.6718 17.2642 6.4
    endloop
  endfacet
  facet normal 0.681965 0.731385 0
    outer loop
      vertex 16.0591 17.8355 6.4
      vertex 16.6718 17.2642 0
      vertex 16.0591 17.8355 0
    endloop
  endfacet
  facet normal -0.992545 0.121879 0
    outer loop
      vertex -23.8685 2.50868 0
      vertex -23.7664 3.34015 6.4
      vertex -23.7664 3.34015 0
    endloop
  endfacet
  facet normal -0.992545 0.121879 0
    outer loop
      vertex -23.7664 3.34015 6.4
      vertex -23.8685 2.50868 0
      vertex -23.8685 2.50868 6.4
    endloop
  endfacet
  facet normal -0.857208 0.51497 0
    outer loop
      vertex -20.7846 12 0
      vertex -20.3532 12.7181 6.4
      vertex -20.3532 12.7181 0
    endloop
  endfacet
  facet normal -0.857208 0.51497 0
    outer loop
      vertex -20.3532 12.7181 6.4
      vertex -20.7846 12 0
      vertex -20.7846 12 6.4
    endloop
  endfacet
  facet normal -0.906322 0.422589 0
    outer loop
      vertex -21.9251 9.76168 0
      vertex -21.5711 10.5209 6.4
      vertex -21.5711 10.5209 0
    endloop
  endfacet
  facet normal -0.906322 0.422589 0
    outer loop
      vertex -21.5711 10.5209 6.4
      vertex -21.9251 9.76168 0
      vertex -21.9251 9.76168 6.4
    endloop
  endfacet
  facet normal -0.945493 0.325641 0
    outer loop
      vertex -22.8254 7.41641 0
      vertex -22.5526 8.20848 6.4
      vertex -22.5526 8.20848 0
    endloop
  endfacet
  facet normal -0.945493 0.325641 0
    outer loop
      vertex -22.5526 8.20848 6.4
      vertex -22.8254 7.41641 0
      vertex -22.8254 7.41641 6.4
    endloop
  endfacet
  facet normal -0.956313 0.292346 0
    outer loop
      vertex -23.0703 6.6153 0
      vertex -22.8254 7.41641 6.4
      vertex -22.8254 7.41641 0
    endloop
  endfacet
  facet normal -0.956313 0.292346 0
    outer loop
      vertex -22.8254 7.41641 6.4
      vertex -23.0703 6.6153 0
      vertex -23.0703 6.6153 6.4
    endloop
  endfacet
  facet normal -0.981614 0.190875 0
    outer loop
      vertex -23.6354 4.16756 0
      vertex -23.4755 4.98988 6.4
      vertex -23.4755 4.98988 0
    endloop
  endfacet
  facet normal -0.981614 0.190875 0
    outer loop
      vertex -23.4755 4.98988 6.4
      vertex -23.6354 4.16756 0
      vertex -23.6354 4.16756 6.4
    endloop
  endfacet
  facet normal -0.996196 0.0871427 0
    outer loop
      vertex -23.9415 1.67416 0
      vertex -23.8685 2.50868 6.4
      vertex -23.8685 2.50868 0
    endloop
  endfacet
  facet normal -0.996196 0.0871427 0
    outer loop
      vertex -23.8685 2.50868 6.4
      vertex -23.9415 1.67416 0
      vertex -23.9415 1.67416 6.4
    endloop
  endfacet
  facet normal -0.422589 0.906322 0
    outer loop
      vertex -9.76168 21.9251 0
      vertex -10.5209 21.5711 6.4
      vertex -9.76168 21.9251 6.4
    endloop
  endfacet
  facet normal -0.422589 0.906322 0
    outer loop
      vertex -10.5209 21.5711 6.4
      vertex -9.76168 21.9251 0
      vertex -10.5209 21.5711 0
    endloop
  endfacet
  facet normal -0.544716 0.838621 0
    outer loop
      vertex -12.7181 20.3532 0
      vertex -13.4206 19.8969 6.4
      vertex -12.7181 20.3532 6.4
    endloop
  endfacet
  facet normal -0.544716 0.838621 0
    outer loop
      vertex -13.4206 19.8969 6.4
      vertex -12.7181 20.3532 0
      vertex -13.4206 19.8969 0
    endloop
  endfacet
  facet normal -0.358355 0.933585 0
    outer loop
      vertex -8.20848 22.5526 0
      vertex -8.99056 22.2524 6.4
      vertex -8.20848 22.5526 6.4
    endloop
  endfacet
  facet normal -0.358355 0.933585 0
    outer loop
      vertex -8.99056 22.2524 6.4
      vertex -8.20848 22.5526 0
      vertex -8.99056 22.2524 0
    endloop
  endfacet
  facet normal -0.224901 0.974382 0
    outer loop
      vertex -4.98988 23.4755 0
      vertex -5.80612 23.2871 6.4
      vertex -4.98988 23.4755 6.4
    endloop
  endfacet
  facet normal -0.224901 0.974382 0
    outer loop
      vertex -5.80612 23.2871 6.4
      vertex -4.98988 23.4755 0
      vertex -5.80612 23.2871 0
    endloop
  endfacet
  facet normal -0.258798 0.965932 0
    outer loop
      vertex -5.80612 23.2871 0
      vertex -6.6153 23.0703 6.4
      vertex -5.80612 23.2871 6.4
    endloop
  endfacet
  facet normal -0.258798 0.965932 0
    outer loop
      vertex -6.6153 23.0703 6.4
      vertex -5.80612 23.2871 0
      vertex -6.6153 23.0703 0
    endloop
  endfacet
  facet normal -0.190875 0.981614 0
    outer loop
      vertex -4.16756 23.6354 0
      vertex -4.98988 23.4755 6.4
      vertex -4.16756 23.6354 6.4
    endloop
  endfacet
  facet normal -0.190875 0.981614 0
    outer loop
      vertex -4.98988 23.4755 6.4
      vertex -4.16756 23.6354 0
      vertex -4.98988 23.4755 0
    endloop
  endfacet
  facet normal -0.0524039 0.998626 0
    outer loop
      vertex -0.837587 23.9854 0
      vertex -1.67416 23.9415 6.4
      vertex -0.837587 23.9854 6.4
    endloop
  endfacet
  facet normal -0.0524039 0.998626 0
    outer loop
      vertex -1.67416 23.9415 6.4
      vertex -0.837587 23.9854 0
      vertex -1.67416 23.9415 0
    endloop
  endfacet
  facet normal 0.325641 -0.945493 0
    outer loop
      vertex 7.41641 -22.8254 0
      vertex 8.20848 -22.5526 6.4
      vertex 7.41641 -22.8254 6.4
    endloop
  endfacet
  facet normal 0.325641 -0.945493 0
    outer loop
      vertex 8.20848 -22.5526 6.4
      vertex 7.41641 -22.8254 0
      vertex 8.20848 -22.5526 0
    endloop
  endfacet
  facet normal 0.358355 -0.933585 0
    outer loop
      vertex 8.20848 -22.5526 0
      vertex 8.99056 -22.2524 6.4
      vertex 8.20848 -22.5526 6.4
    endloop
  endfacet
  facet normal 0.358355 -0.933585 0
    outer loop
      vertex 8.99056 -22.2524 6.4
      vertex 8.20848 -22.5526 0
      vertex 8.99056 -22.2524 0
    endloop
  endfacet
  facet normal 0.707107 -0.707107 0
    outer loop
      vertex 16.6718 -17.2642 6.4
      vertex 17.2642 -16.6718 0
      vertex 17.2642 -16.6718 6.4
    endloop
  endfacet
  facet normal 0.707107 -0.707107 0
    outer loop
      vertex 17.2642 -16.6718 0
      vertex 16.6718 -17.2642 6.4
      vertex 16.6718 -17.2642 0
    endloop
  endfacet
  facet normal 0.601737 -0.798695 0
    outer loop
      vertex 14.1068 -19.4164 0
      vertex 14.7759 -18.9123 6.4
      vertex 14.1068 -19.4164 6.4
    endloop
  endfacet
  facet normal 0.601737 -0.798695 0
    outer loop
      vertex 14.7759 -18.9123 6.4
      vertex 14.1068 -19.4164 0
      vertex 14.7759 -18.9123 0
    endloop
  endfacet
  facet normal 0.484771 -0.874641 0
    outer loop
      vertex 11.2673 -21.1907 0
      vertex 12 -20.7846 6.4
      vertex 11.2673 -21.1907 6.4
    endloop
  endfacet
  facet normal 0.484771 -0.874641 0
    outer loop
      vertex 12 -20.7846 6.4
      vertex 11.2673 -21.1907 0
      vertex 12 -20.7846 0
    endloop
  endfacet
  facet normal 0.51497 -0.857208 0
    outer loop
      vertex 12 -20.7846 0
      vertex 12.7181 -20.3532 6.4
      vertex 12 -20.7846 6.4
    endloop
  endfacet
  facet normal 0.51497 -0.857208 0
    outer loop
      vertex 12.7181 -20.3532 6.4
      vertex 12 -20.7846 0
      vertex 12.7181 -20.3532 0
    endloop
  endfacet
  facet normal 0.422589 -0.906322 0
    outer loop
      vertex 9.76168 -21.9251 0
      vertex 10.5209 -21.5711 6.4
      vertex 9.76168 -21.9251 6.4
    endloop
  endfacet
  facet normal 0.422589 -0.906322 0
    outer loop
      vertex 10.5209 -21.5711 6.4
      vertex 9.76168 -21.9251 0
      vertex 10.5209 -21.5711 0
    endloop
  endfacet
  facet normal 0.731385 -0.681965 0
    outer loop
      vertex 17.2642 -16.6718 6.4
      vertex 17.8355 -16.0591 0
      vertex 17.8355 -16.0591 6.4
    endloop
  endfacet
  facet normal 0.731385 -0.681965 0
    outer loop
      vertex 17.8355 -16.0591 0
      vertex 17.2642 -16.6718 6.4
      vertex 17.2642 -16.6718 0
    endloop
  endfacet
  facet normal 0.798695 -0.601737 0
    outer loop
      vertex 18.9123 -14.7759 6.4
      vertex 19.4164 -14.1068 0
      vertex 19.4164 -14.1068 6.4
    endloop
  endfacet
  facet normal 0.798695 -0.601737 0
    outer loop
      vertex 19.4164 -14.1068 0
      vertex 18.9123 -14.7759 6.4
      vertex 18.9123 -14.7759 0
    endloop
  endfacet
  facet normal 0.906322 -0.422589 0
    outer loop
      vertex 21.5711 -10.5209 6.4
      vertex 21.9251 -9.76168 0
      vertex 21.9251 -9.76168 6.4
    endloop
  endfacet
  facet normal 0.906322 -0.422589 0
    outer loop
      vertex 21.9251 -9.76168 0
      vertex 21.5711 -10.5209 6.4
      vertex 21.5711 -10.5209 0
    endloop
  endfacet
  facet normal 0.933585 -0.358355 0
    outer loop
      vertex 22.2524 -8.99056 6.4
      vertex 22.5526 -8.20848 0
      vertex 22.5526 -8.20848 6.4
    endloop
  endfacet
  facet normal 0.933585 -0.358355 0
    outer loop
      vertex 22.5526 -8.20848 0
      vertex 22.2524 -8.99056 6.4
      vertex 22.2524 -8.99056 0
    endloop
  endfacet
  facet normal 0.974382 -0.224901 0
    outer loop
      vertex 23.2871 -5.80612 6.4
      vertex 23.4755 -4.98988 0
      vertex 23.4755 -4.98988 6.4
    endloop
  endfacet
  facet normal 0.974382 -0.224901 0
    outer loop
      vertex 23.4755 -4.98988 0
      vertex 23.2871 -5.80612 6.4
      vertex 23.2871 -5.80612 0
    endloop
  endfacet
  facet normal 0.996196 -0.0871427 0
    outer loop
      vertex 23.8685 -2.50868 6.4
      vertex 23.9415 -1.67416 0
      vertex 23.9415 -1.67416 6.4
    endloop
  endfacet
  facet normal 0.996196 -0.0871427 0
    outer loop
      vertex 23.9415 -1.67416 0
      vertex 23.8685 -2.50868 6.4
      vertex 23.8685 -2.50868 0
    endloop
  endfacet
  facet normal -0.707107 -0.707107 0
    outer loop
      vertex -16.6718 -17.2642 0
      vertex -17.2642 -16.6718 6.4
      vertex -17.2642 -16.6718 0
    endloop
  endfacet
  facet normal -0.707107 -0.707107 0
    outer loop
      vertex -17.2642 -16.6718 6.4
      vertex -16.6718 -17.2642 0
      vertex -16.6718 -17.2642 6.4
    endloop
  endfacet
  facet normal -0.656084 -0.754688 0
    outer loop
      vertex -16.0591 -17.8355 0
      vertex -15.4269 -18.3851 6.4
      vertex -16.0591 -17.8355 6.4
    endloop
  endfacet
  facet normal -0.656084 -0.754688 -0
    outer loop
      vertex -15.4269 -18.3851 6.4
      vertex -16.0591 -17.8355 0
      vertex -15.4269 -18.3851 0
    endloop
  endfacet
  facet normal -0.292346 -0.956313 0
    outer loop
      vertex -7.41641 -22.8254 0
      vertex -6.6153 -23.0703 6.4
      vertex -7.41641 -22.8254 6.4
    endloop
  endfacet
  facet normal -0.292346 -0.956313 -0
    outer loop
      vertex -6.6153 -23.0703 6.4
      vertex -7.41641 -22.8254 0
      vertex -6.6153 -23.0703 0
    endloop
  endfacet
  facet normal -0.190875 -0.981614 0
    outer loop
      vertex -4.98988 -23.4755 0
      vertex -4.16756 -23.6354 6.4
      vertex -4.98988 -23.4755 6.4
    endloop
  endfacet
  facet normal -0.190875 -0.981614 -0
    outer loop
      vertex -4.16756 -23.6354 6.4
      vertex -4.98988 -23.4755 0
      vertex -4.16756 -23.6354 0
    endloop
  endfacet
  facet normal -0.0871427 -0.996196 0
    outer loop
      vertex -2.50868 -23.8685 0
      vertex -1.67416 -23.9415 6.4
      vertex -2.50868 -23.8685 6.4
    endloop
  endfacet
  facet normal -0.0871427 -0.996196 -0
    outer loop
      vertex -1.67416 -23.9415 6.4
      vertex -2.50868 -23.8685 0
      vertex -1.67416 -23.9415 0
    endloop
  endfacet
  facet normal -0.933585 -0.358355 0
    outer loop
      vertex -22.2524 -8.99056 0
      vertex -22.5526 -8.20848 6.4
      vertex -22.5526 -8.20848 0
    endloop
  endfacet
  facet normal -0.933585 -0.358355 0
    outer loop
      vertex -22.5526 -8.20848 6.4
      vertex -22.2524 -8.99056 0
      vertex -22.2524 -8.99056 6.4
    endloop
  endfacet
  facet normal -0.974382 -0.224901 0
    outer loop
      vertex -23.2871 -5.80612 0
      vertex -23.4755 -4.98988 6.4
      vertex -23.4755 -4.98988 0
    endloop
  endfacet
  facet normal -0.974382 -0.224901 0
    outer loop
      vertex -23.4755 -4.98988 6.4
      vertex -23.2871 -5.80612 0
      vertex -23.2871 -5.80612 6.4
    endloop
  endfacet
  facet normal -0 0 -1
    outer loop
      vertex 23.8685 2.50868 0
      vertex 7.21028 0.757831 0
      vertex 23.7664 3.34015 0
    endloop
  endfacet
  facet normal 0 0 -1
    outer loop
      vertex 23.4755 -4.98988 0
      vertex 7.24558 -0.253021 0
      vertex 7.25 0 0
    endloop
  endfacet
  facet normal 0 0 -1
    outer loop
      vertex 23.4755 -4.98988 0
      vertex 7.23234 -0.505733 0
      vertex 7.24558 -0.253021 0
    endloop
  endfacet
  facet normal 0 0 -1
    outer loop
      vertex 23.4755 -4.98988 0
      vertex 7.21028 -0.757831 0
      vertex 7.23234 -0.505733 0
    endloop
  endfacet
  facet normal 0 0 -1
    outer loop
      vertex 23.4755 -4.98988 0
      vertex 7.17944 -1.009 0
      vertex 7.21028 -0.757831 0
    endloop
  endfacet
  facet normal 0 0 -1
    outer loop
      vertex 23.4755 -4.98988 0
      vertex 7.13986 -1.25895 0
      vertex 7.17944 -1.009 0
    endloop
  endfacet
  facet normal 0 0 -1
    outer loop
      vertex 23.4755 -4.98988 0
      vertex 7.09157 -1.50736 0
      vertex 7.13986 -1.25895 0
    endloop
  endfacet
  facet normal 0 -0 -1
    outer loop
      vertex 7.09157 -1.50736 0
      vertex 16.9706 -11.6673 0
      vertex 7.03888 -1.73558 0
    endloop
  endfacet
  facet normal 0 0 -1
    outer loop
      vertex 23.9415 -1.67416 0
      vertex 7.25 0 0
      vertex 23.9854 -0.837587 0
    endloop
  endfacet
  facet normal 0 0 -1
    outer loop
      vertex 23.8685 -2.50868 0
      vertex 7.25 0 0
      vertex 23.9415 -1.67416 0
    endloop
  endfacet
  facet normal 0 0 -1
    outer loop
      vertex 23.9854 -0.837587 0
      vertex 7.25 0 0
      vertex 24 0 0
    endloop
  endfacet
  facet normal 0 0 -1
    outer loop
      vertex 23.7664 -3.34015 0
      vertex 7.25 0 0
      vertex 23.8685 -2.50868 0
    endloop
  endfacet
  facet normal 0 0 -1
    outer loop
      vertex 7.25 0 0
      vertex 23.9854 0.837587 0
      vertex 24 0 0
    endloop
  endfacet
  facet normal 0 0 -1
    outer loop
      vertex 23.6354 -4.16756 0
      vertex 7.25 0 0
      vertex 23.7664 -3.34015 0
    endloop
  endfacet
  facet normal 0 0 -1
    outer loop
      vertex 7.24558 0.253021 0
      vertex 23.9854 0.837587 0
      vertex 7.25 0 0
    endloop
  endfacet
  facet normal 0 0 -1
    outer loop
      vertex 23.4755 -4.98988 0
      vertex 7.25 0 0
      vertex 23.6354 -4.16756 0
    endloop
  endfacet
  facet normal -0 0 -1
    outer loop
      vertex 23.9854 0.837587 0
      vertex 7.24558 0.253021 0
      vertex 23.9415 1.67416 0
    endloop
  endfacet
  facet normal 0 0 -1
    outer loop
      vertex 7.09157 -1.50736 0
      vertex 23.4755 -4.98988 0
      vertex 16.9706 -11.6673 0
    endloop
  endfacet
  facet normal 0 0 -1
    outer loop
      vertex 7.23234 0.505733 0
      vertex 23.9415 1.67416 0
      vertex 7.24558 0.253021 0
    endloop
  endfacet
  facet normal 0 0 -1
    outer loop
      vertex 16.9706 -11.6673 0
      vertex 23.4755 -4.98988 0
      vertex 23.2871 -5.80612 0
    endloop
  endfacet
  facet normal -0 0 -1
    outer loop
      vertex 23.9415 1.67416 0
      vertex 7.23234 0.505733 0
      vertex 23.8685 2.50868 0
    endloop
  endfacet
  facet normal 0 0 -1
    outer loop
      vertex 16.9706 -11.6673 0
      vertex 23.2871 -5.80612 0
      vertex 23.0703 -6.6153 0
    endloop
  endfacet
  facet normal 0 0 -1
    outer loop
      vertex 7.21028 0.757831 0
      vertex 23.8685 2.50868 0
      vertex 7.23234 0.505733 0
    endloop
  endfacet
  facet normal 0 0 -1
    outer loop
      vertex 16.9706 -11.6673 0
      vertex 23.0703 -6.6153 0
      vertex 22.8254 -7.41641 0
    endloop
  endfacet
  facet normal 0 0 -1
    outer loop
      vertex 23.4755 4.98988 0
      vertex 16.9706 11.6673 0
      vertex 23.2871 5.80612 0
    endloop
  endfacet
  facet normal 0 0 -1
    outer loop
      vertex 16.9706 -11.6673 0
      vertex 22.8254 -7.41641 0
      vertex 22.5526 -8.20848 0
    endloop
  endfacet
  facet normal 0 0 -1
    outer loop
      vertex 23.2871 5.80612 0
      vertex 16.9706 11.6673 0
      vertex 23.0703 6.6153 0
    endloop
  endfacet
  facet normal 0 0 -1
    outer loop
      vertex 16.9706 -11.6673 0
      vertex 22.5526 -8.20848 0
      vertex 22.2524 -8.99056 0
    endloop
  endfacet
  facet normal 0 0 -1
    outer loop
      vertex 23.0703 6.6153 0
      vertex 16.9706 11.6673 0
      vertex 22.8254 7.41641 0
    endloop
  endfacet
  facet normal 0 0 -1
    outer loop
      vertex 16.9706 -11.6673 0
      vertex 22.2524 -8.99056 0
      vertex 21.9251 -9.76168 0
    endloop
  endfacet
  facet normal 0 0 -1
    outer loop
      vertex 22.8254 7.41641 0
      vertex 16.9706 11.6673 0
      vertex 22.5526 8.20848 0
    endloop
  endfacet
  facet normal 0 0 -1
    outer loop
      vertex 16.9706 -11.6673 0
      vertex 21.9251 -9.76168 0
      vertex 21.5711 -10.5209 0
    endloop
  endfacet
  facet normal 0 0 -1
    outer loop
      vertex 22.5526 8.20848 0
      vertex 16.9706 11.6673 0
      vertex 22.2524 8.99056 0
    endloop
  endfacet
  facet normal 0 0 -1
    outer loop
      vertex 16.9706 -11.6673 0
      vertex 21.5711 -10.5209 0
      vertex 21.1907 -11.2673 0
    endloop
  endfacet
  facet normal 0 0 -1
    outer loop
      vertex 22.2524 8.99056 0
      vertex 16.9706 11.6673 0
      vertex 21.9251 9.76168 0
    endloop
  endfacet
  facet normal 0 0 -1
    outer loop
      vertex 16.9706 -11.6673 0
      vertex 21.1907 -11.2673 0
      vertex 20.7846 -12 0
    endloop
  endfacet
  facet normal 0 0 -1
    outer loop
      vertex 21.9251 9.76168 0
      vertex 16.9706 11.6673 0
      vertex 21.5711 10.5209 0
    endloop
  endfacet
  facet normal 0 0 -1
    outer loop
      vertex 16.9706 -11.6673 0
      vertex 20.7846 -12 0
      vertex 20.3532 -12.7181 0
    endloop
  endfacet
  facet normal 0 0 -1
    outer loop
      vertex 21.5711 10.5209 0
      vertex 16.9706 11.6673 0
      vertex 21.1907 11.2673 0
    endloop
  endfacet
  facet normal 0 0 -1
    outer loop
      vertex 16.9706 -11.6673 0
      vertex 20.3532 -12.7181 0
      vertex 19.8969 -13.4206 0
    endloop
  endfacet
  facet normal 0 0 -1
    outer loop
      vertex 21.1907 11.2673 0
      vertex 16.9706 11.6673 0
      vertex 20.7846 12 0
    endloop
  endfacet
  facet normal 0 0 -1
    outer loop
      vertex 16.9706 -11.6673 0
      vertex 19.8969 -13.4206 0
      vertex 19.4164 -14.1068 0
    endloop
  endfacet
  facet normal -0 0 -1
    outer loop
      vertex 20.7846 12 0
      vertex 16.9706 11.6673 0
      vertex 20.3532 12.7181 0
    endloop
  endfacet
  facet normal 0 0 -1
    outer loop
      vertex 16.9706 -11.6673 0
      vertex 19.4164 -14.1068 0
      vertex 18.9123 -14.7759 0
    endloop
  endfacet
  facet normal -0 0 -1
    outer loop
      vertex 20.3532 12.7181 0
      vertex 16.9706 11.6673 0
      vertex 19.8969 13.4206 0
    endloop
  endfacet
  facet normal 0 0 -1
    outer loop
      vertex 16.9706 -11.6673 0
      vertex 18.9123 -14.7759 0
      vertex 18.3851 -15.4269 0
    endloop
  endfacet
  facet normal -0 0 -1
    outer loop
      vertex 19.8969 13.4206 0
      vertex 16.9706 11.6673 0
      vertex 19.4164 14.1068 0
    endloop
  endfacet
  facet normal 0 0 -1
    outer loop
      vertex 16.9706 -11.6673 0
      vertex 18.3851 -15.4269 0
      vertex 17.8355 -16.0591 0
    endloop
  endfacet
  facet normal -0 0 -1
    outer loop
      vertex 19.4164 14.1068 0
      vertex 16.9706 11.6673 0
      vertex 18.9123 14.7759 0
    endloop
  endfacet
  facet normal 0 0 -1
    outer loop
      vertex 16.9706 -11.6673 0
      vertex 17.8355 -16.0591 0
      vertex 17.2642 -16.6718 0
    endloop
  endfacet
  facet normal -0 0 -1
    outer loop
      vertex 18.9123 14.7759 0
      vertex 16.9706 11.6673 0
      vertex 18.3851 15.4269 0
    endloop
  endfacet
  facet normal -0 0 -1
    outer loop
      vertex 18.3851 15.4269 0
      vertex 16.9706 11.6673 0
      vertex 17.8355 16.0591 0
    endloop
  endfacet
  facet normal 0 0 -1
    outer loop
      vertex 16.6718 -17.2642 0
      vertex 16.9706 -11.6673 0
      vertex 17.2642 -16.6718 0
    endloop
  endfacet
  facet normal 0 0 -1
    outer loop
      vertex 11.6673 -16.9706 0
      vertex 16.6718 -17.2642 0
      vertex 16.0591 -17.8355 0
    endloop
  endfacet
  facet normal 0 0 -1
    outer loop
      vertex 11.6673 -16.9706 0
      vertex 16.0591 -17.8355 0
      vertex 15.4269 -18.3851 0
    endloop
  endfacet
  facet normal 0 0 -1
    outer loop
      vertex 11.6673 -16.9706 0
      vertex 15.4269 -18.3851 0
      vertex 14.7759 -18.9123 0
    endloop
  endfacet
  facet normal 0 0 -1
    outer loop
      vertex 11.6673 -16.9706 0
      vertex 14.7759 -18.9123 0
      vertex 14.1068 -19.4164 0
    endloop
  endfacet
  facet normal 0 0 -1
    outer loop
      vertex 11.6673 -16.9706 0
      vertex 14.1068 -19.4164 0
      vertex 13.4206 -19.8969 0
    endloop
  endfacet
  facet normal 0 0 -1
    outer loop
      vertex 11.6673 -16.9706 0
      vertex 13.4206 -19.8969 0
      vertex 12.7181 -20.3532 0
    endloop
  endfacet
  facet normal 0 0 -1
    outer loop
      vertex 11.6673 -16.9706 0
      vertex 12.7181 -20.3532 0
      vertex 12 -20.7846 0
    endloop
  endfacet
  facet normal 0 0 -1
    outer loop
      vertex 16.6718 -17.2642 0
      vertex 11.6673 -16.9706 0
      vertex 16.9706 -11.6673 0
    endloop
  endfacet
  facet normal 0 0 -1
    outer loop
      vertex 11.2673 -21.1907 0
      vertex 11.6673 -16.9706 0
      vertex 12 -20.7846 0
    endloop
  endfacet
  facet normal 0 0 -1
    outer loop
      vertex 10.5209 -21.5711 0
      vertex 11.6673 -16.9706 0
      vertex 11.2673 -21.1907 0
    endloop
  endfacet
  facet normal 0 0 -1
    outer loop
      vertex 9.76168 -21.9251 0
      vertex 11.6673 -16.9706 0
      vertex 10.5209 -21.5711 0
    endloop
  endfacet
  facet normal 0 0 -1
    outer loop
      vertex 8.99056 -22.2524 0
      vertex 11.6673 -16.9706 0
      vertex 9.76168 -21.9251 0
    endloop
  endfacet
  facet normal 0 0 -1
    outer loop
      vertex 8.20848 -22.5526 0
      vertex 11.6673 -16.9706 0
      vertex 8.99056 -22.2524 0
    endloop
  endfacet
  facet normal 0 0 -1
    outer loop
      vertex 7.41641 -22.8254 0
      vertex 11.6673 -16.9706 0
      vertex 8.20848 -22.5526 0
    endloop
  endfacet
  facet normal 0 0 -1
    outer loop
      vertex 6.6153 -23.0703 0
      vertex 11.6673 -16.9706 0
      vertex 7.41641 -22.8254 0
    endloop
  endfacet
  facet normal 0 0 -1
    outer loop
      vertex 5.80612 -23.2871 0
      vertex 11.6673 -16.9706 0
      vertex 6.6153 -23.0703 0
    endloop
  endfacet
  facet normal 0 0 -1
    outer loop
      vertex 4.98988 -23.4755 0
      vertex 11.6673 -16.9706 0
      vertex 5.80612 -23.2871 0
    endloop
  endfacet
  facet normal 0 0 -1
    outer loop
      vertex 1.50736 -7.09157 0
      vertex 4.98988 -23.4755 0
      vertex 4.16756 -23.6354 0
    endloop
  endfacet
  facet normal 0 0 -1
    outer loop
      vertex 1.25895 -7.13986 0
      vertex 4.16756 -23.6354 0
      vertex 3.34015 -23.7664 0
    endloop
  endfacet
  facet normal 0 0 -1
    outer loop
      vertex 1.009 -7.17944 0
      vertex 3.34015 -23.7664 0
      vertex 2.50868 -23.8685 0
    endloop
  endfacet
  facet normal 0 0 -1
    outer loop
      vertex 4.98988 -23.4755 0
      vertex 1.50736 -7.09157 0
      vertex 11.6673 -16.9706 0
    endloop
  endfacet
  facet normal 0 0 -1
    outer loop
      vertex 0.757831 -7.21028 0
      vertex 2.50868 -23.8685 0
      vertex 1.67416 -23.9415 0
    endloop
  endfacet
  facet normal 0 0 -1
    outer loop
      vertex 11.6673 -16.9706 0
      vertex 1.50736 -7.09157 0
      vertex 1.73558 -7.03888 0
    endloop
  endfacet
  facet normal 0 0 -1
    outer loop
      vertex 4.16756 -23.6354 0
      vertex 1.25895 -7.13986 0
      vertex 1.50736 -7.09157 0
    endloop
  endfacet
  facet normal 0 0 -1
    outer loop
      vertex 3.34015 -23.7664 0
      vertex 1.009 -7.17944 0
      vertex 1.25895 -7.13986 0
    endloop
  endfacet
  facet normal 0 0 -1
    outer loop
      vertex 0.505733 -7.23234 0
      vertex 1.67416 -23.9415 0
      vertex 0.837587 -23.9854 0
    endloop
  endfacet
  facet normal 0 0 -1
    outer loop
      vertex 2.50868 -23.8685 0
      vertex 0.757831 -7.21028 0
      vertex 1.009 -7.17944 0
    endloop
  endfacet
  facet normal 0 0 -1
    outer loop
      vertex 1.67416 -23.9415 0
      vertex 0.505733 -7.23234 0
      vertex 0.757831 -7.21028 0
    endloop
  endfacet
  facet normal 0 0 -1
    outer loop
      vertex 0.837587 -23.9854 0
      vertex 0.253021 -7.24558 0
      vertex 0.505733 -7.23234 0
    endloop
  endfacet
  facet normal 0 0 -1
    outer loop
      vertex 0 -24 0
      vertex 0.253021 -7.24558 0
      vertex 0.837587 -23.9854 0
    endloop
  endfacet
  facet normal 0 0 -1
    outer loop
      vertex 0 -24 0
      vertex 0 -7.25 0
      vertex 0.253021 -7.24558 0
    endloop
  endfacet
  facet normal 0 0 -1
    outer loop
      vertex 0 -24 0
      vertex -0.253021 -7.24558 0
      vertex 0 -7.25 0
    endloop
  endfacet
  facet normal 0 0 -1
    outer loop
      vertex -0.837587 -23.9854 0
      vertex -0.253021 -7.24558 0
      vertex 0 -24 0
    endloop
  endfacet
  facet normal -0 0 -1
    outer loop
      vertex -0.253021 -7.24558 0
      vertex -0.837587 -23.9854 0
      vertex -0.505733 -7.23234 0
    endloop
  endfacet
  facet normal 0 0 -1
    outer loop
      vertex -1.67416 -23.9415 0
      vertex -0.505733 -7.23234 0
      vertex -0.837587 -23.9854 0
    endloop
  endfacet
  facet normal -0 0 -1
    outer loop
      vertex -0.505733 -7.23234 0
      vertex -1.67416 -23.9415 0
      vertex -0.757831 -7.21028 0
    endloop
  endfacet
  facet normal 0 0 -1
    outer loop
      vertex -2.50868 -23.8685 0
      vertex -0.757831 -7.21028 0
      vertex -1.67416 -23.9415 0
    endloop
  endfacet
  facet normal -0 0 -1
    outer loop
      vertex -0.757831 -7.21028 0
      vertex -2.50868 -23.8685 0
      vertex -1.009 -7.17944 0
    endloop
  endfacet
  facet normal 0 0 -1
    outer loop
      vertex -3.34015 -23.7664 0
      vertex -1.009 -7.17944 0
      vertex -2.50868 -23.8685 0
    endloop
  endfacet
  facet normal -0 0 -1
    outer loop
      vertex -1.009 -7.17944 0
      vertex -3.34015 -23.7664 0
      vertex -1.25895 -7.13986 0
    endloop
  endfacet
  facet normal 0 0 -1
    outer loop
      vertex -4.16756 -23.6354 0
      vertex -1.25895 -7.13986 0
      vertex -3.34015 -23.7664 0
    endloop
  endfacet
  facet normal -0 0 -1
    outer loop
      vertex -1.25895 -7.13986 0
      vertex -4.16756 -23.6354 0
      vertex -1.50736 -7.09157 0
    endloop
  endfacet
  facet normal 0 0 -1
    outer loop
      vertex -4.98988 -23.4755 0
      vertex -1.50736 -7.09157 0
      vertex -4.16756 -23.6354 0
    endloop
  endfacet
  facet normal -0 0 -1
    outer loop
      vertex -1.50736 -7.09157 0
      vertex -4.98988 -23.4755 0
      vertex -1.73558 -7.03888 0
    endloop
  endfacet
  facet normal 0 0 -1
    outer loop
      vertex -5.80612 -23.2871 0
      vertex -1.73558 -7.03888 0
      vertex -4.98988 -23.4755 0
    endloop
  endfacet
  facet normal 0 0 -1
    outer loop
      vertex -11.6673 -16.9706 0
      vertex -5.80612 -23.2871 0
      vertex -6.6153 -23.0703 0
    endloop
  endfacet
  facet normal 0 0 -1
    outer loop
      vertex -11.6673 -16.9706 0
      vertex -6.6153 -23.0703 0
      vertex -7.41641 -22.8254 0
    endloop
  endfacet
  facet normal 0 0 -1
    outer loop
      vertex -11.6673 -16.9706 0
      vertex -7.41641 -22.8254 0
      vertex -8.20848 -22.5526 0
    endloop
  endfacet
  facet normal 0 0 -1
    outer loop
      vertex -11.6673 -16.9706 0
      vertex -8.20848 -22.5526 0
      vertex -8.99056 -22.2524 0
    endloop
  endfacet
  facet normal 0 0 -1
    outer loop
      vertex -11.6673 -16.9706 0
      vertex -8.99056 -22.2524 0
      vertex -9.76168 -21.9251 0
    endloop
  endfacet
  facet normal 0 0 -1
    outer loop
      vertex -11.6673 -16.9706 0
      vertex -9.76168 -21.9251 0
      vertex -10.5209 -21.5711 0
    endloop
  endfacet
  facet normal 0 0 -1
    outer loop
      vertex -11.6673 -16.9706 0
      vertex -10.5209 -21.5711 0
      vertex -11.2673 -21.1907 0
    endloop
  endfacet
  facet normal 0 0 -1
    outer loop
      vertex -5.80612 -23.2871 0
      vertex -11.6673 -16.9706 0
      vertex -1.73558 -7.03888 0
    endloop
  endfacet
  facet normal 0 0 -1
    outer loop
      vertex -12 -20.7846 0
      vertex -11.6673 -16.9706 0
      vertex -11.2673 -21.1907 0
    endloop
  endfacet
  facet normal 0 0 -1
    outer loop
      vertex -12.7181 -20.3532 0
      vertex -11.6673 -16.9706 0
      vertex -12 -20.7846 0
    endloop
  endfacet
  facet normal 0 0 -1
    outer loop
      vertex -13.4206 -19.8969 0
      vertex -11.6673 -16.9706 0
      vertex -12.7181 -20.3532 0
    endloop
  endfacet
  facet normal 0 0 -1
    outer loop
      vertex -14.1068 -19.4164 0
      vertex -11.6673 -16.9706 0
      vertex -13.4206 -19.8969 0
    endloop
  endfacet
  facet normal 0 0 -1
    outer loop
      vertex -14.7759 -18.9123 0
      vertex -11.6673 -16.9706 0
      vertex -14.1068 -19.4164 0
    endloop
  endfacet
  facet normal 0 0 -1
    outer loop
      vertex -15.4269 -18.3851 0
      vertex -11.6673 -16.9706 0
      vertex -14.7759 -18.9123 0
    endloop
  endfacet
  facet normal 0 0 -1
    outer loop
      vertex -16.0591 -17.8355 0
      vertex -11.6673 -16.9706 0
      vertex -15.4269 -18.3851 0
    endloop
  endfacet
  facet normal 0 0 -1
    outer loop
      vertex -16.6718 -17.2642 0
      vertex -11.6673 -16.9706 0
      vertex -16.0591 -17.8355 0
    endloop
  endfacet
  facet normal 0 0 -1
    outer loop
      vertex -16.6718 -17.2642 0
      vertex -16.9706 -11.6673 0
      vertex -11.6673 -16.9706 0
    endloop
  endfacet
  facet normal 0 0 -1
    outer loop
      vertex -17.8355 -16.0591 0
      vertex -16.9706 -11.6673 0
      vertex -17.2642 -16.6718 0
    endloop
  endfacet
  facet normal 0 0 -1
    outer loop
      vertex -17.2642 -16.6718 0
      vertex -16.9706 -11.6673 0
      vertex -16.6718 -17.2642 0
    endloop
  endfacet
  facet normal -0 0 -1
    outer loop
      vertex 17.8355 16.0591 0
      vertex 16.9706 11.6673 0
      vertex 17.2642 16.6718 0
    endloop
  endfacet
  facet normal 0 0 -1
    outer loop
      vertex 16.9706 11.6673 0
      vertex 16.6718 17.2642 0
      vertex 17.2642 16.6718 0
    endloop
  endfacet
  facet normal 0 0 -1
    outer loop
      vertex 11.6673 16.9706 0
      vertex 16.6718 17.2642 0
      vertex 16.9706 11.6673 0
    endloop
  endfacet
  facet normal -0 0 -1
    outer loop
      vertex 16.6718 17.2642 0
      vertex 11.6673 16.9706 0
      vertex 16.0591 17.8355 0
    endloop
  endfacet
  facet normal -0 0 -1
    outer loop
      vertex 16.0591 17.8355 0
      vertex 11.6673 16.9706 0
      vertex 15.4269 18.3851 0
    endloop
  endfacet
  facet normal -0 0 -1
    outer loop
      vertex 15.4269 18.3851 0
      vertex 11.6673 16.9706 0
      vertex 14.7759 18.9123 0
    endloop
  endfacet
  facet normal -0 0 -1
    outer loop
      vertex 14.7759 18.9123 0
      vertex 11.6673 16.9706 0
      vertex 14.1068 19.4164 0
    endloop
  endfacet
  facet normal -0 0 -1
    outer loop
      vertex 14.1068 19.4164 0
      vertex 11.6673 16.9706 0
      vertex 13.4206 19.8969 0
    endloop
  endfacet
  facet normal -0 0 -1
    outer loop
      vertex 13.4206 19.8969 0
      vertex 11.6673 16.9706 0
      vertex 12.7181 20.3532 0
    endloop
  endfacet
  facet normal -0 0 -1
    outer loop
      vertex 12.7181 20.3532 0
      vertex 11.6673 16.9706 0
      vertex 12 20.7846 0
    endloop
  endfacet
  facet normal 0 0 -1
    outer loop
      vertex 11.6673 16.9706 0
      vertex 11.2673 21.1907 0
      vertex 12 20.7846 0
    endloop
  endfacet
  facet normal 0 0 -1
    outer loop
      vertex 11.6673 16.9706 0
      vertex 10.5209 21.5711 0
      vertex 11.2673 21.1907 0
    endloop
  endfacet
  facet normal 0 0 -1
    outer loop
      vertex 11.6673 16.9706 0
      vertex 9.76168 21.9251 0
      vertex 10.5209 21.5711 0
    endloop
  endfacet
  facet normal 0 0 -1
    outer loop
      vertex 11.6673 16.9706 0
      vertex 8.99056 22.2524 0
      vertex 9.76168 21.9251 0
    endloop
  endfacet
  facet normal 0 0 -1
    outer loop
      vertex 11.6673 16.9706 0
      vertex 8.20848 22.5526 0
      vertex 8.99056 22.2524 0
    endloop
  endfacet
  facet normal 0 0 -1
    outer loop
      vertex 11.6673 16.9706 0
      vertex 7.41641 22.8254 0
      vertex 8.20848 22.5526 0
    endloop
  endfacet
  facet normal 0 0 -1
    outer loop
      vertex 11.6673 16.9706 0
      vertex 6.6153 23.0703 0
      vertex 7.41641 22.8254 0
    endloop
  endfacet
  facet normal 0 0 -1
    outer loop
      vertex 11.6673 16.9706 0
      vertex 5.80612 23.2871 0
      vertex 6.6153 23.0703 0
    endloop
  endfacet
  facet normal 0 0 -1
    outer loop
      vertex 11.6673 16.9706 0
      vertex 4.98988 23.4755 0
      vertex 5.80612 23.2871 0
    endloop
  endfacet
  facet normal 0 0 -1
    outer loop
      vertex 1.50736 7.09157 0
      vertex 4.98988 23.4755 0
      vertex 11.6673 16.9706 0
    endloop
  endfacet
  facet normal -0 0 -1
    outer loop
      vertex 4.98988 23.4755 0
      vertex 1.50736 7.09157 0
      vertex 4.16756 23.6354 0
    endloop
  endfacet
  facet normal 0 0 -1
    outer loop
      vertex 1.25895 7.13986 0
      vertex 4.16756 23.6354 0
      vertex 1.50736 7.09157 0
    endloop
  endfacet
  facet normal 0 0 -1
    outer loop
      vertex 1.50736 7.09157 0
      vertex 11.6673 16.9706 0
      vertex 1.73558 7.03888 0
    endloop
  endfacet
  facet normal -0 0 -1
    outer loop
      vertex 4.16756 23.6354 0
      vertex 1.25895 7.13986 0
      vertex 3.34015 23.7664 0
    endloop
  endfacet
  facet normal 0 0 -1
    outer loop
      vertex 1.009 7.17944 0
      vertex 3.34015 23.7664 0
      vertex 1.25895 7.13986 0
    endloop
  endfacet
  facet normal -0 0 -1
    outer loop
      vertex 3.34015 23.7664 0
      vertex 1.009 7.17944 0
      vertex 2.50868 23.8685 0
    endloop
  endfacet
  facet normal 0 0 -1
    outer loop
      vertex 0.757831 7.21028 0
      vertex 2.50868 23.8685 0
      vertex 1.009 7.17944 0
    endloop
  endfacet
  facet normal -0 0 -1
    outer loop
      vertex 2.50868 23.8685 0
      vertex 0.757831 7.21028 0
      vertex 1.67416 23.9415 0
    endloop
  endfacet
  facet normal 0 0 -1
    outer loop
      vertex 0.505733 7.23234 0
      vertex 1.67416 23.9415 0
      vertex 0.757831 7.21028 0
    endloop
  endfacet
  facet normal -0 0 -1
    outer loop
      vertex 1.67416 23.9415 0
      vertex 0.505733 7.23234 0
      vertex 0.837587 23.9854 0
    endloop
  endfacet
  facet normal 0 0 -1
    outer loop
      vertex 0.253021 7.24558 0
      vertex 0.837587 23.9854 0
      vertex 0.505733 7.23234 0
    endloop
  endfacet
  facet normal 0 0 -1
    outer loop
      vertex 0 7.25 0
      vertex 0.837587 23.9854 0
      vertex 0.253021 7.24558 0
    endloop
  endfacet
  facet normal 0 0 -1
    outer loop
      vertex 0 7.25 0
      vertex 0 24 0
      vertex 0.837587 23.9854 0
    endloop
  endfacet
  facet normal 0 0 -1
    outer loop
      vertex -0.253021 7.24558 0
      vertex 0 24 0
      vertex 0 7.25 0
    endloop
  endfacet
  facet normal 0 0 -1
    outer loop
      vertex -0.837587 23.9854 0
      vertex -0.253021 7.24558 0
      vertex -0.505733 7.23234 0
    endloop
  endfacet
  facet normal 0 0 -1
    outer loop
      vertex -1.67416 23.9415 0
      vertex -0.505733 7.23234 0
      vertex -0.757831 7.21028 0
    endloop
  endfacet
  facet normal 0 0 -1
    outer loop
      vertex -0.253021 7.24558 0
      vertex -0.837587 23.9854 0
      vertex 0 24 0
    endloop
  endfacet
  facet normal 0 0 -1
    outer loop
      vertex -2.50868 23.8685 0
      vertex -0.757831 7.21028 0
      vertex -1.009 7.17944 0
    endloop
  endfacet
  facet normal 0 0 -1
    outer loop
      vertex -3.34015 23.7664 0
      vertex -1.009 7.17944 0
      vertex -1.25895 7.13986 0
    endloop
  endfacet
  facet normal 0 0 -1
    outer loop
      vertex -4.16756 23.6354 0
      vertex -1.25895 7.13986 0
      vertex -1.50736 7.09157 0
    endloop
  endfacet
  facet normal 0 0 -1
    outer loop
      vertex -0.505733 7.23234 0
      vertex -1.67416 23.9415 0
      vertex -0.837587 23.9854 0
    endloop
  endfacet
  facet normal 0 0 -1
    outer loop
      vertex -4.98988 23.4755 0
      vertex -1.50736 7.09157 0
      vertex -1.73558 7.03888 0
    endloop
  endfacet
  facet normal 0 0 -1
    outer loop
      vertex -0.757831 7.21028 0
      vertex -2.50868 23.8685 0
      vertex -1.67416 23.9415 0
    endloop
  endfacet
  facet normal 0 0 -1
    outer loop
      vertex -1.009 7.17944 0
      vertex -3.34015 23.7664 0
      vertex -2.50868 23.8685 0
    endloop
  endfacet
  facet normal 0 0 -1
    outer loop
      vertex -1.25895 7.13986 0
      vertex -4.16756 23.6354 0
      vertex -3.34015 23.7664 0
    endloop
  endfacet
  facet normal 0 0 -1
    outer loop
      vertex -1.50736 7.09157 0
      vertex -4.98988 23.4755 0
      vertex -4.16756 23.6354 0
    endloop
  endfacet
  facet normal 0 0 -1
    outer loop
      vertex -1.73558 7.03888 0
      vertex -5.80612 23.2871 0
      vertex -4.98988 23.4755 0
    endloop
  endfacet
  facet normal 0 0 -1
    outer loop
      vertex -11.6673 16.9706 0
      vertex -5.80612 23.2871 0
      vertex -1.73558 7.03888 0
    endloop
  endfacet
  facet normal 0 0 -1
    outer loop
      vertex -5.80612 23.2871 0
      vertex -11.6673 16.9706 0
      vertex -6.6153 23.0703 0
    endloop
  endfacet
  facet normal 0 0 -1
    outer loop
      vertex -6.6153 23.0703 0
      vertex -11.6673 16.9706 0
      vertex -7.41641 22.8254 0
    endloop
  endfacet
  facet normal 0 0 -1
    outer loop
      vertex -7.41641 22.8254 0
      vertex -11.6673 16.9706 0
      vertex -8.20848 22.5526 0
    endloop
  endfacet
  facet normal 0 0 -1
    outer loop
      vertex -8.20848 22.5526 0
      vertex -11.6673 16.9706 0
      vertex -8.99056 22.2524 0
    endloop
  endfacet
  facet normal 0 0 -1
    outer loop
      vertex -8.99056 22.2524 0
      vertex -11.6673 16.9706 0
      vertex -9.76168 21.9251 0
    endloop
  endfacet
  facet normal 0 0 -1
    outer loop
      vertex -9.76168 21.9251 0
      vertex -11.6673 16.9706 0
      vertex -10.5209 21.5711 0
    endloop
  endfacet
  facet normal 0 0 -1
    outer loop
      vertex -10.5209 21.5711 0
      vertex -11.6673 16.9706 0
      vertex -11.2673 21.1907 0
    endloop
  endfacet
  facet normal 0 0 -1
    outer loop
      vertex -11.6673 16.9706 0
      vertex -12 20.7846 0
      vertex -11.2673 21.1907 0
    endloop
  endfacet
  facet normal 0 0 -1
    outer loop
      vertex -11.6673 16.9706 0
      vertex -12.7181 20.3532 0
      vertex -12 20.7846 0
    endloop
  endfacet
  facet normal 0 0 -1
    outer loop
      vertex -11.6673 16.9706 0
      vertex -13.4206 19.8969 0
      vertex -12.7181 20.3532 0
    endloop
  endfacet
  facet normal 0 0 -1
    outer loop
      vertex -11.6673 16.9706 0
      vertex -14.1068 19.4164 0
      vertex -13.4206 19.8969 0
    endloop
  endfacet
  facet normal 0 0 -1
    outer loop
      vertex -11.6673 16.9706 0
      vertex -14.7759 18.9123 0
      vertex -14.1068 19.4164 0
    endloop
  endfacet
  facet normal 0 0 -1
    outer loop
      vertex -11.6673 16.9706 0
      vertex -15.4269 18.3851 0
      vertex -14.7759 18.9123 0
    endloop
  endfacet
  facet normal 0 0 -1
    outer loop
      vertex -11.6673 16.9706 0
      vertex -16.0591 17.8355 0
      vertex -15.4269 18.3851 0
    endloop
  endfacet
  facet normal 0 0 -1
    outer loop
      vertex -11.6673 16.9706 0
      vertex -16.6718 17.2642 0
      vertex -16.0591 17.8355 0
    endloop
  endfacet
  facet normal 0 0 -1
    outer loop
      vertex -16.9706 11.6673 0
      vertex -16.6718 17.2642 0
      vertex -11.6673 16.9706 0
    endloop
  endfacet
  facet normal 0 0 -1
    outer loop
      vertex -16.9706 11.6673 0
      vertex -17.2642 16.6718 0
      vertex -16.6718 17.2642 0
    endloop
  endfacet
  facet normal 0 0 -1
    outer loop
      vertex -18.3851 -15.4269 0
      vertex -16.9706 -11.6673 0
      vertex -17.8355 -16.0591 0
    endloop
  endfacet
  facet normal 0 0 -1
    outer loop
      vertex -18.9123 -14.7759 0
      vertex -16.9706 -11.6673 0
      vertex -18.3851 -15.4269 0
    endloop
  endfacet
  facet normal 0 0 -1
    outer loop
      vertex -16.9706 11.6673 0
      vertex -17.8355 16.0591 0
      vertex -17.2642 16.6718 0
    endloop
  endfacet
  facet normal 0 0 -1
    outer loop
      vertex -19.4164 -14.1068 0
      vertex -16.9706 -11.6673 0
      vertex -18.9123 -14.7759 0
    endloop
  endfacet
  facet normal 0 0 -1
    outer loop
      vertex -16.9706 11.6673 0
      vertex -18.3851 15.4269 0
      vertex -17.8355 16.0591 0
    endloop
  endfacet
  facet normal 0 0 -1
    outer loop
      vertex -19.8969 -13.4206 0
      vertex -16.9706 -11.6673 0
      vertex -19.4164 -14.1068 0
    endloop
  endfacet
  facet normal 0 0 -1
    outer loop
      vertex -16.9706 11.6673 0
      vertex -18.9123 14.7759 0
      vertex -18.3851 15.4269 0
    endloop
  endfacet
  facet normal 0 0 -1
    outer loop
      vertex -20.3532 -12.7181 0
      vertex -16.9706 -11.6673 0
      vertex -19.8969 -13.4206 0
    endloop
  endfacet
  facet normal 0 0 -1
    outer loop
      vertex -16.9706 11.6673 0
      vertex -19.4164 14.1068 0
      vertex -18.9123 14.7759 0
    endloop
  endfacet
  facet normal 0 0 -1
    outer loop
      vertex -20.7846 -12 0
      vertex -16.9706 -11.6673 0
      vertex -20.3532 -12.7181 0
    endloop
  endfacet
  facet normal 0 0 -1
    outer loop
      vertex -16.9706 11.6673 0
      vertex -19.8969 13.4206 0
      vertex -19.4164 14.1068 0
    endloop
  endfacet
  facet normal 0 0 -1
    outer loop
      vertex -21.1907 -11.2673 0
      vertex -16.9706 -11.6673 0
      vertex -20.7846 -12 0
    endloop
  endfacet
  facet normal 0 0 -1
    outer loop
      vertex -16.9706 11.6673 0
      vertex -20.3532 12.7181 0
      vertex -19.8969 13.4206 0
    endloop
  endfacet
  facet normal 0 0 -1
    outer loop
      vertex -21.5711 -10.5209 0
      vertex -16.9706 -11.6673 0
      vertex -21.1907 -11.2673 0
    endloop
  endfacet
  facet normal 0 0 -1
    outer loop
      vertex -16.9706 11.6673 0
      vertex -20.7846 12 0
      vertex -20.3532 12.7181 0
    endloop
  endfacet
  facet normal 0 0 -1
    outer loop
      vertex -21.9251 -9.76168 0
      vertex -16.9706 -11.6673 0
      vertex -21.5711 -10.5209 0
    endloop
  endfacet
  facet normal -0 0 -1
    outer loop
      vertex -16.9706 11.6673 0
      vertex -21.1907 11.2673 0
      vertex -20.7846 12 0
    endloop
  endfacet
  facet normal 0 0 -1
    outer loop
      vertex -22.2524 -8.99056 0
      vertex -16.9706 -11.6673 0
      vertex -21.9251 -9.76168 0
    endloop
  endfacet
  facet normal 0 0 -1
    outer loop
      vertex -16.9706 11.6673 0
      vertex -21.5711 10.5209 0
      vertex -21.1907 11.2673 0
    endloop
  endfacet
  facet normal 0 0 -1
    outer loop
      vertex -22.5526 -8.20848 0
      vertex -16.9706 -11.6673 0
      vertex -22.2524 -8.99056 0
    endloop
  endfacet
  facet normal 0 0 -1
    outer loop
      vertex -16.9706 11.6673 0
      vertex -21.9251 9.76168 0
      vertex -21.5711 10.5209 0
    endloop
  endfacet
  facet normal 0 0 -1
    outer loop
      vertex -22.8254 -7.41641 0
      vertex -16.9706 -11.6673 0
      vertex -22.5526 -8.20848 0
    endloop
  endfacet
  facet normal 0 0 -1
    outer loop
      vertex -16.9706 11.6673 0
      vertex -22.2524 8.99056 0
      vertex -21.9251 9.76168 0
    endloop
  endfacet
  facet normal 0 0 -1
    outer loop
      vertex -23.0703 -6.6153 0
      vertex -16.9706 -11.6673 0
      vertex -22.8254 -7.41641 0
    endloop
  endfacet
  facet normal 0 0 -1
    outer loop
      vertex -16.9706 11.6673 0
      vertex -22.5526 8.20848 0
      vertex -22.2524 8.99056 0
    endloop
  endfacet
  facet normal 0 0 -1
    outer loop
      vertex -23.2871 -5.80612 0
      vertex -16.9706 -11.6673 0
      vertex -23.0703 -6.6153 0
    endloop
  endfacet
  facet normal 0 0 -1
    outer loop
      vertex -16.9706 11.6673 0
      vertex -22.8254 7.41641 0
      vertex -22.5526 8.20848 0
    endloop
  endfacet
  facet normal 0 0 -1
    outer loop
      vertex -23.4755 -4.98988 0
      vertex -16.9706 -11.6673 0
      vertex -23.2871 -5.80612 0
    endloop
  endfacet
  facet normal 0 0 -1
    outer loop
      vertex -16.9706 11.6673 0
      vertex -23.0703 6.6153 0
      vertex -22.8254 7.41641 0
    endloop
  endfacet
  facet normal 0 0 -1
    outer loop
      vertex -23.6354 -4.16756 0
      vertex -16.9706 -11.6673 0
      vertex -23.4755 -4.98988 0
    endloop
  endfacet
  facet normal 0 0 -1
    outer loop
      vertex -16.9706 11.6673 0
      vertex -23.2871 5.80612 0
      vertex -23.0703 6.6153 0
    endloop
  endfacet
  facet normal 0 0 -1
    outer loop
      vertex -23.7664 -3.34015 0
      vertex -16.9706 -11.6673 0
      vertex -23.6354 -4.16756 0
    endloop
  endfacet
  facet normal 0 0 -1
    outer loop
      vertex -16.9706 11.6673 0
      vertex -23.4755 4.98988 0
      vertex -23.2871 5.80612 0
    endloop
  endfacet
  facet normal 0 0 -1
    outer loop
      vertex -23.8685 -2.50868 0
      vertex -16.9706 -11.6673 0
      vertex -23.7664 -3.34015 0
    endloop
  endfacet
  facet normal 0 0 -1
    outer loop
      vertex -16.9706 11.6673 0
      vertex -23.6354 4.16756 0
      vertex -23.4755 4.98988 0
    endloop
  endfacet
  facet normal 0 0 -1
    outer loop
      vertex -23.9415 -1.67416 0
      vertex -16.9706 -11.6673 0
      vertex -23.8685 -2.50868 0
    endloop
  endfacet
  facet normal 0 0 -1
    outer loop
      vertex -16.9706 11.6673 0
      vertex -23.7664 3.34015 0
      vertex -23.6354 4.16756 0
    endloop
  endfacet
  facet normal 0 0 -1
    outer loop
      vertex -23.9854 -0.837587 0
      vertex -16.9706 -11.6673 0
      vertex -23.9415 -1.67416 0
    endloop
  endfacet
  facet normal 0 0 -1
    outer loop
      vertex -16.9706 11.6673 0
      vertex -23.8685 2.50868 0
      vertex -23.7664 3.34015 0
    endloop
  endfacet
  facet normal 0 0 -1
    outer loop
      vertex -24 0 0
      vertex -16.9706 -11.6673 0
      vertex -23.9854 -0.837587 0
    endloop
  endfacet
  facet normal 0 0 -1
    outer loop
      vertex -16.9706 11.6673 0
      vertex -23.9415 1.67416 0
      vertex -23.8685 2.50868 0
    endloop
  endfacet
  facet normal 0 0 -1
    outer loop
      vertex -16.9706 -11.6673 0
      vertex -24 0 0
      vertex -16.9706 11.6673 0
    endloop
  endfacet
  facet normal 0 0 -1
    outer loop
      vertex -16.9706 11.6673 0
      vertex -23.9854 0.837587 0
      vertex -23.9415 1.67416 0
    endloop
  endfacet
  facet normal 0 0 -1
    outer loop
      vertex -16.9706 11.6673 0
      vertex -24 0 0
      vertex -23.9854 0.837587 0
    endloop
  endfacet
  facet normal 0 0 -1
    outer loop
      vertex 7.17944 1.009 0
      vertex 23.7664 3.34015 0
      vertex 7.21028 0.757831 0
    endloop
  endfacet
  facet normal -0 0 -1
    outer loop
      vertex 23.7664 3.34015 0
      vertex 7.17944 1.009 0
      vertex 23.6354 4.16756 0
    endloop
  endfacet
  facet normal 0 0 -1
    outer loop
      vertex 7.13986 1.25895 0
      vertex 23.6354 4.16756 0
      vertex 7.17944 1.009 0
    endloop
  endfacet
  facet normal -0 0 -1
    outer loop
      vertex 23.6354 4.16756 0
      vertex 7.13986 1.25895 0
      vertex 23.4755 4.98988 0
    endloop
  endfacet
  facet normal 0 0 -1
    outer loop
      vertex 7.09157 1.50736 0
      vertex 23.4755 4.98988 0
      vertex 7.13986 1.25895 0
    endloop
  endfacet
  facet normal -0 0 -1
    outer loop
      vertex 23.4755 4.98988 0
      vertex 7.09157 1.50736 0
      vertex 16.9706 11.6673 0
    endloop
  endfacet
  facet normal 0 0 -1
    outer loop
      vertex 16.9706 11.6673 0
      vertex 7.09157 1.50736 0
      vertex 7.03888 1.73558 0
    endloop
  endfacet
  facet normal -0 0 -1
    outer loop
      vertex -7.24558 -0.253021 0
      vertex -16.9706 -11.6673 0
      vertex -7.25 0 0
    endloop
  endfacet
  facet normal -0 0 -1
    outer loop
      vertex -7.23234 -0.505733 0
      vertex -16.9706 -11.6673 0
      vertex -7.24558 -0.253021 0
    endloop
  endfacet
  facet normal -0 0 -1
    outer loop
      vertex -7.21028 -0.757831 0
      vertex -16.9706 -11.6673 0
      vertex -7.23234 -0.505733 0
    endloop
  endfacet
  facet normal -0 0 -1
    outer loop
      vertex -7.17944 -1.009 0
      vertex -16.9706 -11.6673 0
      vertex -7.21028 -0.757831 0
    endloop
  endfacet
  facet normal -0 0 -1
    outer loop
      vertex -7.13986 -1.25895 0
      vertex -16.9706 -11.6673 0
      vertex -7.17944 -1.009 0
    endloop
  endfacet
  facet normal -0 0 -1
    outer loop
      vertex -7.09157 -1.50736 0
      vertex -16.9706 -11.6673 0
      vertex -7.13986 -1.25895 0
    endloop
  endfacet
  facet normal 0 0 -1
    outer loop
      vertex -16.9706 -11.6673 0
      vertex -7.09157 -1.50736 0
      vertex -7.03888 -1.73558 0
    endloop
  endfacet
  facet normal 0 0 -1
    outer loop
      vertex -16.9706 11.6673 0
      vertex -7.25 0 0
      vertex -16.9706 -11.6673 0
    endloop
  endfacet
  facet normal 0 0 -1
    outer loop
      vertex -7.25 0 0
      vertex -16.9706 11.6673 0
      vertex -7.24558 0.253021 0
    endloop
  endfacet
  facet normal 0 0 -1
    outer loop
      vertex -7.24558 0.253021 0
      vertex -16.9706 11.6673 0
      vertex -7.23234 0.505733 0
    endloop
  endfacet
  facet normal 0 0 -1
    outer loop
      vertex -7.23234 0.505733 0
      vertex -16.9706 11.6673 0
      vertex -7.21028 0.757831 0
    endloop
  endfacet
  facet normal 0 0 -1
    outer loop
      vertex -7.21028 0.757831 0
      vertex -16.9706 11.6673 0
      vertex -7.17944 1.009 0
    endloop
  endfacet
  facet normal 0 0 -1
    outer loop
      vertex -7.17944 1.009 0
      vertex -16.9706 11.6673 0
      vertex -7.13986 1.25895 0
    endloop
  endfacet
  facet normal 0 0 -1
    outer loop
      vertex -7.13986 1.25895 0
      vertex -16.9706 11.6673 0
      vertex -7.09157 1.50736 0
    endloop
  endfacet
  facet normal 0 0 -1
    outer loop
      vertex -7.09157 1.50736 0
      vertex -16.9706 11.6673 0
      vertex -7.03888 1.73558 0
    endloop
  endfacet
  facet normal 0.987697 0.156378 0
    outer loop
      vertex 23.7664 3.34015 6.4
      vertex 23.6354 4.16756 0
      vertex 23.6354 4.16756 6.4
    endloop
  endfacet
  facet normal 0.987697 0.156378 0
    outer loop
      vertex 23.6354 4.16756 0
      vertex 23.7664 3.34015 6.4
      vertex 23.7664 3.34015 0
    endloop
  endfacet
  facet normal 0.992545 0.121879 0
    outer loop
      vertex 23.8685 2.50868 6.4
      vertex 23.7664 3.34015 0
      vertex 23.7664 3.34015 6.4
    endloop
  endfacet
  facet normal 0.992545 0.121879 0
    outer loop
      vertex 23.7664 3.34015 0
      vertex 23.8685 2.50868 6.4
      vertex 23.8685 2.50868 0
    endloop
  endfacet
  facet normal 0.945493 0.325641 0
    outer loop
      vertex 22.8254 7.41641 6.4
      vertex 22.5526 8.20848 0
      vertex 22.5526 8.20848 6.4
    endloop
  endfacet
  facet normal 0.945493 0.325641 0
    outer loop
      vertex 22.5526 8.20848 0
      vertex 22.8254 7.41641 6.4
      vertex 22.8254 7.41641 0
    endloop
  endfacet
  facet normal 0.965932 0.258798 0
    outer loop
      vertex 23.2871 5.80612 6.4
      vertex 23.0703 6.6153 0
      vertex 23.0703 6.6153 6.4
    endloop
  endfacet
  facet normal 0.965932 0.258798 0
    outer loop
      vertex 23.0703 6.6153 0
      vertex 23.2871 5.80612 6.4
      vertex 23.2871 5.80612 0
    endloop
  endfacet
  facet normal 0.731385 0.681965 0
    outer loop
      vertex 17.8355 16.0591 6.4
      vertex 17.2642 16.6718 0
      vertex 17.2642 16.6718 6.4
    endloop
  endfacet
  facet normal 0.731385 0.681965 0
    outer loop
      vertex 17.2642 16.6718 0
      vertex 17.8355 16.0591 6.4
      vertex 17.8355 16.0591 0
    endloop
  endfacet
  facet normal 0.777128 0.629342 0
    outer loop
      vertex 18.9123 14.7759 6.4
      vertex 18.3851 15.4269 0
      vertex 18.3851 15.4269 6.4
    endloop
  endfacet
  facet normal 0.777128 0.629342 0
    outer loop
      vertex 18.3851 15.4269 0
      vertex 18.9123 14.7759 6.4
      vertex 18.9123 14.7759 0
    endloop
  endfacet
  facet normal 0.819142 0.573591 0
    outer loop
      vertex 19.8969 13.4206 6.4
      vertex 19.4164 14.1068 0
      vertex 19.4164 14.1068 6.4
    endloop
  endfacet
  facet normal 0.819142 0.573591 0
    outer loop
      vertex 19.4164 14.1068 0
      vertex 19.8969 13.4206 6.4
      vertex 19.8969 13.4206 0
    endloop
  endfacet
  facet normal 0.838621 0.544716 0
    outer loop
      vertex 20.3532 12.7181 6.4
      vertex 19.8969 13.4206 0
      vertex 19.8969 13.4206 6.4
    endloop
  endfacet
  facet normal 0.838621 0.544716 0
    outer loop
      vertex 19.8969 13.4206 0
      vertex 20.3532 12.7181 6.4
      vertex 20.3532 12.7181 0
    endloop
  endfacet
  facet normal 0.890963 0.454076 0
    outer loop
      vertex 21.5711 10.5209 6.4
      vertex 21.1907 11.2673 0
      vertex 21.1907 11.2673 6.4
    endloop
  endfacet
  facet normal 0.890963 0.454076 0
    outer loop
      vertex 21.1907 11.2673 0
      vertex 21.5711 10.5209 6.4
      vertex 21.5711 10.5209 0
    endloop
  endfacet
  facet normal 0.325641 0.945493 -0
    outer loop
      vertex 8.20848 22.5526 0
      vertex 7.41641 22.8254 6.4
      vertex 8.20848 22.5526 6.4
    endloop
  endfacet
  facet normal 0.325641 0.945493 0
    outer loop
      vertex 7.41641 22.8254 6.4
      vertex 8.20848 22.5526 0
      vertex 7.41641 22.8254 0
    endloop
  endfacet
  facet normal 0.156378 0.987697 -0
    outer loop
      vertex 4.16756 23.6354 0
      vertex 3.34015 23.7664 6.4
      vertex 4.16756 23.6354 6.4
    endloop
  endfacet
  facet normal 0.156378 0.987697 0
    outer loop
      vertex 3.34015 23.7664 6.4
      vertex 4.16756 23.6354 0
      vertex 3.34015 23.7664 0
    endloop
  endfacet
  facet normal 0.0524039 0.998626 -0
    outer loop
      vertex 1.67416 23.9415 0
      vertex 0.837587 23.9854 6.4
      vertex 1.67416 23.9415 6.4
    endloop
  endfacet
  facet normal 0.0524039 0.998626 0
    outer loop
      vertex 0.837587 23.9854 6.4
      vertex 1.67416 23.9415 0
      vertex 0.837587 23.9854 0
    endloop
  endfacet
  facet normal 0.484771 0.874641 -0
    outer loop
      vertex 12 20.7846 0
      vertex 11.2673 21.1907 6.4
      vertex 12 20.7846 6.4
    endloop
  endfacet
  facet normal 0.484771 0.874641 0
    outer loop
      vertex 11.2673 21.1907 6.4
      vertex 12 20.7846 0
      vertex 11.2673 21.1907 0
    endloop
  endfacet
  facet normal 0.544716 0.838621 -0
    outer loop
      vertex 13.4206 19.8969 0
      vertex 12.7181 20.3532 6.4
      vertex 13.4206 19.8969 6.4
    endloop
  endfacet
  facet normal 0.544716 0.838621 0
    outer loop
      vertex 12.7181 20.3532 6.4
      vertex 13.4206 19.8969 0
      vertex 12.7181 20.3532 0
    endloop
  endfacet
  facet normal 0.573591 0.819142 -0
    outer loop
      vertex 14.1068 19.4164 0
      vertex 13.4206 19.8969 6.4
      vertex 14.1068 19.4164 6.4
    endloop
  endfacet
  facet normal 0.573591 0.819142 0
    outer loop
      vertex 13.4206 19.8969 6.4
      vertex 14.1068 19.4164 0
      vertex 13.4206 19.8969 0
    endloop
  endfacet
  facet normal 0.656084 0.754688 -0
    outer loop
      vertex 16.0591 17.8355 0
      vertex 15.4269 18.3851 6.4
      vertex 16.0591 17.8355 6.4
    endloop
  endfacet
  facet normal 0.656084 0.754688 0
    outer loop
      vertex 15.4269 18.3851 6.4
      vertex 16.0591 17.8355 0
      vertex 15.4269 18.3851 0
    endloop
  endfacet
  facet normal -0.754688 0.656084 0
    outer loop
      vertex -18.3851 15.4269 0
      vertex -17.8355 16.0591 6.4
      vertex -17.8355 16.0591 0
    endloop
  endfacet
  facet normal -0.754688 0.656084 0
    outer loop
      vertex -17.8355 16.0591 6.4
      vertex -18.3851 15.4269 0
      vertex -18.3851 15.4269 6.4
    endloop
  endfacet
  facet normal -0.798695 0.601737 0
    outer loop
      vertex -19.4164 14.1068 0
      vertex -18.9123 14.7759 6.4
      vertex -18.9123 14.7759 0
    endloop
  endfacet
  facet normal -0.798695 0.601737 0
    outer loop
      vertex -18.9123 14.7759 6.4
      vertex -19.4164 14.1068 0
      vertex -19.4164 14.1068 6.4
    endloop
  endfacet
  facet normal -0.731385 0.681965 0
    outer loop
      vertex -17.8355 16.0591 0
      vertex -17.2642 16.6718 6.4
      vertex -17.2642 16.6718 0
    endloop
  endfacet
  facet normal -0.731385 0.681965 0
    outer loop
      vertex -17.2642 16.6718 6.4
      vertex -17.8355 16.0591 0
      vertex -17.8355 16.0591 6.4
    endloop
  endfacet
  facet normal -0.838621 0.544716 0
    outer loop
      vertex -20.3532 12.7181 0
      vertex -19.8969 13.4206 6.4
      vertex -19.8969 13.4206 0
    endloop
  endfacet
  facet normal -0.838621 0.544716 0
    outer loop
      vertex -19.8969 13.4206 6.4
      vertex -20.3532 12.7181 0
      vertex -20.3532 12.7181 6.4
    endloop
  endfacet
  facet normal -0.874641 0.484771 0
    outer loop
      vertex -21.1907 11.2673 0
      vertex -20.7846 12 6.4
      vertex -20.7846 12 0
    endloop
  endfacet
  facet normal -0.874641 0.484771 0
    outer loop
      vertex -20.7846 12 6.4
      vertex -21.1907 11.2673 0
      vertex -21.1907 11.2673 6.4
    endloop
  endfacet
  facet normal -0.890963 0.454076 0
    outer loop
      vertex -21.5711 10.5209 0
      vertex -21.1907 11.2673 6.4
      vertex -21.1907 11.2673 0
    endloop
  endfacet
  facet normal -0.890963 0.454076 0
    outer loop
      vertex -21.1907 11.2673 6.4
      vertex -21.5711 10.5209 0
      vertex -21.5711 10.5209 6.4
    endloop
  endfacet
  facet normal -0.920514 0.39071 0
    outer loop
      vertex -22.2524 8.99056 0
      vertex -21.9251 9.76168 6.4
      vertex -21.9251 9.76168 0
    endloop
  endfacet
  facet normal -0.920514 0.39071 0
    outer loop
      vertex -21.9251 9.76168 6.4
      vertex -22.2524 8.99056 0
      vertex -22.2524 8.99056 6.4
    endloop
  endfacet
  facet normal -0.933585 0.358355 0
    outer loop
      vertex -22.5526 8.20848 0
      vertex -22.2524 8.99056 6.4
      vertex -22.2524 8.99056 0
    endloop
  endfacet
  facet normal -0.933585 0.358355 0
    outer loop
      vertex -22.2524 8.99056 6.4
      vertex -22.5526 8.20848 0
      vertex -22.5526 8.20848 6.4
    endloop
  endfacet
  facet normal -0.974382 0.224901 0
    outer loop
      vertex -23.4755 4.98988 0
      vertex -23.2871 5.80612 6.4
      vertex -23.2871 5.80612 0
    endloop
  endfacet
  facet normal -0.974382 0.224901 0
    outer loop
      vertex -23.2871 5.80612 6.4
      vertex -23.4755 4.98988 0
      vertex -23.4755 4.98988 6.4
    endloop
  endfacet
  facet normal -0.965932 0.258798 0
    outer loop
      vertex -23.2871 5.80612 0
      vertex -23.0703 6.6153 6.4
      vertex -23.0703 6.6153 0
    endloop
  endfacet
  facet normal -0.965932 0.258798 0
    outer loop
      vertex -23.0703 6.6153 6.4
      vertex -23.2871 5.80612 0
      vertex -23.2871 5.80612 6.4
    endloop
  endfacet
  facet normal -0.987697 0.156378 0
    outer loop
      vertex -23.7664 3.34015 0
      vertex -23.6354 4.16756 6.4
      vertex -23.6354 4.16756 0
    endloop
  endfacet
  facet normal -0.987697 0.156378 0
    outer loop
      vertex -23.6354 4.16756 6.4
      vertex -23.7664 3.34015 0
      vertex -23.7664 3.34015 6.4
    endloop
  endfacet
  facet normal -0.998626 0.0524039 0
    outer loop
      vertex -23.9854 0.837587 0
      vertex -23.9415 1.67416 6.4
      vertex -23.9415 1.67416 0
    endloop
  endfacet
  facet normal -0.998626 0.0524039 0
    outer loop
      vertex -23.9415 1.67416 6.4
      vertex -23.9854 0.837587 0
      vertex -23.9854 0.837587 6.4
    endloop
  endfacet
  facet normal 0 0 1
    outer loop
      vertex 7.25 0 6.4
      vertex 24 0 6.4
      vertex 23.9854 0.837587 6.4
    endloop
  endfacet
  facet normal 0 0 1
    outer loop
      vertex 7.24558 0.253021 6.4
      vertex 23.9854 0.837587 6.4
      vertex 23.9415 1.67416 6.4
    endloop
  endfacet
  facet normal 0 0 1
    outer loop
      vertex 24 0 6.4
      vertex 7.25 0 6.4
      vertex 23.9854 -0.837587 6.4
    endloop
  endfacet
  facet normal 0 0 1
    outer loop
      vertex 7.23234 0.505733 6.4
      vertex 23.9415 1.67416 6.4
      vertex 23.8685 2.50868 6.4
    endloop
  endfacet
  facet normal -0 0 1
    outer loop
      vertex 7.24558 -0.253021 6.4
      vertex 23.9854 -0.837587 6.4
      vertex 7.25 0 6.4
    endloop
  endfacet
  facet normal 0 0 1
    outer loop
      vertex 7.21028 0.757831 6.4
      vertex 23.8685 2.50868 6.4
      vertex 23.7664 3.34015 6.4
    endloop
  endfacet
  facet normal 0 0 1
    outer loop
      vertex 23.9854 -0.837587 6.4
      vertex 7.24558 -0.253021 6.4
      vertex 23.9415 -1.67416 6.4
    endloop
  endfacet
  facet normal 0 0 1
    outer loop
      vertex 7.17944 1.009 6.4
      vertex 23.7664 3.34015 6.4
      vertex 23.6354 4.16756 6.4
    endloop
  endfacet
  facet normal -0 0 1
    outer loop
      vertex 7.23234 -0.505733 6.4
      vertex 23.9415 -1.67416 6.4
      vertex 7.24558 -0.253021 6.4
    endloop
  endfacet
  facet normal 0 0 1
    outer loop
      vertex 7.13986 1.25895 6.4
      vertex 23.6354 4.16756 6.4
      vertex 23.4755 4.98988 6.4
    endloop
  endfacet
  facet normal 0 0 1
    outer loop
      vertex 23.9415 -1.67416 6.4
      vertex 7.23234 -0.505733 6.4
      vertex 23.8685 -2.50868 6.4
    endloop
  endfacet
  facet normal 0 0 1
    outer loop
      vertex 7.09157 1.50736 6.4
      vertex 23.4755 4.98988 6.4
      vertex 23.2871 5.80612 6.4
    endloop
  endfacet
  facet normal -0 0 1
    outer loop
      vertex 7.21028 -0.757831 6.4
      vertex 23.8685 -2.50868 6.4
      vertex 7.23234 -0.505733 6.4
    endloop
  endfacet
  facet normal 0 0 1
    outer loop
      vertex 7.03464 1.75393 6.4
      vertex 23.2871 5.80612 6.4
      vertex 23.0703 6.6153 6.4
    endloop
  endfacet
  facet normal 0 0 1
    outer loop
      vertex 23.8685 -2.50868 6.4
      vertex 7.21028 -0.757831 6.4
      vertex 23.7664 -3.34015 6.4
    endloop
  endfacet
  facet normal 0 0 1
    outer loop
      vertex 6.96915 1.99837 6.4
      vertex 23.0703 6.6153 6.4
      vertex 22.8254 7.41641 6.4
    endloop
  endfacet
  facet normal -0 0 1
    outer loop
      vertex 7.17944 -1.009 6.4
      vertex 23.7664 -3.34015 6.4
      vertex 7.21028 -0.757831 6.4
    endloop
  endfacet
  facet normal 0 0 1
    outer loop
      vertex 6.89516 2.24037 6.4
      vertex 22.8254 7.41641 6.4
      vertex 22.5526 8.20848 6.4
    endloop
  endfacet
  facet normal 0 0 1
    outer loop
      vertex 23.7664 -3.34015 6.4
      vertex 7.17944 -1.009 6.4
      vertex 23.6354 -4.16756 6.4
    endloop
  endfacet
  facet normal 0 0 1
    outer loop
      vertex 6.81277 2.47965 6.4
      vertex 22.5526 8.20848 6.4
      vertex 22.2524 8.99056 6.4
    endloop
  endfacet
  facet normal -0 0 1
    outer loop
      vertex 7.13986 -1.25895 6.4
      vertex 23.6354 -4.16756 6.4
      vertex 7.17944 -1.009 6.4
    endloop
  endfacet
  facet normal 0 0 1
    outer loop
      vertex 6.72208 2.7159 6.4
      vertex 22.2524 8.99056 6.4
      vertex 21.9251 9.76168 6.4
    endloop
  endfacet
  facet normal 0 0 1
    outer loop
      vertex 23.6354 -4.16756 6.4
      vertex 7.13986 -1.25895 6.4
      vertex 23.4755 -4.98988 6.4
    endloop
  endfacet
  facet normal 0 0 1
    outer loop
      vertex 6.6232 2.94884 6.4
      vertex 21.9251 9.76168 6.4
      vertex 21.5711 10.5209 6.4
    endloop
  endfacet
  facet normal -0 0 1
    outer loop
      vertex 7.09157 -1.50736 6.4
      vertex 23.4755 -4.98988 6.4
      vertex 7.13986 -1.25895 6.4
    endloop
  endfacet
  facet normal 0 0 1
    outer loop
      vertex 6.51626 3.17819 6.4
      vertex 21.5711 10.5209 6.4
      vertex 21.1907 11.2673 6.4
    endloop
  endfacet
  facet normal 0 0 1
    outer loop
      vertex 23.4755 -4.98988 6.4
      vertex 7.09157 -1.50736 6.4
      vertex 23.2871 -5.80612 6.4
    endloop
  endfacet
  facet normal 0 0 1
    outer loop
      vertex 6.40137 3.40367 6.4
      vertex 21.1907 11.2673 6.4
      vertex 20.7846 12 6.4
    endloop
  endfacet
  facet normal -0 0 1
    outer loop
      vertex 7.03464 -1.75393 6.4
      vertex 23.2871 -5.80612 6.4
      vertex 7.09157 -1.50736 6.4
    endloop
  endfacet
  facet normal 0 0 1
    outer loop
      vertex 6.27868 3.625 6.4
      vertex 20.7846 12 6.4
      vertex 20.3532 12.7181 6.4
    endloop
  endfacet
  facet normal 0 0 1
    outer loop
      vertex 23.2871 -5.80612 6.4
      vertex 7.03464 -1.75393 6.4
      vertex 23.0703 -6.6153 6.4
    endloop
  endfacet
  facet normal 0 0 1
    outer loop
      vertex 6.14835 3.84191 6.4
      vertex 20.3532 12.7181 6.4
      vertex 19.8969 13.4206 6.4
    endloop
  endfacet
  facet normal -0 0 1
    outer loop
      vertex 6.96915 -1.99837 6.4
      vertex 23.0703 -6.6153 6.4
      vertex 7.03464 -1.75393 6.4
    endloop
  endfacet
  facet normal 0 0 1
    outer loop
      vertex 6.01052 4.05415 6.4
      vertex 19.8969 13.4206 6.4
      vertex 19.4164 14.1068 6.4
    endloop
  endfacet
  facet normal 0 0 1
    outer loop
      vertex 23.0703 -6.6153 6.4
      vertex 6.96915 -1.99837 6.4
      vertex 22.8254 -7.41641 6.4
    endloop
  endfacet
  facet normal 0 0 1
    outer loop
      vertex 5.86537 4.26144 6.4
      vertex 19.4164 14.1068 6.4
      vertex 18.9123 14.7759 6.4
    endloop
  endfacet
  facet normal -0 0 1
    outer loop
      vertex 6.89516 -2.24037 6.4
      vertex 22.8254 -7.41641 6.4
      vertex 6.96915 -1.99837 6.4
    endloop
  endfacet
  facet normal 0 0 1
    outer loop
      vertex 5.71308 4.46354 6.4
      vertex 18.9123 14.7759 6.4
      vertex 18.3851 15.4269 6.4
    endloop
  endfacet
  facet normal 0 0 1
    outer loop
      vertex 22.8254 -7.41641 6.4
      vertex 6.89516 -2.24037 6.4
      vertex 22.5526 -8.20848 6.4
    endloop
  endfacet
  facet normal 0 0 1
    outer loop
      vertex 5.55382 4.66021 6.4
      vertex 18.3851 15.4269 6.4
      vertex 17.8355 16.0591 6.4
    endloop
  endfacet
  facet normal -0 0 1
    outer loop
      vertex 6.81277 -2.47965 6.4
      vertex 22.5526 -8.20848 6.4
      vertex 6.89516 -2.24037 6.4
    endloop
  endfacet
  facet normal 0 0 1
    outer loop
      vertex 5.3878 4.8512 6.4
      vertex 17.8355 16.0591 6.4
      vertex 17.2642 16.6718 6.4
    endloop
  endfacet
  facet normal 0 0 1
    outer loop
      vertex 22.5526 -8.20848 6.4
      vertex 6.81277 -2.47965 6.4
      vertex 22.2524 -8.99056 6.4
    endloop
  endfacet
  facet normal 0 0 1
    outer loop
      vertex 5.21521 5.03627 6.4
      vertex 17.2642 16.6718 6.4
      vertex 16.6718 17.2642 6.4
    endloop
  endfacet
  facet normal -0 0 1
    outer loop
      vertex 6.72208 -2.7159 6.4
      vertex 22.2524 -8.99056 6.4
      vertex 6.81277 -2.47965 6.4
    endloop
  endfacet
  facet normal 0 0 1
    outer loop
      vertex 5.03627 5.21521 6.4
      vertex 16.6718 17.2642 6.4
      vertex 16.0591 17.8355 6.4
    endloop
  endfacet
  facet normal 0 0 1
    outer loop
      vertex 22.2524 -8.99056 6.4
      vertex 6.72208 -2.7159 6.4
      vertex 21.9251 -9.76168 6.4
    endloop
  endfacet
  facet normal 0 0 1
    outer loop
      vertex 4.8512 5.3878 6.4
      vertex 16.0591 17.8355 6.4
      vertex 15.4269 18.3851 6.4
    endloop
  endfacet
  facet normal -0 0 1
    outer loop
      vertex 6.6232 -2.94884 6.4
      vertex 21.9251 -9.76168 6.4
      vertex 6.72208 -2.7159 6.4
    endloop
  endfacet
  facet normal 0 0 1
    outer loop
      vertex 4.66021 5.55382 6.4
      vertex 15.4269 18.3851 6.4
      vertex 14.7759 18.9123 6.4
    endloop
  endfacet
  facet normal 0 0 1
    outer loop
      vertex 21.9251 -9.76168 6.4
      vertex 6.6232 -2.94884 6.4
      vertex 21.5711 -10.5209 6.4
    endloop
  endfacet
  facet normal 0 0 1
    outer loop
      vertex 4.46354 5.71308 6.4
      vertex 14.7759 18.9123 6.4
      vertex 14.1068 19.4164 6.4
    endloop
  endfacet
  facet normal -0 0 1
    outer loop
      vertex 6.51626 -3.17819 6.4
      vertex 21.5711 -10.5209 6.4
      vertex 6.6232 -2.94884 6.4
    endloop
  endfacet
  facet normal 0 0 1
    outer loop
      vertex 4.26144 5.86537 6.4
      vertex 14.1068 19.4164 6.4
      vertex 13.4206 19.8969 6.4
    endloop
  endfacet
  facet normal 0 0 1
    outer loop
      vertex 21.5711 -10.5209 6.4
      vertex 6.51626 -3.17819 6.4
      vertex 21.1907 -11.2673 6.4
    endloop
  endfacet
  facet normal 0 0 1
    outer loop
      vertex 4.05415 6.01052 6.4
      vertex 13.4206 19.8969 6.4
      vertex 12.7181 20.3532 6.4
    endloop
  endfacet
  facet normal -0 0 1
    outer loop
      vertex 6.40137 -3.40367 6.4
      vertex 21.1907 -11.2673 6.4
      vertex 6.51626 -3.17819 6.4
    endloop
  endfacet
  facet normal 0 0 1
    outer loop
      vertex 3.84191 6.14835 6.4
      vertex 12.7181 20.3532 6.4
      vertex 12 20.7846 6.4
    endloop
  endfacet
  facet normal 0 0 1
    outer loop
      vertex 21.1907 -11.2673 6.4
      vertex 6.40137 -3.40367 6.4
      vertex 20.7846 -12 6.4
    endloop
  endfacet
  facet normal 0 0 1
    outer loop
      vertex 3.625 6.27868 6.4
      vertex 12 20.7846 6.4
      vertex 11.2673 21.1907 6.4
    endloop
  endfacet
  facet normal -0 0 1
    outer loop
      vertex 6.27868 -3.625 6.4
      vertex 20.7846 -12 6.4
      vertex 6.40137 -3.40367 6.4
    endloop
  endfacet
  facet normal 0 0 1
    outer loop
      vertex 3.40367 6.40137 6.4
      vertex 11.2673 21.1907 6.4
      vertex 10.5209 21.5711 6.4
    endloop
  endfacet
  facet normal 0 0 1
    outer loop
      vertex 20.7846 -12 6.4
      vertex 6.27868 -3.625 6.4
      vertex 20.3532 -12.7181 6.4
    endloop
  endfacet
  facet normal 0 0 1
    outer loop
      vertex 3.17819 6.51626 6.4
      vertex 10.5209 21.5711 6.4
      vertex 9.76168 21.9251 6.4
    endloop
  endfacet
  facet normal -0 0 1
    outer loop
      vertex 6.14835 -3.84191 6.4
      vertex 20.3532 -12.7181 6.4
      vertex 6.27868 -3.625 6.4
    endloop
  endfacet
  facet normal 0 0 1
    outer loop
      vertex 2.94884 6.6232 6.4
      vertex 9.76168 21.9251 6.4
      vertex 8.99056 22.2524 6.4
    endloop
  endfacet
  facet normal 0 0 1
    outer loop
      vertex 20.3532 -12.7181 6.4
      vertex 6.14835 -3.84191 6.4
      vertex 19.8969 -13.4206 6.4
    endloop
  endfacet
  facet normal 0 0 1
    outer loop
      vertex 2.7159 6.72208 6.4
      vertex 8.99056 22.2524 6.4
      vertex 8.20848 22.5526 6.4
    endloop
  endfacet
  facet normal -0 0 1
    outer loop
      vertex 6.01052 -4.05415 6.4
      vertex 19.8969 -13.4206 6.4
      vertex 6.14835 -3.84191 6.4
    endloop
  endfacet
  facet normal 0 0 1
    outer loop
      vertex 2.47965 6.81277 6.4
      vertex 8.20848 22.5526 6.4
      vertex 7.41641 22.8254 6.4
    endloop
  endfacet
  facet normal 0 0 1
    outer loop
      vertex 19.8969 -13.4206 6.4
      vertex 6.01052 -4.05415 6.4
      vertex 19.4164 -14.1068 6.4
    endloop
  endfacet
  facet normal -0 0 1
    outer loop
      vertex 5.86537 -4.26144 6.4
      vertex 19.4164 -14.1068 6.4
      vertex 6.01052 -4.05415 6.4
    endloop
  endfacet
  facet normal 0 0 1
    outer loop
      vertex 23.9854 0.837587 6.4
      vertex 7.24558 0.253021 6.4
      vertex 7.25 0 6.4
    endloop
  endfacet
  facet normal 0 0 1
    outer loop
      vertex 23.9415 1.67416 6.4
      vertex 7.23234 0.505733 6.4
      vertex 7.24558 0.253021 6.4
    endloop
  endfacet
  facet normal 0 0 1
    outer loop
      vertex 23.8685 2.50868 6.4
      vertex 7.21028 0.757831 6.4
      vertex 7.23234 0.505733 6.4
    endloop
  endfacet
  facet normal 0 0 1
    outer loop
      vertex 23.7664 3.34015 6.4
      vertex 7.17944 1.009 6.4
      vertex 7.21028 0.757831 6.4
    endloop
  endfacet
  facet normal 0 0 1
    outer loop
      vertex 23.6354 4.16756 6.4
      vertex 7.13986 1.25895 6.4
      vertex 7.17944 1.009 6.4
    endloop
  endfacet
  facet normal 0 0 1
    outer loop
      vertex 23.4755 4.98988 6.4
      vertex 7.09157 1.50736 6.4
      vertex 7.13986 1.25895 6.4
    endloop
  endfacet
  facet normal 0 0 1
    outer loop
      vertex 23.2871 5.80612 6.4
      vertex 7.03464 1.75393 6.4
      vertex 7.09157 1.50736 6.4
    endloop
  endfacet
  facet normal 0 0 1
    outer loop
      vertex 23.0703 6.6153 6.4
      vertex 6.96915 1.99837 6.4
      vertex 7.03464 1.75393 6.4
    endloop
  endfacet
  facet normal 0 0 1
    outer loop
      vertex 22.8254 7.41641 6.4
      vertex 6.89516 2.24037 6.4
      vertex 6.96915 1.99837 6.4
    endloop
  endfacet
  facet normal 0 0 1
    outer loop
      vertex 22.5526 8.20848 6.4
      vertex 6.81277 2.47965 6.4
      vertex 6.89516 2.24037 6.4
    endloop
  endfacet
  facet normal 0 0 1
    outer loop
      vertex 22.2524 8.99056 6.4
      vertex 6.72208 2.7159 6.4
      vertex 6.81277 2.47965 6.4
    endloop
  endfacet
  facet normal 0 0 1
    outer loop
      vertex 21.9251 9.76168 6.4
      vertex 6.6232 2.94884 6.4
      vertex 6.72208 2.7159 6.4
    endloop
  endfacet
  facet normal 0 0 1
    outer loop
      vertex 2.24037 6.89516 6.4
      vertex 7.41641 22.8254 6.4
      vertex 6.6153 23.0703 6.4
    endloop
  endfacet
  facet normal 0 0 1
    outer loop
      vertex 21.5711 10.5209 6.4
      vertex 6.51626 3.17819 6.4
      vertex 6.6232 2.94884 6.4
    endloop
  endfacet
  facet normal 0 0 1
    outer loop
      vertex 21.1907 11.2673 6.4
      vertex 6.40137 3.40367 6.4
      vertex 6.51626 3.17819 6.4
    endloop
  endfacet
  facet normal 0 0 1
    outer loop
      vertex 20.7846 12 6.4
      vertex 6.27868 3.625 6.4
      vertex 6.40137 3.40367 6.4
    endloop
  endfacet
  facet normal 0 0 1
    outer loop
      vertex 20.3532 12.7181 6.4
      vertex 6.14835 3.84191 6.4
      vertex 6.27868 3.625 6.4
    endloop
  endfacet
  facet normal 0 0 1
    outer loop
      vertex 19.8969 13.4206 6.4
      vertex 6.01052 4.05415 6.4
      vertex 6.14835 3.84191 6.4
    endloop
  endfacet
  facet normal 0 0 1
    outer loop
      vertex 19.4164 14.1068 6.4
      vertex 5.86537 4.26144 6.4
      vertex 6.01052 4.05415 6.4
    endloop
  endfacet
  facet normal 0 0 1
    outer loop
      vertex 1.99837 6.96915 6.4
      vertex 6.6153 23.0703 6.4
      vertex 5.80612 23.2871 6.4
    endloop
  endfacet
  facet normal 0 0 1
    outer loop
      vertex 18.9123 14.7759 6.4
      vertex 5.71308 4.46354 6.4
      vertex 5.86537 4.26144 6.4
    endloop
  endfacet
  facet normal 0 0 1
    outer loop
      vertex 18.3851 15.4269 6.4
      vertex 5.55382 4.66021 6.4
      vertex 5.71308 4.46354 6.4
    endloop
  endfacet
  facet normal 0 0 1
    outer loop
      vertex 17.8355 16.0591 6.4
      vertex 5.3878 4.8512 6.4
      vertex 5.55382 4.66021 6.4
    endloop
  endfacet
  facet normal 0 0 1
    outer loop
      vertex 17.2642 16.6718 6.4
      vertex 5.21521 5.03627 6.4
      vertex 5.3878 4.8512 6.4
    endloop
  endfacet
  facet normal 0 0 1
    outer loop
      vertex 16.6718 17.2642 6.4
      vertex 5.03627 5.21521 6.4
      vertex 5.21521 5.03627 6.4
    endloop
  endfacet
  facet normal 0 0 1
    outer loop
      vertex 1.75393 7.03464 6.4
      vertex 5.80612 23.2871 6.4
      vertex 4.98988 23.4755 6.4
    endloop
  endfacet
  facet normal 0 0 1
    outer loop
      vertex 16.0591 17.8355 6.4
      vertex 4.8512 5.3878 6.4
      vertex 5.03627 5.21521 6.4
    endloop
  endfacet
  facet normal 0 0 1
    outer loop
      vertex 15.4269 18.3851 6.4
      vertex 4.66021 5.55382 6.4
      vertex 4.8512 5.3878 6.4
    endloop
  endfacet
  facet normal 0 0 1
    outer loop
      vertex 14.7759 18.9123 6.4
      vertex 4.46354 5.71308 6.4
      vertex 4.66021 5.55382 6.4
    endloop
  endfacet
  facet normal 0 0 1
    outer loop
      vertex 14.1068 19.4164 6.4
      vertex 4.26144 5.86537 6.4
      vertex 4.46354 5.71308 6.4
    endloop
  endfacet
  facet normal 0 0 1
    outer loop
      vertex 1.50736 7.09157 6.4
      vertex 4.98988 23.4755 6.4
      vertex 4.16756 23.6354 6.4
    endloop
  endfacet
  facet normal 0 0 1
    outer loop
      vertex 13.4206 19.8969 6.4
      vertex 4.05415 6.01052 6.4
      vertex 4.26144 5.86537 6.4
    endloop
  endfacet
  facet normal 0 0 1
    outer loop
      vertex 12.7181 20.3532 6.4
      vertex 3.84191 6.14835 6.4
      vertex 4.05415 6.01052 6.4
    endloop
  endfacet
  facet normal 0 0 1
    outer loop
      vertex 12 20.7846 6.4
      vertex 3.625 6.27868 6.4
      vertex 3.84191 6.14835 6.4
    endloop
  endfacet
  facet normal 0 0 1
    outer loop
      vertex 11.2673 21.1907 6.4
      vertex 3.40367 6.40137 6.4
      vertex 3.625 6.27868 6.4
    endloop
  endfacet
  facet normal 0 0 1
    outer loop
      vertex 1.25895 7.13986 6.4
      vertex 4.16756 23.6354 6.4
      vertex 3.34015 23.7664 6.4
    endloop
  endfacet
  facet normal 0 0 1
    outer loop
      vertex 10.5209 21.5711 6.4
      vertex 3.17819 6.51626 6.4
      vertex 3.40367 6.40137 6.4
    endloop
  endfacet
  facet normal 0 0 1
    outer loop
      vertex 9.76168 21.9251 6.4
      vertex 2.94884 6.6232 6.4
      vertex 3.17819 6.51626 6.4
    endloop
  endfacet
  facet normal 0 0 1
    outer loop
      vertex 8.99056 22.2524 6.4
      vertex 2.7159 6.72208 6.4
      vertex 2.94884 6.6232 6.4
    endloop
  endfacet
  facet normal 0 0 1
    outer loop
      vertex 1.009 7.17944 6.4
      vertex 3.34015 23.7664 6.4
      vertex 2.50868 23.8685 6.4
    endloop
  endfacet
  facet normal 0 0 1
    outer loop
      vertex 8.20848 22.5526 6.4
      vertex 2.47965 6.81277 6.4
      vertex 2.7159 6.72208 6.4
    endloop
  endfacet
  facet normal 0 0 1
    outer loop
      vertex 7.41641 22.8254 6.4
      vertex 2.24037 6.89516 6.4
      vertex 2.47965 6.81277 6.4
    endloop
  endfacet
  facet normal 0 0 1
    outer loop
      vertex 6.6153 23.0703 6.4
      vertex 1.99837 6.96915 6.4
      vertex 2.24037 6.89516 6.4
    endloop
  endfacet
  facet normal 0 0 1
    outer loop
      vertex 5.80612 23.2871 6.4
      vertex 1.75393 7.03464 6.4
      vertex 1.99837 6.96915 6.4
    endloop
  endfacet
  facet normal 0 0 1
    outer loop
      vertex 0.757831 7.21028 6.4
      vertex 2.50868 23.8685 6.4
      vertex 1.67416 23.9415 6.4
    endloop
  endfacet
  facet normal 0 0 1
    outer loop
      vertex 4.98988 23.4755 6.4
      vertex 1.50736 7.09157 6.4
      vertex 1.75393 7.03464 6.4
    endloop
  endfacet
  facet normal 0 0 1
    outer loop
      vertex 4.16756 23.6354 6.4
      vertex 1.25895 7.13986 6.4
      vertex 1.50736 7.09157 6.4
    endloop
  endfacet
  facet normal 0 0 1
    outer loop
      vertex 3.34015 23.7664 6.4
      vertex 1.009 7.17944 6.4
      vertex 1.25895 7.13986 6.4
    endloop
  endfacet
  facet normal 0 0 1
    outer loop
      vertex 0.505733 7.23234 6.4
      vertex 1.67416 23.9415 6.4
      vertex 0.837587 23.9854 6.4
    endloop
  endfacet
  facet normal 0 0 1
    outer loop
      vertex 2.50868 23.8685 6.4
      vertex 0.757831 7.21028 6.4
      vertex 1.009 7.17944 6.4
    endloop
  endfacet
  facet normal 0 0 1
    outer loop
      vertex 1.67416 23.9415 6.4
      vertex 0.505733 7.23234 6.4
      vertex 0.757831 7.21028 6.4
    endloop
  endfacet
  facet normal 0 0 1
    outer loop
      vertex 0.837587 23.9854 6.4
      vertex 0.253021 7.24558 6.4
      vertex 0.505733 7.23234 6.4
    endloop
  endfacet
  facet normal 0 0 1
    outer loop
      vertex 0 24 6.4
      vertex 0.253021 7.24558 6.4
      vertex 0.837587 23.9854 6.4
    endloop
  endfacet
  facet normal 0 0 1
    outer loop
      vertex 0 24 6.4
      vertex 0 7.25 6.4
      vertex 0.253021 7.24558 6.4
    endloop
  endfacet
  facet normal 0 0 1
    outer loop
      vertex 0 24 6.4
      vertex -0.253021 7.24558 6.4
      vertex 0 7.25 6.4
    endloop
  endfacet
  facet normal -0 0 1
    outer loop
      vertex -0.837587 23.9854 6.4
      vertex -0.253021 7.24558 6.4
      vertex 0 24 6.4
    endloop
  endfacet
  facet normal 0 0 1
    outer loop
      vertex -0.253021 7.24558 6.4
      vertex -0.837587 23.9854 6.4
      vertex -0.505733 7.23234 6.4
    endloop
  endfacet
  facet normal -0 0 1
    outer loop
      vertex -1.67416 23.9415 6.4
      vertex -0.505733 7.23234 6.4
      vertex -0.837587 23.9854 6.4
    endloop
  endfacet
  facet normal 0 0 1
    outer loop
      vertex -0.505733 7.23234 6.4
      vertex -1.67416 23.9415 6.4
      vertex -0.757831 7.21028 6.4
    endloop
  endfacet
  facet normal -0 0 1
    outer loop
      vertex -2.50868 23.8685 6.4
      vertex -0.757831 7.21028 6.4
      vertex -1.67416 23.9415 6.4
    endloop
  endfacet
  facet normal 0 0 1
    outer loop
      vertex -0.757831 7.21028 6.4
      vertex -2.50868 23.8685 6.4
      vertex -1.009 7.17944 6.4
    endloop
  endfacet
  facet normal -0 0 1
    outer loop
      vertex -3.34015 23.7664 6.4
      vertex -1.009 7.17944 6.4
      vertex -2.50868 23.8685 6.4
    endloop
  endfacet
  facet normal 0 0 1
    outer loop
      vertex -1.009 7.17944 6.4
      vertex -3.34015 23.7664 6.4
      vertex -1.25895 7.13986 6.4
    endloop
  endfacet
  facet normal -0 0 1
    outer loop
      vertex -4.16756 23.6354 6.4
      vertex -1.25895 7.13986 6.4
      vertex -3.34015 23.7664 6.4
    endloop
  endfacet
  facet normal 0 0 1
    outer loop
      vertex -1.25895 7.13986 6.4
      vertex -4.16756 23.6354 6.4
      vertex -1.50736 7.09157 6.4
    endloop
  endfacet
  facet normal -0 0 1
    outer loop
      vertex -4.98988 23.4755 6.4
      vertex -1.50736 7.09157 6.4
      vertex -4.16756 23.6354 6.4
    endloop
  endfacet
  facet normal 0 0 1
    outer loop
      vertex -1.50736 7.09157 6.4
      vertex -4.98988 23.4755 6.4
      vertex -1.75393 7.03464 6.4
    endloop
  endfacet
  facet normal -0 0 1
    outer loop
      vertex -5.80612 23.2871 6.4
      vertex -1.75393 7.03464 6.4
      vertex -4.98988 23.4755 6.4
    endloop
  endfacet
  facet normal 0 0 1
    outer loop
      vertex -1.75393 7.03464 6.4
      vertex -5.80612 23.2871 6.4
      vertex -1.99837 6.96915 6.4
    endloop
  endfacet
  facet normal -0 0 1
    outer loop
      vertex -6.6153 23.0703 6.4
      vertex -1.99837 6.96915 6.4
      vertex -5.80612 23.2871 6.4
    endloop
  endfacet
  facet normal 0 0 1
    outer loop
      vertex -1.99837 6.96915 6.4
      vertex -6.6153 23.0703 6.4
      vertex -2.24037 6.89516 6.4
    endloop
  endfacet
  facet normal -0 0 1
    outer loop
      vertex -7.41641 22.8254 6.4
      vertex -2.24037 6.89516 6.4
      vertex -6.6153 23.0703 6.4
    endloop
  endfacet
  facet normal 0 0 1
    outer loop
      vertex -2.24037 6.89516 6.4
      vertex -7.41641 22.8254 6.4
      vertex -2.47965 6.81277 6.4
    endloop
  endfacet
  facet normal -0 0 1
    outer loop
      vertex -8.20848 22.5526 6.4
      vertex -2.47965 6.81277 6.4
      vertex -7.41641 22.8254 6.4
    endloop
  endfacet
  facet normal 0 0 1
    outer loop
      vertex -2.47965 6.81277 6.4
      vertex -8.20848 22.5526 6.4
      vertex -2.7159 6.72208 6.4
    endloop
  endfacet
  facet normal -0 0 1
    outer loop
      vertex -8.99056 22.2524 6.4
      vertex -2.7159 6.72208 6.4
      vertex -8.20848 22.5526 6.4
    endloop
  endfacet
  facet normal 0 0 1
    outer loop
      vertex -2.7159 6.72208 6.4
      vertex -8.99056 22.2524 6.4
      vertex -2.94884 6.6232 6.4
    endloop
  endfacet
  facet normal -0 0 1
    outer loop
      vertex -9.76168 21.9251 6.4
      vertex -2.94884 6.6232 6.4
      vertex -8.99056 22.2524 6.4
    endloop
  endfacet
  facet normal 0 0 1
    outer loop
      vertex -2.94884 6.6232 6.4
      vertex -9.76168 21.9251 6.4
      vertex -3.17819 6.51626 6.4
    endloop
  endfacet
  facet normal -0 0 1
    outer loop
      vertex -10.5209 21.5711 6.4
      vertex -3.17819 6.51626 6.4
      vertex -9.76168 21.9251 6.4
    endloop
  endfacet
  facet normal 0 0 1
    outer loop
      vertex -3.17819 6.51626 6.4
      vertex -10.5209 21.5711 6.4
      vertex -3.40367 6.40137 6.4
    endloop
  endfacet
  facet normal -0 0 1
    outer loop
      vertex -11.2673 21.1907 6.4
      vertex -3.40367 6.40137 6.4
      vertex -10.5209 21.5711 6.4
    endloop
  endfacet
  facet normal 0 0 1
    outer loop
      vertex -3.40367 6.40137 6.4
      vertex -11.2673 21.1907 6.4
      vertex -3.625 6.27868 6.4
    endloop
  endfacet
  facet normal -0 0 1
    outer loop
      vertex -12 20.7846 6.4
      vertex -3.625 6.27868 6.4
      vertex -11.2673 21.1907 6.4
    endloop
  endfacet
  facet normal 0 0 1
    outer loop
      vertex -3.625 6.27868 6.4
      vertex -12 20.7846 6.4
      vertex -3.84191 6.14835 6.4
    endloop
  endfacet
  facet normal -0 0 1
    outer loop
      vertex -12.7181 20.3532 6.4
      vertex -3.84191 6.14835 6.4
      vertex -12 20.7846 6.4
    endloop
  endfacet
  facet normal 0 0 1
    outer loop
      vertex -3.84191 6.14835 6.4
      vertex -12.7181 20.3532 6.4
      vertex -4.05415 6.01052 6.4
    endloop
  endfacet
  facet normal -0 0 1
    outer loop
      vertex -13.4206 19.8969 6.4
      vertex -4.05415 6.01052 6.4
      vertex -12.7181 20.3532 6.4
    endloop
  endfacet
  facet normal 0 0 1
    outer loop
      vertex -4.05415 6.01052 6.4
      vertex -13.4206 19.8969 6.4
      vertex -4.26144 5.86537 6.4
    endloop
  endfacet
  facet normal -0 0 1
    outer loop
      vertex -14.1068 19.4164 6.4
      vertex -4.26144 5.86537 6.4
      vertex -13.4206 19.8969 6.4
    endloop
  endfacet
  facet normal 0 0 1
    outer loop
      vertex -4.26144 5.86537 6.4
      vertex -14.1068 19.4164 6.4
      vertex -4.46354 5.71308 6.4
    endloop
  endfacet
  facet normal -0 0 1
    outer loop
      vertex -14.7759 18.9123 6.4
      vertex -4.46354 5.71308 6.4
      vertex -14.1068 19.4164 6.4
    endloop
  endfacet
  facet normal 0 0 1
    outer loop
      vertex -4.46354 5.71308 6.4
      vertex -14.7759 18.9123 6.4
      vertex -4.66021 5.55382 6.4
    endloop
  endfacet
  facet normal -0 0 1
    outer loop
      vertex -15.4269 18.3851 6.4
      vertex -4.66021 5.55382 6.4
      vertex -14.7759 18.9123 6.4
    endloop
  endfacet
  facet normal 0 0 1
    outer loop
      vertex -4.66021 5.55382 6.4
      vertex -15.4269 18.3851 6.4
      vertex -4.8512 5.3878 6.4
    endloop
  endfacet
  facet normal -0 0 1
    outer loop
      vertex -16.0591 17.8355 6.4
      vertex -4.8512 5.3878 6.4
      vertex -15.4269 18.3851 6.4
    endloop
  endfacet
  facet normal 0 0 1
    outer loop
      vertex -4.8512 5.3878 6.4
      vertex -16.0591 17.8355 6.4
      vertex -5.03627 5.21521 6.4
    endloop
  endfacet
  facet normal -0 0 1
    outer loop
      vertex -16.6718 17.2642 6.4
      vertex -5.03627 5.21521 6.4
      vertex -16.0591 17.8355 6.4
    endloop
  endfacet
  facet normal 0 0 1
    outer loop
      vertex -5.03627 5.21521 6.4
      vertex -16.6718 17.2642 6.4
      vertex -5.21521 5.03627 6.4
    endloop
  endfacet
  facet normal -0 0 1
    outer loop
      vertex -17.2642 16.6718 6.4
      vertex -5.21521 5.03627 6.4
      vertex -16.6718 17.2642 6.4
    endloop
  endfacet
  facet normal 0 0 1
    outer loop
      vertex -5.21521 5.03627 6.4
      vertex -17.2642 16.6718 6.4
      vertex -5.3878 4.8512 6.4
    endloop
  endfacet
  facet normal -0 0 1
    outer loop
      vertex -17.8355 16.0591 6.4
      vertex -5.3878 4.8512 6.4
      vertex -17.2642 16.6718 6.4
    endloop
  endfacet
  facet normal 0 0 1
    outer loop
      vertex -5.3878 4.8512 6.4
      vertex -17.8355 16.0591 6.4
      vertex -5.55382 4.66021 6.4
    endloop
  endfacet
  facet normal -0 0 1
    outer loop
      vertex -18.3851 15.4269 6.4
      vertex -5.55382 4.66021 6.4
      vertex -17.8355 16.0591 6.4
    endloop
  endfacet
  facet normal 0 0 1
    outer loop
      vertex -5.55382 4.66021 6.4
      vertex -18.3851 15.4269 6.4
      vertex -5.71308 4.46354 6.4
    endloop
  endfacet
  facet normal -0 0 1
    outer loop
      vertex -18.9123 14.7759 6.4
      vertex -5.71308 4.46354 6.4
      vertex -18.3851 15.4269 6.4
    endloop
  endfacet
  facet normal -0 0 1
    outer loop
      vertex -19.4164 14.1068 6.4
      vertex -5.86537 4.26144 6.4
      vertex -18.9123 14.7759 6.4
    endloop
  endfacet
  facet normal 0 0 1
    outer loop
      vertex -5.71308 4.46354 6.4
      vertex -18.9123 14.7759 6.4
      vertex -5.86537 4.26144 6.4
    endloop
  endfacet
  facet normal 0 0 1
    outer loop
      vertex 19.4164 -14.1068 6.4
      vertex 5.86537 -4.26144 6.4
      vertex 18.9123 -14.7759 6.4
    endloop
  endfacet
  facet normal -0 0 1
    outer loop
      vertex 5.71308 -4.46354 6.4
      vertex 18.9123 -14.7759 6.4
      vertex 5.86537 -4.26144 6.4
    endloop
  endfacet
  facet normal 0 0 1
    outer loop
      vertex 18.9123 -14.7759 6.4
      vertex 5.71308 -4.46354 6.4
      vertex 18.3851 -15.4269 6.4
    endloop
  endfacet
  facet normal -0 0 1
    outer loop
      vertex 5.55382 -4.66021 6.4
      vertex 18.3851 -15.4269 6.4
      vertex 5.71308 -4.46354 6.4
    endloop
  endfacet
  facet normal 0 0 1
    outer loop
      vertex 18.3851 -15.4269 6.4
      vertex 5.55382 -4.66021 6.4
      vertex 17.8355 -16.0591 6.4
    endloop
  endfacet
  facet normal -0 0 1
    outer loop
      vertex 5.3878 -4.8512 6.4
      vertex 17.8355 -16.0591 6.4
      vertex 5.55382 -4.66021 6.4
    endloop
  endfacet
  facet normal 0 0 1
    outer loop
      vertex 17.8355 -16.0591 6.4
      vertex 5.3878 -4.8512 6.4
      vertex 17.2642 -16.6718 6.4
    endloop
  endfacet
  facet normal -0 0 1
    outer loop
      vertex 5.21521 -5.03627 6.4
      vertex 17.2642 -16.6718 6.4
      vertex 5.3878 -4.8512 6.4
    endloop
  endfacet
  facet normal 0 0 1
    outer loop
      vertex 17.2642 -16.6718 6.4
      vertex 5.21521 -5.03627 6.4
      vertex 16.6718 -17.2642 6.4
    endloop
  endfacet
  facet normal -0 0 1
    outer loop
      vertex 5.03627 -5.21521 6.4
      vertex 16.6718 -17.2642 6.4
      vertex 5.21521 -5.03627 6.4
    endloop
  endfacet
  facet normal 0 0 1
    outer loop
      vertex 16.6718 -17.2642 6.4
      vertex 5.03627 -5.21521 6.4
      vertex 16.0591 -17.8355 6.4
    endloop
  endfacet
  facet normal -0 0 1
    outer loop
      vertex 4.8512 -5.3878 6.4
      vertex 16.0591 -17.8355 6.4
      vertex 5.03627 -5.21521 6.4
    endloop
  endfacet
  facet normal 0 0 1
    outer loop
      vertex 16.0591 -17.8355 6.4
      vertex 4.8512 -5.3878 6.4
      vertex 15.4269 -18.3851 6.4
    endloop
  endfacet
  facet normal -0 0 1
    outer loop
      vertex 4.66021 -5.55382 6.4
      vertex 15.4269 -18.3851 6.4
      vertex 4.8512 -5.3878 6.4
    endloop
  endfacet
  facet normal 0 0 1
    outer loop
      vertex 15.4269 -18.3851 6.4
      vertex 4.66021 -5.55382 6.4
      vertex 14.7759 -18.9123 6.4
    endloop
  endfacet
  facet normal -0 0 1
    outer loop
      vertex 4.46354 -5.71308 6.4
      vertex 14.7759 -18.9123 6.4
      vertex 4.66021 -5.55382 6.4
    endloop
  endfacet
  facet normal 0 0 1
    outer loop
      vertex 14.7759 -18.9123 6.4
      vertex 4.46354 -5.71308 6.4
      vertex 14.1068 -19.4164 6.4
    endloop
  endfacet
  facet normal -0 0 1
    outer loop
      vertex 4.26144 -5.86537 6.4
      vertex 14.1068 -19.4164 6.4
      vertex 4.46354 -5.71308 6.4
    endloop
  endfacet
  facet normal 0 0 1
    outer loop
      vertex 14.1068 -19.4164 6.4
      vertex 4.26144 -5.86537 6.4
      vertex 13.4206 -19.8969 6.4
    endloop
  endfacet
  facet normal -0 0 1
    outer loop
      vertex 4.05415 -6.01052 6.4
      vertex 13.4206 -19.8969 6.4
      vertex 4.26144 -5.86537 6.4
    endloop
  endfacet
  facet normal 0 0 1
    outer loop
      vertex 13.4206 -19.8969 6.4
      vertex 4.05415 -6.01052 6.4
      vertex 12.7181 -20.3532 6.4
    endloop
  endfacet
  facet normal -0 0 1
    outer loop
      vertex 3.84191 -6.14835 6.4
      vertex 12.7181 -20.3532 6.4
      vertex 4.05415 -6.01052 6.4
    endloop
  endfacet
  facet normal 0 0 1
    outer loop
      vertex 12.7181 -20.3532 6.4
      vertex 3.84191 -6.14835 6.4
      vertex 12 -20.7846 6.4
    endloop
  endfacet
  facet normal -0 0 1
    outer loop
      vertex 3.625 -6.27868 6.4
      vertex 12 -20.7846 6.4
      vertex 3.84191 -6.14835 6.4
    endloop
  endfacet
  facet normal 0 0 1
    outer loop
      vertex 12 -20.7846 6.4
      vertex 3.625 -6.27868 6.4
      vertex 11.2673 -21.1907 6.4
    endloop
  endfacet
  facet normal -0 0 1
    outer loop
      vertex 3.40367 -6.40137 6.4
      vertex 11.2673 -21.1907 6.4
      vertex 3.625 -6.27868 6.4
    endloop
  endfacet
  facet normal 0 0 1
    outer loop
      vertex 11.2673 -21.1907 6.4
      vertex 3.40367 -6.40137 6.4
      vertex 10.5209 -21.5711 6.4
    endloop
  endfacet
  facet normal -0 0 1
    outer loop
      vertex 3.17819 -6.51626 6.4
      vertex 10.5209 -21.5711 6.4
      vertex 3.40367 -6.40137 6.4
    endloop
  endfacet
  facet normal 0 0 1
    outer loop
      vertex 10.5209 -21.5711 6.4
      vertex 3.17819 -6.51626 6.4
      vertex 9.76168 -21.9251 6.4
    endloop
  endfacet
  facet normal -0 0 1
    outer loop
      vertex 2.94884 -6.6232 6.4
      vertex 9.76168 -21.9251 6.4
      vertex 3.17819 -6.51626 6.4
    endloop
  endfacet
  facet normal 0 0 1
    outer loop
      vertex 9.76168 -21.9251 6.4
      vertex 2.94884 -6.6232 6.4
      vertex 8.99056 -22.2524 6.4
    endloop
  endfacet
  facet normal -0 0 1
    outer loop
      vertex 2.7159 -6.72208 6.4
      vertex 8.99056 -22.2524 6.4
      vertex 2.94884 -6.6232 6.4
    endloop
  endfacet
  facet normal 0 0 1
    outer loop
      vertex 8.99056 -22.2524 6.4
      vertex 2.7159 -6.72208 6.4
      vertex 8.20848 -22.5526 6.4
    endloop
  endfacet
  facet normal -0 0 1
    outer loop
      vertex 2.47965 -6.81277 6.4
      vertex 8.20848 -22.5526 6.4
      vertex 2.7159 -6.72208 6.4
    endloop
  endfacet
  facet normal 0 0 1
    outer loop
      vertex 8.20848 -22.5526 6.4
      vertex 2.47965 -6.81277 6.4
      vertex 7.41641 -22.8254 6.4
    endloop
  endfacet
  facet normal -0 0 1
    outer loop
      vertex 2.24037 -6.89516 6.4
      vertex 7.41641 -22.8254 6.4
      vertex 2.47965 -6.81277 6.4
    endloop
  endfacet
  facet normal 0 0 1
    outer loop
      vertex 7.41641 -22.8254 6.4
      vertex 2.24037 -6.89516 6.4
      vertex 6.6153 -23.0703 6.4
    endloop
  endfacet
  facet normal -0 0 1
    outer loop
      vertex 1.99837 -6.96915 6.4
      vertex 6.6153 -23.0703 6.4
      vertex 2.24037 -6.89516 6.4
    endloop
  endfacet
  facet normal 0 0 1
    outer loop
      vertex 6.6153 -23.0703 6.4
      vertex 1.99837 -6.96915 6.4
      vertex 5.80612 -23.2871 6.4
    endloop
  endfacet
  facet normal -0 0 1
    outer loop
      vertex 1.75393 -7.03464 6.4
      vertex 5.80612 -23.2871 6.4
      vertex 1.99837 -6.96915 6.4
    endloop
  endfacet
  facet normal 0 0 1
    outer loop
      vertex 5.80612 -23.2871 6.4
      vertex 1.75393 -7.03464 6.4
      vertex 4.98988 -23.4755 6.4
    endloop
  endfacet
  facet normal -0 0 1
    outer loop
      vertex 1.50736 -7.09157 6.4
      vertex 4.98988 -23.4755 6.4
      vertex 1.75393 -7.03464 6.4
    endloop
  endfacet
  facet normal 0 0 1
    outer loop
      vertex 4.98988 -23.4755 6.4
      vertex 1.50736 -7.09157 6.4
      vertex 4.16756 -23.6354 6.4
    endloop
  endfacet
  facet normal -0 0 1
    outer loop
      vertex 1.25895 -7.13986 6.4
      vertex 4.16756 -23.6354 6.4
      vertex 1.50736 -7.09157 6.4
    endloop
  endfacet
  facet normal 0 0 1
    outer loop
      vertex 4.16756 -23.6354 6.4
      vertex 1.25895 -7.13986 6.4
      vertex 3.34015 -23.7664 6.4
    endloop
  endfacet
  facet normal -0 0 1
    outer loop
      vertex 1.009 -7.17944 6.4
      vertex 3.34015 -23.7664 6.4
      vertex 1.25895 -7.13986 6.4
    endloop
  endfacet
  facet normal 0 0 1
    outer loop
      vertex 3.34015 -23.7664 6.4
      vertex 1.009 -7.17944 6.4
      vertex 2.50868 -23.8685 6.4
    endloop
  endfacet
  facet normal -0 0 1
    outer loop
      vertex 0.757831 -7.21028 6.4
      vertex 2.50868 -23.8685 6.4
      vertex 1.009 -7.17944 6.4
    endloop
  endfacet
  facet normal 0 0 1
    outer loop
      vertex 2.50868 -23.8685 6.4
      vertex 0.757831 -7.21028 6.4
      vertex 1.67416 -23.9415 6.4
    endloop
  endfacet
  facet normal -0 0 1
    outer loop
      vertex 0.505733 -7.23234 6.4
      vertex 1.67416 -23.9415 6.4
      vertex 0.757831 -7.21028 6.4
    endloop
  endfacet
  facet normal 0 0 1
    outer loop
      vertex 1.67416 -23.9415 6.4
      vertex 0.505733 -7.23234 6.4
      vertex 0.837587 -23.9854 6.4
    endloop
  endfacet
  facet normal -0 0 1
    outer loop
      vertex 0.253021 -7.24558 6.4
      vertex 0.837587 -23.9854 6.4
      vertex 0.505733 -7.23234 6.4
    endloop
  endfacet
  facet normal -0 0 1
    outer loop
      vertex 0 -7.25 6.4
      vertex 0.837587 -23.9854 6.4
      vertex 0.253021 -7.24558 6.4
    endloop
  endfacet
  facet normal 0 0 1
    outer loop
      vertex 0 -7.25 6.4
      vertex 0 -24 6.4
      vertex 0.837587 -23.9854 6.4
    endloop
  endfacet
  facet normal 0 0 1
    outer loop
      vertex -0.253021 -7.24558 6.4
      vertex 0 -24 6.4
      vertex 0 -7.25 6.4
    endloop
  endfacet
  facet normal 0 0 1
    outer loop
      vertex -0.837587 -23.9854 6.4
      vertex -0.253021 -7.24558 6.4
      vertex -0.505733 -7.23234 6.4
    endloop
  endfacet
  facet normal 0 0 1
    outer loop
      vertex -1.67416 -23.9415 6.4
      vertex -0.505733 -7.23234 6.4
      vertex -0.757831 -7.21028 6.4
    endloop
  endfacet
  facet normal 0 0 1
    outer loop
      vertex -0.253021 -7.24558 6.4
      vertex -0.837587 -23.9854 6.4
      vertex 0 -24 6.4
    endloop
  endfacet
  facet normal 0 0 1
    outer loop
      vertex -2.50868 -23.8685 6.4
      vertex -0.757831 -7.21028 6.4
      vertex -1.009 -7.17944 6.4
    endloop
  endfacet
  facet normal 0 0 1
    outer loop
      vertex -3.34015 -23.7664 6.4
      vertex -1.009 -7.17944 6.4
      vertex -1.25895 -7.13986 6.4
    endloop
  endfacet
  facet normal 0 0 1
    outer loop
      vertex -4.16756 -23.6354 6.4
      vertex -1.25895 -7.13986 6.4
      vertex -1.50736 -7.09157 6.4
    endloop
  endfacet
  facet normal 0 0 1
    outer loop
      vertex -0.505733 -7.23234 6.4
      vertex -1.67416 -23.9415 6.4
      vertex -0.837587 -23.9854 6.4
    endloop
  endfacet
  facet normal 0 0 1
    outer loop
      vertex -4.98988 -23.4755 6.4
      vertex -1.50736 -7.09157 6.4
      vertex -1.75393 -7.03464 6.4
    endloop
  endfacet
  facet normal 0 0 1
    outer loop
      vertex -5.80612 -23.2871 6.4
      vertex -1.75393 -7.03464 6.4
      vertex -1.99837 -6.96915 6.4
    endloop
  endfacet
  facet normal 0 0 1
    outer loop
      vertex -6.6153 -23.0703 6.4
      vertex -1.99837 -6.96915 6.4
      vertex -2.24037 -6.89516 6.4
    endloop
  endfacet
  facet normal 0 0 1
    outer loop
      vertex -7.41641 -22.8254 6.4
      vertex -2.24037 -6.89516 6.4
      vertex -2.47965 -6.81277 6.4
    endloop
  endfacet
  facet normal 0 0 1
    outer loop
      vertex -0.757831 -7.21028 6.4
      vertex -2.50868 -23.8685 6.4
      vertex -1.67416 -23.9415 6.4
    endloop
  endfacet
  facet normal 0 0 1
    outer loop
      vertex -8.20848 -22.5526 6.4
      vertex -2.47965 -6.81277 6.4
      vertex -2.7159 -6.72208 6.4
    endloop
  endfacet
  facet normal 0 0 1
    outer loop
      vertex -8.99056 -22.2524 6.4
      vertex -2.7159 -6.72208 6.4
      vertex -2.94884 -6.6232 6.4
    endloop
  endfacet
  facet normal 0 0 1
    outer loop
      vertex -9.76168 -21.9251 6.4
      vertex -2.94884 -6.6232 6.4
      vertex -3.17819 -6.51626 6.4
    endloop
  endfacet
  facet normal 0 0 1
    outer loop
      vertex -1.009 -7.17944 6.4
      vertex -3.34015 -23.7664 6.4
      vertex -2.50868 -23.8685 6.4
    endloop
  endfacet
  facet normal 0 0 1
    outer loop
      vertex -10.5209 -21.5711 6.4
      vertex -3.17819 -6.51626 6.4
      vertex -3.40367 -6.40137 6.4
    endloop
  endfacet
  facet normal 0 0 1
    outer loop
      vertex -11.2673 -21.1907 6.4
      vertex -3.40367 -6.40137 6.4
      vertex -3.625 -6.27868 6.4
    endloop
  endfacet
  facet normal 0 0 1
    outer loop
      vertex -12 -20.7846 6.4
      vertex -3.625 -6.27868 6.4
      vertex -3.84191 -6.14835 6.4
    endloop
  endfacet
  facet normal 0 0 1
    outer loop
      vertex -12.7181 -20.3532 6.4
      vertex -3.84191 -6.14835 6.4
      vertex -4.05415 -6.01052 6.4
    endloop
  endfacet
  facet normal 0 0 1
    outer loop
      vertex -1.25895 -7.13986 6.4
      vertex -4.16756 -23.6354 6.4
      vertex -3.34015 -23.7664 6.4
    endloop
  endfacet
  facet normal 0 0 1
    outer loop
      vertex -13.4206 -19.8969 6.4
      vertex -4.05415 -6.01052 6.4
      vertex -4.26144 -5.86537 6.4
    endloop
  endfacet
  facet normal 0 0 1
    outer loop
      vertex -14.1068 -19.4164 6.4
      vertex -4.26144 -5.86537 6.4
      vertex -4.46354 -5.71308 6.4
    endloop
  endfacet
  facet normal 0 0 1
    outer loop
      vertex -14.7759 -18.9123 6.4
      vertex -4.46354 -5.71308 6.4
      vertex -4.66021 -5.55382 6.4
    endloop
  endfacet
  facet normal 0 0 1
    outer loop
      vertex -15.4269 -18.3851 6.4
      vertex -4.66021 -5.55382 6.4
      vertex -4.8512 -5.3878 6.4
    endloop
  endfacet
  facet normal 0 0 1
    outer loop
      vertex -1.50736 -7.09157 6.4
      vertex -4.98988 -23.4755 6.4
      vertex -4.16756 -23.6354 6.4
    endloop
  endfacet
  facet normal 0 0 1
    outer loop
      vertex -16.0591 -17.8355 6.4
      vertex -4.8512 -5.3878 6.4
      vertex -5.03627 -5.21521 6.4
    endloop
  endfacet
  facet normal 0 0 1
    outer loop
      vertex -16.6718 -17.2642 6.4
      vertex -5.03627 -5.21521 6.4
      vertex -5.21521 -5.03627 6.4
    endloop
  endfacet
  facet normal 0 0 1
    outer loop
      vertex -17.2642 -16.6718 6.4
      vertex -5.21521 -5.03627 6.4
      vertex -5.3878 -4.8512 6.4
    endloop
  endfacet
  facet normal 0 0 1
    outer loop
      vertex -17.8355 -16.0591 6.4
      vertex -5.3878 -4.8512 6.4
      vertex -5.55382 -4.66021 6.4
    endloop
  endfacet
  facet normal 0 0 1
    outer loop
      vertex -18.3851 -15.4269 6.4
      vertex -5.55382 -4.66021 6.4
      vertex -5.71308 -4.46354 6.4
    endloop
  endfacet
  facet normal 0 0 1
    outer loop
      vertex -1.75393 -7.03464 6.4
      vertex -5.80612 -23.2871 6.4
      vertex -4.98988 -23.4755 6.4
    endloop
  endfacet
  facet normal 0 0 1
    outer loop
      vertex -18.9123 -14.7759 6.4
      vertex -5.71308 -4.46354 6.4
      vertex -5.86537 -4.26144 6.4
    endloop
  endfacet
  facet normal 0 0 1
    outer loop
      vertex -19.4164 -14.1068 6.4
      vertex -5.86537 -4.26144 6.4
      vertex -6.01052 -4.05415 6.4
    endloop
  endfacet
  facet normal 0 0 1
    outer loop
      vertex -19.8969 -13.4206 6.4
      vertex -6.01052 -4.05415 6.4
      vertex -6.14835 -3.84191 6.4
    endloop
  endfacet
  facet normal 0 0 1
    outer loop
      vertex -20.3532 -12.7181 6.4
      vertex -6.14835 -3.84191 6.4
      vertex -6.27868 -3.625 6.4
    endloop
  endfacet
  facet normal 0 0 1
    outer loop
      vertex -20.7846 -12 6.4
      vertex -6.27868 -3.625 6.4
      vertex -6.40137 -3.40367 6.4
    endloop
  endfacet
  facet normal 0 0 1
    outer loop
      vertex -21.1907 -11.2673 6.4
      vertex -6.40137 -3.40367 6.4
      vertex -6.51626 -3.17819 6.4
    endloop
  endfacet
  facet normal 0 0 1
    outer loop
      vertex -1.99837 -6.96915 6.4
      vertex -6.6153 -23.0703 6.4
      vertex -5.80612 -23.2871 6.4
    endloop
  endfacet
  facet normal 0 0 1
    outer loop
      vertex -21.5711 -10.5209 6.4
      vertex -6.51626 -3.17819 6.4
      vertex -6.6232 -2.94884 6.4
    endloop
  endfacet
  facet normal 0 0 1
    outer loop
      vertex -21.9251 -9.76168 6.4
      vertex -6.6232 -2.94884 6.4
      vertex -6.72208 -2.7159 6.4
    endloop
  endfacet
  facet normal 0 0 1
    outer loop
      vertex -22.2524 -8.99056 6.4
      vertex -6.72208 -2.7159 6.4
      vertex -6.81277 -2.47965 6.4
    endloop
  endfacet
  facet normal 0 0 1
    outer loop
      vertex -22.5526 -8.20848 6.4
      vertex -6.81277 -2.47965 6.4
      vertex -6.89516 -2.24037 6.4
    endloop
  endfacet
  facet normal 0 0 1
    outer loop
      vertex -22.8254 -7.41641 6.4
      vertex -6.89516 -2.24037 6.4
      vertex -6.96915 -1.99837 6.4
    endloop
  endfacet
  facet normal 0 0 1
    outer loop
      vertex -23.0703 -6.6153 6.4
      vertex -6.96915 -1.99837 6.4
      vertex -7.03464 -1.75393 6.4
    endloop
  endfacet
  facet normal 0 0 1
    outer loop
      vertex -23.2871 -5.80612 6.4
      vertex -7.03464 -1.75393 6.4
      vertex -7.09157 -1.50736 6.4
    endloop
  endfacet
  facet normal 0 0 1
    outer loop
      vertex -23.4755 -4.98988 6.4
      vertex -7.09157 -1.50736 6.4
      vertex -7.13986 -1.25895 6.4
    endloop
  endfacet
  facet normal 0 0 1
    outer loop
      vertex -23.6354 -4.16756 6.4
      vertex -7.13986 -1.25895 6.4
      vertex -7.17944 -1.009 6.4
    endloop
  endfacet
  facet normal 0 0 1
    outer loop
      vertex -23.7664 -3.34015 6.4
      vertex -7.17944 -1.009 6.4
      vertex -7.21028 -0.757831 6.4
    endloop
  endfacet
  facet normal 0 0 1
    outer loop
      vertex -23.8685 -2.50868 6.4
      vertex -7.21028 -0.757831 6.4
      vertex -7.23234 -0.505733 6.4
    endloop
  endfacet
  facet normal 0 0 1
    outer loop
      vertex -23.9415 -1.67416 6.4
      vertex -7.23234 -0.505733 6.4
      vertex -7.24558 -0.253021 6.4
    endloop
  endfacet
  facet normal 0 0 1
    outer loop
      vertex -2.24037 -6.89516 6.4
      vertex -7.41641 -22.8254 6.4
      vertex -6.6153 -23.0703 6.4
    endloop
  endfacet
  facet normal 0 0 1
    outer loop
      vertex -23.9854 -0.837587 6.4
      vertex -7.24558 -0.253021 6.4
      vertex -7.25 0 6.4
    endloop
  endfacet
  facet normal 0 0 1
    outer loop
      vertex -5.86537 4.26144 6.4
      vertex -19.4164 14.1068 6.4
      vertex -6.01052 4.05415 6.4
    endloop
  endfacet
  facet normal -0 0 1
    outer loop
      vertex -19.8969 13.4206 6.4
      vertex -6.01052 4.05415 6.4
      vertex -19.4164 14.1068 6.4
    endloop
  endfacet
  facet normal 0 0 1
    outer loop
      vertex -2.47965 -6.81277 6.4
      vertex -8.20848 -22.5526 6.4
      vertex -7.41641 -22.8254 6.4
    endloop
  endfacet
  facet normal 0 0 1
    outer loop
      vertex -6.01052 4.05415 6.4
      vertex -19.8969 13.4206 6.4
      vertex -6.14835 3.84191 6.4
    endloop
  endfacet
  facet normal 0 0 1
    outer loop
      vertex -2.7159 -6.72208 6.4
      vertex -8.99056 -22.2524 6.4
      vertex -8.20848 -22.5526 6.4
    endloop
  endfacet
  facet normal -0 0 1
    outer loop
      vertex -20.3532 12.7181 6.4
      vertex -6.14835 3.84191 6.4
      vertex -19.8969 13.4206 6.4
    endloop
  endfacet
  facet normal 0 0 1
    outer loop
      vertex -2.94884 -6.6232 6.4
      vertex -9.76168 -21.9251 6.4
      vertex -8.99056 -22.2524 6.4
    endloop
  endfacet
  facet normal 0 0 1
    outer loop
      vertex -6.14835 3.84191 6.4
      vertex -20.3532 12.7181 6.4
      vertex -6.27868 3.625 6.4
    endloop
  endfacet
  facet normal 0 0 1
    outer loop
      vertex -3.17819 -6.51626 6.4
      vertex -10.5209 -21.5711 6.4
      vertex -9.76168 -21.9251 6.4
    endloop
  endfacet
  facet normal -0 0 1
    outer loop
      vertex -20.7846 12 6.4
      vertex -6.27868 3.625 6.4
      vertex -20.3532 12.7181 6.4
    endloop
  endfacet
  facet normal 0 0 1
    outer loop
      vertex -3.40367 -6.40137 6.4
      vertex -11.2673 -21.1907 6.4
      vertex -10.5209 -21.5711 6.4
    endloop
  endfacet
  facet normal 0 0 1
    outer loop
      vertex -6.27868 3.625 6.4
      vertex -20.7846 12 6.4
      vertex -6.40137 3.40367 6.4
    endloop
  endfacet
  facet normal 0 0 1
    outer loop
      vertex -3.625 -6.27868 6.4
      vertex -12 -20.7846 6.4
      vertex -11.2673 -21.1907 6.4
    endloop
  endfacet
  facet normal -0 0 1
    outer loop
      vertex -21.1907 11.2673 6.4
      vertex -6.40137 3.40367 6.4
      vertex -20.7846 12 6.4
    endloop
  endfacet
  facet normal 0 0 1
    outer loop
      vertex -3.84191 -6.14835 6.4
      vertex -12.7181 -20.3532 6.4
      vertex -12 -20.7846 6.4
    endloop
  endfacet
  facet normal 0 0 1
    outer loop
      vertex -6.40137 3.40367 6.4
      vertex -21.1907 11.2673 6.4
      vertex -6.51626 3.17819 6.4
    endloop
  endfacet
  facet normal 0 0 1
    outer loop
      vertex -4.05415 -6.01052 6.4
      vertex -13.4206 -19.8969 6.4
      vertex -12.7181 -20.3532 6.4
    endloop
  endfacet
  facet normal -0 0 1
    outer loop
      vertex -21.5711 10.5209 6.4
      vertex -6.51626 3.17819 6.4
      vertex -21.1907 11.2673 6.4
    endloop
  endfacet
  facet normal 0 0 1
    outer loop
      vertex -4.26144 -5.86537 6.4
      vertex -14.1068 -19.4164 6.4
      vertex -13.4206 -19.8969 6.4
    endloop
  endfacet
  facet normal 0 0 1
    outer loop
      vertex -6.51626 3.17819 6.4
      vertex -21.5711 10.5209 6.4
      vertex -6.6232 2.94884 6.4
    endloop
  endfacet
  facet normal 0 0 1
    outer loop
      vertex -4.46354 -5.71308 6.4
      vertex -14.7759 -18.9123 6.4
      vertex -14.1068 -19.4164 6.4
    endloop
  endfacet
  facet normal -0 0 1
    outer loop
      vertex -21.9251 9.76168 6.4
      vertex -6.6232 2.94884 6.4
      vertex -21.5711 10.5209 6.4
    endloop
  endfacet
  facet normal 0 0 1
    outer loop
      vertex -4.66021 -5.55382 6.4
      vertex -15.4269 -18.3851 6.4
      vertex -14.7759 -18.9123 6.4
    endloop
  endfacet
  facet normal 0 0 1
    outer loop
      vertex -6.6232 2.94884 6.4
      vertex -21.9251 9.76168 6.4
      vertex -6.72208 2.7159 6.4
    endloop
  endfacet
  facet normal 0 0 1
    outer loop
      vertex -4.8512 -5.3878 6.4
      vertex -16.0591 -17.8355 6.4
      vertex -15.4269 -18.3851 6.4
    endloop
  endfacet
  facet normal -0 0 1
    outer loop
      vertex -22.2524 8.99056 6.4
      vertex -6.72208 2.7159 6.4
      vertex -21.9251 9.76168 6.4
    endloop
  endfacet
  facet normal 0 0 1
    outer loop
      vertex -5.03627 -5.21521 6.4
      vertex -16.6718 -17.2642 6.4
      vertex -16.0591 -17.8355 6.4
    endloop
  endfacet
  facet normal 0 0 1
    outer loop
      vertex -6.72208 2.7159 6.4
      vertex -22.2524 8.99056 6.4
      vertex -6.81277 2.47965 6.4
    endloop
  endfacet
  facet normal 0 0 1
    outer loop
      vertex -5.21521 -5.03627 6.4
      vertex -17.2642 -16.6718 6.4
      vertex -16.6718 -17.2642 6.4
    endloop
  endfacet
  facet normal -0 0 1
    outer loop
      vertex -22.5526 8.20848 6.4
      vertex -6.81277 2.47965 6.4
      vertex -22.2524 8.99056 6.4
    endloop
  endfacet
  facet normal 0 0 1
    outer loop
      vertex -5.3878 -4.8512 6.4
      vertex -17.8355 -16.0591 6.4
      vertex -17.2642 -16.6718 6.4
    endloop
  endfacet
  facet normal 0 0 1
    outer loop
      vertex -6.81277 2.47965 6.4
      vertex -22.5526 8.20848 6.4
      vertex -6.89516 2.24037 6.4
    endloop
  endfacet
  facet normal 0 0 1
    outer loop
      vertex -5.55382 -4.66021 6.4
      vertex -18.3851 -15.4269 6.4
      vertex -17.8355 -16.0591 6.4
    endloop
  endfacet
  facet normal -0 0 1
    outer loop
      vertex -22.8254 7.41641 6.4
      vertex -6.89516 2.24037 6.4
      vertex -22.5526 8.20848 6.4
    endloop
  endfacet
  facet normal 0 0 1
    outer loop
      vertex -5.71308 -4.46354 6.4
      vertex -18.9123 -14.7759 6.4
      vertex -18.3851 -15.4269 6.4
    endloop
  endfacet
  facet normal 0 0 1
    outer loop
      vertex -6.89516 2.24037 6.4
      vertex -22.8254 7.41641 6.4
      vertex -6.96915 1.99837 6.4
    endloop
  endfacet
  facet normal 0 0 1
    outer loop
      vertex -5.86537 -4.26144 6.4
      vertex -19.4164 -14.1068 6.4
      vertex -18.9123 -14.7759 6.4
    endloop
  endfacet
  facet normal -0 0 1
    outer loop
      vertex -23.0703 6.6153 6.4
      vertex -6.96915 1.99837 6.4
      vertex -22.8254 7.41641 6.4
    endloop
  endfacet
  facet normal 0 0 1
    outer loop
      vertex -6.01052 -4.05415 6.4
      vertex -19.8969 -13.4206 6.4
      vertex -19.4164 -14.1068 6.4
    endloop
  endfacet
  facet normal 0 0 1
    outer loop
      vertex -6.96915 1.99837 6.4
      vertex -23.0703 6.6153 6.4
      vertex -7.03464 1.75393 6.4
    endloop
  endfacet
  facet normal 0 0 1
    outer loop
      vertex -6.14835 -3.84191 6.4
      vertex -20.3532 -12.7181 6.4
      vertex -19.8969 -13.4206 6.4
    endloop
  endfacet
  facet normal -0 0 1
    outer loop
      vertex -23.2871 5.80612 6.4
      vertex -7.03464 1.75393 6.4
      vertex -23.0703 6.6153 6.4
    endloop
  endfacet
  facet normal 0 0 1
    outer loop
      vertex -6.27868 -3.625 6.4
      vertex -20.7846 -12 6.4
      vertex -20.3532 -12.7181 6.4
    endloop
  endfacet
  facet normal 0 0 1
    outer loop
      vertex -7.03464 1.75393 6.4
      vertex -23.2871 5.80612 6.4
      vertex -7.09157 1.50736 6.4
    endloop
  endfacet
  facet normal 0 0 1
    outer loop
      vertex -6.40137 -3.40367 6.4
      vertex -21.1907 -11.2673 6.4
      vertex -20.7846 -12 6.4
    endloop
  endfacet
  facet normal -0 0 1
    outer loop
      vertex -23.4755 4.98988 6.4
      vertex -7.09157 1.50736 6.4
      vertex -23.2871 5.80612 6.4
    endloop
  endfacet
  facet normal 0 0 1
    outer loop
      vertex -6.51626 -3.17819 6.4
      vertex -21.5711 -10.5209 6.4
      vertex -21.1907 -11.2673 6.4
    endloop
  endfacet
  facet normal 0 0 1
    outer loop
      vertex -7.09157 1.50736 6.4
      vertex -23.4755 4.98988 6.4
      vertex -7.13986 1.25895 6.4
    endloop
  endfacet
  facet normal 0 0 1
    outer loop
      vertex -6.6232 -2.94884 6.4
      vertex -21.9251 -9.76168 6.4
      vertex -21.5711 -10.5209 6.4
    endloop
  endfacet
  facet normal -0 0 1
    outer loop
      vertex -23.6354 4.16756 6.4
      vertex -7.13986 1.25895 6.4
      vertex -23.4755 4.98988 6.4
    endloop
  endfacet
  facet normal 0 0 1
    outer loop
      vertex -6.72208 -2.7159 6.4
      vertex -22.2524 -8.99056 6.4
      vertex -21.9251 -9.76168 6.4
    endloop
  endfacet
  facet normal 0 0 1
    outer loop
      vertex -7.13986 1.25895 6.4
      vertex -23.6354 4.16756 6.4
      vertex -7.17944 1.009 6.4
    endloop
  endfacet
  facet normal 0 0 1
    outer loop
      vertex -6.81277 -2.47965 6.4
      vertex -22.5526 -8.20848 6.4
      vertex -22.2524 -8.99056 6.4
    endloop
  endfacet
  facet normal -0 0 1
    outer loop
      vertex -23.7664 3.34015 6.4
      vertex -7.17944 1.009 6.4
      vertex -23.6354 4.16756 6.4
    endloop
  endfacet
  facet normal 0 0 1
    outer loop
      vertex -6.89516 -2.24037 6.4
      vertex -22.8254 -7.41641 6.4
      vertex -22.5526 -8.20848 6.4
    endloop
  endfacet
  facet normal 0 0 1
    outer loop
      vertex -7.17944 1.009 6.4
      vertex -23.7664 3.34015 6.4
      vertex -7.21028 0.757831 6.4
    endloop
  endfacet
  facet normal 0 0 1
    outer loop
      vertex -6.96915 -1.99837 6.4
      vertex -23.0703 -6.6153 6.4
      vertex -22.8254 -7.41641 6.4
    endloop
  endfacet
  facet normal -0 0 1
    outer loop
      vertex -23.8685 2.50868 6.4
      vertex -7.21028 0.757831 6.4
      vertex -23.7664 3.34015 6.4
    endloop
  endfacet
  facet normal 0 0 1
    outer loop
      vertex -7.03464 -1.75393 6.4
      vertex -23.2871 -5.80612 6.4
      vertex -23.0703 -6.6153 6.4
    endloop
  endfacet
  facet normal 0 0 1
    outer loop
      vertex -7.21028 0.757831 6.4
      vertex -23.8685 2.50868 6.4
      vertex -7.23234 0.505733 6.4
    endloop
  endfacet
  facet normal 0 0 1
    outer loop
      vertex -7.09157 -1.50736 6.4
      vertex -23.4755 -4.98988 6.4
      vertex -23.2871 -5.80612 6.4
    endloop
  endfacet
  facet normal -0 0 1
    outer loop
      vertex -23.9415 1.67416 6.4
      vertex -7.23234 0.505733 6.4
      vertex -23.8685 2.50868 6.4
    endloop
  endfacet
  facet normal 0 0 1
    outer loop
      vertex -7.13986 -1.25895 6.4
      vertex -23.6354 -4.16756 6.4
      vertex -23.4755 -4.98988 6.4
    endloop
  endfacet
  facet normal 0 0 1
    outer loop
      vertex -7.23234 0.505733 6.4
      vertex -23.9415 1.67416 6.4
      vertex -7.24558 0.253021 6.4
    endloop
  endfacet
  facet normal 0 0 1
    outer loop
      vertex -7.17944 -1.009 6.4
      vertex -23.7664 -3.34015 6.4
      vertex -23.6354 -4.16756 6.4
    endloop
  endfacet
  facet normal -0 0 1
    outer loop
      vertex -23.9854 0.837587 6.4
      vertex -7.24558 0.253021 6.4
      vertex -23.9415 1.67416 6.4
    endloop
  endfacet
  facet normal 0 0 1
    outer loop
      vertex -7.21028 -0.757831 6.4
      vertex -23.8685 -2.50868 6.4
      vertex -23.7664 -3.34015 6.4
    endloop
  endfacet
  facet normal 0 0 1
    outer loop
      vertex -7.24558 0.253021 6.4
      vertex -23.9854 0.837587 6.4
      vertex -7.25 0 6.4
    endloop
  endfacet
  facet normal 0 0 1
    outer loop
      vertex -7.23234 -0.505733 6.4
      vertex -23.9415 -1.67416 6.4
      vertex -23.8685 -2.50868 6.4
    endloop
  endfacet
  facet normal 0 0 1
    outer loop
      vertex -24 0 6.4
      vertex -7.25 0 6.4
      vertex -23.9854 0.837587 6.4
    endloop
  endfacet
  facet normal 0 0 1
    outer loop
      vertex -7.24558 -0.253021 6.4
      vertex -23.9854 -0.837587 6.4
      vertex -23.9415 -1.67416 6.4
    endloop
  endfacet
  facet normal 0 0 1
    outer loop
      vertex -7.25 0 6.4
      vertex -24 0 6.4
      vertex -23.9854 -0.837587 6.4
    endloop
  endfacet
  facet normal -0.629342 0.777128 0
    outer loop
      vertex -14.7759 18.9123 0
      vertex -15.4269 18.3851 6.4
      vertex -14.7759 18.9123 6.4
    endloop
  endfacet
  facet normal -0.629342 0.777128 0
    outer loop
      vertex -15.4269 18.3851 6.4
      vertex -14.7759 18.9123 0
      vertex -15.4269 18.3851 0
    endloop
  endfacet
  facet normal -0.656084 0.754688 0
    outer loop
      vertex -15.4269 18.3851 0
      vertex -16.0591 17.8355 6.4
      vertex -15.4269 18.3851 6.4
    endloop
  endfacet
  facet normal -0.656084 0.754688 0
    outer loop
      vertex -16.0591 17.8355 6.4
      vertex -15.4269 18.3851 0
      vertex -16.0591 17.8355 0
    endloop
  endfacet
  facet normal -0.39071 0.920514 0
    outer loop
      vertex -8.99056 22.2524 0
      vertex -9.76168 21.9251 6.4
      vertex -8.99056 22.2524 6.4
    endloop
  endfacet
  facet normal -0.39071 0.920514 0
    outer loop
      vertex -9.76168 21.9251 6.4
      vertex -8.99056 22.2524 0
      vertex -9.76168 21.9251 0
    endloop
  endfacet
  facet normal -0.484771 0.874641 0
    outer loop
      vertex -11.2673 21.1907 0
      vertex -12 20.7846 6.4
      vertex -11.2673 21.1907 6.4
    endloop
  endfacet
  facet normal -0.484771 0.874641 0
    outer loop
      vertex -12 20.7846 6.4
      vertex -11.2673 21.1907 0
      vertex -12 20.7846 0
    endloop
  endfacet
  facet normal -0.454076 0.890963 0
    outer loop
      vertex -10.5209 21.5711 0
      vertex -11.2673 21.1907 6.4
      vertex -10.5209 21.5711 6.4
    endloop
  endfacet
  facet normal -0.454076 0.890963 0
    outer loop
      vertex -11.2673 21.1907 6.4
      vertex -10.5209 21.5711 0
      vertex -11.2673 21.1907 0
    endloop
  endfacet
  facet normal -0.573591 0.819142 0
    outer loop
      vertex -13.4206 19.8969 0
      vertex -14.1068 19.4164 6.4
      vertex -13.4206 19.8969 6.4
    endloop
  endfacet
  facet normal -0.573591 0.819142 0
    outer loop
      vertex -14.1068 19.4164 6.4
      vertex -13.4206 19.8969 0
      vertex -14.1068 19.4164 0
    endloop
  endfacet
  facet normal -0.292346 0.956313 0
    outer loop
      vertex -6.6153 23.0703 0
      vertex -7.41641 22.8254 6.4
      vertex -6.6153 23.0703 6.4
    endloop
  endfacet
  facet normal -0.292346 0.956313 0
    outer loop
      vertex -7.41641 22.8254 6.4
      vertex -6.6153 23.0703 0
      vertex -7.41641 22.8254 0
    endloop
  endfacet
  facet normal -0.325641 0.945493 0
    outer loop
      vertex -7.41641 22.8254 0
      vertex -8.20848 22.5526 6.4
      vertex -7.41641 22.8254 6.4
    endloop
  endfacet
  facet normal -0.325641 0.945493 0
    outer loop
      vertex -8.20848 22.5526 6.4
      vertex -7.41641 22.8254 0
      vertex -8.20848 22.5526 0
    endloop
  endfacet
  facet normal -0.121879 0.992545 0
    outer loop
      vertex -2.50868 23.8685 0
      vertex -3.34015 23.7664 6.4
      vertex -2.50868 23.8685 6.4
    endloop
  endfacet
  facet normal -0.121879 0.992545 0
    outer loop
      vertex -3.34015 23.7664 6.4
      vertex -2.50868 23.8685 0
      vertex -3.34015 23.7664 0
    endloop
  endfacet
  facet normal -0.156378 0.987697 0
    outer loop
      vertex -3.34015 23.7664 0
      vertex -4.16756 23.6354 6.4
      vertex -3.34015 23.7664 6.4
    endloop
  endfacet
  facet normal -0.156378 0.987697 0
    outer loop
      vertex -4.16756 23.6354 6.4
      vertex -3.34015 23.7664 0
      vertex -4.16756 23.6354 0
    endloop
  endfacet
  facet normal -0.0174284 0.999848 0
    outer loop
      vertex 0 24 0
      vertex -0.837587 23.9854 6.4
      vertex 0 24 6.4
    endloop
  endfacet
  facet normal -0.0174284 0.999848 0
    outer loop
      vertex -0.837587 23.9854 6.4
      vertex 0 24 0
      vertex -0.837587 23.9854 0
    endloop
  endfacet
  facet normal 0.0174284 -0.999848 0
    outer loop
      vertex 0 -24 0
      vertex 0.837587 -23.9854 6.4
      vertex 0 -24 6.4
    endloop
  endfacet
  facet normal 0.0174284 -0.999848 0
    outer loop
      vertex 0.837587 -23.9854 6.4
      vertex 0 -24 0
      vertex 0.837587 -23.9854 0
    endloop
  endfacet
  facet normal 0.0871427 -0.996196 0
    outer loop
      vertex 1.67416 -23.9415 0
      vertex 2.50868 -23.8685 6.4
      vertex 1.67416 -23.9415 6.4
    endloop
  endfacet
  facet normal 0.0871427 -0.996196 0
    outer loop
      vertex 2.50868 -23.8685 6.4
      vertex 1.67416 -23.9415 0
      vertex 2.50868 -23.8685 0
    endloop
  endfacet
  facet normal 0.190875 -0.981614 0
    outer loop
      vertex 4.16756 -23.6354 0
      vertex 4.98988 -23.4755 6.4
      vertex 4.16756 -23.6354 6.4
    endloop
  endfacet
  facet normal 0.190875 -0.981614 0
    outer loop
      vertex 4.98988 -23.4755 6.4
      vertex 4.16756 -23.6354 0
      vertex 4.98988 -23.4755 0
    endloop
  endfacet
  facet normal 0.121879 -0.992545 0
    outer loop
      vertex 2.50868 -23.8685 0
      vertex 3.34015 -23.7664 6.4
      vertex 2.50868 -23.8685 6.4
    endloop
  endfacet
  facet normal 0.121879 -0.992545 0
    outer loop
      vertex 3.34015 -23.7664 6.4
      vertex 2.50868 -23.8685 0
      vertex 3.34015 -23.7664 0
    endloop
  endfacet
  facet normal 0.39071 -0.920514 0
    outer loop
      vertex 8.99056 -22.2524 0
      vertex 9.76168 -21.9251 6.4
      vertex 8.99056 -22.2524 6.4
    endloop
  endfacet
  facet normal 0.39071 -0.920514 0
    outer loop
      vertex 9.76168 -21.9251 6.4
      vertex 8.99056 -22.2524 0
      vertex 9.76168 -21.9251 0
    endloop
  endfacet
  facet normal 0.292346 -0.956313 0
    outer loop
      vertex 6.6153 -23.0703 0
      vertex 7.41641 -22.8254 6.4
      vertex 6.6153 -23.0703 6.4
    endloop
  endfacet
  facet normal 0.292346 -0.956313 0
    outer loop
      vertex 7.41641 -22.8254 6.4
      vertex 6.6153 -23.0703 0
      vertex 7.41641 -22.8254 0
    endloop
  endfacet
  facet normal 0.656084 -0.754688 0
    outer loop
      vertex 15.4269 -18.3851 0
      vertex 16.0591 -17.8355 6.4
      vertex 15.4269 -18.3851 6.4
    endloop
  endfacet
  facet normal 0.656084 -0.754688 0
    outer loop
      vertex 16.0591 -17.8355 6.4
      vertex 15.4269 -18.3851 0
      vertex 16.0591 -17.8355 0
    endloop
  endfacet
  facet normal 0.454076 -0.890963 0
    outer loop
      vertex 10.5209 -21.5711 0
      vertex 11.2673 -21.1907 6.4
      vertex 10.5209 -21.5711 6.4
    endloop
  endfacet
  facet normal 0.454076 -0.890963 0
    outer loop
      vertex 11.2673 -21.1907 6.4
      vertex 10.5209 -21.5711 0
      vertex 11.2673 -21.1907 0
    endloop
  endfacet
  facet normal 0.544716 -0.838621 0
    outer loop
      vertex 12.7181 -20.3532 0
      vertex 13.4206 -19.8969 6.4
      vertex 12.7181 -20.3532 6.4
    endloop
  endfacet
  facet normal 0.544716 -0.838621 0
    outer loop
      vertex 13.4206 -19.8969 6.4
      vertex 12.7181 -20.3532 0
      vertex 13.4206 -19.8969 0
    endloop
  endfacet
  facet normal 0.573591 -0.819142 0
    outer loop
      vertex 13.4206 -19.8969 0
      vertex 14.1068 -19.4164 6.4
      vertex 13.4206 -19.8969 6.4
    endloop
  endfacet
  facet normal 0.573591 -0.819142 0
    outer loop
      vertex 14.1068 -19.4164 6.4
      vertex 13.4206 -19.8969 0
      vertex 14.1068 -19.4164 0
    endloop
  endfacet
  facet normal 0.777128 -0.629342 0
    outer loop
      vertex 18.3851 -15.4269 6.4
      vertex 18.9123 -14.7759 0
      vertex 18.9123 -14.7759 6.4
    endloop
  endfacet
  facet normal 0.777128 -0.629342 0
    outer loop
      vertex 18.9123 -14.7759 0
      vertex 18.3851 -15.4269 6.4
      vertex 18.3851 -15.4269 0
    endloop
  endfacet
  facet normal 0.874641 -0.484771 0
    outer loop
      vertex 20.7846 -12 6.4
      vertex 21.1907 -11.2673 0
      vertex 21.1907 -11.2673 6.4
    endloop
  endfacet
  facet normal 0.874641 -0.484771 0
    outer loop
      vertex 21.1907 -11.2673 0
      vertex 20.7846 -12 6.4
      vertex 20.7846 -12 0
    endloop
  endfacet
  facet normal 0.920514 -0.39071 0
    outer loop
      vertex 21.9251 -9.76168 6.4
      vertex 22.2524 -8.99056 0
      vertex 22.2524 -8.99056 6.4
    endloop
  endfacet
  facet normal 0.920514 -0.39071 0
    outer loop
      vertex 22.2524 -8.99056 0
      vertex 21.9251 -9.76168 6.4
      vertex 21.9251 -9.76168 0
    endloop
  endfacet
  facet normal 0.965932 -0.258798 0
    outer loop
      vertex 23.0703 -6.6153 6.4
      vertex 23.2871 -5.80612 0
      vertex 23.2871 -5.80612 6.4
    endloop
  endfacet
  facet normal 0.965932 -0.258798 0
    outer loop
      vertex 23.2871 -5.80612 0
      vertex 23.0703 -6.6153 6.4
      vertex 23.0703 -6.6153 0
    endloop
  endfacet
  facet normal 0.945493 -0.325641 0
    outer loop
      vertex 22.5526 -8.20848 6.4
      vertex 22.8254 -7.41641 0
      vertex 22.8254 -7.41641 6.4
    endloop
  endfacet
  facet normal 0.945493 -0.325641 0
    outer loop
      vertex 22.8254 -7.41641 0
      vertex 22.5526 -8.20848 6.4
      vertex 22.5526 -8.20848 0
    endloop
  endfacet
  facet normal 0.956313 -0.292346 0
    outer loop
      vertex 22.8254 -7.41641 6.4
      vertex 23.0703 -6.6153 0
      vertex 23.0703 -6.6153 6.4
    endloop
  endfacet
  facet normal 0.956313 -0.292346 0
    outer loop
      vertex 23.0703 -6.6153 0
      vertex 22.8254 -7.41641 6.4
      vertex 22.8254 -7.41641 0
    endloop
  endfacet
  facet normal 0.998626 -0.0524039 0
    outer loop
      vertex 23.9415 -1.67416 6.4
      vertex 23.9854 -0.837587 0
      vertex 23.9854 -0.837587 6.4
    endloop
  endfacet
  facet normal 0.998626 -0.0524039 0
    outer loop
      vertex 23.9854 -0.837587 0
      vertex 23.9415 -1.67416 6.4
      vertex 23.9415 -1.67416 0
    endloop
  endfacet
  facet normal -0.681965 -0.731385 0
    outer loop
      vertex -16.6718 -17.2642 0
      vertex -16.0591 -17.8355 6.4
      vertex -16.6718 -17.2642 6.4
    endloop
  endfacet
  facet normal -0.681965 -0.731385 -0
    outer loop
      vertex -16.0591 -17.8355 6.4
      vertex -16.6718 -17.2642 0
      vertex -16.0591 -17.8355 0
    endloop
  endfacet
  facet normal -0.629342 -0.777128 0
    outer loop
      vertex -15.4269 -18.3851 0
      vertex -14.7759 -18.9123 6.4
      vertex -15.4269 -18.3851 6.4
    endloop
  endfacet
  facet normal -0.629342 -0.777128 -0
    outer loop
      vertex -14.7759 -18.9123 6.4
      vertex -15.4269 -18.3851 0
      vertex -14.7759 -18.9123 0
    endloop
  endfacet
  facet normal -0.454076 -0.890963 0
    outer loop
      vertex -11.2673 -21.1907 0
      vertex -10.5209 -21.5711 6.4
      vertex -11.2673 -21.1907 6.4
    endloop
  endfacet
  facet normal -0.454076 -0.890963 -0
    outer loop
      vertex -10.5209 -21.5711 6.4
      vertex -11.2673 -21.1907 0
      vertex -10.5209 -21.5711 0
    endloop
  endfacet
  facet normal -0.484771 -0.874641 0
    outer loop
      vertex -12 -20.7846 0
      vertex -11.2673 -21.1907 6.4
      vertex -12 -20.7846 6.4
    endloop
  endfacet
  facet normal -0.484771 -0.874641 -0
    outer loop
      vertex -11.2673 -21.1907 6.4
      vertex -12 -20.7846 0
      vertex -11.2673 -21.1907 0
    endloop
  endfacet
  facet normal -0.422589 -0.906322 0
    outer loop
      vertex -10.5209 -21.5711 0
      vertex -9.76168 -21.9251 6.4
      vertex -10.5209 -21.5711 6.4
    endloop
  endfacet
  facet normal -0.422589 -0.906322 -0
    outer loop
      vertex -9.76168 -21.9251 6.4
      vertex -10.5209 -21.5711 0
      vertex -9.76168 -21.9251 0
    endloop
  endfacet
  facet normal -0.51497 -0.857208 0
    outer loop
      vertex -12.7181 -20.3532 0
      vertex -12 -20.7846 6.4
      vertex -12.7181 -20.3532 6.4
    endloop
  endfacet
  facet normal -0.51497 -0.857208 -0
    outer loop
      vertex -12 -20.7846 6.4
      vertex -12.7181 -20.3532 0
      vertex -12 -20.7846 0
    endloop
  endfacet
  facet normal -0.573591 -0.819142 0
    outer loop
      vertex -14.1068 -19.4164 0
      vertex -13.4206 -19.8969 6.4
      vertex -14.1068 -19.4164 6.4
    endloop
  endfacet
  facet normal -0.573591 -0.819142 -0
    outer loop
      vertex -13.4206 -19.8969 6.4
      vertex -14.1068 -19.4164 0
      vertex -13.4206 -19.8969 0
    endloop
  endfacet
  facet normal -0.325641 -0.945493 0
    outer loop
      vertex -8.20848 -22.5526 0
      vertex -7.41641 -22.8254 6.4
      vertex -8.20848 -22.5526 6.4
    endloop
  endfacet
  facet normal -0.325641 -0.945493 -0
    outer loop
      vertex -7.41641 -22.8254 6.4
      vertex -8.20848 -22.5526 0
      vertex -7.41641 -22.8254 0
    endloop
  endfacet
  facet normal -0.258798 -0.965932 0
    outer loop
      vertex -6.6153 -23.0703 0
      vertex -5.80612 -23.2871 6.4
      vertex -6.6153 -23.0703 6.4
    endloop
  endfacet
  facet normal -0.258798 -0.965932 -0
    outer loop
      vertex -5.80612 -23.2871 6.4
      vertex -6.6153 -23.0703 0
      vertex -5.80612 -23.2871 0
    endloop
  endfacet
  facet normal -0.156378 -0.987697 0
    outer loop
      vertex -4.16756 -23.6354 0
      vertex -3.34015 -23.7664 6.4
      vertex -4.16756 -23.6354 6.4
    endloop
  endfacet
  facet normal -0.156378 -0.987697 -0
    outer loop
      vertex -3.34015 -23.7664 6.4
      vertex -4.16756 -23.6354 0
      vertex -3.34015 -23.7664 0
    endloop
  endfacet
  facet normal -0.0524039 -0.998626 0
    outer loop
      vertex -1.67416 -23.9415 0
      vertex -0.837587 -23.9854 6.4
      vertex -1.67416 -23.9415 6.4
    endloop
  endfacet
  facet normal -0.0524039 -0.998626 -0
    outer loop
      vertex -0.837587 -23.9854 6.4
      vertex -1.67416 -23.9415 0
      vertex -0.837587 -23.9854 0
    endloop
  endfacet
  facet normal -0.838621 -0.544716 0
    outer loop
      vertex -19.8969 -13.4206 0
      vertex -20.3532 -12.7181 6.4
      vertex -20.3532 -12.7181 0
    endloop
  endfacet
  facet normal -0.838621 -0.544716 0
    outer loop
      vertex -20.3532 -12.7181 6.4
      vertex -19.8969 -13.4206 0
      vertex -19.8969 -13.4206 6.4
    endloop
  endfacet
  facet normal -0.731385 -0.681965 0
    outer loop
      vertex -17.2642 -16.6718 0
      vertex -17.8355 -16.0591 6.4
      vertex -17.8355 -16.0591 0
    endloop
  endfacet
  facet normal -0.731385 -0.681965 0
    outer loop
      vertex -17.8355 -16.0591 6.4
      vertex -17.2642 -16.6718 0
      vertex -17.2642 -16.6718 6.4
    endloop
  endfacet
  facet normal -0.777128 -0.629342 0
    outer loop
      vertex -18.3851 -15.4269 0
      vertex -18.9123 -14.7759 6.4
      vertex -18.9123 -14.7759 0
    endloop
  endfacet
  facet normal -0.777128 -0.629342 0
    outer loop
      vertex -18.9123 -14.7759 6.4
      vertex -18.3851 -15.4269 0
      vertex -18.3851 -15.4269 6.4
    endloop
  endfacet
  facet normal -0.754688 -0.656084 0
    outer loop
      vertex -17.8355 -16.0591 0
      vertex -18.3851 -15.4269 6.4
      vertex -18.3851 -15.4269 0
    endloop
  endfacet
  facet normal -0.754688 -0.656084 0
    outer loop
      vertex -18.3851 -15.4269 6.4
      vertex -17.8355 -16.0591 0
      vertex -17.8355 -16.0591 6.4
    endloop
  endfacet
  facet normal -0.798695 -0.601737 0
    outer loop
      vertex -18.9123 -14.7759 0
      vertex -19.4164 -14.1068 6.4
      vertex -19.4164 -14.1068 0
    endloop
  endfacet
  facet normal -0.798695 -0.601737 0
    outer loop
      vertex -19.4164 -14.1068 6.4
      vertex -18.9123 -14.7759 0
      vertex -18.9123 -14.7759 6.4
    endloop
  endfacet
  facet normal -0.906322 -0.422589 0
    outer loop
      vertex -21.5711 -10.5209 0
      vertex -21.9251 -9.76168 6.4
      vertex -21.9251 -9.76168 0
    endloop
  endfacet
  facet normal -0.906322 -0.422589 0
    outer loop
      vertex -21.9251 -9.76168 6.4
      vertex -21.5711 -10.5209 0
      vertex -21.5711 -10.5209 6.4
    endloop
  endfacet
  facet normal -0.874641 -0.484771 0
    outer loop
      vertex -20.7846 -12 0
      vertex -21.1907 -11.2673 6.4
      vertex -21.1907 -11.2673 0
    endloop
  endfacet
  facet normal -0.874641 -0.484771 0
    outer loop
      vertex -21.1907 -11.2673 6.4
      vertex -20.7846 -12 0
      vertex -20.7846 -12 6.4
    endloop
  endfacet
  facet normal -0.857208 -0.51497 0
    outer loop
      vertex -20.3532 -12.7181 0
      vertex -20.7846 -12 6.4
      vertex -20.7846 -12 0
    endloop
  endfacet
  facet normal -0.857208 -0.51497 0
    outer loop
      vertex -20.7846 -12 6.4
      vertex -20.3532 -12.7181 0
      vertex -20.3532 -12.7181 6.4
    endloop
  endfacet
  facet normal -0.890963 -0.454076 0
    outer loop
      vertex -21.1907 -11.2673 0
      vertex -21.5711 -10.5209 6.4
      vertex -21.5711 -10.5209 0
    endloop
  endfacet
  facet normal -0.890963 -0.454076 0
    outer loop
      vertex -21.5711 -10.5209 6.4
      vertex -21.1907 -11.2673 0
      vertex -21.1907 -11.2673 6.4
    endloop
  endfacet
  facet normal -0.965932 -0.258798 0
    outer loop
      vertex -23.0703 -6.6153 0
      vertex -23.2871 -5.80612 6.4
      vertex -23.2871 -5.80612 0
    endloop
  endfacet
  facet normal -0.965932 -0.258798 0
    outer loop
      vertex -23.2871 -5.80612 6.4
      vertex -23.0703 -6.6153 0
      vertex -23.0703 -6.6153 6.4
    endloop
  endfacet
  facet normal -0.987697 -0.156378 0
    outer loop
      vertex -23.6354 -4.16756 0
      vertex -23.7664 -3.34015 6.4
      vertex -23.7664 -3.34015 0
    endloop
  endfacet
  facet normal -0.987697 -0.156378 0
    outer loop
      vertex -23.7664 -3.34015 6.4
      vertex -23.6354 -4.16756 0
      vertex -23.6354 -4.16756 6.4
    endloop
  endfacet
  facet normal -0.992545 -0.121879 0
    outer loop
      vertex -23.7664 -3.34015 0
      vertex -23.8685 -2.50868 6.4
      vertex -23.8685 -2.50868 0
    endloop
  endfacet
  facet normal -0.992545 -0.121879 0
    outer loop
      vertex -23.8685 -2.50868 6.4
      vertex -23.7664 -3.34015 0
      vertex -23.7664 -3.34015 6.4
    endloop
  endfacet
  facet normal -0.996196 -0.0871427 0
    outer loop
      vertex -23.8685 -2.50868 0
      vertex -23.9415 -1.67416 6.4
      vertex -23.9415 -1.67416 0
    endloop
  endfacet
  facet normal -0.996196 -0.0871427 0
    outer loop
      vertex -23.9415 -1.67416 6.4
      vertex -23.8685 -2.50868 0
      vertex -23.8685 -2.50868 6.4
    endloop
  endfacet
  facet normal -0.999848 -0.0174284 0
    outer loop
      vertex -23.9854 -0.837587 0
      vertex -24 0 6.4
      vertex -24 0 0
    endloop
  endfacet
  facet normal -0.999848 -0.0174284 0
    outer loop
      vertex -24 0 6.4
      vertex -23.9854 -0.837587 0
      vertex -23.9854 -0.837587 6.4
    endloop
  endfacet
  facet normal -0.777128 0.629342 0
    outer loop
      vertex -18.9123 14.7759 0
      vertex -18.3851 15.4269 6.4
      vertex -18.3851 15.4269 0
    endloop
  endfacet
  facet normal -0.777128 0.629342 0
    outer loop
      vertex -18.3851 15.4269 6.4
      vertex -18.9123 14.7759 0
      vertex -18.9123 14.7759 6.4
    endloop
  endfacet
  facet normal -0.707107 0.707107 0
    outer loop
      vertex -17.2642 16.6718 0
      vertex -16.6718 17.2642 6.4
      vertex -16.6718 17.2642 0
    endloop
  endfacet
  facet normal -0.707107 0.707107 0
    outer loop
      vertex -16.6718 17.2642 6.4
      vertex -17.2642 16.6718 0
      vertex -17.2642 16.6718 6.4
    endloop
  endfacet
  facet normal 0.0524039 -0.998626 0
    outer loop
      vertex 0.837587 -23.9854 0
      vertex 1.67416 -23.9415 6.4
      vertex 0.837587 -23.9854 6.4
    endloop
  endfacet
  facet normal 0.0524039 -0.998626 0
    outer loop
      vertex 1.67416 -23.9415 6.4
      vertex 0.837587 -23.9854 0
      vertex 1.67416 -23.9415 0
    endloop
  endfacet
  facet normal 0.156378 -0.987697 0
    outer loop
      vertex 3.34015 -23.7664 0
      vertex 4.16756 -23.6354 6.4
      vertex 3.34015 -23.7664 6.4
    endloop
  endfacet
  facet normal 0.156378 -0.987697 0
    outer loop
      vertex 4.16756 -23.6354 6.4
      vertex 3.34015 -23.7664 0
      vertex 4.16756 -23.6354 0
    endloop
  endfacet
  facet normal 0.258798 -0.965932 0
    outer loop
      vertex 5.80612 -23.2871 0
      vertex 6.6153 -23.0703 6.4
      vertex 5.80612 -23.2871 6.4
    endloop
  endfacet
  facet normal 0.258798 -0.965932 0
    outer loop
      vertex 6.6153 -23.0703 6.4
      vertex 5.80612 -23.2871 0
      vertex 6.6153 -23.0703 0
    endloop
  endfacet
  facet normal 0.629342 -0.777128 0
    outer loop
      vertex 14.7759 -18.9123 0
      vertex 15.4269 -18.3851 6.4
      vertex 14.7759 -18.9123 6.4
    endloop
  endfacet
  facet normal 0.629342 -0.777128 0
    outer loop
      vertex 15.4269 -18.3851 6.4
      vertex 14.7759 -18.9123 0
      vertex 15.4269 -18.3851 0
    endloop
  endfacet
  facet normal 0.838621 -0.544716 0
    outer loop
      vertex 19.8969 -13.4206 6.4
      vertex 20.3532 -12.7181 0
      vertex 20.3532 -12.7181 6.4
    endloop
  endfacet
  facet normal 0.838621 -0.544716 0
    outer loop
      vertex 20.3532 -12.7181 0
      vertex 19.8969 -13.4206 6.4
      vertex 19.8969 -13.4206 0
    endloop
  endfacet
  facet normal 0.819142 -0.573591 0
    outer loop
      vertex 19.4164 -14.1068 6.4
      vertex 19.8969 -13.4206 0
      vertex 19.8969 -13.4206 6.4
    endloop
  endfacet
  facet normal 0.819142 -0.573591 0
    outer loop
      vertex 19.8969 -13.4206 0
      vertex 19.4164 -14.1068 6.4
      vertex 19.4164 -14.1068 0
    endloop
  endfacet
  facet normal 0.754688 -0.656084 0
    outer loop
      vertex 17.8355 -16.0591 6.4
      vertex 18.3851 -15.4269 0
      vertex 18.3851 -15.4269 6.4
    endloop
  endfacet
  facet normal 0.754688 -0.656084 0
    outer loop
      vertex 18.3851 -15.4269 0
      vertex 17.8355 -16.0591 6.4
      vertex 17.8355 -16.0591 0
    endloop
  endfacet
  facet normal 0.890963 -0.454076 0
    outer loop
      vertex 21.1907 -11.2673 6.4
      vertex 21.5711 -10.5209 0
      vertex 21.5711 -10.5209 6.4
    endloop
  endfacet
  facet normal 0.890963 -0.454076 0
    outer loop
      vertex 21.5711 -10.5209 0
      vertex 21.1907 -11.2673 6.4
      vertex 21.1907 -11.2673 0
    endloop
  endfacet
  facet normal 0.992545 -0.121879 0
    outer loop
      vertex 23.7664 -3.34015 6.4
      vertex 23.8685 -2.50868 0
      vertex 23.8685 -2.50868 6.4
    endloop
  endfacet
  facet normal 0.992545 -0.121879 0
    outer loop
      vertex 23.8685 -2.50868 0
      vertex 23.7664 -3.34015 6.4
      vertex 23.7664 -3.34015 0
    endloop
  endfacet
  facet normal 0.999848 -0.0174284 0
    outer loop
      vertex 23.9854 -0.837587 6.4
      vertex 24 0 0
      vertex 24 0 6.4
    endloop
  endfacet
  facet normal 0.999848 -0.0174284 0
    outer loop
      vertex 24 0 0
      vertex 23.9854 -0.837587 6.4
      vertex 23.9854 -0.837587 0
    endloop
  endfacet
  facet normal -0.601737 -0.798695 0
    outer loop
      vertex -14.7759 -18.9123 0
      vertex -14.1068 -19.4164 6.4
      vertex -14.7759 -18.9123 6.4
    endloop
  endfacet
  facet normal -0.601737 -0.798695 -0
    outer loop
      vertex -14.1068 -19.4164 6.4
      vertex -14.7759 -18.9123 0
      vertex -14.1068 -19.4164 0
    endloop
  endfacet
  facet normal -0.544716 -0.838621 0
    outer loop
      vertex -13.4206 -19.8969 0
      vertex -12.7181 -20.3532 6.4
      vertex -13.4206 -19.8969 6.4
    endloop
  endfacet
  facet normal -0.544716 -0.838621 -0
    outer loop
      vertex -12.7181 -20.3532 6.4
      vertex -13.4206 -19.8969 0
      vertex -12.7181 -20.3532 0
    endloop
  endfacet
  facet normal -0.358355 -0.933585 0
    outer loop
      vertex -8.99056 -22.2524 0
      vertex -8.20848 -22.5526 6.4
      vertex -8.99056 -22.2524 6.4
    endloop
  endfacet
  facet normal -0.358355 -0.933585 -0
    outer loop
      vertex -8.20848 -22.5526 6.4
      vertex -8.99056 -22.2524 0
      vertex -8.20848 -22.5526 0
    endloop
  endfacet
  facet normal -0.224901 -0.974382 0
    outer loop
      vertex -5.80612 -23.2871 0
      vertex -4.98988 -23.4755 6.4
      vertex -5.80612 -23.2871 6.4
    endloop
  endfacet
  facet normal -0.224901 -0.974382 -0
    outer loop
      vertex -4.98988 -23.4755 6.4
      vertex -5.80612 -23.2871 0
      vertex -4.98988 -23.4755 0
    endloop
  endfacet
  facet normal -0.121879 -0.992545 0
    outer loop
      vertex -3.34015 -23.7664 0
      vertex -2.50868 -23.8685 6.4
      vertex -3.34015 -23.7664 6.4
    endloop
  endfacet
  facet normal -0.121879 -0.992545 -0
    outer loop
      vertex -2.50868 -23.8685 6.4
      vertex -3.34015 -23.7664 0
      vertex -2.50868 -23.8685 0
    endloop
  endfacet
  facet normal -0.0174284 -0.999848 0
    outer loop
      vertex -0.837587 -23.9854 0
      vertex 0 -24 6.4
      vertex -0.837587 -23.9854 6.4
    endloop
  endfacet
  facet normal -0.0174284 -0.999848 -0
    outer loop
      vertex 0 -24 6.4
      vertex -0.837587 -23.9854 0
      vertex 0 -24 0
    endloop
  endfacet
  facet normal -0.819142 -0.573591 0
    outer loop
      vertex -19.4164 -14.1068 0
      vertex -19.8969 -13.4206 6.4
      vertex -19.8969 -13.4206 0
    endloop
  endfacet
  facet normal -0.819142 -0.573591 0
    outer loop
      vertex -19.8969 -13.4206 6.4
      vertex -19.4164 -14.1068 0
      vertex -19.4164 -14.1068 6.4
    endloop
  endfacet
  facet normal -0.945493 -0.325641 0
    outer loop
      vertex -22.5526 -8.20848 0
      vertex -22.8254 -7.41641 6.4
      vertex -22.8254 -7.41641 0
    endloop
  endfacet
  facet normal -0.945493 -0.325641 0
    outer loop
      vertex -22.8254 -7.41641 6.4
      vertex -22.5526 -8.20848 0
      vertex -22.5526 -8.20848 6.4
    endloop
  endfacet
  facet normal -0.956313 -0.292346 0
    outer loop
      vertex -22.8254 -7.41641 0
      vertex -23.0703 -6.6153 6.4
      vertex -23.0703 -6.6153 0
    endloop
  endfacet
  facet normal -0.956313 -0.292346 0
    outer loop
      vertex -23.0703 -6.6153 6.4
      vertex -22.8254 -7.41641 0
      vertex -22.8254 -7.41641 6.4
    endloop
  endfacet
  facet normal -0.998626 -0.0524039 0
    outer loop
      vertex -23.9415 -1.67416 0
      vertex -23.9854 -0.837587 6.4
      vertex -23.9854 -0.837587 0
    endloop
  endfacet
  facet normal -0.998626 -0.0524039 0
    outer loop
      vertex -23.9854 -0.837587 6.4
      vertex -23.9415 -1.67416 0
      vertex -23.9415 -1.67416 6.4
    endloop
  endfacet
  facet normal -0.62932 -0.777146 0
    outer loop
      vertex 4.46354 5.71308 4.4
      vertex 4.66021 5.55382 6.4
      vertex 4.46354 5.71308 6.4
    endloop
  endfacet
  facet normal -0.62932 -0.777146 -0
    outer loop
      vertex 4.66021 5.55382 6.4
      vertex 4.46354 5.71308 4.4
      vertex 4.66021 5.55382 4.4
    endloop
  endfacet
  facet normal 0.358375 -0.933578 0
    outer loop
      vertex -2.7159 6.72208 4.4
      vertex -2.47965 6.81277 6.4
      vertex -2.7159 6.72208 6.4
    endloop
  endfacet
  facet normal 0.358375 -0.933578 0
    outer loop
      vertex -2.47965 6.81277 6.4
      vertex -2.7159 6.72208 4.4
      vertex -2.47965 6.81277 4.4
    endloop
  endfacet
  facet normal 0.906319 -0.422593 0
    outer loop
      vertex -6.6232 2.94884 6.4
      vertex -6.51626 3.17819 4.4
      vertex -6.51626 3.17819 6.4
    endloop
  endfacet
  facet normal 0.906319 -0.422593 0
    outer loop
      vertex -6.51626 3.17819 4.4
      vertex -6.6232 2.94884 6.4
      vertex -6.6232 2.94884 4.4
    endloop
  endfacet
  facet normal -0.999847 0.0174662 0
    outer loop
      vertex 7.24558 -0.253021 0
      vertex 7.25 0 6.4
      vertex 7.25 0 0
    endloop
  endfacet
  facet normal -0.999847 0.0174662 0
    outer loop
      vertex 7.25 0 6.4
      vertex 7.24558 -0.253021 0
      vertex 7.24558 -0.253021 6.4
    endloop
  endfacet
  facet normal -0.906319 -0.422593 0
    outer loop
      vertex 6.6232 2.94884 4.4
      vertex 6.51626 3.17819 6.4
      vertex 6.51626 3.17819 4.4
    endloop
  endfacet
  facet normal -0.906319 -0.422593 0
    outer loop
      vertex 6.51626 3.17819 6.4
      vertex 6.6232 2.94884 4.4
      vertex 6.6232 2.94884 6.4
    endloop
  endfacet
  facet normal -0.390741 -0.920501 0
    outer loop
      vertex 2.7159 6.72208 4.4
      vertex 2.94884 6.6232 6.4
      vertex 2.7159 6.72208 6.4
    endloop
  endfacet
  facet normal -0.390741 -0.920501 -0
    outer loop
      vertex 2.94884 6.6232 6.4
      vertex 2.7159 6.72208 4.4
      vertex 2.94884 6.6232 4.4
    endloop
  endfacet
  facet normal -0.390741 0.920501 0
    outer loop
      vertex 2.94884 -6.6232 4.4
      vertex 2.7159 -6.72208 6.4
      vertex 2.94884 -6.6232 6.4
    endloop
  endfacet
  facet normal -0.390741 0.920501 0
    outer loop
      vertex 2.7159 -6.72208 6.4
      vertex 2.94884 -6.6232 4.4
      vertex 2.7159 -6.72208 4.4
    endloop
  endfacet
  facet normal 0.707107 0.707107 0
    outer loop
      vertex -5.03627 -5.21521 6.4
      vertex -5.21521 -5.03627 4.4
      vertex -5.21521 -5.03627 6.4
    endloop
  endfacet
  facet normal 0.707107 0.707107 0
    outer loop
      vertex -5.21521 -5.03627 4.4
      vertex -5.03627 -5.21521 6.4
      vertex -5.03627 -5.21521 4.4
    endloop
  endfacet
  facet normal 0.819145 0.573587 0
    outer loop
      vertex -5.86537 -4.26144 6.4
      vertex -6.01052 -4.05415 4.4
      vertex -6.01052 -4.05415 6.4
    endloop
  endfacet
  facet normal 0.819145 0.573587 0
    outer loop
      vertex -6.01052 -4.05415 4.4
      vertex -5.86537 -4.26144 6.4
      vertex -5.86537 -4.26144 4.4
    endloop
  endfacet
  facet normal -0.987693 -0.156403 0
    outer loop
      vertex 7.17944 1.009 0
      vertex 7.13986 1.25895 6.4
      vertex 7.13986 1.25895 0
    endloop
  endfacet
  facet normal -0.987693 -0.156403 0
    outer loop
      vertex 7.13986 1.25895 6.4
      vertex 7.17944 1.009 0
      vertex 7.17944 1.009 6.4
    endloop
  endfacet
  facet normal -0.933578 -0.358375 0
    outer loop
      vertex 6.81277 2.47965 4.4
      vertex 6.72208 2.7159 6.4
      vertex 6.72208 2.7159 4.4
    endloop
  endfacet
  facet normal -0.933578 -0.358375 0
    outer loop
      vertex 6.72208 2.7159 6.4
      vertex 6.81277 2.47965 4.4
      vertex 6.81277 2.47965 6.4
    endloop
  endfacet
  facet normal -0.838671 -0.544638 0
    outer loop
      vertex 6.14835 3.84191 4.4
      vertex 6.01052 4.05415 6.4
      vertex 6.01052 4.05415 4.4
    endloop
  endfacet
  facet normal -0.838671 -0.544638 0
    outer loop
      vertex 6.01052 4.05415 6.4
      vertex 6.14835 3.84191 4.4
      vertex 6.14835 3.84191 6.4
    endloop
  endfacet
  facet normal -0.75472 -0.656048 0
    outer loop
      vertex 5.55382 4.66021 4.4
      vertex 5.3878 4.8512 6.4
      vertex 5.3878 4.8512 4.4
    endloop
  endfacet
  facet normal -0.75472 -0.656048 0
    outer loop
      vertex 5.3878 4.8512 6.4
      vertex 5.55382 4.66021 4.4
      vertex 5.55382 4.66021 6.4
    endloop
  endfacet
  facet normal -0.601807 -0.798642 0
    outer loop
      vertex 4.26144 5.86537 4.4
      vertex 4.46354 5.71308 6.4
      vertex 4.26144 5.86537 6.4
    endloop
  endfacet
  facet normal -0.601807 -0.798642 -0
    outer loop
      vertex 4.46354 5.71308 6.4
      vertex 4.26144 5.86537 4.4
      vertex 4.46354 5.71308 4.4
    endloop
  endfacet
  facet normal -0.325566 -0.945519 0
    outer loop
      vertex 2.24037 6.89516 4.4
      vertex 2.47965 6.81277 6.4
      vertex 2.24037 6.89516 6.4
    endloop
  endfacet
  facet normal -0.325566 -0.945519 -0
    outer loop
      vertex 2.47965 6.81277 6.4
      vertex 2.24037 6.89516 4.4
      vertex 2.47965 6.81277 4.4
    endloop
  endfacet
  facet normal -0.292383 -0.956301 0
    outer loop
      vertex 1.99837 6.96915 4.4
      vertex 2.24037 6.89516 6.4
      vertex 1.99837 6.96915 6.4
    endloop
  endfacet
  facet normal -0.292383 -0.956301 -0
    outer loop
      vertex 2.24037 6.89516 6.4
      vertex 1.99837 6.96915 4.4
      vertex 2.24037 6.89516 4.4
    endloop
  endfacet
  facet normal 0.945519 -0.325566 0
    outer loop
      vertex -6.89516 2.24037 6.4
      vertex -6.81277 2.47965 4.4
      vertex -6.81277 2.47965 6.4
    endloop
  endfacet
  facet normal 0.945519 -0.325566 0
    outer loop
      vertex -6.81277 2.47965 4.4
      vertex -6.89516 2.24037 6.4
      vertex -6.89516 2.24037 4.4
    endloop
  endfacet
  facet normal 0.956301 -0.292383 0
    outer loop
      vertex -6.96915 1.99837 6.4
      vertex -6.89516 2.24037 4.4
      vertex -6.89516 2.24037 6.4
    endloop
  endfacet
  facet normal 0.956301 -0.292383 0
    outer loop
      vertex -6.89516 2.24037 4.4
      vertex -6.96915 1.99837 6.4
      vertex -6.96915 1.99837 4.4
    endloop
  endfacet
  facet normal 0.156403 -0.987693 0
    outer loop
      vertex -1.25895 7.13986 0
      vertex -1.009 7.17944 6.4
      vertex -1.25895 7.13986 6.4
    endloop
  endfacet
  facet normal 0.156403 -0.987693 0
    outer loop
      vertex -1.009 7.17944 6.4
      vertex -1.25895 7.13986 0
      vertex -1.009 7.17944 0
    endloop
  endfacet
  facet normal 0.62932 -0.777146 0
    outer loop
      vertex -4.66021 5.55382 4.4
      vertex -4.46354 5.71308 6.4
      vertex -4.66021 5.55382 6.4
    endloop
  endfacet
  facet normal 0.62932 -0.777146 0
    outer loop
      vertex -4.46354 5.71308 6.4
      vertex -4.66021 5.55382 4.4
      vertex -4.46354 5.71308 4.4
    endloop
  endfacet
  facet normal -0.920501 0.390741 0
    outer loop
      vertex 6.6232 -2.94884 4.4
      vertex 6.72208 -2.7159 6.4
      vertex 6.72208 -2.7159 4.4
    endloop
  endfacet
  facet normal -0.920501 0.390741 0
    outer loop
      vertex 6.72208 -2.7159 6.4
      vertex 6.6232 -2.94884 4.4
      vertex 6.6232 -2.94884 6.4
    endloop
  endfacet
  facet normal -0.121871 0.992546 0
    outer loop
      vertex 1.009 -7.17944 0
      vertex 0.757831 -7.21028 6.4
      vertex 1.009 -7.17944 6.4
    endloop
  endfacet
  facet normal -0.121871 0.992546 0
    outer loop
      vertex 0.757831 -7.21028 6.4
      vertex 1.009 -7.17944 0
      vertex 0.757831 -7.21028 0
    endloop
  endfacet
  facet normal 0.0871725 0.996193 -0
    outer loop
      vertex -0.505733 -7.23234 0
      vertex -0.757831 -7.21028 6.4
      vertex -0.505733 -7.23234 6.4
    endloop
  endfacet
  facet normal 0.0871725 0.996193 0
    outer loop
      vertex -0.757831 -7.21028 6.4
      vertex -0.505733 -7.23234 0
      vertex -0.757831 -7.21028 0
    endloop
  endfacet
  facet normal -0.981624 -0.190824 0
    outer loop
      vertex 7.13986 1.25895 0
      vertex 7.09157 1.50736 6.4
      vertex 7.09157 1.50736 0
    endloop
  endfacet
  facet normal -0.981624 -0.190824 0
    outer loop
      vertex 7.09157 1.50736 6.4
      vertex 7.13986 1.25895 0
      vertex 7.13986 1.25895 6.4
    endloop
  endfacet
  facet normal -0.965933 -0.258791 0
    outer loop
      vertex 7.03464 1.75393 4.4
      vertex 6.96915 1.99837 6.4
      vertex 6.96915 1.99837 4.4
    endloop
  endfacet
  facet normal -0.965933 -0.258791 0
    outer loop
      vertex 6.96915 1.99837 6.4
      vertex 7.03464 1.75393 4.4
      vertex 7.03464 1.75393 6.4
    endloop
  endfacet
  facet normal -0.956301 -0.292383 0
    outer loop
      vertex 6.96915 1.99837 4.4
      vertex 6.89516 2.24037 6.4
      vertex 6.89516 2.24037 4.4
    endloop
  endfacet
  facet normal -0.956301 -0.292383 0
    outer loop
      vertex 6.89516 2.24037 6.4
      vertex 6.96915 1.99837 4.4
      vertex 6.96915 1.99837 6.4
    endloop
  endfacet
  facet normal -0.857172 -0.51503 0
    outer loop
      vertex 6.27868 3.625 4.4
      vertex 6.14835 3.84191 6.4
      vertex 6.14835 3.84191 4.4
    endloop
  endfacet
  facet normal -0.857172 -0.51503 0
    outer loop
      vertex 6.14835 3.84191 6.4
      vertex 6.27868 3.625 4.4
      vertex 6.27868 3.625 6.4
    endloop
  endfacet
  facet normal -0.891003 -0.453997 0
    outer loop
      vertex 6.51626 3.17819 4.4
      vertex 6.40137 3.40367 6.4
      vertex 6.40137 3.40367 4.4
    endloop
  endfacet
  facet normal -0.891003 -0.453997 0
    outer loop
      vertex 6.40137 3.40367 6.4
      vertex 6.51626 3.17819 4.4
      vertex 6.51626 3.17819 6.4
    endloop
  endfacet
  facet normal -0.798642 -0.601807 0
    outer loop
      vertex 5.86537 4.26144 4.4
      vertex 5.71308 4.46354 6.4
      vertex 5.71308 4.46354 4.4
    endloop
  endfacet
  facet normal -0.798642 -0.601807 0
    outer loop
      vertex 5.71308 4.46354 6.4
      vertex 5.86537 4.26144 4.4
      vertex 5.86537 4.26144 6.4
    endloop
  endfacet
  facet normal -0.777146 -0.62932 0
    outer loop
      vertex 5.71308 4.46354 4.4
      vertex 5.55382 4.66021 6.4
      vertex 5.55382 4.66021 4.4
    endloop
  endfacet
  facet normal -0.777146 -0.62932 0
    outer loop
      vertex 5.55382 4.66021 6.4
      vertex 5.71308 4.46354 4.4
      vertex 5.71308 4.46354 6.4
    endloop
  endfacet
  facet normal -0.707107 -0.707107 0
    outer loop
      vertex 5.21521 5.03627 4.4
      vertex 5.03627 5.21521 6.4
      vertex 5.03627 5.21521 4.4
    endloop
  endfacet
  facet normal -0.707107 -0.707107 0
    outer loop
      vertex 5.03627 5.21521 6.4
      vertex 5.21521 5.03627 4.4
      vertex 5.21521 5.03627 6.4
    endloop
  endfacet
  facet normal -0.573587 -0.819145 0
    outer loop
      vertex 4.05415 6.01052 4.4
      vertex 4.26144 5.86537 6.4
      vertex 4.05415 6.01052 6.4
    endloop
  endfacet
  facet normal -0.573587 -0.819145 -0
    outer loop
      vertex 4.26144 5.86537 6.4
      vertex 4.05415 6.01052 4.4
      vertex 4.26144 5.86537 4.4
    endloop
  endfacet
  facet normal -0.51503 -0.857172 0
    outer loop
      vertex 3.625 6.27868 4.4
      vertex 3.84191 6.14835 6.4
      vertex 3.625 6.27868 6.4
    endloop
  endfacet
  facet normal -0.51503 -0.857172 -0
    outer loop
      vertex 3.84191 6.14835 6.4
      vertex 3.625 6.27868 4.4
      vertex 3.84191 6.14835 4.4
    endloop
  endfacet
  facet normal -0.422593 -0.906319 0
    outer loop
      vertex 2.94884 6.6232 4.4
      vertex 3.17819 6.51626 6.4
      vertex 2.94884 6.6232 6.4
    endloop
  endfacet
  facet normal -0.422593 -0.906319 -0
    outer loop
      vertex 3.17819 6.51626 6.4
      vertex 2.94884 6.6232 4.4
      vertex 3.17819 6.51626 4.4
    endloop
  endfacet
  facet normal -0.484824 -0.874612 0
    outer loop
      vertex 3.40367 6.40137 4.4
      vertex 3.625 6.27868 6.4
      vertex 3.40367 6.40137 6.4
    endloop
  endfacet
  facet normal -0.484824 -0.874612 -0
    outer loop
      vertex 3.625 6.27868 6.4
      vertex 3.40367 6.40137 4.4
      vertex 3.625 6.27868 4.4
    endloop
  endfacet
  facet normal -0.121871 -0.992546 0
    outer loop
      vertex 0.757831 7.21028 0
      vertex 1.009 7.17944 6.4
      vertex 0.757831 7.21028 6.4
    endloop
  endfacet
  facet normal -0.121871 -0.992546 -0
    outer loop
      vertex 1.009 7.17944 6.4
      vertex 0.757831 7.21028 0
      vertex 1.009 7.17944 0
    endloop
  endfacet
  facet normal -0.0871725 -0.996193 0
    outer loop
      vertex 0.505733 7.23234 0
      vertex 0.757831 7.21028 6.4
      vertex 0.505733 7.23234 6.4
    endloop
  endfacet
  facet normal -0.0871725 -0.996193 -0
    outer loop
      vertex 0.757831 7.21028 6.4
      vertex 0.505733 7.23234 0
      vertex 0.757831 7.21028 0
    endloop
  endfacet
  facet normal 0.992546 -0.121871 0
    outer loop
      vertex -7.21028 0.757831 6.4
      vertex -7.17944 1.009 0
      vertex -7.17944 1.009 6.4
    endloop
  endfacet
  facet normal 0.992546 -0.121871 0
    outer loop
      vertex -7.17944 1.009 0
      vertex -7.21028 0.757831 6.4
      vertex -7.21028 0.757831 0
    endloop
  endfacet
  facet normal 0.857172 -0.51503 0
    outer loop
      vertex -6.27868 3.625 6.4
      vertex -6.14835 3.84191 4.4
      vertex -6.14835 3.84191 6.4
    endloop
  endfacet
  facet normal 0.857172 -0.51503 0
    outer loop
      vertex -6.14835 3.84191 4.4
      vertex -6.27868 3.625 6.4
      vertex -6.27868 3.625 4.4
    endloop
  endfacet
  facet normal 0.891003 -0.453997 0
    outer loop
      vertex -6.51626 3.17819 6.4
      vertex -6.40137 3.40367 4.4
      vertex -6.40137 3.40367 6.4
    endloop
  endfacet
  facet normal 0.891003 -0.453997 0
    outer loop
      vertex -6.40137 3.40367 4.4
      vertex -6.51626 3.17819 6.4
      vertex -6.51626 3.17819 4.4
    endloop
  endfacet
  facet normal 0.798642 -0.601807 0
    outer loop
      vertex -5.86537 4.26144 6.4
      vertex -5.71308 4.46354 4.4
      vertex -5.71308 4.46354 6.4
    endloop
  endfacet
  facet normal 0.798642 -0.601807 0
    outer loop
      vertex -5.71308 4.46354 4.4
      vertex -5.86537 4.26144 6.4
      vertex -5.86537 4.26144 4.4
    endloop
  endfacet
  facet normal 0.731335 -0.682018 0
    outer loop
      vertex -5.3878 4.8512 6.4
      vertex -5.21521 5.03627 4.4
      vertex -5.21521 5.03627 6.4
    endloop
  endfacet
  facet normal 0.731335 -0.682018 0
    outer loop
      vertex -5.21521 5.03627 4.4
      vertex -5.3878 4.8512 6.4
      vertex -5.3878 4.8512 4.4
    endloop
  endfacet
  facet normal 0.292383 -0.956301 0
    outer loop
      vertex -2.24037 6.89516 4.4
      vertex -1.99837 6.96915 6.4
      vertex -2.24037 6.89516 6.4
    endloop
  endfacet
  facet normal 0.292383 -0.956301 0
    outer loop
      vertex -1.99837 6.96915 6.4
      vertex -2.24037 6.89516 4.4
      vertex -1.99837 6.96915 4.4
    endloop
  endfacet
  facet normal 0.121871 -0.992546 0
    outer loop
      vertex -1.009 7.17944 0
      vertex -0.757831 7.21028 6.4
      vertex -1.009 7.17944 6.4
    endloop
  endfacet
  facet normal 0.121871 -0.992546 0
    outer loop
      vertex -0.757831 7.21028 6.4
      vertex -1.009 7.17944 0
      vertex -0.757831 7.21028 0
    endloop
  endfacet
  facet normal 0.0871725 -0.996193 0
    outer loop
      vertex -0.757831 7.21028 0
      vertex -0.505733 7.23234 6.4
      vertex -0.757831 7.21028 6.4
    endloop
  endfacet
  facet normal 0.0871725 -0.996193 0
    outer loop
      vertex -0.505733 7.23234 6.4
      vertex -0.757831 7.21028 0
      vertex -0.505733 7.23234 0
    endloop
  endfacet
  facet normal 0.390741 -0.920501 0
    outer loop
      vertex -2.94884 6.6232 4.4
      vertex -2.7159 6.72208 6.4
      vertex -2.94884 6.6232 6.4
    endloop
  endfacet
  facet normal 0.390741 -0.920501 0
    outer loop
      vertex -2.7159 6.72208 6.4
      vertex -2.94884 6.6232 4.4
      vertex -2.7159 6.72208 4.4
    endloop
  endfacet
  facet normal 0.484824 -0.874612 0
    outer loop
      vertex -3.625 6.27868 4.4
      vertex -3.40367 6.40137 6.4
      vertex -3.625 6.27868 6.4
    endloop
  endfacet
  facet normal 0.484824 -0.874612 0
    outer loop
      vertex -3.40367 6.40137 6.4
      vertex -3.625 6.27868 4.4
      vertex -3.40367 6.40137 4.4
    endloop
  endfacet
  facet normal 0.422593 -0.906319 0
    outer loop
      vertex -3.17819 6.51626 4.4
      vertex -2.94884 6.6232 6.4
      vertex -3.17819 6.51626 6.4
    endloop
  endfacet
  facet normal 0.422593 -0.906319 0
    outer loop
      vertex -2.94884 6.6232 6.4
      vertex -3.17819 6.51626 4.4
      vertex -2.94884 6.6232 4.4
    endloop
  endfacet
  facet normal 0.573587 -0.819145 0
    outer loop
      vertex -4.26144 5.86537 4.4
      vertex -4.05415 6.01052 6.4
      vertex -4.26144 5.86537 6.4
    endloop
  endfacet
  facet normal 0.573587 -0.819145 0
    outer loop
      vertex -4.05415 6.01052 6.4
      vertex -4.26144 5.86537 4.4
      vertex -4.05415 6.01052 4.4
    endloop
  endfacet
  facet normal 0.601807 -0.798642 0
    outer loop
      vertex -4.46354 5.71308 4.4
      vertex -4.26144 5.86537 6.4
      vertex -4.46354 5.71308 6.4
    endloop
  endfacet
  facet normal 0.601807 -0.798642 0
    outer loop
      vertex -4.26144 5.86537 6.4
      vertex -4.46354 5.71308 4.4
      vertex -4.26144 5.86537 4.4
    endloop
  endfacet
  facet normal -0.999847 -0.0174662 0
    outer loop
      vertex 7.25 0 0
      vertex 7.24558 0.253021 6.4
      vertex 7.24558 0.253021 0
    endloop
  endfacet
  facet normal -0.999847 -0.0174662 0
    outer loop
      vertex 7.24558 0.253021 6.4
      vertex 7.25 0 0
      vertex 7.25 0 6.4
    endloop
  endfacet
  facet normal -0.996193 0.0871725 0
    outer loop
      vertex 7.21028 -0.757831 0
      vertex 7.23234 -0.505733 6.4
      vertex 7.23234 -0.505733 0
    endloop
  endfacet
  facet normal -0.996193 0.0871725 0
    outer loop
      vertex 7.23234 -0.505733 6.4
      vertex 7.21028 -0.757831 0
      vertex 7.21028 -0.757831 6.4
    endloop
  endfacet
  facet normal -0.0871725 0.996193 0
    outer loop
      vertex 0.757831 -7.21028 0
      vertex 0.505733 -7.23234 6.4
      vertex 0.757831 -7.21028 6.4
    endloop
  endfacet
  facet normal -0.0871725 0.996193 0
    outer loop
      vertex 0.505733 -7.23234 6.4
      vertex 0.757831 -7.21028 0
      vertex 0.505733 -7.23234 0
    endloop
  endfacet
  facet normal -0.956301 0.292383 0
    outer loop
      vertex 6.89516 -2.24037 4.4
      vertex 6.96915 -1.99837 6.4
      vertex 6.96915 -1.99837 4.4
    endloop
  endfacet
  facet normal -0.956301 0.292383 0
    outer loop
      vertex 6.96915 -1.99837 6.4
      vertex 6.89516 -2.24037 4.4
      vertex 6.89516 -2.24037 6.4
    endloop
  endfacet
  facet normal -0.874612 0.484824 0
    outer loop
      vertex 6.27868 -3.625 4.4
      vertex 6.40137 -3.40367 6.4
      vertex 6.40137 -3.40367 4.4
    endloop
  endfacet
  facet normal -0.874612 0.484824 0
    outer loop
      vertex 6.40137 -3.40367 6.4
      vertex 6.27868 -3.625 4.4
      vertex 6.27868 -3.625 6.4
    endloop
  endfacet
  facet normal -0.190824 0.981624 0
    outer loop
      vertex 1.50736 -7.09157 0
      vertex 1.25895 -7.13986 6.4
      vertex 1.50736 -7.09157 6.4
    endloop
  endfacet
  facet normal -0.190824 0.981624 0
    outer loop
      vertex 1.25895 -7.13986 6.4
      vertex 1.50736 -7.09157 0
      vertex 1.25895 -7.13986 0
    endloop
  endfacet
  facet normal -0.325566 0.945519 0
    outer loop
      vertex 2.47965 -6.81277 4.4
      vertex 2.24037 -6.89516 6.4
      vertex 2.47965 -6.81277 6.4
    endloop
  endfacet
  facet normal -0.325566 0.945519 0
    outer loop
      vertex 2.24037 -6.89516 6.4
      vertex 2.47965 -6.81277 4.4
      vertex 2.24037 -6.89516 4.4
    endloop
  endfacet
  facet normal -0.292383 0.956301 0
    outer loop
      vertex 2.24037 -6.89516 4.4
      vertex 1.99837 -6.96915 6.4
      vertex 2.24037 -6.89516 6.4
    endloop
  endfacet
  facet normal -0.292383 0.956301 0
    outer loop
      vertex 1.99837 -6.96915 6.4
      vertex 2.24037 -6.89516 4.4
      vertex 1.99837 -6.96915 4.4
    endloop
  endfacet
  facet normal -0.656048 0.75472 0
    outer loop
      vertex 4.8512 -5.3878 4.4
      vertex 4.66021 -5.55382 6.4
      vertex 4.8512 -5.3878 6.4
    endloop
  endfacet
  facet normal -0.656048 0.75472 0
    outer loop
      vertex 4.66021 -5.55382 6.4
      vertex 4.8512 -5.3878 4.4
      vertex 4.66021 -5.55382 4.4
    endloop
  endfacet
  facet normal -0.51503 0.857172 0
    outer loop
      vertex 3.84191 -6.14835 4.4
      vertex 3.625 -6.27868 6.4
      vertex 3.84191 -6.14835 6.4
    endloop
  endfacet
  facet normal -0.51503 0.857172 0
    outer loop
      vertex 3.625 -6.27868 6.4
      vertex 3.84191 -6.14835 4.4
      vertex 3.625 -6.27868 4.4
    endloop
  endfacet
  facet normal -0.484824 0.874612 0
    outer loop
      vertex 3.625 -6.27868 4.4
      vertex 3.40367 -6.40137 6.4
      vertex 3.625 -6.27868 6.4
    endloop
  endfacet
  facet normal -0.484824 0.874612 0
    outer loop
      vertex 3.40367 -6.40137 6.4
      vertex 3.625 -6.27868 4.4
      vertex 3.40367 -6.40137 4.4
    endloop
  endfacet
  facet normal -0.422593 0.906319 0
    outer loop
      vertex 3.17819 -6.51626 4.4
      vertex 2.94884 -6.6232 6.4
      vertex 3.17819 -6.51626 6.4
    endloop
  endfacet
  facet normal -0.422593 0.906319 0
    outer loop
      vertex 2.94884 -6.6232 6.4
      vertex 3.17819 -6.51626 4.4
      vertex 2.94884 -6.6232 4.4
    endloop
  endfacet
  facet normal 0.0174662 0.999847 -0
    outer loop
      vertex 0 -7.25 0
      vertex -0.253021 -7.24558 6.4
      vertex 0 -7.25 6.4
    endloop
  endfacet
  facet normal 0.0174662 0.999847 0
    outer loop
      vertex -0.253021 -7.24558 6.4
      vertex 0 -7.25 0
      vertex -0.253021 -7.24558 0
    endloop
  endfacet
  facet normal 0.224969 0.974366 -1.56348e-06
    outer loop
      vertex -1.50736 -7.09157 6.4
      vertex -1.73558 -7.03888 4.4
      vertex -1.75393 -7.03464 6.4
    endloop
  endfacet
  facet normal 0.224956 0.974369 -0
    outer loop
      vertex -1.50736 -7.09157 0
      vertex -1.73558 -7.03888 4.4
      vertex -1.50736 -7.09157 6.4
    endloop
  endfacet
  facet normal 0.224956 0.974369 0
    outer loop
      vertex -1.73558 -7.03888 4.4
      vertex -1.50736 -7.09157 0
      vertex -1.73558 -7.03888 0
    endloop
  endfacet
  facet normal 0.225131 0.974329 0
    outer loop
      vertex -1.75393 -7.03464 6.4
      vertex -1.73558 -7.03888 4.4
      vertex -1.75393 -7.03464 4.4
    endloop
  endfacet
  facet normal 0.292383 0.956301 -0
    outer loop
      vertex -1.99837 -6.96915 4.4
      vertex -2.24037 -6.89516 6.4
      vertex -1.99837 -6.96915 6.4
    endloop
  endfacet
  facet normal 0.292383 0.956301 0
    outer loop
      vertex -2.24037 -6.89516 6.4
      vertex -1.99837 -6.96915 4.4
      vertex -2.24037 -6.89516 4.4
    endloop
  endfacet
  facet normal 0.544638 0.838671 -0
    outer loop
      vertex -3.84191 -6.14835 4.4
      vertex -4.05415 -6.01052 6.4
      vertex -3.84191 -6.14835 6.4
    endloop
  endfacet
  facet normal 0.544638 0.838671 0
    outer loop
      vertex -4.05415 -6.01052 6.4
      vertex -3.84191 -6.14835 4.4
      vertex -4.05415 -6.01052 4.4
    endloop
  endfacet
  facet normal 0.682018 0.731335 -0
    outer loop
      vertex -4.8512 -5.3878 4.4
      vertex -5.03627 -5.21521 6.4
      vertex -4.8512 -5.3878 6.4
    endloop
  endfacet
  facet normal 0.682018 0.731335 0
    outer loop
      vertex -5.03627 -5.21521 6.4
      vertex -4.8512 -5.3878 4.4
      vertex -5.03627 -5.21521 4.4
    endloop
  endfacet
  facet normal 0.62932 0.777146 -0
    outer loop
      vertex -4.46354 -5.71308 4.4
      vertex -4.66021 -5.55382 6.4
      vertex -4.46354 -5.71308 6.4
    endloop
  endfacet
  facet normal 0.62932 0.777146 0
    outer loop
      vertex -4.66021 -5.55382 6.4
      vertex -4.46354 -5.71308 4.4
      vertex -4.66021 -5.55382 4.4
    endloop
  endfacet
  facet normal 0.573587 0.819145 -0
    outer loop
      vertex -4.05415 -6.01052 4.4
      vertex -4.26144 -5.86537 6.4
      vertex -4.05415 -6.01052 6.4
    endloop
  endfacet
  facet normal 0.573587 0.819145 0
    outer loop
      vertex -4.26144 -5.86537 6.4
      vertex -4.05415 -6.01052 4.4
      vertex -4.26144 -5.86537 4.4
    endloop
  endfacet
  facet normal 0.945519 0.325566 0
    outer loop
      vertex -6.81277 -2.47965 6.4
      vertex -6.89516 -2.24037 4.4
      vertex -6.89516 -2.24037 6.4
    endloop
  endfacet
  facet normal 0.945519 0.325566 0
    outer loop
      vertex -6.89516 -2.24037 4.4
      vertex -6.81277 -2.47965 6.4
      vertex -6.81277 -2.47965 4.4
    endloop
  endfacet
  facet normal 0.992546 0.121871 0
    outer loop
      vertex -7.17944 -1.009 6.4
      vertex -7.21028 -0.757831 0
      vertex -7.21028 -0.757831 6.4
    endloop
  endfacet
  facet normal 0.992546 0.121871 0
    outer loop
      vertex -7.21028 -0.757831 0
      vertex -7.17944 -1.009 6.4
      vertex -7.17944 -1.009 0
    endloop
  endfacet
  facet normal 0.981624 0.190824 0
    outer loop
      vertex -7.09157 -1.50736 6.4
      vertex -7.13986 -1.25895 0
      vertex -7.13986 -1.25895 6.4
    endloop
  endfacet
  facet normal 0.981624 0.190824 0
    outer loop
      vertex -7.13986 -1.25895 0
      vertex -7.09157 -1.50736 6.4
      vertex -7.09157 -1.50736 0
    endloop
  endfacet
  facet normal 0.891003 0.453997 0
    outer loop
      vertex -6.40137 -3.40367 6.4
      vertex -6.51626 -3.17819 4.4
      vertex -6.51626 -3.17819 6.4
    endloop
  endfacet
  facet normal 0.891003 0.453997 0
    outer loop
      vertex -6.51626 -3.17819 4.4
      vertex -6.40137 -3.40367 6.4
      vertex -6.40137 -3.40367 4.4
    endloop
  endfacet
  facet normal 0.874612 0.484824 0
    outer loop
      vertex -6.27868 -3.625 6.4
      vertex -6.40137 -3.40367 4.4
      vertex -6.40137 -3.40367 6.4
    endloop
  endfacet
  facet normal 0.874612 0.484824 0
    outer loop
      vertex -6.40137 -3.40367 4.4
      vertex -6.27868 -3.625 6.4
      vertex -6.27868 -3.625 4.4
    endloop
  endfacet
  facet normal 0.920501 0.390741 0
    outer loop
      vertex -6.6232 -2.94884 6.4
      vertex -6.72208 -2.7159 4.4
      vertex -6.72208 -2.7159 6.4
    endloop
  endfacet
  facet normal 0.920501 0.390741 0
    outer loop
      vertex -6.72208 -2.7159 4.4
      vertex -6.6232 -2.94884 6.4
      vertex -6.6232 -2.94884 4.4
    endloop
  endfacet
  facet normal 0.857172 0.51503 0
    outer loop
      vertex -6.14835 -3.84191 6.4
      vertex -6.27868 -3.625 4.4
      vertex -6.27868 -3.625 6.4
    endloop
  endfacet
  facet normal 0.857172 0.51503 0
    outer loop
      vertex -6.27868 -3.625 4.4
      vertex -6.14835 -3.84191 6.4
      vertex -6.14835 -3.84191 4.4
    endloop
  endfacet
  facet normal 0.777146 0.62932 0
    outer loop
      vertex -5.55382 -4.66021 6.4
      vertex -5.71308 -4.46354 4.4
      vertex -5.71308 -4.46354 6.4
    endloop
  endfacet
  facet normal 0.777146 0.62932 0
    outer loop
      vertex -5.71308 -4.46354 4.4
      vertex -5.55382 -4.66021 6.4
      vertex -5.55382 -4.66021 4.4
    endloop
  endfacet
  facet normal 0.731335 0.682018 0
    outer loop
      vertex -5.21521 -5.03627 6.4
      vertex -5.3878 -4.8512 4.4
      vertex -5.3878 -4.8512 6.4
    endloop
  endfacet
  facet normal 0.731335 0.682018 0
    outer loop
      vertex -5.3878 -4.8512 4.4
      vertex -5.21521 -5.03627 6.4
      vertex -5.21521 -5.03627 4.4
    endloop
  endfacet
  facet normal -0.920501 -0.390741 0
    outer loop
      vertex 6.72208 2.7159 4.4
      vertex 6.6232 2.94884 6.4
      vertex 6.6232 2.94884 4.4
    endloop
  endfacet
  facet normal -0.920501 -0.390741 0
    outer loop
      vertex 6.6232 2.94884 6.4
      vertex 6.72208 2.7159 4.4
      vertex 6.72208 2.7159 6.4
    endloop
  endfacet
  facet normal -0.945519 -0.325566 0
    outer loop
      vertex 6.89516 2.24037 4.4
      vertex 6.81277 2.47965 6.4
      vertex 6.81277 2.47965 4.4
    endloop
  endfacet
  facet normal -0.945519 -0.325566 0
    outer loop
      vertex 6.81277 2.47965 6.4
      vertex 6.89516 2.24037 4.4
      vertex 6.89516 2.24037 6.4
    endloop
  endfacet
  facet normal -0.974329 -0.225131 0
    outer loop
      vertex 7.03888 1.73558 4.4
      vertex 7.03464 1.75393 6.4
      vertex 7.03464 1.75393 4.4
    endloop
  endfacet
  facet normal -0.974369 -0.224956 -0
    outer loop
      vertex 7.09157 1.50736 6.4
      vertex 7.03888 1.73558 4.4
      vertex 7.09157 1.50736 0
    endloop
  endfacet
  facet normal -0.974366 -0.224969 -1.56348e-06
    outer loop
      vertex 7.03888 1.73558 4.4
      vertex 7.09157 1.50736 6.4
      vertex 7.03464 1.75393 6.4
    endloop
  endfacet
  facet normal -0.974369 -0.224956 0
    outer loop
      vertex 7.03888 1.73558 0
      vertex 7.09157 1.50736 0
      vertex 7.03888 1.73558 4.4
    endloop
  endfacet
  facet normal -0.874612 -0.484824 0
    outer loop
      vertex 6.40137 3.40367 4.4
      vertex 6.27868 3.625 6.4
      vertex 6.27868 3.625 4.4
    endloop
  endfacet
  facet normal -0.874612 -0.484824 0
    outer loop
      vertex 6.27868 3.625 6.4
      vertex 6.40137 3.40367 4.4
      vertex 6.40137 3.40367 6.4
    endloop
  endfacet
  facet normal -0.819145 -0.573587 0
    outer loop
      vertex 6.01052 4.05415 4.4
      vertex 5.86537 4.26144 6.4
      vertex 5.86537 4.26144 4.4
    endloop
  endfacet
  facet normal -0.819145 -0.573587 0
    outer loop
      vertex 5.86537 4.26144 6.4
      vertex 6.01052 4.05415 4.4
      vertex 6.01052 4.05415 6.4
    endloop
  endfacet
  facet normal -0.731335 -0.682018 0
    outer loop
      vertex 5.3878 4.8512 4.4
      vertex 5.21521 5.03627 6.4
      vertex 5.21521 5.03627 4.4
    endloop
  endfacet
  facet normal -0.731335 -0.682018 0
    outer loop
      vertex 5.21521 5.03627 6.4
      vertex 5.3878 4.8512 4.4
      vertex 5.3878 4.8512 6.4
    endloop
  endfacet
  facet normal -0.682018 -0.731335 0
    outer loop
      vertex 4.8512 5.3878 4.4
      vertex 5.03627 5.21521 6.4
      vertex 4.8512 5.3878 6.4
    endloop
  endfacet
  facet normal -0.682018 -0.731335 -0
    outer loop
      vertex 5.03627 5.21521 6.4
      vertex 4.8512 5.3878 4.4
      vertex 5.03627 5.21521 4.4
    endloop
  endfacet
  facet normal -0.0174662 -0.999847 0
    outer loop
      vertex 0 7.25 0
      vertex 0.253021 7.24558 6.4
      vertex 0 7.25 6.4
    endloop
  endfacet
  facet normal -0.0174662 -0.999847 -0
    outer loop
      vertex 0.253021 7.24558 6.4
      vertex 0 7.25 0
      vertex 0.253021 7.24558 0
    endloop
  endfacet
  facet normal -0.656048 -0.75472 0
    outer loop
      vertex 4.66021 5.55382 4.4
      vertex 4.8512 5.3878 6.4
      vertex 4.66021 5.55382 6.4
    endloop
  endfacet
  facet normal -0.656048 -0.75472 -0
    outer loop
      vertex 4.8512 5.3878 6.4
      vertex 4.66021 5.55382 4.4
      vertex 4.8512 5.3878 4.4
    endloop
  endfacet
  facet normal -0.453997 -0.891003 0
    outer loop
      vertex 3.17819 6.51626 4.4
      vertex 3.40367 6.40137 6.4
      vertex 3.17819 6.51626 6.4
    endloop
  endfacet
  facet normal -0.453997 -0.891003 -0
    outer loop
      vertex 3.40367 6.40137 6.4
      vertex 3.17819 6.51626 4.4
      vertex 3.40367 6.40137 4.4
    endloop
  endfacet
  facet normal -0.544638 -0.838671 0
    outer loop
      vertex 3.84191 6.14835 4.4
      vertex 4.05415 6.01052 6.4
      vertex 3.84191 6.14835 6.4
    endloop
  endfacet
  facet normal -0.544638 -0.838671 -0
    outer loop
      vertex 4.05415 6.01052 6.4
      vertex 3.84191 6.14835 4.4
      vertex 4.05415 6.01052 4.4
    endloop
  endfacet
  facet normal -0.190824 -0.981624 0
    outer loop
      vertex 1.25895 7.13986 0
      vertex 1.50736 7.09157 6.4
      vertex 1.25895 7.13986 6.4
    endloop
  endfacet
  facet normal -0.190824 -0.981624 -0
    outer loop
      vertex 1.50736 7.09157 6.4
      vertex 1.25895 7.13986 0
      vertex 1.50736 7.09157 0
    endloop
  endfacet
  facet normal -0.156403 -0.987693 0
    outer loop
      vertex 1.009 7.17944 0
      vertex 1.25895 7.13986 6.4
      vertex 1.009 7.17944 6.4
    endloop
  endfacet
  facet normal -0.156403 -0.987693 -0
    outer loop
      vertex 1.25895 7.13986 6.4
      vertex 1.009 7.17944 0
      vertex 1.25895 7.13986 0
    endloop
  endfacet
  facet normal -0.358375 -0.933578 0
    outer loop
      vertex 2.47965 6.81277 4.4
      vertex 2.7159 6.72208 6.4
      vertex 2.47965 6.81277 6.4
    endloop
  endfacet
  facet normal -0.358375 -0.933578 -0
    outer loop
      vertex 2.7159 6.72208 6.4
      vertex 2.47965 6.81277 4.4
      vertex 2.7159 6.72208 4.4
    endloop
  endfacet
  facet normal -0.224969 -0.974366 -1.56348e-06
    outer loop
      vertex 1.50736 7.09157 6.4
      vertex 1.73558 7.03888 4.4
      vertex 1.75393 7.03464 6.4
    endloop
  endfacet
  facet normal -0.224956 -0.974369 0
    outer loop
      vertex 1.50736 7.09157 0
      vertex 1.73558 7.03888 4.4
      vertex 1.50736 7.09157 6.4
    endloop
  endfacet
  facet normal -0.224956 -0.974369 -0
    outer loop
      vertex 1.73558 7.03888 4.4
      vertex 1.50736 7.09157 0
      vertex 1.73558 7.03888 0
    endloop
  endfacet
  facet normal -0.225131 -0.974329 -0
    outer loop
      vertex 1.75393 7.03464 6.4
      vertex 1.73558 7.03888 4.4
      vertex 1.75393 7.03464 4.4
    endloop
  endfacet
  facet normal -0.258791 -0.965933 0
    outer loop
      vertex 1.75393 7.03464 4.4
      vertex 1.99837 6.96915 6.4
      vertex 1.75393 7.03464 6.4
    endloop
  endfacet
  facet normal -0.258791 -0.965933 -0
    outer loop
      vertex 1.99837 6.96915 6.4
      vertex 1.75393 7.03464 4.4
      vertex 1.99837 6.96915 4.4
    endloop
  endfacet
  facet normal 0.999847 -0.0174662 0
    outer loop
      vertex -7.25 0 6.4
      vertex -7.24558 0.253021 0
      vertex -7.24558 0.253021 6.4
    endloop
  endfacet
  facet normal 0.999847 -0.0174662 0
    outer loop
      vertex -7.24558 0.253021 0
      vertex -7.25 0 6.4
      vertex -7.25 0 0
    endloop
  endfacet
  facet normal 0.920501 -0.390741 0
    outer loop
      vertex -6.72208 2.7159 6.4
      vertex -6.6232 2.94884 4.4
      vertex -6.6232 2.94884 6.4
    endloop
  endfacet
  facet normal 0.920501 -0.390741 0
    outer loop
      vertex -6.6232 2.94884 4.4
      vertex -6.72208 2.7159 6.4
      vertex -6.72208 2.7159 4.4
    endloop
  endfacet
  facet normal 0.981624 -0.190824 0
    outer loop
      vertex -7.13986 1.25895 6.4
      vertex -7.09157 1.50736 0
      vertex -7.09157 1.50736 6.4
    endloop
  endfacet
  facet normal 0.981624 -0.190824 0
    outer loop
      vertex -7.09157 1.50736 0
      vertex -7.13986 1.25895 6.4
      vertex -7.13986 1.25895 0
    endloop
  endfacet
  facet normal 0.996193 -0.0871725 0
    outer loop
      vertex -7.23234 0.505733 6.4
      vertex -7.21028 0.757831 0
      vertex -7.21028 0.757831 6.4
    endloop
  endfacet
  facet normal 0.996193 -0.0871725 0
    outer loop
      vertex -7.21028 0.757831 0
      vertex -7.23234 0.505733 6.4
      vertex -7.23234 0.505733 0
    endloop
  endfacet
  facet normal 0.987693 -0.156403 0
    outer loop
      vertex -7.17944 1.009 6.4
      vertex -7.13986 1.25895 0
      vertex -7.13986 1.25895 6.4
    endloop
  endfacet
  facet normal 0.987693 -0.156403 0
    outer loop
      vertex -7.13986 1.25895 0
      vertex -7.17944 1.009 6.4
      vertex -7.17944 1.009 0
    endloop
  endfacet
  facet normal 0.933578 -0.358375 0
    outer loop
      vertex -6.81277 2.47965 6.4
      vertex -6.72208 2.7159 4.4
      vertex -6.72208 2.7159 6.4
    endloop
  endfacet
  facet normal 0.933578 -0.358375 0
    outer loop
      vertex -6.72208 2.7159 4.4
      vertex -6.81277 2.47965 6.4
      vertex -6.81277 2.47965 4.4
    endloop
  endfacet
  facet normal 0.974329 -0.225131 0
    outer loop
      vertex -7.03464 1.75393 6.4
      vertex -7.03888 1.73558 4.4
      vertex -7.03464 1.75393 4.4
    endloop
  endfacet
  facet normal 0.974366 -0.224969 -1.56348e-06
    outer loop
      vertex -7.09157 1.50736 6.4
      vertex -7.03888 1.73558 4.4
      vertex -7.03464 1.75393 6.4
    endloop
  endfacet
  facet normal 0.974369 -0.224956 0
    outer loop
      vertex -7.09157 1.50736 0
      vertex -7.03888 1.73558 4.4
      vertex -7.09157 1.50736 6.4
    endloop
  endfacet
  facet normal 0.974369 -0.224956 0
    outer loop
      vertex -7.03888 1.73558 4.4
      vertex -7.09157 1.50736 0
      vertex -7.03888 1.73558 0
    endloop
  endfacet
  facet normal 0.965933 -0.258791 0
    outer loop
      vertex -7.03464 1.75393 6.4
      vertex -6.96915 1.99837 4.4
      vertex -6.96915 1.99837 6.4
    endloop
  endfacet
  facet normal 0.965933 -0.258791 0
    outer loop
      vertex -6.96915 1.99837 4.4
      vertex -7.03464 1.75393 6.4
      vertex -7.03464 1.75393 4.4
    endloop
  endfacet
  facet normal 0.838671 -0.544638 0
    outer loop
      vertex -6.14835 3.84191 6.4
      vertex -6.01052 4.05415 4.4
      vertex -6.01052 4.05415 6.4
    endloop
  endfacet
  facet normal 0.838671 -0.544638 0
    outer loop
      vertex -6.01052 4.05415 4.4
      vertex -6.14835 3.84191 6.4
      vertex -6.14835 3.84191 4.4
    endloop
  endfacet
  facet normal 0.874612 -0.484824 0
    outer loop
      vertex -6.40137 3.40367 6.4
      vertex -6.27868 3.625 4.4
      vertex -6.27868 3.625 6.4
    endloop
  endfacet
  facet normal 0.874612 -0.484824 0
    outer loop
      vertex -6.27868 3.625 4.4
      vertex -6.40137 3.40367 6.4
      vertex -6.40137 3.40367 4.4
    endloop
  endfacet
  facet normal 0.819145 -0.573587 0
    outer loop
      vertex -6.01052 4.05415 6.4
      vertex -5.86537 4.26144 4.4
      vertex -5.86537 4.26144 6.4
    endloop
  endfacet
  facet normal 0.819145 -0.573587 0
    outer loop
      vertex -5.86537 4.26144 4.4
      vertex -6.01052 4.05415 6.4
      vertex -6.01052 4.05415 4.4
    endloop
  endfacet
  facet normal 0.75472 -0.656048 0
    outer loop
      vertex -5.55382 4.66021 6.4
      vertex -5.3878 4.8512 4.4
      vertex -5.3878 4.8512 6.4
    endloop
  endfacet
  facet normal 0.75472 -0.656048 0
    outer loop
      vertex -5.3878 4.8512 4.4
      vertex -5.55382 4.66021 6.4
      vertex -5.55382 4.66021 4.4
    endloop
  endfacet
  facet normal 0.777146 -0.62932 0
    outer loop
      vertex -5.71308 4.46354 6.4
      vertex -5.55382 4.66021 4.4
      vertex -5.55382 4.66021 6.4
    endloop
  endfacet
  facet normal 0.777146 -0.62932 0
    outer loop
      vertex -5.55382 4.66021 4.4
      vertex -5.71308 4.46354 6.4
      vertex -5.71308 4.46354 4.4
    endloop
  endfacet
  facet normal 0.707107 -0.707107 0
    outer loop
      vertex -5.21521 5.03627 6.4
      vertex -5.03627 5.21521 4.4
      vertex -5.03627 5.21521 6.4
    endloop
  endfacet
  facet normal 0.707107 -0.707107 0
    outer loop
      vertex -5.03627 5.21521 4.4
      vertex -5.21521 5.03627 6.4
      vertex -5.21521 5.03627 4.4
    endloop
  endfacet
  facet normal 0.225131 -0.974329 0
    outer loop
      vertex -1.73558 7.03888 4.4
      vertex -1.75393 7.03464 6.4
      vertex -1.75393 7.03464 4.4
    endloop
  endfacet
  facet normal 0.224969 -0.974366 -1.56348e-06
    outer loop
      vertex -1.75393 7.03464 6.4
      vertex -1.73558 7.03888 4.4
      vertex -1.50736 7.09157 6.4
    endloop
  endfacet
  facet normal 0.224956 -0.974369 0
    outer loop
      vertex -1.50736 7.09157 0
      vertex -1.73558 7.03888 4.4
      vertex -1.73558 7.03888 0
    endloop
  endfacet
  facet normal 0.224956 -0.974369 0
    outer loop
      vertex -1.73558 7.03888 4.4
      vertex -1.50736 7.09157 0
      vertex -1.50736 7.09157 6.4
    endloop
  endfacet
  facet normal 0.325566 -0.945519 0
    outer loop
      vertex -2.47965 6.81277 4.4
      vertex -2.24037 6.89516 6.4
      vertex -2.47965 6.81277 6.4
    endloop
  endfacet
  facet normal 0.325566 -0.945519 0
    outer loop
      vertex -2.24037 6.89516 6.4
      vertex -2.47965 6.81277 4.4
      vertex -2.24037 6.89516 4.4
    endloop
  endfacet
  facet normal 0.258791 -0.965933 0
    outer loop
      vertex -1.99837 6.96915 4.4
      vertex -1.75393 7.03464 6.4
      vertex -1.99837 6.96915 6.4
    endloop
  endfacet
  facet normal 0.258791 -0.965933 0
    outer loop
      vertex -1.75393 7.03464 6.4
      vertex -1.99837 6.96915 4.4
      vertex -1.75393 7.03464 4.4
    endloop
  endfacet
  facet normal 0.190824 -0.981624 0
    outer loop
      vertex -1.50736 7.09157 0
      vertex -1.25895 7.13986 6.4
      vertex -1.50736 7.09157 6.4
    endloop
  endfacet
  facet normal 0.190824 -0.981624 0
    outer loop
      vertex -1.25895 7.13986 6.4
      vertex -1.50736 7.09157 0
      vertex -1.25895 7.13986 0
    endloop
  endfacet
  facet normal 0.0174662 -0.999847 0
    outer loop
      vertex -0.253021 7.24558 0
      vertex 0 7.25 6.4
      vertex -0.253021 7.24558 6.4
    endloop
  endfacet
  facet normal 0.0174662 -0.999847 0
    outer loop
      vertex 0 7.25 6.4
      vertex -0.253021 7.24558 0
      vertex 0 7.25 0
    endloop
  endfacet
  facet normal 0.0523199 -0.99863 0
    outer loop
      vertex -0.505733 7.23234 0
      vertex -0.253021 7.24558 6.4
      vertex -0.505733 7.23234 6.4
    endloop
  endfacet
  facet normal 0.0523199 -0.99863 0
    outer loop
      vertex -0.253021 7.24558 6.4
      vertex -0.505733 7.23234 0
      vertex -0.253021 7.24558 0
    endloop
  endfacet
  facet normal 0.544638 -0.838671 0
    outer loop
      vertex -4.05415 6.01052 4.4
      vertex -3.84191 6.14835 6.4
      vertex -4.05415 6.01052 6.4
    endloop
  endfacet
  facet normal 0.544638 -0.838671 0
    outer loop
      vertex -3.84191 6.14835 6.4
      vertex -4.05415 6.01052 4.4
      vertex -3.84191 6.14835 4.4
    endloop
  endfacet
  facet normal 0.453997 -0.891003 0
    outer loop
      vertex -3.40367 6.40137 4.4
      vertex -3.17819 6.51626 6.4
      vertex -3.40367 6.40137 6.4
    endloop
  endfacet
  facet normal 0.453997 -0.891003 0
    outer loop
      vertex -3.17819 6.51626 6.4
      vertex -3.40367 6.40137 4.4
      vertex -3.17819 6.51626 4.4
    endloop
  endfacet
  facet normal 0.682018 -0.731335 0
    outer loop
      vertex -5.03627 5.21521 4.4
      vertex -4.8512 5.3878 6.4
      vertex -5.03627 5.21521 6.4
    endloop
  endfacet
  facet normal 0.682018 -0.731335 0
    outer loop
      vertex -4.8512 5.3878 6.4
      vertex -5.03627 5.21521 4.4
      vertex -4.8512 5.3878 4.4
    endloop
  endfacet
  facet normal -0.99863 0.0523199 0
    outer loop
      vertex 7.23234 -0.505733 0
      vertex 7.24558 -0.253021 6.4
      vertex 7.24558 -0.253021 0
    endloop
  endfacet
  facet normal -0.99863 0.0523199 0
    outer loop
      vertex 7.24558 -0.253021 6.4
      vertex 7.23234 -0.505733 0
      vertex 7.23234 -0.505733 6.4
    endloop
  endfacet
  facet normal -0.974369 0.224956 0
    outer loop
      vertex 7.03888 -1.73558 4.4
      vertex 7.09157 -1.50736 0
      vertex 7.03888 -1.73558 0
    endloop
  endfacet
  facet normal -0.974369 0.224956 0
    outer loop
      vertex 7.09157 -1.50736 0
      vertex 7.03888 -1.73558 4.4
      vertex 7.09157 -1.50736 6.4
    endloop
  endfacet
  facet normal -0.974329 0.225131 0
    outer loop
      vertex 7.03464 -1.75393 6.4
      vertex 7.03888 -1.73558 4.4
      vertex 7.03464 -1.75393 4.4
    endloop
  endfacet
  facet normal -0.974366 0.224969 -1.56348e-06
    outer loop
      vertex 7.03888 -1.73558 4.4
      vertex 7.03464 -1.75393 6.4
      vertex 7.09157 -1.50736 6.4
    endloop
  endfacet
  facet normal -0.992546 0.121871 0
    outer loop
      vertex 7.17944 -1.009 0
      vertex 7.21028 -0.757831 6.4
      vertex 7.21028 -0.757831 0
    endloop
  endfacet
  facet normal -0.992546 0.121871 0
    outer loop
      vertex 7.21028 -0.757831 6.4
      vertex 7.17944 -1.009 0
      vertex 7.17944 -1.009 6.4
    endloop
  endfacet
  facet normal -0.0174662 0.999847 0
    outer loop
      vertex 0.253021 -7.24558 0
      vertex 0 -7.25 6.4
      vertex 0.253021 -7.24558 6.4
    endloop
  endfacet
  facet normal -0.0174662 0.999847 0
    outer loop
      vertex 0 -7.25 6.4
      vertex 0.253021 -7.24558 0
      vertex 0 -7.25 0
    endloop
  endfacet
  facet normal -0.945519 0.325566 0
    outer loop
      vertex 6.81277 -2.47965 4.4
      vertex 6.89516 -2.24037 6.4
      vertex 6.89516 -2.24037 4.4
    endloop
  endfacet
  facet normal -0.945519 0.325566 0
    outer loop
      vertex 6.89516 -2.24037 6.4
      vertex 6.81277 -2.47965 4.4
      vertex 6.81277 -2.47965 6.4
    endloop
  endfacet
  facet normal -0.819145 0.573587 0
    outer loop
      vertex 5.86537 -4.26144 4.4
      vertex 6.01052 -4.05415 6.4
      vertex 6.01052 -4.05415 4.4
    endloop
  endfacet
  facet normal -0.819145 0.573587 0
    outer loop
      vertex 6.01052 -4.05415 6.4
      vertex 5.86537 -4.26144 4.4
      vertex 5.86537 -4.26144 6.4
    endloop
  endfacet
  facet normal -0.0523199 0.99863 0
    outer loop
      vertex 0.505733 -7.23234 0
      vertex 0.253021 -7.24558 6.4
      vertex 0.505733 -7.23234 6.4
    endloop
  endfacet
  facet normal -0.0523199 0.99863 0
    outer loop
      vertex 0.253021 -7.24558 6.4
      vertex 0.505733 -7.23234 0
      vertex 0.253021 -7.24558 0
    endloop
  endfacet
  facet normal -0.156403 0.987693 0
    outer loop
      vertex 1.25895 -7.13986 0
      vertex 1.009 -7.17944 6.4
      vertex 1.25895 -7.13986 6.4
    endloop
  endfacet
  facet normal -0.156403 0.987693 0
    outer loop
      vertex 1.009 -7.17944 6.4
      vertex 1.25895 -7.13986 0
      vertex 1.009 -7.17944 0
    endloop
  endfacet
  facet normal -0.358375 0.933578 0
    outer loop
      vertex 2.7159 -6.72208 4.4
      vertex 2.47965 -6.81277 6.4
      vertex 2.7159 -6.72208 6.4
    endloop
  endfacet
  facet normal -0.358375 0.933578 0
    outer loop
      vertex 2.47965 -6.81277 6.4
      vertex 2.7159 -6.72208 4.4
      vertex 2.47965 -6.81277 4.4
    endloop
  endfacet
  facet normal -0.225131 0.974329 0
    outer loop
      vertex 1.73558 -7.03888 4.4
      vertex 1.75393 -7.03464 6.4
      vertex 1.75393 -7.03464 4.4
    endloop
  endfacet
  facet normal -0.224969 0.974366 -1.56348e-06
    outer loop
      vertex 1.75393 -7.03464 6.4
      vertex 1.73558 -7.03888 4.4
      vertex 1.50736 -7.09157 6.4
    endloop
  endfacet
  facet normal -0.224956 0.974369 0
    outer loop
      vertex 1.50736 -7.09157 0
      vertex 1.73558 -7.03888 4.4
      vertex 1.73558 -7.03888 0
    endloop
  endfacet
  facet normal -0.224956 0.974369 0
    outer loop
      vertex 1.73558 -7.03888 4.4
      vertex 1.50736 -7.09157 0
      vertex 1.50736 -7.09157 6.4
    endloop
  endfacet
  facet normal -0.258791 0.965933 0
    outer loop
      vertex 1.99837 -6.96915 4.4
      vertex 1.75393 -7.03464 6.4
      vertex 1.99837 -6.96915 6.4
    endloop
  endfacet
  facet normal -0.258791 0.965933 0
    outer loop
      vertex 1.75393 -7.03464 6.4
      vertex 1.99837 -6.96915 4.4
      vertex 1.75393 -7.03464 4.4
    endloop
  endfacet
  facet normal -0.62932 0.777146 0
    outer loop
      vertex 4.66021 -5.55382 4.4
      vertex 4.46354 -5.71308 6.4
      vertex 4.66021 -5.55382 6.4
    endloop
  endfacet
  facet normal -0.62932 0.777146 0
    outer loop
      vertex 4.46354 -5.71308 6.4
      vertex 4.66021 -5.55382 4.4
      vertex 4.46354 -5.71308 4.4
    endloop
  endfacet
  facet normal -0.573587 0.819145 0
    outer loop
      vertex 4.26144 -5.86537 4.4
      vertex 4.05415 -6.01052 6.4
      vertex 4.26144 -5.86537 6.4
    endloop
  endfacet
  facet normal -0.573587 0.819145 0
    outer loop
      vertex 4.05415 -6.01052 6.4
      vertex 4.26144 -5.86537 4.4
      vertex 4.05415 -6.01052 4.4
    endloop
  endfacet
  facet normal -0.601807 0.798642 0
    outer loop
      vertex 4.46354 -5.71308 4.4
      vertex 4.26144 -5.86537 6.4
      vertex 4.46354 -5.71308 6.4
    endloop
  endfacet
  facet normal -0.601807 0.798642 0
    outer loop
      vertex 4.26144 -5.86537 6.4
      vertex 4.46354 -5.71308 4.4
      vertex 4.26144 -5.86537 4.4
    endloop
  endfacet
  facet normal -0.544638 0.838671 0
    outer loop
      vertex 4.05415 -6.01052 4.4
      vertex 3.84191 -6.14835 6.4
      vertex 4.05415 -6.01052 6.4
    endloop
  endfacet
  facet normal -0.544638 0.838671 0
    outer loop
      vertex 3.84191 -6.14835 6.4
      vertex 4.05415 -6.01052 4.4
      vertex 3.84191 -6.14835 4.4
    endloop
  endfacet
  facet normal -0.453997 0.891003 0
    outer loop
      vertex 3.40367 -6.40137 4.4
      vertex 3.17819 -6.51626 6.4
      vertex 3.40367 -6.40137 6.4
    endloop
  endfacet
  facet normal -0.453997 0.891003 0
    outer loop
      vertex 3.17819 -6.51626 6.4
      vertex 3.40367 -6.40137 4.4
      vertex 3.17819 -6.51626 4.4
    endloop
  endfacet
  facet normal 0.325566 0.945519 -0
    outer loop
      vertex -2.24037 -6.89516 4.4
      vertex -2.47965 -6.81277 6.4
      vertex -2.24037 -6.89516 6.4
    endloop
  endfacet
  facet normal 0.325566 0.945519 0
    outer loop
      vertex -2.47965 -6.81277 6.4
      vertex -2.24037 -6.89516 4.4
      vertex -2.47965 -6.81277 4.4
    endloop
  endfacet
  facet normal 0.390741 0.920501 -0
    outer loop
      vertex -2.7159 -6.72208 4.4
      vertex -2.94884 -6.6232 6.4
      vertex -2.7159 -6.72208 6.4
    endloop
  endfacet
  facet normal 0.390741 0.920501 0
    outer loop
      vertex -2.94884 -6.6232 6.4
      vertex -2.7159 -6.72208 4.4
      vertex -2.94884 -6.6232 4.4
    endloop
  endfacet
  facet normal 0.121871 0.992546 -0
    outer loop
      vertex -0.757831 -7.21028 0
      vertex -1.009 -7.17944 6.4
      vertex -0.757831 -7.21028 6.4
    endloop
  endfacet
  facet normal 0.121871 0.992546 0
    outer loop
      vertex -1.009 -7.17944 6.4
      vertex -0.757831 -7.21028 0
      vertex -1.009 -7.17944 0
    endloop
  endfacet
  facet normal 0.190824 0.981624 -0
    outer loop
      vertex -1.25895 -7.13986 0
      vertex -1.50736 -7.09157 6.4
      vertex -1.25895 -7.13986 6.4
    endloop
  endfacet
  facet normal 0.190824 0.981624 0
    outer loop
      vertex -1.50736 -7.09157 6.4
      vertex -1.25895 -7.13986 0
      vertex -1.50736 -7.09157 0
    endloop
  endfacet
  facet normal 0.0523199 0.99863 -0
    outer loop
      vertex -0.253021 -7.24558 0
      vertex -0.505733 -7.23234 6.4
      vertex -0.253021 -7.24558 6.4
    endloop
  endfacet
  facet normal 0.0523199 0.99863 0
    outer loop
      vertex -0.505733 -7.23234 6.4
      vertex -0.253021 -7.24558 0
      vertex -0.505733 -7.23234 0
    endloop
  endfacet
  facet normal 0.156403 0.987693 -0
    outer loop
      vertex -1.009 -7.17944 0
      vertex -1.25895 -7.13986 6.4
      vertex -1.009 -7.17944 6.4
    endloop
  endfacet
  facet normal 0.156403 0.987693 0
    outer loop
      vertex -1.25895 -7.13986 6.4
      vertex -1.009 -7.17944 0
      vertex -1.25895 -7.13986 0
    endloop
  endfacet
  facet normal 0.358375 0.933578 -0
    outer loop
      vertex -2.47965 -6.81277 4.4
      vertex -2.7159 -6.72208 6.4
      vertex -2.47965 -6.81277 6.4
    endloop
  endfacet
  facet normal 0.358375 0.933578 0
    outer loop
      vertex -2.7159 -6.72208 6.4
      vertex -2.47965 -6.81277 4.4
      vertex -2.7159 -6.72208 4.4
    endloop
  endfacet
  facet normal 0.258791 0.965933 -0
    outer loop
      vertex -1.75393 -7.03464 4.4
      vertex -1.99837 -6.96915 6.4
      vertex -1.75393 -7.03464 6.4
    endloop
  endfacet
  facet normal 0.258791 0.965933 0
    outer loop
      vertex -1.99837 -6.96915 6.4
      vertex -1.75393 -7.03464 4.4
      vertex -1.99837 -6.96915 4.4
    endloop
  endfacet
  facet normal 0.51503 0.857172 -0
    outer loop
      vertex -3.625 -6.27868 4.4
      vertex -3.84191 -6.14835 6.4
      vertex -3.625 -6.27868 6.4
    endloop
  endfacet
  facet normal 0.51503 0.857172 0
    outer loop
      vertex -3.84191 -6.14835 6.4
      vertex -3.625 -6.27868 4.4
      vertex -3.84191 -6.14835 4.4
    endloop
  endfacet
  facet normal 0.422593 0.906319 -0
    outer loop
      vertex -2.94884 -6.6232 4.4
      vertex -3.17819 -6.51626 6.4
      vertex -2.94884 -6.6232 6.4
    endloop
  endfacet
  facet normal 0.422593 0.906319 0
    outer loop
      vertex -3.17819 -6.51626 6.4
      vertex -2.94884 -6.6232 4.4
      vertex -3.17819 -6.51626 4.4
    endloop
  endfacet
  facet normal 0.484824 0.874612 -0
    outer loop
      vertex -3.40367 -6.40137 4.4
      vertex -3.625 -6.27868 6.4
      vertex -3.40367 -6.40137 6.4
    endloop
  endfacet
  facet normal 0.484824 0.874612 0
    outer loop
      vertex -3.625 -6.27868 6.4
      vertex -3.40367 -6.40137 4.4
      vertex -3.625 -6.27868 4.4
    endloop
  endfacet
  facet normal 0.453997 0.891003 -0
    outer loop
      vertex -3.17819 -6.51626 4.4
      vertex -3.40367 -6.40137 6.4
      vertex -3.17819 -6.51626 6.4
    endloop
  endfacet
  facet normal 0.453997 0.891003 0
    outer loop
      vertex -3.40367 -6.40137 6.4
      vertex -3.17819 -6.51626 4.4
      vertex -3.40367 -6.40137 4.4
    endloop
  endfacet
  facet normal 0.601807 0.798642 -0
    outer loop
      vertex -4.26144 -5.86537 4.4
      vertex -4.46354 -5.71308 6.4
      vertex -4.26144 -5.86537 6.4
    endloop
  endfacet
  facet normal 0.601807 0.798642 0
    outer loop
      vertex -4.46354 -5.71308 6.4
      vertex -4.26144 -5.86537 4.4
      vertex -4.46354 -5.71308 4.4
    endloop
  endfacet
  facet normal 0.956301 0.292383 0
    outer loop
      vertex -6.89516 -2.24037 6.4
      vertex -6.96915 -1.99837 4.4
      vertex -6.96915 -1.99837 6.4
    endloop
  endfacet
  facet normal 0.956301 0.292383 0
    outer loop
      vertex -6.96915 -1.99837 4.4
      vertex -6.89516 -2.24037 6.4
      vertex -6.89516 -2.24037 4.4
    endloop
  endfacet
  facet normal 0.974369 0.224956 0
    outer loop
      vertex -7.09157 -1.50736 6.4
      vertex -7.03888 -1.73558 4.4
      vertex -7.09157 -1.50736 0
    endloop
  endfacet
  facet normal 0.974366 0.224969 -1.56348e-06
    outer loop
      vertex -7.03464 -1.75393 6.4
      vertex -7.03888 -1.73558 4.4
      vertex -7.09157 -1.50736 6.4
    endloop
  endfacet
  facet normal 0.974329 0.225131 0
    outer loop
      vertex -7.03888 -1.73558 4.4
      vertex -7.03464 -1.75393 6.4
      vertex -7.03464 -1.75393 4.4
    endloop
  endfacet
  facet normal 0.974369 0.224956 0
    outer loop
      vertex -7.09157 -1.50736 0
      vertex -7.03888 -1.73558 4.4
      vertex -7.03888 -1.73558 0
    endloop
  endfacet
  facet normal 0.965933 0.258791 0
    outer loop
      vertex -6.96915 -1.99837 6.4
      vertex -7.03464 -1.75393 4.4
      vertex -7.03464 -1.75393 6.4
    endloop
  endfacet
  facet normal 0.965933 0.258791 0
    outer loop
      vertex -7.03464 -1.75393 4.4
      vertex -6.96915 -1.99837 6.4
      vertex -6.96915 -1.99837 4.4
    endloop
  endfacet
  facet normal 0.933578 0.358375 0
    outer loop
      vertex -6.72208 -2.7159 6.4
      vertex -6.81277 -2.47965 4.4
      vertex -6.81277 -2.47965 6.4
    endloop
  endfacet
  facet normal 0.933578 0.358375 0
    outer loop
      vertex -6.81277 -2.47965 4.4
      vertex -6.72208 -2.7159 6.4
      vertex -6.72208 -2.7159 4.4
    endloop
  endfacet
  facet normal 0.987693 0.156403 0
    outer loop
      vertex -7.13986 -1.25895 6.4
      vertex -7.17944 -1.009 0
      vertex -7.17944 -1.009 6.4
    endloop
  endfacet
  facet normal 0.987693 0.156403 0
    outer loop
      vertex -7.17944 -1.009 0
      vertex -7.13986 -1.25895 6.4
      vertex -7.13986 -1.25895 0
    endloop
  endfacet
  facet normal 0.999847 0.0174662 0
    outer loop
      vertex -7.24558 -0.253021 6.4
      vertex -7.25 0 0
      vertex -7.25 0 6.4
    endloop
  endfacet
  facet normal 0.999847 0.0174662 0
    outer loop
      vertex -7.25 0 0
      vertex -7.24558 -0.253021 6.4
      vertex -7.24558 -0.253021 0
    endloop
  endfacet
  facet normal 0.996193 0.0871725 0
    outer loop
      vertex -7.21028 -0.757831 6.4
      vertex -7.23234 -0.505733 0
      vertex -7.23234 -0.505733 6.4
    endloop
  endfacet
  facet normal 0.996193 0.0871725 0
    outer loop
      vertex -7.23234 -0.505733 0
      vertex -7.21028 -0.757831 6.4
      vertex -7.21028 -0.757831 0
    endloop
  endfacet
  facet normal 0.906319 0.422593 0
    outer loop
      vertex -6.51626 -3.17819 6.4
      vertex -6.6232 -2.94884 4.4
      vertex -6.6232 -2.94884 6.4
    endloop
  endfacet
  facet normal 0.906319 0.422593 0
    outer loop
      vertex -6.6232 -2.94884 4.4
      vertex -6.51626 -3.17819 6.4
      vertex -6.51626 -3.17819 4.4
    endloop
  endfacet
  facet normal 0.798642 0.601807 0
    outer loop
      vertex -5.71308 -4.46354 6.4
      vertex -5.86537 -4.26144 4.4
      vertex -5.86537 -4.26144 6.4
    endloop
  endfacet
  facet normal 0.798642 0.601807 0
    outer loop
      vertex -5.86537 -4.26144 4.4
      vertex -5.71308 -4.46354 6.4
      vertex -5.71308 -4.46354 4.4
    endloop
  endfacet
  facet normal 0.75472 0.656048 0
    outer loop
      vertex -5.3878 -4.8512 6.4
      vertex -5.55382 -4.66021 4.4
      vertex -5.55382 -4.66021 6.4
    endloop
  endfacet
  facet normal 0.75472 0.656048 0
    outer loop
      vertex -5.55382 -4.66021 4.4
      vertex -5.3878 -4.8512 6.4
      vertex -5.3878 -4.8512 4.4
    endloop
  endfacet
  facet normal -0.992546 -0.121871 0
    outer loop
      vertex 7.21028 0.757831 0
      vertex 7.17944 1.009 6.4
      vertex 7.17944 1.009 0
    endloop
  endfacet
  facet normal -0.992546 -0.121871 0
    outer loop
      vertex 7.17944 1.009 6.4
      vertex 7.21028 0.757831 0
      vertex 7.21028 0.757831 6.4
    endloop
  endfacet
  facet normal -0.996193 -0.0871725 0
    outer loop
      vertex 7.23234 0.505733 0
      vertex 7.21028 0.757831 6.4
      vertex 7.21028 0.757831 0
    endloop
  endfacet
  facet normal -0.996193 -0.0871725 0
    outer loop
      vertex 7.21028 0.757831 6.4
      vertex 7.23234 0.505733 0
      vertex 7.23234 0.505733 6.4
    endloop
  endfacet
  facet normal -0.99863 -0.0523199 0
    outer loop
      vertex 7.24558 0.253021 0
      vertex 7.23234 0.505733 6.4
      vertex 7.23234 0.505733 0
    endloop
  endfacet
  facet normal -0.99863 -0.0523199 0
    outer loop
      vertex 7.23234 0.505733 6.4
      vertex 7.24558 0.253021 0
      vertex 7.24558 0.253021 6.4
    endloop
  endfacet
  facet normal -0.0523199 -0.99863 0
    outer loop
      vertex 0.253021 7.24558 0
      vertex 0.505733 7.23234 6.4
      vertex 0.253021 7.24558 6.4
    endloop
  endfacet
  facet normal -0.0523199 -0.99863 -0
    outer loop
      vertex 0.505733 7.23234 6.4
      vertex 0.253021 7.24558 0
      vertex 0.505733 7.23234 0
    endloop
  endfacet
  facet normal 0.99863 -0.0523199 0
    outer loop
      vertex -7.24558 0.253021 6.4
      vertex -7.23234 0.505733 0
      vertex -7.23234 0.505733 6.4
    endloop
  endfacet
  facet normal 0.99863 -0.0523199 0
    outer loop
      vertex -7.23234 0.505733 0
      vertex -7.24558 0.253021 6.4
      vertex -7.24558 0.253021 0
    endloop
  endfacet
  facet normal 0.51503 -0.857172 0
    outer loop
      vertex -3.84191 6.14835 4.4
      vertex -3.625 6.27868 6.4
      vertex -3.84191 6.14835 6.4
    endloop
  endfacet
  facet normal 0.51503 -0.857172 0
    outer loop
      vertex -3.625 6.27868 6.4
      vertex -3.84191 6.14835 4.4
      vertex -3.625 6.27868 4.4
    endloop
  endfacet
  facet normal 0.656048 -0.75472 0
    outer loop
      vertex -4.8512 5.3878 4.4
      vertex -4.66021 5.55382 6.4
      vertex -4.8512 5.3878 6.4
    endloop
  endfacet
  facet normal 0.656048 -0.75472 0
    outer loop
      vertex -4.66021 5.55382 6.4
      vertex -4.8512 5.3878 4.4
      vertex -4.66021 5.55382 4.4
    endloop
  endfacet
  facet normal -0.981624 0.190824 0
    outer loop
      vertex 7.09157 -1.50736 0
      vertex 7.13986 -1.25895 6.4
      vertex 7.13986 -1.25895 0
    endloop
  endfacet
  facet normal -0.981624 0.190824 0
    outer loop
      vertex 7.13986 -1.25895 6.4
      vertex 7.09157 -1.50736 0
      vertex 7.09157 -1.50736 6.4
    endloop
  endfacet
  facet normal -0.987693 0.156403 0
    outer loop
      vertex 7.13986 -1.25895 0
      vertex 7.17944 -1.009 6.4
      vertex 7.17944 -1.009 0
    endloop
  endfacet
  facet normal -0.987693 0.156403 0
    outer loop
      vertex 7.17944 -1.009 6.4
      vertex 7.13986 -1.25895 0
      vertex 7.13986 -1.25895 6.4
    endloop
  endfacet
  facet normal -0.965933 0.258791 0
    outer loop
      vertex 6.96915 -1.99837 4.4
      vertex 7.03464 -1.75393 6.4
      vertex 7.03464 -1.75393 4.4
    endloop
  endfacet
  facet normal -0.965933 0.258791 0
    outer loop
      vertex 7.03464 -1.75393 6.4
      vertex 6.96915 -1.99837 4.4
      vertex 6.96915 -1.99837 6.4
    endloop
  endfacet
  facet normal -0.933578 0.358375 0
    outer loop
      vertex 6.72208 -2.7159 4.4
      vertex 6.81277 -2.47965 6.4
      vertex 6.81277 -2.47965 4.4
    endloop
  endfacet
  facet normal -0.933578 0.358375 0
    outer loop
      vertex 6.81277 -2.47965 6.4
      vertex 6.72208 -2.7159 4.4
      vertex 6.72208 -2.7159 6.4
    endloop
  endfacet
  facet normal -0.891003 0.453997 0
    outer loop
      vertex 6.40137 -3.40367 4.4
      vertex 6.51626 -3.17819 6.4
      vertex 6.51626 -3.17819 4.4
    endloop
  endfacet
  facet normal -0.891003 0.453997 0
    outer loop
      vertex 6.51626 -3.17819 6.4
      vertex 6.40137 -3.40367 4.4
      vertex 6.40137 -3.40367 6.4
    endloop
  endfacet
  facet normal -0.798642 0.601807 0
    outer loop
      vertex 5.71308 -4.46354 4.4
      vertex 5.86537 -4.26144 6.4
      vertex 5.86537 -4.26144 4.4
    endloop
  endfacet
  facet normal -0.798642 0.601807 0
    outer loop
      vertex 5.86537 -4.26144 6.4
      vertex 5.71308 -4.46354 4.4
      vertex 5.71308 -4.46354 6.4
    endloop
  endfacet
  facet normal -0.731335 0.682018 0
    outer loop
      vertex 5.21521 -5.03627 4.4
      vertex 5.3878 -4.8512 6.4
      vertex 5.3878 -4.8512 4.4
    endloop
  endfacet
  facet normal -0.731335 0.682018 0
    outer loop
      vertex 5.3878 -4.8512 6.4
      vertex 5.21521 -5.03627 4.4
      vertex 5.21521 -5.03627 6.4
    endloop
  endfacet
  facet normal -0.682018 0.731335 0
    outer loop
      vertex 5.03627 -5.21521 4.4
      vertex 4.8512 -5.3878 6.4
      vertex 5.03627 -5.21521 6.4
    endloop
  endfacet
  facet normal -0.682018 0.731335 0
    outer loop
      vertex 4.8512 -5.3878 6.4
      vertex 5.03627 -5.21521 4.4
      vertex 4.8512 -5.3878 4.4
    endloop
  endfacet
  facet normal -0.707107 0.707107 0
    outer loop
      vertex 5.03627 -5.21521 4.4
      vertex 5.21521 -5.03627 6.4
      vertex 5.21521 -5.03627 4.4
    endloop
  endfacet
  facet normal -0.707107 0.707107 0
    outer loop
      vertex 5.21521 -5.03627 6.4
      vertex 5.03627 -5.21521 4.4
      vertex 5.03627 -5.21521 6.4
    endloop
  endfacet
  facet normal 0.656048 0.75472 -0
    outer loop
      vertex -4.66021 -5.55382 4.4
      vertex -4.8512 -5.3878 6.4
      vertex -4.66021 -5.55382 6.4
    endloop
  endfacet
  facet normal 0.656048 0.75472 0
    outer loop
      vertex -4.8512 -5.3878 6.4
      vertex -4.66021 -5.55382 4.4
      vertex -4.8512 -5.3878 4.4
    endloop
  endfacet
  facet normal 0.99863 0.0523199 0
    outer loop
      vertex -7.23234 -0.505733 6.4
      vertex -7.24558 -0.253021 0
      vertex -7.24558 -0.253021 6.4
    endloop
  endfacet
  facet normal 0.99863 0.0523199 0
    outer loop
      vertex -7.24558 -0.253021 0
      vertex -7.23234 -0.505733 6.4
      vertex -7.23234 -0.505733 0
    endloop
  endfacet
  facet normal 0.838671 0.544638 0
    outer loop
      vertex -6.01052 -4.05415 6.4
      vertex -6.14835 -3.84191 4.4
      vertex -6.14835 -3.84191 6.4
    endloop
  endfacet
  facet normal 0.838671 0.544638 0
    outer loop
      vertex -6.14835 -3.84191 4.4
      vertex -6.01052 -4.05415 6.4
      vertex -6.01052 -4.05415 4.4
    endloop
  endfacet
  facet normal -0.906319 0.422593 0
    outer loop
      vertex 6.51626 -3.17819 4.4
      vertex 6.6232 -2.94884 6.4
      vertex 6.6232 -2.94884 4.4
    endloop
  endfacet
  facet normal -0.906319 0.422593 0
    outer loop
      vertex 6.6232 -2.94884 6.4
      vertex 6.51626 -3.17819 4.4
      vertex 6.51626 -3.17819 6.4
    endloop
  endfacet
  facet normal -0.777146 0.62932 0
    outer loop
      vertex 5.55382 -4.66021 4.4
      vertex 5.71308 -4.46354 6.4
      vertex 5.71308 -4.46354 4.4
    endloop
  endfacet
  facet normal -0.777146 0.62932 0
    outer loop
      vertex 5.71308 -4.46354 6.4
      vertex 5.55382 -4.66021 4.4
      vertex 5.55382 -4.66021 6.4
    endloop
  endfacet
  facet normal -0.857172 0.51503 0
    outer loop
      vertex 6.14835 -3.84191 4.4
      vertex 6.27868 -3.625 6.4
      vertex 6.27868 -3.625 4.4
    endloop
  endfacet
  facet normal -0.857172 0.51503 0
    outer loop
      vertex 6.27868 -3.625 6.4
      vertex 6.14835 -3.84191 4.4
      vertex 6.14835 -3.84191 6.4
    endloop
  endfacet
  facet normal -0.838671 0.544638 0
    outer loop
      vertex 6.01052 -4.05415 4.4
      vertex 6.14835 -3.84191 6.4
      vertex 6.14835 -3.84191 4.4
    endloop
  endfacet
  facet normal -0.838671 0.544638 0
    outer loop
      vertex 6.14835 -3.84191 6.4
      vertex 6.01052 -4.05415 4.4
      vertex 6.01052 -4.05415 6.4
    endloop
  endfacet
  facet normal -0.75472 0.656048 0
    outer loop
      vertex 5.3878 -4.8512 4.4
      vertex 5.55382 -4.66021 6.4
      vertex 5.55382 -4.66021 4.4
    endloop
  endfacet
  facet normal -0.75472 0.656048 0
    outer loop
      vertex 5.55382 -4.66021 6.4
      vertex 5.3878 -4.8512 4.4
      vertex 5.3878 -4.8512 6.4
    endloop
  endfacet
endsolid OpenSCAD_Model
