solid OpenSCAD_Model
  facet normal 0 0 -1
    outer loop
      vertex -13.624764888310576 -12.576347247035393 42
      vertex -13.539444940185705 -12.698764320272302 42
      vertex -14.142135623730951 -14.142135623730951 42
    endloop
  endfacet
  facet normal 0 0 -1
    outer loop
      vertex -13.624764888310576 -12.576347247035393 42
      vertex -14.142135623730951 -14.142135623730951 42
      vertex -13.705212986106455 -12.450674907481512 42
    endloop
  endfacet
  facet normal 0 0 -1
    outer loop
      vertex -13.576014910658834 -14.68645018871371 42
      vertex -14.142135623730951 -14.142135623730951 42
      vertex -13.25560589741651 -13.044623194586082 42
    endloop
  endfacet
  facet normal 0 0 -1
    outer loop
      vertex -13.576014910658834 -14.68645018871371 42
      vertex -13.25560589741651 -13.044623194586082 42
      vertex -12.988960966603674 -15.208119312000619 42
    endloop
  endfacet
  facet normal 0 0 -1
    outer loop
      vertex -13.152186130069786 -13.152186130069786 42
      vertex -12.988960966603674 -15.208119312000619 42
      vertex -13.25560589741651 -13.044623194586082 42
    endloop
  endfacet
  facet normal 0 0 -1
    outer loop
      vertex -13.35472303084102 -12.9330829452156 42
      vertex -13.25560589741651 -13.044623194586082 42
      vertex -14.142135623730951 -14.142135623730951 42
    endloop
  endfacet
  facet normal 0 0 -1
    outer loop
      vertex -13.449384698907735 -12.817737368938275 42
      vertex -13.35472303084102 -12.9330829452156 42
      vertex -14.142135623730951 -14.142135623730951 42
    endloop
  endfacet
  facet normal 0 0 -1
    outer loop
      vertex -13.449384698907735 -12.817737368938275 42
      vertex -14.142135623730951 -14.142135623730951 42
      vertex -13.539444940185705 -12.698764320272302 42
    endloop
  endfacet
  facet normal 0 0 -1
    outer loop
      vertex -17.449920141455944 -9.772424829939098 42
      vertex -17.820130483767358 -9.079809994790935 42
      vertex -17.89234281968015 -7.67347280952157 42
    endloop
  endfacet
  facet normal 0 0 -1
    outer loop
      vertex -18.477590650225736 -7.653668647301796 42
      vertex -17.89234281968015 -7.67347280952157 42
      vertex -18.162863476501624 -8.373194750748562 42
    endloop
  endfacet
  facet normal 0 0 -1
    outer loop
      vertex -18.162863476501624 -8.373194750748562 42
      vertex -17.89234281968015 -7.67347280952157 42
      vertex -17.820130483767358 -9.079809994790935 42
    endloop
  endfacet
  facet normal 0 0 -1
    outer loop
      vertex -19.02113032590307 -6.180339887498948 42
      vertex -19.249104729072947 -5.428808997301485 42
      vertex -18.996724118615365 -3.913654034447933 42
    endloop
  endfacet
  facet normal 0 0 -1
    outer loop
      vertex -19.02113032590307 -6.180339887498948 42
      vertex -17.89234281968015 -7.67347280952157 42
      vertex -18.763826718449682 -6.922341141549859 42
    endloop
  endfacet
  facet normal 0 0 -1
    outer loop
      vertex -18.477590650225736 -7.653668647301796 42
      vertex -18.763826718449682 -6.922341141549859 42
      vertex -17.89234281968015 -7.67347280952157 42
    endloop
  endfacet
  facet normal 0 0 -1
    outer loop
      vertex -19.02113032590307 -6.180339887498948 42
      vertex -18.996724118615365 -3.913654034447933 42
      vertex -17.89234281968015 -7.67347280952157 42
    endloop
  endfacet
  facet normal 0 0 -1
    outer loop
      vertex -17.449920141455944 -9.772424829939098 42
      vertex -17.89234281968015 -7.67347280952157 42
      vertex -17.052803287081844 -10.449971294318976 42
    endloop
  endfacet
  facet normal 0 0 -1
    outer loop
      vertex -16.50055545489746 -6.2636742138991135 42
      vertex -15.692432518870033 -5.098780407186632 42
      vertex -15.855573118092522 -5.610345109441506 42
    endloop
  endfacet
  facet normal 0 0 -1
    outer loop
      vertex -15.692432518870033 -5.098780407186632 42
      vertex -16.50055545489746 -6.2636742138991135 42
      vertex -15.88051140148518 -4.478767422773726 42
    endloop
  endfacet
  facet normal 0 0 -1
    outer loop
      vertex -19.249104729072947 -5.428808997301485 42
      vertex -19.447398407953532 -4.668907277118108 42
      vertex -18.996724118615365 -3.913654034447933 42
    endloop
  endfacet
  facet normal 0 0 -1
    outer loop
      vertex -19.45941724751234 -4.092622089284872 42
      vertex -18.996724118615365 -3.913654034447933 42
      vertex -19.447398407953532 -4.668907277118108 42
    endloop
  endfacet
  facet normal 0 0 -1
    outer loop
      vertex -19.861369139098525 -2.350747949156753 42
      vertex -19.61570560806461 -3.9018064403225647 42
      vertex -19.753766811902757 -3.1286893008046173 42
    endloop
  endfacet
  facet normal 0 0 -1
    outer loop
      vertex -19.61570560806461 -3.9018064403225647 42
      vertex -19.938346674662558 -1.5691819145568988 42
      vertex -19.523142940078028 -4.117270960273742 42
    endloop
  endfacet
  facet normal 0 0 -1
    outer loop
      vertex -19.861369139098525 -2.350747949156753 42
      vertex -19.938346674662558 -1.5691819145568988 42
      vertex -19.61570560806461 -3.9018064403225647 42
    endloop
  endfacet
  facet normal 0 0 -1
    outer loop
      vertex -19.523142940078028 -4.117270960273742 42
      vertex -19.938346674662558 -1.5691819145568988 42
      vertex -19.967863088021264 -0.9 42
    endloop
  endfacet
  facet normal 0 0 -1
    outer loop
      vertex -19.967863088021264 -0.9 42
      vertex -19.938346674662558 -1.5691819145568988 42
      vertex -19.9737625750462 -0.9 42
    endloop
  endfacet
  facet normal 0 0 -1
    outer loop
      vertex -16.044103686561662 -3.851848503622439 42
      vertex -16.50055545489746 -6.2636742138991135 42
      vertex -16.479348169048038 -2.9399419802806577 42
    endloop
  endfacet
  facet normal 0 0 -1
    outer loop
      vertex -16.044103686561662 -3.851848503622439 42
      vertex -16.479348169048038 -2.9399419802806577 42
      vertex -16.182957126653303 -3.218990313266116 42
    endloop
  endfacet
  facet normal 0 0 -1
    outer loop
      vertex -16.479348169048038 -2.9399419802806577 42
      vertex -16.518616625534374 -2.9551308794341047 42
      vertex -16.29685761981977 -2.5811686731638095 42
    endloop
  endfacet
  facet normal 0 0 -1
    outer loop
      vertex -16.182957126653303 -3.218990313266116 42
      vertex -16.479348169048038 -2.9399419802806577 42
      vertex -16.29685761981977 -2.5811686731638095 42
    endloop
  endfacet
  facet normal 0 0 -1
    outer loop
      vertex -15.88051140148518 -4.478767422773726 42
      vertex -16.50055545489746 -6.2636742138991135 42
      vertex -16.044103686561662 -3.851848503622439 42
    endloop
  endfacet
  facet normal 0 0 -1
    outer loop
      vertex -16.29685761981977 -2.5811686731638095 42
      vertex -16.518616625534374 -2.9551308794341047 42
      vertex -16.385629539756284 -1.9393670580543212 42
    endloop
  endfacet
  facet normal 0 0 -1
    outer loop
      vertex -16.385629539756284 -1.9393670580543212 42
      vertex -16.518616625534374 -2.9551308794341047 42
      vertex -16.44913600659661 -1.2945750795094415 42
    endloop
  endfacet
  facet normal 0 0 -1
    outer loop
      vertex -9.707716822203954 -16.81425876154833 42
      vertex -9.079809994790935 -17.820130483767358 42
      vertex -9.772424829939098 -17.449920141455944 42
    endloop
  endfacet
  facet normal 0 0 -1
    outer loop
      vertex -9.707716822203954 -16.81425876154833 42
      vertex -9.452000821438348 -15.206844484756813 42
      vertex -9.079809994790935 -17.820130483767358 42
    endloop
  endfacet
  facet normal 0 0 -1
    outer loop
      vertex -9.010983318573565 -13.975922585103795 42
      vertex -9.079809994790935 -17.820130483767358 42
      vertex -9.452000821438348 -15.206844484756813 42
    endloop
  endfacet
  facet normal 0 0 -1
    outer loop
      vertex -6.21357809636523 -18.95053410474743 42
      vertex -6.119951738612474 -17.428058687599812 42
      vertex -6.180339887498948 -19.02113032590307 42
    endloop
  endfacet
  facet normal 0 0 -1
    outer loop
      vertex -5.428808997301485 -19.249104729072947 42
      vertex -6.180339887498948 -19.02113032590307 42
      vertex -6.119951738612474 -17.428058687599812 42
    endloop
  endfacet
  facet normal 0 0 -1
    outer loop
      vertex -9.290915782936104 -14.079195123482489 42
      vertex -9.14993554466643 -14.030307438066345 42
      vertex -9.452000821438348 -15.206844484756813 42
    endloop
  endfacet
  facet normal 0 0 -1
    outer loop
      vertex -9.010983318573565 -13.975922585103795 42
      vertex -9.452000821438348 -15.206844484756813 42
      vertex -9.14993554466643 -14.030307438066345 42
    endloop
  endfacet
  facet normal 0 0 -1
    outer loop
      vertex -17.74572008221724 1.271866041389055 42
      vertex -18.15722368370212 0.9 42
      vertex -18.00283457204633 1.230469876227769 42
    endloop
  endfacet
  facet normal 0 0 -1
    outer loop
      vertex -19.753766811902757 3.1286893008046173 42
      vertex -19.61570560806461 3.9018064403225647 42
      vertex -19.794705503028748 2.8327114949407757 42
    endloop
  endfacet
  facet normal 0 0 -1
    outer loop
      vertex -19.61570560806461 3.9018064403225647 42
      vertex -19.447398407953532 4.668907277118108 42
      vertex -19.794705503028748 2.8327114949407757 42
    endloop
  endfacet
  facet normal 0 0 -1
    outer loop
      vertex -19.447398407953532 4.668907277118108 42
      vertex -18.763826718449682 6.922341141549859 42
      vertex -19.794705503028748 2.8327114949407757 42
    endloop
  endfacet
  facet normal 0 0 -1
    outer loop
      vertex -17.74572008221724 1.271866041389055 42
      vertex -18.00283457204633 1.230469876227769 42
      vertex -16.385629539756284 1.9393670580543212 42
    endloop
  endfacet
  facet normal 0 0 -1
    outer loop
      vertex -17.150163124423802 1.3677524078251049 42
      vertex -17.74572008221724 1.271866041389055 42
      vertex -16.385629539756284 1.9393670580543212 42
    endloop
  endfacet
  facet normal 0 0 -1
    outer loop
      vertex -16.385629539756284 1.9393670580543212 42
      vertex -18.00283457204633 1.230469876227769 42
      vertex -16.29685761981977 2.5811686731638095 42
    endloop
  endfacet
  facet normal 0 0 -1
    outer loop
      vertex -16.29685761981977 2.5811686731638095 42
      vertex -18.00283457204633 1.230469876227769 42
      vertex -16.219620124567804 3.0136843237062947 42
    endloop
  endfacet
  facet normal 0 0 -1
    outer loop
      vertex -19.447398407953532 4.668907277118108 42
      vertex -19.249104729072947 5.428808997301485 42
      vertex -19.02113032590307 6.180339887498948 42
    endloop
  endfacet
  facet normal 0 0 -1
    outer loop
      vertex -19.447398407953532 4.668907277118108 42
      vertex -19.02113032590307 6.180339887498948 42
      vertex -18.763826718449682 6.922341141549859 42
    endloop
  endfacet
  facet normal 0 0 -1
    outer loop
      vertex -18.477590650225736 7.653668647301796 42
      vertex -19.794705503028748 2.8327114949407757 42
      vertex -18.763826718449682 6.922341141549859 42
    endloop
  endfacet
  facet normal 0 0 -1
    outer loop
      vertex -18.477590650225736 7.653668647301796 42
      vertex -18.162863476501624 8.373194750748562 42
      vertex -19.794705503028748 2.8327114949407757 42
    endloop
  endfacet
  facet normal 0 0 -1
    outer loop
      vertex -18.162863476501624 8.373194750748562 42
      vertex -17.820130483767358 9.079809994790935 42
      vertex -19.794705503028748 2.8327114949407757 42
    endloop
  endfacet
  facet normal 0 0 -1
    outer loop
      vertex -17.820130483767358 9.079809994790935 42
      vertex -14.156887853483651 8.470529144485871 42
      vertex -19.794705503028748 2.8327114949407757 42
    endloop
  endfacet
  facet normal 0 0 -1
    outer loop
      vertex -13.35472303084102 12.9330829452156 42
      vertex -13.449384698907735 12.817737368938275 42
      vertex -13.651182979523279 14.614177484748307 42
    endloop
  endfacet
  facet normal 0 0 -1
    outer loop
      vertex -13.35472303084102 12.9330829452156 42
      vertex -13.651182979523279 14.614177484748307 42
      vertex -13.25560589741651 13.044623194586082 42
    endloop
  endfacet
  facet normal 0 0 -1
    outer loop
      vertex -13.25560589741651 13.044623194586082 42
      vertex -13.651182979523279 14.614177484748307 42
      vertex -13.152186130069786 13.152186130069786 42
    endloop
  endfacet
  facet normal 0 0 -1
    outer loop
      vertex -13.152186130069786 13.152186130069786 42
      vertex -13.651182979523279 14.614177484748307 42
      vertex -13.135378587855897 13.168346270155347 42
    endloop
  endfacet
  facet normal 0 0 -1
    outer loop
      vertex -13.576014910658834 14.68645018871371 42
      vertex -13.135378587855897 13.168346270155347 42
      vertex -13.651182979523279 14.614177484748307 42
    endloop
  endfacet
  facet normal 0 0 -1
    outer loop
      vertex -13.26787151338976 13.85673228467507 42
      vertex -13.135378587855897 13.168346270155347 42
      vertex -13.576014910658834 14.68645018871371 42
    endloop
  endfacet
  facet normal 0 0 -1
    outer loop
      vertex -10.449971294318976 17.052803287081844 42
      vertex -9.772424829939098 17.449920141455944 42
      vertex -10.01853825122112 14.238840497989624 42
    endloop
  endfacet
  facet normal 0 0 -1
    outer loop
      vertex -8.354013476086415 13.624764888310576 42
      vertex -6.907885669367563 14.98436236811384 42
      vertex -8.231596402849506 13.539444940185705 42
    endloop
  endfacet
  facet normal 0 0 -1
    outer loop
      vertex -8.608419643872475 13.780665188437533 42
      vertex -6.907885669367563 14.98436236811384 42
      vertex -8.479685815640298 13.705212986106456 42
    endloop
  endfacet
  facet normal 0 0 -1
    outer loop
      vertex -8.479685815640298 13.705212986106456 42
      vertex -6.907885669367563 14.98436236811384 42
      vertex -8.354013476086415 13.624764888310576 42
    endloop
  endfacet
  facet normal 0 0 -1
    outer loop
      vertex -9.870729394408025 14.218396055822426 42
      vertex -9.772424829939098 17.449920141455944 42
      vertex -9.723837137899617 14.19216442709318 42
    endloop
  endfacet
  facet normal 0 0 -1
    outer loop
      vertex -9.578087978908464 14.160186059072075 42
      vertex -9.723837137899617 14.19216442709318 42
      vertex -9.772424829939098 17.449920141455944 42
    endloop
  endfacet
  facet normal 0 0 -1
    outer loop
      vertex -10.01853825122112 14.238840497989624 42
      vertex -9.772424829939098 17.449920141455944 42
      vertex -9.870729394408025 14.218396055822426 42
    endloop
  endfacet
  facet normal 0 0 -1
    outer loop
      vertex -9.010983318573565 13.975922585103795 42
      vertex -9.079809994790935 17.820130483767358 42
      vertex -8.874273358918678 13.916124422096214 42
    endloop
  endfacet
  facet normal 0 0 -1
    outer loop
      vertex -9.772424829939098 17.449920141455944 42
      vertex -9.079809994790935 17.820130483767358 42
      vertex -9.010983318573565 13.975922585103795 42
    endloop
  endfacet
  facet normal 0 0 -1
    outer loop
      vertex -8.874273358918678 13.916124422096214 42
      vertex -9.079809994790935 17.820130483767358 42
      vertex -8.373194750748562 18.162863476501624 42
    endloop
  endfacet
  facet normal 0 0 -1
    outer loop
      vertex -8.740016462550628 13.851005153476702 42
      vertex -8.373194750748562 18.162863476501624 42
      vertex -8.608419643872475 13.780665188437533 42
    endloop
  endfacet
  facet normal 0 0 -1
    outer loop
      vertex -8.874273358918678 13.916124422096214 42
      vertex -8.373194750748562 18.162863476501624 42
      vertex -8.740016462550628 13.851005153476702 42
    endloop
  endfacet
  facet normal 0 0 -1
    outer loop
      vertex -8.608419643872475 13.780665188437533 42
      vertex -8.373194750748562 18.162863476501624 42
      vertex -7.653668647301796 18.477590650225736 42
    endloop
  endfacet
  facet normal 0 0 -1
    outer loop
      vertex -8.608419643872475 13.780665188437533 42
      vertex -7.653668647301796 18.477590650225736 42
      vertex -6.922341141549859 18.763826718449682 42
    endloop
  endfacet
  facet normal 0 0 -1
    outer loop
      vertex -8.608419643872475 13.780665188437533 42
      vertex -6.922341141549859 18.763826718449682 42
      vertex -6.907885669367563 14.98436236811384 42
    endloop
  endfacet
  facet normal 0 0 -1
    outer loop
      vertex -6.907885669367563 14.98436236811384 42
      vertex -6.922341141549859 18.763826718449682 42
      vertex -6.77692564862134 14.724655650483957 42
    endloop
  endfacet
  facet normal 0 0 -1
    outer loop
      vertex -6.314276634023981 15.24401228643623 42
      vertex -6.77692564862134 14.724655650483957 42
      vertex -6.922341141549859 18.763826718449682 42
    endloop
  endfacet
  facet normal 0 0 -1
    outer loop
      vertex -5.710931441778634 15.480157042720988 42
      vertex -6.922341141549859 18.763826718449682 42
      vertex -5.098780407186632 15.692432518870033 42
    endloop
  endfacet
  facet normal 0 0 -1
    outer loop
      vertex -6.922341141549859 18.763826718449682 42
      vertex -6.180339887498948 19.02113032590307 42
      vertex -5.098780407186632 15.692432518870033 42
    endloop
  endfacet
  facet normal 0 0 -1
    outer loop
      vertex -3.851848503622439 16.044103686561662 42
      vertex -4.668907277118108 19.447398407953532 42
      vertex -3.218990313266116 16.182957126653303 42
    endloop
  endfacet
  facet normal 0 0 -1
    outer loop
      vertex -3.218990313266116 16.182957126653303 42
      vertex -4.668907277118108 19.447398407953532 42
      vertex -3.9018064403225647 19.61570560806461 42
    endloop
  endfacet
  facet normal 0 0 -1
    outer loop
      vertex -3.1286893008046173 19.753766811902757 42
      vertex -2.350747949156753 19.861369139098525 42
      vertex -2.5811686731638095 16.29685761981977 42
    endloop
  endfacet
  facet normal 0 0 -1
    outer loop
      vertex -2.5811686731638095 16.29685761981977 42
      vertex -1.5691819145568988 19.938346674662558 42
      vertex -1.9393670580543212 16.385629539756284 42
    endloop
  endfacet
  facet normal 0 0 -1
    outer loop
      vertex -2.350747949156753 19.861369139098525 42
      vertex -1.5691819145568988 19.938346674662558 42
      vertex -2.5811686731638095 16.29685761981977 42
    endloop
  endfacet
  facet normal 0 0 -1
    outer loop
      vertex -1.9393670580543212 16.385629539756284 42
      vertex -1.5691819145568988 19.938346674662558 42
      vertex -1.2945750795094415 16.44913600659661 42
    endloop
  endfacet
  facet normal 0 0 -1
    outer loop
      vertex -1.2945750795094415 16.44913600659661 42
      vertex -0.7851963151813722 19.984580724814457 42
      vertex -0.6477869600246321 16.48727909797193 42
    endloop
  endfacet
  facet normal 0 0 -1
    outer loop
      vertex -1.2945750795094415 16.44913600659661 42
      vertex -1.5691819145568988 19.938346674662558 42
      vertex -0.7851963151813722 19.984580724814457 42
    endloop
  endfacet
  facet normal 0 0 -1
    outer loop
      vertex 1.2945750795094415 -16.44913600659661 42
      vertex 1.5691819145568988 -19.938346674662558 42
      vertex 0.7851963151813722 -19.984580724814457 42
    endloop
  endfacet
  facet normal 0 0 -1
    outer loop
      vertex 0.6477869600246321 -16.48727909797193 42
      vertex 1.2945750795094415 -16.44913600659661 42
      vertex 0.7851963151813722 -19.984580724814457 42
    endloop
  endfacet
  facet normal 0 0 -1
    outer loop
      vertex 1.9393670580543212 -16.385629539756284 42
      vertex 1.5691819145568988 -19.938346674662558 42
      vertex 1.2945750795094415 -16.44913600659661 42
    endloop
  endfacet
  facet normal 0 0 -1
    outer loop
      vertex 2.350747949156753 -19.861369139098525 42
      vertex 1.5691819145568988 -19.938346674662558 42
      vertex 2.5811686731638095 -16.29685761981977 42
    endloop
  endfacet
  facet normal 0 0 -1
    outer loop
      vertex 1.9393670580543212 -16.385629539756284 42
      vertex 2.5811686731638095 -16.29685761981977 42
      vertex 1.5691819145568988 -19.938346674662558 42
    endloop
  endfacet
  facet normal 0 0 -1
    outer loop
      vertex 2.350747949156753 -19.861369139098525 42
      vertex 2.5811686731638095 -16.29685761981977 42
      vertex 3.1286893008046173 -19.753766811902757 42
    endloop
  endfacet
  facet normal 0 0 -1
    outer loop
      vertex 3.218990313266116 -16.182957126653303 42
      vertex 4.668907277118108 -19.447398407953532 42
      vertex 3.9018064403225647 -19.61570560806461 42
    endloop
  endfacet
  facet normal 0 0 -1
    outer loop
      vertex 3.218990313266116 -16.182957126653303 42
      vertex 3.851848503622439 -16.044103686561662 42
      vertex 4.668907277118108 -19.447398407953532 42
    endloop
  endfacet
  facet normal 0 0 -1
    outer loop
      vertex 4.653064049080383 -13.144602681800444 42
      vertex 4.552351353488669 -12.91435432869748 42
      vertex 5.6529444302920195 -9.833966985092678 42
    endloop
  endfacet
  facet normal 0 0 -1
    outer loop
      vertex 4.242012871015773 -11.959230690238698 42
      vertex 4.188154566980229 -11.713758422464126 42
      vertex 5.016138795994855 -10.068300253291454 42
    endloop
  endfacet
  facet normal 0 0 -1
    outer loop
      vertex 4.242012871015773 -11.959230690238698 42
      vertex 5.401317939954747 -9.896807449417924 42
      vertex 4.305466848257561 -12.20239924069738 42
    endloop
  endfacet
  facet normal 0 0 -1
    outer loop
      vertex 4.460755811657005 -12.680329526856859 42
      vertex 4.378418657271921 -12.44288912556057 42
      vertex 5.6529444302920195 -9.833966985092678 42
    endloop
  endfacet
  facet normal 0 0 -1
    outer loop
      vertex 4.552351353488669 -12.91435432869748 42
      vertex 4.460755811657005 -12.680329526856859 42
      vertex 5.6529444302920195 -9.833966985092678 42
    endloop
  endfacet
  facet normal 0 0 -1
    outer loop
      vertex 4.378418657271921 -12.44288912556057 42
      vertex 4.305466848257561 -12.20239924069738 42
      vertex 5.6529444302920195 -9.833966985092678 42
    endloop
  endfacet
  facet normal 0 0 -1
    outer loop
      vertex 4.109542237049375 -11.217419705291066 42
      vertex 4.084909425668885 -10.967318574219112 42
      vertex 4.557615390172682 -10.272448026448851 42
    endloop
  endfacet
  facet normal 0 0 -1
    outer loop
      vertex 4.188154566980229 -11.713758422464126 42
      vertex 4.143974981752022 -11.466360937818383 42
      vertex 5.016138795994855 -10.068300253291454 42
    endloop
  endfacet
  facet normal 0 0 -1
    outer loop
      vertex 4.143974981752022 -11.466360937818383 42
      vertex 4.109542237049375 -11.217419705291066 42
      vertex 5.016138795994855 -10.068300253291454 42
    endloop
  endfacet
  facet normal 0 0 -1
    outer loop
      vertex 4.242012871015773 -11.959230690238698 42
      vertex 5.016138795994855 -10.068300253291454 42
      vertex 5.401317939954747 -9.896807449417924 42
    endloop
  endfacet
  facet normal 0 0 -1
    outer loop
      vertex 4.109542237049375 -11.217419705291066 42
      vertex 4.557615390172682 -10.272448026448851 42
      vertex 5.016138795994855 -10.068300253291454 42
    endloop
  endfacet
  facet normal 0 0 -1
    outer loop
      vertex 6.241847494573982 -15.272360505172644 42
      vertex 6.180339887498948 -19.02113032590307 42
      vertex 5.710931441778634 -15.480157042720988 42
    endloop
  endfacet
  facet normal 0 0 -1
    outer loop
      vertex 6.922341141549859 -18.763826718449682 42
      vertex 6.180339887498948 -19.02113032590307 42
      vertex 7.575637692280786 -12.933082945215602 42
    endloop
  endfacet
  facet normal 0 0 -1
    outer loop
      vertex 6.922341141549859 -18.763826718449682 42
      vertex 7.885737528535726 -13.25560589741651 42
      vertex 7.653668647301796 -18.477590650225736 42
    endloop
  endfacet
  facet normal 0 0 -1
    outer loop
      vertex 6.241847494573982 -15.272360505172644 42
      vertex 7.079355569645108 -12.190344260571182 42
      vertex 6.180339887498948 -19.02113032590307 42
    endloop
  endfacet
  facet normal 0 0 -1
    outer loop
      vertex 7.653668647301796 -18.477590650225736 42
      vertex 8.231596402849506 -13.539444940185705 42
      vertex 8.373194750748562 -18.162863476501624 42
    endloop
  endfacet
  facet normal 0 0 -1
    outer loop
      vertex 8.373194750748562 -18.162863476501624 42
      vertex 8.608419643872475 -13.780665188437533 42
      vertex 9.079809994790935 -17.820130483767358 42
    endloop
  endfacet
  facet normal 0 0 -1
    outer loop
      vertex 6.922341141549859 -18.763826718449682 42
      vertex 7.778174593052023 -13.152186130069785 42
      vertex 7.885737528535726 -13.25560589741651 42
    endloop
  endfacet
  facet normal 0 0 -1
    outer loop
      vertex 7.653668647301796 -18.477590650225736 42
      vertex 7.885737528535726 -13.25560589741651 42
      vertex 7.997277777906207 -13.354723030841024 42
    endloop
  endfacet
  facet normal 0 0 -1
    outer loop
      vertex 7.653668647301796 -18.477590650225736 42
      vertex 7.997277777906207 -13.354723030841024 42
      vertex 8.112623354183533 -13.449384698907735 42
    endloop
  endfacet
  facet normal 0 0 -1
    outer loop
      vertex 7.653668647301796 -18.477590650225736 42
      vertex 8.112623354183533 -13.449384698907735 42
      vertex 8.231596402849506 -13.539444940185705 42
    endloop
  endfacet
  facet normal 0 0 -1
    outer loop
      vertex 8.373194750748562 -18.162863476501624 42
      vertex 8.354013476086415 -13.624764888310576 42
      vertex 8.479685815640298 -13.705212986106456 42
    endloop
  endfacet
  facet normal 0 0 -1
    outer loop
      vertex 8.373194750748562 -18.162863476501624 42
      vertex 8.231596402849506 -13.539444940185705 42
      vertex 8.354013476086415 -13.624764888310576 42
    endloop
  endfacet
  facet normal 0 0 -1
    outer loop
      vertex 8.373194750748562 -18.162863476501624 42
      vertex 8.479685815640298 -13.705212986106456 42
      vertex 8.608419643872475 -13.780665188437533 42
    endloop
  endfacet
  facet normal 0 0 -1
    outer loop
      vertex 9.079809994790935 -17.820130483767358 42
      vertex 9.010983318573565 -13.975922585103795 42
      vertex 9.772424829939098 -17.449920141455944 42
    endloop
  endfacet
  facet normal 0 0 -1
    outer loop
      vertex 9.079809994790935 -17.820130483767358 42
      vertex 8.608419643872475 -13.780665188437533 42
      vertex 8.740016462550628 -13.851005153476702 42
    endloop
  endfacet
  facet normal 0 0 -1
    outer loop
      vertex 9.079809994790935 -17.820130483767358 42
      vertex 8.740016462550628 -13.851005153476702 42
      vertex 8.874273358918678 -13.916124422096214 42
    endloop
  endfacet
  facet normal 0 0 -1
    outer loop
      vertex 9.079809994790935 -17.820130483767358 42
      vertex 8.874273358918678 -13.916124422096214 42
      vertex 9.010983318573565 -13.975922585103795 42
    endloop
  endfacet
  facet normal 0 0 -1
    outer loop
      vertex 9.14993554466643 -14.030307438066345 42
      vertex 9.772424829939098 -17.449920141455944 42
      vertex 9.010983318573565 -13.975922585103795 42
    endloop
  endfacet
  facet normal 0 0 -1
    outer loop
      vertex 9.14993554466643 -14.030307438066345 42
      vertex 9.290915782936104 -14.079195123482489 42
      vertex 9.772424829939098 -17.449920141455944 42
    endloop
  endfacet
  facet normal 0 0 -1
    outer loop
      vertex 9.290915782936104 -14.079195123482489 42
      vertex 9.43370665207362 -14.122510260084763 42
      vertex 9.772424829939098 -17.449920141455944 42
    endloop
  endfacet
  facet normal 0 0 -1
    outer loop
      vertex 9.43370665207362 -14.122510260084763 42
      vertex 9.578087978908464 -14.160186059072075 42
      vertex 9.772424829939098 -17.449920141455944 42
    endloop
  endfacet
  facet normal 0 0 -1
    outer loop
      vertex 9.870729394408025 -14.218396055822426 42
      vertex 10.01853825122112 -14.238840497989624 42
      vertex 9.772424829939098 -17.449920141455944 42
    endloop
  endfacet
  facet normal 0 0 -1
    outer loop
      vertex 9.723837137899617 -14.19216442709318 42
      vertex 9.772424829939098 -17.449920141455944 42
      vertex 9.578087978908464 -14.160186059072075 42
    endloop
  endfacet
  facet normal 0 0 -1
    outer loop
      vertex 9.870729394408025 -14.218396055822426 42
      vertex 9.772424829939098 -17.449920141455944 42
      vertex 9.723837137899617 -14.19216442709318 42
    endloop
  endfacet
  facet normal 0 0 -1
    outer loop
      vertex 5.008283309694715 -13.809171175742978 42
      vertex 5.6529444302920195 -9.833966985092678 42
      vertex 5.143774842824614 -14.02082985288636 42
    endloop
  endfacet
  facet normal 0 0 -1
    outer loop
      vertex 5.4391520039241374 -14.427381637143844 42
      vertex 5.287471597561241 -14.227005976232734 42
      vertex 5.6529444302920195 -9.833966985092678 42
    endloop
  endfacet
  facet normal 0 0 -1
    outer loop
      vertex 5.4391520039241374 -14.427381637143844 42
      vertex 5.6529444302920195 -9.833966985092678 42
      vertex 5.5985821817207055 -14.621647870874082 42
    endloop
  endfacet
  facet normal 0 0 -1
    outer loop
      vertex 5.143774842824614 -14.02082985288636 42
      vertex 5.6529444302920195 -9.833966985092678 42
      vertex 5.287471597561241 -14.227005976232734 42
    endloop
  endfacet
  facet normal 0 0 -1
    outer loop
      vertex 5.939696961966999 -14.99066376115481 42
      vertex 5.6529444302920195 -9.833966985092678 42
      vertex 6.120855590150076 -15.164844421949294 42
    endloop
  endfacet
  facet normal 0 0 -1
    outer loop
      vertex 5.939696961966999 -14.99066376115481 42
      vertex 5.765516301172515 -14.809505132971733 42
      vertex 5.6529444302920195 -9.833966985092678 42
    endloop
  endfacet
  facet normal 0 0 -1
    outer loop
      vertex 5.5985821817207055 -14.621647870874082 42
      vertex 5.6529444302920195 -9.833966985092678 42
      vertex 5.765516301172515 -14.809505132971733 42
    endloop
  endfacet
  facet normal 0 0 -1
    outer loop
      vertex 7.149695534684275 -12.321941079249333 42
      vertex 7.225147737015354 -12.45067490748151 42
      vertex 6.180339887498948 -19.02113032590307 42
    endloop
  endfacet
  facet normal 0 0 -1
    outer loop
      vertex 7.149695534684275 -12.321941079249333 42
      vertex 6.180339887498948 -19.02113032590307 42
      vertex 7.079355569645108 -12.190344260571182 42
    endloop
  endfacet
  facet normal 0 0 -1
    outer loop
      vertex 6.241847494573982 -15.272360505172644 42
      vertex 6.120855590150076 -15.164844421949294 42
      vertex 7.079355569645108 -12.190344260571182 42
    endloop
  endfacet
  facet normal 0 0 -1
    outer loop
      vertex 7.4809760242140735 -12.817737368938275 42
      vertex 6.180339887498948 -19.02113032590307 42
      vertex 7.390915782936105 -12.698764320272304 42
    endloop
  endfacet
  facet normal 0 0 -1
    outer loop
      vertex 7.225147737015354 -12.45067490748151 42
      vertex 7.305595834811232 -12.576347247035393 42
      vertex 6.180339887498948 -19.02113032590307 42
    endloop
  endfacet
  facet normal 0 0 -1
    outer loop
      vertex 7.390915782936105 -12.698764320272304 42
      vertex 6.180339887498948 -19.02113032590307 42
      vertex 7.305595834811232 -12.576347247035393 42
    endloop
  endfacet
  facet normal 0 0 -1
    outer loop
      vertex 7.4809760242140735 -12.817737368938275 42
      vertex 7.575637692280786 -12.933082945215602 42
      vertex 6.180339887498948 -19.02113032590307 42
    endloop
  endfacet
  facet normal 0 0 -1
    outer loop
      vertex 6.922341141549859 -18.763826718449682 42
      vertex 7.575637692280786 -12.933082945215602 42
      vertex 7.6747548257053 -13.044623194586084 42
    endloop
  endfacet
  facet normal 0 0 -1
    outer loop
      vertex 6.922341141549859 -18.763826718449682 42
      vertex 7.6747548257053 -13.044623194586084 42
      vertex 7.778174593052023 -13.152186130069785 42
    endloop
  endfacet
  facet normal 0 0 -1
    outer loop
      vertex 7.014236301025596 -12.056087364203131 42
      vertex 7.079355569645108 -12.190344260571182 42
      vertex 6.120855590150076 -15.164844421949294 42
    endloop
  endfacet
  facet normal 0 0 -1
    outer loop
      vertex 6.770174664049733 -11.352272744213344 42
      vertex 6.120855590150076 -15.164844421949294 42
      vertex 6.738196296028628 -11.206523585222191 42
    endloop
  endfacet
  facet normal 0 0 -1
    outer loop
      vertex 7.014236301025596 -12.056087364203131 42
      vertex 6.120855590150076 -15.164844421949294 42
      vertex 6.954438138018016 -11.919377404548246 42
    endloop
  endfacet
  facet normal 0 0 -1
    outer loop
      vertex 6.900053285055464 -11.780425178455378 42
      vertex 6.120855590150076 -15.164844421949294 42
      vertex 6.8511655996393195 -11.639444940185705 42
    endloop
  endfacet
  facet normal 0 0 -1
    outer loop
      vertex 6.900053285055464 -11.780425178455378 42
      vertex 6.954438138018016 -11.919377404548246 42
      vertex 6.120855590150076 -15.164844421949294 42
    endloop
  endfacet
  facet normal 0 0 -1
    outer loop
      vertex 6.807850463037045 -11.496654071048187 42
      vertex 6.8511655996393195 -11.639444940185705 42
      vertex 6.120855590150076 -15.164844421949294 42
    endloop
  endfacet
  facet normal 0 0 -1
    outer loop
      vertex 6.807850463037045 -11.496654071048187 42
      vertex 6.120855590150076 -15.164844421949294 42
      vertex 6.770174664049733 -11.352272744213344 42
    endloop
  endfacet
  facet normal 0 0 -1
    outer loop
      vertex 4.7627386067553505 -13.370719559894004 42
      vertex 5.6529444302920195 -9.833966985092678 42
      vertex 4.881205916295001 -13.592356307141415 42
    endloop
  endfacet
  facet normal 0 0 -1
    outer loop
      vertex 5.008283309694715 -13.809171175742978 42
      vertex 4.881205916295001 -13.592356307141415 42
      vertex 5.6529444302920195 -9.833966985092678 42
    endloop
  endfacet
  facet normal 0 0 -1
    outer loop
      vertex 4.7627386067553505 -13.370719559894004 42
      vertex 4.653064049080383 -13.144602681800444 42
      vertex 5.6529444302920195 -9.833966985092678 42
    endloop
  endfacet
  facet normal 0 0 -1
    outer loop
      vertex 6.691520225132185 -10.911822471900688 42
      vertex 6.120855590150076 -15.164844421949294 42
      vertex 5.6529444302920195 -9.833966985092678 42
    endloop
  endfacet
  facet normal 0 0 -1
    outer loop
      vertex 4.305466848257561 -12.20239924069738 42
      vertex 5.401317939954747 -9.896807449417924 42
      vertex 5.6529444302920195 -9.833966985092678 42
    endloop
  endfacet
  facet normal 0 0 -1
    outer loop
      vertex 6.711964667299382 -11.059631328713783 42
      vertex 6.738196296028628 -11.206523585222191 42
      vertex 6.120855590150076 -15.164844421949294 42
    endloop
  endfacet
  facet normal 0 0 -1
    outer loop
      vertex 6.711964667299382 -11.059631328713783 42
      vertex 6.120855590150076 -15.164844421949294 42
      vertex 6.691520225132185 -10.911822471900688 42
    endloop
  endfacet
  facet normal 0 0 -1
    outer loop
      vertex 6.691520225132185 -10.911822471900688 42
      vertex 5.6529444302920195 -9.833966985092678 42
      vertex 6.676894493375018 -10.763324925326716 42
    endloop
  endfacet
  facet normal 0 0 -1
    outer loop
      vertex 6.676894493375018 -10.763324925326716 42
      vertex 5.6529444302920195 -9.833966985092678 42
      vertex 6.668110023846158 -10.614367661445367 42
    endloop
  endfacet
  facet normal 0 0 -1
    outer loop
      vertex 6.668110023846158 -10.614367661445367 42
      vertex 5.6529444302920195 -9.833966985092678 42
      vertex 6.665180361560903 -10.465180361560904 42
    endloop
  endfacet
  facet normal 0 0 -1
    outer loop
      vertex 6.665180361560903 -10.465180361560904 42
      vertex 5.6529444302920195 -9.833966985092678 42
      vertex 6.6681100238461575 -10.315993061676444 42
    endloop
  endfacet
  facet normal 0 0 -1
    outer loop
      vertex 6.6681100238461575 -10.315993061676444 42
      vertex 5.6529444302920195 -9.833966985092678 42
      vertex 6.676894493375017 -10.167035797795092 42
    endloop
  endfacet
  facet normal 0 0 -1
    outer loop
      vertex 6.676894493375017 -10.167035797795092 42
      vertex 5.6529444302920195 -9.833966985092678 42
      vertex 5.793743817295909 -9.681651066360846 42
    endloop
  endfacet
  facet normal 0 0 -1
    outer loop
      vertex 6.676894493375017 -10.167035797795092 42
      vertex 5.793743817295909 -9.681651066360846 42
      vertex 6.691520225132184 -10.01853825122112 42
    endloop
  endfacet
  facet normal 0 0 -1
    outer loop
      vertex 6.691520225132184 -10.01853825122112 42
      vertex 5.793743817295909 -9.681651066360846 42
      vertex 6.711964667299382 -9.870729394408029 42
    endloop
  endfacet
  facet normal 0 0 -1
    outer loop
      vertex 6.711964667299382 -9.870729394408029 42
      vertex 5.793743817295909 -9.681651066360846 42
      vertex 6.738196296028628 -9.723837137899617 42
    endloop
  endfacet
  facet normal 0 0 -1
    outer loop
      vertex 6.738196296028628 -9.723837137899617 42
      vertex 5.793743817295909 -9.681651066360846 42
      vertex 6.770174664049733 -9.578087978908464 42
    endloop
  endfacet
  facet normal 0 0 -1
    outer loop
      vertex 6.770174664049733 -9.578087978908464 42
      vertex 5.793743817295909 -9.681651066360846 42
      vertex 6.807850463037044 -9.433706652073623 42
    endloop
  endfacet
  facet normal 0 0 -1
    outer loop
      vertex 6.807850463037044 -9.433706652073623 42
      vertex 5.793743817295909 -9.681651066360846 42
      vertex 6.8511655996393195 -9.290915782936104 42
    endloop
  endfacet
  facet normal 0 0 -1
    outer loop
      vertex 6.8511655996393195 -9.290915782936104 42
      vertex 5.793743817295909 -9.681651066360846 42
      vertex 6.900053285055465 -9.149935544666432 42
    endloop
  endfacet
  facet normal 0 0 -1
    outer loop
      vertex 6.900053285055465 -9.149935544666432 42
      vertex 5.793743817295909 -9.681651066360846 42
      vertex 6.9544381380180145 -9.010983318573563 42
    endloop
  endfacet
  facet normal 0 0 -1
    outer loop
      vertex 6.9544381380180145 -9.010983318573563 42
      vertex 5.793743817295909 -9.681651066360846 42
      vertex 7.014236301025595 -8.874273358918677 42
    endloop
  endfacet
  facet normal 0 0 -1
    outer loop
      vertex 7.014236301025595 -8.874273358918677 42
      vertex 5.793743817295909 -9.681651066360846 42
      vertex 7.064819377457973 -8.758160615594871 42
    endloop
  endfacet
  facet normal 0 0 -1
    outer loop
      vertex 9.290915782936104 -6.8511655996393195 42
      vertex 9.151693650418625 -6.6249964574924345 42
      vertex 9.433706652073623 -6.807850463037044 42
    endloop
  endfacet
  facet normal 0 0 -1
    outer loop
      vertex 9.433706652073623 -6.807850463037044 42
      vertex 9.151693650418625 -6.6249964574924345 42
      vertex 9.18513821019062 -6.567068780730564 42
    endloop
  endfacet
  facet normal 0 0 -1
    outer loop
      vertex 9.433706652073623 -6.807850463037044 42
      vertex 9.2077148685856 -6.5279648613253345 42
      vertex 9.223458766256972 -6.500695630649353 42
    endloop
  endfacet
  facet normal 0 0 -1
    outer loop
      vertex 9.578087978908464 -6.770174664049733 42
      vertex 9.223458766256972 -6.500695630649353 42
      vertex 9.310942562333882 -6.349169251005147 42
    endloop
  endfacet
  facet normal 0 0 -1
    outer loop
      vertex 9.433706652073623 -6.807850463037044 42
      vertex 9.223458766256972 -6.500695630649353 42
      vertex 9.578087978908464 -6.770174664049733 42
    endloop
  endfacet
  facet normal 0 0 -1
    outer loop
      vertex 9.578087978908464 -6.770174664049733 42
      vertex 10.307998629647946 -5.376771959027977 42
      vertex 9.723837137899617 -6.738196296028628 42
    endloop
  endfacet
  facet normal 0 0 -1
    outer loop
      vertex 9.723837137899617 -6.738196296028628 42
      vertex 10.307998629647946 -5.376771959027977 42
      vertex 9.870729394408029 -6.711964667299382 42
    endloop
  endfacet
  facet normal 0 0 -1
    outer loop
      vertex 9.578087978908464 -6.770174664049733 42
      vertex 9.310942562333882 -6.349169251005147 42
      vertex 10.307998629647946 -5.376771959027977 42
    endloop
  endfacet
  facet normal 0 0 -1
    outer loop
      vertex 10.449971294318976 -17.052803287081844 42
      vertex 9.772424829939098 -17.449920141455944 42
      vertex 10.01853825122112 -14.238840497989624 42
    endloop
  endfacet
  facet normal 0 0 -1
    outer loop
      vertex 10.449971294318976 -17.052803287081844 42
      vertex 10.01853825122112 -14.238840497989624 42
      vertex 11.111404660392047 -16.629392246050905 42
    endloop
  endfacet
  facet normal 0 0 -1
    outer loop
      vertex 11.111404660392047 -16.629392246050905 42
      vertex 10.01853825122112 -14.238840497989624 42
      vertex 10.167035797795094 -14.253466229746792 42
    endloop
  endfacet
  facet normal 0 0 -1
    outer loop
      vertex 11.111404660392047 -16.629392246050905 42
      vertex 10.167035797795094 -14.253466229746792 42
      vertex 10.315993061676444 -14.262250699275654 42
    endloop
  endfacet
  facet normal 0 0 -1
    outer loop
      vertex 11.111404660392047 -16.629392246050905 42
      vertex 10.763324925326716 -14.25346622974679 42
      vertex 11.755705045849465 -16.180339887498953 42
    endloop
  endfacet
  facet normal 0 0 -1
    outer loop
      vertex 11.111404660392047 -16.629392246050905 42
      vertex 10.315993061676444 -14.262250699275654 42
      vertex 10.465180361560902 -14.265180361560903 42
    endloop
  endfacet
  facet normal 0 0 -1
    outer loop
      vertex 11.111404660392047 -16.629392246050905 42
      vertex 10.465180361560902 -14.265180361560903 42
      vertex 10.614367661445364 -14.26225069927565 42
    endloop
  endfacet
  facet normal 0 0 -1
    outer loop
      vertex 11.111404660392047 -16.629392246050905 42
      vertex 10.614367661445364 -14.26225069927565 42
      vertex 10.763324925326716 -14.25346622974679 42
    endloop
  endfacet
  facet normal 0 0 -1
    outer loop
      vertex 11.755705045849465 -16.180339887498953 42
      vertex 11.496654071048187 -14.122510260084766 42
      vertex 12.38187898619668 -15.706338617614898 42
    endloop
  endfacet
  facet normal 0 0 -1
    outer loop
      vertex 11.755705045849465 -16.180339887498953 42
      vertex 10.763324925326716 -14.25346622974679 42
      vertex 10.911822471900688 -14.238840497989624 42
    endloop
  endfacet
  facet normal 0 0 -1
    outer loop
      vertex 11.755705045849465 -16.180339887498953 42
      vertex 10.911822471900688 -14.238840497989624 42
      vertex 11.059631328713781 -14.218396055822428 42
    endloop
  endfacet
  facet normal 0 0 -1
    outer loop
      vertex 11.755705045849465 -16.180339887498953 42
      vertex 11.059631328713781 -14.218396055822428 42
      vertex 11.206523585222191 -14.19216442709318 42
    endloop
  endfacet
  facet normal 0 0 -1
    outer loop
      vertex 11.755705045849465 -16.180339887498953 42
      vertex 11.206523585222191 -14.19216442709318 42
      vertex 11.352272744213344 -14.160186059072075 42
    endloop
  endfacet
  facet normal 0 0 -1
    outer loop
      vertex 11.755705045849465 -16.180339887498953 42
      vertex 11.352272744213344 -14.160186059072075 42
      vertex 11.496654071048187 -14.122510260084766 42
    endloop
  endfacet
  facet normal 0 0 -1
    outer loop
      vertex 12.38187898619668 -15.706338617614898 42
      vertex 11.496654071048187 -14.122510260084766 42
      vertex 11.639444940185705 -14.079195123482489 42
    endloop
  endfacet
  facet normal 0 0 -1
    outer loop
      vertex 12.38187898619668 -15.706338617614898 42
      vertex 11.639444940185705 -14.079195123482489 42
      vertex 11.780425178455378 -14.030307438066345 42
    endloop
  endfacet
  facet normal 0 0 -1
    outer loop
      vertex 12.38187898619668 -15.706338617614898 42
      vertex 11.780425178455378 -14.030307438066345 42
      vertex 11.919377404548245 -13.975922585103794 42
    endloop
  endfacet
  facet normal 0 0 -1
    outer loop
      vertex 12.38187898619668 -15.706338617614898 42
      vertex 11.919377404548245 -13.975922585103794 42
      vertex 12.056087364203133 -13.916124422096214 42
    endloop
  endfacet
  facet normal 0 0 -1
    outer loop
      vertex 12.38187898619668 -15.706338617614898 42
      vertex 12.056087364203133 -13.916124422096214 42
      vertex 12.988960966603674 -15.208119312000619 42
    endloop
  endfacet
  facet normal 0 0 -1
    outer loop
      vertex 12.988960966603674 -15.208119312000619 42
      vertex 12.056087364203133 -13.916124422096214 42
      vertex 12.190344260571184 -13.851005153476702 42
    endloop
  endfacet
  facet normal 0 0 -1
    outer loop
      vertex 12.988960966603674 -15.208119312000619 42
      vertex 12.190344260571184 -13.851005153476702 42
      vertex 12.321941079249333 -13.780665188437533 42
    endloop
  endfacet
  facet normal 0 0 -1
    outer loop
      vertex 12.988960966603674 -15.208119312000619 42
      vertex 12.321941079249333 -13.780665188437533 42
      vertex 12.450674907481512 -13.705212986106455 42
    endloop
  endfacet
  facet normal 0 0 -1
    outer loop
      vertex 12.450674907481512 -13.705212986106455 42
      vertex 12.576347247035393 -13.624764888310576 42
      vertex 12.988960966603674 -15.208119312000619 42
    endloop
  endfacet
  facet normal 0 0 -1
    outer loop
      vertex 12.576347247035393 -13.624764888310576 42
      vertex 12.698764320272302 -13.539444940185705 42
      vertex 12.988960966603674 -15.208119312000619 42
    endloop
  endfacet
  facet normal 0 0 -1
    outer loop
      vertex 12.698764320272302 -13.539444940185705 42
      vertex 12.817737368938275 -13.449384698907735 42
      vertex 12.988960966603674 -15.208119312000619 42
    endloop
  endfacet
  facet normal 0 0 -1
    outer loop
      vertex 12.817737368938275 -13.449384698907735 42
      vertex 12.9330829452156 -13.35472303084102 42
      vertex 12.988960966603674 -15.208119312000619 42
    endloop
  endfacet
  facet normal 0 0 -1
    outer loop
      vertex 13.044623194586082 -13.25560589741651 42
      vertex 12.988960966603674 -15.208119312000619 42
      vertex 12.9330829452156 -13.35472303084102 42
    endloop
  endfacet
  facet normal 0 0 -1
    outer loop
      vertex 13.152186130069786 -13.152186130069786 42
      vertex 12.988960966603674 -15.208119312000619 42
      vertex 13.044623194586082 -13.25560589741651 42
    endloop
  endfacet
  facet normal 0 0 -1
    outer loop
      vertex 13.576014910658834 -14.68645018871371 42
      vertex 12.988960966603674 -15.208119312000619 42
      vertex 13.449384698907735 -12.817737368938275 42
    endloop
  endfacet
  facet normal 0 0 -1
    outer loop
      vertex 13.152186130069786 -13.152186130069786 42
      vertex 13.25560589741651 -13.044623194586082 42
      vertex 12.988960966603674 -15.208119312000619 42
    endloop
  endfacet
  facet normal 0 0 -1
    outer loop
      vertex 13.576014910658834 -14.68645018871371 42
      vertex 13.449384698907735 -12.817737368938275 42
      vertex 14.142135623730951 -14.142135623730951 42
    endloop
  endfacet
  facet normal 0 0 -1
    outer loop
      vertex 13.35472303084102 -12.9330829452156 42
      vertex 12.988960966603674 -15.208119312000619 42
      vertex 13.25560589741651 -13.044623194586082 42
    endloop
  endfacet
  facet normal 0 0 -1
    outer loop
      vertex 13.35472303084102 -12.9330829452156 42
      vertex 13.449384698907735 -12.817737368938275 42
      vertex 12.988960966603674 -15.208119312000619 42
    endloop
  endfacet
  facet normal 0 0 -1
    outer loop
      vertex 14.142135623730951 -14.142135623730951 42
      vertex 13.449384698907735 -12.817737368938275 42
      vertex 14.68645018871371 -13.576014910658834 42
    endloop
  endfacet
  facet normal 0 0 -1
    outer loop
      vertex 13.539444940185705 -12.698764320272302 42
      vertex 14.68645018871371 -13.576014910658834 42
      vertex 13.449384698907735 -12.817737368938275 42
    endloop
  endfacet
  facet normal 0 0 -1
    outer loop
      vertex 13.539444940185705 -12.698764320272302 42
      vertex 13.624764888310576 -12.576347247035393 42
      vertex 14.68645018871371 -13.576014910658834 42
    endloop
  endfacet
  facet normal 0 0 -1
    outer loop
      vertex 13.624764888310576 -12.576347247035393 42
      vertex 13.705212986106455 -12.450674907481512 42
      vertex 15.208119312000619 -12.988960966603674 42
    endloop
  endfacet
  facet normal 0 0 -1
    outer loop
      vertex 13.705212986106455 -12.450674907481512 42
      vertex 13.780665188437533 -12.321941079249333 42
      vertex 15.208119312000619 -12.988960966603674 42
    endloop
  endfacet
  facet normal 0 0 -1
    outer loop
      vertex 13.780665188437533 -12.321941079249333 42
      vertex 13.851005153476702 -12.190344260571184 42
      vertex 15.208119312000619 -12.988960966603674 42
    endloop
  endfacet
  facet normal 0 0 -1
    outer loop
      vertex 13.624764888310576 -12.576347247035393 42
      vertex 15.208119312000619 -12.988960966603674 42
      vertex 14.68645018871371 -13.576014910658834 42
    endloop
  endfacet
  facet normal 0 0 -1
    outer loop
      vertex 13.851005153476702 -12.190344260571184 42
      vertex 13.916124422096214 -12.056087364203133 42
      vertex 15.208119312000619 -12.988960966603674 42
    endloop
  endfacet
  facet normal 0 0 -1
    outer loop
      vertex 13.916124422096214 -12.056087364203133 42
      vertex 13.975922585103794 -11.919377404548245 42
      vertex 15.706338617614898 -12.38187898619668 42
    endloop
  endfacet
  facet normal 0 0 -1
    outer loop
      vertex 13.975922585103794 -11.919377404548245 42
      vertex 14.030307438066345 -11.780425178455378 42
      vertex 15.706338617614898 -12.38187898619668 42
    endloop
  endfacet
  facet normal 0 0 -1
    outer loop
      vertex 14.030307438066345 -11.780425178455378 42
      vertex 14.079195123482489 -11.639444940185705 42
      vertex 15.706338617614898 -12.38187898619668 42
    endloop
  endfacet
  facet normal 0 0 -1
    outer loop
      vertex 13.916124422096214 -12.056087364203133 42
      vertex 15.706338617614898 -12.38187898619668 42
      vertex 15.208119312000619 -12.988960966603674 42
    endloop
  endfacet
  facet normal 0 0 -1
    outer loop
      vertex 14.079195123482489 -11.639444940185705 42
      vertex 14.122510260084766 -11.496654071048187 42
      vertex 15.706338617614898 -12.38187898619668 42
    endloop
  endfacet
  facet normal 0 0 -1
    outer loop
      vertex 14.122510260084766 -11.496654071048187 42
      vertex 14.160186059072075 -11.352272744213344 42
      vertex 16.180339887498953 -11.755705045849465 42
    endloop
  endfacet
  facet normal 0 0 -1
    outer loop
      vertex 14.160186059072075 -11.352272744213344 42
      vertex 14.19216442709318 -11.206523585222191 42
      vertex 16.180339887498953 -11.755705045849465 42
    endloop
  endfacet
  facet normal 0 0 -1
    outer loop
      vertex 14.19216442709318 -11.206523585222191 42
      vertex 14.218396055822428 -11.059631328713781 42
      vertex 16.180339887498953 -11.755705045849465 42
    endloop
  endfacet
  facet normal 0 0 -1
    outer loop
      vertex 14.218396055822428 -11.059631328713781 42
      vertex 14.238840497989624 -10.911822471900688 42
      vertex 16.180339887498953 -11.755705045849465 42
    endloop
  endfacet
  facet normal 0 0 -1
    outer loop
      vertex 14.238840497989624 -10.911822471900688 42
      vertex 14.25346622974679 -10.763324925326716 42
      vertex 16.180339887498953 -11.755705045849465 42
    endloop
  endfacet
  facet normal 0 0 -1
    outer loop
      vertex 14.25346622974679 -10.763324925326716 42
      vertex 14.26225069927565 -10.614367661445364 42
      vertex 16.180339887498953 -11.755705045849465 42
    endloop
  endfacet
  facet normal 0 0 -1
    outer loop
      vertex 14.26225069927565 -10.614367661445364 42
      vertex 14.265180361560903 -10.465180361560902 42
      vertex 16.180339887498953 -11.755705045849465 42
    endloop
  endfacet
  facet normal 0 0 -1
    outer loop
      vertex 14.265180361560903 -10.465180361560902 42
      vertex 14.262250699275654 -10.315993061676444 42
      vertex 16.180339887498953 -11.755705045849465 42
    endloop
  endfacet
  facet normal 0 0 -1
    outer loop
      vertex 14.262250699275654 -10.315993061676444 42
      vertex 14.253466229746792 -10.167035797795094 42
      vertex 16.180339887498953 -11.755705045849465 42
    endloop
  endfacet
  facet normal 0 0 -1
    outer loop
      vertex 14.122510260084766 -11.496654071048187 42
      vertex 16.180339887498953 -11.755705045849465 42
      vertex 15.706338617614898 -12.38187898619668 42
    endloop
  endfacet
  facet normal 0 0 -1
    outer loop
      vertex 9.870729394408029 -6.711964667299382 42
      vertex 10.307998629647946 -5.376771959027977 42
      vertex 10.01853825122112 -6.691520225132184 42
    endloop
  endfacet
  facet normal 0 0 -1
    outer loop
      vertex 10.01853825122112 -6.691520225132184 42
      vertex 10.307998629647946 -5.376771959027977 42
      vertex 10.167035797795092 -6.676894493375017 42
    endloop
  endfacet
  facet normal 0 0 -1
    outer loop
      vertex 11.206523585222191 -6.738196296028628 42
      vertex 10.518225764705045 -5.23710267025494 42
      vertex 11.352272744213344 -6.770174664049733 42
    endloop
  endfacet
  facet normal 0 0 -1
    outer loop
      vertex 11.352272744213344 -6.770174664049733 42
      vertex 10.518225764705045 -5.23710267025494 42
      vertex 11.496654071048187 -6.807850463037045 42
    endloop
  endfacet
  facet normal 0 0 -1
    outer loop
      vertex 10.167035797795092 -6.676894493375017 42
      vertex 10.307998629647946 -5.376771959027977 42
      vertex 10.315993061676444 -6.6681100238461575 42
    endloop
  endfacet
  facet normal 0 0 -1
    outer loop
      vertex 10.315993061676444 -6.6681100238461575 42
      vertex 10.307998629647946 -5.376771959027977 42
      vertex 10.465180361560904 -6.665180361560903 42
    endloop
  endfacet
  facet normal 0 0 -1
    outer loop
      vertex 10.465180361560904 -6.665180361560903 42
      vertex 10.307998629647946 -5.376771959027977 42
      vertex 10.614367661445367 -6.668110023846158 42
    endloop
  endfacet
  facet normal 0 0 -1
    outer loop
      vertex 10.614367661445367 -6.668110023846158 42
      vertex 10.307998629647946 -5.376771959027977 42
      vertex 10.763324925326716 -6.676894493375018 42
    endloop
  endfacet
  facet normal 0 0 -1
    outer loop
      vertex 10.763324925326716 -6.676894493375018 42
      vertex 10.307998629647946 -5.376771959027977 42
      vertex 10.518225764705045 -5.23710267025494 42
    endloop
  endfacet
  facet normal 0 0 -1
    outer loop
      vertex 10.763324925326716 -6.676894493375018 42
      vertex 10.518225764705045 -5.23710267025494 42
      vertex 10.911822471900688 -6.691520225132185 42
    endloop
  endfacet
  facet normal 0 0 -1
    outer loop
      vertex 10.911822471900688 -6.691520225132185 42
      vertex 10.518225764705045 -5.23710267025494 42
      vertex 11.059631328713783 -6.711964667299382 42
    endloop
  endfacet
  facet normal 0 0 -1
    outer loop
      vertex 11.059631328713783 -6.711964667299382 42
      vertex 10.518225764705045 -5.23710267025494 42
      vertex 11.206523585222191 -6.738196296028628 42
    endloop
  endfacet
  facet normal 0 0 -1
    outer loop
      vertex 11.414803221774381 -4.228849959954594 42
      vertex 11.496654071048187 -6.807850463037045 42
      vertex 10.518225764705045 -5.23710267025494 42
    endloop
  endfacet
  facet normal 0 0 -1
    outer loop
      vertex 11.414803221774381 -4.228849959954594 42
      vertex 11.639444940185705 -6.8511655996393195 42
      vertex 11.496654071048187 -6.807850463037045 42
    endloop
  endfacet
  facet normal 0 0 -1
    outer loop
      vertex 11.414803221774381 -4.228849959954594 42
      vertex 11.780425178455378 -6.900053285055464 42
      vertex 11.639444940185705 -6.8511655996393195 42
    endloop
  endfacet
  facet normal 0 0 -1
    outer loop
      vertex 11.414803221774381 -4.228849959954594 42
      vertex 11.919377404548246 -6.954438138018016 42
      vertex 11.780425178455378 -6.900053285055464 42
    endloop
  endfacet
  facet normal 0 0 -1
    outer loop
      vertex 11.414803221774381 -4.228849959954594 42
      vertex 12.056087364203131 -7.014236301025596 42
      vertex 11.919377404548246 -6.954438138018016 42
    endloop
  endfacet
  facet normal 0 0 -1
    outer loop
      vertex 12.056087364203131 -7.014236301025596 42
      vertex 11.126549290803487 -2.731185281548937 42
      vertex 13.180916997461528 -6.052387450812569 42
    endloop
  endfacet
  facet normal 0 0 -1
    outer loop
      vertex 14.253466229746792 -10.167035797795094 42
      vertex 14.238840497989624 -10.01853825122112 42
      vertex 15.695931822525079 -6.931485175444444 42
    endloop
  endfacet
  facet normal 0 0 -1
    outer loop
      vertex 14.218396055822426 -9.870729394408025 42
      vertex 15.695931822525079 -6.931485175444444 42
      vertex 14.238840497989624 -10.01853825122112 42
    endloop
  endfacet
  facet normal 0 0 -1
    outer loop
      vertex 14.218396055822426 -9.870729394408025 42
      vertex 14.19216442709318 -9.723837137899617 42
      vertex 15.695931822525079 -6.931485175444444 42
    endloop
  endfacet
  facet normal 0 0 -1
    outer loop
      vertex 14.19216442709318 -9.723837137899617 42
      vertex 14.160186059072075 -9.578087978908464 42
      vertex 15.695931822525079 -6.931485175444444 42
    endloop
  endfacet
  facet normal 0 0 -1
    outer loop
      vertex 14.160186059072075 -9.578087978908464 42
      vertex 14.122510260084763 -9.43370665207362 42
      vertex 15.695931822525079 -6.931485175444444 42
    endloop
  endfacet
  facet normal 0 0 -1
    outer loop
      vertex 14.122510260084763 -9.43370665207362 42
      vertex 14.079195123482489 -9.290915782936104 42
      vertex 15.695931822525079 -6.931485175444444 42
    endloop
  endfacet
  facet normal 0 0 -1
    outer loop
      vertex 14.079195123482489 -9.290915782936104 42
      vertex 14.030307438066345 -9.14993554466643 42
      vertex 15.695931822525079 -6.931485175444444 42
    endloop
  endfacet
  facet normal 0 0 -1
    outer loop
      vertex 14.030307438066345 -9.14993554466643 42
      vertex 13.975922585103795 -9.010983318573565 42
      vertex 15.695931822525079 -6.931485175444444 42
    endloop
  endfacet
  facet normal 0 0 -1
    outer loop
      vertex 11.414803221774381 -4.228849959954594 42
      vertex 11.126549290803487 -2.731185281548937 42
      vertex 12.056087364203131 -7.014236301025596 42
    endloop
  endfacet
  facet normal 0 0 -1
    outer loop
      vertex 11.397377347973842 -0.6679690691123554 42
      vertex 13.180916997461528 -6.052387450812569 42
      vertex 11.126549290803487 -2.731185281548937 42
    endloop
  endfacet
  facet normal 0 0 -1
    outer loop
      vertex 11.397377347973842 -0.6679690691123554 42
      vertex 16.488893999710008 -0.6 42
      vertex 13.180916997461528 -6.052387450812569 42
    endloop
  endfacet
  facet normal 0 0 -1
    outer loop
      vertex 11.397377347973842 -0.6679690691123554 42
      vertex 11.230266568193557 -0.6634692848501976 42
      vertex 16.488893999710008 -0.6 42
    endloop
  endfacet
  facet normal 0 0 -1
    outer loop
      vertex 11.236937458840595 -0.6 42
      vertex 16.488893999710008 -0.6 42
      vertex 11.230266568193557 -0.6634692848501976 42
    endloop
  endfacet
  facet normal 0 0 -1
    outer loop
      vertex 14.253466229746792 -10.167035797795094 42
      vertex 15.695931822525079 -6.931485175444444 42
      vertex 16.180339887498953 -11.755705045849465 42
    endloop
  endfacet
  facet normal 0 0 -1
    outer loop
      vertex 15.695931822525079 -6.931485175444444 42
      vertex 19.794705503028748 -2.8327114949407757 42
      vertex 16.180339887498953 -11.755705045849465 42
    endloop
  endfacet
  facet normal 0 0 -1
    outer loop
      vertex 16.629392246050905 -11.111404660392047 42
      vertex 16.180339887498953 -11.755705045849465 42
      vertex 19.794705503028748 -2.8327114949407757 42
    endloop
  endfacet
  facet normal 0 0 -1
    outer loop
      vertex 16.629392246050905 -11.111404660392047 42
      vertex 19.794705503028748 -2.8327114949407757 42
      vertex 17.052803287081844 -10.449971294318976 42
    endloop
  endfacet
  facet normal 0 0 -1
    outer loop
      vertex 18.477590650225736 -7.653668647301796 42
      vertex 18.162863476501624 -8.373194750748562 42
      vertex 18.763826718449682 -6.922341141549859 42
    endloop
  endfacet
  facet normal 0 0 -1
    outer loop
      vertex 18.763826718449682 -6.922341141549859 42
      vertex 18.162863476501624 -8.373194750748562 42
      vertex 19.794705503028748 -2.8327114949407757 42
    endloop
  endfacet
  facet normal 0 0 -1
    outer loop
      vertex 16.219620124567804 -3.013684323706293 42
      vertex 13.180916997461528 -6.052387450812569 42
      vertex 16.488893999710008 -0.6 42
    endloop
  endfacet
  facet normal 0 0 -1
    outer loop
      vertex 16.488893999710008 -0.6 42
      vertex 18.02221773904018 -1.2110867092339155 42
      vertex 16.219620124567804 -3.013684323706293 42
    endloop
  endfacet
  facet normal 0 0 -1
    outer loop
      vertex 6.711964667299382 9.870729394408029 42
      vertex 6.160646033407491 9.415081002736368 42
      vertex 5.654533691684107 9.859810256784016 42
    endloop
  endfacet
  facet normal 0 0 -1
    outer loop
      vertex 7.014236301025595 8.874273358918677 42
      vertex 7.008915981990081 8.798776809862197 42
      vertex 6.160646033407491 9.415081002736368 42
    endloop
  endfacet
  facet normal 0 0 -1
    outer loop
      vertex 7.014236301025595 8.874273358918677 42
      vertex 6.160646033407491 9.415081002736368 42
      vertex 6.9544381380180145 9.010983318573563 42
    endloop
  endfacet
  facet normal 0 0 -1
    outer loop
      vertex 6.9544381380180145 9.010983318573563 42
      vertex 6.160646033407491 9.415081002736368 42
      vertex 6.900053285055465 9.149935544666432 42
    endloop
  endfacet
  facet normal 0 0 -1
    outer loop
      vertex 6.900053285055465 9.149935544666432 42
      vertex 6.160646033407491 9.415081002736368 42
      vertex 6.8511655996393195 9.290915782936104 42
    endloop
  endfacet
  facet normal 0 0 -1
    outer loop
      vertex 6.770174664049733 9.578087978908464 42
      vertex 6.160646033407491 9.415081002736368 42
      vertex 6.738196296028628 9.723837137899617 42
    endloop
  endfacet
  facet normal 0 0 -1
    outer loop
      vertex 6.738196296028628 9.723837137899617 42
      vertex 6.160646033407491 9.415081002736368 42
      vertex 6.711964667299382 9.870729394408029 42
    endloop
  endfacet
  facet normal 0 0 -1
    outer loop
      vertex 6.711964667299382 9.870729394408029 42
      vertex 5.654533691684107 9.859810256784016 42
      vertex 6.691520225132184 10.01853825122112 42
    endloop
  endfacet
  facet normal 0 0 -1
    outer loop
      vertex 6.807850463037044 9.433706652073623 42
      vertex 6.8511655996393195 9.290915782936104 42
      vertex 6.160646033407491 9.415081002736368 42
    endloop
  endfacet
  facet normal 0 0 -1
    outer loop
      vertex 6.807850463037044 9.433706652073623 42
      vertex 6.160646033407491 9.415081002736368 42
      vertex 6.770174664049733 9.578087978908464 42
    endloop
  endfacet
  facet normal 0 0 -1
    outer loop
      vertex 9.010983318573563 6.9544381380180145 42
      vertex 9.149935544666432 6.900053285055465 42
      vertex 9.148946553982134 6.72368771008047 42
    endloop
  endfacet
  facet normal 0 0 -1
    outer loop
      vertex 9.143871834968866 6.664905885596165 42
      vertex 9.148946553982134 6.72368771008047 42
      vertex 9.290915782936104 6.8511655996393195 42
    endloop
  endfacet
  facet normal 0 0 -1
    outer loop
      vertex 9.149935544666432 6.900053285055465 42
      vertex 9.290915782936104 6.8511655996393195 42
      vertex 9.148946553982134 6.72368771008047 42
    endloop
  endfacet
  facet normal 0 0 -1
    outer loop
      vertex 9.433706652073623 6.807850463037044 42
      vertex 9.28802560595936 6.388862583800659 42
      vertex 9.143871834968866 6.664905885596165 42
    endloop
  endfacet
  facet normal 0 0 -1
    outer loop
      vertex 9.290915782936104 6.8511655996393195 42
      vertex 9.433706652073623 6.807850463037044 42
      vertex 9.143871834968866 6.664905885596165 42
    endloop
  endfacet
  facet normal 0 0 -1
    outer loop
      vertex 8.874273358918677 7.014236301025595 42
      vertex 9.010983318573563 6.9544381380180145 42
      vertex 9.148946553982134 6.72368771008047 42
    endloop
  endfacet
  facet normal 0 0 -1
    outer loop
      vertex 9.578087978908464 6.770174664049733 42
      vertex 9.720156427087518 5.64039004609023 42
      vertex 9.28802560595936 6.388862583800659 42
    endloop
  endfacet
  facet normal 0 0 -1
    outer loop
      vertex 9.578087978908464 6.770174664049733 42
      vertex 9.723837137899617 6.738196296028628 42
      vertex 9.720156427087518 5.64039004609023 42
    endloop
  endfacet
  facet normal 0 0 -1
    outer loop
      vertex 9.433706652073623 6.807850463037044 42
      vertex 9.578087978908464 6.770174664049733 42
      vertex 9.28802560595936 6.388862583800659 42
    endloop
  endfacet
  facet normal 0 0 -1
    outer loop
      vertex 9.723837137899617 6.738196296028628 42
      vertex 9.870729394408029 6.711964667299382 42
      vertex 9.720156427087518 5.64039004609023 42
    endloop
  endfacet
  facet normal 0 0 -1
    outer loop
      vertex 9.870729394408029 6.711964667299382 42
      vertex 10.01853825122112 6.691520225132184 42
      vertex 9.720156427087518 5.64039004609023 42
    endloop
  endfacet
  facet normal 0 0 -1
    outer loop
      vertex 10.01853825122112 6.691520225132184 42
      vertex 10.167035797795092 6.676894493375017 42
      vertex 9.720156427087518 5.64039004609023 42
    endloop
  endfacet
  facet normal 0 0 -1
    outer loop
      vertex 4.084909425668885 10.967318574219112 42
      vertex 4.109542237049375 11.217419705291066 42
      vertex 4.562342056223128 10.27034357913732 42
    endloop
  endfacet
  facet normal 0 0 -1
    outer loop
      vertex 3.1286893008046173 19.753766811902757 42
      vertex 3.9018064403225647 19.61570560806461 42
      vertex 2.832711494940773 19.794705503028748 42
    endloop
  endfacet
  facet normal 0 0 -1
    outer loop
      vertex 3.9018064403225647 19.61570560806461 42
      vertex 4.668907277118108 19.447398407953532 42
      vertex 2.832711494940773 19.794705503028748 42
    endloop
  endfacet
  facet normal 0 0 -1
    outer loop
      vertex 4.668907277118108 19.447398407953532 42
      vertex 5.428808997301485 19.249104729072947 42
      vertex 2.832711494940773 19.794705503028748 42
    endloop
  endfacet
  facet normal 0 0 -1
    outer loop
      vertex 2.832711494940773 19.794705503028748 42
      vertex 5.428808997301485 19.249104729072947 42
      vertex 6.180339887498948 19.02113032590307 42
    endloop
  endfacet
  facet normal 0 0 -1
    outer loop
      vertex 4.109542237049375 11.217419705291066 42
      vertex 7.067468287866209 12.165836160407888 42
      vertex 4.562342056223128 10.27034357913732 42
    endloop
  endfacet
  facet normal 0 0 -1
    outer loop
      vertex 4.562342056223128 10.27034357913732 42
      vertex 7.067468287866209 12.165836160407888 42
      vertex 5.481096203583956 9.861287877986094 42
    endloop
  endfacet
  facet normal 0 0 -1
    outer loop
      vertex 5.481096203583956 9.861287877986094 42
      vertex 7.067468287866209 12.165836160407888 42
      vertex 5.654533691684107 9.859810256784016 42
    endloop
  endfacet
  facet normal 0 0 -1
    outer loop
      vertex 4.109542237049375 11.217419705291066 42
      vertex 4.143974981752022 11.466360937818383 42
      vertex 7.067468287866209 12.165836160407888 42
    endloop
  endfacet
  facet normal 0 0 -1
    outer loop
      vertex 4.143974981752022 11.466360937818383 42
      vertex 4.188154566980229 11.713758422464126 42
      vertex 7.067468287866209 12.165836160407888 42
    endloop
  endfacet
  facet normal 0 0 -1
    outer loop
      vertex 4.188154566980229 11.713758422464126 42
      vertex 4.242012871015773 11.959230690238698 42
      vertex 7.067468287866209 12.165836160407888 42
    endloop
  endfacet
  facet normal 0 0 -1
    outer loop
      vertex 4.242012871015773 11.959230690238698 42
      vertex 4.305466848257561 12.20239924069738 42
      vertex 7.067468287866209 12.165836160407888 42
    endloop
  endfacet
  facet normal 0 0 -1
    outer loop
      vertex 4.305466848257561 12.20239924069738 42
      vertex 4.378418657271921 12.44288912556057 42
      vertex 7.067468287866209 12.165836160407888 42
    endloop
  endfacet
  facet normal 0 0 -1
    outer loop
      vertex 4.378418657271921 12.44288912556057 42
      vertex 4.460755811657005 12.680329526856859 42
      vertex 7.067468287866209 12.165836160407888 42
    endloop
  endfacet
  facet normal 0 0 -1
    outer loop
      vertex 6.691520225132184 10.01853825122112 42
      vertex 5.654533691684107 9.859810256784016 42
      vertex 6.676894493375017 10.167035797795092 42
    endloop
  endfacet
  facet normal 0 0 -1
    outer loop
      vertex 6.676894493375017 10.167035797795092 42
      vertex 5.654533691684107 9.859810256784016 42
      vertex 6.6681100238461575 10.315993061676444 42
    endloop
  endfacet
  facet normal 0 0 -1
    outer loop
      vertex 6.6681100238461575 10.315993061676444 42
      vertex 5.654533691684107 9.859810256784016 42
      vertex 6.665180361560903 10.465180361560904 42
    endloop
  endfacet
  facet normal 0 0 -1
    outer loop
      vertex 6.665180361560903 10.465180361560904 42
      vertex 5.654533691684107 9.859810256784016 42
      vertex 6.668110023846158 10.614367661445367 42
    endloop
  endfacet
  facet normal 0 0 -1
    outer loop
      vertex 6.668110023846158 10.614367661445367 42
      vertex 5.654533691684107 9.859810256784016 42
      vertex 6.676894493375018 10.763324925326716 42
    endloop
  endfacet
  facet normal 0 0 -1
    outer loop
      vertex 6.676894493375018 10.763324925326716 42
      vertex 5.654533691684107 9.859810256784016 42
      vertex 6.691520225132185 10.911822471900688 42
    endloop
  endfacet
  facet normal 0 0 -1
    outer loop
      vertex 6.691520225132185 10.911822471900688 42
      vertex 5.654533691684107 9.859810256784016 42
      vertex 6.711964667299382 11.059631328713783 42
    endloop
  endfacet
  facet normal 0 0 -1
    outer loop
      vertex 6.711964667299382 11.059631328713783 42
      vertex 5.654533691684107 9.859810256784016 42
      vertex 6.738196296028628 11.206523585222191 42
    endloop
  endfacet
  facet normal 0 0 -1
    outer loop
      vertex 6.738196296028628 11.206523585222191 42
      vertex 5.654533691684107 9.859810256784016 42
      vertex 6.770174664049733 11.352272744213344 42
    endloop
  endfacet
  facet normal 0 0 -1
    outer loop
      vertex 6.770174664049733 11.352272744213344 42
      vertex 5.654533691684107 9.859810256784016 42
      vertex 6.807850463037045 11.496654071048187 42
    endloop
  endfacet
  facet normal 0 0 -1
    outer loop
      vertex 6.807850463037045 11.496654071048187 42
      vertex 5.654533691684107 9.859810256784016 42
      vertex 6.8511655996393195 11.639444940185705 42
    endloop
  endfacet
  facet normal 0 0 -1
    outer loop
      vertex 6.8511655996393195 11.639444940185705 42
      vertex 5.654533691684107 9.859810256784016 42
      vertex 6.900053285055464 11.780425178455378 42
    endloop
  endfacet
  facet normal 0 0 -1
    outer loop
      vertex 6.900053285055464 11.780425178455378 42
      vertex 5.654533691684107 9.859810256784016 42
      vertex 6.954438138018016 11.919377404548246 42
    endloop
  endfacet
  facet normal 0 0 -1
    outer loop
      vertex 6.954438138018016 11.919377404548246 42
      vertex 5.654533691684107 9.859810256784016 42
      vertex 7.014236301025596 12.056087364203131 42
    endloop
  endfacet
  facet normal 0 0 -1
    outer loop
      vertex 7.014236301025596 12.056087364203131 42
      vertex 5.654533691684107 9.859810256784016 42
      vertex 7.067468287866209 12.165836160407888 42
    endloop
  endfacet
  facet normal 0 0 -1
    outer loop
      vertex 4.460755811657005 12.680329526856859 42
      vertex 4.552351353488669 12.91435432869748 42
      vertex 7.067468287866209 12.165836160407888 42
    endloop
  endfacet
  facet normal 0 0 -1
    outer loop
      vertex 4.552351353488669 12.91435432869748 42
      vertex 4.653064049080383 13.144602681800444 42
      vertex 7.067468287866209 12.165836160407888 42
    endloop
  endfacet
  facet normal 0 0 -1
    outer loop
      vertex 4.653064049080383 13.144602681800444 42
      vertex 4.7627386067553505 13.370719559894004 42
      vertex 7.067468287866209 12.165836160407888 42
    endloop
  endfacet
  facet normal 0 0 -1
    outer loop
      vertex 4.7627386067553505 13.370719559894004 42
      vertex 4.881205916295001 13.592356307141415 42
      vertex 7.067468287866209 12.165836160407888 42
    endloop
  endfacet
  facet normal 0 0 -1
    outer loop
      vertex 4.881205916295001 13.592356307141415 42
      vertex 5.008283309694715 13.809171175742978 42
      vertex 7.067468287866209 12.165836160407888 42
    endloop
  endfacet
  facet normal 0 0 -1
    outer loop
      vertex 5.008283309694715 13.809171175742978 42
      vertex 5.143774842824614 14.02082985288636 42
      vertex 7.067468287866209 12.165836160407888 42
    endloop
  endfacet
  facet normal 0 0 -1
    outer loop
      vertex 5.143774842824614 14.02082985288636 42
      vertex 5.171990609501413 14.061313838772683 42
      vertex 7.067468287866209 12.165836160407888 42
    endloop
  endfacet
  facet normal 0 0 -1
    outer loop
      vertex 8.764524562713921 13.8628924352556 42
      vertex 10.449971294318976 17.052803287081844 42
      vertex 8.874273358918678 13.916124422096214 42
    endloop
  endfacet
  facet normal 0 0 -1
    outer loop
      vertex 9.010983318573565 13.975922585103795 42
      vertex 8.874273358918678 13.916124422096214 42
      vertex 10.449971294318976 17.052803287081844 42
    endloop
  endfacet
  facet normal 0 0 -1
    outer loop
      vertex 6.91068678666966 15.716730211299861 42
      vertex 2.832711494940773 19.794705503028748 42
      vertex 7.653668647301796 18.477590650225736 42
    endloop
  endfacet
  facet normal 0 0 -1
    outer loop
      vertex 6.922341141549859 18.763826718449682 42
      vertex 2.832711494940773 19.794705503028748 42
      vertex 6.180339887498948 19.02113032590307 42
    endloop
  endfacet
  facet normal 0 0 -1
    outer loop
      vertex 6.922341141549859 18.763826718449682 42
      vertex 7.653668647301796 18.477590650225736 42
      vertex 2.832711494940773 19.794705503028748 42
    endloop
  endfacet
  facet normal 0 0 -1
    outer loop
      vertex 6.91068678666966 15.716730211299861 42
      vertex 9.079809994790935 17.820130483767358 42
      vertex 8.764524562713921 13.8628924352556 42
    endloop
  endfacet
  facet normal 0 0 -1
    outer loop
      vertex 6.91068678666966 15.716730211299861 42
      vertex 7.653668647301796 18.477590650225736 42
      vertex 8.373194750748562 18.162863476501624 42
    endloop
  endfacet
  facet normal 0 0 -1
    outer loop
      vertex 6.91068678666966 15.716730211299861 42
      vertex 8.373194750748562 18.162863476501624 42
      vertex 9.079809994790935 17.820130483767358 42
    endloop
  endfacet
  facet normal 0 0 -1
    outer loop
      vertex 9.010983318573565 13.975922585103795 42
      vertex 10.449971294318976 17.052803287081844 42
      vertex 9.14993554466643 14.030307438066345 42
    endloop
  endfacet
  facet normal 0 0 -1
    outer loop
      vertex 9.14993554466643 14.030307438066345 42
      vertex 10.449971294318976 17.052803287081844 42
      vertex 9.290915782936104 14.079195123482489 42
    endloop
  endfacet
  facet normal 0 0 -1
    outer loop
      vertex 9.290915782936104 14.079195123482489 42
      vertex 10.449971294318976 17.052803287081844 42
      vertex 9.43370665207362 14.122510260084763 42
    endloop
  endfacet
  facet normal 0 0 -1
    outer loop
      vertex 9.43370665207362 14.122510260084763 42
      vertex 10.449971294318976 17.052803287081844 42
      vertex 9.578087978908464 14.160186059072075 42
    endloop
  endfacet
  facet normal 0 0 -1
    outer loop
      vertex 9.578087978908464 14.160186059072075 42
      vertex 10.449971294318976 17.052803287081844 42
      vertex 9.723837137899617 14.19216442709318 42
    endloop
  endfacet
  facet normal 0 0 -1
    outer loop
      vertex 9.772424829939098 17.449920141455944 42
      vertex 10.449971294318976 17.052803287081844 42
      vertex 8.764524562713921 13.8628924352556 42
    endloop
  endfacet
  facet normal 0 0 -1
    outer loop
      vertex 9.079809994790935 17.820130483767358 42
      vertex 9.772424829939098 17.449920141455944 42
      vertex 8.764524562713921 13.8628924352556 42
    endloop
  endfacet
  facet normal 0 0 -1
    outer loop
      vertex 11.004822642848021 3.094291016315348 42
      vertex 11.059631328713783 6.711964667299382 42
      vertex 11.298447288305418 0.6 42
    endloop
  endfacet
  facet normal 0 0 -1
    outer loop
      vertex 10.930638078905476 4.239673498485252 42
      vertex 10.911822471900688 6.691520225132185 42
      vertex 11.004822642848021 3.094291016315348 42
    endloop
  endfacet
  facet normal 0 0 -1
    outer loop
      vertex 11.206523585222191 6.738196296028628 42
      vertex 11.298447288305418 0.6 42
      vertex 11.059631328713783 6.711964667299382 42
    endloop
  endfacet
  facet normal 0 0 -1
    outer loop
      vertex 11.206523585222191 6.738196296028628 42
      vertex 11.352272744213344 6.770174664049733 42
      vertex 11.298447288305418 0.6 42
    endloop
  endfacet
  facet normal 0 0 -1
    outer loop
      vertex 11.352272744213344 6.770174664049733 42
      vertex 11.496654071048187 6.807850463037045 42
      vertex 11.298447288305418 0.6 42
    endloop
  endfacet
  facet normal 0 0 -1
    outer loop
      vertex 11.496654071048187 6.807850463037045 42
      vertex 11.639444940185705 6.8511655996393195 42
      vertex 11.298447288305418 0.6 42
    endloop
  endfacet
  facet normal 0 0 -1
    outer loop
      vertex 11.639444940185705 6.8511655996393195 42
      vertex 11.780425178455378 6.900053285055464 42
      vertex 11.298447288305418 0.6 42
    endloop
  endfacet
  facet normal 0 0 -1
    outer loop
      vertex 11.780425178455378 6.900053285055464 42
      vertex 11.919377404548246 6.954438138018016 42
      vertex 11.298447288305418 0.6 42
    endloop
  endfacet
  facet normal 0 0 -1
    outer loop
      vertex 11.919377404548246 6.954438138018016 42
      vertex 12.056087364203131 7.014236301025596 42
      vertex 11.298447288305418 0.6 42
    endloop
  endfacet
  facet normal 0 0 -1
    outer loop
      vertex 12.056087364203131 7.014236301025596 42
      vertex 12.190344260571182 7.079355569645108 42
      vertex 11.298447288305418 0.6 42
    endloop
  endfacet
  facet normal 0 0 -1
    outer loop
      vertex 12.190344260571182 7.079355569645108 42
      vertex 12.321941079249333 7.149695534684275 42
      vertex 11.298447288305418 0.6 42
    endloop
  endfacet
  facet normal 0 0 -1
    outer loop
      vertex 12.321941079249333 7.149695534684275 42
      vertex 12.45067490748151 7.225147737015354 42
      vertex 11.298447288305418 0.6 42
    endloop
  endfacet
  facet normal 0 0 -1
    outer loop
      vertex 15.273144832406054 0.6 42
      vertex 11.298447288305418 0.6 42
      vertex 15.57932228780375 5.424962904695431 42
    endloop
  endfacet
  facet normal 0 0 -1
    outer loop
      vertex 14.950938247144222 5.791542410850525 42
      vertex 11.298447288305418 0.6 42
      vertex 14.874921676002904 5.828413093924474 42
    endloop
  endfacet
  facet normal 0 0 -1
    outer loop
      vertex 14.950938247144222 5.791542410850525 42
      vertex 15.176038071513176 5.671224042773247 42
      vertex 11.298447288305418 0.6 42
    endloop
  endfacet
  facet normal 0 0 -1
    outer loop
      vertex 15.176038071513176 5.671224042773247 42
      vertex 15.396240673959255 5.5421610698103905 42
      vertex 11.298447288305418 0.6 42
    endloop
  endfacet
  facet normal 0 0 -1
    outer loop
      vertex 15.396240673959255 5.5421610698103905 42
      vertex 15.57932228780375 5.424962904695431 42
      vertex 11.298447288305418 0.6 42
    endloop
  endfacet
  facet normal 0 0 -1
    outer loop
      vertex 9.720156427087518 5.64039004609023 42
      vertex 10.167035797795092 6.676894493375017 42
      vertex 10.312673328880484 5.134536048082763 42
    endloop
  endfacet
  facet normal 0 0 -1
    outer loop
      vertex 10.315993061676444 6.6681100238461575 42
      vertex 10.312673328880484 5.134536048082763 42
      vertex 10.167035797795092 6.676894493375017 42
    endloop
  endfacet
  facet normal 0 0 -1
    outer loop
      vertex 10.315993061676444 6.6681100238461575 42
      vertex 10.465180361560904 6.665180361560903 42
      vertex 10.312673328880484 5.134536048082763 42
    endloop
  endfacet
  facet normal 0 0 -1
    outer loop
      vertex 10.465180361560904 6.665180361560903 42
      vertex 10.614367661445367 6.668110023846158 42
      vertex 10.312673328880484 5.134536048082763 42
    endloop
  endfacet
  facet normal 0 0 -1
    outer loop
      vertex 10.614367661445367 6.668110023846158 42
      vertex 10.763324925326716 6.676894493375018 42
      vertex 10.312673328880484 5.134536048082763 42
    endloop
  endfacet
  facet normal 0 0 -1
    outer loop
      vertex 10.930638078905476 4.239673498485252 42
      vertex 10.312673328880484 5.134536048082763 42
      vertex 10.911822471900688 6.691520225132185 42
    endloop
  endfacet
  facet normal 0 0 -1
    outer loop
      vertex 10.911822471900688 6.691520225132185 42
      vertex 11.059631328713783 6.711964667299382 42
      vertex 11.004822642848021 3.094291016315348 42
    endloop
  endfacet
  facet normal 0 0 -1
    outer loop
      vertex 10.763324925326716 6.676894493375018 42
      vertex 10.911822471900688 6.691520225132185 42
      vertex 10.312673328880484 5.134536048082763 42
    endloop
  endfacet
  facet normal 0 0 -1
    outer loop
      vertex 12.45067490748151 7.225147737015354 42
      vertex 12.576347247035393 7.305595834811232 42
      vertex 11.298447288305418 0.6 42
    endloop
  endfacet
  facet normal 0 0 -1
    outer loop
      vertex 12.576347247035393 7.305595834811232 42
      vertex 12.698764320272304 7.390915782936105 42
      vertex 11.298447288305418 0.6 42
    endloop
  endfacet
  facet normal 0 0 -1
    outer loop
      vertex 12.817737368938275 7.4809760242140735 42
      vertex 11.298447288305418 0.6 42
      vertex 12.698764320272304 7.390915782936105 42
    endloop
  endfacet
  facet normal 0 0 -1
    outer loop
      vertex 12.817737368938275 7.4809760242140735 42
      vertex 12.933082945215602 7.575637692280786 42
      vertex 11.298447288305418 0.6 42
    endloop
  endfacet
  facet normal 0 0 -1
    outer loop
      vertex 12.933082945215602 7.575637692280786 42
      vertex 13.044623194586084 7.6747548257053 42
      vertex 11.298447288305418 0.6 42
    endloop
  endfacet
  facet normal 0 0 -1
    outer loop
      vertex 13.044623194586084 7.6747548257053 42
      vertex 13.152186130069785 7.778174593052023 42
      vertex 11.298447288305418 0.6 42
    endloop
  endfacet
  facet normal 0 0 -1
    outer loop
      vertex 13.152186130069785 7.778174593052023 42
      vertex 13.25560589741651 7.885737528535726 42
      vertex 11.298447288305418 0.6 42
    endloop
  endfacet
  facet normal 0 0 -1
    outer loop
      vertex 13.25560589741651 7.885737528535726 42
      vertex 13.354723030841024 7.997277777906207 42
      vertex 11.298447288305418 0.6 42
    endloop
  endfacet
  facet normal 0 0 -1
    outer loop
      vertex 13.354723030841024 7.997277777906207 42
      vertex 13.449384698907735 8.112623354183533 42
      vertex 11.298447288305418 0.6 42
    endloop
  endfacet
  facet normal 0 0 -1
    outer loop
      vertex 13.539444940185705 8.231596402849506 42
      vertex 11.298447288305418 0.6 42
      vertex 13.449384698907735 8.112623354183533 42
    endloop
  endfacet
  facet normal 0 0 -1
    outer loop
      vertex 13.539444940185705 8.231596402849506 42
      vertex 13.624764888310576 8.354013476086415 42
      vertex 11.298447288305418 0.6 42
    endloop
  endfacet
  facet normal 0 0 -1
    outer loop
      vertex 13.624764888310576 8.354013476086415 42
      vertex 13.705212986106456 8.479685815640298 42
      vertex 11.298447288305418 0.6 42
    endloop
  endfacet
  facet normal 0 0 -1
    outer loop
      vertex 13.705212986106456 8.479685815640298 42
      vertex 13.780665188437533 8.608419643872475 42
      vertex 11.298447288305418 0.6 42
    endloop
  endfacet
  facet normal 0 0 -1
    outer loop
      vertex 13.780665188437533 8.608419643872475 42
      vertex 13.851005153476702 8.740016462550628 42
      vertex 11.298447288305418 0.6 42
    endloop
  endfacet
  facet normal 0 0 -1
    outer loop
      vertex 13.851005153476702 8.740016462550628 42
      vertex 13.916124422096214 8.874273358918678 42
      vertex 11.298447288305418 0.6 42
    endloop
  endfacet
  facet normal 0 0 -1
    outer loop
      vertex 13.916124422096214 8.874273358918678 42
      vertex 13.975922585103795 9.010983318573565 42
      vertex 11.298447288305418 0.6 42
    endloop
  endfacet
  facet normal 0 0 -1
    outer loop
      vertex 14.874921676002904 5.828413093924474 42
      vertex 11.298447288305418 0.6 42
      vertex 14.079195123482489 9.290915782936104 42
    endloop
  endfacet
  facet normal 0 0 -1
    outer loop
      vertex 13.975922585103795 9.010983318573565 42
      vertex 14.030307438066345 9.14993554466643 42
      vertex 11.298447288305418 0.6 42
    endloop
  endfacet
  facet normal 0 0 -1
    outer loop
      vertex 14.030307438066345 9.14993554466643 42
      vertex 14.079195123482489 9.290915782936104 42
      vertex 11.298447288305418 0.6 42
    endloop
  endfacet
  facet normal 0 0 -1
    outer loop
      vertex 14.874921676002904 5.828413093924474 42
      vertex 14.079195123482489 9.290915782936104 42
      vertex 14.99066376115481 5.939696961966999 42
    endloop
  endfacet
  facet normal 0 0 -1
    outer loop
      vertex 15.164844421949294 6.120855590150076 42
      vertex 14.99066376115481 5.939696961966999 42
      vertex 14.079195123482489 9.290915782936104 42
    endloop
  endfacet
  facet normal 0 0 -1
    outer loop
      vertex 15.164844421949294 6.120855590150076 42
      vertex 14.079195123482489 9.290915782936104 42
      vertex 15.272360505172644 6.241847494573982 42
    endloop
  endfacet
  facet normal 0 0 -1
    outer loop
      vertex 14.218396055822426 9.870729394408025 42
      vertex 15.480157042720988 5.710931441778634 42
      vertex 15.272360505172644 6.241847494573982 42
    endloop
  endfacet
  facet normal 0 0 -1
    outer loop
      vertex 14.122510260084763 9.43370665207362 42
      vertex 15.272360505172644 6.241847494573982 42
      vertex 14.079195123482489 9.290915782936104 42
    endloop
  endfacet
  facet normal 0 0 -1
    outer loop
      vertex 14.122510260084763 9.43370665207362 42
      vertex 14.160186059072075 9.578087978908464 42
      vertex 15.272360505172644 6.241847494573982 42
    endloop
  endfacet
  facet normal 0 0 -1
    outer loop
      vertex 14.160186059072075 9.578087978908464 42
      vertex 14.19216442709318 9.723837137899617 42
      vertex 15.272360505172644 6.241847494573982 42
    endloop
  endfacet
  facet normal 0 0 -1
    outer loop
      vertex 14.218396055822426 9.870729394408025 42
      vertex 14.238840497989624 10.01853825122112 42
      vertex 15.480157042720988 5.710931441778634 42
    endloop
  endfacet
  facet normal 0 0 -1
    outer loop
      vertex 14.19216442709318 9.723837137899617 42
      vertex 14.218396055822426 9.870729394408025 42
      vertex 15.272360505172644 6.241847494573982 42
    endloop
  endfacet
  facet normal 0 0 -1
    outer loop
      vertex 14.238840497989624 10.01853825122112 42
      vertex 14.253466229746792 10.167035797795094 42
      vertex 15.480157042720988 5.710931441778634 42
    endloop
  endfacet
  facet normal 0 0 -1
    outer loop
      vertex 14.253466229746792 10.167035797795094 42
      vertex 14.262250699275654 10.315993061676444 42
      vertex 15.57932228780375 5.424962904695431 42
    endloop
  endfacet
  facet normal 0 0 -1
    outer loop
      vertex 15.273144832406054 0.6 42
      vertex 15.57932228780375 5.424962904695431 42
      vertex 16.489882468130954 0.6 42
    endloop
  endfacet
  facet normal 0 0 -1
    outer loop
      vertex 19.753766811902757 3.1286893008046173 42
      vertex 19.861369139098525 2.350747949156753 42
      vertex 16.489882468130954 0.6 42
    endloop
  endfacet
  facet normal 0 0 -1
    outer loop
      vertex 19.8333044482741 0.6 42
      vertex 16.489882468130954 0.6 42
      vertex 19.984580724814457 0.7851963151813722 42
    endloop
  endfacet
  facet normal 0 0 -1
    outer loop
      vertex 19.984580724814457 0.7851963151813722 42
      vertex 16.489882468130954 0.6 42
      vertex 19.938346674662558 1.5691819145568988 42
    endloop
  endfacet
  facet normal 0 0 -1
    outer loop
      vertex 19.8333044482741 0.6 42
      vertex 19.984580724814457 0.7851963151813722 42
      vertex 19.9852340001396 0.7519295518654995 42
    endloop
  endfacet
  facet normal 0 0 -1
    outer loop
      vertex 19.938346674662558 1.5691819145568988 42
      vertex 16.489882468130954 0.6 42
      vertex 19.861369139098525 2.350747949156753 42
    endloop
  endfacet
  facet normal 0 0 -1
    outer loop
      vertex 19.753766811902757 3.1286893008046173 42
      vertex 16.489882468130954 0.6 42
      vertex 19.61570560806461 3.9018064403225647 42
    endloop
  endfacet
  facet normal 0 0 -1
    outer loop
      vertex 19.61570560806461 3.9018064403225647 42
      vertex 16.489882468130954 0.6 42
      vertex 19.447398407953532 4.668907277118108 42
    endloop
  endfacet
  facet normal 0 0 -1
    outer loop
      vertex 19.447398407953532 4.668907277118108 42
      vertex 16.489882468130954 0.6 42
      vertex 19.249104729072947 5.428808997301485 42
    endloop
  endfacet
  facet normal 0 0 -1
    outer loop
      vertex 18.763826718449682 6.922341141549859 42
      vertex 19.02113032590307 6.180339887498948 42
      vertex 16.489882468130954 0.6 42
    endloop
  endfacet
  facet normal 0 0 -1
    outer loop
      vertex 19.249104729072947 5.428808997301485 42
      vertex 16.489882468130954 0.6 42
      vertex 19.02113032590307 6.180339887498948 42
    endloop
  endfacet
  facet normal 0 0 -1
    outer loop
      vertex 15.57932228780375 5.424962904695431 42
      vertex 16.629392246050905 11.111404660392047 42
      vertex 16.489882468130954 0.6 42
    endloop
  endfacet
  facet normal 0 0 -1
    outer loop
      vertex 14.253466229746792 10.167035797795094 42
      vertex 15.57932228780375 5.424962904695431 42
      vertex 15.480157042720988 5.710931441778634 42
    endloop
  endfacet
  facet normal 0 0 -1
    outer loop
      vertex 16.629392246050905 11.111404660392047 42
      vertex 17.052803287081844 10.449971294318976 42
      vertex 16.489882468130954 0.6 42
    endloop
  endfacet
  facet normal 0 0 -1
    outer loop
      vertex 17.820130483767358 9.079809994790935 42
      vertex 16.489882468130954 0.6 42
      vertex 17.449920141455944 9.772424829939098 42
    endloop
  endfacet
  facet normal 0 0 -1
    outer loop
      vertex 17.052803287081844 10.449971294318976 42
      vertex 17.449920141455944 9.772424829939098 42
      vertex 16.489882468130954 0.6 42
    endloop
  endfacet
  facet normal 0 0 -1
    outer loop
      vertex 14.262250699275654 10.315993061676444 42
      vertex 16.629392246050905 11.111404660392047 42
      vertex 15.57932228780375 5.424962904695431 42
    endloop
  endfacet
  facet normal 0 0 -1
    outer loop
      vertex 18.162863476501624 8.373194750748562 42
      vertex 18.477590650225736 7.653668647301796 42
      vertex 16.489882468130954 0.6 42
    endloop
  endfacet
  facet normal 0 0 -1
    outer loop
      vertex 18.763826718449682 6.922341141549859 42
      vertex 16.489882468130954 0.6 42
      vertex 18.477590650225736 7.653668647301796 42
    endloop
  endfacet
  facet normal 0 0 -1
    outer loop
      vertex 17.820130483767358 9.079809994790935 42
      vertex 18.162863476501624 8.373194750748562 42
      vertex 16.489882468130954 0.6 42
    endloop
  endfacet
  facet normal 0 0 -1
    outer loop
      vertex 10.763324925326716 14.25346622974679 42
      vertex 11.755705045849465 16.180339887498953 42
      vertex 10.911822471900688 14.238840497989624 42
    endloop
  endfacet
  facet normal 0 0 -1
    outer loop
      vertex 10.911822471900688 14.238840497989624 42
      vertex 11.755705045849465 16.180339887498953 42
      vertex 11.059631328713781 14.218396055822428 42
    endloop
  endfacet
  facet normal 0 0 -1
    outer loop
      vertex 11.059631328713781 14.218396055822428 42
      vertex 11.755705045849465 16.180339887498953 42
      vertex 11.206523585222191 14.19216442709318 42
    endloop
  endfacet
  facet normal 0 0 -1
    outer loop
      vertex 11.352272744213344 14.160186059072075 42
      vertex 11.206523585222191 14.19216442709318 42
      vertex 11.755705045849465 16.180339887498953 42
    endloop
  endfacet
  facet normal 0 0 -1
    outer loop
      vertex 11.352272744213344 14.160186059072075 42
      vertex 12.38187898619668 15.706338617614898 42
      vertex 11.496654071048187 14.122510260084766 42
    endloop
  endfacet
  facet normal 0 0 -1
    outer loop
      vertex 11.496654071048187 14.122510260084766 42
      vertex 12.38187898619668 15.706338617614898 42
      vertex 11.639444940185705 14.079195123482489 42
    endloop
  endfacet
  facet normal 0 0 -1
    outer loop
      vertex 12.056087364203133 13.916124422096214 42
      vertex 12.988960966603674 15.208119312000619 42
      vertex 12.190344260571184 13.851005153476702 42
    endloop
  endfacet
  facet normal 0 0 -1
    outer loop
      vertex 11.639444940185705 14.079195123482489 42
      vertex 12.38187898619668 15.706338617614898 42
      vertex 11.780425178455378 14.030307438066345 42
    endloop
  endfacet
  facet normal 0 0 -1
    outer loop
      vertex 11.780425178455378 14.030307438066345 42
      vertex 12.38187898619668 15.706338617614898 42
      vertex 11.919377404548245 13.975922585103794 42
    endloop
  endfacet
  facet normal 0 0 -1
    outer loop
      vertex 11.919377404548245 13.975922585103794 42
      vertex 12.988960966603674 15.208119312000619 42
      vertex 12.056087364203133 13.916124422096214 42
    endloop
  endfacet
  facet normal 0 0 -1
    outer loop
      vertex 11.919377404548245 13.975922585103794 42
      vertex 12.38187898619668 15.706338617614898 42
      vertex 12.988960966603674 15.208119312000619 42
    endloop
  endfacet
  facet normal 0 0 -1
    outer loop
      vertex 13.851005153476702 12.190344260571184 42
      vertex 15.208119312000619 12.988960966603674 42
      vertex 13.916124422096214 12.056087364203133 42
    endloop
  endfacet
  facet normal 0 0 -1
    outer loop
      vertex 14.122510260084766 11.496654071048187 42
      vertex 14.079195123482489 11.639444940185705 42
      vertex 15.706338617614898 12.38187898619668 42
    endloop
  endfacet
  facet normal 0 0 -1
    outer loop
      vertex 14.160186059072075 11.352272744213344 42
      vertex 14.122510260084766 11.496654071048187 42
      vertex 16.180339887498953 11.755705045849465 42
    endloop
  endfacet
  facet normal 0 0 -1
    outer loop
      vertex 14.218396055822428 11.059631328713781 42
      vertex 16.180339887498953 11.755705045849465 42
      vertex 14.238840497989624 10.911822471900688 42
    endloop
  endfacet
  facet normal 0 0 -1
    outer loop
      vertex 14.218396055822428 11.059631328713781 42
      vertex 14.19216442709318 11.206523585222191 42
      vertex 16.180339887498953 11.755705045849465 42
    endloop
  endfacet
  facet normal 0 0 -1
    outer loop
      vertex 14.19216442709318 11.206523585222191 42
      vertex 14.160186059072075 11.352272744213344 42
      vertex 16.180339887498953 11.755705045849465 42
    endloop
  endfacet
  facet normal 0 0 -1
    outer loop
      vertex 14.079195123482489 11.639444940185705 42
      vertex 14.030307438066345 11.780425178455378 42
      vertex 15.706338617614898 12.38187898619668 42
    endloop
  endfacet
  facet normal 0 0 -1
    outer loop
      vertex 13.975922585103794 11.919377404548245 42
      vertex 15.706338617614898 12.38187898619668 42
      vertex 14.030307438066345 11.780425178455378 42
    endloop
  endfacet
  facet normal 0 0 -1
    outer loop
      vertex 13.975922585103794 11.919377404548245 42
      vertex 13.916124422096214 12.056087364203133 42
      vertex 15.706338617614898 12.38187898619668 42
    endloop
  endfacet
  facet normal 0 0 -1
    outer loop
      vertex 13.916124422096214 12.056087364203133 42
      vertex 15.208119312000619 12.988960966603674 42
      vertex 15.706338617614898 12.38187898619668 42
    endloop
  endfacet
  facet normal 0 0 -1
    outer loop
      vertex 13.152186130069786 13.152186130069786 42
      vertex 13.044623194586082 13.25560589741651 42
      vertex 13.576014910658834 14.68645018871371 42
    endloop
  endfacet
  facet normal 0 0 -1
    outer loop
      vertex 13.25560589741651 13.044623194586082 42
      vertex 13.576014910658834 14.68645018871371 42
      vertex 13.35472303084102 12.9330829452156 42
    endloop
  endfacet
  facet normal 0 0 -1
    outer loop
      vertex 13.152186130069786 13.152186130069786 42
      vertex 13.576014910658834 14.68645018871371 42
      vertex 13.25560589741651 13.044623194586082 42
    endloop
  endfacet
  facet normal 0 0 -1
    outer loop
      vertex 13.539444940185705 12.698764320272302 42
      vertex 13.576014910658834 14.68645018871371 42
      vertex 13.624764888310576 12.576347247035393 42
    endloop
  endfacet
  facet normal 0 0 -1
    outer loop
      vertex 13.449384698907735 12.817737368938275 42
      vertex 13.576014910658834 14.68645018871371 42
      vertex 13.539444940185705 12.698764320272302 42
    endloop
  endfacet
  facet normal 0 0 -1
    outer loop
      vertex 13.705212986106455 12.450674907481512 42
      vertex 13.624764888310576 12.576347247035393 42
      vertex 13.576014910658834 14.68645018871371 42
    endloop
  endfacet
  facet normal 0 0 -1
    outer loop
      vertex 13.705212986106455 12.450674907481512 42
      vertex 13.576014910658834 14.68645018871371 42
      vertex 13.780665188437533 12.321941079249333 42
    endloop
  endfacet
  facet normal 0 0 -1
    outer loop
      vertex 13.35472303084102 12.9330829452156 42
      vertex 13.576014910658834 14.68645018871371 42
      vertex 13.449384698907735 12.817737368938275 42
    endloop
  endfacet
  facet normal 0 0 -1
    outer loop
      vertex 12.190344260571184 13.851005153476702 42
      vertex 12.988960966603674 15.208119312000619 42
      vertex 12.321941079249333 13.780665188437533 42
    endloop
  endfacet
  facet normal 0 0 -1
    outer loop
      vertex 12.321941079249333 13.780665188437533 42
      vertex 13.576014910658834 14.68645018871371 42
      vertex 12.450674907481512 13.705212986106455 42
    endloop
  endfacet
  facet normal 0 0 -1
    outer loop
      vertex 12.576347247035393 13.624764888310576 42
      vertex 12.450674907481512 13.705212986106455 42
      vertex 13.576014910658834 14.68645018871371 42
    endloop
  endfacet
  facet normal 0 0 -1
    outer loop
      vertex 12.576347247035393 13.624764888310576 42
      vertex 13.576014910658834 14.68645018871371 42
      vertex 12.698764320272302 13.539444940185705 42
    endloop
  endfacet
  facet normal 0 0 -1
    outer loop
      vertex 12.698764320272302 13.539444940185705 42
      vertex 13.576014910658834 14.68645018871371 42
      vertex 12.817737368938275 13.449384698907735 42
    endloop
  endfacet
  facet normal 0 0 -1
    outer loop
      vertex 12.817737368938275 13.449384698907735 42
      vertex 13.576014910658834 14.68645018871371 42
      vertex 12.9330829452156 13.35472303084102 42
    endloop
  endfacet
  facet normal 0 0 -1
    outer loop
      vertex 12.321941079249333 13.780665188437533 42
      vertex 12.988960966603674 15.208119312000619 42
      vertex 13.576014910658834 14.68645018871371 42
    endloop
  endfacet
  facet normal 0 0 -1
    outer loop
      vertex 12.9330829452156 13.35472303084102 42
      vertex 13.576014910658834 14.68645018871371 42
      vertex 13.044623194586082 13.25560589741651 42
    endloop
  endfacet
  facet normal 0 0 -1
    outer loop
      vertex 13.851005153476702 12.190344260571184 42
      vertex 13.780665188437533 12.321941079249333 42
      vertex 15.208119312000619 12.988960966603674 42
    endloop
  endfacet
  facet normal 0 0 -1
    outer loop
      vertex 13.576014910658834 14.68645018871371 42
      vertex 14.142135623730951 14.142135623730951 42
      vertex 13.780665188437533 12.321941079249333 42
    endloop
  endfacet
  facet normal 0 0 -1
    outer loop
      vertex 14.142135623730951 14.142135623730951 42
      vertex 14.68645018871371 13.576014910658834 42
      vertex 13.780665188437533 12.321941079249333 42
    endloop
  endfacet
  facet normal 0 0 -1
    outer loop
      vertex 14.68645018871371 13.576014910658834 42
      vertex 15.208119312000619 12.988960966603674 42
      vertex 13.780665188437533 12.321941079249333 42
    endloop
  endfacet
  facet normal 0 0 -1
    outer loop
      vertex 9.723837137899617 14.19216442709318 42
      vertex 10.449971294318976 17.052803287081844 42
      vertex 9.870729394408025 14.218396055822426 42
    endloop
  endfacet
  facet normal 0 0 -1
    outer loop
      vertex 9.870729394408025 14.218396055822426 42
      vertex 10.449971294318976 17.052803287081844 42
      vertex 10.01853825122112 14.238840497989624 42
    endloop
  endfacet
  facet normal 0 0 -1
    outer loop
      vertex 10.01853825122112 14.238840497989624 42
      vertex 10.449971294318976 17.052803287081844 42
      vertex 10.167035797795094 14.253466229746792 42
    endloop
  endfacet
  facet normal 0 0 -1
    outer loop
      vertex 10.167035797795094 14.253466229746792 42
      vertex 10.449971294318976 17.052803287081844 42
      vertex 10.315993061676444 14.262250699275654 42
    endloop
  endfacet
  facet normal 0 0 -1
    outer loop
      vertex 10.315993061676444 14.262250699275654 42
      vertex 10.449971294318976 17.052803287081844 42
      vertex 10.465180361560902 14.265180361560903 42
    endloop
  endfacet
  facet normal 0 0 -1
    outer loop
      vertex 10.465180361560902 14.265180361560903 42
      vertex 11.111404660392047 16.629392246050905 42
      vertex 10.614367661445364 14.26225069927565 42
    endloop
  endfacet
  facet normal 0 0 -1
    outer loop
      vertex 10.614367661445364 14.26225069927565 42
      vertex 11.111404660392047 16.629392246050905 42
      vertex 10.763324925326716 14.25346622974679 42
    endloop
  endfacet
  facet normal 0 0 -1
    outer loop
      vertex 10.449971294318976 17.052803287081844 42
      vertex 11.111404660392047 16.629392246050905 42
      vertex 10.465180361560902 14.265180361560903 42
    endloop
  endfacet
  facet normal 0 0 -1
    outer loop
      vertex 10.763324925326716 14.25346622974679 42
      vertex 11.111404660392047 16.629392246050905 42
      vertex 11.755705045849465 16.180339887498953 42
    endloop
  endfacet
  facet normal 0 0 -1
    outer loop
      vertex 11.352272744213344 14.160186059072075 42
      vertex 11.755705045849465 16.180339887498953 42
      vertex 12.38187898619668 15.706338617614898 42
    endloop
  endfacet
  facet normal 0 0 -1
    outer loop
      vertex 14.262250699275654 10.315993061676444 42
      vertex 14.265180361560903 10.465180361560902 42
      vertex 16.629392246050905 11.111404660392047 42
    endloop
  endfacet
  facet normal 0 0 -1
    outer loop
      vertex 14.265180361560903 10.465180361560902 42
      vertex 14.26225069927565 10.614367661445364 42
      vertex 16.629392246050905 11.111404660392047 42
    endloop
  endfacet
  facet normal 0 0 -1
    outer loop
      vertex 14.26225069927565 10.614367661445364 42
      vertex 14.25346622974679 10.763324925326716 42
      vertex 16.629392246050905 11.111404660392047 42
    endloop
  endfacet
  facet normal 0 0 -1
    outer loop
      vertex 14.25346622974679 10.763324925326716 42
      vertex 14.238840497989624 10.911822471900688 42
      vertex 16.629392246050905 11.111404660392047 42
    endloop
  endfacet
  facet normal 0 0 -1
    outer loop
      vertex 14.122510260084766 11.496654071048187 42
      vertex 15.706338617614898 12.38187898619668 42
      vertex 16.180339887498953 11.755705045849465 42
    endloop
  endfacet
  facet normal 0 0 -1
    outer loop
      vertex 14.238840497989624 10.911822471900688 42
      vertex 16.180339887498953 11.755705045849465 42
      vertex 16.629392246050905 11.111404660392047 42
    endloop
  endfacet
  facet normal 0 0 1
    outer loop
      vertex -13.576014910658834 -14.68645018871371 42
      vertex -13.705212986106455 -12.450674907481512 42
      vertex -14.142135623730951 -14.142135623730951 42
    endloop
  endfacet
  facet normal 0 0 1
    outer loop
      vertex -12.988960966603674 -15.208119312000619 42
      vertex -13.152186130069786 -13.152186130069786 42
      vertex -13.576014910658834 -14.68645018871371 42
    endloop
  endfacet
  facet normal 0 0 1
    outer loop
      vertex -13.576014910658834 -14.68645018871371 42
      vertex -13.35472303084102 -12.9330829452156 42
      vertex -13.449384698907735 -12.817737368938275 42
    endloop
  endfacet
  facet normal 0 0 1
    outer loop
      vertex -13.576014910658834 -14.68645018871371 42
      vertex -13.539444940185705 -12.698764320272302 42
      vertex -13.624764888310576 -12.576347247035393 42
    endloop
  endfacet
  facet normal 0 0 1
    outer loop
      vertex -13.576014910658834 -14.68645018871371 42
      vertex -13.624764888310576 -12.576347247035393 42
      vertex -13.705212986106455 -12.450674907481512 42
    endloop
  endfacet
  facet normal 0 0 1
    outer loop
      vertex -13.576014910658834 -14.68645018871371 42
      vertex -13.449384698907735 -12.817737368938275 42
      vertex -13.539444940185705 -12.698764320272302 42
    endloop
  endfacet
  facet normal 0 0 1
    outer loop
      vertex -13.576014910658834 -14.68645018871371 42
      vertex -13.152186130069786 -13.152186130069786 42
      vertex -13.25560589741651 -13.044623194586082 42
    endloop
  endfacet
  facet normal 0 0 1
    outer loop
      vertex -13.576014910658834 -14.68645018871371 42
      vertex -13.25560589741651 -13.044623194586082 42
      vertex -13.35472303084102 -12.9330829452156 42
    endloop
  endfacet
  facet normal 0 0 1
    outer loop
      vertex -17.449920141455944 -9.772424829939098 42
      vertex -19.45941724751234 -4.092622089284872 42
      vertex -17.820130483767358 -9.079809994790935 42
    endloop
  endfacet
  facet normal 0 0 1
    outer loop
      vertex -17.052803287081844 -10.449971294318976 42
      vertex -19.45941724751234 -4.092622089284872 42
      vertex -17.449920141455944 -9.772424829939098 42
    endloop
  endfacet
  facet normal 0 0 1
    outer loop
      vertex -19.02113032590307 -6.180339887498948 42
      vertex -18.763826718449682 -6.922341141549859 42
      vertex -19.45941724751234 -4.092622089284872 42
    endloop
  endfacet
  facet normal 0 0 1
    outer loop
      vertex -18.477590650225736 -7.653668647301796 42
      vertex -19.45941724751234 -4.092622089284872 42
      vertex -18.763826718449682 -6.922341141549859 42
    endloop
  endfacet
  facet normal 0 0 1
    outer loop
      vertex -19.02113032590307 -6.180339887498948 42
      vertex -19.45941724751234 -4.092622089284872 42
      vertex -19.249104729072947 -5.428808997301485 42
    endloop
  endfacet
  facet normal 0 0 1
    outer loop
      vertex -19.45941724751234 -4.092622089284872 42
      vertex -17.89234281968015 -7.67347280952157 42
      vertex -18.996724118615365 -3.913654034447933 42
    endloop
  endfacet
  facet normal 0 0 1
    outer loop
      vertex -18.162863476501624 -8.373194750748562 42
      vertex -17.820130483767358 -9.079809994790935 42
      vertex -19.45941724751234 -4.092622089284872 42
    endloop
  endfacet
  facet normal 0 0 1
    outer loop
      vertex -19.45941724751234 -4.092622089284872 42
      vertex -17.052803287081844 -10.449971294318976 42
      vertex -17.89234281968015 -7.67347280952157 42
    endloop
  endfacet
  facet normal 0 0 1
    outer loop
      vertex -18.477590650225736 -7.653668647301796 42
      vertex -18.162863476501624 -8.373194750748562 42
      vertex -19.45941724751234 -4.092622089284872 42
    endloop
  endfacet
  facet normal 0 0 1
    outer loop
      vertex -15.692432518870033 -5.098780407186632 42
      vertex -15.88051140148518 -4.478767422773726 42
      vertex -15.855573118092522 -5.610345109441506 42
    endloop
  endfacet
  facet normal 0 0 1
    outer loop
      vertex -19.249104729072947 -5.428808997301485 42
      vertex -19.45941724751234 -4.092622089284872 42
      vertex -19.447398407953532 -4.668907277118108 42
    endloop
  endfacet
  facet normal 0 0 1
    outer loop
      vertex -19.61570560806461 -3.9018064403225647 42
      vertex -19.523142940078028 -4.117270960273742 42
      vertex -19.967863088021264 -0.9 42
    endloop
  endfacet
  facet normal 0 0 1
    outer loop
      vertex -19.61570560806461 -3.9018064403225647 42
      vertex -19.967863088021264 -0.9 42
      vertex -19.753766811902757 -3.1286893008046173 42
    endloop
  endfacet
  facet normal 0 0 1
    outer loop
      vertex -19.753766811902757 -3.1286893008046173 42
      vertex -19.9737625750462 -0.9 42
      vertex -19.861369139098525 -2.350747949156753 42
    endloop
  endfacet
  facet normal 0 0 1
    outer loop
      vertex -19.753766811902757 -3.1286893008046173 42
      vertex -19.967863088021264 -0.9 42
      vertex -19.9737625750462 -0.9 42
    endloop
  endfacet
  facet normal 0 0 1
    outer loop
      vertex -19.861369139098525 -2.350747949156753 42
      vertex -19.9737625750462 -0.9 42
      vertex -19.938346674662558 -1.5691819145568988 42
    endloop
  endfacet
  facet normal 0 0 1
    outer loop
      vertex -16.385629539756284 -1.9393670580543212 42
      vertex -16.479348169048038 -2.9399419802806577 42
      vertex -16.50055545489746 -6.2636742138991135 42
    endloop
  endfacet
  facet normal 0 0 1
    outer loop
      vertex -16.29685761981977 -2.5811686731638095 42
      vertex -16.385629539756284 -1.9393670580543212 42
      vertex -16.50055545489746 -6.2636742138991135 42
    endloop
  endfacet
  facet normal 0 0 1
    outer loop
      vertex -16.29685761981977 -2.5811686731638095 42
      vertex -16.50055545489746 -6.2636742138991135 42
      vertex -15.855573118092522 -5.610345109441506 42
    endloop
  endfacet
  facet normal 0 0 1
    outer loop
      vertex -15.88051140148518 -4.478767422773726 42
      vertex -16.044103686561662 -3.851848503622439 42
      vertex -15.855573118092522 -5.610345109441506 42
    endloop
  endfacet
  facet normal 0 0 1
    outer loop
      vertex -16.044103686561662 -3.851848503622439 42
      vertex -16.182957126653303 -3.218990313266116 42
      vertex -15.855573118092522 -5.610345109441506 42
    endloop
  endfacet
  facet normal 0 0 1
    outer loop
      vertex -16.182957126653303 -3.218990313266116 42
      vertex -16.29685761981977 -2.5811686731638095 42
      vertex -15.855573118092522 -5.610345109441506 42
    endloop
  endfacet
  facet normal 0 0 1
    outer loop
      vertex -16.44913600659661 -1.2945750795094415 42
      vertex -16.518616625534374 -2.9551308794341047 42
      vertex -16.479348169048038 -2.9399419802806577 42
    endloop
  endfacet
  facet normal 0 0 1
    outer loop
      vertex -16.385629539756284 -1.9393670580543212 42
      vertex -16.44913600659661 -1.2945750795094415 42
      vertex -16.479348169048038 -2.9399419802806577 42
    endloop
  endfacet
  facet normal 0 0 1
    outer loop
      vertex -9.772424829939098 -17.449920141455944 42
      vertex -9.079809994790935 -17.820130483767358 42
      vertex -9.452000821438348 -15.206844484756813 42
    endloop
  endfacet
  facet normal 0 0 1
    outer loop
      vertex -9.772424829939098 -17.449920141455944 42
      vertex -9.452000821438348 -15.206844484756813 42
      vertex -9.707716822203954 -16.81425876154833 42
    endloop
  endfacet
  facet normal 0 0 1
    outer loop
      vertex -9.079809994790935 -17.820130483767358 42
      vertex -9.290915782936104 -14.079195123482489 42
      vertex -9.452000821438348 -15.206844484756813 42
    endloop
  endfacet
  facet normal 0 0 1
    outer loop
      vertex -9.079809994790935 -17.820130483767358 42
      vertex -9.14993554466643 -14.030307438066345 42
      vertex -9.290915782936104 -14.079195123482489 42
    endloop
  endfacet
  facet normal 0 0 1
    outer loop
      vertex -9.079809994790935 -17.820130483767358 42
      vertex -9.010983318573565 -13.975922585103795 42
      vertex -9.14993554466643 -14.030307438066345 42
    endloop
  endfacet
  facet normal 0 0 1
    outer loop
      vertex -6.180339887498948 -19.02113032590307 42
      vertex -5.428808997301485 -19.249104729072947 42
      vertex -6.21357809636523 -18.95053410474743 42
    endloop
  endfacet
  facet normal 0 0 1
    outer loop
      vertex -5.428808997301485 -19.249104729072947 42
      vertex -6.119951738612474 -17.428058687599812 42
      vertex -6.21357809636523 -18.95053410474743 42
    endloop
  endfacet
  facet normal 0 0 1
    outer loop
      vertex -19.794705503028748 2.8327114949407757 42
      vertex -14.156887853483651 8.470529144485871 42
      vertex -19.753766811902757 3.1286893008046173 42
    endloop
  endfacet
  facet normal 0 0 1
    outer loop
      vertex -16.219620124567804 3.0136843237062947 42
      vertex -18.00283457204633 1.230469876227769 42
      vertex -18.15722368370212 0.9 42
    endloop
  endfacet
  facet normal 0 0 1
    outer loop
      vertex -16.219620124567804 3.0136843237062947 42
      vertex -18.15722368370212 0.9 42
      vertex -17.74572008221724 1.271866041389055 42
    endloop
  endfacet
  facet normal 0 0 1
    outer loop
      vertex -16.29685761981977 2.5811686731638095 42
      vertex -17.74572008221724 1.271866041389055 42
      vertex -17.150163124423802 1.3677524078251049 42
    endloop
  endfacet
  facet normal 0 0 1
    outer loop
      vertex -16.385629539756284 1.9393670580543212 42
      vertex -16.29685761981977 2.5811686731638095 42
      vertex -17.150163124423802 1.3677524078251049 42
    endloop
  endfacet
  facet normal 0 0 1
    outer loop
      vertex -16.29685761981977 2.5811686731638095 42
      vertex -16.219620124567804 3.0136843237062947 42
      vertex -17.74572008221724 1.271866041389055 42
    endloop
  endfacet
  facet normal 0 0 1
    outer loop
      vertex -19.753766811902757 3.1286893008046173 42
      vertex -14.156887853483651 8.470529144485871 42
      vertex -19.61570560806461 3.9018064403225647 42
    endloop
  endfacet
  facet normal 0 0 1
    outer loop
      vertex -19.61570560806461 3.9018064403225647 42
      vertex -14.156887853483651 8.470529144485871 42
      vertex -19.447398407953532 4.668907277118108 42
    endloop
  endfacet
  facet normal 0 0 1
    outer loop
      vertex -19.447398407953532 4.668907277118108 42
      vertex -14.156887853483651 8.470529144485871 42
      vertex -19.249104729072947 5.428808997301485 42
    endloop
  endfacet
  facet normal 0 0 1
    outer loop
      vertex -19.249104729072947 5.428808997301485 42
      vertex -14.156887853483651 8.470529144485871 42
      vertex -19.02113032590307 6.180339887498948 42
    endloop
  endfacet
  facet normal 0 0 1
    outer loop
      vertex -19.02113032590307 6.180339887498948 42
      vertex -14.156887853483651 8.470529144485871 42
      vertex -18.763826718449682 6.922341141549859 42
    endloop
  endfacet
  facet normal 0 0 1
    outer loop
      vertex -18.763826718449682 6.922341141549859 42
      vertex -14.156887853483651 8.470529144485871 42
      vertex -18.477590650225736 7.653668647301796 42
    endloop
  endfacet
  facet normal 0 0 1
    outer loop
      vertex -18.477590650225736 7.653668647301796 42
      vertex -14.156887853483651 8.470529144485871 42
      vertex -18.162863476501624 8.373194750748562 42
    endloop
  endfacet
  facet normal 0 0 1
    outer loop
      vertex -18.162863476501624 8.373194750748562 42
      vertex -14.156887853483651 8.470529144485871 42
      vertex -17.820130483767358 9.079809994790935 42
    endloop
  endfacet
  facet normal 0 0 1
    outer loop
      vertex -13.449384698907735 12.817737368938275 42
      vertex -13.35472303084102 12.9330829452156 42
      vertex -13.576014910658834 14.68645018871371 42
    endloop
  endfacet
  facet normal 0 0 1
    outer loop
      vertex -13.152186130069786 13.152186130069786 42
      vertex -13.135378587855897 13.168346270155347 42
      vertex -13.26787151338976 13.85673228467507 42
    endloop
  endfacet
  facet normal 0 0 1
    outer loop
      vertex -13.35472303084102 12.9330829452156 42
      vertex -13.25560589741651 13.044623194586082 42
      vertex -13.576014910658834 14.68645018871371 42
    endloop
  endfacet
  facet normal 0 0 1
    outer loop
      vertex -13.576014910658834 14.68645018871371 42
      vertex -13.25560589741651 13.044623194586082 42
      vertex -13.152186130069786 13.152186130069786 42
    endloop
  endfacet
  facet normal 0 0 1
    outer loop
      vertex -13.449384698907735 12.817737368938275 42
      vertex -13.576014910658834 14.68645018871371 42
      vertex -13.651182979523279 14.614177484748307 42
    endloop
  endfacet
  facet normal 0 0 1
    outer loop
      vertex -13.576014910658834 14.68645018871371 42
      vertex -13.152186130069786 13.152186130069786 42
      vertex -13.26787151338976 13.85673228467507 42
    endloop
  endfacet
  facet normal 0 0 1
    outer loop
      vertex -10.01853825122112 14.238840497989624 42
      vertex -9.870729394408025 14.218396055822426 42
      vertex -10.449971294318976 17.052803287081844 42
    endloop
  endfacet
  facet normal 0 0 1
    outer loop
      vertex -9.723837137899617 14.19216442709318 42
      vertex -10.449971294318976 17.052803287081844 42
      vertex -9.870729394408025 14.218396055822426 42
    endloop
  endfacet
  facet normal 0 0 1
    outer loop
      vertex -8.740016462550628 13.851005153476702 42
      vertex -8.608419643872475 13.780665188437533 42
      vertex -8.621226317813155 14.068562711842521 42
    endloop
  endfacet
  facet normal 0 0 1
    outer loop
      vertex -8.608419643872475 13.780665188437533 42
      vertex -8.062250484699756 14.396184116701153 42
      vertex -8.621226317813155 14.068562711842521 42
    endloop
  endfacet
  facet normal 0 0 1
    outer loop
      vertex -8.608419643872475 13.780665188437533 42
      vertex -8.479685815640298 13.705212986106456 42
      vertex -8.062250484699756 14.396184116701153 42
    endloop
  endfacet
  facet normal 0 0 1
    outer loop
      vertex -8.479685815640298 13.705212986106456 42
      vertex -8.354013476086415 13.624764888310576 42
      vertex -8.062250484699756 14.396184116701153 42
    endloop
  endfacet
  facet normal 0 0 1
    outer loop
      vertex -8.354013476086415 13.624764888310576 42
      vertex -8.231596402849506 13.539444940185705 42
      vertex -7.490843245702521 14.70160764910807 42
    endloop
  endfacet
  facet normal 0 0 1
    outer loop
      vertex -8.354013476086415 13.624764888310576 42
      vertex -7.490843245702521 14.70160764910807 42
      vertex -8.062250484699756 14.396184116701153 42
    endloop
  endfacet
  facet normal 0 0 1
    outer loop
      vertex -8.231596402849506 13.539444940185705 42
      vertex -6.907885669367563 14.98436236811384 42
      vertex -7.490843245702521 14.70160764910807 42
    endloop
  endfacet
  facet normal 0 0 1
    outer loop
      vertex -6.907885669367563 14.98436236811384 42
      vertex -6.77692564862134 14.724655650483957 42
      vertex -6.314276634023981 15.24401228643623 42
    endloop
  endfacet
  facet normal 0 0 1
    outer loop
      vertex -9.723837137899617 14.19216442709318 42
      vertex -9.578087978908464 14.160186059072075 42
      vertex -10.449971294318976 17.052803287081844 42
    endloop
  endfacet
  facet normal 0 0 1
    outer loop
      vertex -9.578087978908464 14.160186059072075 42
      vertex -9.772424829939098 17.449920141455944 42
      vertex -10.449971294318976 17.052803287081844 42
    endloop
  endfacet
  facet normal 0 0 1
    outer loop
      vertex -9.010983318573565 13.975922585103795 42
      vertex -8.874273358918678 13.916124422096214 42
      vertex -9.772424829939098 17.449920141455944 42
    endloop
  endfacet
  facet normal 0 0 1
    outer loop
      vertex -8.874273358918678 13.916124422096214 42
      vertex -8.740016462550628 13.851005153476702 42
      vertex -9.772424829939098 17.449920141455944 42
    endloop
  endfacet
  facet normal 0 0 1
    outer loop
      vertex -8.740016462550628 13.851005153476702 42
      vertex -8.621226317813155 14.068562711842521 42
      vertex -9.772424829939098 17.449920141455944 42
    endloop
  endfacet
  facet normal 0 0 1
    outer loop
      vertex -8.621226317813155 14.068562711842521 42
      vertex -9.079809994790935 17.820130483767358 42
      vertex -9.772424829939098 17.449920141455944 42
    endloop
  endfacet
  facet normal 0 0 1
    outer loop
      vertex -8.621226317813155 14.068562711842521 42
      vertex -8.062250484699756 14.396184116701153 42
      vertex -9.079809994790935 17.820130483767358 42
    endloop
  endfacet
  facet normal 0 0 1
    outer loop
      vertex -8.062250484699756 14.396184116701153 42
      vertex -7.490843245702521 14.70160764910807 42
      vertex -8.373194750748562 18.162863476501624 42
    endloop
  endfacet
  facet normal 0 0 1
    outer loop
      vertex -8.062250484699756 14.396184116701153 42
      vertex -8.373194750748562 18.162863476501624 42
      vertex -9.079809994790935 17.820130483767358 42
    endloop
  endfacet
  facet normal 0 0 1
    outer loop
      vertex -7.490843245702521 14.70160764910807 42
      vertex -7.653668647301796 18.477590650225736 42
      vertex -8.373194750748562 18.162863476501624 42
    endloop
  endfacet
  facet normal 0 0 1
    outer loop
      vertex -7.490843245702521 14.70160764910807 42
      vertex -6.907885669367563 14.98436236811384 42
      vertex -7.653668647301796 18.477590650225736 42
    endloop
  endfacet
  facet normal 0 0 1
    outer loop
      vertex -6.907885669367563 14.98436236811384 42
      vertex -6.922341141549859 18.763826718449682 42
      vertex -7.653668647301796 18.477590650225736 42
    endloop
  endfacet
  facet normal 0 0 1
    outer loop
      vertex -6.907885669367563 14.98436236811384 42
      vertex -6.314276634023981 15.24401228643623 42
      vertex -6.922341141549859 18.763826718449682 42
    endloop
  endfacet
  facet normal 0 0 1
    outer loop
      vertex -5.710931441778634 15.480157042720988 42
      vertex -5.098780407186632 15.692432518870033 42
      vertex -6.180339887498948 19.02113032590307 42
    endloop
  endfacet
  facet normal 0 0 1
    outer loop
      vertex -5.710931441778634 15.480157042720988 42
      vertex -6.180339887498948 19.02113032590307 42
      vertex -6.922341141549859 18.763826718449682 42
    endloop
  endfacet
  facet normal 0 0 1
    outer loop
      vertex -3.851848503622439 16.044103686561662 42
      vertex -3.218990313266116 16.182957126653303 42
      vertex -3.9018064403225647 19.61570560806461 42
    endloop
  endfacet
  facet normal 0 0 1
    outer loop
      vertex -2.5811686731638095 16.29685761981977 42
      vertex -1.9393670580543212 16.385629539756284 42
      vertex -3.1286893008046173 19.753766811902757 42
    endloop
  endfacet
  facet normal 0 0 1
    outer loop
      vertex -3.851848503622439 16.044103686561662 42
      vertex -3.9018064403225647 19.61570560806461 42
      vertex -4.668907277118108 19.447398407953532 42
    endloop
  endfacet
  facet normal 0 0 1
    outer loop
      vertex -1.9393670580543212 16.385629539756284 42
      vertex -2.350747949156753 19.861369139098525 42
      vertex -3.1286893008046173 19.753766811902757 42
    endloop
  endfacet
  facet normal 0 0 1
    outer loop
      vertex -1.9393670580543212 16.385629539756284 42
      vertex -1.2945750795094415 16.44913600659661 42
      vertex -2.350747949156753 19.861369139098525 42
    endloop
  endfacet
  facet normal 0 0 1
    outer loop
      vertex -1.2945750795094415 16.44913600659661 42
      vertex -1.5691819145568988 19.938346674662558 42
      vertex -2.350747949156753 19.861369139098525 42
    endloop
  endfacet
  facet normal 0 0 1
    outer loop
      vertex -1.2945750795094415 16.44913600659661 42
      vertex -0.6477869600246321 16.48727909797193 42
      vertex -1.5691819145568988 19.938346674662558 42
    endloop
  endfacet
  facet normal 0 0 1
    outer loop
      vertex -0.6477869600246321 16.48727909797193 42
      vertex -0.7851963151813722 19.984580724814457 42
      vertex -1.5691819145568988 19.938346674662558 42
    endloop
  endfacet
  facet normal 0 0 1
    outer loop
      vertex 0.7851963151813722 -19.984580724814457 42
      vertex 1.5691819145568988 -19.938346674662558 42
      vertex 0.6477869600246321 -16.48727909797193 42
    endloop
  endfacet
  facet normal 0 0 1
    outer loop
      vertex 1.5691819145568988 -19.938346674662558 42
      vertex 1.2945750795094415 -16.44913600659661 42
      vertex 0.6477869600246321 -16.48727909797193 42
    endloop
  endfacet
  facet normal 0 0 1
    outer loop
      vertex 1.5691819145568988 -19.938346674662558 42
      vertex 2.350747949156753 -19.861369139098525 42
      vertex 1.2945750795094415 -16.44913600659661 42
    endloop
  endfacet
  facet normal 0 0 1
    outer loop
      vertex 2.350747949156753 -19.861369139098525 42
      vertex 1.9393670580543212 -16.385629539756284 42
      vertex 1.2945750795094415 -16.44913600659661 42
    endloop
  endfacet
  facet normal 0 0 1
    outer loop
      vertex 2.350747949156753 -19.861369139098525 42
      vertex 3.1286893008046173 -19.753766811902757 42
      vertex 1.9393670580543212 -16.385629539756284 42
    endloop
  endfacet
  facet normal 0 0 1
    outer loop
      vertex 3.9018064403225647 -19.61570560806461 42
      vertex 4.668907277118108 -19.447398407953532 42
      vertex 3.851848503622439 -16.044103686561662 42
    endloop
  endfacet
  facet normal 0 0 1
    outer loop
      vertex 3.1286893008046173 -19.753766811902757 42
      vertex 2.5811686731638095 -16.29685761981977 42
      vertex 1.9393670580543212 -16.385629539756284 42
    endloop
  endfacet
  facet normal 0 0 1
    outer loop
      vertex 3.218990313266116 -16.182957126653303 42
      vertex 3.9018064403225647 -19.61570560806461 42
      vertex 3.851848503622439 -16.044103686561662 42
    endloop
  endfacet
  facet normal 0 0 1
    outer loop
      vertex 4.188154566980229 -11.713758422464126 42
      vertex 5.6529444302920195 -9.833966985092678 42
      vertex 4.143974981752022 -11.466360937818383 42
    endloop
  endfacet
  facet normal 0 0 1
    outer loop
      vertex 4.109542237049375 -11.217419705291066 42
      vertex 5.016138795994855 -10.068300253291454 42
      vertex 4.084909425668885 -10.967318574219112 42
    endloop
  endfacet
  facet normal 0 0 1
    outer loop
      vertex 4.143974981752022 -11.466360937818383 42
      vertex 5.401317939954747 -9.896807449417924 42
      vertex 4.109542237049375 -11.217419705291066 42
    endloop
  endfacet
  facet normal 0 0 1
    outer loop
      vertex 4.242012871015773 -11.959230690238698 42
      vertex 5.793743817295909 -9.681651066360846 42
      vertex 4.188154566980229 -11.713758422464126 42
    endloop
  endfacet
  facet normal 0 0 1
    outer loop
      vertex 4.084909425668885 -10.967318574219112 42
      vertex 5.016138795994855 -10.068300253291454 42
      vertex 4.557615390172682 -10.272448026448851 42
    endloop
  endfacet
  facet normal 0 0 1
    outer loop
      vertex 4.109542237049375 -11.217419705291066 42
      vertex 5.401317939954747 -9.896807449417924 42
      vertex 5.016138795994855 -10.068300253291454 42
    endloop
  endfacet
  facet normal 0 0 1
    outer loop
      vertex 6.180339887498948 -19.02113032590307 42
      vertex 6.922341141549859 -18.763826718449682 42
      vertex 5.710931441778634 -15.480157042720988 42
    endloop
  endfacet
  facet normal 0 0 1
    outer loop
      vertex 6.922341141549859 -18.763826718449682 42
      vertex 7.653668647301796 -18.477590650225736 42
      vertex 6.910957459336018 -15.78749909938649 42
    endloop
  endfacet
  facet normal 0 0 1
    outer loop
      vertex 6.120855590150076 -15.164844421949294 42
      vertex 6.241847494573982 -15.272360505172644 42
      vertex 6.326175214280085 -15.312887864582228 42
    endloop
  endfacet
  facet normal 0 0 1
    outer loop
      vertex 6.922341141549859 -18.763826718449682 42
      vertex 6.241847494573982 -15.272360505172644 42
      vertex 5.710931441778634 -15.480157042720988 42
    endloop
  endfacet
  facet normal 0 0 1
    outer loop
      vertex 6.922341141549859 -18.763826718449682 42
      vertex 6.332862512860743 -15.351597655671915 42
      vertex 6.241847494573982 -15.272360505172644 42
    endloop
  endfacet
  facet normal 0 0 1
    outer loop
      vertex 6.922341141549859 -18.763826718449682 42
      vertex 6.910957459336018 -15.78749909938649 42
      vertex 6.332862512860743 -15.351597655671915 42
    endloop
  endfacet
  facet normal 0 0 1
    outer loop
      vertex 6.910957459336018 -15.78749909938649 42
      vertex 7.653668647301796 -18.477590650225736 42
      vertex 7.1060072099071485 -15.912358566988589 42
    endloop
  endfacet
  facet normal 0 0 1
    outer loop
      vertex 7.553928055993615 -16.164568396928903 42
      vertex 7.1060072099071485 -15.912358566988589 42
      vertex 7.653668647301796 -18.477590650225736 42
    endloop
  endfacet
  facet normal 0 0 1
    outer loop
      vertex 6.241847494573982 -15.272360505172644 42
      vertex 6.332862512860743 -15.351597655671915 42
      vertex 6.326175214280085 -15.312887864582228 42
    endloop
  endfacet
  facet normal 0 0 1
    outer loop
      vertex 6.332862512860743 -15.351597655671915 42
      vertex 6.910957459336018 -15.78749909938649 42
      vertex 6.908147806781006 -15.05289966641173 42
    endloop
  endfacet
  facet normal 0 0 1
    outer loop
      vertex 6.910957459336018 -15.78749909938649 42
      vertex 7.1060072099071485 -15.912358566988589 42
      vertex 7.524650709188595 -15.485615587553033 42
    endloop
  endfacet
  facet normal 0 0 1
    outer loop
      vertex 7.553928055993615 -16.164568396928903 42
      vertex 7.524650709188595 -15.485615587553033 42
      vertex 7.1060072099071485 -15.912358566988589 42
    endloop
  endfacet
  facet normal 0 0 1
    outer loop
      vertex 7.653668647301796 -18.477590650225736 42
      vertex 8.373194750748562 -18.162863476501624 42
      vertex 7.905920348437962 -16.32985674535199 42
    endloop
  endfacet
  facet normal 0 0 1
    outer loop
      vertex 8.373194750748562 -18.162863476501624 42
      vertex 9.079809994790935 -17.820130483767358 42
      vertex 8.724265516682143 -16.6237727159136 42
    endloop
  endfacet
  facet normal 0 0 1
    outer loop
      vertex 7.553928055993615 -16.164568396928903 42
      vertex 7.653668647301796 -18.477590650225736 42
      vertex 7.905920348437962 -16.32985674535199 42
    endloop
  endfacet
  facet normal 0 0 1
    outer loop
      vertex 7.905920348437962 -16.32985674535199 42
      vertex 8.232859234973958 -16.462883935370005 42
      vertex 8.20926025466758 -16.177013437862854 42
    endloop
  endfacet
  facet normal 0 0 1
    outer loop
      vertex 8.373194750748562 -18.162863476501624 42
      vertex 8.232859234973958 -16.462883935370005 42
      vertex 7.905920348437962 -16.32985674535199 42
    endloop
  endfacet
  facet normal 0 0 1
    outer loop
      vertex 8.373194750748562 -18.162863476501624 42
      vertex 8.724265516682143 -16.6237727159136 42
      vertex 8.232859234973958 -16.462883935370005 42
    endloop
  endfacet
  facet normal 0 0 1
    outer loop
      vertex 8.232859234973958 -16.462883935370005 42
      vertex 8.574222032791877 -16.11889724035345 42
      vertex 8.20926025466758 -16.177013437862854 42
    endloop
  endfacet
  facet normal 0 0 1
    outer loop
      vertex 8.232859234973958 -16.462883935370005 42
      vertex 8.724265516682143 -16.6237727159136 42
      vertex 8.574222032791877 -16.11889724035345 42
    endloop
  endfacet
  facet normal 0 0 1
    outer loop
      vertex 7.553928055993615 -16.164568396928903 42
      vertex 7.905920348437962 -16.32985674535199 42
      vertex 7.800660466926128 -15.916947177917656 42
    endloop
  endfacet
  facet normal 0 0 1
    outer loop
      vertex 6.910957459336018 -15.78749909938649 42
      vertex 7.524650709188595 -15.485615587553033 42
      vertex 8.740016462550628 -13.851005153476702 42
    endloop
  endfacet
  facet normal 0 0 1
    outer loop
      vertex 7.553928055993615 -16.164568396928903 42
      vertex 7.800660466926128 -15.916947177917656 42
      vertex 9.43370665207362 -14.122510260084763 42
    endloop
  endfacet
  facet normal 0 0 1
    outer loop
      vertex 7.553928055993615 -16.164568396928903 42
      vertex 9.290915782936104 -14.079195123482489 42
      vertex 7.524650709188595 -15.485615587553033 42
    endloop
  endfacet
  facet normal 0 0 1
    outer loop
      vertex 7.905920348437962 -16.32985674535199 42
      vertex 9.723837137899617 -14.19216442709318 42
      vertex 7.800660466926128 -15.916947177917656 42
    endloop
  endfacet
  facet normal 0 0 1
    outer loop
      vertex 7.905920348437962 -16.32985674535199 42
      vertex 8.20926025466758 -16.177013437862854 42
      vertex 9.723837137899617 -14.19216442709318 42
    endloop
  endfacet
  facet normal 0 0 1
    outer loop
      vertex 9.079809994790935 -17.820130483767358 42
      vertex 8.940485814244106 -16.680351351125775 42
      vertex 8.724265516682143 -16.6237727159136 42
    endloop
  endfacet
  facet normal 0 0 1
    outer loop
      vertex 9.079809994790935 -17.820130483767358 42
      vertex 9.550599558996176 -16.798363941479895 42
      vertex 8.940485814244106 -16.680351351125775 42
    endloop
  endfacet
  facet normal 0 0 1
    outer loop
      vertex 8.724265516682143 -16.6237727159136 42
      vertex 8.940485814244106 -16.680351351125775 42
      vertex 8.909677390825417 -16.428314712658654 42
    endloop
  endfacet
  facet normal 0 0 1
    outer loop
      vertex 8.940485814244106 -16.680351351125775 42
      vertex 9.550599558996176 -16.798363941479895 42
      vertex 9.3672517847187 -16.25982575521059 42
    endloop
  endfacet
  facet normal 0 0 1
    outer loop
      vertex 9.079809994790935 -17.820130483767358 42
      vertex 9.772424829939098 -17.449920141455944 42
      vertex 9.550599558996176 -16.798363941479895 42
    endloop
  endfacet
  facet normal 0 0 1
    outer loop
      vertex 9.772424829939098 -17.449920141455944 42
      vertex 9.669338030133638 -16.814787462089765 42
      vertex 9.550599558996176 -16.798363941479895 42
    endloop
  endfacet
  facet normal 0 0 1
    outer loop
      vertex 9.772424829939098 -17.449920141455944 42
      vertex 9.761164013721903 -16.82556803661184 42
      vertex 9.669338030133638 -16.814787462089765 42
    endloop
  endfacet
  facet normal 0 0 1
    outer loop
      vertex 9.772424829939098 -17.449920141455944 42
      vertex 10.449971294318976 -17.052803287081844 42
      vertex 9.761164013721903 -16.82556803661184 42
    endloop
  endfacet
  facet normal 0 0 1
    outer loop
      vertex 9.669338030133638 -16.814787462089765 42
      vertex 9.761164013721903 -16.82556803661184 42
      vertex 9.760157106484797 -16.769740409134023 42
    endloop
  endfacet
  facet normal 0 0 1
    outer loop
      vertex 8.724265516682143 -16.6237727159136 42
      vertex 10.465180361560902 -14.265180361560903 42
      vertex 8.574222032791877 -16.11889724035345 42
    endloop
  endfacet
  facet normal 0 0 1
    outer loop
      vertex 8.20926025466758 -16.177013437862854 42
      vertex 8.574222032791877 -16.11889724035345 42
      vertex 9.870729394408025 -14.218396055822426 42
    endloop
  endfacet
  facet normal 0 0 1
    outer loop
      vertex 8.724265516682143 -16.6237727159136 42
      vertex 8.909677390825417 -16.428314712658654 42
      vertex 10.911822471900688 -14.238840497989624 42
    endloop
  endfacet
  facet normal 0 0 1
    outer loop
      vertex 8.940485814244106 -16.680351351125775 42
      vertex 11.059631328713781 -14.218396055822428 42
      vertex 8.909677390825417 -16.428314712658654 42
    endloop
  endfacet
  facet normal 0 0 1
    outer loop
      vertex 8.940485814244106 -16.680351351125775 42
      vertex 9.3672517847187 -16.25982575521059 42
      vertex 11.206523585222191 -14.19216442709318 42
    endloop
  endfacet
  facet normal 0 0 1
    outer loop
      vertex 8.724265516682143 -16.6237727159136 42
      vertex 10.614367661445364 -14.26225069927565 42
      vertex 10.465180361560902 -14.265180361560903 42
    endloop
  endfacet
  facet normal 0 0 1
    outer loop
      vertex 5.4391520039241374 -14.427381637143844 42
      vertex 5.5985821817207055 -14.621647870874082 42
      vertex 7.305595834811232 -12.576347247035393 42
    endloop
  endfacet
  facet normal 0 0 1
    outer loop
      vertex 5.008283309694715 -13.809171175742978 42
      vertex 6.900053285055464 -11.780425178455378 42
      vertex 4.881205916295001 -13.592356307141415 42
    endloop
  endfacet
  facet normal 0 0 1
    outer loop
      vertex 4.881205916295001 -13.592356307141415 42
      vertex 6.807850463037045 -11.496654071048187 42
      vertex 4.7627386067553505 -13.370719559894004 42
    endloop
  endfacet
  facet normal 0 0 1
    outer loop
      vertex 4.7627386067553505 -13.370719559894004 42
      vertex 6.738196296028628 -11.206523585222191 42
      vertex 4.653064049080383 -13.144602681800444 42
    endloop
  endfacet
  facet normal 0 0 1
    outer loop
      vertex 5.287471597561241 -14.227005976232734 42
      vertex 7.079355569645108 -12.190344260571182 42
      vertex 5.143774842824614 -14.02082985288636 42
    endloop
  endfacet
  facet normal 0 0 1
    outer loop
      vertex 5.143774842824614 -14.02082985288636 42
      vertex 6.954438138018016 -11.919377404548246 42
      vertex 5.008283309694715 -13.809171175742978 42
    endloop
  endfacet
  facet normal 0 0 1
    outer loop
      vertex 5.287471597561241 -14.227005976232734 42
      vertex 5.4391520039241374 -14.427381637143844 42
      vertex 7.225147737015354 -12.45067490748151 42
    endloop
  endfacet
  facet normal 0 0 1
    outer loop
      vertex 6.120855590150076 -15.164844421949294 42
      vertex 7.885737528535726 -13.25560589741651 42
      vertex 5.939696961966999 -14.99066376115481 42
    endloop
  endfacet
  facet normal 0 0 1
    outer loop
      vertex 6.120855590150076 -15.164844421949294 42
      vertex 6.326175214280085 -15.312887864582228 42
      vertex 7.885737528535726 -13.25560589741651 42
    endloop
  endfacet
  facet normal 0 0 1
    outer loop
      vertex 5.5985821817207055 -14.621647870874082 42
      vertex 5.765516301172515 -14.809505132971733 42
      vertex 7.4809760242140735 -12.817737368938275 42
    endloop
  endfacet
  facet normal 0 0 1
    outer loop
      vertex 5.765516301172515 -14.809505132971733 42
      vertex 5.939696961966999 -14.99066376115481 42
      vertex 7.6747548257053 -13.044623194586084 42
    endloop
  endfacet
  facet normal 0 0 1
    outer loop
      vertex 6.326175214280085 -15.312887864582228 42
      vertex 6.332862512860743 -15.351597655671915 42
      vertex 8.112623354183533 -13.449384698907735 42
    endloop
  endfacet
  facet normal 0 0 1
    outer loop
      vertex 6.332862512860743 -15.351597655671915 42
      vertex 6.908147806781006 -15.05289966641173 42
      vertex 8.112623354183533 -13.449384698907735 42
    endloop
  endfacet
  facet normal 0 0 1
    outer loop
      vertex 6.910957459336018 -15.78749909938649 42
      vertex 8.608419643872475 -13.780665188437533 42
      vertex 6.908147806781006 -15.05289966641173 42
    endloop
  endfacet
  facet normal 0 0 1
    outer loop
      vertex 5.939696961966999 -14.99066376115481 42
      vertex 7.885737528535726 -13.25560589741651 42
      vertex 7.778174593052023 -13.152186130069785 42
    endloop
  endfacet
  facet normal 0 0 1
    outer loop
      vertex 6.326175214280085 -15.312887864582228 42
      vertex 7.997277777906207 -13.354723030841024 42
      vertex 7.885737528535726 -13.25560589741651 42
    endloop
  endfacet
  facet normal 0 0 1
    outer loop
      vertex 6.326175214280085 -15.312887864582228 42
      vertex 8.112623354183533 -13.449384698907735 42
      vertex 7.997277777906207 -13.354723030841024 42
    endloop
  endfacet
  facet normal 0 0 1
    outer loop
      vertex 5.4391520039241374 -14.427381637143844 42
      vertex 7.305595834811232 -12.576347247035393 42
      vertex 7.225147737015354 -12.45067490748151 42
    endloop
  endfacet
  facet normal 0 0 1
    outer loop
      vertex 5.5985821817207055 -14.621647870874082 42
      vertex 7.390915782936105 -12.698764320272304 42
      vertex 7.305595834811232 -12.576347247035393 42
    endloop
  endfacet
  facet normal 0 0 1
    outer loop
      vertex 5.5985821817207055 -14.621647870874082 42
      vertex 7.4809760242140735 -12.817737368938275 42
      vertex 7.390915782936105 -12.698764320272304 42
    endloop
  endfacet
  facet normal 0 0 1
    outer loop
      vertex 5.287471597561241 -14.227005976232734 42
      vertex 7.225147737015354 -12.45067490748151 42
      vertex 7.149695534684275 -12.321941079249333 42
    endloop
  endfacet
  facet normal 0 0 1
    outer loop
      vertex 5.287471597561241 -14.227005976232734 42
      vertex 7.149695534684275 -12.321941079249333 42
      vertex 7.079355569645108 -12.190344260571182 42
    endloop
  endfacet
  facet normal 0 0 1
    outer loop
      vertex 5.143774842824614 -14.02082985288636 42
      vertex 7.014236301025596 -12.056087364203131 42
      vertex 6.954438138018016 -11.919377404548246 42
    endloop
  endfacet
  facet normal 0 0 1
    outer loop
      vertex 5.008283309694715 -13.809171175742978 42
      vertex 6.954438138018016 -11.919377404548246 42
      vertex 6.900053285055464 -11.780425178455378 42
    endloop
  endfacet
  facet normal 0 0 1
    outer loop
      vertex 5.143774842824614 -14.02082985288636 42
      vertex 7.079355569645108 -12.190344260571182 42
      vertex 7.014236301025596 -12.056087364203131 42
    endloop
  endfacet
  facet normal 0 0 1
    outer loop
      vertex 5.765516301172515 -14.809505132971733 42
      vertex 7.6747548257053 -13.044623194586084 42
      vertex 7.575637692280786 -12.933082945215602 42
    endloop
  endfacet
  facet normal 0 0 1
    outer loop
      vertex 5.765516301172515 -14.809505132971733 42
      vertex 7.575637692280786 -12.933082945215602 42
      vertex 7.4809760242140735 -12.817737368938275 42
    endloop
  endfacet
  facet normal 0 0 1
    outer loop
      vertex 5.939696961966999 -14.99066376115481 42
      vertex 7.778174593052023 -13.152186130069785 42
      vertex 7.6747548257053 -13.044623194586084 42
    endloop
  endfacet
  facet normal 0 0 1
    outer loop
      vertex 4.653064049080383 -13.144602681800444 42
      vertex 6.691520225132185 -10.911822471900688 42
      vertex 4.552351353488669 -12.91435432869748 42
    endloop
  endfacet
  facet normal 0 0 1
    outer loop
      vertex 4.552351353488669 -12.91435432869748 42
      vertex 6.668110023846158 -10.614367661445367 42
      vertex 4.460755811657005 -12.680329526856859 42
    endloop
  endfacet
  facet normal 0 0 1
    outer loop
      vertex 4.460755811657005 -12.680329526856859 42
      vertex 6.6681100238461575 -10.315993061676444 42
      vertex 4.378418657271921 -12.44288912556057 42
    endloop
  endfacet
  facet normal 0 0 1
    outer loop
      vertex 4.378418657271921 -12.44288912556057 42
      vertex 6.711964667299382 -9.870729394408029 42
      vertex 4.305466848257561 -12.20239924069738 42
    endloop
  endfacet
  facet normal 0 0 1
    outer loop
      vertex 4.881205916295001 -13.592356307141415 42
      vertex 6.900053285055464 -11.780425178455378 42
      vertex 6.8511655996393195 -11.639444940185705 42
    endloop
  endfacet
  facet normal 0 0 1
    outer loop
      vertex 4.881205916295001 -13.592356307141415 42
      vertex 6.8511655996393195 -11.639444940185705 42
      vertex 6.807850463037045 -11.496654071048187 42
    endloop
  endfacet
  facet normal 0 0 1
    outer loop
      vertex 4.7627386067553505 -13.370719559894004 42
      vertex 6.770174664049733 -11.352272744213344 42
      vertex 6.738196296028628 -11.206523585222191 42
    endloop
  endfacet
  facet normal 0 0 1
    outer loop
      vertex 4.7627386067553505 -13.370719559894004 42
      vertex 6.807850463037045 -11.496654071048187 42
      vertex 6.770174664049733 -11.352272744213344 42
    endloop
  endfacet
  facet normal 0 0 1
    outer loop
      vertex 4.460755811657005 -12.680329526856859 42
      vertex 6.668110023846158 -10.614367661445367 42
      vertex 6.665180361560903 -10.465180361560904 42
    endloop
  endfacet
  facet normal 0 0 1
    outer loop
      vertex 4.653064049080383 -13.144602681800444 42
      vertex 6.738196296028628 -11.206523585222191 42
      vertex 6.711964667299382 -11.059631328713783 42
    endloop
  endfacet
  facet normal 0 0 1
    outer loop
      vertex 4.653064049080383 -13.144602681800444 42
      vertex 6.711964667299382 -11.059631328713783 42
      vertex 6.691520225132185 -10.911822471900688 42
    endloop
  endfacet
  facet normal 0 0 1
    outer loop
      vertex 4.552351353488669 -12.91435432869748 42
      vertex 6.691520225132185 -10.911822471900688 42
      vertex 6.676894493375018 -10.763324925326716 42
    endloop
  endfacet
  facet normal 0 0 1
    outer loop
      vertex 4.552351353488669 -12.91435432869748 42
      vertex 6.676894493375018 -10.763324925326716 42
      vertex 6.668110023846158 -10.614367661445367 42
    endloop
  endfacet
  facet normal 0 0 1
    outer loop
      vertex 4.242012871015773 -11.959230690238698 42
      vertex 4.305466848257561 -12.20239924069738 42
      vertex 7.064819377457973 -8.758160615594871 42
    endloop
  endfacet
  facet normal 0 0 1
    outer loop
      vertex 4.143974981752022 -11.466360937818383 42
      vertex 5.6529444302920195 -9.833966985092678 42
      vertex 5.401317939954747 -9.896807449417924 42
    endloop
  endfacet
  facet normal 0 0 1
    outer loop
      vertex 4.188154566980229 -11.713758422464126 42
      vertex 5.793743817295909 -9.681651066360846 42
      vertex 5.6529444302920195 -9.833966985092678 42
    endloop
  endfacet
  facet normal 0 0 1
    outer loop
      vertex 4.460755811657005 -12.680329526856859 42
      vertex 6.665180361560903 -10.465180361560904 42
      vertex 6.6681100238461575 -10.315993061676444 42
    endloop
  endfacet
  facet normal 0 0 1
    outer loop
      vertex 4.378418657271921 -12.44288912556057 42
      vertex 6.6681100238461575 -10.315993061676444 42
      vertex 6.676894493375017 -10.167035797795092 42
    endloop
  endfacet
  facet normal 0 0 1
    outer loop
      vertex 4.378418657271921 -12.44288912556057 42
      vertex 6.676894493375017 -10.167035797795092 42
      vertex 6.691520225132184 -10.01853825122112 42
    endloop
  endfacet
  facet normal 0 0 1
    outer loop
      vertex 4.378418657271921 -12.44288912556057 42
      vertex 6.691520225132184 -10.01853825122112 42
      vertex 6.711964667299382 -9.870729394408029 42
    endloop
  endfacet
  facet normal 0 0 1
    outer loop
      vertex 4.305466848257561 -12.20239924069738 42
      vertex 6.711964667299382 -9.870729394408029 42
      vertex 6.738196296028628 -9.723837137899617 42
    endloop
  endfacet
  facet normal 0 0 1
    outer loop
      vertex 4.242012871015773 -11.959230690238698 42
      vertex 7.064819377457973 -8.758160615594871 42
      vertex 5.793743817295909 -9.681651066360846 42
    endloop
  endfacet
  facet normal 0 0 1
    outer loop
      vertex 4.305466848257561 -12.20239924069738 42
      vertex 6.738196296028628 -9.723837137899617 42
      vertex 6.770174664049733 -9.578087978908464 42
    endloop
  endfacet
  facet normal 0 0 1
    outer loop
      vertex 4.305466848257561 -12.20239924069738 42
      vertex 6.770174664049733 -9.578087978908464 42
      vertex 6.807850463037044 -9.433706652073623 42
    endloop
  endfacet
  facet normal 0 0 1
    outer loop
      vertex 4.305466848257561 -12.20239924069738 42
      vertex 6.807850463037044 -9.433706652073623 42
      vertex 6.8511655996393195 -9.290915782936104 42
    endloop
  endfacet
  facet normal 0 0 1
    outer loop
      vertex 4.305466848257561 -12.20239924069738 42
      vertex 6.8511655996393195 -9.290915782936104 42
      vertex 6.900053285055465 -9.149935544666432 42
    endloop
  endfacet
  facet normal 0 0 1
    outer loop
      vertex 4.305466848257561 -12.20239924069738 42
      vertex 6.900053285055465 -9.149935544666432 42
      vertex 6.9544381380180145 -9.010983318573563 42
    endloop
  endfacet
  facet normal 0 0 1
    outer loop
      vertex 4.305466848257561 -12.20239924069738 42
      vertex 6.9544381380180145 -9.010983318573563 42
      vertex 7.014236301025595 -8.874273358918677 42
    endloop
  endfacet
  facet normal 0 0 1
    outer loop
      vertex 6.910957459336018 -15.78749909938649 42
      vertex 8.740016462550628 -13.851005153476702 42
      vertex 8.608419643872475 -13.780665188437533 42
    endloop
  endfacet
  facet normal 0 0 1
    outer loop
      vertex 6.908147806781006 -15.05289966641173 42
      vertex 8.231596402849506 -13.539444940185705 42
      vertex 8.112623354183533 -13.449384698907735 42
    endloop
  endfacet
  facet normal 0 0 1
    outer loop
      vertex 6.908147806781006 -15.05289966641173 42
      vertex 8.354013476086415 -13.624764888310576 42
      vertex 8.231596402849506 -13.539444940185705 42
    endloop
  endfacet
  facet normal 0 0 1
    outer loop
      vertex 6.908147806781006 -15.05289966641173 42
      vertex 8.479685815640298 -13.705212986106456 42
      vertex 8.354013476086415 -13.624764888310576 42
    endloop
  endfacet
  facet normal 0 0 1
    outer loop
      vertex 6.908147806781006 -15.05289966641173 42
      vertex 8.608419643872475 -13.780665188437533 42
      vertex 8.479685815640298 -13.705212986106456 42
    endloop
  endfacet
  facet normal 0 0 1
    outer loop
      vertex 7.524650709188595 -15.485615587553033 42
      vertex 8.874273358918678 -13.916124422096214 42
      vertex 8.740016462550628 -13.851005153476702 42
    endloop
  endfacet
  facet normal 0 0 1
    outer loop
      vertex 7.524650709188595 -15.485615587553033 42
      vertex 9.010983318573565 -13.975922585103795 42
      vertex 8.874273358918678 -13.916124422096214 42
    endloop
  endfacet
  facet normal 0 0 1
    outer loop
      vertex 7.524650709188595 -15.485615587553033 42
      vertex 9.14993554466643 -14.030307438066345 42
      vertex 9.010983318573565 -13.975922585103795 42
    endloop
  endfacet
  facet normal 0 0 1
    outer loop
      vertex 7.524650709188595 -15.485615587553033 42
      vertex 9.290915782936104 -14.079195123482489 42
      vertex 9.14993554466643 -14.030307438066345 42
    endloop
  endfacet
  facet normal 0 0 1
    outer loop
      vertex 7.553928055993615 -16.164568396928903 42
      vertex 9.43370665207362 -14.122510260084763 42
      vertex 9.290915782936104 -14.079195123482489 42
    endloop
  endfacet
  facet normal 0 0 1
    outer loop
      vertex 7.800660466926128 -15.916947177917656 42
      vertex 9.578087978908464 -14.160186059072075 42
      vertex 9.43370665207362 -14.122510260084763 42
    endloop
  endfacet
  facet normal 0 0 1
    outer loop
      vertex 7.800660466926128 -15.916947177917656 42
      vertex 9.723837137899617 -14.19216442709318 42
      vertex 9.578087978908464 -14.160186059072075 42
    endloop
  endfacet
  facet normal 0 0 1
    outer loop
      vertex 8.20926025466758 -16.177013437862854 42
      vertex 9.870729394408025 -14.218396055822426 42
      vertex 9.723837137899617 -14.19216442709318 42
    endloop
  endfacet
  facet normal 0 0 1
    outer loop
      vertex 8.574222032791877 -16.11889724035345 42
      vertex 10.01853825122112 -14.238840497989624 42
      vertex 9.870729394408025 -14.218396055822426 42
    endloop
  endfacet
  facet normal 0 0 1
    outer loop
      vertex 8.574222032791877 -16.11889724035345 42
      vertex 10.167035797795094 -14.253466229746792 42
      vertex 10.01853825122112 -14.238840497989624 42
    endloop
  endfacet
  facet normal 0 0 1
    outer loop
      vertex 8.574222032791877 -16.11889724035345 42
      vertex 10.315993061676444 -14.262250699275654 42
      vertex 10.167035797795094 -14.253466229746792 42
    endloop
  endfacet
  facet normal 0 0 1
    outer loop
      vertex 8.574222032791877 -16.11889724035345 42
      vertex 10.465180361560902 -14.265180361560903 42
      vertex 10.315993061676444 -14.262250699275654 42
    endloop
  endfacet
  facet normal 0 0 1
    outer loop
      vertex 4.305466848257561 -12.20239924069738 42
      vertex 7.014236301025595 -8.874273358918677 42
      vertex 7.064819377457973 -8.758160615594871 42
    endloop
  endfacet
  facet normal 0 0 1
    outer loop
      vertex 9.290915782936104 -6.8511655996393195 42
      vertex 9.18513821019062 -6.567068780730564 42
      vertex 9.151693650418625 -6.6249964574924345 42
    endloop
  endfacet
  facet normal 0 0 1
    outer loop
      vertex 9.290915782936104 -6.8511655996393195 42
      vertex 9.433706652073623 -6.807850463037044 42
      vertex 9.18513821019062 -6.567068780730564 42
    endloop
  endfacet
  facet normal 0 0 1
    outer loop
      vertex 9.578087978908464 -6.770174664049733 42
      vertex 9.223458766256972 -6.500695630649353 42
      vertex 9.2077148685856 -6.5279648613253345 42
    endloop
  endfacet
  facet normal 0 0 1
    outer loop
      vertex 9.433706652073623 -6.807850463037044 42
      vertex 9.578087978908464 -6.770174664049733 42
      vertex 9.2077148685856 -6.5279648613253345 42
    endloop
  endfacet
  facet normal 0 0 1
    outer loop
      vertex 9.578087978908464 -6.770174664049733 42
      vertex 9.723837137899617 -6.738196296028628 42
      vertex 9.223458766256972 -6.500695630649353 42
    endloop
  endfacet
  facet normal 0 0 1
    outer loop
      vertex 9.93508472027718 -6.43172164477277 42
      vertex 9.310942562333882 -6.349169251005147 42
      vertex 9.223458766256972 -6.500695630649353 42
    endloop
  endfacet
  facet normal 0 0 1
    outer loop
      vertex 9.723837137899617 -6.738196296028628 42
      vertex 9.93508472027718 -6.43172164477277 42
      vertex 9.223458766256972 -6.500695630649353 42
    endloop
  endfacet
  facet normal 0 0 1
    outer loop
      vertex 9.723837137899617 -6.738196296028628 42
      vertex 9.870729394408029 -6.711964667299382 42
      vertex 9.93508472027718 -6.43172164477277 42
    endloop
  endfacet
  facet normal 0 0 1
    outer loop
      vertex 9.870729394408029 -6.711964667299382 42
      vertex 10.01853825122112 -6.691520225132184 42
      vertex 9.93508472027718 -6.43172164477277 42
    endloop
  endfacet
  facet normal 0 0 1
    outer loop
      vertex 9.93508472027718 -6.43172164477277 42
      vertex 10.307998629647946 -5.376771959027977 42
      vertex 9.310942562333882 -6.349169251005147 42
    endloop
  endfacet
  facet normal 0 0 1
    outer loop
      vertex 10.449971294318976 -17.052803287081844 42
      vertex 10.411691087876445 -16.86412996713792 42
      vertex 9.761164013721903 -16.82556803661184 42
    endloop
  endfacet
  facet normal 0 0 1
    outer loop
      vertex 10.449971294318976 -17.052803287081844 42
      vertex 10.439178682742929 -16.8646697541711 42
      vertex 10.411691087876445 -16.86412996713792 42
    endloop
  endfacet
  facet normal 0 0 1
    outer loop
      vertex 9.761164013721903 -16.82556803661184 42
      vertex 10.411691087876445 -16.86412996713792 42
      vertex 10.330384827027979 -16.463392259792062 42
    endloop
  endfacet
  facet normal 0 0 1
    outer loop
      vertex 10.449971294318976 -17.052803287081844 42
      vertex 11.111404660392047 -16.629392246050905 42
      vertex 10.439178682742929 -16.8646697541711 42
    endloop
  endfacet
  facet normal 0 0 1
    outer loop
      vertex 10.411691087876445 -16.86412996713792 42
      vertex 10.439178682742929 -16.8646697541711 42
      vertex 11.021931431175998 -16.262890447677897 42
    endloop
  endfacet
  facet normal 0 0 1
    outer loop
      vertex 10.439178682742929 -16.8646697541711 42
      vertex 11.111404660392047 -16.629392246050905 42
      vertex 11.083207821972195 -16.51389186588295 42
    endloop
  endfacet
  facet normal 0 0 1
    outer loop
      vertex 10.439178682742929 -16.8646697541711 42
      vertex 11.083207821972195 -16.51389186588295 42
      vertex 11.021931431175998 -16.262890447677897 42
    endloop
  endfacet
  facet normal 0 0 1
    outer loop
      vertex 9.3672517847187 -16.25982575521059 42
      vertex 9.550599558996176 -16.798363941479895 42
      vertex 11.352272744213344 -14.160186059072075 42
    endloop
  endfacet
  facet normal 0 0 1
    outer loop
      vertex 9.669338030133638 -16.814787462089765 42
      vertex 12.056087364203133 -13.916124422096214 42
      vertex 9.550599558996176 -16.798363941479895 42
    endloop
  endfacet
  facet normal 0 0 1
    outer loop
      vertex 9.669338030133638 -16.814787462089765 42
      vertex 9.760157106484797 -16.769740409134023 42
      vertex 12.190344260571184 -13.851005153476702 42
    endloop
  endfacet
  facet normal 0 0 1
    outer loop
      vertex 9.761164013721903 -16.82556803661184 42
      vertex 12.321941079249333 -13.780665188437533 42
      vertex 9.760157106484797 -16.769740409134023 42
    endloop
  endfacet
  facet normal 0 0 1
    outer loop
      vertex 8.724265516682143 -16.6237727159136 42
      vertex 10.763324925326716 -14.25346622974679 42
      vertex 10.614367661445364 -14.26225069927565 42
    endloop
  endfacet
  facet normal 0 0 1
    outer loop
      vertex 8.724265516682143 -16.6237727159136 42
      vertex 10.911822471900688 -14.238840497989624 42
      vertex 10.763324925326716 -14.25346622974679 42
    endloop
  endfacet
  facet normal 0 0 1
    outer loop
      vertex 8.940485814244106 -16.680351351125775 42
      vertex 11.206523585222191 -14.19216442709318 42
      vertex 11.059631328713781 -14.218396055822428 42
    endloop
  endfacet
  facet normal 0 0 1
    outer loop
      vertex 9.761164013721903 -16.82556803661184 42
      vertex 10.330384827027979 -16.463392259792062 42
      vertex 12.321941079249333 -13.780665188437533 42
    endloop
  endfacet
  facet normal 0 0 1
    outer loop
      vertex 10.411691087876445 -16.86412996713792 42
      vertex 12.698764320272302 -13.539444940185705 42
      vertex 10.330384827027979 -16.463392259792062 42
    endloop
  endfacet
  facet normal 0 0 1
    outer loop
      vertex 9.550599558996176 -16.798363941479895 42
      vertex 11.496654071048187 -14.122510260084766 42
      vertex 11.352272744213344 -14.160186059072075 42
    endloop
  endfacet
  facet normal 0 0 1
    outer loop
      vertex 9.550599558996176 -16.798363941479895 42
      vertex 11.639444940185705 -14.079195123482489 42
      vertex 11.496654071048187 -14.122510260084766 42
    endloop
  endfacet
  facet normal 0 0 1
    outer loop
      vertex 12.38187898619668 -15.706338617614898 42
      vertex 12.988960966603674 -15.208119312000619 42
      vertex 13.565267421428468 -14.608725060693365 42
    endloop
  endfacet
  facet normal 0 0 1
    outer loop
      vertex 8.909677390825417 -16.428314712658654 42
      vertex 11.059631328713781 -14.218396055822428 42
      vertex 10.911822471900688 -14.238840497989624 42
    endloop
  endfacet
  facet normal 0 0 1
    outer loop
      vertex 9.3672517847187 -16.25982575521059 42
      vertex 11.352272744213344 -14.160186059072075 42
      vertex 11.206523585222191 -14.19216442709318 42
    endloop
  endfacet
  facet normal 0 0 1
    outer loop
      vertex 9.550599558996176 -16.798363941479895 42
      vertex 11.780425178455378 -14.030307438066345 42
      vertex 11.639444940185705 -14.079195123482489 42
    endloop
  endfacet
  facet normal 0 0 1
    outer loop
      vertex 9.550599558996176 -16.798363941479895 42
      vertex 11.919377404548245 -13.975922585103794 42
      vertex 11.780425178455378 -14.030307438066345 42
    endloop
  endfacet
  facet normal 0 0 1
    outer loop
      vertex 9.550599558996176 -16.798363941479895 42
      vertex 12.056087364203133 -13.916124422096214 42
      vertex 11.919377404548245 -13.975922585103794 42
    endloop
  endfacet
  facet normal 0 0 1
    outer loop
      vertex 9.669338030133638 -16.814787462089765 42
      vertex 12.190344260571184 -13.851005153476702 42
      vertex 12.056087364203133 -13.916124422096214 42
    endloop
  endfacet
  facet normal 0 0 1
    outer loop
      vertex 9.760157106484797 -16.769740409134023 42
      vertex 12.321941079249333 -13.780665188437533 42
      vertex 12.190344260571184 -13.851005153476702 42
    endloop
  endfacet
  facet normal 0 0 1
    outer loop
      vertex 10.330384827027979 -16.463392259792062 42
      vertex 12.450674907481512 -13.705212986106455 42
      vertex 12.321941079249333 -13.780665188437533 42
    endloop
  endfacet
  facet normal 0 0 1
    outer loop
      vertex 10.330384827027979 -16.463392259792062 42
      vertex 12.576347247035393 -13.624764888310576 42
      vertex 12.450674907481512 -13.705212986106455 42
    endloop
  endfacet
  facet normal 0 0 1
    outer loop
      vertex 10.330384827027979 -16.463392259792062 42
      vertex 12.698764320272302 -13.539444940185705 42
      vertex 12.576347247035393 -13.624764888310576 42
    endloop
  endfacet
  facet normal 0 0 1
    outer loop
      vertex 10.411691087876445 -16.86412996713792 42
      vertex 12.817737368938275 -13.449384698907735 42
      vertex 12.698764320272302 -13.539444940185705 42
    endloop
  endfacet
  facet normal 0 0 1
    outer loop
      vertex 10.411691087876445 -16.86412996713792 42
      vertex 12.9330829452156 -13.35472303084102 42
      vertex 12.817737368938275 -13.449384698907735 42
    endloop
  endfacet
  facet normal 0 0 1
    outer loop
      vertex 10.411691087876445 -16.86412996713792 42
      vertex 13.044623194586082 -13.25560589741651 42
      vertex 12.9330829452156 -13.35472303084102 42
    endloop
  endfacet
  facet normal 0 0 1
    outer loop
      vertex 10.411691087876445 -16.86412996713792 42
      vertex 13.152186130069786 -13.152186130069786 42
      vertex 13.044623194586082 -13.25560589741651 42
    endloop
  endfacet
  facet normal 0 0 1
    outer loop
      vertex 10.411691087876445 -16.86412996713792 42
      vertex 13.25560589741651 -13.044623194586082 42
      vertex 13.152186130069786 -13.152186130069786 42
    endloop
  endfacet
  facet normal 0 0 1
    outer loop
      vertex 10.411691087876445 -16.86412996713792 42
      vertex 13.35472303084102 -12.9330829452156 42
      vertex 13.25560589741651 -13.044623194586082 42
    endloop
  endfacet
  facet normal 0 0 1
    outer loop
      vertex 10.411691087876445 -16.86412996713792 42
      vertex 13.449384698907735 -12.817737368938275 42
      vertex 13.35472303084102 -12.9330829452156 42
    endloop
  endfacet
  facet normal 0 0 1
    outer loop
      vertex 10.411691087876445 -16.86412996713792 42
      vertex 13.539444940185705 -12.698764320272302 42
      vertex 13.449384698907735 -12.817737368938275 42
    endloop
  endfacet
  facet normal 0 0 1
    outer loop
      vertex 10.411691087876445 -16.86412996713792 42
      vertex 11.021931431175998 -16.262890447677897 42
      vertex 16.629392246050905 -8.745200156002229 42
    endloop
  endfacet
  facet normal 0 0 1
    outer loop
      vertex 11.111404660392047 -16.629392246050905 42
      vertex 16.629392246050905 -8.745200156002229 42
      vertex 11.083207821972195 -16.51389186588295 42
    endloop
  endfacet
  facet normal 0 0 1
    outer loop
      vertex 11.083207821972195 -16.51389186588295 42
      vertex 16.629392246050905 -8.745200156002229 42
      vertex 11.021931431175998 -16.262890447677897 42
    endloop
  endfacet
  facet normal 0 0 1
    outer loop
      vertex 12.988960966603674 -15.208119312000619 42
      vertex 13.576014910658834 -14.68645018871371 42
      vertex 13.565267421428468 -14.608725060693365 42
    endloop
  endfacet
  facet normal 0 0 1
    outer loop
      vertex 11.111404660392047 -16.629392246050905 42
      vertex 11.755705045849465 -16.180339887498953 42
      vertex 16.629392246050905 -11.111404660392047 42
    endloop
  endfacet
  facet normal 0 0 1
    outer loop
      vertex 11.755705045849465 -16.180339887498953 42
      vertex 12.38187898619668 -15.706338617614898 42
      vertex 16.180339887498953 -11.755705045849465 42
    endloop
  endfacet
  facet normal 0 0 1
    outer loop
      vertex 10.411691087876445 -16.86412996713792 42
      vertex 16.629392246050905 -8.745200156002229 42
      vertex 13.539444940185705 -12.698764320272302 42
    endloop
  endfacet
  facet normal 0 0 1
    outer loop
      vertex 13.576014910658834 -14.68645018871371 42
      vertex 14.13543713557317 -14.104616577689683 42
      vertex 13.565267421428468 -14.608725060693365 42
    endloop
  endfacet
  facet normal 0 0 1
    outer loop
      vertex 12.38187898619668 -15.706338617614898 42
      vertex 13.565267421428468 -14.608725060693365 42
      vertex 15.706338617614898 -12.38187898619668 42
    endloop
  endfacet
  facet normal 0 0 1
    outer loop
      vertex 13.576014910658834 -14.68645018871371 42
      vertex 14.142135623730951 -14.142135623730951 42
      vertex 14.13543713557317 -14.104616577689683 42
    endloop
  endfacet
  facet normal 0 0 1
    outer loop
      vertex 14.142135623730951 -14.142135623730951 42
      vertex 14.68645018871371 -13.576014910658834 42
      vertex 14.13543713557317 -14.104616577689683 42
    endloop
  endfacet
  facet normal 0 0 1
    outer loop
      vertex 13.565267421428468 -14.608725060693365 42
      vertex 14.13543713557317 -14.104616577689683 42
      vertex 15.208119312000619 -12.988960966603674 42
    endloop
  endfacet
  facet normal 0 0 1
    outer loop
      vertex 14.13543713557317 -14.104616577689683 42
      vertex 14.68645018871371 -13.576014910658834 42
      vertex 15.208119312000619 -12.988960966603674 42
    endloop
  endfacet
  facet normal 0 0 1
    outer loop
      vertex 12.38187898619668 -15.706338617614898 42
      vertex 15.706338617614898 -12.38187898619668 42
      vertex 16.180339887498953 -11.755705045849465 42
    endloop
  endfacet
  facet normal 0 0 1
    outer loop
      vertex 13.565267421428468 -14.608725060693365 42
      vertex 15.208119312000619 -12.988960966603674 42
      vertex 15.706338617614898 -12.38187898619668 42
    endloop
  endfacet
  facet normal 0 0 1
    outer loop
      vertex 11.111404660392047 -16.629392246050905 42
      vertex 16.629392246050905 -11.111404660392047 42
      vertex 16.629392246050905 -10.95388713083051 42
    endloop
  endfacet
  facet normal 0 0 1
    outer loop
      vertex 11.755705045849465 -16.180339887498953 42
      vertex 16.180339887498953 -11.755705045849465 42
      vertex 16.629392246050905 -11.111404660392047 42
    endloop
  endfacet
  facet normal 0 0 1
    outer loop
      vertex 11.111404660392047 -16.629392246050905 42
      vertex 16.629392246050905 -10.95388713083051 42
      vertex 16.629392246050905 -8.745200156002229 42
    endloop
  endfacet
  facet normal 0 0 1
    outer loop
      vertex 13.539444940185705 -12.698764320272302 42
      vertex 16.629392246050905 -8.745200156002229 42
      vertex 13.624764888310576 -12.576347247035393 42
    endloop
  endfacet
  facet normal 0 0 1
    outer loop
      vertex 13.624764888310576 -12.576347247035393 42
      vertex 16.629392246050905 -8.745200156002229 42
      vertex 13.705212986106455 -12.450674907481512 42
    endloop
  endfacet
  facet normal 0 0 1
    outer loop
      vertex 13.705212986106455 -12.450674907481512 42
      vertex 16.629392246050905 -8.745200156002229 42
      vertex 13.780665188437533 -12.321941079249333 42
    endloop
  endfacet
  facet normal 0 0 1
    outer loop
      vertex 13.780665188437533 -12.321941079249333 42
      vertex 16.629392246050905 -8.745200156002229 42
      vertex 13.851005153476702 -12.190344260571184 42
    endloop
  endfacet
  facet normal 0 0 1
    outer loop
      vertex 13.851005153476702 -12.190344260571184 42
      vertex 16.629392246050905 -8.745200156002229 42
      vertex 13.916124422096214 -12.056087364203133 42
    endloop
  endfacet
  facet normal 0 0 1
    outer loop
      vertex 13.916124422096214 -12.056087364203133 42
      vertex 16.629392246050905 -8.745200156002229 42
      vertex 13.975922585103794 -11.919377404548245 42
    endloop
  endfacet
  facet normal 0 0 1
    outer loop
      vertex 13.975922585103794 -11.919377404548245 42
      vertex 16.629392246050905 -8.745200156002229 42
      vertex 14.030307438066345 -11.780425178455378 42
    endloop
  endfacet
  facet normal 0 0 1
    outer loop
      vertex 14.030307438066345 -11.780425178455378 42
      vertex 16.629392246050905 -8.745200156002229 42
      vertex 14.079195123482489 -11.639444940185705 42
    endloop
  endfacet
  facet normal 0 0 1
    outer loop
      vertex 14.079195123482489 -11.639444940185705 42
      vertex 16.601915367847166 -8.751860546705862 42
      vertex 14.122510260084766 -11.496654071048187 42
    endloop
  endfacet
  facet normal 0 0 1
    outer loop
      vertex 14.122510260084766 -11.496654071048187 42
      vertex 16.601915367847166 -8.751860546705862 42
      vertex 14.160186059072075 -11.352272744213344 42
    endloop
  endfacet
  facet normal 0 0 1
    outer loop
      vertex 14.160186059072075 -11.352272744213344 42
      vertex 16.601915367847166 -8.751860546705862 42
      vertex 14.19216442709318 -11.206523585222191 42
    endloop
  endfacet
  facet normal 0 0 1
    outer loop
      vertex 14.19216442709318 -11.206523585222191 42
      vertex 16.60070863048731 -8.648233416538453 42
      vertex 14.218396055822428 -11.059631328713781 42
    endloop
  endfacet
  facet normal 0 0 1
    outer loop
      vertex 14.218396055822428 -11.059631328713781 42
      vertex 16.523957352789736 -8.406770466355182 42
      vertex 14.238840497989624 -10.911822471900688 42
    endloop
  endfacet
  facet normal 0 0 1
    outer loop
      vertex 14.238840497989624 -10.911822471900688 42
      vertex 16.523957352789736 -8.406770466355182 42
      vertex 14.25346622974679 -10.763324925326716 42
    endloop
  endfacet
  facet normal 0 0 1
    outer loop
      vertex 16.629392246050905 -11.111404660392047 42
      vertex 17.052803287081844 -10.449971294318976 42
      vertex 16.629392246050905 -10.95388713083051 42
    endloop
  endfacet
  facet normal 0 0 1
    outer loop
      vertex 16.629392246050905 -10.95388713083051 42
      vertex 17.052803287081844 -10.449971294318976 42
      vertex 16.629392246050905 -8.745200156002229 42
    endloop
  endfacet
  facet normal 0 0 1
    outer loop
      vertex 9.93508472027718 -6.43172164477277 42
      vertex 10.518225764705045 -5.23710267025494 42
      vertex 10.307998629647946 -5.376771959027977 42
    endloop
  endfacet
  facet normal 0 0 1
    outer loop
      vertex 10.01853825122112 -6.691520225132184 42
      vertex 12.170066957549215 -4.339094416521636 42
      vertex 9.93508472027718 -6.43172164477277 42
    endloop
  endfacet
  facet normal 0 0 1
    outer loop
      vertex 10.01853825122112 -6.691520225132184 42
      vertex 10.167035797795092 -6.676894493375017 42
      vertex 12.21574394998112 -4.309514921562488 42
    endloop
  endfacet
  facet normal 0 0 1
    outer loop
      vertex 10.167035797795092 -6.676894493375017 42
      vertex 10.315993061676444 -6.6681100238461575 42
      vertex 12.423196979278337 -4.3724451100040955 42
    endloop
  endfacet
  facet normal 0 0 1
    outer loop
      vertex 10.315993061676444 -6.6681100238461575 42
      vertex 10.465180361560904 -6.665180361560903 42
      vertex 12.416283767797903 -4.407200171148098 42
    endloop
  endfacet
  facet normal 0 0 1
    outer loop
      vertex 10.465180361560904 -6.665180361560903 42
      vertex 10.614367661445367 -6.668110023846158 42
      vertex 12.463891594762735 -4.38570167877848 42
    endloop
  endfacet
  facet normal 0 0 1
    outer loop
      vertex 12 -4.252651478882116 42
      vertex 10.518225764705045 -5.23710267025494 42
      vertex 9.93508472027718 -6.43172164477277 42
    endloop
  endfacet
  facet normal 0 0 1
    outer loop
      vertex 11.780425178455378 -6.900053285055464 42
      vertex 12.455868414138063 -6.110651592401727 42
      vertex 11.639444940185705 -6.8511655996393195 42
    endloop
  endfacet
  facet normal 0 0 1
    outer loop
      vertex 11.780425178455378 -6.900053285055464 42
      vertex 11.919377404548246 -6.954438138018016 42
      vertex 12.455868414138063 -6.110651592401727 42
    endloop
  endfacet
  facet normal 0 0 1
    outer loop
      vertex 11.496654071048187 -6.807850463037045 42
      vertex 11.639444940185705 -6.8511655996393195 42
      vertex 12.659927039860149 -5.8136351835762685 42
    endloop
  endfacet
  facet normal 0 0 1
    outer loop
      vertex 11.919377404548246 -6.954438138018016 42
      vertex 12.056087364203131 -7.014236301025596 42
      vertex 12.917578616240721 -5.972802706581721 42
    endloop
  endfacet
  facet normal 0 0 1
    outer loop
      vertex 10.614367661445367 -6.668110023846158 42
      vertex 10.763324925326716 -6.676894493375018 42
      vertex 12.652975911400862 -4.490346786145427 42
    endloop
  endfacet
  facet normal 0 0 1
    outer loop
      vertex 10.763324925326716 -6.676894493375018 42
      vertex 10.911822471900688 -6.691520225132185 42
      vertex 12.703943311340321 -4.4699980687487635 42
    endloop
  endfacet
  facet normal 0 0 1
    outer loop
      vertex 10.911822471900688 -6.691520225132185 42
      vertex 11.059631328713783 -6.711964667299382 42
      vertex 12.881486866804309 -4.587907173447626 42
    endloop
  endfacet
  facet normal 0 0 1
    outer loop
      vertex 11.059631328713783 -6.711964667299382 42
      vertex 11.206523585222191 -6.738196296028628 42
      vertex 12.939370088576002 -4.563293471317909 42
    endloop
  endfacet
  facet normal 0 0 1
    outer loop
      vertex 10.01853825122112 -6.691520225132184 42
      vertex 12.21574394998112 -4.309514921562488 42
      vertex 12.170066957549215 -4.339094416521636 42
    endloop
  endfacet
  facet normal 0 0 1
    outer loop
      vertex 9.93508472027718 -6.43172164477277 42
      vertex 12.170066957549215 -4.339094416521636 42
      vertex 12.17331089008281 -4.297876345561318 42
    endloop
  endfacet
  facet normal 0 0 1
    outer loop
      vertex 10.167035797795092 -6.676894493375017 42
      vertex 12.423196979278337 -4.3724451100040955 42
      vertex 12.21574394998112 -4.309514921562488 42
    endloop
  endfacet
  facet normal 0 0 1
    outer loop
      vertex 10.465180361560904 -6.665180361560903 42
      vertex 12.463891594762735 -4.38570167877848 42
      vertex 12.416283767797903 -4.407200171148098 42
    endloop
  endfacet
  facet normal 0 0 1
    outer loop
      vertex 10.315993061676444 -6.6681100238461575 42
      vertex 12.416283767797903 -4.407200171148098 42
      vertex 12.423196979278337 -4.3724451100040955 42
    endloop
  endfacet
  facet normal 0 0 1
    outer loop
      vertex 11.206523585222191 -6.738196296028628 42
      vertex 11.352272744213344 -6.770174664049733 42
      vertex 13.106632370669562 -4.694140100244399 42
    endloop
  endfacet
  facet normal 0 0 1
    outer loop
      vertex 11.352272744213344 -6.770174664049733 42
      vertex 11.496654071048187 -6.807850463037045 42
      vertex 13.17336894691694 -4.667016689100944 42
    endloop
  endfacet
  facet normal 0 0 1
    outer loop
      vertex 11.639444940185705 -6.8511655996393195 42
      vertex 12.455868414138063 -6.110651592401727 42
      vertex 12.93242926315592 -5.567570736844082 42
    endloop
  endfacet
  facet normal 0 0 1
    outer loop
      vertex 11.639444940185705 -6.8511655996393195 42
      vertex 12.93242926315592 -5.567570736844082 42
      vertex 12.659927039860149 -5.8136351835762685 42
    endloop
  endfacet
  facet normal 0 0 1
    outer loop
      vertex 10.614367661445367 -6.668110023846158 42
      vertex 12.66438689527858 -4.455227388901658 42
      vertex 12.463891594762735 -4.38570167877848 42
    endloop
  endfacet
  facet normal 0 0 1
    outer loop
      vertex 10.614367661445367 -6.668110023846158 42
      vertex 12.652975911400862 -4.490346786145427 42
      vertex 12.66438689527858 -4.455227388901658 42
    endloop
  endfacet
  facet normal 0 0 1
    outer loop
      vertex 10.763324925326716 -6.676894493375018 42
      vertex 12.703943311340321 -4.4699980687487635 42
      vertex 12.652975911400862 -4.490346786145427 42
    endloop
  endfacet
  facet normal 0 0 1
    outer loop
      vertex 10.911822471900688 -6.691520225132185 42
      vertex 12.900396751326044 -4.546888463008947 42
      vertex 12.703943311340321 -4.4699980687487635 42
    endloop
  endfacet
  facet normal 0 0 1
    outer loop
      vertex 11.206523585222191 -6.738196296028628 42
      vertex 13.134509286856385 -4.648649107567063 42
      vertex 12.939370088576002 -4.563293471317909 42
    endloop
  endfacet
  facet normal 0 0 1
    outer loop
      vertex 11.206523585222191 -6.738196296028628 42
      vertex 13.106632370669562 -4.694140100244399 42
      vertex 13.134509286856385 -4.648649107567063 42
    endloop
  endfacet
  facet normal 0 0 1
    outer loop
      vertex 10.911822471900688 -6.691520225132185 42
      vertex 12.881486866804309 -4.587907173447626 42
      vertex 12.900396751326044 -4.546888463008947 42
    endloop
  endfacet
  facet normal 0 0 1
    outer loop
      vertex 11.059631328713783 -6.711964667299382 42
      vertex 12.939370088576002 -4.563293471317909 42
      vertex 12.881486866804309 -4.587907173447626 42
    endloop
  endfacet
  facet normal 0 0 1
    outer loop
      vertex 14.25346622974679 -10.763324925326716 42
      vertex 16.120678252061285 -8.294385629059514 42
      vertex 14.26225069927565 -10.614367661445364 42
    endloop
  endfacet
  facet normal 0 0 1
    outer loop
      vertex 14.26225069927565 -10.614367661445364 42
      vertex 16.120678252061285 -8.294385629059514 42
      vertex 14.265180361560903 -10.465180361560902 42
    endloop
  endfacet
  facet normal 0 0 1
    outer loop
      vertex 14.265180361560903 -10.465180361560902 42
      vertex 16.120678252061285 -8.294385629059514 42
      vertex 14.262250699275654 -10.315993061676444 42
    endloop
  endfacet
  facet normal 0 0 1
    outer loop
      vertex 14.262250699275654 -10.315993061676444 42
      vertex 16.120678252061285 -8.294385629059514 42
      vertex 14.253466229746792 -10.167035797795094 42
    endloop
  endfacet
  facet normal 0 0 1
    outer loop
      vertex 14.253466229746792 -10.167035797795094 42
      vertex 16.120678252061285 -8.294385629059514 42
      vertex 14.238840497989624 -10.01853825122112 42
    endloop
  endfacet
  facet normal 0 0 1
    outer loop
      vertex 14.238840497989624 -10.01853825122112 42
      vertex 16.120678252061285 -8.294385629059514 42
      vertex 14.218396055822426 -9.870729394408025 42
    endloop
  endfacet
  facet normal 0 0 1
    outer loop
      vertex 14.19216442709318 -9.723837137899617 42
      vertex 16.106027423090854 -7.444405597244616 42
      vertex 14.160186059072075 -9.578087978908464 42
    endloop
  endfacet
  facet normal 0 0 1
    outer loop
      vertex 14.160186059072075 -9.578087978908464 42
      vertex 16.000488484383094 -7.390651346993725 42
      vertex 14.122510260084763 -9.43370665207362 42
    endloop
  endfacet
  facet normal 0 0 1
    outer loop
      vertex 14.19216442709318 -9.723837137899617 42
      vertex 14.218396055822426 -9.870729394408025 42
      vertex 16.106027423090854 -7.444405597244616 42
    endloop
  endfacet
  facet normal 0 0 1
    outer loop
      vertex 14.079195123482489 -9.290915782936104 42
      vertex 15.846428082054658 -7.1998695169683815 42
      vertex 14.030307438066345 -9.14993554466643 42
    endloop
  endfacet
  facet normal 0 0 1
    outer loop
      vertex 14.030307438066345 -9.14993554466643 42
      vertex 15.846428082054658 -7.1998695169683815 42
      vertex 13.975922585103795 -9.010983318573565 42
    endloop
  endfacet
  facet normal 0 0 1
    outer loop
      vertex 14.079195123482489 -9.290915782936104 42
      vertex 14.122510260084763 -9.43370665207362 42
      vertex 16.000488484383094 -7.390651346993725 42
    endloop
  endfacet
  facet normal 0 0 1
    outer loop
      vertex 12.056087364203131 -7.014236301025596 42
      vertex 13.180916997461528 -6.052387450812569 42
      vertex 12.917578616240721 -5.972802706581721 42
    endloop
  endfacet
  facet normal 0 0 1
    outer loop
      vertex 11.919377404548246 -6.954438138018016 42
      vertex 13.777408083729114 -5.041318884079599 42
      vertex 12.455868414138063 -6.110651592401727 42
    endloop
  endfacet
  facet normal 0 0 1
    outer loop
      vertex 11.496654071048187 -6.807850463037045 42
      vertex 12.659927039860149 -5.8136351835762685 42
      vertex 13.364205251633457 -4.7695138890551165 42
    endloop
  endfacet
  facet normal 0 0 1
    outer loop
      vertex 11.919377404548246 -6.954438138018016 42
      vertex 12.917578616240721 -5.972802706581721 42
      vertex 13.782484561087 -5.037152726782842 42
    endloop
  endfacet
  facet normal 0 0 1
    outer loop
      vertex 12.455868414138063 -6.110651592401727 42
      vertex 13.269132022101958 -5.230867977898041 42
      vertex 12.93242926315592 -5.567570736844082 42
    endloop
  endfacet
  facet normal 0 0 1
    outer loop
      vertex 11.352272744213344 -6.770174664049733 42
      vertex 13.17336894691694 -4.667016689100944 42
      vertex 13.106632370669562 -4.694140100244399 42
    endloop
  endfacet
  facet normal 0 0 1
    outer loop
      vertex 11.496654071048187 -6.807850463037045 42
      vertex 13.364205251633457 -4.7695138890551165 42
      vertex 13.17336894691694 -4.667016689100944 42
    endloop
  endfacet
  facet normal 0 0 1
    outer loop
      vertex 12.659927039860149 -5.8136351835762685 42
      vertex 12.93242926315592 -5.567570736844082 42
      vertex 13.269132022101958 -5.230867977898041 42
    endloop
  endfacet
  facet normal 0 0 1
    outer loop
      vertex 12.917578616240721 -5.972802706581721 42
      vertex 13.180916997461528 -6.052387450812569 42
      vertex 13.582013570206293 -5.600170836685927 42
    endloop
  endfacet
  facet normal 0 0 1
    outer loop
      vertex 11.919377404548246 -6.954438138018016 42
      vertex 13.782484561087 -5.037152726782842 42
      vertex 13.777408083729114 -5.041318884079599 42
    endloop
  endfacet
  facet normal 0 0 1
    outer loop
      vertex 13.180916997461528 -6.052387450812569 42
      vertex 13.652146570157392 -5.542614171069554 42
      vertex 13.582013570206293 -5.600170836685927 42
    endloop
  endfacet
  facet normal 0 0 1
    outer loop
      vertex 12.659927039860149 -5.8136351835762685 42
      vertex 13.269132022101958 -5.230867977898041 42
      vertex 13.56863262176977 -4.8685253422780645 42
    endloop
  endfacet
  facet normal 0 0 1
    outer loop
      vertex 12.659927039860149 -5.8136351835762685 42
      vertex 13.56863262176977 -4.8685253422780645 42
      vertex 13.408959272173131 -4.783178158804098 42
    endloop
  endfacet
  facet normal 0 0 1
    outer loop
      vertex 12.659927039860149 -5.8136351835762685 42
      vertex 13.408959272173131 -4.783178158804098 42
      vertex 13.364205251633457 -4.7695138890551165 42
    endloop
  endfacet
  facet normal 0 0 1
    outer loop
      vertex 9.93508472027718 -6.43172164477277 42
      vertex 12.17331089008281 -4.297876345561318 42
      vertex 12 -4.252651478882116 42
    endloop
  endfacet
  facet normal 0 0 1
    outer loop
      vertex 12 -4.252651478882116 42
      vertex 11.414803221774381 -4.228849959954594 42
      vertex 10.518225764705045 -5.23710267025494 42
    endloop
  endfacet
  facet normal 0 0 1
    outer loop
      vertex 12.17331089008281 -4.297876345561318 42
      vertex 11.126549290803487 -2.731185281548937 42
      vertex 12 -4.252651478882116 42
    endloop
  endfacet
  facet normal 0 0 1
    outer loop
      vertex 12.17331089008281 -4.297876345561318 42
      vertex 12.21574394998112 -4.309514921562488 42
      vertex 11.126549290803487 -2.731185281548937 42
    endloop
  endfacet
  facet normal 0 0 1
    outer loop
      vertex 12.416283767797903 -4.407200171148098 42
      vertex 12.463891594762735 -4.38570167877848 42
      vertex 12.423196979278337 -4.3724451100040955 42
    endloop
  endfacet
  facet normal 0 0 1
    outer loop
      vertex 12.21574394998112 -4.309514921562488 42
      vertex 12.423196979278337 -4.3724451100040955 42
      vertex 11.126549290803487 -2.731185281548937 42
    endloop
  endfacet
  facet normal 0 0 1
    outer loop
      vertex 12.423196979278337 -4.3724451100040955 42
      vertex 12.463891594762735 -4.38570167877848 42
      vertex 11.126549290803487 -2.731185281548937 42
    endloop
  endfacet
  facet normal 0 0 1
    outer loop
      vertex 12.463891594762735 -4.38570167877848 42
      vertex 12.66438689527858 -4.455227388901658 42
      vertex 11.126549290803487 -2.731185281548937 42
    endloop
  endfacet
  facet normal 0 0 1
    outer loop
      vertex 12.66438689527858 -4.455227388901658 42
      vertex 12.703943311340321 -4.4699980687487635 42
      vertex 11.126549290803487 -2.731185281548937 42
    endloop
  endfacet
  facet normal 0 0 1
    outer loop
      vertex 12.170066957549215 -4.339094416521636 42
      vertex 12.21574394998112 -4.309514921562488 42
      vertex 12.17331089008281 -4.297876345561318 42
    endloop
  endfacet
  facet normal 0 0 1
    outer loop
      vertex 12.703943311340321 -4.4699980687487635 42
      vertex 12.900396751326044 -4.546888463008947 42
      vertex 11.126549290803487 -2.731185281548937 42
    endloop
  endfacet
  facet normal 0 0 1
    outer loop
      vertex 12.900396751326044 -4.546888463008947 42
      vertex 12.939370088576002 -4.563293471317909 42
      vertex 11.126549290803487 -2.731185281548937 42
    endloop
  endfacet
  facet normal 0 0 1
    outer loop
      vertex 12.939370088576002 -4.563293471317909 42
      vertex 13.134509286856385 -4.648649107567063 42
      vertex 11.126549290803487 -2.731185281548937 42
    endloop
  endfacet
  facet normal 0 0 1
    outer loop
      vertex 13.134509286856385 -4.648649107567063 42
      vertex 13.17336894691694 -4.667016689100944 42
      vertex 11.126549290803487 -2.731185281548937 42
    endloop
  endfacet
  facet normal 0 0 1
    outer loop
      vertex 12 -4.252651478882116 42
      vertex 11.126549290803487 -2.731185281548937 42
      vertex 11.414803221774381 -4.228849959954594 42
    endloop
  endfacet
  facet normal 0 0 1
    outer loop
      vertex 11.236937458840595 -0.6 42
      vertex 11.230266568193557 -0.6634692848501976 42
      vertex 11.397377347973842 -0.6679690691123554 42
    endloop
  endfacet
  facet normal 0 0 1
    outer loop
      vertex 12.652975911400862 -4.490346786145427 42
      vertex 12.703943311340321 -4.4699980687487635 42
      vertex 12.66438689527858 -4.455227388901658 42
    endloop
  endfacet
  facet normal 0 0 1
    outer loop
      vertex 12.881486866804309 -4.587907173447626 42
      vertex 12.939370088576002 -4.563293471317909 42
      vertex 12.900396751326044 -4.546888463008947 42
    endloop
  endfacet
  facet normal 0 0 1
    outer loop
      vertex 13.17336894691694 -4.667016689100944 42
      vertex 13.364205251633457 -4.7695138890551165 42
      vertex 13.36987094060713 -4.762326996858261 42
    endloop
  endfacet
  facet normal 0 0 1
    outer loop
      vertex 13.364205251633457 -4.7695138890551165 42
      vertex 13.408959272173131 -4.783178158804098 42
      vertex 13.36987094060713 -4.762326996858261 42
    endloop
  endfacet
  facet normal 0 0 1
    outer loop
      vertex 13.106632370669562 -4.694140100244399 42
      vertex 13.17336894691694 -4.667016689100944 42
      vertex 13.134509286856385 -4.648649107567063 42
    endloop
  endfacet
  facet normal 0 0 1
    outer loop
      vertex 13.17336894691694 -4.667016689100944 42
      vertex 16.48950924922775 -0.8050846700342109 42
      vertex 11.126549290803487 -2.731185281548937 42
    endloop
  endfacet
  facet normal 0 0 1
    outer loop
      vertex 12.455868414138063 -6.110651592401727 42
      vertex 16.275515129887218 -2.7006826590492996 42
      vertex 13.269132022101958 -5.230867977898041 42
    endloop
  endfacet
  facet normal 0 0 1
    outer loop
      vertex 12.917578616240721 -5.972802706581721 42
      vertex 13.582013570206293 -5.600170836685927 42
      vertex 16.219620124567804 -3.013684323706293 42
    endloop
  endfacet
  facet normal 0 0 1
    outer loop
      vertex 13.180916997461528 -6.052387450812569 42
      vertex 16.219620124567804 -3.013684323706293 42
      vertex 13.652146570157392 -5.542614171069554 42
    endloop
  endfacet
  facet normal 0 0 1
    outer loop
      vertex 12.455868414138063 -6.110651592401727 42
      vertex 13.777408083729114 -5.041318884079599 42
      vertex 16.275515129887218 -2.7006826590492996 42
    endloop
  endfacet
  facet normal 0 0 1
    outer loop
      vertex 12.917578616240721 -5.972802706581721 42
      vertex 16.219620124567804 -3.013684323706293 42
      vertex 13.782484561087 -5.037152726782842 42
    endloop
  endfacet
  facet normal 0 0 1
    outer loop
      vertex 13.582013570206293 -5.600170836685927 42
      vertex 13.652146570157392 -5.542614171069554 42
      vertex 16.219620124567804 -3.013684323706293 42
    endloop
  endfacet
  facet normal 0 0 1
    outer loop
      vertex 13.269132022101958 -5.230867977898041 42
      vertex 16.3575381223453 -2.1424618776547018 42
      vertex 13.56863262176977 -4.8685253422780645 42
    endloop
  endfacet
  facet normal 0 0 1
    outer loop
      vertex 13.777408083729114 -5.041318884079599 42
      vertex 13.782484561087 -5.037152726782842 42
      vertex 16.275515129887218 -2.7006826590492996 42
    endloop
  endfacet
  facet normal 0 0 1
    outer loop
      vertex 13.408959272173131 -4.783178158804098 42
      vertex 13.56863262176977 -4.8685253422780645 42
      vertex 16.385705498799904 -1.938595832941977 42
    endloop
  endfacet
  facet normal 0 0 1
    outer loop
      vertex 13.17336894691694 -4.667016689100944 42
      vertex 13.36987094060713 -4.762326996858261 42
      vertex 16.47707240343763 -0.8208607337005769 42
    endloop
  endfacet
  facet normal 0 0 1
    outer loop
      vertex 13.36987094060713 -4.762326996858261 42
      vertex 13.408959272173131 -4.783178158804098 42
      vertex 16.44937951548736 -1.2904459265790655 42
    endloop
  endfacet
  facet normal 0 0 1
    outer loop
      vertex 16.48950924922775 -0.8050846700342109 42
      vertex 11.397377347973842 -0.6679690691123554 42
      vertex 11.126549290803487 -2.731185281548937 42
    endloop
  endfacet
  facet normal 0 0 1
    outer loop
      vertex 16.488893999710008 -0.6 42
      vertex 11.236937458840595 -0.6 42
      vertex 11.397377347973842 -0.6679690691123554 42
    endloop
  endfacet
  facet normal 0 0 1
    outer loop
      vertex 16.48950924922775 -0.8050846700342109 42
      vertex 16.488893999710008 -0.6 42
      vertex 11.397377347973842 -0.6679690691123554 42
    endloop
  endfacet
  facet normal 0 0 1
    outer loop
      vertex 14.25346622974679 -10.763324925326716 42
      vertex 16.46718928941028 -8.243859329585336 42
      vertex 16.120678252061285 -8.294385629059514 42
    endloop
  endfacet
  facet normal 0 0 1
    outer loop
      vertex 14.079195123482489 -11.639444940185705 42
      vertex 16.629392246050905 -8.745200156002229 42
      vertex 16.601915367847166 -8.751860546705862 42
    endloop
  endfacet
  facet normal 0 0 1
    outer loop
      vertex 14.19216442709318 -11.206523585222191 42
      vertex 16.601915367847166 -8.751860546705862 42
      vertex 16.60070863048731 -8.648233416538453 42
    endloop
  endfacet
  facet normal 0 0 1
    outer loop
      vertex 14.218396055822428 -11.059631328713781 42
      vertex 16.60070863048731 -8.648233416538453 42
      vertex 16.560397497736233 -8.515345420956278 42
    endloop
  endfacet
  facet normal 0 0 1
    outer loop
      vertex 14.218396055822428 -11.059631328713781 42
      vertex 16.560397497736233 -8.515345420956278 42
      vertex 16.528108432231107 -8.513254677151368 42
    endloop
  endfacet
  facet normal 0 0 1
    outer loop
      vertex 14.218396055822428 -11.059631328713781 42
      vertex 16.528108432231107 -8.513254677151368 42
      vertex 16.523957352789736 -8.406770466355182 42
    endloop
  endfacet
  facet normal 0 0 1
    outer loop
      vertex 14.25346622974679 -10.763324925326716 42
      vertex 16.523957352789736 -8.406770466355182 42
      vertex 16.467657563277253 -8.252137825665752 42
    endloop
  endfacet
  facet normal 0 0 1
    outer loop
      vertex 14.25346622974679 -10.763324925326716 42
      vertex 16.467657563277253 -8.252137825665752 42
      vertex 16.46718928941028 -8.243859329585336 42
    endloop
  endfacet
  facet normal 0 0 1
    outer loop
      vertex 14.218396055822426 -9.870729394408025 42
      vertex 16.120678252061285 -8.294385629059514 42
      vertex 16.106027423090854 -7.444405597244616 42
    endloop
  endfacet
  facet normal 0 0 1
    outer loop
      vertex 14.160186059072075 -9.578087978908464 42
      vertex 16.106027423090854 -7.444405597244616 42
      vertex 16.000488484383094 -7.390651346993725 42
    endloop
  endfacet
  facet normal 0 0 1
    outer loop
      vertex 13.975922585103795 -9.010983318573565 42
      vertex 15.696076853759802 -7.007442983518909 42
      vertex 15.695931822525079 -6.931485175444444 42
    endloop
  endfacet
  facet normal 0 0 1
    outer loop
      vertex 13.975922585103795 -9.010983318573565 42
      vertex 15.846428082054658 -7.1998695169683815 42
      vertex 15.696076853759802 -7.007442983518909 42
    endloop
  endfacet
  facet normal 0 0 1
    outer loop
      vertex 14.079195123482489 -9.290915782936104 42
      vertex 16.000488484383094 -7.390651346993725 42
      vertex 15.994475426795539 -7.244712428479481 42
    endloop
  endfacet
  facet normal 0 0 1
    outer loop
      vertex 14.079195123482489 -9.290915782936104 42
      vertex 15.994475426795539 -7.244712428479481 42
      vertex 15.846428082054658 -7.1998695169683815 42
    endloop
  endfacet
  facet normal 0 0 1
    outer loop
      vertex 16.120678252061285 -8.294385629059514 42
      vertex 16.380304053774665 -8.02186926712281 42
      vertex 16.106027423090854 -7.444405597244616 42
    endloop
  endfacet
  facet normal 0 0 1
    outer loop
      vertex 16.528108432231107 -8.513254677151368 42
      vertex 16.560397497736233 -8.515345420956278 42
      vertex 16.523957352789736 -8.406770466355182 42
    endloop
  endfacet
  facet normal 0 0 1
    outer loop
      vertex 16.120678252061285 -8.294385629059514 42
      vertex 16.46718928941028 -8.243859329585336 42
      vertex 16.380304053774665 -8.02186926712281 42
    endloop
  endfacet
  facet normal 0 0 1
    outer loop
      vertex 16.523957352789736 -8.406770466355182 42
      vertex 16.46718928941028 -8.243859329585336 42
      vertex 16.467657563277253 -8.252137825665752 42
    endloop
  endfacet
  facet normal 0 0 1
    outer loop
      vertex 16.629392246050905 -8.745200156002229 42
      vertex 16.60070863048731 -8.648233416538453 42
      vertex 16.601915367847166 -8.751860546705862 42
    endloop
  endfacet
  facet normal 0 0 1
    outer loop
      vertex 15.696076853759802 -7.007442983518909 42
      vertex 15.830134322925847 -6.977560255876822 42
      vertex 15.695931822525079 -6.931485175444444 42
    endloop
  endfacet
  facet normal 0 0 1
    outer loop
      vertex 15.846428082054658 -7.1998695169683815 42
      vertex 15.830134322925847 -6.977560255876822 42
      vertex 15.696076853759802 -7.007442983518909 42
    endloop
  endfacet
  facet normal 0 0 1
    outer loop
      vertex 15.846428082054658 -7.1998695169683815 42
      vertex 15.994475426795539 -7.244712428479481 42
      vertex 15.830134322925847 -6.977560255876822 42
    endloop
  endfacet
  facet normal 0 0 1
    outer loop
      vertex 16.000488484383094 -7.390651346993725 42
      vertex 16.106027423090854 -7.444405597244616 42
      vertex 15.994475426795539 -7.244712428479481 42
    endloop
  endfacet
  facet normal 0 0 1
    outer loop
      vertex 16.380304053774665 -8.02186926712281 42
      vertex 19.794705503028748 -2.8327114949407757 42
      vertex 16.106027423090854 -7.444405597244616 42
    endloop
  endfacet
  facet normal 0 0 1
    outer loop
      vertex 15.994475426795539 -7.244712428479481 42
      vertex 16.106027423090854 -7.444405597244616 42
      vertex 19.794705503028748 -2.8327114949407757 42
    endloop
  endfacet
  facet normal 0 0 1
    outer loop
      vertex 15.994475426795539 -7.244712428479481 42
      vertex 19.794705503028748 -2.8327114949407757 42
      vertex 15.830134322925847 -6.977560255876822 42
    endloop
  endfacet
  facet normal 0 0 1
    outer loop
      vertex 15.695931822525079 -6.931485175444444 42
      vertex 15.830134322925847 -6.977560255876822 42
      vertex 19.794705503028748 -2.8327114949407757 42
    endloop
  endfacet
  facet normal 0 0 1
    outer loop
      vertex 16.629392246050905 -8.745200156002229 42
      vertex 17.052803287081844 -10.449971294318976 42
      vertex 19.794705503028748 -2.8327114949407757 42
    endloop
  endfacet
  facet normal 0 0 1
    outer loop
      vertex 16.560397497736233 -8.515345420956278 42
      vertex 19.794705503028748 -2.8327114949407757 42
      vertex 16.523957352789736 -8.406770466355182 42
    endloop
  endfacet
  facet normal 0 0 1
    outer loop
      vertex 16.629392246050905 -8.745200156002229 42
      vertex 19.794705503028748 -2.8327114949407757 42
      vertex 16.60070863048731 -8.648233416538453 42
    endloop
  endfacet
  facet normal 0 0 1
    outer loop
      vertex 16.60070863048731 -8.648233416538453 42
      vertex 19.794705503028748 -2.8327114949407757 42
      vertex 16.560397497736233 -8.515345420956278 42
    endloop
  endfacet
  facet normal 0 0 1
    outer loop
      vertex 16.523957352789736 -8.406770466355182 42
      vertex 19.794705503028748 -2.8327114949407757 42
      vertex 16.46718928941028 -8.243859329585336 42
    endloop
  endfacet
  facet normal 0 0 1
    outer loop
      vertex 16.46718928941028 -8.243859329585336 42
      vertex 19.794705503028748 -2.8327114949407757 42
      vertex 16.380304053774665 -8.02186926712281 42
    endloop
  endfacet
  facet normal 0 0 1
    outer loop
      vertex 18.162863476501624 -8.373194750748562 42
      vertex 18.477590650225736 -7.653668647301796 42
      vertex 19.794705503028748 -2.8327114949407757 42
    endloop
  endfacet
  facet normal 0 0 1
    outer loop
      vertex 18.477590650225736 -7.653668647301796 42
      vertex 18.763826718449682 -6.922341141549859 42
      vertex 19.794705503028748 -2.8327114949407757 42
    endloop
  endfacet
  facet normal 0 0 1
    outer loop
      vertex 13.269132022101958 -5.230867977898041 42
      vertex 16.275515129887218 -2.7006826590492996 42
      vertex 16.3011535010696 -2.677899835163111 42
    endloop
  endfacet
  facet normal 0 0 1
    outer loop
      vertex 13.269132022101958 -5.230867977898041 42
      vertex 16.3011535010696 -2.677899835163111 42
      vertex 16.30528580435677 -2.5202347376112653 42
    endloop
  endfacet
  facet normal 0 0 1
    outer loop
      vertex 13.782484561087 -5.037152726782842 42
      vertex 16.219620124567804 -3.013684323706293 42
      vertex 16.275515129887218 -2.7006826590492996 42
    endloop
  endfacet
  facet normal 0 0 1
    outer loop
      vertex 13.269132022101958 -5.230867977898041 42
      vertex 16.30528580435677 -2.5202347376112653 42
      vertex 16.3575381223453 -2.1424618776547018 42
    endloop
  endfacet
  facet normal 0 0 1
    outer loop
      vertex 13.56863262176977 -4.8685253422780645 42
      vertex 16.3575381223453 -2.1424618776547018 42
      vertex 16.39016014804556 -2.1098398519544403 42
    endloop
  endfacet
  facet normal 0 0 1
    outer loop
      vertex 13.56863262176977 -4.8685253422780645 42
      vertex 16.39016014804556 -2.1098398519544403 42
      vertex 16.385705498799904 -1.938595832941977 42
    endloop
  endfacet
  facet normal 0 0 1
    outer loop
      vertex 13.408959272173131 -4.783178158804098 42
      vertex 16.385705498799904 -1.938595832941977 42
      vertex 16.427132460806963 -1.5179808290432837 42
    endloop
  endfacet
  facet normal 0 0 1
    outer loop
      vertex 13.408959272173131 -4.783178158804098 42
      vertex 16.427132460806963 -1.5179808290432837 42
      vertex 16.45214465527708 -1.4898336630253242 42
    endloop
  endfacet
  facet normal 0 0 1
    outer loop
      vertex 13.408959272173131 -4.783178158804098 42
      vertex 16.45214465527708 -1.4898336630253242 42
      vertex 16.44937951548736 -1.2904459265790655 42
    endloop
  endfacet
  facet normal 0 0 1
    outer loop
      vertex 13.36987094060713 -4.762326996858261 42
      vertex 16.44937951548736 -1.2904459265790655 42
      vertex 16.47707240343763 -0.8208607337005769 42
    endloop
  endfacet
  facet normal 0 0 1
    outer loop
      vertex 13.17336894691694 -4.667016689100944 42
      vertex 16.47707240343763 -0.8208607337005769 42
      vertex 16.48950924922775 -0.8050846700342109 42
    endloop
  endfacet
  facet normal 0 0 1
    outer loop
      vertex 16.219620124567804 -3.013684323706293 42
      vertex 18.02221773904018 -1.2110867092339155 42
      vertex 16.275515129887218 -2.7006826590492996 42
    endloop
  endfacet
  facet normal 0 0 1
    outer loop
      vertex 16.275515129887218 -2.7006826590492996 42
      vertex 18.02221773904018 -1.2110867092339155 42
      vertex 16.3011535010696 -2.677899835163111 42
    endloop
  endfacet
  facet normal 0 0 1
    outer loop
      vertex 16.3011535010696 -2.677899835163111 42
      vertex 18.02221773904018 -1.2110867092339155 42
      vertex 16.30528580435677 -2.5202347376112653 42
    endloop
  endfacet
  facet normal 0 0 1
    outer loop
      vertex 16.30528580435677 -2.5202347376112653 42
      vertex 18.02221773904018 -1.2110867092339155 42
      vertex 16.3575381223453 -2.1424618776547018 42
    endloop
  endfacet
  facet normal 0 0 1
    outer loop
      vertex 16.3575381223453 -2.1424618776547018 42
      vertex 18.02221773904018 -1.2110867092339155 42
      vertex 16.39016014804556 -2.1098398519544403 42
    endloop
  endfacet
  facet normal 0 0 1
    outer loop
      vertex 16.39016014804556 -2.1098398519544403 42
      vertex 18.02221773904018 -1.2110867092339155 42
      vertex 16.385705498799904 -1.938595832941977 42
    endloop
  endfacet
  facet normal 0 0 1
    outer loop
      vertex 16.385705498799904 -1.938595832941977 42
      vertex 18.02221773904018 -1.2110867092339155 42
      vertex 16.427132460806963 -1.5179808290432837 42
    endloop
  endfacet
  facet normal 0 0 1
    outer loop
      vertex 16.427132460806963 -1.5179808290432837 42
      vertex 18.02221773904018 -1.2110867092339155 42
      vertex 16.45214465527708 -1.4898336630253242 42
    endloop
  endfacet
  facet normal 0 0 1
    outer loop
      vertex 16.45214465527708 -1.4898336630253242 42
      vertex 18.02221773904018 -1.2110867092339155 42
      vertex 16.44937951548736 -1.2904459265790655 42
    endloop
  endfacet
  facet normal 0 0 1
    outer loop
      vertex 16.44937951548736 -1.2904459265790655 42
      vertex 18.02221773904018 -1.2110867092339155 42
      vertex 16.47707240343763 -0.8208607337005769 42
    endloop
  endfacet
  facet normal 0 0 1
    outer loop
      vertex 16.47707240343763 -0.8208607337005769 42
      vertex 18.02221773904018 -1.2110867092339155 42
      vertex 16.48950924922775 -0.8050846700342109 42
    endloop
  endfacet
  facet normal 0 0 1
    outer loop
      vertex 16.48950924922775 -0.8050846700342109 42
      vertex 18.02221773904018 -1.2110867092339155 42
      vertex 16.488893999710008 -0.6 42
    endloop
  endfacet
  facet normal 0 0 1
    outer loop
      vertex 4.109542237049375 11.217419705291066 42
      vertex 5.654533691684107 9.859810256784016 42
      vertex 7.008915981990081 8.798776809862197 42
    endloop
  endfacet
  facet normal 0 0 1
    outer loop
      vertex 4.109542237049375 11.217419705291066 42
      vertex 7.008915981990081 8.798776809862197 42
      vertex 7.014236301025595 8.874273358918677 42
    endloop
  endfacet
  facet normal 0 0 1
    outer loop
      vertex 7.014236301025595 8.874273358918677 42
      vertex 6.9544381380180145 9.010983318573563 42
      vertex 4.143974981752022 11.466360937818383 42
    endloop
  endfacet
  facet normal 0 0 1
    outer loop
      vertex 6.9544381380180145 9.010983318573563 42
      vertex 6.900053285055465 9.149935544666432 42
      vertex 4.143974981752022 11.466360937818383 42
    endloop
  endfacet
  facet normal 0 0 1
    outer loop
      vertex 5.654533691684107 9.859810256784016 42
      vertex 6.160646033407491 9.415081002736368 42
      vertex 7.008915981990081 8.798776809862197 42
    endloop
  endfacet
  facet normal 0 0 1
    outer loop
      vertex 9.28802560595936 6.388862583800659 42
      vertex 9.720156427087518 5.64039004609023 42
      vertex 10.312673328880484 5.134536048082763 42
    endloop
  endfacet
  facet normal 0 0 1
    outer loop
      vertex 11.551247930961708 4.634280726631282 42
      vertex 9.143871834968866 6.664905885596165 42
      vertex 9.28802560595936 6.388862583800659 42
    endloop
  endfacet
  facet normal 0 0 1
    outer loop
      vertex 8.874273358918677 7.014236301025595 42
      vertex 11.551247930961708 4.634280726631282 42
      vertex 9.010983318573563 6.9544381380180145 42
    endloop
  endfacet
  facet normal 0 0 1
    outer loop
      vertex 11.551247930961708 4.634280726631282 42
      vertex 9.148946553982134 6.72368771008047 42
      vertex 9.143871834968866 6.664905885596165 42
    endloop
  endfacet
  facet normal 0 0 1
    outer loop
      vertex 8.874273358918677 7.014236301025595 42
      vertex 9.148946553982134 6.72368771008047 42
      vertex 11.551247930961708 4.634280726631282 42
    endloop
  endfacet
  facet normal 0 0 1
    outer loop
      vertex 9.010983318573563 6.9544381380180145 42
      vertex 11.551247930961708 4.634280726631282 42
      vertex 9.149935544666432 6.900053285055465 42
    endloop
  endfacet
  facet normal 0 0 1
    outer loop
      vertex 4.084909425668885 10.967318574219112 42
      vertex 4.562342056223128 10.27034357913732 42
      vertex 5.481096203583956 9.861287877986094 42
    endloop
  endfacet
  facet normal 0 0 1
    outer loop
      vertex 4.084909425668885 10.967318574219112 42
      vertex 5.481096203583956 9.861287877986094 42
      vertex 4.109542237049375 11.217419705291066 42
    endloop
  endfacet
  facet normal 0 0 1
    outer loop
      vertex 2.832711494940773 19.794705503028748 42
      vertex 6.91068678666966 15.716730211299861 42
      vertex 3.1286893008046173 19.753766811902757 42
    endloop
  endfacet
  facet normal 0 0 1
    outer loop
      vertex 3.1286893008046173 19.753766811902757 42
      vertex 6.91068678666966 15.716730211299861 42
      vertex 3.9018064403225647 19.61570560806461 42
    endloop
  endfacet
  facet normal 0 0 1
    outer loop
      vertex 4.109542237049375 11.217419705291066 42
      vertex 5.481096203583956 9.861287877986094 42
      vertex 5.654533691684107 9.859810256784016 42
    endloop
  endfacet
  facet normal 0 0 1
    outer loop
      vertex 4.109542237049375 11.217419705291066 42
      vertex 7.014236301025595 8.874273358918677 42
      vertex 4.143974981752022 11.466360937818383 42
    endloop
  endfacet
  facet normal 0 0 1
    outer loop
      vertex 6.900053285055465 9.149935544666432 42
      vertex 4.188154566980229 11.713758422464126 42
      vertex 4.143974981752022 11.466360937818383 42
    endloop
  endfacet
  facet normal 0 0 1
    outer loop
      vertex 6.770174664049733 9.578087978908464 42
      vertex 4.242012871015773 11.959230690238698 42
      vertex 4.188154566980229 11.713758422464126 42
    endloop
  endfacet
  facet normal 0 0 1
    outer loop
      vertex 6.807850463037044 9.433706652073623 42
      vertex 6.770174664049733 9.578087978908464 42
      vertex 4.188154566980229 11.713758422464126 42
    endloop
  endfacet
  facet normal 0 0 1
    outer loop
      vertex 6.770174664049733 9.578087978908464 42
      vertex 6.738196296028628 9.723837137899617 42
      vertex 4.242012871015773 11.959230690238698 42
    endloop
  endfacet
  facet normal 0 0 1
    outer loop
      vertex 6.738196296028628 9.723837137899617 42
      vertex 6.711964667299382 9.870729394408029 42
      vertex 4.242012871015773 11.959230690238698 42
    endloop
  endfacet
  facet normal 0 0 1
    outer loop
      vertex 6.711964667299382 9.870729394408029 42
      vertex 6.691520225132184 10.01853825122112 42
      vertex 4.242012871015773 11.959230690238698 42
    endloop
  endfacet
  facet normal 0 0 1
    outer loop
      vertex 6.8511655996393195 9.290915782936104 42
      vertex 4.188154566980229 11.713758422464126 42
      vertex 6.900053285055465 9.149935544666432 42
    endloop
  endfacet
  facet normal 0 0 1
    outer loop
      vertex 6.8511655996393195 9.290915782936104 42
      vertex 6.807850463037044 9.433706652073623 42
      vertex 4.188154566980229 11.713758422464126 42
    endloop
  endfacet
  facet normal 0 0 1
    outer loop
      vertex 6.691520225132184 10.01853825122112 42
      vertex 6.676894493375017 10.167035797795092 42
      vertex 4.305466848257561 12.20239924069738 42
    endloop
  endfacet
  facet normal 0 0 1
    outer loop
      vertex 6.676894493375017 10.167035797795092 42
      vertex 6.6681100238461575 10.315993061676444 42
      vertex 4.378418657271921 12.44288912556057 42
    endloop
  endfacet
  facet normal 0 0 1
    outer loop
      vertex 6.6681100238461575 10.315993061676444 42
      vertex 6.665180361560903 10.465180361560904 42
      vertex 4.378418657271921 12.44288912556057 42
    endloop
  endfacet
  facet normal 0 0 1
    outer loop
      vertex 6.665180361560903 10.465180361560904 42
      vertex 6.668110023846158 10.614367661445367 42
      vertex 4.378418657271921 12.44288912556057 42
    endloop
  endfacet
  facet normal 0 0 1
    outer loop
      vertex 6.691520225132184 10.01853825122112 42
      vertex 4.305466848257561 12.20239924069738 42
      vertex 4.242012871015773 11.959230690238698 42
    endloop
  endfacet
  facet normal 0 0 1
    outer loop
      vertex 6.676894493375017 10.167035797795092 42
      vertex 4.378418657271921 12.44288912556057 42
      vertex 4.305466848257561 12.20239924069738 42
    endloop
  endfacet
  facet normal 0 0 1
    outer loop
      vertex 6.668110023846158 10.614367661445367 42
      vertex 4.460755811657005 12.680329526856859 42
      vertex 4.378418657271921 12.44288912556057 42
    endloop
  endfacet
  facet normal 0 0 1
    outer loop
      vertex 6.691520225132185 10.911822471900688 42
      vertex 4.552351353488669 12.91435432869748 42
      vertex 4.460755811657005 12.680329526856859 42
    endloop
  endfacet
  facet normal 0 0 1
    outer loop
      vertex 6.738196296028628 11.206523585222191 42
      vertex 4.653064049080383 13.144602681800444 42
      vertex 4.552351353488669 12.91435432869748 42
    endloop
  endfacet
  facet normal 0 0 1
    outer loop
      vertex 6.668110023846158 10.614367661445367 42
      vertex 6.676894493375018 10.763324925326716 42
      vertex 4.460755811657005 12.680329526856859 42
    endloop
  endfacet
  facet normal 0 0 1
    outer loop
      vertex 6.676894493375018 10.763324925326716 42
      vertex 6.691520225132185 10.911822471900688 42
      vertex 4.460755811657005 12.680329526856859 42
    endloop
  endfacet
  facet normal 0 0 1
    outer loop
      vertex 6.691520225132185 10.911822471900688 42
      vertex 6.711964667299382 11.059631328713783 42
      vertex 4.552351353488669 12.91435432869748 42
    endloop
  endfacet
  facet normal 0 0 1
    outer loop
      vertex 6.711964667299382 11.059631328713783 42
      vertex 6.738196296028628 11.206523585222191 42
      vertex 4.552351353488669 12.91435432869748 42
    endloop
  endfacet
  facet normal 0 0 1
    outer loop
      vertex 6.738196296028628 11.206523585222191 42
      vertex 6.770174664049733 11.352272744213344 42
      vertex 4.653064049080383 13.144602681800444 42
    endloop
  endfacet
  facet normal 0 0 1
    outer loop
      vertex 6.770174664049733 11.352272744213344 42
      vertex 6.807850463037045 11.496654071048187 42
      vertex 4.653064049080383 13.144602681800444 42
    endloop
  endfacet
  facet normal 0 0 1
    outer loop
      vertex 4.7627386067553505 13.370719559894004 42
      vertex 6.807850463037045 11.496654071048187 42
      vertex 6.8511655996393195 11.639444940185705 42
    endloop
  endfacet
  facet normal 0 0 1
    outer loop
      vertex 4.7627386067553505 13.370719559894004 42
      vertex 6.8511655996393195 11.639444940185705 42
      vertex 6.900053285055464 11.780425178455378 42
    endloop
  endfacet
  facet normal 0 0 1
    outer loop
      vertex 4.881205916295001 13.592356307141415 42
      vertex 6.900053285055464 11.780425178455378 42
      vertex 6.954438138018016 11.919377404548246 42
    endloop
  endfacet
  facet normal 0 0 1
    outer loop
      vertex 4.653064049080383 13.144602681800444 42
      vertex 6.807850463037045 11.496654071048187 42
      vertex 4.7627386067553505 13.370719559894004 42
    endloop
  endfacet
  facet normal 0 0 1
    outer loop
      vertex 4.7627386067553505 13.370719559894004 42
      vertex 6.900053285055464 11.780425178455378 42
      vertex 4.881205916295001 13.592356307141415 42
    endloop
  endfacet
  facet normal 0 0 1
    outer loop
      vertex 4.881205916295001 13.592356307141415 42
      vertex 7.014236301025596 12.056087364203131 42
      vertex 5.008283309694715 13.809171175742978 42
    endloop
  endfacet
  facet normal 0 0 1
    outer loop
      vertex 5.008283309694715 13.809171175742978 42
      vertex 7.067468287866209 12.165836160407888 42
      vertex 5.171990609501413 14.061313838772683 42
    endloop
  endfacet
  facet normal 0 0 1
    outer loop
      vertex 5.008283309694715 13.809171175742978 42
      vertex 5.171990609501413 14.061313838772683 42
      vertex 5.143774842824614 14.02082985288636 42
    endloop
  endfacet
  facet normal 0 0 1
    outer loop
      vertex 4.881205916295001 13.592356307141415 42
      vertex 6.954438138018016 11.919377404548246 42
      vertex 7.014236301025596 12.056087364203131 42
    endloop
  endfacet
  facet normal 0 0 1
    outer loop
      vertex 5.008283309694715 13.809171175742978 42
      vertex 7.014236301025596 12.056087364203131 42
      vertex 7.067468287866209 12.165836160407888 42
    endloop
  endfacet
  facet normal 0 0 1
    outer loop
      vertex 8.764524562713921 13.8628924352556 42
      vertex 8.874273358918678 13.916124422096214 42
      vertex 6.91068678666966 15.716730211299861 42
    endloop
  endfacet
  facet normal 0 0 1
    outer loop
      vertex 8.874273358918678 13.916124422096214 42
      vertex 9.010983318573565 13.975922585103795 42
      vertex 6.91068678666966 15.716730211299861 42
    endloop
  endfacet
  facet normal 0 0 1
    outer loop
      vertex 9.010983318573565 13.975922585103795 42
      vertex 9.14993554466643 14.030307438066345 42
      vertex 7.3509572295183085 15.701160048873936 42
    endloop
  endfacet
  facet normal 0 0 1
    outer loop
      vertex 9.14993554466643 14.030307438066345 42
      vertex 9.290915782936104 14.079195123482489 42
      vertex 7.54023099027163 15.846928232535568 42
    endloop
  endfacet
  facet normal 0 0 1
    outer loop
      vertex 9.290915782936104 14.079195123482489 42
      vertex 9.43370665207362 14.122510260084763 42
      vertex 7.54023099027163 15.846928232535568 42
    endloop
  endfacet
  facet normal 0 0 1
    outer loop
      vertex 9.43370665207362 14.122510260084763 42
      vertex 9.578087978908464 14.160186059072075 42
      vertex 7.54023099027163 15.846928232535568 42
    endloop
  endfacet
  facet normal 0 0 1
    outer loop
      vertex 9.578087978908464 14.160186059072075 42
      vertex 9.723837137899617 14.19216442709318 42
      vertex 7.54023099027163 15.846928232535568 42
    endloop
  endfacet
  facet normal 0 0 1
    outer loop
      vertex 9.723837137899617 14.19216442709318 42
      vertex 9.870729394408025 14.218396055822426 42
      vertex 7.91955793638645 15.821568814856377 42
    endloop
  endfacet
  facet normal 0 0 1
    outer loop
      vertex 9.870729394408025 14.218396055822426 42
      vertex 10.01853825122112 14.238840497989624 42
      vertex 7.91955793638645 15.821568814856377 42
    endloop
  endfacet
  facet normal 0 0 1
    outer loop
      vertex 10.01853825122112 14.238840497989624 42
      vertex 10.167035797795094 14.253466229746792 42
      vertex 7.91955793638645 15.821568814856377 42
    endloop
  endfacet
  facet normal 0 0 1
    outer loop
      vertex 10.167035797795094 14.253466229746792 42
      vertex 10.315993061676444 14.262250699275654 42
      vertex 8.21042168809747 16.191082670859956 42
    endloop
  endfacet
  facet normal 0 0 1
    outer loop
      vertex 10.315993061676444 14.262250699275654 42
      vertex 10.465180361560902 14.265180361560903 42
      vertex 8.48973364302978 16.2391354549984 42
    endloop
  endfacet
  facet normal 0 0 1
    outer loop
      vertex 10.465180361560902 14.265180361560903 42
      vertex 10.614367661445364 14.26225069927565 42
      vertex 8.48973364302978 16.2391354549984 42
    endloop
  endfacet
  facet normal 0 0 1
    outer loop
      vertex 10.614367661445364 14.26225069927565 42
      vertex 10.763324925326716 14.25346622974679 42
      vertex 8.489163090751575 16.248553661949153 42
    endloop
  endfacet
  facet normal 0 0 1
    outer loop
      vertex 7.3509572295183085 15.701160048873936 42
      vertex 7.54023099027163 15.846928232535568 42
      vertex 7.540865051939785 15.861632363814206 42
    endloop
  endfacet
  facet normal 0 0 1
    outer loop
      vertex 6.91068678666966 15.716730211299861 42
      vertex 6.910948952801777 15.785275018256494 42
      vertex 6.180339887498948 19.02113032590307 42
    endloop
  endfacet
  facet normal 0 0 1
    outer loop
      vertex 6.910948952801777 15.785275018256494 42
      vertex 7.3509572295183085 15.701160048873936 42
      vertex 6.922341141549859 18.763826718449682 42
    endloop
  endfacet
  facet normal 0 0 1
    outer loop
      vertex 6.91068678666966 15.716730211299861 42
      vertex 4.668907277118108 19.447398407953532 42
      vertex 3.9018064403225647 19.61570560806461 42
    endloop
  endfacet
  facet normal 0 0 1
    outer loop
      vertex 6.91068678666966 15.716730211299861 42
      vertex 6.180339887498948 19.02113032590307 42
      vertex 5.428808997301485 19.249104729072947 42
    endloop
  endfacet
  facet normal 0 0 1
    outer loop
      vertex 6.91068678666966 15.716730211299861 42
      vertex 5.428808997301485 19.249104729072947 42
      vertex 4.668907277118108 19.447398407953532 42
    endloop
  endfacet
  facet normal 0 0 1
    outer loop
      vertex 6.910948952801777 15.785275018256494 42
      vertex 6.922341141549859 18.763826718449682 42
      vertex 6.180339887498948 19.02113032590307 42
    endloop
  endfacet
  facet normal 0 0 1
    outer loop
      vertex 7.3509572295183085 15.701160048873936 42
      vertex 7.653668647301796 18.477590650225736 42
      vertex 6.922341141549859 18.763826718449682 42
    endloop
  endfacet
  facet normal 0 0 1
    outer loop
      vertex 9.010983318573565 13.975922585103795 42
      vertex 6.910948952801777 15.785275018256494 42
      vertex 6.91068678666966 15.716730211299861 42
    endloop
  endfacet
  facet normal 0 0 1
    outer loop
      vertex 9.010983318573565 13.975922585103795 42
      vertex 7.3509572295183085 15.701160048873936 42
      vertex 6.910948952801777 15.785275018256494 42
    endloop
  endfacet
  facet normal 0 0 1
    outer loop
      vertex 9.14993554466643 14.030307438066345 42
      vertex 7.54023099027163 15.846928232535568 42
      vertex 7.3509572295183085 15.701160048873936 42
    endloop
  endfacet
  facet normal 0 0 1
    outer loop
      vertex 7.540865051939785 15.861632363814206 42
      vertex 7.91955793638645 15.821568814856377 42
      vertex 7.8829278855855796 16.187473793927673 42
    endloop
  endfacet
  facet normal 0 0 1
    outer loop
      vertex 9.723837137899617 14.19216442709318 42
      vertex 7.540865051939785 15.861632363814206 42
      vertex 7.54023099027163 15.846928232535568 42
    endloop
  endfacet
  facet normal 0 0 1
    outer loop
      vertex 9.723837137899617 14.19216442709318 42
      vertex 7.91955793638645 15.821568814856377 42
      vertex 7.540865051939785 15.861632363814206 42
    endloop
  endfacet
  facet normal 0 0 1
    outer loop
      vertex 10.167035797795094 14.253466229746792 42
      vertex 7.8829278855855796 16.187473793927673 42
      vertex 7.91955793638645 15.821568814856377 42
    endloop
  endfacet
  facet normal 0 0 1
    outer loop
      vertex 7.3509572295183085 15.701160048873936 42
      vertex 7.540865051939785 15.861632363814206 42
      vertex 7.653668647301796 18.477590650225736 42
    endloop
  endfacet
  facet normal 0 0 1
    outer loop
      vertex 7.540865051939785 15.861632363814206 42
      vertex 7.8829278855855796 16.187473793927673 42
      vertex 7.653668647301796 18.477590650225736 42
    endloop
  endfacet
  facet normal 0 0 1
    outer loop
      vertex 7.8829278855855796 16.187473793927673 42
      vertex 8.21042168809747 16.191082670859956 42
      vertex 8.232859234973958 16.462883935370005 42
    endloop
  endfacet
  facet normal 0 0 1
    outer loop
      vertex 7.8829278855855796 16.187473793927673 42
      vertex 8.232859234973958 16.462883935370005 42
      vertex 7.653668647301796 18.477590650225736 42
    endloop
  endfacet
  facet normal 0 0 1
    outer loop
      vertex 8.21042168809747 16.191082670859956 42
      vertex 8.48973364302978 16.2391354549984 42
      vertex 8.232859234973958 16.462883935370005 42
    endloop
  endfacet
  facet normal 0 0 1
    outer loop
      vertex 8.232859234973958 16.462883935370005 42
      vertex 8.48973364302978 16.2391354549984 42
      vertex 8.489163090751575 16.248553661949153 42
    endloop
  endfacet
  facet normal 0 0 1
    outer loop
      vertex 8.232859234973958 16.462883935370005 42
      vertex 8.489163090751575 16.248553661949153 42
      vertex 8.373194750748562 18.162863476501624 42
    endloop
  endfacet
  facet normal 0 0 1
    outer loop
      vertex 8.489163090751575 16.248553661949153 42
      vertex 8.912068780514295 16.44787812264751 42
      vertex 8.373194750748562 18.162863476501624 42
    endloop
  endfacet
  facet normal 0 0 1
    outer loop
      vertex 10.167035797795094 14.253466229746792 42
      vertex 8.21042168809747 16.191082670859956 42
      vertex 7.8829278855855796 16.187473793927673 42
    endloop
  endfacet
  facet normal 0 0 1
    outer loop
      vertex 10.315993061676444 14.262250699275654 42
      vertex 8.48973364302978 16.2391354549984 42
      vertex 8.21042168809747 16.191082670859956 42
    endloop
  endfacet
  facet normal 0 0 1
    outer loop
      vertex 10.614367661445364 14.26225069927565 42
      vertex 8.489163090751575 16.248553661949153 42
      vertex 8.48973364302978 16.2391354549984 42
    endloop
  endfacet
  facet normal 0 0 1
    outer loop
      vertex 10.763324925326716 14.25346622974679 42
      vertex 8.878797068309902 16.175689884188237 42
      vertex 8.489163090751575 16.248553661949153 42
    endloop
  endfacet
  facet normal 0 0 1
    outer loop
      vertex 11.059631328713781 14.218396055822428 42
      vertex 8.912068780514295 16.44787812264751 42
      vertex 8.878797068309902 16.175689884188237 42
    endloop
  endfacet
  facet normal 0 0 1
    outer loop
      vertex 11.352272744213344 14.160186059072075 42
      vertex 9.106727958363123 16.552749926626024 42
      vertex 8.912068780514295 16.44787812264751 42
    endloop
  endfacet
  facet normal 0 0 1
    outer loop
      vertex 11.639444940185705 14.079195123482489 42
      vertex 9.106505844321171 16.563207739212178 42
      vertex 9.106727958363123 16.552749926626024 42
    endloop
  endfacet
  facet normal 0 0 1
    outer loop
      vertex 8.489163090751575 16.248553661949153 42
      vertex 8.878797068309902 16.175689884188237 42
      vertex 8.912068780514295 16.44787812264751 42
    endloop
  endfacet
  facet normal 0 0 1
    outer loop
      vertex 8.912068780514295 16.44787812264751 42
      vertex 9.106727958363123 16.552749926626024 42
      vertex 9.106505844321171 16.563207739212178 42
    endloop
  endfacet
  facet normal 0 0 1
    outer loop
      vertex 8.912068780514295 16.44787812264751 42
      vertex 9.106505844321171 16.563207739212178 42
      vertex 9.079809994790935 17.820130483767358 42
    endloop
  endfacet
  facet normal 0 0 1
    outer loop
      vertex 8.912068780514295 16.44787812264751 42
      vertex 9.079809994790935 17.820130483767358 42
      vertex 8.373194750748562 18.162863476501624 42
    endloop
  endfacet
  facet normal 0 0 1
    outer loop
      vertex 9.106505844321171 16.563207739212178 42
      vertex 9.772424829939098 17.449920141455944 42
      vertex 9.079809994790935 17.820130483767358 42
    endloop
  endfacet
  facet normal 0 0 1
    outer loop
      vertex 9.106505844321171 16.563207739212178 42
      vertex 9.598033105652064 16.375467512072408 42
      vertex 9.637631938451738 16.619441646717124 42
    endloop
  endfacet
  facet normal 0 0 1
    outer loop
      vertex 9.637631938451738 16.619441646717124 42
      vertex 9.760225527278116 16.77353397662506 42
      vertex 9.760288951419595 16.777050506463237 42
    endloop
  endfacet
  facet normal 0 0 1
    outer loop
      vertex 9.106505844321171 16.563207739212178 42
      vertex 9.637631938451738 16.619441646717124 42
      vertex 9.772424829939098 17.449920141455944 42
    endloop
  endfacet
  facet normal 0 0 1
    outer loop
      vertex 9.637631938451738 16.619441646717124 42
      vertex 9.760288951419595 16.777050506463237 42
      vertex 9.772424829939098 17.449920141455944 42
    endloop
  endfacet
  facet normal 0 0 1
    outer loop
      vertex 9.760288951419595 16.777050506463237 42
      vertex 9.846584091139947 16.697280099829428 42
      vertex 9.772424829939098 17.449920141455944 42
    endloop
  endfacet
  facet normal 0 0 1
    outer loop
      vertex 8.232859234973958 16.462883935370005 42
      vertex 8.373194750748562 18.162863476501624 42
      vertex 7.653668647301796 18.477590650225736 42
    endloop
  endfacet
  facet normal 0 0 1
    outer loop
      vertex 11.386894935635283 4.21743259858017 42
      vertex 10.930638078905476 4.239673498485252 42
      vertex 11.004822642848021 3.094291016315348 42
    endloop
  endfacet
  facet normal 0 0 1
    outer loop
      vertex 11.386894935635283 4.21743259858017 42
      vertex 10.312673328880484 5.134536048082763 42
      vertex 10.930638078905476 4.239673498485252 42
    endloop
  endfacet
  facet normal 0 0 1
    outer loop
      vertex 11.386894935635283 4.21743259858017 42
      vertex 11.439327700099573 4.168964249658025 42
      vertex 11.551247930961708 4.634280726631282 42
    endloop
  endfacet
  facet normal 0 0 1
    outer loop
      vertex 12 4.49256278187706 42
      vertex 12.217712270279222 4.586570001235494 42
      vertex 12 4.50006996400507 42
    endloop
  endfacet
  facet normal 0 0 1
    outer loop
      vertex 12.217712270279222 4.586570001235494 42
      vertex 12.427956573215987 4.392222166675442 42
      vertex 12.4279992564067 4.39330852642579 42
    endloop
  endfacet
  facet normal 0 0 1
    outer loop
      vertex 15.273144832406054 0.6 42
      vertex 11.004822642848021 3.094291016315348 42
      vertex 11.298447288305418 0.6 42
    endloop
  endfacet
  facet normal 0 0 1
    outer loop
      vertex 11.386894935635283 4.21743259858017 42
      vertex 11.004822642848021 3.094291016315348 42
      vertex 15.273144832406054 0.6 42
    endloop
  endfacet
  facet normal 0 0 1
    outer loop
      vertex 11.386894935635283 4.21743259858017 42
      vertex 15.273144832406054 0.6 42
      vertex 11.439327700099573 4.168964249658025 42
    endloop
  endfacet
  facet normal 0 0 1
    outer loop
      vertex 11.439327700099573 4.168964249658025 42
      vertex 15.273144832406054 0.6 42
      vertex 11.551247930961708 4.634280726631282 42
    endloop
  endfacet
  facet normal 0 0 1
    outer loop
      vertex 11.551247930961708 4.634280726631282 42
      vertex 15.273144832406054 0.6 42
      vertex 12 4.49256278187706 42
    endloop
  endfacet
  facet normal 0 0 1
    outer loop
      vertex 12 4.49256278187706 42
      vertex 15.273144832406054 0.6 42
      vertex 12.217712270279222 4.586570001235494 42
    endloop
  endfacet
  facet normal 0 0 1
    outer loop
      vertex 12.217712270279222 4.586570001235494 42
      vertex 15.273144832406054 0.6 42
      vertex 12.427956573215987 4.392222166675442 42
    endloop
  endfacet
  facet normal 0 0 1
    outer loop
      vertex 12.4279992564067 4.39330852642579 42
      vertex 12.427956573215987 4.392222166675442 42
      vertex 15.273144832406054 0.6 42
    endloop
  endfacet
  facet normal 0 0 1
    outer loop
      vertex 12.4279992564067 4.39330852642579 42
      vertex 15.273144832406054 0.6 42
      vertex 12.648210777851709 4.491637393073903 42
    endloop
  endfacet
  facet normal 0 0 1
    outer loop
      vertex 12.648210777851709 4.491637393073903 42
      vertex 15.273144832406054 0.6 42
      vertex 12.872857831357626 4.590710321066751 42
    endloop
  endfacet
  facet normal 0 0 1
    outer loop
      vertex 12.872857831357626 4.590710321066751 42
      vertex 15.273144832406054 0.6 42
      vertex 12.872970443316804 4.592141191677136 42
    endloop
  endfacet
  facet normal 0 0 1
    outer loop
      vertex 12.872970443316804 4.592141191677136 42
      vertex 15.273144832406054 0.6 42
      vertex 13.102329659721127 4.692140828744161 42
    endloop
  endfacet
  facet normal 0 0 1
    outer loop
      vertex 13.102329659721127 4.692140828744161 42
      vertex 15.273144832406054 0.6 42
      vertex 13.102470729994389 4.693573139261413 42
    endloop
  endfacet
  facet normal 0 0 1
    outer loop
      vertex 13.102470729994389 4.693573139261413 42
      vertex 15.273144832406054 0.6 42
      vertex 13.336749573691836 4.794140139002394 42
    endloop
  endfacet
  facet normal 0 0 1
    outer loop
      vertex 13.336749573691836 4.794140139002394 42
      vertex 15.273144832406054 0.6 42
      vertex 13.336883465365066 4.795271384039351 42
    endloop
  endfacet
  facet normal 0 0 1
    outer loop
      vertex 13.336883465365066 4.795271384039351 42
      vertex 15.273144832406054 0.6 42
      vertex 13.576268493692597 4.89607733807866 42
    endloop
  endfacet
  facet normal 0 0 1
    outer loop
      vertex 13.576268493692597 4.89607733807866 42
      vertex 15.273144832406054 0.6 42
      vertex 13.617304603542237 5.1927594600469025 42
    endloop
  endfacet
  facet normal 0 0 1
    outer loop
      vertex 13.617304603542237 5.1927594600469025 42
      vertex 15.273144832406054 0.6 42
      vertex 13.86675126592173 5.28620362358285 42
    endloop
  endfacet
  facet normal 0 0 1
    outer loop
      vertex 13.867536797151674 5.291163272571883 42
      vertex 13.86675126592173 5.28620362358285 42
      vertex 15.273144832406054 0.6 42
    endloop
  endfacet
  facet normal 0 0 1
    outer loop
      vertex 13.867536797151674 5.291163272571883 42
      vertex 15.273144832406054 0.6 42
      vertex 14.12226541770253 5.38429277395753 42
    endloop
  endfacet
  facet normal 0 0 1
    outer loop
      vertex 14.12226541770253 5.38429277395753 42
      vertex 15.273144832406054 0.6 42
      vertex 14.122857515339462 5.387608410922325 42
    endloop
  endfacet
  facet normal 0 0 1
    outer loop
      vertex 14.122857515339462 5.387608410922325 42
      vertex 15.273144832406054 0.6 42
      vertex 14.383004694431868 5.480173627815948 42
    endloop
  endfacet
  facet normal 0 0 1
    outer loop
      vertex 14.383004694431868 5.480173627815948 42
      vertex 15.273144832406054 0.6 42
      vertex 14.441089506858928 5.772185699651672 42
    endloop
  endfacet
  facet normal 0 0 1
    outer loop
      vertex 14.441089506858928 5.772185699651672 42
      vertex 15.273144832406054 0.6 42
      vertex 14.711097456171146 5.856483421913151 42
    endloop
  endfacet
  facet normal 0 0 1
    outer loop
      vertex 14.711097456171146 5.856483421913151 42
      vertex 15.273144832406054 0.6 42
      vertex 14.874921676002904 5.828413093924474 42
    endloop
  endfacet
  facet normal 0 0 1
    outer loop
      vertex 11.386894935635283 4.21743259858017 42
      vertex 9.28802560595936 6.388862583800659 42
      vertex 10.312673328880484 5.134536048082763 42
    endloop
  endfacet
  facet normal 0 0 1
    outer loop
      vertex 9.149935544666432 6.900053285055465 42
      vertex 11.551247930961708 4.634280726631282 42
      vertex 9.290915782936104 6.8511655996393195 42
    endloop
  endfacet
  facet normal 0 0 1
    outer loop
      vertex 9.290915782936104 6.8511655996393195 42
      vertex 11.551247930961708 4.634280726631282 42
      vertex 9.433706652073623 6.807850463037044 42
    endloop
  endfacet
  facet normal 0 0 1
    outer loop
      vertex 9.433706652073623 6.807850463037044 42
      vertex 12 4.50006996400507 42
      vertex 9.578087978908464 6.770174664049733 42
    endloop
  endfacet
  facet normal 0 0 1
    outer loop
      vertex 9.578087978908464 6.770174664049733 42
      vertex 12 4.50006996400507 42
      vertex 9.723837137899617 6.738196296028628 42
    endloop
  endfacet
  facet normal 0 0 1
    outer loop
      vertex 9.723837137899617 6.738196296028628 42
      vertex 12 4.50006996400507 42
      vertex 9.870729394408029 6.711964667299382 42
    endloop
  endfacet
  facet normal 0 0 1
    outer loop
      vertex 11.386894935635283 4.21743259858017 42
      vertex 11.551247930961708 4.634280726631282 42
      vertex 9.28802560595936 6.388862583800659 42
    endloop
  endfacet
  facet normal 0 0 1
    outer loop
      vertex 9.433706652073623 6.807850463037044 42
      vertex 12 4.49256278187706 42
      vertex 12 4.50006996400507 42
    endloop
  endfacet
  facet normal 0 0 1
    outer loop
      vertex 9.433706652073623 6.807850463037044 42
      vertex 11.551247930961708 4.634280726631282 42
      vertex 12 4.49256278187706 42
    endloop
  endfacet
  facet normal 0 0 1
    outer loop
      vertex 10.01853825122112 6.691520225132184 42
      vertex 12.4279992564067 4.39330852642579 42
      vertex 10.167035797795092 6.676894493375017 42
    endloop
  endfacet
  facet normal 0 0 1
    outer loop
      vertex 9.870729394408029 6.711964667299382 42
      vertex 12.217712270279222 4.586570001235494 42
      vertex 10.01853825122112 6.691520225132184 42
    endloop
  endfacet
  facet normal 0 0 1
    outer loop
      vertex 10.167035797795092 6.676894493375017 42
      vertex 12.4279992564067 4.39330852642579 42
      vertex 10.315993061676444 6.6681100238461575 42
    endloop
  endfacet
  facet normal 0 0 1
    outer loop
      vertex 10.315993061676444 6.6681100238461575 42
      vertex 12.648210777851709 4.491637393073903 42
      vertex 10.465180361560904 6.665180361560903 42
    endloop
  endfacet
  facet normal 0 0 1
    outer loop
      vertex 10.465180361560904 6.665180361560903 42
      vertex 12.648210777851709 4.491637393073903 42
      vertex 10.614367661445367 6.668110023846158 42
    endloop
  endfacet
  facet normal 0 0 1
    outer loop
      vertex 9.870729394408029 6.711964667299382 42
      vertex 12 4.50006996400507 42
      vertex 12.217712270279222 4.586570001235494 42
    endloop
  endfacet
  facet normal 0 0 1
    outer loop
      vertex 10.01853825122112 6.691520225132184 42
      vertex 12.217712270279222 4.586570001235494 42
      vertex 12.4279992564067 4.39330852642579 42
    endloop
  endfacet
  facet normal 0 0 1
    outer loop
      vertex 10.315993061676444 6.6681100238461575 42
      vertex 12.4279992564067 4.39330852642579 42
      vertex 12.648210777851709 4.491637393073903 42
    endloop
  endfacet
  facet normal 0 0 1
    outer loop
      vertex 10.614367661445367 6.668110023846158 42
      vertex 12.872970443316804 4.592141191677136 42
      vertex 10.763324925326716 6.676894493375018 42
    endloop
  endfacet
  facet normal 0 0 1
    outer loop
      vertex 10.763324925326716 6.676894493375018 42
      vertex 12.872970443316804 4.592141191677136 42
      vertex 10.911822471900688 6.691520225132185 42
    endloop
  endfacet
  facet normal 0 0 1
    outer loop
      vertex 10.911822471900688 6.691520225132185 42
      vertex 13.102470729994389 4.693573139261413 42
      vertex 11.059631328713783 6.711964667299382 42
    endloop
  endfacet
  facet normal 0 0 1
    outer loop
      vertex 11.059631328713783 6.711964667299382 42
      vertex 13.102470729994389 4.693573139261413 42
      vertex 11.206523585222191 6.738196296028628 42
    endloop
  endfacet
  facet normal 0 0 1
    outer loop
      vertex 10.614367661445367 6.668110023846158 42
      vertex 12.648210777851709 4.491637393073903 42
      vertex 12.872857831357626 4.590710321066751 42
    endloop
  endfacet
  facet normal 0 0 1
    outer loop
      vertex 10.614367661445367 6.668110023846158 42
      vertex 12.872857831357626 4.590710321066751 42
      vertex 12.872970443316804 4.592141191677136 42
    endloop
  endfacet
  facet normal 0 0 1
    outer loop
      vertex 10.911822471900688 6.691520225132185 42
      vertex 12.872970443316804 4.592141191677136 42
      vertex 13.102329659721127 4.692140828744161 42
    endloop
  endfacet
  facet normal 0 0 1
    outer loop
      vertex 10.911822471900688 6.691520225132185 42
      vertex 13.102329659721127 4.692140828744161 42
      vertex 13.102470729994389 4.693573139261413 42
    endloop
  endfacet
  facet normal 0 0 1
    outer loop
      vertex 11.206523585222191 6.738196296028628 42
      vertex 13.336883465365066 4.795271384039351 42
      vertex 11.352272744213344 6.770174664049733 42
    endloop
  endfacet
  facet normal 0 0 1
    outer loop
      vertex 11.352272744213344 6.770174664049733 42
      vertex 13.336883465365066 4.795271384039351 42
      vertex 11.496654071048187 6.807850463037045 42
    endloop
  endfacet
  facet normal 0 0 1
    outer loop
      vertex 11.496654071048187 6.807850463037045 42
      vertex 13.617304603542237 5.1927594600469025 42
      vertex 11.639444940185705 6.8511655996393195 42
    endloop
  endfacet
  facet normal 0 0 1
    outer loop
      vertex 11.639444940185705 6.8511655996393195 42
      vertex 13.617304603542237 5.1927594600469025 42
      vertex 11.780425178455378 6.900053285055464 42
    endloop
  endfacet
  facet normal 0 0 1
    outer loop
      vertex 11.780425178455378 6.900053285055464 42
      vertex 13.617304603542237 5.1927594600469025 42
      vertex 11.919377404548246 6.954438138018016 42
    endloop
  endfacet
  facet normal 0 0 1
    outer loop
      vertex 11.206523585222191 6.738196296028628 42
      vertex 13.102470729994389 4.693573139261413 42
      vertex 13.336749573691836 4.794140139002394 42
    endloop
  endfacet
  facet normal 0 0 1
    outer loop
      vertex 11.206523585222191 6.738196296028628 42
      vertex 13.336749573691836 4.794140139002394 42
      vertex 13.336883465365066 4.795271384039351 42
    endloop
  endfacet
  facet normal 0 0 1
    outer loop
      vertex 11.496654071048187 6.807850463037045 42
      vertex 13.336883465365066 4.795271384039351 42
      vertex 13.576268493692597 4.89607733807866 42
    endloop
  endfacet
  facet normal 0 0 1
    outer loop
      vertex 11.496654071048187 6.807850463037045 42
      vertex 13.576268493692597 4.89607733807866 42
      vertex 13.617304603542237 5.1927594600469025 42
    endloop
  endfacet
  facet normal 0 0 1
    outer loop
      vertex 11.919377404548246 6.954438138018016 42
      vertex 13.617304603542237 5.1927594600469025 42
      vertex 13.86675126592173 5.28620362358285 42
    endloop
  endfacet
  facet normal 0 0 1
    outer loop
      vertex 11.919377404548246 6.954438138018016 42
      vertex 13.86675126592173 5.28620362358285 42
      vertex 13.867536797151674 5.291163272571883 42
    endloop
  endfacet
  facet normal 0 0 1
    outer loop
      vertex 12.190344260571182 7.079355569645108 42
      vertex 13.867536797151674 5.291163272571883 42
      vertex 14.12226541770253 5.38429277395753 42
    endloop
  endfacet
  facet normal 0 0 1
    outer loop
      vertex 12.190344260571182 7.079355569645108 42
      vertex 14.12226541770253 5.38429277395753 42
      vertex 14.122857515339462 5.387608410922325 42
    endloop
  endfacet
  facet normal 0 0 1
    outer loop
      vertex 12.45067490748151 7.225147737015354 42
      vertex 14.122857515339462 5.387608410922325 42
      vertex 14.383004694431868 5.480173627815948 42
    endloop
  endfacet
  facet normal 0 0 1
    outer loop
      vertex 11.919377404548246 6.954438138018016 42
      vertex 13.867536797151674 5.291163272571883 42
      vertex 12.056087364203131 7.014236301025596 42
    endloop
  endfacet
  facet normal 0 0 1
    outer loop
      vertex 12.056087364203131 7.014236301025596 42
      vertex 13.867536797151674 5.291163272571883 42
      vertex 12.190344260571182 7.079355569645108 42
    endloop
  endfacet
  facet normal 0 0 1
    outer loop
      vertex 12.190344260571182 7.079355569645108 42
      vertex 14.122857515339462 5.387608410922325 42
      vertex 12.321941079249333 7.149695534684275 42
    endloop
  endfacet
  facet normal 0 0 1
    outer loop
      vertex 12.321941079249333 7.149695534684275 42
      vertex 14.122857515339462 5.387608410922325 42
      vertex 12.45067490748151 7.225147737015354 42
    endloop
  endfacet
  facet normal 0 0 1
    outer loop
      vertex 12.45067490748151 7.225147737015354 42
      vertex 14.441089506858928 5.772185699651672 42
      vertex 12.576347247035393 7.305595834811232 42
    endloop
  endfacet
  facet normal 0 0 1
    outer loop
      vertex 12.576347247035393 7.305595834811232 42
      vertex 14.441089506858928 5.772185699651672 42
      vertex 12.698764320272304 7.390915782936105 42
    endloop
  endfacet
  facet normal 0 0 1
    outer loop
      vertex 12.698764320272304 7.390915782936105 42
      vertex 14.441089506858928 5.772185699651672 42
      vertex 12.817737368938275 7.4809760242140735 42
    endloop
  endfacet
  facet normal 0 0 1
    outer loop
      vertex 12.817737368938275 7.4809760242140735 42
      vertex 14.711758787437018 5.85949759936537 42
      vertex 12.933082945215602 7.575637692280786 42
    endloop
  endfacet
  facet normal 0 0 1
    outer loop
      vertex 14.711758787437018 5.85949759936537 42
      vertex 13.044623194586084 7.6747548257053 42
      vertex 12.933082945215602 7.575637692280786 42
    endloop
  endfacet
  facet normal 0 0 1
    outer loop
      vertex 14.99066376115481 5.939696961966999 42
      vertex 13.152186130069785 7.778174593052023 42
      vertex 13.044623194586084 7.6747548257053 42
    endloop
  endfacet
  facet normal 0 0 1
    outer loop
      vertex 12.45067490748151 7.225147737015354 42
      vertex 14.383004694431868 5.480173627815948 42
      vertex 14.441089506858928 5.772185699651672 42
    endloop
  endfacet
  facet normal 0 0 1
    outer loop
      vertex 14.711097456171146 5.856483421913151 42
      vertex 14.874921676002904 5.828413093924474 42
      vertex 14.711758787437018 5.85949759936537 42
    endloop
  endfacet
  facet normal 0 0 1
    outer loop
      vertex 14.711758787437018 5.85949759936537 42
      vertex 14.874921676002904 5.828413093924474 42
      vertex 14.99066376115481 5.939696961966999 42
    endloop
  endfacet
  facet normal 0 0 1
    outer loop
      vertex 12.817737368938275 7.4809760242140735 42
      vertex 14.441089506858928 5.772185699651672 42
      vertex 14.711097456171146 5.856483421913151 42
    endloop
  endfacet
  facet normal 0 0 1
    outer loop
      vertex 12.817737368938275 7.4809760242140735 42
      vertex 14.711097456171146 5.856483421913151 42
      vertex 14.711758787437018 5.85949759936537 42
    endloop
  endfacet
  facet normal 0 0 1
    outer loop
      vertex 14.711758787437018 5.85949759936537 42
      vertex 14.99066376115481 5.939696961966999 42
      vertex 13.044623194586084 7.6747548257053 42
    endloop
  endfacet
  facet normal 0 0 1
    outer loop
      vertex 14.99066376115481 5.939696961966999 42
      vertex 13.25560589741651 7.885737528535726 42
      vertex 13.152186130069785 7.778174593052023 42
    endloop
  endfacet
  facet normal 0 0 1
    outer loop
      vertex 13.25560589741651 7.885737528535726 42
      vertex 15.243603899072307 6.3902206532218315 42
      vertex 13.354723030841024 7.997277777906207 42
    endloop
  endfacet
  facet normal 0 0 1
    outer loop
      vertex 14.99066376115481 5.939696961966999 42
      vertex 15.164844421949294 6.120855590150076 42
      vertex 13.25560589741651 7.885737528535726 42
    endloop
  endfacet
  facet normal 0 0 1
    outer loop
      vertex 13.25560589741651 7.885737528535726 42
      vertex 15.164844421949294 6.120855590150076 42
      vertex 15.243603899072307 6.3902206532218315 42
    endloop
  endfacet
  facet normal 0 0 1
    outer loop
      vertex 13.449384698907735 8.112623354183533 42
      vertex 15.243603899072307 6.3902206532218315 42
      vertex 15.243586220720346 6.393508132755424 42
    endloop
  endfacet
  facet normal 0 0 1
    outer loop
      vertex 13.539444940185705 8.231596402849506 42
      vertex 15.243586220720346 6.393508132755424 42
      vertex 15.449096895886587 6.541906855033123 42
    endloop
  endfacet
  facet normal 0 0 1
    outer loop
      vertex 13.539444940185705 8.231596402849506 42
      vertex 15.449036336346076 6.543527049859354 42
      vertex 15.507752802493876 6.524834457440474 42
    endloop
  endfacet
  facet normal 0 0 1
    outer loop
      vertex 13.539444940185705 8.231596402849506 42
      vertex 15.449096895886587 6.541906855033123 42
      vertex 15.449036336346076 6.543527049859354 42
    endloop
  endfacet
  facet normal 0 0 1
    outer loop
      vertex 13.624764888310576 8.354013476086415 42
      vertex 15.507752802493876 6.524834457440474 42
      vertex 15.51788082094797 6.823547913069467 42
    endloop
  endfacet
  facet normal 0 0 1
    outer loop
      vertex 13.705212986106456 8.479685815640298 42
      vertex 15.51788082094797 6.823547913069467 42
      vertex 15.69604970004155 6.9932216544148185 42
    endloop
  endfacet
  facet normal 0 0 1
    outer loop
      vertex 13.354723030841024 7.997277777906207 42
      vertex 15.243603899072307 6.3902206532218315 42
      vertex 13.449384698907735 8.112623354183533 42
    endloop
  endfacet
  facet normal 0 0 1
    outer loop
      vertex 13.449384698907735 8.112623354183533 42
      vertex 15.243586220720346 6.393508132755424 42
      vertex 13.539444940185705 8.231596402849506 42
    endloop
  endfacet
  facet normal 0 0 1
    outer loop
      vertex 13.539444940185705 8.231596402849506 42
      vertex 15.507752802493876 6.524834457440474 42
      vertex 13.624764888310576 8.354013476086415 42
    endloop
  endfacet
  facet normal 0 0 1
    outer loop
      vertex 13.624764888310576 8.354013476086415 42
      vertex 15.51788082094797 6.823547913069467 42
      vertex 13.705212986106456 8.479685815640298 42
    endloop
  endfacet
  facet normal 0 0 1
    outer loop
      vertex 13.705212986106456 8.479685815640298 42
      vertex 15.69604970004155 6.9932216544148185 42
      vertex 13.780665188437533 8.608419643872475 42
    endloop
  endfacet
  facet normal 0 0 1
    outer loop
      vertex 13.780665188437533 8.608419643872475 42
      vertex 15.820115834816894 7.219223713987918 42
      vertex 13.851005153476702 8.740016462550628 42
    endloop
  endfacet
  facet normal 0 0 1
    outer loop
      vertex 13.851005153476702 8.740016462550628 42
      vertex 15.820115834816894 7.219223713987918 42
      vertex 13.916124422096214 8.874273358918678 42
    endloop
  endfacet
  facet normal 0 0 1
    outer loop
      vertex 13.916124422096214 8.874273358918678 42
      vertex 16.00033096337431 7.38682825943289 42
      vertex 13.975922585103795 9.010983318573565 42
    endloop
  endfacet
  facet normal 0 0 1
    outer loop
      vertex 13.975922585103795 9.010983318573565 42
      vertex 16.00033096337431 7.38682825943289 42
      vertex 14.030307438066345 9.14993554466643 42
    endloop
  endfacet
  facet normal 0 0 1
    outer loop
      vertex 14.030307438066345 9.14993554466643 42
      vertex 16.00033096337431 7.38682825943289 42
      vertex 14.079195123482489 9.290915782936104 42
    endloop
  endfacet
  facet normal 0 0 1
    outer loop
      vertex 14.079195123482489 9.290915782936104 42
      vertex 16.108985471041056 7.6160192100919515 42
      vertex 14.122510260084763 9.43370665207362 42
    endloop
  endfacet
  facet normal 0 0 1
    outer loop
      vertex 14.122510260084763 9.43370665207362 42
      vertex 16.263939536652178 7.758219528554586 42
      vertex 14.160186059072075 9.578087978908464 42
    endloop
  endfacet
  facet normal 0 0 1
    outer loop
      vertex 14.160186059072075 9.578087978908464 42
      vertex 16.242465846699034 8.785027241984638 42
      vertex 14.19216442709318 9.723837137899617 42
    endloop
  endfacet
  facet normal 0 0 1
    outer loop
      vertex 14.19216442709318 9.723837137899617 42
      vertex 16.242465846699034 8.785027241984638 42
      vertex 14.218396055822426 9.870729394408025 42
    endloop
  endfacet
  facet normal 0 0 1
    outer loop
      vertex 14.218396055822426 9.870729394408025 42
      vertex 16.242465846699034 8.785027241984638 42
      vertex 14.238840497989624 10.01853825122112 42
    endloop
  endfacet
  facet normal 0 0 1
    outer loop
      vertex 14.238840497989624 10.01853825122112 42
      vertex 16.242465846699034 8.785027241984638 42
      vertex 14.253466229746792 10.167035797795094 42
    endloop
  endfacet
  facet normal 0 0 1
    outer loop
      vertex 14.253466229746792 10.167035797795094 42
      vertex 16.242465846699034 8.785027241984638 42
      vertex 14.262250699275654 10.315993061676444 42
    endloop
  endfacet
  facet normal 0 0 1
    outer loop
      vertex 14.262250699275654 10.315993061676444 42
      vertex 16.242465846699034 8.785027241984638 42
      vertex 14.265180361560903 10.465180361560902 42
    endloop
  endfacet
  facet normal 0 0 1
    outer loop
      vertex 14.265180361560903 10.465180361560902 42
      vertex 16.242465846699034 8.785027241984638 42
      vertex 14.26225069927565 10.614367661445364 42
    endloop
  endfacet
  facet normal 0 0 1
    outer loop
      vertex 15.273144832406054 0.6 42
      vertex 16.489882468130954 0.6 42
      vertex 16.320783203062756 2.4081919258008297 42
    endloop
  endfacet
  facet normal 0 0 1
    outer loop
      vertex 15.273144832406054 0.6 42
      vertex 16.292205586656166 3.3127973085961187 42
      vertex 16.128515945613813 3.4671191841876627 42
    endloop
  endfacet
  facet normal 0 0 1
    outer loop
      vertex 15.273144832406054 0.6 42
      vertex 16.320783203062756 2.4081919258008297 42
      vertex 16.295355887611585 2.8173471885826107 42
    endloop
  endfacet
  facet normal 0 0 1
    outer loop
      vertex 15.273144832406054 0.6 42
      vertex 16.295355887611585 2.8173471885826107 42
      vertex 16.292205586656166 3.3127973085961187 42
    endloop
  endfacet
  facet normal 0 0 1
    outer loop
      vertex 16.489882468130954 0.6 42
      vertex 16.48981590275463 0.8267136503190219 42
      vertex 16.47787625483731 0.8072299157360195 42
    endloop
  endfacet
  facet normal 0 0 1
    outer loop
      vertex 16.489882468130954 0.6 42
      vertex 16.47787625483731 0.8072299157360195 42
      vertex 16.4600463107848 1.10957027590157 42
    endloop
  endfacet
  facet normal 0 0 1
    outer loop
      vertex 16.48981590275463 0.8267136503190219 42
      vertex 16.4600463107848 1.10957027590157 42
      vertex 16.47787625483731 0.8072299157360195 42
    endloop
  endfacet
  facet normal 0 0 1
    outer loop
      vertex 16.489882468130954 0.6 42
      vertex 16.4600463107848 1.10957027590157 42
      vertex 16.436577883413012 1.422079843941096 42
    endloop
  endfacet
  facet normal 0 0 1
    outer loop
      vertex 16.489882468130954 0.6 42
      vertex 16.436577883413012 1.422079843941096 42
      vertex 16.40512642360732 1.7414118742873261 42
    endloop
  endfacet
  facet normal 0 0 1
    outer loop
      vertex 16.4600463107848 1.10957027590157 42
      vertex 16.45234440681564 1.4502329972361072 42
      vertex 16.436577883413012 1.422079843941096 42
    endloop
  endfacet
  facet normal 0 0 1
    outer loop
      vertex 16.489882468130954 0.6 42
      vertex 16.40512642360732 1.7414118742873261 42
      vertex 16.36736274477439 2.071432000782126 42
    endloop
  endfacet
  facet normal 0 0 1
    outer loop
      vertex 16.436577883413012 1.422079843941096 42
      vertex 16.45234440681564 1.4502329972361072 42
      vertex 16.40512642360732 1.7414118742873261 42
    endloop
  endfacet
  facet normal 0 0 1
    outer loop
      vertex 16.489882468130954 0.6 42
      vertex 16.36736274477439 2.071432000782126 42
      vertex 16.320783203062756 2.4081919258008297 42
    endloop
  endfacet
  facet normal 0 0 1
    outer loop
      vertex 16.40512642360732 1.7414118742873261 42
      vertex 16.391374181067548 2.1185570978842962 42
      vertex 16.36736274477439 2.071432000782126 42
    endloop
  endfacet
  facet normal 0 0 1
    outer loop
      vertex 16.391374181067548 2.1185570978842962 42
      vertex 16.320783203062756 2.4081919258008297 42
      vertex 16.36736274477439 2.071432000782126 42
    endloop
  endfacet
  facet normal 0 0 1
    outer loop
      vertex 15.273144832406054 0.6 42
      vertex 15.729243426649662 4.977431106967229 42
      vertex 15.70932206293905 5.336169753211435 42
    endloop
  endfacet
  facet normal 0 0 1
    outer loop
      vertex 15.273144832406054 0.6 42
      vertex 16.128515945613813 3.4671191841876627 42
      vertex 16.04680917594545 3.839517580353105 42
    endloop
  endfacet
  facet normal 0 0 1
    outer loop
      vertex 15.273144832406054 0.6 42
      vertex 16.04680917594545 3.839517580353105 42
      vertex 15.950845120469873 4.209234302277484 42
    endloop
  endfacet
  facet normal 0 0 1
    outer loop
      vertex 15.273144832406054 0.6 42
      vertex 15.950845120469873 4.209234302277484 42
      vertex 15.846259569985312 4.591680579075785 42
    endloop
  endfacet
  facet normal 0 0 1
    outer loop
      vertex 15.273144832406054 0.6 42
      vertex 15.846259569985312 4.591680579075785 42
      vertex 15.729243426649662 4.977431106967229 42
    endloop
  endfacet
  facet normal 0 0 1
    outer loop
      vertex 16.292205586656166 3.3127973085961187 42
      vertex 16.190033504272186 3.6156357085624005 42
      vertex 16.128515945613813 3.4671191841876627 42
    endloop
  endfacet
  facet normal 0 0 1
    outer loop
      vertex 16.128515945613813 3.4671191841876627 42
      vertex 16.190033504272186 3.6156357085624005 42
      vertex 16.04680917594545 3.839517580353105 42
    endloop
  endfacet
  facet normal 0 0 1
    outer loop
      vertex 14.950938247144222 5.791542410850525 42
      vertex 15.273144832406054 0.6 42
      vertex 15.176038071513176 5.671224042773247 42
    endloop
  endfacet
  facet normal 0 0 1
    outer loop
      vertex 15.273144832406054 0.6 42
      vertex 15.396240673959255 5.5421610698103905 42
      vertex 15.176038071513176 5.671224042773247 42
    endloop
  endfacet
  facet normal 0 0 1
    outer loop
      vertex 14.874921676002904 5.828413093924474 42
      vertex 15.273144832406054 0.6 42
      vertex 14.950938247144222 5.791542410850525 42
    endloop
  endfacet
  facet normal 0 0 1
    outer loop
      vertex 15.273144832406054 0.6 42
      vertex 15.57932228780375 5.424962904695431 42
      vertex 15.396240673959255 5.5421610698103905 42
    endloop
  endfacet
  facet normal 0 0 1
    outer loop
      vertex 15.273144832406054 0.6 42
      vertex 15.599631709057011 5.366395455182711 42
      vertex 15.57932228780375 5.424962904695431 42
    endloop
  endfacet
  facet normal 0 0 1
    outer loop
      vertex 15.273144832406054 0.6 42
      vertex 15.692907625524372 5.3476099792023275 42
      vertex 15.599631709057011 5.366395455182711 42
    endloop
  endfacet
  facet normal 0 0 1
    outer loop
      vertex 15.273144832406054 0.6 42
      vertex 15.70932206293905 5.336169753211435 42
      vertex 15.692907625524372 5.3476099792023275 42
    endloop
  endfacet
  facet normal 0 0 1
    outer loop
      vertex 16.04680917594545 3.839517580353105 42
      vertex 16.069047171998477 4.529634982696751 42
      vertex 15.950845120469873 4.209234302277484 42
    endloop
  endfacet
  facet normal 0 0 1
    outer loop
      vertex 15.950845120469873 4.209234302277484 42
      vertex 15.901130218114801 4.749914232095068 42
      vertex 15.846259569985312 4.591680579075785 42
    endloop
  endfacet
  facet normal 0 0 1
    outer loop
      vertex 15.846259569985312 4.591680579075785 42
      vertex 15.901130218114801 4.749914232095068 42
      vertex 15.729243426649662 4.977431106967229 42
    endloop
  endfacet
  facet normal 0 0 1
    outer loop
      vertex 15.950845120469873 4.209234302277484 42
      vertex 16.069047171998477 4.529634982696751 42
      vertex 15.901130218114801 4.749914232095068 42
    endloop
  endfacet
  facet normal 0 0 1
    outer loop
      vertex 16.320783203062756 2.4081919258008297 42
      vertex 16.292205586656166 3.3127973085961187 42
      vertex 16.295355887611585 2.8173471885826107 42
    endloop
  endfacet
  facet normal 0 0 1
    outer loop
      vertex 16.48981590275463 0.8267136503190219 42
      vertex 16.60070863048731 8.648233416538453 42
      vertex 16.4600463107848 1.10957027590157 42
    endloop
  endfacet
  facet normal 0 0 1
    outer loop
      vertex 16.4600463107848 1.10957027590157 42
      vertex 16.60070863048731 8.648233416538453 42
      vertex 16.45234440681564 1.4502329972361072 42
    endloop
  endfacet
  facet normal 0 0 1
    outer loop
      vertex 16.45234440681564 1.4502329972361072 42
      vertex 16.60070863048731 8.648233416538453 42
      vertex 16.40512642360732 1.7414118742873261 42
    endloop
  endfacet
  facet normal 0 0 1
    outer loop
      vertex 16.391374181067548 2.1185570978842962 42
      vertex 16.263939536652178 7.758219528554586 42
      vertex 16.320783203062756 2.4081919258008297 42
    endloop
  endfacet
  facet normal 0 0 1
    outer loop
      vertex 16.40512642360732 1.7414118742873261 42
      vertex 16.60070863048731 8.648233416538453 42
      vertex 16.391374181067548 2.1185570978842962 42
    endloop
  endfacet
  facet normal 0 0 1
    outer loop
      vertex 16.320783203062756 2.4081919258008297 42
      vertex 16.263939536652178 7.758219528554586 42
      vertex 16.292205586656166 3.3127973085961187 42
    endloop
  endfacet
  facet normal 0 0 1
    outer loop
      vertex 16.292205586656166 3.3127973085961187 42
      vertex 16.263939536652178 7.758219528554586 42
      vertex 16.190033504272186 3.6156357085624005 42
    endloop
  endfacet
  facet normal 0 0 1
    outer loop
      vertex 16.489882468130954 0.6 42
      vertex 19.8333044482741 0.6 42
      vertex 16.48981590275463 0.8267136503190219 42
    endloop
  endfacet
  facet normal 0 0 1
    outer loop
      vertex 19.9852340001396 0.7519295518654995 42
      vertex 19.984580724814457 0.7851963151813722 42
      vertex 19.938346674662558 1.5691819145568988 42
    endloop
  endfacet
  facet normal 0 0 1
    outer loop
      vertex 19.8333044482741 0.6 42
      vertex 19.9852340001396 0.7519295518654995 42
      vertex 19.861369139098525 2.350747949156753 42
    endloop
  endfacet
  facet normal 0 0 1
    outer loop
      vertex 19.9852340001396 0.7519295518654995 42
      vertex 19.938346674662558 1.5691819145568988 42
      vertex 19.861369139098525 2.350747949156753 42
    endloop
  endfacet
  facet normal 0 0 1
    outer loop
      vertex 19.8333044482741 0.6 42
      vertex 19.861369139098525 2.350747949156753 42
      vertex 19.753766811902757 3.1286893008046173 42
    endloop
  endfacet
  facet normal 0 0 1
    outer loop
      vertex 16.48981590275463 0.8267136503190219 42
      vertex 19.8333044482741 0.6 42
      vertex 16.60070863048731 8.648233416538453 42
    endloop
  endfacet
  facet normal 0 0 1
    outer loop
      vertex 19.8333044482741 0.6 42
      vertex 19.61570560806461 3.9018064403225647 42
      vertex 19.447398407953532 4.668907277118108 42
    endloop
  endfacet
  facet normal 0 0 1
    outer loop
      vertex 19.8333044482741 0.6 42
      vertex 19.753766811902757 3.1286893008046173 42
      vertex 19.61570560806461 3.9018064403225647 42
    endloop
  endfacet
  facet normal 0 0 1
    outer loop
      vertex 19.8333044482741 0.6 42
      vertex 19.447398407953532 4.668907277118108 42
      vertex 19.249104729072947 5.428808997301485 42
    endloop
  endfacet
  facet normal 0 0 1
    outer loop
      vertex 18.763826718449682 6.922341141549859 42
      vertex 19.8333044482741 0.6 42
      vertex 19.02113032590307 6.180339887498948 42
    endloop
  endfacet
  facet normal 0 0 1
    outer loop
      vertex 19.8333044482741 0.6 42
      vertex 19.249104729072947 5.428808997301485 42
      vertex 19.02113032590307 6.180339887498948 42
    endloop
  endfacet
  facet normal 0 0 1
    outer loop
      vertex 15.480157042720988 5.710931441778634 42
      vertex 15.449096895886587 6.541906855033123 42
      vertex 15.272360505172644 6.241847494573982 42
    endloop
  endfacet
  facet normal 0 0 1
    outer loop
      vertex 15.57932228780375 5.424962904695431 42
      vertex 15.69604970004155 6.9932216544148185 42
      vertex 15.480157042720988 5.710931441778634 42
    endloop
  endfacet
  facet normal 0 0 1
    outer loop
      vertex 15.599631709057011 5.366395455182711 42
      vertex 15.692907625524372 5.3476099792023275 42
      vertex 15.57932228780375 5.424962904695431 42
    endloop
  endfacet
  facet normal 0 0 1
    outer loop
      vertex 15.729243426649662 4.977431106967229 42
      vertex 15.901130218114801 4.749914232095068 42
      vertex 15.825597914195832 6.970473685604894 42
    endloop
  endfacet
  facet normal 0 0 1
    outer loop
      vertex 16.190033504272186 3.6156357085624005 42
      vertex 16.181617496533452 7.588495546032533 42
      vertex 16.04680917594545 3.839517580353105 42
    endloop
  endfacet
  facet normal 0 0 1
    outer loop
      vertex 16.069047171998477 4.529634982696751 42
      vertex 16.106027423090854 7.444405597244616 42
      vertex 15.901130218114801 4.749914232095068 42
    endloop
  endfacet
  facet normal 0 0 1
    outer loop
      vertex 16.04680917594545 3.839517580353105 42
      vertex 16.181617496533452 7.588495546032533 42
      vertex 16.069047171998477 4.529634982696751 42
    endloop
  endfacet
  facet normal 0 0 1
    outer loop
      vertex 15.729243426649662 4.977431106967229 42
      vertex 15.825597914195832 6.970473685604894 42
      vertex 15.70932206293905 5.336169753211435 42
    endloop
  endfacet
  facet normal 0 0 1
    outer loop
      vertex 15.57932228780375 5.424962904695431 42
      vertex 15.692907625524372 5.3476099792023275 42
      vertex 15.69604970004155 6.9932216544148185 42
    endloop
  endfacet
  facet normal 0 0 1
    outer loop
      vertex 15.692907625524372 5.3476099792023275 42
      vertex 15.70932206293905 5.336169753211435 42
      vertex 15.825597914195832 6.970473685604894 42
    endloop
  endfacet
  facet normal 0 0 1
    outer loop
      vertex 15.164844421949294 6.120855590150076 42
      vertex 15.272360505172644 6.241847494573982 42
      vertex 15.243603899072307 6.3902206532218315 42
    endloop
  endfacet
  facet normal 0 0 1
    outer loop
      vertex 15.243603899072307 6.3902206532218315 42
      vertex 15.272360505172644 6.241847494573982 42
      vertex 15.449096895886587 6.541906855033123 42
    endloop
  endfacet
  facet normal 0 0 1
    outer loop
      vertex 15.243603899072307 6.3902206532218315 42
      vertex 15.449096895886587 6.541906855033123 42
      vertex 15.243586220720346 6.393508132755424 42
    endloop
  endfacet
  facet normal 0 0 1
    outer loop
      vertex 15.480157042720988 5.710931441778634 42
      vertex 15.507752802493876 6.524834457440474 42
      vertex 15.449096895886587 6.541906855033123 42
    endloop
  endfacet
  facet normal 0 0 1
    outer loop
      vertex 15.449096895886587 6.541906855033123 42
      vertex 15.507752802493876 6.524834457440474 42
      vertex 15.449036336346076 6.543527049859354 42
    endloop
  endfacet
  facet normal 0 0 1
    outer loop
      vertex 15.480157042720988 5.710931441778634 42
      vertex 15.69604970004155 6.9932216544148185 42
      vertex 15.507752802493876 6.524834457440474 42
    endloop
  endfacet
  facet normal 0 0 1
    outer loop
      vertex 15.507752802493876 6.524834457440474 42
      vertex 15.69604970004155 6.9932216544148185 42
      vertex 15.51788082094797 6.823547913069467 42
    endloop
  endfacet
  facet normal 0 0 1
    outer loop
      vertex 15.692907625524372 5.3476099792023275 42
      vertex 15.825597914195832 6.970473685604894 42
      vertex 15.69604970004155 6.9932216544148185 42
    endloop
  endfacet
  facet normal 0 0 1
    outer loop
      vertex 15.901130218114801 4.749914232095068 42
      vertex 15.994475426795539 7.244712428479481 42
      vertex 15.825597914195832 6.970473685604894 42
    endloop
  endfacet
  facet normal 0 0 1
    outer loop
      vertex 15.901130218114801 4.749914232095068 42
      vertex 16.106027423090854 7.444405597244616 42
      vertex 15.994475426795539 7.244712428479481 42
    endloop
  endfacet
  facet normal 0 0 1
    outer loop
      vertex 16.190033504272186 3.6156357085624005 42
      vertex 16.263939536652178 7.758219528554586 42
      vertex 16.181617496533452 7.588495546032533 42
    endloop
  endfacet
  facet normal 0 0 1
    outer loop
      vertex 16.069047171998477 4.529634982696751 42
      vertex 16.181617496533452 7.588495546032533 42
      vertex 16.106027423090854 7.444405597244616 42
    endloop
  endfacet
  facet normal 0 0 1
    outer loop
      vertex 15.69604970004155 6.9932216544148185 42
      vertex 15.825597914195832 6.970473685604894 42
      vertex 15.696056100083284 6.9965735747281235 42
    endloop
  endfacet
  facet normal 0 0 1
    outer loop
      vertex 15.696056100083284 6.9965735747281235 42
      vertex 15.825597914195832 6.970473685604894 42
      vertex 15.820115834816894 7.219223713987918 42
    endloop
  endfacet
  facet normal 0 0 1
    outer loop
      vertex 15.825597914195832 6.970473685604894 42
      vertex 15.994475426795539 7.244712428479481 42
      vertex 15.820115834816894 7.219223713987918 42
    endloop
  endfacet
  facet normal 0 0 1
    outer loop
      vertex 15.820115834816894 7.219223713987918 42
      vertex 15.994475426795539 7.244712428479481 42
      vertex 16.00033096337431 7.38682825943289 42
    endloop
  endfacet
  facet normal 0 0 1
    outer loop
      vertex 15.994475426795539 7.244712428479481 42
      vertex 16.106027423090854 7.444405597244616 42
      vertex 16.00033096337431 7.38682825943289 42
    endloop
  endfacet
  facet normal 0 0 1
    outer loop
      vertex 16.391374181067548 2.1185570978842962 42
      vertex 16.560397497736233 8.515345420956278 42
      vertex 16.263939536652178 7.758219528554586 42
    endloop
  endfacet
  facet normal 0 0 1
    outer loop
      vertex 16.391374181067548 2.1185570978842962 42
      vertex 16.60070863048731 8.648233416538453 42
      vertex 16.560397497736233 8.515345420956278 42
    endloop
  endfacet
  facet normal 0 0 1
    outer loop
      vertex 13.780665188437533 8.608419643872475 42
      vertex 15.69604970004155 6.9932216544148185 42
      vertex 15.696056100083284 6.9965735747281235 42
    endloop
  endfacet
  facet normal 0 0 1
    outer loop
      vertex 13.780665188437533 8.608419643872475 42
      vertex 15.696056100083284 6.9965735747281235 42
      vertex 15.820115834816894 7.219223713987918 42
    endloop
  endfacet
  facet normal 0 0 1
    outer loop
      vertex 13.916124422096214 8.874273358918678 42
      vertex 15.820115834816894 7.219223713987918 42
      vertex 16.00033096337431 7.38682825943289 42
    endloop
  endfacet
  facet normal 0 0 1
    outer loop
      vertex 14.079195123482489 9.290915782936104 42
      vertex 16.00033096337431 7.38682825943289 42
      vertex 16.106027423090854 7.444405597244616 42
    endloop
  endfacet
  facet normal 0 0 1
    outer loop
      vertex 14.079195123482489 9.290915782936104 42
      vertex 16.106027423090854 7.444405597244616 42
      vertex 16.108985471041056 7.6160192100919515 42
    endloop
  endfacet
  facet normal 0 0 1
    outer loop
      vertex 14.122510260084763 9.43370665207362 42
      vertex 16.108985471041056 7.6160192100919515 42
      vertex 16.263939536652178 7.758219528554586 42
    endloop
  endfacet
  facet normal 0 0 1
    outer loop
      vertex 14.160186059072075 9.578087978908464 42
      vertex 16.263939536652178 7.758219528554586 42
      vertex 16.242465846699034 8.785027241984638 42
    endloop
  endfacet
  facet normal 0 0 1
    outer loop
      vertex 16.106027423090854 7.444405597244616 42
      vertex 16.181617496533452 7.588495546032533 42
      vertex 16.108985471041056 7.6160192100919515 42
    endloop
  endfacet
  facet normal 0 0 1
    outer loop
      vertex 16.108985471041056 7.6160192100919515 42
      vertex 16.181617496533452 7.588495546032533 42
      vertex 16.263939536652178 7.758219528554586 42
    endloop
  endfacet
  facet normal 0 0 1
    outer loop
      vertex 14.238840497989624 10.911822471900688 42
      vertex 16.242465846699034 8.785027241984638 42
      vertex 16.6018945738123 8.750074883785535 42
    endloop
  endfacet
  facet normal 0 0 1
    outer loop
      vertex 14.238840497989624 10.911822471900688 42
      vertex 16.6018945738123 8.750074883785535 42
      vertex 16.67260645715987 8.910805804873393 42
    endloop
  endfacet
  facet normal 0 0 1
    outer loop
      vertex 16.263939536652178 7.758219528554586 42
      vertex 16.560397497736233 8.515345420956278 42
      vertex 16.242465846699034 8.785027241984638 42
    endloop
  endfacet
  facet normal 0 0 1
    outer loop
      vertex 16.560397497736233 8.515345420956278 42
      vertex 16.60070863048731 8.648233416538453 42
      vertex 16.242465846699034 8.785027241984638 42
    endloop
  endfacet
  facet normal 0 0 1
    outer loop
      vertex 16.242465846699034 8.785027241984638 42
      vertex 16.60070863048731 8.648233416538453 42
      vertex 16.6018945738123 8.750074883785535 42
    endloop
  endfacet
  facet normal 0 0 1
    outer loop
      vertex 16.60070863048731 8.648233416538453 42
      vertex 16.629392246050905 8.745200156002229 42
      vertex 16.6018945738123 8.750074883785535 42
    endloop
  endfacet
  facet normal 0 0 1
    outer loop
      vertex 16.629392246050905 8.745200156002229 42
      vertex 16.67260645715987 8.910805804873393 42
      vertex 16.6018945738123 8.750074883785535 42
    endloop
  endfacet
  facet normal 0 0 1
    outer loop
      vertex 19.8333044482741 0.6 42
      vertex 16.629392246050905 8.745200156002229 42
      vertex 16.60070863048731 8.648233416538453 42
    endloop
  endfacet
  facet normal 0 0 1
    outer loop
      vertex 19.8333044482741 0.6 42
      vertex 16.67260645715987 8.910805804873393 42
      vertex 16.629392246050905 8.745200156002229 42
    endloop
  endfacet
  facet normal 0 0 1
    outer loop
      vertex 19.8333044482741 0.6 42
      vertex 18.162863476501624 8.373194750748562 42
      vertex 17.820130483767358 9.079809994790935 42
    endloop
  endfacet
  facet normal 0 0 1
    outer loop
      vertex 19.8333044482741 0.6 42
      vertex 17.052803287081844 10.449971294318976 42
      vertex 16.67260645715987 8.910805804873393 42
    endloop
  endfacet
  facet normal 0 0 1
    outer loop
      vertex 19.8333044482741 0.6 42
      vertex 17.449920141455944 9.772424829939098 42
      vertex 17.052803287081844 10.449971294318976 42
    endloop
  endfacet
  facet normal 0 0 1
    outer loop
      vertex 19.8333044482741 0.6 42
      vertex 17.820130483767358 9.079809994790935 42
      vertex 17.449920141455944 9.772424829939098 42
    endloop
  endfacet
  facet normal 0 0 1
    outer loop
      vertex 18.763826718449682 6.922341141549859 42
      vertex 18.477590650225736 7.653668647301796 42
      vertex 19.8333044482741 0.6 42
    endloop
  endfacet
  facet normal 0 0 1
    outer loop
      vertex 19.8333044482741 0.6 42
      vertex 18.477590650225736 7.653668647301796 42
      vertex 18.162863476501624 8.373194750748562 42
    endloop
  endfacet
  facet normal 0 0 1
    outer loop
      vertex 10.763324925326716 14.25346622974679 42
      vertex 10.911822471900688 14.238840497989624 42
      vertex 8.878797068309902 16.175689884188237 42
    endloop
  endfacet
  facet normal 0 0 1
    outer loop
      vertex 10.911822471900688 14.238840497989624 42
      vertex 11.059631328713781 14.218396055822428 42
      vertex 8.878797068309902 16.175689884188237 42
    endloop
  endfacet
  facet normal 0 0 1
    outer loop
      vertex 11.206523585222191 14.19216442709318 42
      vertex 8.912068780514295 16.44787812264751 42
      vertex 11.059631328713781 14.218396055822428 42
    endloop
  endfacet
  facet normal 0 0 1
    outer loop
      vertex 11.206523585222191 14.19216442709318 42
      vertex 11.352272744213344 14.160186059072075 42
      vertex 8.912068780514295 16.44787812264751 42
    endloop
  endfacet
  facet normal 0 0 1
    outer loop
      vertex 11.352272744213344 14.160186059072075 42
      vertex 11.496654071048187 14.122510260084766 42
      vertex 9.106727958363123 16.552749926626024 42
    endloop
  endfacet
  facet normal 0 0 1
    outer loop
      vertex 11.496654071048187 14.122510260084766 42
      vertex 11.639444940185705 14.079195123482489 42
      vertex 9.106727958363123 16.552749926626024 42
    endloop
  endfacet
  facet normal 0 0 1
    outer loop
      vertex 11.639444940185705 14.079195123482489 42
      vertex 11.780425178455378 14.030307438066345 42
      vertex 9.598033105652064 16.375467512072408 42
    endloop
  endfacet
  facet normal 0 0 1
    outer loop
      vertex 11.780425178455378 14.030307438066345 42
      vertex 11.919377404548245 13.975922585103794 42
      vertex 9.598033105652064 16.375467512072408 42
    endloop
  endfacet
  facet normal 0 0 1
    outer loop
      vertex 12.056087364203133 13.916124422096214 42
      vertex 9.637631938451738 16.619441646717124 42
      vertex 11.919377404548245 13.975922585103794 42
    endloop
  endfacet
  facet normal 0 0 1
    outer loop
      vertex 12.056087364203133 13.916124422096214 42
      vertex 12.190344260571184 13.851005153476702 42
      vertex 9.637631938451738 16.619441646717124 42
    endloop
  endfacet
  facet normal 0 0 1
    outer loop
      vertex 12.190344260571184 13.851005153476702 42
      vertex 12.321941079249333 13.780665188437533 42
      vertex 9.760225527278116 16.77353397662506 42
    endloop
  endfacet
  facet normal 0 0 1
    outer loop
      vertex 12.450674907481512 13.705212986106455 42
      vertex 9.760225527278116 16.77353397662506 42
      vertex 12.321941079249333 13.780665188437533 42
    endloop
  endfacet
  facet normal 0 0 1
    outer loop
      vertex 12.450674907481512 13.705212986106455 42
      vertex 12.576347247035393 13.624764888310576 42
      vertex 9.760225527278116 16.77353397662506 42
    endloop
  endfacet
  facet normal 0 0 1
    outer loop
      vertex 13.044623194586082 13.25560589741651 42
      vertex 10.413244344732488 16.41259023669509 42
      vertex 12.9330829452156 13.35472303084102 42
    endloop
  endfacet
  facet normal 0 0 1
    outer loop
      vertex 13.044623194586082 13.25560589741651 42
      vertex 13.152186130069786 13.152186130069786 42
      vertex 10.413244344732488 16.41259023669509 42
    endloop
  endfacet
  facet normal 0 0 1
    outer loop
      vertex 13.25560589741651 13.044623194586082 42
      vertex 10.427593816377982 16.66272587597452 42
      vertex 13.152186130069786 13.152186130069786 42
    endloop
  endfacet
  facet normal 0 0 1
    outer loop
      vertex 13.25560589741651 13.044623194586082 42
      vertex 13.35472303084102 12.9330829452156 42
      vertex 10.427593816377982 16.66272587597452 42
    endloop
  endfacet
  facet normal 0 0 1
    outer loop
      vertex 12.698764320272302 13.539444940185705 42
      vertex 12.817737368938275 13.449384698907735 42
      vertex 10.413244344732488 16.41259023669509 42
    endloop
  endfacet
  facet normal 0 0 1
    outer loop
      vertex 12.576347247035393 13.624764888310576 42
      vertex 12.698764320272302 13.539444940185705 42
      vertex 10.413244344732488 16.41259023669509 42
    endloop
  endfacet
  facet normal 0 0 1
    outer loop
      vertex 12.817737368938275 13.449384698907735 42
      vertex 12.9330829452156 13.35472303084102 42
      vertex 10.413244344732488 16.41259023669509 42
    endloop
  endfacet
  facet normal 0 0 1
    outer loop
      vertex 14.26225069927565 10.614367661445364 42
      vertex 16.242465846699034 8.785027241984638 42
      vertex 14.25346622974679 10.763324925326716 42
    endloop
  endfacet
  facet normal 0 0 1
    outer loop
      vertex 14.25346622974679 10.763324925326716 42
      vertex 16.242465846699034 8.785027241984638 42
      vertex 14.238840497989624 10.911822471900688 42
    endloop
  endfacet
  facet normal 0 0 1
    outer loop
      vertex 14.160186059072075 11.352272744213344 42
      vertex 16.67260645715987 8.910805804873393 42
      vertex 14.122510260084766 11.496654071048187 42
    endloop
  endfacet
  facet normal 0 0 1
    outer loop
      vertex 14.122510260084766 11.496654071048187 42
      vertex 16.67260645715987 8.910805804873393 42
      vertex 14.079195123482489 11.639444940185705 42
    endloop
  endfacet
  facet normal 0 0 1
    outer loop
      vertex 14.030307438066345 11.780425178455378 42
      vertex 16.67260645715987 8.910805804873393 42
      vertex 13.975922585103794 11.919377404548245 42
    endloop
  endfacet
  facet normal 0 0 1
    outer loop
      vertex 14.079195123482489 11.639444940185705 42
      vertex 16.67260645715987 8.910805804873393 42
      vertex 14.030307438066345 11.780425178455378 42
    endloop
  endfacet
  facet normal 0 0 1
    outer loop
      vertex 13.916124422096214 12.056087364203133 42
      vertex 16.67260645715987 8.910805804873393 42
      vertex 13.851005153476702 12.190344260571184 42
    endloop
  endfacet
  facet normal 0 0 1
    outer loop
      vertex 13.705212986106455 12.450674907481512 42
      vertex 13.780665188437533 12.321941079249333 42
      vertex 16.67260645715987 8.910805804873393 42
    endloop
  endfacet
  facet normal 0 0 1
    outer loop
      vertex 13.851005153476702 12.190344260571184 42
      vertex 16.67260645715987 8.910805804873393 42
      vertex 13.780665188437533 12.321941079249333 42
    endloop
  endfacet
  facet normal 0 0 1
    outer loop
      vertex 13.916124422096214 12.056087364203133 42
      vertex 13.975922585103794 11.919377404548245 42
      vertex 16.67260645715987 8.910805804873393 42
    endloop
  endfacet
  facet normal 0 0 1
    outer loop
      vertex 13.705212986106455 12.450674907481512 42
      vertex 16.67260645715987 8.910805804873393 42
      vertex 13.624764888310576 12.576347247035393 42
    endloop
  endfacet
  facet normal 0 0 1
    outer loop
      vertex 13.539444940185705 12.698764320272302 42
      vertex 13.624764888310576 12.576347247035393 42
      vertex 16.67260645715987 8.910805804873393 42
    endloop
  endfacet
  facet normal 0 0 1
    outer loop
      vertex 13.539444940185705 12.698764320272302 42
      vertex 16.67260645715987 8.910805804873393 42
      vertex 13.449384698907735 12.817737368938275 42
    endloop
  endfacet
  facet normal 0 0 1
    outer loop
      vertex 13.35472303084102 12.9330829452156 42
      vertex 13.449384698907735 12.817737368938275 42
      vertex 16.67260645715987 8.910805804873393 42
    endloop
  endfacet
  facet normal 0 0 1
    outer loop
      vertex 11.077237411007781 16.27669886119957 42
      vertex 16.67260645715987 8.910805804873393 42
      vertex 16.632854902263897 10.93507569119824 42
    endloop
  endfacet
  facet normal 0 0 1
    outer loop
      vertex 13.35472303084102 12.9330829452156 42
      vertex 16.67260645715987 8.910805804873393 42
      vertex 10.427593816377982 16.66272587597452 42
    endloop
  endfacet
  facet normal 0 0 1
    outer loop
      vertex 10.475610560613621 16.61833965416271 42
      vertex 16.67260645715987 8.910805804873393 42
      vertex 11.077237411007781 16.27669886119957 42
    endloop
  endfacet
  facet normal 0 0 1
    outer loop
      vertex 10.427593816377982 16.66272587597452 42
      vertex 16.67260645715987 8.910805804873393 42
      vertex 10.475610560613621 16.61833965416271 42
    endloop
  endfacet
  facet normal 0 0 1
    outer loop
      vertex 11.077237411007781 16.27669886119957 42
      vertex 16.629392246050905 11.111404660392047 42
      vertex 11.100723083393648 16.519131056900292 42
    endloop
  endfacet
  facet normal 0 0 1
    outer loop
      vertex 11.100723083393648 16.519131056900292 42
      vertex 16.629392246050905 11.111404660392047 42
      vertex 11.111404660392047 16.629392246050905 42
    endloop
  endfacet
  facet normal 0 0 1
    outer loop
      vertex 11.111404660392047 16.629392246050905 42
      vertex 16.180339887498953 11.755705045849465 42
      vertex 11.755705045849465 16.180339887498953 42
    endloop
  endfacet
  facet normal 0 0 1
    outer loop
      vertex 11.755705045849465 16.180339887498953 42
      vertex 15.706338617614898 12.38187898619668 42
      vertex 12.38187898619668 15.706338617614898 42
    endloop
  endfacet
  facet normal 0 0 1
    outer loop
      vertex 14.690440535209115 13.486699508373263 42
      vertex 12.988960966603674 15.208119312000619 42
      vertex 12.38187898619668 15.706338617614898 42
    endloop
  endfacet
  facet normal 0 0 1
    outer loop
      vertex 13.573166006028346 14.623914272575947 42
      vertex 13.576014910658834 14.68645018871371 42
      vertex 12.988960966603674 15.208119312000619 42
    endloop
  endfacet
  facet normal 0 0 1
    outer loop
      vertex 11.077237411007781 16.27669886119957 42
      vertex 16.632854902263897 10.93507569119824 42
      vertex 16.629392246050905 11.111404660392047 42
    endloop
  endfacet
  facet normal 0 0 1
    outer loop
      vertex 11.111404660392047 16.629392246050905 42
      vertex 16.629392246050905 11.111404660392047 42
      vertex 16.180339887498953 11.755705045849465 42
    endloop
  endfacet
  facet normal 0 0 1
    outer loop
      vertex 11.755705045849465 16.180339887498953 42
      vertex 16.180339887498953 11.755705045849465 42
      vertex 15.706338617614898 12.38187898619668 42
    endloop
  endfacet
  facet normal 0 0 1
    outer loop
      vertex 14.690440535209115 13.486699508373263 42
      vertex 15.208119312000619 12.988960966603674 42
      vertex 14.68645018871371 13.576014910658834 42
    endloop
  endfacet
  facet normal 0 0 1
    outer loop
      vertex 13.573166006028346 14.623914272575947 42
      vertex 14.68645018871371 13.576014910658834 42
      vertex 13.576014910658834 14.68645018871371 42
    endloop
  endfacet
  facet normal 0 0 1
    outer loop
      vertex 14.690440535209115 13.486699508373263 42
      vertex 12.38187898619668 15.706338617614898 42
      vertex 15.706338617614898 12.38187898619668 42
    endloop
  endfacet
  facet normal 0 0 1
    outer loop
      vertex 13.573166006028346 14.623914272575947 42
      vertex 14.690440535209115 13.486699508373263 42
      vertex 14.68645018871371 13.576014910658834 42
    endloop
  endfacet
  facet normal 0 0 1
    outer loop
      vertex 14.142135623730951 14.142135623730951 42
      vertex 13.576014910658834 14.68645018871371 42
      vertex 14.68645018871371 13.576014910658834 42
    endloop
  endfacet
  facet normal 0 0 1
    outer loop
      vertex 13.573166006028346 14.623914272575947 42
      vertex 12.988960966603674 15.208119312000619 42
      vertex 14.690440535209115 13.486699508373263 42
    endloop
  endfacet
  facet normal 0 0 1
    outer loop
      vertex 11.639444940185705 14.079195123482489 42
      vertex 9.598033105652064 16.375467512072408 42
      vertex 9.106505844321171 16.563207739212178 42
    endloop
  endfacet
  facet normal 0 0 1
    outer loop
      vertex 11.919377404548245 13.975922585103794 42
      vertex 9.637631938451738 16.619441646717124 42
      vertex 9.598033105652064 16.375467512072408 42
    endloop
  endfacet
  facet normal 0 0 1
    outer loop
      vertex 12.190344260571184 13.851005153476702 42
      vertex 9.760225527278116 16.77353397662506 42
      vertex 9.637631938451738 16.619441646717124 42
    endloop
  endfacet
  facet normal 0 0 1
    outer loop
      vertex 12.576347247035393 13.624764888310576 42
      vertex 10.413244344732488 16.41259023669509 42
      vertex 9.846584091139947 16.697280099829428 42
    endloop
  endfacet
  facet normal 0 0 1
    outer loop
      vertex 12.576347247035393 13.624764888310576 42
      vertex 9.760288951419595 16.777050506463237 42
      vertex 9.760225527278116 16.77353397662506 42
    endloop
  endfacet
  facet normal 0 0 1
    outer loop
      vertex 12.576347247035393 13.624764888310576 42
      vertex 9.846584091139947 16.697280099829428 42
      vertex 9.760288951419595 16.777050506463237 42
    endloop
  endfacet
  facet normal 0 0 1
    outer loop
      vertex 9.846584091139947 16.697280099829428 42
      vertex 10.413244344732488 16.41259023669509 42
      vertex 10.427593816377982 16.66272587597452 42
    endloop
  endfacet
  facet normal 0 0 1
    outer loop
      vertex 9.846584091139947 16.697280099829428 42
      vertex 10.427593816377982 16.66272587597452 42
      vertex 10.449971294318976 17.052803287081844 42
    endloop
  endfacet
  facet normal 0 0 1
    outer loop
      vertex 10.427593816377982 16.66272587597452 42
      vertex 10.475610560613621 16.61833965416271 42
      vertex 10.449971294318976 17.052803287081844 42
    endloop
  endfacet
  facet normal 0 0 1
    outer loop
      vertex 9.846584091139947 16.697280099829428 42
      vertex 10.449971294318976 17.052803287081844 42
      vertex 9.772424829939098 17.449920141455944 42
    endloop
  endfacet
  facet normal 0 0 1
    outer loop
      vertex 10.475610560613621 16.61833965416271 42
      vertex 11.077237411007781 16.27669886119957 42
      vertex 11.100723083393648 16.519131056900292 42
    endloop
  endfacet
  facet normal 0 0 1
    outer loop
      vertex 10.475610560613621 16.61833965416271 42
      vertex 11.100723083393648 16.519131056900292 42
      vertex 10.449971294318976 17.052803287081844 42
    endloop
  endfacet
  facet normal 0 0 1
    outer loop
      vertex 10.449971294318976 17.052803287081844 42
      vertex 11.100723083393648 16.519131056900292 42
      vertex 11.111404660392047 16.629392246050905 42
    endloop
  endfacet
  facet normal 0 0 1
    outer loop
      vertex 13.152186130069786 13.152186130069786 42
      vertex 10.427593816377982 16.66272587597452 42
      vertex 10.413244344732488 16.41259023669509 42
    endloop
  endfacet
  facet normal 0 0 1
    outer loop
      vertex 14.238840497989624 10.911822471900688 42
      vertex 16.67260645715987 8.910805804873393 42
      vertex 14.218396055822428 11.059631328713781 42
    endloop
  endfacet
  facet normal 0 0 1
    outer loop
      vertex 14.19216442709318 11.206523585222191 42
      vertex 14.218396055822428 11.059631328713781 42
      vertex 16.67260645715987 8.910805804873393 42
    endloop
  endfacet
  facet normal 0 0 1
    outer loop
      vertex 14.19216442709318 11.206523585222191 42
      vertex 16.67260645715987 8.910805804873393 42
      vertex 14.160186059072075 11.352272744213344 42
    endloop
  endfacet
  facet normal 0 0 1
    outer loop
      vertex 16.67260645715987 8.910805804873393 42
      vertex 17.052803287081844 10.449971294318976 42
      vertex 16.632854902263897 10.93507569119824 42
    endloop
  endfacet
  facet normal 0 0 1
    outer loop
      vertex 17.052803287081844 10.449971294318976 42
      vertex 16.629392246050905 11.111404660392047 42
      vertex 16.632854902263897 10.93507569119824 42
    endloop
  endfacet
  facet normal 0 0 1
    outer loop
      vertex 14.690440535209115 13.486699508373263 42
      vertex 15.706338617614898 12.38187898619668 42
      vertex 15.208119312000619 12.988960966603674 42
    endloop
  endfacet
endsolid OpenSCAD_Model
