solid OpenSCAD_Model
  facet normal 0 0 -1
    outer loop
      vertex -15.208119312000619 -12.988960966603674 40.5
      vertex -15.706338617614891 -12.381878986196687 40.5
      vertex -14.079195123482489 -11.639444940185705 40.5
    endloop
  endfacet
  facet normal 0 0 -1
    outer loop
      vertex -15.706338617614891 -12.381878986196687 40.5
      vertex -16.18033988749895 -11.75570504584946 40.5
      vertex -14.218396055822428 -11.059631328713781 40.5
    endloop
  endfacet
  facet normal 0 0 -1
    outer loop
      vertex -11.755705045849481 -16.180339887498935 40.5
      vertex -12.381878986196678 -15.706338617614898 40.5
      vertex -11.496654071048187 -14.122510260084766 40.5
    endloop
  endfacet
  facet normal 0 0 -1
    outer loop
      vertex -11.755705045849481 -16.180339887498935 40.5
      vertex -10.911822471900688 -14.238840497989624 40.5
      vertex -11.111404660392044 -16.629392246050905 40.5
    endloop
  endfacet
  facet normal 0 0 -1
    outer loop
      vertex -9.772424829939098 -17.449920141455944 40.5
      vertex -10.449971294318976 -17.052803287081844 40.5
      vertex -10.315993061676444 -14.262250699275654 40.5
    endloop
  endfacet
  facet normal 0 0 -1
    outer loop
      vertex -10.449971294318976 -17.052803287081844 40.5
      vertex -11.111404660392044 -16.629392246050905 40.5
      vertex -10.465180361560902 -14.265180361560903 40.5
    endloop
  endfacet
  facet normal 0 0 -1
    outer loop
      vertex -11.111404660392044 -16.629392246050905 40.5
      vertex -10.911822471900688 -14.238840497989624 40.5
      vertex -10.763324925326716 -14.25346622974679 40.5
    endloop
  endfacet
  facet normal 0 0 -1
    outer loop
      vertex -11.111404660392044 -16.629392246050905 40.5
      vertex -10.763324925326716 -14.25346622974679 40.5
      vertex -10.614367661445364 -14.26225069927565 40.5
    endloop
  endfacet
  facet normal 0 0 -1
    outer loop
      vertex -11.111404660392044 -16.629392246050905 40.5
      vertex -10.614367661445364 -14.26225069927565 40.5
      vertex -10.465180361560902 -14.265180361560903 40.5
    endloop
  endfacet
  facet normal 0 0 -1
    outer loop
      vertex -10.449971294318976 -17.052803287081844 40.5
      vertex -10.465180361560902 -14.265180361560903 40.5
      vertex -10.315993061676444 -14.262250699275654 40.5
    endloop
  endfacet
  facet normal 0 0 -1
    outer loop
      vertex -10.167035797795094 -14.253466229746792 40.5
      vertex -9.772424829939098 -17.449920141455944 40.5
      vertex -10.315993061676444 -14.262250699275654 40.5
    endloop
  endfacet
  facet normal 0 0 -1
    outer loop
      vertex -15.208119312000619 -12.988960966603674 40.5
      vertex -13.851005153476702 -12.190344260571184 40.5
      vertex -14.68645018871371 -13.576014910658834 40.5
    endloop
  endfacet
  facet normal 0 0 -1
    outer loop
      vertex -13.449384698907735 -12.817737368938275 40.5
      vertex -14.142135623730951 -14.142135623730951 40.5
      vertex -14.68645018871371 -13.576014910658834 40.5
    endloop
  endfacet
  facet normal 0 0 -1
    outer loop
      vertex -13.705212986106455 -12.450674907481512 40.5
      vertex -14.68645018871371 -13.576014910658834 40.5
      vertex -13.780665188437533 -12.321941079249333 40.5
    endloop
  endfacet
  facet normal 0 0 -1
    outer loop
      vertex -13.780665188437533 -12.321941079249333 40.5
      vertex -14.68645018871371 -13.576014910658834 40.5
      vertex -13.851005153476702 -12.190344260571184 40.5
    endloop
  endfacet
  facet normal 0 0 -1
    outer loop
      vertex -13.449384698907735 -12.817737368938275 40.5
      vertex -14.68645018871371 -13.576014910658834 40.5
      vertex -13.539444940185705 -12.698764320272302 40.5
    endloop
  endfacet
  facet normal 0 0 -1
    outer loop
      vertex -13.624764888310576 -12.576347247035393 40.5
      vertex -14.68645018871371 -13.576014910658834 40.5
      vertex -13.705212986106455 -12.450674907481512 40.5
    endloop
  endfacet
  facet normal 0 0 -1
    outer loop
      vertex -13.539444940185705 -12.698764320272302 40.5
      vertex -14.68645018871371 -13.576014910658834 40.5
      vertex -13.624764888310576 -12.576347247035393 40.5
    endloop
  endfacet
  facet normal 0 0 -1
    outer loop
      vertex -13.576014910658834 -14.68645018871371 40.5
      vertex -14.142135623730951 -14.142135623730951 40.5
      vertex -13.25560589741651 -13.044623194586082 40.5
    endloop
  endfacet
  facet normal 0 0 -1
    outer loop
      vertex -13.576014910658834 -14.68645018871371 40.5
      vertex -13.25560589741651 -13.044623194586082 40.5
      vertex -12.988960966603674 -15.208119312000619 40.5
    endloop
  endfacet
  facet normal 0 0 -1
    outer loop
      vertex -13.152186130069786 -13.152186130069786 40.5
      vertex -12.988960966603674 -15.208119312000619 40.5
      vertex -13.25560589741651 -13.044623194586082 40.5
    endloop
  endfacet
  facet normal 0 0 -1
    outer loop
      vertex -12.698764320272302 -13.539444940185705 40.5
      vertex -12.988960966603674 -15.208119312000619 40.5
      vertex -12.817737368938275 -13.449384698907735 40.5
    endloop
  endfacet
  facet normal 0 0 -1
    outer loop
      vertex -12.9330829452156 -13.35472303084102 40.5
      vertex -12.988960966603674 -15.208119312000619 40.5
      vertex -13.044623194586082 -13.25560589741651 40.5
    endloop
  endfacet
  facet normal 0 0 -1
    outer loop
      vertex -13.044623194586082 -13.25560589741651 40.5
      vertex -12.988960966603674 -15.208119312000619 40.5
      vertex -13.152186130069786 -13.152186130069786 40.5
    endloop
  endfacet
  facet normal 0 0 -1
    outer loop
      vertex -12.817737368938275 -13.449384698907735 40.5
      vertex -12.988960966603674 -15.208119312000619 40.5
      vertex -12.9330829452156 -13.35472303084102 40.5
    endloop
  endfacet
  facet normal 0 0 -1
    outer loop
      vertex -12.576347247035393 -13.624764888310576 40.5
      vertex -12.988960966603674 -15.208119312000619 40.5
      vertex -12.698764320272302 -13.539444940185705 40.5
    endloop
  endfacet
  facet normal 0 0 -1
    outer loop
      vertex -12.450674907481512 -13.705212986106455 40.5
      vertex -12.988960966603674 -15.208119312000619 40.5
      vertex -12.576347247035393 -13.624764888310576 40.5
    endloop
  endfacet
  facet normal 0 0 -1
    outer loop
      vertex -12.321941079249333 -13.780665188437533 40.5
      vertex -12.988960966603674 -15.208119312000619 40.5
      vertex -12.450674907481512 -13.705212986106455 40.5
    endloop
  endfacet
  facet normal 0 0 -1
    outer loop
      vertex -12.190344260571184 -13.851005153476702 40.5
      vertex -12.988960966603674 -15.208119312000619 40.5
      vertex -12.321941079249333 -13.780665188437533 40.5
    endloop
  endfacet
  facet normal 0 0 -1
    outer loop
      vertex -13.25560589741651 -13.044623194586082 40.5
      vertex -14.142135623730951 -14.142135623730951 40.5
      vertex -13.35472303084102 -12.9330829452156 40.5
    endloop
  endfacet
  facet normal 0 0 -1
    outer loop
      vertex -13.35472303084102 -12.9330829452156 40.5
      vertex -14.142135623730951 -14.142135623730951 40.5
      vertex -13.449384698907735 -12.817737368938275 40.5
    endloop
  endfacet
  facet normal 0 0 -1
    outer loop
      vertex -15.208119312000619 -12.988960966603674 40.5
      vertex -13.975922585103794 -11.919377404548245 40.5
      vertex -13.916124422096214 -12.056087364203133 40.5
    endloop
  endfacet
  facet normal 0 0 -1
    outer loop
      vertex -15.208119312000619 -12.988960966603674 40.5
      vertex -14.030307438066345 -11.780425178455378 40.5
      vertex -13.975922585103794 -11.919377404548245 40.5
    endloop
  endfacet
  facet normal 0 0 -1
    outer loop
      vertex -15.208119312000619 -12.988960966603674 40.5
      vertex -14.079195123482489 -11.639444940185705 40.5
      vertex -14.030307438066345 -11.780425178455378 40.5
    endloop
  endfacet
  facet normal 0 0 -1
    outer loop
      vertex -15.706338617614891 -12.381878986196687 40.5
      vertex -14.19216442709318 -11.206523585222191 40.5
      vertex -14.160186059072075 -11.352272744213344 40.5
    endloop
  endfacet
  facet normal 0 0 -1
    outer loop
      vertex -16.18033988749895 -11.75570504584946 40.5
      vertex -14.238840497989624 -10.911822471900688 40.5
      vertex -14.218396055822428 -11.059631328713781 40.5
    endloop
  endfacet
  facet normal 0 0 -1
    outer loop
      vertex -15.706338617614891 -12.381878986196687 40.5
      vertex -14.218396055822428 -11.059631328713781 40.5
      vertex -14.19216442709318 -11.206523585222191 40.5
    endloop
  endfacet
  facet normal 0 0 -1
    outer loop
      vertex -15.706338617614891 -12.381878986196687 40.5
      vertex -14.122510260084766 -11.496654071048187 40.5
      vertex -14.079195123482489 -11.639444940185705 40.5
    endloop
  endfacet
  facet normal 0 0 -1
    outer loop
      vertex -15.706338617614891 -12.381878986196687 40.5
      vertex -14.160186059072075 -11.352272744213344 40.5
      vertex -14.122510260084766 -11.496654071048187 40.5
    endloop
  endfacet
  facet normal 0 0 -1
    outer loop
      vertex -15.208119312000619 -12.988960966603674 40.5
      vertex -13.916124422096214 -12.056087364203133 40.5
      vertex -13.851005153476702 -12.190344260571184 40.5
    endloop
  endfacet
  facet normal 0 0 -1
    outer loop
      vertex -14.238840497989624 -10.911822471900688 40.5
      vertex -16.18033988749895 -11.75570504584946 40.5
      vertex -14.25346622974679 -10.763324925326716 40.5
    endloop
  endfacet
  facet normal 0 0 -1
    outer loop
      vertex -14.25346622974679 -10.763324925326716 40.5
      vertex -16.18033988749895 -11.75570504584946 40.5
      vertex -14.26225069927565 -10.614367661445364 40.5
    endloop
  endfacet
  facet normal 0 0 -1
    outer loop
      vertex -14.26225069927565 -10.614367661445364 40.5
      vertex -16.18033988749895 -11.75570504584946 40.5
      vertex -14.265180361560903 -10.465180361560902 40.5
    endloop
  endfacet
  facet normal 0 0 -1
    outer loop
      vertex -14.265180361560903 -10.465180361560902 40.5
      vertex -16.18033988749895 -11.75570504584946 40.5
      vertex -14.262250699275654 -10.315993061676444 40.5
    endloop
  endfacet
  facet normal 0 0 -1
    outer loop
      vertex -14.262250699275654 -10.315993061676444 40.5
      vertex -16.18033988749895 -11.75570504584946 40.5
      vertex -14.253466229746792 -10.167035797795094 40.5
    endloop
  endfacet
  facet normal 0 0 -1
    outer loop
      vertex -14.253466229746792 -10.167035797795094 40.5
      vertex -16.18033988749895 -11.75570504584946 40.5
      vertex -14.238840497989624 -10.01853825122112 40.5
    endloop
  endfacet
  facet normal 0 0 -1
    outer loop
      vertex -14.238840497989624 -10.01853825122112 40.5
      vertex -16.18033988749895 -11.75570504584946 40.5
      vertex -14.218396055822426 -9.870729394408025 40.5
    endloop
  endfacet
  facet normal 0 0 -1
    outer loop
      vertex -14.218396055822426 -9.870729394408025 40.5
      vertex -16.18033988749895 -11.75570504584946 40.5
      vertex -14.19216442709318 -9.723837137899617 40.5
    endloop
  endfacet
  facet normal 0 0 -1
    outer loop
      vertex -14.19216442709318 -9.723837137899617 40.5
      vertex -16.18033988749895 -11.75570504584946 40.5
      vertex -14.160186059072075 -9.578087978908464 40.5
    endloop
  endfacet
  facet normal 0 0 -1
    outer loop
      vertex -12.381878986196678 -15.706338617614898 40.5
      vertex -12.988960966603674 -15.208119312000619 40.5
      vertex -12.056087364203133 -13.916124422096214 40.5
    endloop
  endfacet
  facet normal 0 0 -1
    outer loop
      vertex -12.381878986196678 -15.706338617614898 40.5
      vertex -12.056087364203133 -13.916124422096214 40.5
      vertex -11.919377404548245 -13.975922585103794 40.5
    endloop
  endfacet
  facet normal 0 0 -1
    outer loop
      vertex -12.381878986196678 -15.706338617614898 40.5
      vertex -11.919377404548245 -13.975922585103794 40.5
      vertex -11.780425178455378 -14.030307438066345 40.5
    endloop
  endfacet
  facet normal 0 0 -1
    outer loop
      vertex -12.381878986196678 -15.706338617614898 40.5
      vertex -11.780425178455378 -14.030307438066345 40.5
      vertex -11.639444940185705 -14.079195123482489 40.5
    endloop
  endfacet
  facet normal 0 0 -1
    outer loop
      vertex -12.056087364203133 -13.916124422096214 40.5
      vertex -12.988960966603674 -15.208119312000619 40.5
      vertex -12.190344260571184 -13.851005153476702 40.5
    endloop
  endfacet
  facet normal 0 0 -1
    outer loop
      vertex -12.381878986196678 -15.706338617614898 40.5
      vertex -11.639444940185705 -14.079195123482489 40.5
      vertex -11.496654071048187 -14.122510260084766 40.5
    endloop
  endfacet
  facet normal 0 0 -1
    outer loop
      vertex -11.755705045849481 -16.180339887498935 40.5
      vertex -11.352272744213344 -14.160186059072075 40.5
      vertex -11.206523585222191 -14.19216442709318 40.5
    endloop
  endfacet
  facet normal 0 0 -1
    outer loop
      vertex -11.755705045849481 -16.180339887498935 40.5
      vertex -11.496654071048187 -14.122510260084766 40.5
      vertex -11.352272744213344 -14.160186059072075 40.5
    endloop
  endfacet
  facet normal 0 0 -1
    outer loop
      vertex -11.755705045849481 -16.180339887498935 40.5
      vertex -11.206523585222191 -14.19216442709318 40.5
      vertex -11.059631328713781 -14.218396055822428 40.5
    endloop
  endfacet
  facet normal 0 0 -1
    outer loop
      vertex -11.755705045849481 -16.180339887498935 40.5
      vertex -11.059631328713781 -14.218396055822428 40.5
      vertex -10.911822471900688 -14.238840497989624 40.5
    endloop
  endfacet
  facet normal 0 0 -1
    outer loop
      vertex -18.477590650225736 -7.653668647301796 40.5
      vertex -18.763826718449682 -6.922341141549859 40.5
      vertex -15.692432518870033 -5.098780407186632 40.5
    endloop
  endfacet
  facet normal 0 0 -1
    outer loop
      vertex -15.692432518870033 -5.098780407186632 40.5
      vertex -18.763826718449682 -6.922341141549859 40.5
      vertex -19.02113032590307 -6.180339887498948 40.5
    endloop
  endfacet
  facet normal 0 0 -1
    outer loop
      vertex -15.88051140148518 -4.478767422773726 40.5
      vertex -19.02113032590307 -6.180339887498948 40.5
      vertex -19.249104729072947 -5.428808997301485 40.5
    endloop
  endfacet
  facet normal 0 0 -1
    outer loop
      vertex -17.052803287081844 -10.449971294318976 40.5
      vertex -17.449920141455944 -9.772424829939098 40.5
      vertex -15.272360505172644 -6.241847494573982 40.5
    endloop
  endfacet
  facet normal 0 0 -1
    outer loop
      vertex -16.629392246050905 -11.111404660392044 40.5
      vertex -17.052803287081844 -10.449971294318976 40.5
      vertex -15.272360505172644 -6.241847494573982 40.5
    endloop
  endfacet
  facet normal 0 0 -1
    outer loop
      vertex -17.820130483767358 -9.079809994790935 40.5
      vertex -18.162863476501624 -8.373194750748562 40.5
      vertex -15.272360505172644 -6.241847494573982 40.5
    endloop
  endfacet
  facet normal 0 0 -1
    outer loop
      vertex -17.449920141455944 -9.772424829939098 40.5
      vertex -17.820130483767358 -9.079809994790935 40.5
      vertex -15.272360505172644 -6.241847494573982 40.5
    endloop
  endfacet
  facet normal 0 0 -1
    outer loop
      vertex -16.18033988749895 -11.75570504584946 40.5
      vertex -16.629392246050905 -11.111404660392044 40.5
      vertex -15.272360505172644 -6.241847494573982 40.5
    endloop
  endfacet
  facet normal 0 0 -1
    outer loop
      vertex -15.272360505172644 -6.241847494573982 40.5
      vertex -15.164844421949294 -6.120855590150076 40.5
      vertex -16.18033988749895 -11.75570504584946 40.5
    endloop
  endfacet
  facet normal 0 0 -1
    outer loop
      vertex -15.164844421949294 -6.120855590150076 40.5
      vertex -14.99066376115481 -5.939696961966999 40.5
      vertex -16.18033988749895 -11.75570504584946 40.5
    endloop
  endfacet
  facet normal 0 0 -1
    outer loop
      vertex -14.99066376115481 -5.939696961966999 40.5
      vertex -14.809505132971733 -5.765516301172515 40.5
      vertex -16.18033988749895 -11.75570504584946 40.5
    endloop
  endfacet
  facet normal 0 0 -1
    outer loop
      vertex -14.809505132971733 -5.765516301172515 40.5
      vertex -14.621647870874082 -5.5985821817207055 40.5
      vertex -16.18033988749895 -11.75570504584946 40.5
    endloop
  endfacet
  facet normal 0 0 -1
    outer loop
      vertex -14.621647870874082 -5.5985821817207055 40.5
      vertex -14.427381637143844 -5.4391520039241374 40.5
      vertex -16.18033988749895 -11.75570504584946 40.5
    endloop
  endfacet
  facet normal 0 0 -1
    outer loop
      vertex -18.162863476501624 -8.373194750748562 40.5
      vertex -18.477590650225736 -7.653668647301796 40.5
      vertex -15.692432518870033 -5.098780407186632 40.5
    endloop
  endfacet
  facet normal 0 0 -1
    outer loop
      vertex -15.480157042720988 -5.710931441778634 40.5
      vertex -15.272360505172644 -6.241847494573982 40.5
      vertex -18.162863476501624 -8.373194750748562 40.5
    endloop
  endfacet
  facet normal 0 0 -1
    outer loop
      vertex -15.692432518870033 -5.098780407186632 40.5
      vertex -15.480157042720988 -5.710931441778634 40.5
      vertex -18.162863476501624 -8.373194750748562 40.5
    endloop
  endfacet
  facet normal 0 0 -1
    outer loop
      vertex -15.88051140148518 -4.478767422773726 40.5
      vertex -15.692432518870033 -5.098780407186632 40.5
      vertex -19.02113032590307 -6.180339887498948 40.5
    endloop
  endfacet
  facet normal 0 0 -1
    outer loop
      vertex -16.044103686561662 -3.851848503622439 40.5
      vertex -19.249104729072947 -5.428808997301485 40.5
      vertex -19.447398407953532 -4.668907277118108 40.5
    endloop
  endfacet
  facet normal 0 0 -1
    outer loop
      vertex -19.61570560806461 -3.9018064403225647 40.5
      vertex -16.29685761981977 -2.5811686731638095 40.5
      vertex -19.447398407953532 -4.668907277118108 40.5
    endloop
  endfacet
  facet normal 0 0 -1
    outer loop
      vertex -16.29685761981977 -2.5811686731638095 40.5
      vertex -19.61570560806461 -3.9018064403225647 40.5
      vertex -19.753766811902757 -3.1286893008046173 40.5
    endloop
  endfacet
  facet normal 0 0 -1
    outer loop
      vertex -16.44913600659661 -1.2945750795094415 40.5
      vertex -19.861369139098525 -2.350747949156753 40.5
      vertex -19.938346674662558 -1.5691819145568988 40.5
    endloop
  endfacet
  facet normal 0 0 -1
    outer loop
      vertex -19.938346674662558 -1.5691819145568988 40.5
      vertex -19.977810397239875 -0.9 40.5
      vertex -16.472405316682487 -0.9 40.5
    endloop
  endfacet
  facet normal 0 0 -1
    outer loop
      vertex -16.385629539756284 -1.9393670580543212 40.5
      vertex -19.753766811902757 -3.1286893008046173 40.5
      vertex -19.861369139098525 -2.350747949156753 40.5
    endloop
  endfacet
  facet normal 0 0 -1
    outer loop
      vertex -16.44913600659661 -1.2945750795094415 40.5
      vertex -16.385629539756284 -1.9393670580543212 40.5
      vertex -19.861369139098525 -2.350747949156753 40.5
    endloop
  endfacet
  facet normal 0 0 -1
    outer loop
      vertex -16.472405316682487 -0.9 40.5
      vertex -16.44913600659661 -1.2945750795094415 40.5
      vertex -19.938346674662558 -1.5691819145568988 40.5
    endloop
  endfacet
  facet normal 0 0 -1
    outer loop
      vertex -16.044103686561662 -3.851848503622439 40.5
      vertex -15.88051140148518 -4.478767422773726 40.5
      vertex -19.249104729072947 -5.428808997301485 40.5
    endloop
  endfacet
  facet normal 0 0 -1
    outer loop
      vertex -16.182957126653303 -3.218990313266116 40.5
      vertex -16.044103686561662 -3.851848503622439 40.5
      vertex -19.447398407953532 -4.668907277118108 40.5
    endloop
  endfacet
  facet normal 0 0 -1
    outer loop
      vertex -16.29685761981977 -2.5811686731638095 40.5
      vertex -16.182957126653303 -3.218990313266116 40.5
      vertex -19.447398407953532 -4.668907277118108 40.5
    endloop
  endfacet
  facet normal 0 0 -1
    outer loop
      vertex -16.385629539756284 -1.9393670580543212 40.5
      vertex -16.29685761981977 -2.5811686731638095 40.5
      vertex -19.753766811902757 -3.1286893008046173 40.5
    endloop
  endfacet
  facet normal 0 0 -1
    outer loop
      vertex -14.160186059072075 -9.578087978908464 40.5
      vertex -16.18033988749895 -11.75570504584946 40.5
      vertex -12.91435432869748 -4.552351353488669 40.5
    endloop
  endfacet
  facet normal 0 0 -1
    outer loop
      vertex -14.160186059072075 -9.578087978908464 40.5
      vertex -12.91435432869748 -4.552351353488669 40.5
      vertex -14.122510260084763 -9.43370665207362 40.5
    endloop
  endfacet
  facet normal 0 0 -1
    outer loop
      vertex -14.122510260084763 -9.43370665207362 40.5
      vertex -12.91435432869748 -4.552351353488669 40.5
      vertex -14.079195123482489 -9.290915782936104 40.5
    endloop
  endfacet
  facet normal 0 0 -1
    outer loop
      vertex -14.079195123482489 -9.290915782936104 40.5
      vertex -12.91435432869748 -4.552351353488669 40.5
      vertex -14.030307438066345 -9.14993554466643 40.5
    endloop
  endfacet
  facet normal 0 0 -1
    outer loop
      vertex -14.030307438066345 -9.14993554466643 40.5
      vertex -12.91435432869748 -4.552351353488669 40.5
      vertex -13.975922585103795 -9.010983318573565 40.5
    endloop
  endfacet
  facet normal 0 0 -1
    outer loop
      vertex -14.427381637143844 -5.4391520039241374 40.5
      vertex -14.227005976232734 -5.287471597561241 40.5
      vertex -16.18033988749895 -11.75570504584946 40.5
    endloop
  endfacet
  facet normal 0 0 -1
    outer loop
      vertex -14.227005976232734 -5.287471597561241 40.5
      vertex -14.02082985288636 -5.143774842824614 40.5
      vertex -16.18033988749895 -11.75570504584946 40.5
    endloop
  endfacet
  facet normal 0 0 -1
    outer loop
      vertex -14.02082985288636 -5.143774842824614 40.5
      vertex -13.809171175742978 -5.008283309694715 40.5
      vertex -16.18033988749895 -11.75570504584946 40.5
    endloop
  endfacet
  facet normal 0 0 -1
    outer loop
      vertex -13.809171175742978 -5.008283309694715 40.5
      vertex -13.592356307141415 -4.881205916295001 40.5
      vertex -16.18033988749895 -11.75570504584946 40.5
    endloop
  endfacet
  facet normal 0 0 -1
    outer loop
      vertex -13.592356307141415 -4.881205916295001 40.5
      vertex -13.370719559894004 -4.7627386067553505 40.5
      vertex -16.18033988749895 -11.75570504584946 40.5
    endloop
  endfacet
  facet normal 0 0 -1
    outer loop
      vertex -13.370719559894004 -4.7627386067553505 40.5
      vertex -13.144602681800444 -4.653064049080383 40.5
      vertex -16.18033988749895 -11.75570504584946 40.5
    endloop
  endfacet
  facet normal 0 0 -1
    outer loop
      vertex -13.144602681800444 -4.653064049080383 40.5
      vertex -12.91435432869748 -4.552351353488669 40.5
      vertex -16.18033988749895 -11.75570504584946 40.5
    endloop
  endfacet
  facet normal 0 0 -1
    outer loop
      vertex -13.975922585103795 -9.010983318573565 40.5
      vertex -12.91435432869748 -4.552351353488669 40.5
      vertex -13.916124422096214 -8.874273358918678 40.5
    endloop
  endfacet
  facet normal 0 0 -1
    outer loop
      vertex -13.916124422096214 -8.874273358918678 40.5
      vertex -12.91435432869748 -4.552351353488669 40.5
      vertex -13.851005153476702 -8.740016462550628 40.5
    endloop
  endfacet
  facet normal 0 0 -1
    outer loop
      vertex -13.851005153476702 -8.740016462550628 40.5
      vertex -12.91435432869748 -4.552351353488669 40.5
      vertex -13.780665188437533 -8.608419643872475 40.5
    endloop
  endfacet
  facet normal 0 0 -1
    outer loop
      vertex -13.780665188437533 -8.608419643872475 40.5
      vertex -12.91435432869748 -4.552351353488669 40.5
      vertex -13.705212986106456 -8.479685815640298 40.5
    endloop
  endfacet
  facet normal 0 0 -1
    outer loop
      vertex -13.705212986106456 -8.479685815640298 40.5
      vertex -12.91435432869748 -4.552351353488669 40.5
      vertex -13.624764888310576 -8.354013476086415 40.5
    endloop
  endfacet
  facet normal 0 0 -1
    outer loop
      vertex -13.624764888310576 -8.354013476086415 40.5
      vertex -12.91435432869748 -4.552351353488669 40.5
      vertex -13.539444940185705 -8.231596402849506 40.5
    endloop
  endfacet
  facet normal 0 0 -1
    outer loop
      vertex -13.539444940185705 -8.231596402849506 40.5
      vertex -12.91435432869748 -4.552351353488669 40.5
      vertex -13.449384698907735 -8.112623354183533 40.5
    endloop
  endfacet
  facet normal 0 0 -1
    outer loop
      vertex -13.449384698907735 -8.112623354183533 40.5
      vertex -12.91435432869748 -4.552351353488669 40.5
      vertex -13.354723030841024 -7.997277777906207 40.5
    endloop
  endfacet
  facet normal 0 0 -1
    outer loop
      vertex -13.354723030841024 -7.997277777906207 40.5
      vertex -12.91435432869748 -4.552351353488669 40.5
      vertex -13.25560589741651 -7.885737528535726 40.5
    endloop
  endfacet
  facet normal 0 0 -1
    outer loop
      vertex -13.25560589741651 -7.885737528535726 40.5
      vertex -12.91435432869748 -4.552351353488669 40.5
      vertex -13.152186130069785 -7.778174593052023 40.5
    endloop
  endfacet
  facet normal 0 0 -1
    outer loop
      vertex -13.152186130069785 -7.778174593052023 40.5
      vertex -12.91435432869748 -4.552351353488669 40.5
      vertex -13.044623194586084 -7.6747548257053 40.5
    endloop
  endfacet
  facet normal 0 0 -1
    outer loop
      vertex -13.044623194586084 -7.6747548257053 40.5
      vertex -12.91435432869748 -4.552351353488669 40.5
      vertex -12.933082945215602 -7.575637692280786 40.5
    endloop
  endfacet
  facet normal 0 0 -1
    outer loop
      vertex -12.933082945215602 -7.575637692280786 40.5
      vertex -12.91435432869748 -4.552351353488669 40.5
      vertex -12.817737368938275 -7.4809760242140735 40.5
    endloop
  endfacet
  facet normal 0 0 -1
    outer loop
      vertex -12.817737368938275 -7.4809760242140735 40.5
      vertex -12.91435432869748 -4.552351353488669 40.5
      vertex -12.698764320272304 -7.390915782936105 40.5
    endloop
  endfacet
  facet normal 0 0 -1
    outer loop
      vertex -12.698764320272304 -7.390915782936105 40.5
      vertex -12.91435432869748 -4.552351353488669 40.5
      vertex -12.576347247035393 -7.305595834811232 40.5
    endloop
  endfacet
  facet normal 0 0 -1
    outer loop
      vertex -12.576347247035393 -7.305595834811232 40.5
      vertex -12.91435432869748 -4.552351353488669 40.5
      vertex -12.45067490748151 -7.225147737015354 40.5
    endloop
  endfacet
  facet normal 0 0 -1
    outer loop
      vertex -12.45067490748151 -7.225147737015354 40.5
      vertex -12.91435432869748 -4.552351353488669 40.5
      vertex -12.321941079249333 -7.149695534684275 40.5
    endloop
  endfacet
  facet normal 0 0 -1
    outer loop
      vertex -12.91435432869748 -4.552351353488669 40.5
      vertex -12.680329526856859 -4.460755811657005 40.5
      vertex -12.190344260571182 -7.079355569645108 40.5
    endloop
  endfacet
  facet normal 0 0 -1
    outer loop
      vertex -12.321941079249333 -7.149695534684275 40.5
      vertex -12.91435432869748 -4.552351353488669 40.5
      vertex -12.190344260571182 -7.079355569645108 40.5
    endloop
  endfacet
  facet normal 0 0 -1
    outer loop
      vertex -12.190344260571182 -7.079355569645108 40.5
      vertex -11.959230690238698 -4.242012871015773 40.5
      vertex -12.056087364203131 -7.014236301025596 40.5
    endloop
  endfacet
  facet normal 0 0 -1
    outer loop
      vertex -12.056087364203131 -7.014236301025596 40.5
      vertex -11.959230690238698 -4.242012871015773 40.5
      vertex -11.919377404548246 -6.954438138018016 40.5
    endloop
  endfacet
  facet normal 0 0 -1
    outer loop
      vertex -11.919377404548246 -6.954438138018016 40.5
      vertex -11.959230690238698 -4.242012871015773 40.5
      vertex -11.780425178455378 -6.900053285055464 40.5
    endloop
  endfacet
  facet normal 0 0 -1
    outer loop
      vertex -12.680329526856859 -4.460755811657005 40.5
      vertex -12.44288912556057 -4.378418657271921 40.5
      vertex -12.190344260571182 -7.079355569645108 40.5
    endloop
  endfacet
  facet normal 0 0 -1
    outer loop
      vertex -12.44288912556057 -4.378418657271921 40.5
      vertex -12.20239924069738 -4.305466848257561 40.5
      vertex -12.190344260571182 -7.079355569645108 40.5
    endloop
  endfacet
  facet normal 0 0 -1
    outer loop
      vertex -12.20239924069738 -4.305466848257561 40.5
      vertex -11.959230690238698 -4.242012871015773 40.5
      vertex -12.190344260571182 -7.079355569645108 40.5
    endloop
  endfacet
  facet normal 0 0 -1
    outer loop
      vertex -11.780425178455378 -6.900053285055464 40.5
      vertex -11.959230690238698 -4.242012871015773 40.5
      vertex -11.639444940185705 -6.8511655996393195 40.5
    endloop
  endfacet
  facet normal 0 0 -1
    outer loop
      vertex -11.639444940185705 -6.8511655996393195 40.5
      vertex -11.959230690238698 -4.242012871015773 40.5
      vertex -11.496654071048187 -6.807850463037045 40.5
    endloop
  endfacet
  facet normal 0 0 -1
    outer loop
      vertex -11.496654071048187 -6.807850463037045 40.5
      vertex -11.959230690238698 -4.242012871015773 40.5
      vertex -11.352272744213344 -6.770174664049733 40.5
    endloop
  endfacet
  facet normal 0 0 -1
    outer loop
      vertex -11.352272744213344 -6.770174664049733 40.5
      vertex -11.959230690238698 -4.242012871015773 40.5
      vertex -11.206523585222191 -6.738196296028628 40.5
    endloop
  endfacet
  facet normal 0 0 -1
    outer loop
      vertex -11.713758422464126 -4.188154566980229 40.5
      vertex -11.059631328713783 -6.711964667299382 40.5
      vertex -11.206523585222191 -6.738196296028628 40.5
    endloop
  endfacet
  facet normal 0 0 -1
    outer loop
      vertex -11.959230690238698 -4.242012871015773 40.5
      vertex -11.713758422464126 -4.188154566980229 40.5
      vertex -11.206523585222191 -6.738196296028628 40.5
    endloop
  endfacet
  facet normal 0 0 -1
    outer loop
      vertex -11.713758422464126 -4.188154566980229 40.5
      vertex -11.466360937818383 -4.143974981752022 40.5
      vertex -11.059631328713783 -6.711964667299382 40.5
    endloop
  endfacet
  facet normal 0 0 -1
    outer loop
      vertex -11.466360937818383 -4.143974981752022 40.5
      vertex -10.911822471900688 -6.691520225132185 40.5
      vertex -11.059631328713783 -6.711964667299382 40.5
    endloop
  endfacet
  facet normal 0 0 -1
    outer loop
      vertex -11.217419705291066 -4.109542237049375 40.5
      vertex -10.763324925326716 -6.676894493375018 40.5
      vertex -10.911822471900688 -6.691520225132185 40.5
    endloop
  endfacet
  facet normal 0 0 -1
    outer loop
      vertex -10.32306367136139 -4.596124066756543 40.5
      vertex -10.763324925326716 -6.676894493375018 40.5
      vertex -10.967318574219112 -4.084909425668885 40.5
    endloop
  endfacet
  facet normal 0 0 -1
    outer loop
      vertex -10.32306367136139 -4.596124066756543 40.5
      vertex -10.614367661445367 -6.668110023846158 40.5
      vertex -10.763324925326716 -6.676894493375018 40.5
    endloop
  endfacet
  facet normal 0 0 -1
    outer loop
      vertex -10.32306367136139 -4.596124066756543 40.5
      vertex -10.465180361560904 -6.665180361560903 40.5
      vertex -10.614367661445367 -6.668110023846158 40.5
    endloop
  endfacet
  facet normal 0 0 -1
    outer loop
      vertex -10.32306367136139 -4.596124066756543 40.5
      vertex -10.315993061676444 -6.6681100238461575 40.5
      vertex -10.465180361560904 -6.665180361560903 40.5
    endloop
  endfacet
  facet normal 0 0 -1
    outer loop
      vertex -10.32306367136139 -4.596124066756543 40.5
      vertex -10.167035797795092 -6.676894493375017 40.5
      vertex -10.315993061676444 -6.6681100238461575 40.5
    endloop
  endfacet
  facet normal 0 0 -1
    outer loop
      vertex -10.32306367136139 -4.596124066756543 40.5
      vertex -10.01853825122112 -6.691520225132184 40.5
      vertex -10.167035797795092 -6.676894493375017 40.5
    endloop
  endfacet
  facet normal 0 0 -1
    outer loop
      vertex -10.32306367136139 -4.596124066756543 40.5
      vertex -9.870729394408029 -6.711964667299382 40.5
      vertex -10.01853825122112 -6.691520225132184 40.5
    endloop
  endfacet
  facet normal 0 0 -1
    outer loop
      vertex -11.466360937818383 -4.143974981752022 40.5
      vertex -11.217419705291066 -4.109542237049375 40.5
      vertex -10.911822471900688 -6.691520225132185 40.5
    endloop
  endfacet
  facet normal 0 0 -1
    outer loop
      vertex -11.217419705291066 -4.109542237049375 40.5
      vertex -10.967318574219112 -4.084909425668885 40.5
      vertex -10.763324925326716 -6.676894493375018 40.5
    endloop
  endfacet
  facet normal 0 0 -1
    outer loop
      vertex -10.32306367136139 -4.596124066756543 40.5
      vertex -10.967318574219112 -4.084909425668885 40.5
      vertex -10.716443182418944 -4.070114529620277 40.5
    endloop
  endfacet
  facet normal 0 0 -1
    outer loop
      vertex -10.32306367136139 -4.596124066756543 40.5
      vertex -10.716443182418944 -4.070114529620277 40.5
      vertex -10.49538501485945 -4.065773504768645 40.5
    endloop
  endfacet
  facet normal 0 0 -1
    outer loop
      vertex -9.079809994790935 -17.820130483767358 40.5
      vertex -9.772424829939098 -17.449920141455944 40.5
      vertex -8.764524562713921 -13.8628924352556 40.5
    endloop
  endfacet
  facet normal 0 0 -1
    outer loop
      vertex -8.373194750748562 -18.162863476501624 40.5
      vertex -9.079809994790935 -17.820130483767358 40.5
      vertex -8.764524562713921 -13.8628924352556 40.5
    endloop
  endfacet
  facet normal 0 0 -1
    outer loop
      vertex -10.01853825122112 -14.238840497989624 40.5
      vertex -9.772424829939098 -17.449920141455944 40.5
      vertex -10.167035797795094 -14.253466229746792 40.5
    endloop
  endfacet
  facet normal 0 0 -1
    outer loop
      vertex -9.870729394408025 -14.218396055822426 40.5
      vertex -9.772424829939098 -17.449920141455944 40.5
      vertex -10.01853825122112 -14.238840497989624 40.5
    endloop
  endfacet
  facet normal 0 0 -1
    outer loop
      vertex -9.723837137899617 -14.19216442709318 40.5
      vertex -9.772424829939098 -17.449920141455944 40.5
      vertex -9.870729394408025 -14.218396055822426 40.5
    endloop
  endfacet
  facet normal 0 0 -1
    outer loop
      vertex -9.578087978908464 -14.160186059072075 40.5
      vertex -9.772424829939098 -17.449920141455944 40.5
      vertex -9.723837137899617 -14.19216442709318 40.5
    endloop
  endfacet
  facet normal 0 0 -1
    outer loop
      vertex -9.43370665207362 -14.122510260084763 40.5
      vertex -9.772424829939098 -17.449920141455944 40.5
      vertex -9.578087978908464 -14.160186059072075 40.5
    endloop
  endfacet
  facet normal 0 0 -1
    outer loop
      vertex -9.290915782936104 -14.079195123482489 40.5
      vertex -9.772424829939098 -17.449920141455944 40.5
      vertex -9.43370665207362 -14.122510260084763 40.5
    endloop
  endfacet
  facet normal 0 0 -1
    outer loop
      vertex -9.14993554466643 -14.030307438066345 40.5
      vertex -9.772424829939098 -17.449920141455944 40.5
      vertex -9.290915782936104 -14.079195123482489 40.5
    endloop
  endfacet
  facet normal 0 0 -1
    outer loop
      vertex -9.010983318573565 -13.975922585103795 40.5
      vertex -9.772424829939098 -17.449920141455944 40.5
      vertex -9.14993554466643 -14.030307438066345 40.5
    endloop
  endfacet
  facet normal 0 0 -1
    outer loop
      vertex -9.010983318573565 -13.975922585103795 40.5
      vertex -8.874273358918678 -13.916124422096214 40.5
      vertex -9.772424829939098 -17.449920141455944 40.5
    endloop
  endfacet
  facet normal 0 0 -1
    outer loop
      vertex -8.764524562713921 -13.8628924352556 40.5
      vertex -9.772424829939098 -17.449920141455944 40.5
      vertex -8.874273358918678 -13.916124422096214 40.5
    endloop
  endfacet
  facet normal 0 0 -1
    outer loop
      vertex -7.653668647301796 -18.477590650225736 40.5
      vertex -8.373194750748562 -18.162863476501624 40.5
      vertex -8.764524562713921 -13.8628924352556 40.5
    endloop
  endfacet
  facet normal 0 0 -1
    outer loop
      vertex -7.653668647301796 -18.477590650225736 40.5
      vertex -8.764524562713921 -13.8628924352556 40.5
      vertex -6.922341141549859 -18.763826718449682 40.5
    endloop
  endfacet
  facet normal 0 0 -1
    outer loop
      vertex -4.668907277118108 -19.447398407953532 40.5
      vertex -5.428808997301485 -19.249104729072947 40.5
      vertex -8.764524562713921 -13.8628924352556 40.5
    endloop
  endfacet
  facet normal 0 0 -1
    outer loop
      vertex -3.9018064403225647 -19.61570560806461 40.5
      vertex -4.668907277118108 -19.447398407953532 40.5
      vertex -8.764524562713921 -13.8628924352556 40.5
    endloop
  endfacet
  facet normal 0 0 -1
    outer loop
      vertex -3.9018064403225647 -19.61570560806461 40.5
      vertex -8.764524562713921 -13.8628924352556 40.5
      vertex -3.1286893008046173 -19.753766811902757 40.5
    endloop
  endfacet
  facet normal 0 0 -1
    outer loop
      vertex -6.180339887498948 -19.02113032590307 40.5
      vertex -6.922341141549859 -18.763826718449682 40.5
      vertex -8.764524562713921 -13.8628924352556 40.5
    endloop
  endfacet
  facet normal 0 0 -1
    outer loop
      vertex -5.428808997301485 -19.249104729072947 40.5
      vertex -6.180339887498948 -19.02113032590307 40.5
      vertex -8.764524562713921 -13.8628924352556 40.5
    endloop
  endfacet
  facet normal 0 0 -1
    outer loop
      vertex -5.008283309694715 -13.809171175742978 40.5
      vertex -5.143774842824614 -14.02082985288636 40.5
      vertex -5.171990609501413 -14.061313838772683 40.5
    endloop
  endfacet
  facet normal 0 0 -1
    outer loop
      vertex -4.881205916295001 -13.592356307141415 40.5
      vertex -5.008283309694715 -13.809171175742978 40.5
      vertex -5.171990609501413 -14.061313838772683 40.5
    endloop
  endfacet
  facet normal 0 0 -1
    outer loop
      vertex -5.65 -9.786087062764157 40.5
      vertex -7.067468287866209 -12.165836160407888 40.5
      vertex -7.014236301025596 -12.056087364203131 40.5
    endloop
  endfacet
  facet normal 0 0 -1
    outer loop
      vertex -5.65 -9.786087062764157 40.5
      vertex -7.014236301025596 -12.056087364203131 40.5
      vertex -6.954438138018016 -11.919377404548246 40.5
    endloop
  endfacet
  facet normal 0 0 -1
    outer loop
      vertex -5.65 -9.786087062764157 40.5
      vertex -6.954438138018016 -11.919377404548246 40.5
      vertex -6.900053285055464 -11.780425178455378 40.5
    endloop
  endfacet
  facet normal 0 0 -1
    outer loop
      vertex -5.65 -9.786087062764157 40.5
      vertex -6.900053285055464 -11.780425178455378 40.5
      vertex -6.8511655996393195 -11.639444940185705 40.5
    endloop
  endfacet
  facet normal 0 0 -1
    outer loop
      vertex -5.65 -9.786087062764157 40.5
      vertex -6.8511655996393195 -11.639444940185705 40.5
      vertex -6.807850463037045 -11.496654071048187 40.5
    endloop
  endfacet
  facet normal 0 0 -1
    outer loop
      vertex -5.65 -9.786087062764157 40.5
      vertex -6.807850463037045 -11.496654071048187 40.5
      vertex -6.770174664049733 -11.352272744213344 40.5
    endloop
  endfacet
  facet normal 0 0 -1
    outer loop
      vertex -5.65 -9.786087062764157 40.5
      vertex -6.770174664049733 -11.352272744213344 40.5
      vertex -6.738196296028628 -11.206523585222191 40.5
    endloop
  endfacet
  facet normal 0 0 -1
    outer loop
      vertex -5.65 -9.786087062764157 40.5
      vertex -6.738196296028628 -11.206523585222191 40.5
      vertex -6.711964667299382 -11.059631328713783 40.5
    endloop
  endfacet
  facet normal 0 0 -1
    outer loop
      vertex -5.65 -9.786087062764157 40.5
      vertex -6.711964667299382 -11.059631328713783 40.5
      vertex -6.691520225132185 -10.911822471900688 40.5
    endloop
  endfacet
  facet normal 0 0 -1
    outer loop
      vertex -5.65 -9.786087062764157 40.5
      vertex -6.691520225132185 -10.911822471900688 40.5
      vertex -6.676894493375018 -10.763324925326716 40.5
    endloop
  endfacet
  facet normal 0 0 -1
    outer loop
      vertex -5.65 -9.786087062764157 40.5
      vertex -6.676894493375018 -10.763324925326716 40.5
      vertex -6.668110023846158 -10.614367661445367 40.5
    endloop
  endfacet
  facet normal 0 0 -1
    outer loop
      vertex -5.65 -9.786087062764157 40.5
      vertex -6.668110023846158 -10.614367661445367 40.5
      vertex -6.665180361560903 -10.465180361560904 40.5
    endloop
  endfacet
  facet normal 0 0 -1
    outer loop
      vertex -5.65 -9.786087062764157 40.5
      vertex -6.665180361560903 -10.465180361560904 40.5
      vertex -6.6681100238461575 -10.315993061676444 40.5
    endloop
  endfacet
  facet normal 0 0 -1
    outer loop
      vertex -5.65 -9.786087062764157 40.5
      vertex -6.6681100238461575 -10.315993061676444 40.5
      vertex -6.676894493375017 -10.167035797795092 40.5
    endloop
  endfacet
  facet normal 0 0 -1
    outer loop
      vertex -5.65 -9.786087062764157 40.5
      vertex -5.171990609501413 -14.061313838772683 40.5
      vertex -7.067468287866209 -12.165836160407888 40.5
    endloop
  endfacet
  facet normal 0 0 -1
    outer loop
      vertex -5.65 -9.786087062764157 40.5
      vertex -4.460755811657005 -12.680329526856859 40.5
      vertex -5.171990609501413 -14.061313838772683 40.5
    endloop
  endfacet
  facet normal 0 0 -1
    outer loop
      vertex -2.8327114949407743 -19.794705503028748 40.5
      vertex -3.1286893008046173 -19.753766811902757 40.5
      vertex -8.764524562713921 -13.8628924352556 40.5
    endloop
  endfacet
  facet normal 0 0 -1
    outer loop
      vertex -3.013684323706296 -16.219620124567804 40.5
      vertex -2.5811686731638095 -16.29685761981977 40.5
      vertex 0.7519295518655005 -19.9852340001396 40.5
    endloop
  endfacet
  facet normal 0 0 -1
    outer loop
      vertex -2.5811686731638095 -16.29685761981977 40.5
      vertex -1.9393670580543212 -16.385629539756284 40.5
      vertex 0.7519295518655005 -19.9852340001396 40.5
    endloop
  endfacet
  facet normal 0 0 -1
    outer loop
      vertex -1.9393670580543212 -16.385629539756284 40.5
      vertex -1.2945750795094415 -16.44913600659661 40.5
      vertex 0.7519295518655005 -19.9852340001396 40.5
    endloop
  endfacet
  facet normal 0 0 -1
    outer loop
      vertex -1.2945750795094415 -16.44913600659661 40.5
      vertex -0.6477869600246321 -16.48727909797193 40.5
      vertex 0.7519295518655005 -19.9852340001396 40.5
    endloop
  endfacet
  facet normal 0 0 -1
    outer loop
      vertex -4.7627386067553505 -13.370719559894004 40.5
      vertex -4.881205916295001 -13.592356307141415 40.5
      vertex -5.171990609501413 -14.061313838772683 40.5
    endloop
  endfacet
  facet normal 0 0 -1
    outer loop
      vertex -4.653064049080383 -13.144602681800444 40.5
      vertex -4.7627386067553505 -13.370719559894004 40.5
      vertex -5.171990609501413 -14.061313838772683 40.5
    endloop
  endfacet
  facet normal 0 0 -1
    outer loop
      vertex -4.552351353488669 -12.91435432869748 40.5
      vertex -4.653064049080383 -13.144602681800444 40.5
      vertex -5.171990609501413 -14.061313838772683 40.5
    endloop
  endfacet
  facet normal 0 0 -1
    outer loop
      vertex -4.460755811657005 -12.680329526856859 40.5
      vertex -4.552351353488669 -12.91435432869748 40.5
      vertex -5.171990609501413 -14.061313838772683 40.5
    endloop
  endfacet
  facet normal 0 0 -1
    outer loop
      vertex -5.65 -9.786087062764157 40.5
      vertex -4.378418657271921 -12.44288912556057 40.5
      vertex -4.460755811657005 -12.680329526856859 40.5
    endloop
  endfacet
  facet normal 0 0 -1
    outer loop
      vertex -5.65 -9.786087062764157 40.5
      vertex -4.305466848257561 -12.20239924069738 40.5
      vertex -4.378418657271921 -12.44288912556057 40.5
    endloop
  endfacet
  facet normal 0 0 -1
    outer loop
      vertex -5.65 -9.786087062764157 40.5
      vertex -4.242012871015773 -11.959230690238698 40.5
      vertex -4.305466848257561 -12.20239924069738 40.5
    endloop
  endfacet
  facet normal 0 0 -1
    outer loop
      vertex -4.188154566980229 -11.713758422464126 40.5
      vertex -4.242012871015773 -11.959230690238698 40.5
      vertex -4.143974981752022 -11.466360937818383 40.5
    endloop
  endfacet
  facet normal 0 0 -1
    outer loop
      vertex -5.65 -9.786087062764157 40.5
      vertex -4.143974981752022 -11.466360937818383 40.5
      vertex -4.242012871015773 -11.959230690238698 40.5
    endloop
  endfacet
  facet normal 0 0 -1
    outer loop
      vertex -5.65 -9.786087062764157 40.5
      vertex -4.109542237049375 -11.217419705291066 40.5
      vertex -4.143974981752022 -11.466360937818383 40.5
    endloop
  endfacet
  facet normal 0 0 -1
    outer loop
      vertex -5.65 -9.786087062764157 40.5
      vertex -4.084909425668885 -10.967318574219112 40.5
      vertex -4.109542237049375 -11.217419705291066 40.5
    endloop
  endfacet
  facet normal 0 0 -1
    outer loop
      vertex -5.65 -9.786087062764157 40.5
      vertex -4.070114529620277 -10.716443182418944 40.5
      vertex -4.084909425668885 -10.967318574219112 40.5
    endloop
  endfacet
  facet normal 0 0 -1
    outer loop
      vertex -5.65 -9.786087062764157 40.5
      vertex -4.06569651419153 -10.491464420880392 40.5
      vertex -4.070114529620277 -10.716443182418944 40.5
    endloop
  endfacet
  facet normal 0 0 -1
    outer loop
      vertex -9.141892036436907 -6.641973350904947 40.5
      vertex -8.874273358918677 -7.014236301025595 40.5
      vertex -9.010983318573563 -6.9544381380180145 40.5
    endloop
  endfacet
  facet normal 0 0 -1
    outer loop
      vertex -9.141892036436907 -6.641973350904947 40.5
      vertex -8.75431656147597 -7.072419523837431 40.5
      vertex -8.874273358918677 -7.014236301025595 40.5
    endloop
  endfacet
  facet normal 0 0 -1
    outer loop
      vertex -9.141892036436907 -6.641973350904947 40.5
      vertex -9.149935544666432 -6.900053285055465 40.5
      vertex -9.290915782936104 -6.8511655996393195 40.5
    endloop
  endfacet
  facet normal 0 0 -1
    outer loop
      vertex -9.141892036436907 -6.641973350904947 40.5
      vertex -9.010983318573563 -6.9544381380180145 40.5
      vertex -9.149935544666432 -6.900053285055465 40.5
    endloop
  endfacet
  facet normal 0 0 -1
    outer loop
      vertex -10.32306367136139 -4.596124066756543 40.5
      vertex -9.723837137899617 -6.738196296028628 40.5
      vertex -9.870729394408029 -6.711964667299382 40.5
    endloop
  endfacet
  facet normal 0 0 -1
    outer loop
      vertex -10.32306367136139 -4.596124066756543 40.5
      vertex -9.578087978908464 -6.770174664049733 40.5
      vertex -9.723837137899617 -6.738196296028628 40.5
    endloop
  endfacet
  facet normal 0 0 -1
    outer loop
      vertex -10.32306367136139 -4.596124066756543 40.5
      vertex -9.433706652073623 -6.807850463037044 40.5
      vertex -9.578087978908464 -6.770174664049733 40.5
    endloop
  endfacet
  facet normal 0 0 -1
    outer loop
      vertex -10.32306367136139 -4.596124066756543 40.5
      vertex -9.290915782936104 -6.8511655996393195 40.5
      vertex -9.433706652073623 -6.807850463037044 40.5
    endloop
  endfacet
  facet normal 0 0 -1
    outer loop
      vertex -10.32306367136139 -4.596124066756543 40.5
      vertex -9.141892036436907 -6.641973350904947 40.5
      vertex -9.290915782936104 -6.8511655996393195 40.5
    endloop
  endfacet
  facet normal 0 0 -1
    outer loop
      vertex -5.65 -9.786087062764157 40.5
      vertex -6.676894493375017 -10.167035797795092 40.5
      vertex -6.691520225132184 -10.01853825122112 40.5
    endloop
  endfacet
  facet normal 0 0 -1
    outer loop
      vertex -5.65 -9.786087062764157 40.5
      vertex -6.691520225132184 -10.01853825122112 40.5
      vertex -6.711964667299382 -9.870729394408029 40.5
    endloop
  endfacet
  facet normal 0 0 -1
    outer loop
      vertex -5.65 -9.786087062764157 40.5
      vertex -6.711964667299382 -9.870729394408029 40.5
      vertex -6.738196296028628 -9.723837137899617 40.5
    endloop
  endfacet
  facet normal 0 0 -1
    outer loop
      vertex -5.65 -9.786087062764157 40.5
      vertex -6.738196296028628 -9.723837137899617 40.5
      vertex -6.770174664049733 -9.578087978908464 40.5
    endloop
  endfacet
  facet normal 0 0 -1
    outer loop
      vertex -5.65 -9.786087062764157 40.5
      vertex -6.770174664049733 -9.578087978908464 40.5
      vertex -6.807850463037044 -9.433706652073623 40.5
    endloop
  endfacet
  facet normal 0 0 -1
    outer loop
      vertex -5.65 -9.786087062764157 40.5
      vertex -6.807850463037044 -9.433706652073623 40.5
      vertex -6.8511655996393195 -9.290915782936104 40.5
    endloop
  endfacet
  facet normal 0 0 -1
    outer loop
      vertex -5.65 -9.786087062764157 40.5
      vertex -6.8511655996393195 -9.290915782936104 40.5
      vertex -6.900053285055465 -9.149935544666432 40.5
    endloop
  endfacet
  facet normal 0 0 -1
    outer loop
      vertex -5.65 -9.786087062764157 40.5
      vertex -7.014236301025595 -8.874273358918677 40.5
      vertex -7.073676129014438 -8.751725808929121 40.5
    endloop
  endfacet
  facet normal 0 0 -1
    outer loop
      vertex -5.65 -9.786087062764157 40.5
      vertex -6.900053285055465 -9.149935544666432 40.5
      vertex -6.9544381380180145 -9.010983318573563 40.5
    endloop
  endfacet
  facet normal 0 0 -1
    outer loop
      vertex -5.65 -9.786087062764157 40.5
      vertex -6.9544381380180145 -9.010983318573563 40.5
      vertex -7.014236301025595 -8.874273358918677 40.5
    endloop
  endfacet
  facet normal 0 0 -1
    outer loop
      vertex -19.753766811902757 3.1286893008046173 40.5
      vertex -19.61570560806461 3.9018064403225647 40.5
      vertex -19.794705503028748 2.8327114949407757 40.5
    endloop
  endfacet
  facet normal 0 0 -1
    outer loop
      vertex -19.61570560806461 3.9018064403225647 40.5
      vertex -18.763826718449682 6.922341141549859 40.5
      vertex -19.794705503028748 2.8327114949407757 40.5
    endloop
  endfacet
  facet normal 0 0 -1
    outer loop
      vertex -19.61570560806461 3.9018064403225647 40.5
      vertex -19.447398407953532 4.668907277118108 40.5
      vertex -19.02113032590307 6.180339887498948 40.5
    endloop
  endfacet
  facet normal 0 0 -1
    outer loop
      vertex -16.44913600659661 1.2945750795094415 40.5
      vertex -16.472405316682487 0.9 40.5
      vertex -18.3333044482741 0.9 40.5
    endloop
  endfacet
  facet normal 0 0 -1
    outer loop
      vertex -16.385629539756284 1.9393670580543212 40.5
      vertex -16.44913600659661 1.2945750795094415 40.5
      vertex -18.3333044482741 0.9 40.5
    endloop
  endfacet
  facet normal 0 0 -1
    outer loop
      vertex -16.29685761981977 2.5811686731638095 40.5
      vertex -16.385629539756284 1.9393670580543212 40.5
      vertex -18.3333044482741 0.9 40.5
    endloop
  endfacet
  facet normal 0 0 -1
    outer loop
      vertex -16.219620124567804 3.0136843237062947 40.5
      vertex -16.29685761981977 2.5811686731638095 40.5
      vertex -18.3333044482741 0.9 40.5
    endloop
  endfacet
  facet normal 0 0 -1
    outer loop
      vertex -19.249104729072947 5.428808997301485 40.5
      vertex -19.02113032590307 6.180339887498948 40.5
      vertex -19.447398407953532 4.668907277118108 40.5
    endloop
  endfacet
  facet normal 0 0 -1
    outer loop
      vertex -19.61570560806461 3.9018064403225647 40.5
      vertex -19.02113032590307 6.180339887498948 40.5
      vertex -18.763826718449682 6.922341141549859 40.5
    endloop
  endfacet
  facet normal 0 0 -1
    outer loop
      vertex -18.763826718449682 6.922341141549859 40.5
      vertex -18.477590650225736 7.653668647301796 40.5
      vertex -19.794705503028748 2.8327114949407757 40.5
    endloop
  endfacet
  facet normal 0 0 -1
    outer loop
      vertex -18.477590650225736 7.653668647301796 40.5
      vertex -18.162863476501624 8.373194750748562 40.5
      vertex -19.794705503028748 2.8327114949407757 40.5
    endloop
  endfacet
  facet normal 0 0 -1
    outer loop
      vertex -18.162863476501624 8.373194750748562 40.5
      vertex -17.820130483767358 9.079809994790935 40.5
      vertex -19.794705503028748 2.8327114949407757 40.5
    endloop
  endfacet
  facet normal 0 0 -1
    outer loop
      vertex -17.820130483767358 9.079809994790935 40.5
      vertex -17.449920141455944 9.772424829939098 40.5
      vertex -19.794705503028748 2.8327114949407757 40.5
    endloop
  endfacet
  facet normal 0 0 -1
    outer loop
      vertex -17.449920141455944 9.772424829939098 40.5
      vertex -17.052803287081844 10.449971294318976 40.5
      vertex -19.794705503028748 2.8327114949407757 40.5
    endloop
  endfacet
  facet normal 0 0 -1
    outer loop
      vertex -17.052803287081844 10.449971294318976 40.5
      vertex -16.629392246050894 11.111404660392056 40.5
      vertex -19.794705503028748 2.8327114949407757 40.5
    endloop
  endfacet
  facet normal 0 0 -1
    outer loop
      vertex -16.629392246050894 11.111404660392056 40.5
      vertex -16.18033988749893 11.755705045849483 40.5
      vertex -19.794705503028748 2.8327114949407757 40.5
    endloop
  endfacet
  facet normal 0 0 -1
    outer loop
      vertex -19.794705503028748 2.8327114949407757 40.5
      vertex -13.916124422096214 8.874273358918678 40.5
      vertex -13.8628924352556 8.764524562713921 40.5
    endloop
  endfacet
  facet normal 0 0 -1
    outer loop
      vertex -19.794705503028748 2.8327114949407757 40.5
      vertex -14.030307438066345 9.14993554466643 40.5
      vertex -13.975922585103795 9.010983318573565 40.5
    endloop
  endfacet
  facet normal 0 0 -1
    outer loop
      vertex -19.794705503028748 2.8327114949407757 40.5
      vertex -14.079195123482489 9.290915782936104 40.5
      vertex -14.030307438066345 9.14993554466643 40.5
    endloop
  endfacet
  facet normal 0 0 -1
    outer loop
      vertex -19.794705503028748 2.8327114949407757 40.5
      vertex -14.122510260084763 9.43370665207362 40.5
      vertex -14.079195123482489 9.290915782936104 40.5
    endloop
  endfacet
  facet normal 0 0 -1
    outer loop
      vertex -19.794705503028748 2.8327114949407757 40.5
      vertex -14.160186059072075 9.578087978908464 40.5
      vertex -14.122510260084763 9.43370665207362 40.5
    endloop
  endfacet
  facet normal 0 0 -1
    outer loop
      vertex -19.794705503028748 2.8327114949407757 40.5
      vertex -14.19216442709318 9.723837137899617 40.5
      vertex -14.160186059072075 9.578087978908464 40.5
    endloop
  endfacet
  facet normal 0 0 -1
    outer loop
      vertex -19.794705503028748 2.8327114949407757 40.5
      vertex -14.218396055822426 9.870729394408025 40.5
      vertex -14.19216442709318 9.723837137899617 40.5
    endloop
  endfacet
  facet normal 0 0 -1
    outer loop
      vertex -19.794705503028748 2.8327114949407757 40.5
      vertex -13.975922585103795 9.010983318573565 40.5
      vertex -13.916124422096214 8.874273358918678 40.5
    endloop
  endfacet
  facet normal 0 0 -1
    outer loop
      vertex -16.18033988749893 11.755705045849483 40.5
      vertex -15.706338617614898 12.38187898619668 40.5
      vertex -19.794705503028748 2.8327114949407757 40.5
    endloop
  endfacet
  facet normal 0 0 -1
    outer loop
      vertex -15.706338617614898 12.38187898619668 40.5
      vertex -15.208119312000619 12.988960966603674 40.5
      vertex -19.794705503028748 2.8327114949407757 40.5
    endloop
  endfacet
  facet normal 0 0 -1
    outer loop
      vertex -15.208119312000619 12.988960966603674 40.5
      vertex -14.68645018871371 13.576014910658834 40.5
      vertex -19.794705503028748 2.8327114949407757 40.5
    endloop
  endfacet
  facet normal 0 0 -1
    outer loop
      vertex -19.794705503028748 2.8327114949407757 40.5
      vertex -14.238840497989624 10.01853825122112 40.5
      vertex -14.218396055822426 9.870729394408025 40.5
    endloop
  endfacet
  facet normal 0 0 -1
    outer loop
      vertex -19.794705503028748 2.8327114949407757 40.5
      vertex -14.253466229746792 10.167035797795094 40.5
      vertex -14.238840497989624 10.01853825122112 40.5
    endloop
  endfacet
  facet normal 0 0 -1
    outer loop
      vertex -19.794705503028748 2.8327114949407757 40.5
      vertex -14.262250699275654 10.315993061676444 40.5
      vertex -14.253466229746792 10.167035797795094 40.5
    endloop
  endfacet
  facet normal 0 0 -1
    outer loop
      vertex -14.262250699275654 10.315993061676444 40.5
      vertex -19.794705503028748 2.8327114949407757 40.5
      vertex -14.265180361560903 10.465180361560902 40.5
    endloop
  endfacet
  facet normal 0 0 -1
    outer loop
      vertex -14.265180361560903 10.465180361560902 40.5
      vertex -19.794705503028748 2.8327114949407757 40.5
      vertex -14.26225069927565 10.614367661445364 40.5
    endloop
  endfacet
  facet normal 0 0 -1
    outer loop
      vertex -14.26225069927565 10.614367661445364 40.5
      vertex -19.794705503028748 2.8327114949407757 40.5
      vertex -14.25346622974679 10.763324925326716 40.5
    endloop
  endfacet
  facet normal 0 0 -1
    outer loop
      vertex -14.25346622974679 10.763324925326716 40.5
      vertex -19.794705503028748 2.8327114949407757 40.5
      vertex -14.238840497989624 10.911822471900688 40.5
    endloop
  endfacet
  facet normal 0 0 -1
    outer loop
      vertex -14.238840497989624 10.911822471900688 40.5
      vertex -19.794705503028748 2.8327114949407757 40.5
      vertex -14.218396055822428 11.059631328713781 40.5
    endloop
  endfacet
  facet normal 0 0 -1
    outer loop
      vertex -14.218396055822428 11.059631328713781 40.5
      vertex -19.794705503028748 2.8327114949407757 40.5
      vertex -14.142135623730951 14.142135623730951 40.5
    endloop
  endfacet
  facet normal 0 0 -1
    outer loop
      vertex -13.370719559894004 4.7627386067553505 40.5
      vertex -13.592356307141415 4.881205916295001 40.5
      vertex -14.061313838772683 5.171990609501413 40.5
    endloop
  endfacet
  facet normal 0 0 -1
    outer loop
      vertex -13.144602681800444 4.653064049080383 40.5
      vertex -13.370719559894004 4.7627386067553505 40.5
      vertex -14.061313838772683 5.171990609501413 40.5
    endloop
  endfacet
  facet normal 0 0 -1
    outer loop
      vertex -12.91435432869748 4.552351353488669 40.5
      vertex -13.144602681800444 4.653064049080383 40.5
      vertex -14.061313838772683 5.171990609501413 40.5
    endloop
  endfacet
  facet normal 0 0 -1
    outer loop
      vertex -12.680329526856859 4.460755811657005 40.5
      vertex -12.91435432869748 4.552351353488669 40.5
      vertex -14.061313838772683 5.171990609501413 40.5
    endloop
  endfacet
  facet normal 0 0 -1
    outer loop
      vertex -12.44288912556057 4.378418657271921 40.5
      vertex -12.680329526856859 4.460755811657005 40.5
      vertex -14.061313838772683 5.171990609501413 40.5
    endloop
  endfacet
  facet normal 0 0 -1
    outer loop
      vertex -12.20239924069738 4.305466848257561 40.5
      vertex -12.44288912556057 4.378418657271921 40.5
      vertex -14.061313838772683 5.171990609501413 40.5
    endloop
  endfacet
  facet normal 0 0 -1
    outer loop
      vertex -10.967318574219112 4.084909425668885 40.5
      vertex -11.217419705291066 4.109542237049375 40.5
      vertex -11.059631328713783 6.711964667299382 40.5
    endloop
  endfacet
  facet normal 0 0 -1
    outer loop
      vertex -10.716443182418944 4.070114529620277 40.5
      vertex -10.967318574219112 4.084909425668885 40.5
      vertex -11.059631328713783 6.711964667299382 40.5
    endloop
  endfacet
  facet normal 0 0 -1
    outer loop
      vertex -10.32306367136139 4.596124066756543 40.5
      vertex -10.49538501485945 4.065773504768645 40.5
      vertex -10.716443182418944 4.070114529620277 40.5
    endloop
  endfacet
  facet normal 0 0 -1
    outer loop
      vertex -13.809171175742978 5.008283309694715 40.5
      vertex -14.02082985288636 5.143774842824614 40.5
      vertex -14.061313838772683 5.171990609501413 40.5
    endloop
  endfacet
  facet normal 0 0 -1
    outer loop
      vertex -13.592356307141415 4.881205916295001 40.5
      vertex -13.809171175742978 5.008283309694715 40.5
      vertex -14.061313838772683 5.171990609501413 40.5
    endloop
  endfacet
  facet normal 0 0 -1
    outer loop
      vertex -12.20239924069738 4.305466848257561 40.5
      vertex -14.061313838772683 5.171990609501413 40.5
      vertex -12.056087364203131 7.014236301025596 40.5
    endloop
  endfacet
  facet normal 0 0 -1
    outer loop
      vertex -12.056087364203131 7.014236301025596 40.5
      vertex -14.061313838772683 5.171990609501413 40.5
      vertex -12.165836160407888 7.067468287866209 40.5
    endloop
  endfacet
  facet normal 0 0 -1
    outer loop
      vertex -11.959230690238698 4.242012871015773 40.5
      vertex -12.20239924069738 4.305466848257561 40.5
      vertex -12.056087364203131 7.014236301025596 40.5
    endloop
  endfacet
  facet normal 0 0 -1
    outer loop
      vertex -11.713758422464126 4.188154566980229 40.5
      vertex -11.959230690238698 4.242012871015773 40.5
      vertex -12.056087364203131 7.014236301025596 40.5
    endloop
  endfacet
  facet normal 0 0 -1
    outer loop
      vertex -11.466360937818383 4.143974981752022 40.5
      vertex -11.713758422464126 4.188154566980229 40.5
      vertex -12.056087364203131 7.014236301025596 40.5
    endloop
  endfacet
  facet normal 0 0 -1
    outer loop
      vertex -11.217419705291066 4.109542237049375 40.5
      vertex -11.466360937818383 4.143974981752022 40.5
      vertex -12.056087364203131 7.014236301025596 40.5
    endloop
  endfacet
  facet normal 0 0 -1
    outer loop
      vertex -11.919377404548246 6.954438138018016 40.5
      vertex -11.217419705291066 4.109542237049375 40.5
      vertex -12.056087364203131 7.014236301025596 40.5
    endloop
  endfacet
  facet normal 0 0 -1
    outer loop
      vertex -11.780425178455378 6.900053285055464 40.5
      vertex -11.217419705291066 4.109542237049375 40.5
      vertex -11.919377404548246 6.954438138018016 40.5
    endloop
  endfacet
  facet normal 0 0 -1
    outer loop
      vertex -11.496654071048187 6.807850463037045 40.5
      vertex -11.217419705291066 4.109542237049375 40.5
      vertex -11.639444940185705 6.8511655996393195 40.5
    endloop
  endfacet
  facet normal 0 0 -1
    outer loop
      vertex -11.352272744213344 6.770174664049733 40.5
      vertex -11.217419705291066 4.109542237049375 40.5
      vertex -11.496654071048187 6.807850463037045 40.5
    endloop
  endfacet
  facet normal 0 0 -1
    outer loop
      vertex -11.206523585222191 6.738196296028628 40.5
      vertex -11.217419705291066 4.109542237049375 40.5
      vertex -11.352272744213344 6.770174664049733 40.5
    endloop
  endfacet
  facet normal 0 0 -1
    outer loop
      vertex -11.639444940185705 6.8511655996393195 40.5
      vertex -11.217419705291066 4.109542237049375 40.5
      vertex -11.780425178455378 6.900053285055464 40.5
    endloop
  endfacet
  facet normal 0 0 -1
    outer loop
      vertex -10.32306367136139 4.596124066756543 40.5
      vertex -10.716443182418944 4.070114529620277 40.5
      vertex -11.059631328713783 6.711964667299382 40.5
    endloop
  endfacet
  facet normal 0 0 -1
    outer loop
      vertex -11.059631328713783 6.711964667299382 40.5
      vertex -11.217419705291066 4.109542237049375 40.5
      vertex -11.206523585222191 6.738196296028628 40.5
    endloop
  endfacet
  facet normal 0 0 -1
    outer loop
      vertex -10.32306367136139 4.596124066756543 40.5
      vertex -11.059631328713783 6.711964667299382 40.5
      vertex -10.911822471900688 6.691520225132185 40.5
    endloop
  endfacet
  facet normal 0 0 -1
    outer loop
      vertex -10.32306367136139 4.596124066756543 40.5
      vertex -10.911822471900688 6.691520225132185 40.5
      vertex -10.763324925326716 6.676894493375018 40.5
    endloop
  endfacet
  facet normal 0 0 -1
    outer loop
      vertex -10.32306367136139 4.596124066756543 40.5
      vertex -10.763324925326716 6.676894493375018 40.5
      vertex -10.614367661445367 6.668110023846158 40.5
    endloop
  endfacet
  facet normal 0 0 -1
    outer loop
      vertex -10.32306367136139 4.596124066756543 40.5
      vertex -10.614367661445367 6.668110023846158 40.5
      vertex -10.465180361560904 6.665180361560903 40.5
    endloop
  endfacet
  facet normal 0 0 -1
    outer loop
      vertex -10.32306367136139 4.596124066756543 40.5
      vertex -10.465180361560904 6.665180361560903 40.5
      vertex -10.315993061676444 6.6681100238461575 40.5
    endloop
  endfacet
  facet normal 0 0 -1
    outer loop
      vertex -10.32306367136139 4.596124066756543 40.5
      vertex -10.315993061676444 6.6681100238461575 40.5
      vertex -10.167035797795092 6.676894493375017 40.5
    endloop
  endfacet
  facet normal 0 0 -1
    outer loop
      vertex -10.32306367136139 4.596124066756543 40.5
      vertex -10.167035797795092 6.676894493375017 40.5
      vertex -10.01853825122112 6.691520225132184 40.5
    endloop
  endfacet
  facet normal 0 0 -1
    outer loop
      vertex -10.32306367136139 4.596124066756543 40.5
      vertex -10.01853825122112 6.691520225132184 40.5
      vertex -9.870729394408029 6.711964667299382 40.5
    endloop
  endfacet
  facet normal 0 0 -1
    outer loop
      vertex -14.68645018871371 13.576014910658834 40.5
      vertex -14.142135623730951 14.142135623730951 40.5
      vertex -19.794705503028748 2.8327114949407757 40.5
    endloop
  endfacet
  facet normal 0 0 -1
    outer loop
      vertex -14.218396055822428 11.059631328713781 40.5
      vertex -14.142135623730951 14.142135623730951 40.5
      vertex -14.19216442709318 11.206523585222191 40.5
    endloop
  endfacet
  facet normal 0 0 -1
    outer loop
      vertex -14.19216442709318 11.206523585222191 40.5
      vertex -14.142135623730951 14.142135623730951 40.5
      vertex -14.160186059072075 11.352272744213344 40.5
    endloop
  endfacet
  facet normal 0 0 -1
    outer loop
      vertex -14.160186059072075 11.352272744213344 40.5
      vertex -14.142135623730951 14.142135623730951 40.5
      vertex -14.122510260084766 11.496654071048187 40.5
    endloop
  endfacet
  facet normal 0 0 -1
    outer loop
      vertex -14.122510260084766 11.496654071048187 40.5
      vertex -14.142135623730951 14.142135623730951 40.5
      vertex -14.079195123482489 11.639444940185705 40.5
    endloop
  endfacet
  facet normal 0 0 -1
    outer loop
      vertex -14.079195123482489 11.639444940185705 40.5
      vertex -14.142135623730951 14.142135623730951 40.5
      vertex -14.030307438066345 11.780425178455378 40.5
    endloop
  endfacet
  facet normal 0 0 -1
    outer loop
      vertex -14.030307438066345 11.780425178455378 40.5
      vertex -14.142135623730951 14.142135623730951 40.5
      vertex -13.975922585103794 11.919377404548245 40.5
    endloop
  endfacet
  facet normal 0 0 -1
    outer loop
      vertex -13.975922585103794 11.919377404548245 40.5
      vertex -14.142135623730951 14.142135623730951 40.5
      vertex -13.916124422096214 12.056087364203133 40.5
    endloop
  endfacet
  facet normal 0 0 -1
    outer loop
      vertex -13.916124422096214 12.056087364203133 40.5
      vertex -14.142135623730951 14.142135623730951 40.5
      vertex -13.851005153476702 12.190344260571184 40.5
    endloop
  endfacet
  facet normal 0 0 -1
    outer loop
      vertex -13.851005153476702 12.190344260571184 40.5
      vertex -14.142135623730951 14.142135623730951 40.5
      vertex -13.780665188437533 12.321941079249333 40.5
    endloop
  endfacet
  facet normal 0 0 -1
    outer loop
      vertex -13.780665188437533 12.321941079249333 40.5
      vertex -14.142135623730951 14.142135623730951 40.5
      vertex -13.705212986106455 12.450674907481512 40.5
    endloop
  endfacet
  facet normal 0 0 -1
    outer loop
      vertex -13.705212986106455 12.450674907481512 40.5
      vertex -14.142135623730951 14.142135623730951 40.5
      vertex -13.624764888310576 12.576347247035393 40.5
    endloop
  endfacet
  facet normal 0 0 -1
    outer loop
      vertex -13.624764888310576 12.576347247035393 40.5
      vertex -14.142135623730951 14.142135623730951 40.5
      vertex -13.539444940185705 12.698764320272302 40.5
    endloop
  endfacet
  facet normal 0 0 -1
    outer loop
      vertex -13.539444940185705 12.698764320272302 40.5
      vertex -14.142135623730951 14.142135623730951 40.5
      vertex -13.449384698907735 12.817737368938275 40.5
    endloop
  endfacet
  facet normal 0 0 -1
    outer loop
      vertex -13.449384698907735 12.817737368938275 40.5
      vertex -14.142135623730951 14.142135623730951 40.5
      vertex -13.35472303084102 12.9330829452156 40.5
    endloop
  endfacet
  facet normal 0 0 -1
    outer loop
      vertex -13.35472303084102 12.9330829452156 40.5
      vertex -14.142135623730951 14.142135623730951 40.5
      vertex -13.25560589741651 13.044623194586082 40.5
    endloop
  endfacet
  facet normal 0 0 -1
    outer loop
      vertex -13.25560589741651 13.044623194586082 40.5
      vertex -14.142135623730951 14.142135623730951 40.5
      vertex -13.152186130069786 13.152186130069786 40.5
    endloop
  endfacet
  facet normal 0 0 -1
    outer loop
      vertex -13.152186130069786 13.152186130069786 40.5
      vertex -14.142135623730951 14.142135623730951 40.5
      vertex -13.044623194586082 13.25560589741651 40.5
    endloop
  endfacet
  facet normal 0 0 -1
    outer loop
      vertex -13.576014910658834 14.68645018871371 40.5
      vertex -13.044623194586082 13.25560589741651 40.5
      vertex -14.142135623730951 14.142135623730951 40.5
    endloop
  endfacet
  facet normal 0 0 -1
    outer loop
      vertex -13.044623194586082 13.25560589741651 40.5
      vertex -13.576014910658834 14.68645018871371 40.5
      vertex -12.9330829452156 13.35472303084102 40.5
    endloop
  endfacet
  facet normal 0 0 -1
    outer loop
      vertex -12.9330829452156 13.35472303084102 40.5
      vertex -13.576014910658834 14.68645018871371 40.5
      vertex -12.817737368938275 13.449384698907735 40.5
    endloop
  endfacet
  facet normal 0 0 -1
    outer loop
      vertex -12.817737368938275 13.449384698907735 40.5
      vertex -13.576014910658834 14.68645018871371 40.5
      vertex -12.698764320272302 13.539444940185705 40.5
    endloop
  endfacet
  facet normal 0 0 -1
    outer loop
      vertex -12.698764320272302 13.539444940185705 40.5
      vertex -13.576014910658834 14.68645018871371 40.5
      vertex -12.576347247035393 13.624764888310576 40.5
    endloop
  endfacet
  facet normal 0 0 -1
    outer loop
      vertex -12.576347247035393 13.624764888310576 40.5
      vertex -13.576014910658834 14.68645018871371 40.5
      vertex -12.450674907481512 13.705212986106455 40.5
    endloop
  endfacet
  facet normal 0 0 -1
    outer loop
      vertex -12.450674907481512 13.705212986106455 40.5
      vertex -13.576014910658834 14.68645018871371 40.5
      vertex -12.321941079249333 13.780665188437533 40.5
    endloop
  endfacet
  facet normal 0 0 -1
    outer loop
      vertex -12.321941079249333 13.780665188437533 40.5
      vertex -13.576014910658834 14.68645018871371 40.5
      vertex -12.190344260571184 13.851005153476702 40.5
    endloop
  endfacet
  facet normal 0 0 -1
    outer loop
      vertex -13.576014910658834 14.68645018871371 40.5
      vertex -12.988960966603674 15.208119312000619 40.5
      vertex -12.190344260571184 13.851005153476702 40.5
    endloop
  endfacet
  facet normal 0 0 -1
    outer loop
      vertex -12.190344260571184 13.851005153476702 40.5
      vertex -12.988960966603674 15.208119312000619 40.5
      vertex -12.056087364203133 13.916124422096214 40.5
    endloop
  endfacet
  facet normal 0 0 -1
    outer loop
      vertex -12.056087364203133 13.916124422096214 40.5
      vertex -12.988960966603674 15.208119312000619 40.5
      vertex -11.919377404548245 13.975922585103794 40.5
    endloop
  endfacet
  facet normal 0 0 -1
    outer loop
      vertex -11.919377404548245 13.975922585103794 40.5
      vertex -12.988960966603674 15.208119312000619 40.5
      vertex -11.780425178455378 14.030307438066345 40.5
    endloop
  endfacet
  facet normal 0 0 -1
    outer loop
      vertex -11.780425178455378 14.030307438066345 40.5
      vertex -12.988960966603674 15.208119312000619 40.5
      vertex -11.639444940185705 14.079195123482489 40.5
    endloop
  endfacet
  facet normal 0 0 -1
    outer loop
      vertex -11.639444940185705 14.079195123482489 40.5
      vertex -12.381878986196678 15.706338617614898 40.5
      vertex -11.496654071048187 14.122510260084766 40.5
    endloop
  endfacet
  facet normal 0 0 -1
    outer loop
      vertex -11.496654071048187 14.122510260084766 40.5
      vertex -12.381878986196678 15.706338617614898 40.5
      vertex -11.352272744213344 14.160186059072075 40.5
    endloop
  endfacet
  facet normal 0 0 -1
    outer loop
      vertex -11.352272744213344 14.160186059072075 40.5
      vertex -12.381878986196678 15.706338617614898 40.5
      vertex -11.206523585222191 14.19216442709318 40.5
    endloop
  endfacet
  facet normal 0 0 -1
    outer loop
      vertex -11.206523585222191 14.19216442709318 40.5
      vertex -12.381878986196678 15.706338617614898 40.5
      vertex -11.059631328713781 14.218396055822428 40.5
    endloop
  endfacet
  facet normal 0 0 -1
    outer loop
      vertex -11.059631328713781 14.218396055822428 40.5
      vertex -11.755705045849465 16.18033988749895 40.5
      vertex -10.911822471900688 14.238840497989624 40.5
    endloop
  endfacet
  facet normal 0 0 -1
    outer loop
      vertex -10.911822471900688 14.238840497989624 40.5
      vertex -11.755705045849465 16.18033988749895 40.5
      vertex -10.763324925326716 14.25346622974679 40.5
    endloop
  endfacet
  facet normal 0 0 -1
    outer loop
      vertex -10.763324925326716 14.25346622974679 40.5
      vertex -11.755705045849465 16.18033988749895 40.5
      vertex -10.614367661445364 14.26225069927565 40.5
    endloop
  endfacet
  facet normal 0 0 -1
    outer loop
      vertex -10.614367661445364 14.26225069927565 40.5
      vertex -11.755705045849465 16.18033988749895 40.5
      vertex -10.465180361560902 14.265180361560903 40.5
    endloop
  endfacet
  facet normal 0 0 -1
    outer loop
      vertex -11.639444940185705 14.079195123482489 40.5
      vertex -12.988960966603674 15.208119312000619 40.5
      vertex -12.381878986196678 15.706338617614898 40.5
    endloop
  endfacet
  facet normal 0 0 -1
    outer loop
      vertex -11.059631328713781 14.218396055822428 40.5
      vertex -12.381878986196678 15.706338617614898 40.5
      vertex -11.755705045849465 16.18033988749895 40.5
    endloop
  endfacet
  facet normal 0 0 -1
    outer loop
      vertex -10.465180361560902 14.265180361560903 40.5
      vertex -11.111404660392044 16.629392246050905 40.5
      vertex -10.315993061676444 14.262250699275654 40.5
    endloop
  endfacet
  facet normal 0 0 -1
    outer loop
      vertex -10.465180361560902 14.265180361560903 40.5
      vertex -11.755705045849465 16.18033988749895 40.5
      vertex -11.111404660392044 16.629392246050905 40.5
    endloop
  endfacet
  facet normal 0 0 -1
    outer loop
      vertex -10.315993061676444 14.262250699275654 40.5
      vertex -11.111404660392044 16.629392246050905 40.5
      vertex -10.167035797795094 14.253466229746792 40.5
    endloop
  endfacet
  facet normal 0 0 -1
    outer loop
      vertex -10.167035797795094 14.253466229746792 40.5
      vertex -11.111404660392044 16.629392246050905 40.5
      vertex -10.01853825122112 14.238840497989624 40.5
    endloop
  endfacet
  facet normal 0 0 -1
    outer loop
      vertex -10.01853825122112 14.238840497989624 40.5
      vertex -10.449971294318976 17.052803287081844 40.5
      vertex -9.870729394408025 14.218396055822426 40.5
    endloop
  endfacet
  facet normal 0 0 -1
    outer loop
      vertex -9.870729394408025 14.218396055822426 40.5
      vertex -10.449971294318976 17.052803287081844 40.5
      vertex -9.723837137899617 14.19216442709318 40.5
    endloop
  endfacet
  facet normal 0 0 -1
    outer loop
      vertex -11.111404660392044 16.629392246050905 40.5
      vertex -10.449971294318976 17.052803287081844 40.5
      vertex -10.01853825122112 14.238840497989624 40.5
    endloop
  endfacet
  facet normal 0 0 -1
    outer loop
      vertex -10.32306367136139 4.596124066756543 40.5
      vertex -9.870729394408029 6.711964667299382 40.5
      vertex -9.723837137899617 6.738196296028628 40.5
    endloop
  endfacet
  facet normal 0 0 -1
    outer loop
      vertex -10.32306367136139 4.596124066756543 40.5
      vertex -9.723837137899617 6.738196296028628 40.5
      vertex -9.578087978908464 6.770174664049733 40.5
    endloop
  endfacet
  facet normal 0 0 -1
    outer loop
      vertex -10.32306367136139 4.596124066756543 40.5
      vertex -9.578087978908464 6.770174664049733 40.5
      vertex -9.433706652073623 6.807850463037044 40.5
    endloop
  endfacet
  facet normal 0 0 -1
    outer loop
      vertex -10.32306367136139 4.596124066756543 40.5
      vertex -9.433706652073623 6.807850463037044 40.5
      vertex -9.141892036436907 6.641973350904947 40.5
    endloop
  endfacet
  facet normal 0 0 -1
    outer loop
      vertex -9.141892036436907 6.641973350904947 40.5
      vertex -9.433706652073623 6.807850463037044 40.5
      vertex -9.290915782936104 6.8511655996393195 40.5
    endloop
  endfacet
  facet normal 0 0 -1
    outer loop
      vertex -9.141892036436907 6.641973350904947 40.5
      vertex -9.290915782936104 6.8511655996393195 40.5
      vertex -9.149935544666432 6.900053285055465 40.5
    endloop
  endfacet
  facet normal 0 0 -1
    outer loop
      vertex -9.141892036436907 6.641973350904947 40.5
      vertex -9.149935544666432 6.900053285055465 40.5
      vertex -9.010983318573563 6.9544381380180145 40.5
    endloop
  endfacet
  facet normal 0 0 -1
    outer loop
      vertex -9.141892036436907 6.641973350904947 40.5
      vertex -9.010983318573563 6.9544381380180145 40.5
      vertex -8.874273358918677 7.014236301025595 40.5
    endloop
  endfacet
  facet normal 0 0 -1
    outer loop
      vertex -9.141892036436907 6.641973350904947 40.5
      vertex -8.874273358918677 7.014236301025595 40.5
      vertex -8.75431656147597 7.072419523837431 40.5
    endloop
  endfacet
  facet normal 0 0 -1
    outer loop
      vertex -5.65 9.786087062764157 40.5
      vertex -7.073676129014438 8.751725808929121 40.5
      vertex -7.014236301025595 8.874273358918677 40.5
    endloop
  endfacet
  facet normal 0 0 -1
    outer loop
      vertex -5.65 9.786087062764157 40.5
      vertex -7.014236301025595 8.874273358918677 40.5
      vertex -6.9544381380180145 9.010983318573563 40.5
    endloop
  endfacet
  facet normal 0 0 -1
    outer loop
      vertex -5.65 9.786087062764157 40.5
      vertex -6.9544381380180145 9.010983318573563 40.5
      vertex -6.900053285055465 9.149935544666432 40.5
    endloop
  endfacet
  facet normal 0 0 -1
    outer loop
      vertex -5.65 9.786087062764157 40.5
      vertex -6.900053285055465 9.149935544666432 40.5
      vertex -6.8511655996393195 9.290915782936104 40.5
    endloop
  endfacet
  facet normal 0 0 -1
    outer loop
      vertex -5.65 9.786087062764157 40.5
      vertex -6.8511655996393195 9.290915782936104 40.5
      vertex -6.807850463037044 9.433706652073623 40.5
    endloop
  endfacet
  facet normal 0 0 -1
    outer loop
      vertex -5.65 9.786087062764157 40.5
      vertex -6.807850463037044 9.433706652073623 40.5
      vertex -6.770174664049733 9.578087978908464 40.5
    endloop
  endfacet
  facet normal 0 0 -1
    outer loop
      vertex -5.65 9.786087062764157 40.5
      vertex -6.770174664049733 9.578087978908464 40.5
      vertex -6.738196296028628 9.723837137899617 40.5
    endloop
  endfacet
  facet normal 0 0 -1
    outer loop
      vertex -5.65 9.786087062764157 40.5
      vertex -6.738196296028628 9.723837137899617 40.5
      vertex -6.711964667299382 9.870729394408029 40.5
    endloop
  endfacet
  facet normal 0 0 -1
    outer loop
      vertex -5.65 9.786087062764157 40.5
      vertex -6.711964667299382 9.870729394408029 40.5
      vertex -6.691520225132184 10.01853825122112 40.5
    endloop
  endfacet
  facet normal 0 0 -1
    outer loop
      vertex -5.65 9.786087062764157 40.5
      vertex -6.691520225132184 10.01853825122112 40.5
      vertex -6.676894493375017 10.167035797795092 40.5
    endloop
  endfacet
  facet normal 0 0 -1
    outer loop
      vertex -7.885737528535726 13.25560589741651 40.5
      vertex -7.653668647301796 18.477590650225736 40.5
      vertex -7.778174593052023 13.152186130069785 40.5
    endloop
  endfacet
  facet normal 0 0 -1
    outer loop
      vertex -5.65 9.786087062764157 40.5
      vertex -6.676894493375017 10.167035797795092 40.5
      vertex -6.6681100238461575 10.315993061676444 40.5
    endloop
  endfacet
  facet normal 0 0 -1
    outer loop
      vertex -5.65 9.786087062764157 40.5
      vertex -6.6681100238461575 10.315993061676444 40.5
      vertex -6.665180361560903 10.465180361560904 40.5
    endloop
  endfacet
  facet normal 0 0 -1
    outer loop
      vertex -5.65 9.786087062764157 40.5
      vertex -6.665180361560903 10.465180361560904 40.5
      vertex -6.668110023846158 10.614367661445367 40.5
    endloop
  endfacet
  facet normal 0 0 -1
    outer loop
      vertex -5.65 9.786087062764157 40.5
      vertex -6.668110023846158 10.614367661445367 40.5
      vertex -6.676894493375018 10.763324925326716 40.5
    endloop
  endfacet
  facet normal 0 0 -1
    outer loop
      vertex -6.691520225132185 10.911822471900688 40.5
      vertex -6.120855590150076 15.164844421949294 40.5
      vertex -6.676894493375018 10.763324925326716 40.5
    endloop
  endfacet
  facet normal 0 0 -1
    outer loop
      vertex -6.711964667299382 11.059631328713783 40.5
      vertex -6.120855590150076 15.164844421949294 40.5
      vertex -6.691520225132185 10.911822471900688 40.5
    endloop
  endfacet
  facet normal 0 0 -1
    outer loop
      vertex -6.738196296028628 11.206523585222191 40.5
      vertex -6.120855590150076 15.164844421949294 40.5
      vertex -6.711964667299382 11.059631328713783 40.5
    endloop
  endfacet
  facet normal 0 0 -1
    outer loop
      vertex -5.65 9.786087062764157 40.5
      vertex -6.676894493375018 10.763324925326716 40.5
      vertex -6.120855590150076 15.164844421949294 40.5
    endloop
  endfacet
  facet normal 0 0 -1
    outer loop
      vertex -5.65 9.786087062764157 40.5
      vertex -4.7627386067553505 13.370719559894004 40.5
      vertex -4.653064049080383 13.144602681800444 40.5
    endloop
  endfacet
  facet normal 0 0 -1
    outer loop
      vertex -5.65 9.786087062764157 40.5
      vertex -5.008283309694715 13.809171175742978 40.5
      vertex -4.881205916295001 13.592356307141415 40.5
    endloop
  endfacet
  facet normal 0 0 -1
    outer loop
      vertex -5.65 9.786087062764157 40.5
      vertex -4.881205916295001 13.592356307141415 40.5
      vertex -4.7627386067553505 13.370719559894004 40.5
    endloop
  endfacet
  facet normal 0 0 -1
    outer loop
      vertex -6.807850463037045 11.496654071048187 40.5
      vertex -6.120855590150076 15.164844421949294 40.5
      vertex -6.770174664049733 11.352272744213344 40.5
    endloop
  endfacet
  facet normal 0 0 -1
    outer loop
      vertex -6.8511655996393195 11.639444940185705 40.5
      vertex -6.120855590150076 15.164844421949294 40.5
      vertex -6.807850463037045 11.496654071048187 40.5
    endloop
  endfacet
  facet normal 0 0 -1
    outer loop
      vertex -6.954438138018016 11.919377404548246 40.5
      vertex -6.120855590150076 15.164844421949294 40.5
      vertex -6.900053285055464 11.780425178455378 40.5
    endloop
  endfacet
  facet normal 0 0 -1
    outer loop
      vertex -6.900053285055464 11.780425178455378 40.5
      vertex -6.120855590150076 15.164844421949294 40.5
      vertex -6.8511655996393195 11.639444940185705 40.5
    endloop
  endfacet
  facet normal 0 0 -1
    outer loop
      vertex -7.014236301025596 12.056087364203131 40.5
      vertex -6.120855590150076 15.164844421949294 40.5
      vertex -6.954438138018016 11.919377404548246 40.5
    endloop
  endfacet
  facet normal 0 0 -1
    outer loop
      vertex -6.770174664049733 11.352272744213344 40.5
      vertex -6.120855590150076 15.164844421949294 40.5
      vertex -6.738196296028628 11.206523585222191 40.5
    endloop
  endfacet
  facet normal 0 0 -1
    outer loop
      vertex -7.079355569645108 12.190344260571182 40.5
      vertex -6.120855590150076 15.164844421949294 40.5
      vertex -7.014236301025596 12.056087364203131 40.5
    endloop
  endfacet
  facet normal 0 0 -1
    outer loop
      vertex -7.778174593052023 13.152186130069785 40.5
      vertex -6.922341141549859 18.763826718449682 40.5
      vertex -7.6747548257053 13.044623194586084 40.5
    endloop
  endfacet
  facet normal 0 0 -1
    outer loop
      vertex -7.6747548257053 13.044623194586084 40.5
      vertex -6.922341141549859 18.763826718449682 40.5
      vertex -7.575637692280786 12.933082945215602 40.5
    endloop
  endfacet
  facet normal 0 0 -1
    outer loop
      vertex -7.4809760242140735 12.817737368938275 40.5
      vertex -6.922341141549859 18.763826718449682 40.5
      vertex -7.390915782936105 12.698764320272304 40.5
    endloop
  endfacet
  facet normal 0 0 -1
    outer loop
      vertex -7.390915782936105 12.698764320272304 40.5
      vertex -6.922341141549859 18.763826718449682 40.5
      vertex -7.305595834811232 12.576347247035393 40.5
    endloop
  endfacet
  facet normal 0 0 -1
    outer loop
      vertex -7.575637692280786 12.933082945215602 40.5
      vertex -6.922341141549859 18.763826718449682 40.5
      vertex -7.4809760242140735 12.817737368938275 40.5
    endloop
  endfacet
  facet normal 0 0 -1
    outer loop
      vertex -7.149695534684275 12.321941079249333 40.5
      vertex -6.922341141549859 18.763826718449682 40.5
      vertex -7.079355569645108 12.190344260571182 40.5
    endloop
  endfacet
  facet normal 0 0 -1
    outer loop
      vertex -7.225147737015354 12.45067490748151 40.5
      vertex -6.922341141549859 18.763826718449682 40.5
      vertex -7.149695534684275 12.321941079249333 40.5
    endloop
  endfacet
  facet normal 0 0 -1
    outer loop
      vertex -7.305595834811232 12.576347247035393 40.5
      vertex -6.922341141549859 18.763826718449682 40.5
      vertex -7.225147737015354 12.45067490748151 40.5
    endloop
  endfacet
  facet normal 0 0 -1
    outer loop
      vertex -6.120855590150076 15.164844421949294 40.5
      vertex -7.079355569645108 12.190344260571182 40.5
      vertex -6.241847494573982 15.272360505172644 40.5
    endloop
  endfacet
  facet normal 0 0 -1
    outer loop
      vertex -5.65 9.786087062764157 40.5
      vertex -5.765516301172515 14.809505132971733 40.5
      vertex -5.5985821817207055 14.621647870874082 40.5
    endloop
  endfacet
  facet normal 0 0 -1
    outer loop
      vertex -5.65 9.786087062764157 40.5
      vertex -5.939696961966999 14.99066376115481 40.5
      vertex -5.765516301172515 14.809505132971733 40.5
    endloop
  endfacet
  facet normal 0 0 -1
    outer loop
      vertex -5.65 9.786087062764157 40.5
      vertex -6.120855590150076 15.164844421949294 40.5
      vertex -5.939696961966999 14.99066376115481 40.5
    endloop
  endfacet
  facet normal 0 0 -1
    outer loop
      vertex -5.65 9.786087062764157 40.5
      vertex -5.287471597561241 14.227005976232734 40.5
      vertex -5.143774842824614 14.02082985288636 40.5
    endloop
  endfacet
  facet normal 0 0 -1
    outer loop
      vertex -5.65 9.786087062764157 40.5
      vertex -5.5985821817207055 14.621647870874082 40.5
      vertex -5.4391520039241374 14.427381637143844 40.5
    endloop
  endfacet
  facet normal 0 0 -1
    outer loop
      vertex -5.65 9.786087062764157 40.5
      vertex -5.4391520039241374 14.427381637143844 40.5
      vertex -5.287471597561241 14.227005976232734 40.5
    endloop
  endfacet
  facet normal 0 0 -1
    outer loop
      vertex -5.65 9.786087062764157 40.5
      vertex -5.143774842824614 14.02082985288636 40.5
      vertex -5.008283309694715 13.809171175742978 40.5
    endloop
  endfacet
  facet normal 0 0 -1
    outer loop
      vertex -9.723837137899617 14.19216442709318 40.5
      vertex -10.449971294318976 17.052803287081844 40.5
      vertex -9.578087978908464 14.160186059072075 40.5
    endloop
  endfacet
  facet normal 0 0 -1
    outer loop
      vertex -9.578087978908464 14.160186059072075 40.5
      vertex -10.449971294318976 17.052803287081844 40.5
      vertex -9.43370665207362 14.122510260084763 40.5
    endloop
  endfacet
  facet normal 0 0 -1
    outer loop
      vertex -9.43370665207362 14.122510260084763 40.5
      vertex -10.449971294318976 17.052803287081844 40.5
      vertex -9.290915782936104 14.079195123482489 40.5
    endloop
  endfacet
  facet normal 0 0 -1
    outer loop
      vertex -9.290915782936104 14.079195123482489 40.5
      vertex -10.449971294318976 17.052803287081844 40.5
      vertex -9.14993554466643 14.030307438066345 40.5
    endloop
  endfacet
  facet normal 0 0 -1
    outer loop
      vertex -9.14993554466643 14.030307438066345 40.5
      vertex -10.449971294318976 17.052803287081844 40.5
      vertex -9.010983318573565 13.975922585103795 40.5
    endloop
  endfacet
  facet normal 0 0 -1
    outer loop
      vertex -10.449971294318976 17.052803287081844 40.5
      vertex -9.772424829939098 17.449920141455944 40.5
      vertex -9.010983318573565 13.975922585103795 40.5
    endloop
  endfacet
  facet normal 0 0 -1
    outer loop
      vertex -9.010983318573565 13.975922585103795 40.5
      vertex -9.079809994790935 17.820130483767358 40.5
      vertex -8.874273358918678 13.916124422096214 40.5
    endloop
  endfacet
  facet normal 0 0 -1
    outer loop
      vertex -8.874273358918678 13.916124422096214 40.5
      vertex -9.079809994790935 17.820130483767358 40.5
      vertex -8.740016462550628 13.851005153476702 40.5
    endloop
  endfacet
  facet normal 0 0 -1
    outer loop
      vertex -8.740016462550628 13.851005153476702 40.5
      vertex -9.079809994790935 17.820130483767358 40.5
      vertex -8.608419643872475 13.780665188437533 40.5
    endloop
  endfacet
  facet normal 0 0 -1
    outer loop
      vertex -9.010983318573565 13.975922585103795 40.5
      vertex -9.772424829939098 17.449920141455944 40.5
      vertex -9.079809994790935 17.820130483767358 40.5
    endloop
  endfacet
  facet normal 0 0 -1
    outer loop
      vertex -8.608419643872475 13.780665188437533 40.5
      vertex -8.373194750748562 18.162863476501624 40.5
      vertex -8.479685815640298 13.705212986106456 40.5
    endloop
  endfacet
  facet normal 0 0 -1
    outer loop
      vertex -8.354013476086415 13.624764888310576 40.5
      vertex -8.373194750748562 18.162863476501624 40.5
      vertex -8.231596402849506 13.539444940185705 40.5
    endloop
  endfacet
  facet normal 0 0 -1
    outer loop
      vertex -8.479685815640298 13.705212986106456 40.5
      vertex -8.373194750748562 18.162863476501624 40.5
      vertex -8.354013476086415 13.624764888310576 40.5
    endloop
  endfacet
  facet normal 0 0 -1
    outer loop
      vertex -8.231596402849506 13.539444940185705 40.5
      vertex -8.373194750748562 18.162863476501624 40.5
      vertex -8.112623354183533 13.449384698907735 40.5
    endloop
  endfacet
  facet normal 0 0 -1
    outer loop
      vertex -8.112623354183533 13.449384698907735 40.5
      vertex -7.653668647301796 18.477590650225736 40.5
      vertex -7.997277777906207 13.354723030841024 40.5
    endloop
  endfacet
  facet normal 0 0 -1
    outer loop
      vertex -7.997277777906207 13.354723030841024 40.5
      vertex -7.653668647301796 18.477590650225736 40.5
      vertex -7.885737528535726 13.25560589741651 40.5
    endloop
  endfacet
  facet normal 0 0 -1
    outer loop
      vertex -8.608419643872475 13.780665188437533 40.5
      vertex -9.079809994790935 17.820130483767358 40.5
      vertex -8.373194750748562 18.162863476501624 40.5
    endloop
  endfacet
  facet normal 0 0 -1
    outer loop
      vertex -8.112623354183533 13.449384698907735 40.5
      vertex -8.373194750748562 18.162863476501624 40.5
      vertex -7.653668647301796 18.477590650225736 40.5
    endloop
  endfacet
  facet normal 0 0 -1
    outer loop
      vertex -6.241847494573982 15.272360505172644 40.5
      vertex -7.079355569645108 12.190344260571182 40.5
      vertex -6.922341141549859 18.763826718449682 40.5
    endloop
  endfacet
  facet normal 0 0 -1
    outer loop
      vertex -7.778174593052023 13.152186130069785 40.5
      vertex -7.653668647301796 18.477590650225736 40.5
      vertex -6.922341141549859 18.763826718449682 40.5
    endloop
  endfacet
  facet normal 0 0 -1
    outer loop
      vertex -5.710931441778634 15.480157042720988 40.5
      vertex -6.241847494573982 15.272360505172644 40.5
      vertex -6.922341141549859 18.763826718449682 40.5
    endloop
  endfacet
  facet normal 0 0 -1
    outer loop
      vertex -5.098780407186632 15.692432518870033 40.5
      vertex -5.710931441778634 15.480157042720988 40.5
      vertex -6.922341141549859 18.763826718449682 40.5
    endloop
  endfacet
  facet normal 0 0 -1
    outer loop
      vertex -4.478767422773726 15.88051140148518 40.5
      vertex -5.098780407186632 15.692432518870033 40.5
      vertex -6.180339887498948 19.02113032590307 40.5
    endloop
  endfacet
  facet normal 0 0 -1
    outer loop
      vertex -6.922341141549859 18.763826718449682 40.5
      vertex -6.180339887498948 19.02113032590307 40.5
      vertex -5.098780407186632 15.692432518870033 40.5
    endloop
  endfacet
  facet normal 0 0 -1
    outer loop
      vertex -4.478767422773726 15.88051140148518 40.5
      vertex -6.180339887498948 19.02113032590307 40.5
      vertex -5.428808997301485 19.249104729072947 40.5
    endloop
  endfacet
  facet normal 0 0 -1
    outer loop
      vertex -5.65 9.786087062764157 40.5
      vertex -4.070114529620277 10.716443182418944 40.5
      vertex -4.06569651419153 10.491464420880392 40.5
    endloop
  endfacet
  facet normal 0 0 -1
    outer loop
      vertex -5.65 9.786087062764157 40.5
      vertex -4.084909425668885 10.967318574219112 40.5
      vertex -4.070114529620277 10.716443182418944 40.5
    endloop
  endfacet
  facet normal 0 0 -1
    outer loop
      vertex -5.65 9.786087062764157 40.5
      vertex -4.242012871015773 11.959230690238698 40.5
      vertex -4.188154566980229 11.713758422464126 40.5
    endloop
  endfacet
  facet normal 0 0 -1
    outer loop
      vertex -5.65 9.786087062764157 40.5
      vertex -4.109542237049375 11.217419705291066 40.5
      vertex -4.084909425668885 10.967318574219112 40.5
    endloop
  endfacet
  facet normal 0 0 -1
    outer loop
      vertex -5.65 9.786087062764157 40.5
      vertex -4.143974981752022 11.466360937818383 40.5
      vertex -4.109542237049375 11.217419705291066 40.5
    endloop
  endfacet
  facet normal 0 0 -1
    outer loop
      vertex -5.65 9.786087062764157 40.5
      vertex -4.188154566980229 11.713758422464126 40.5
      vertex -4.143974981752022 11.466360937818383 40.5
    endloop
  endfacet
  facet normal 0 0 -1
    outer loop
      vertex -5.65 9.786087062764157 40.5
      vertex -4.305466848257561 12.20239924069738 40.5
      vertex -4.242012871015773 11.959230690238698 40.5
    endloop
  endfacet
  facet normal 0 0 -1
    outer loop
      vertex -5.65 9.786087062764157 40.5
      vertex -4.378418657271921 12.44288912556057 40.5
      vertex -4.305466848257561 12.20239924069738 40.5
    endloop
  endfacet
  facet normal 0 0 -1
    outer loop
      vertex -5.65 9.786087062764157 40.5
      vertex -4.552351353488669 12.91435432869748 40.5
      vertex -4.460755811657005 12.680329526856859 40.5
    endloop
  endfacet
  facet normal 0 0 -1
    outer loop
      vertex -5.65 9.786087062764157 40.5
      vertex -4.460755811657005 12.680329526856859 40.5
      vertex -4.378418657271921 12.44288912556057 40.5
    endloop
  endfacet
  facet normal 0 0 -1
    outer loop
      vertex -5.65 9.786087062764157 40.5
      vertex -4.653064049080383 13.144602681800444 40.5
      vertex -4.552351353488669 12.91435432869748 40.5
    endloop
  endfacet
  facet normal 0 0 -1
    outer loop
      vertex -3.851848503622439 16.044103686561662 40.5
      vertex -4.478767422773726 15.88051140148518 40.5
      vertex -5.428808997301485 19.249104729072947 40.5
    endloop
  endfacet
  facet normal 0 0 -1
    outer loop
      vertex -3.218990313266116 16.182957126653303 40.5
      vertex -3.851848503622439 16.044103686561662 40.5
      vertex -4.668907277118108 19.447398407953532 40.5
    endloop
  endfacet
  facet normal 0 0 -1
    outer loop
      vertex -2.5811686731638095 16.29685761981977 40.5
      vertex -3.218990313266116 16.182957126653303 40.5
      vertex -3.901806440322565 19.61570560806461 40.5
    endloop
  endfacet
  facet normal 0 0 -1
    outer loop
      vertex -3.851848503622439 16.044103686561662 40.5
      vertex -5.428808997301485 19.249104729072947 40.5
      vertex -4.668907277118108 19.447398407953532 40.5
    endloop
  endfacet
  facet normal 0 0 -1
    outer loop
      vertex -3.218990313266116 16.182957126653303 40.5
      vertex -4.668907277118108 19.447398407953532 40.5
      vertex -3.901806440322565 19.61570560806461 40.5
    endloop
  endfacet
  facet normal 0 0 -1
    outer loop
      vertex -3.901806440322565 19.61570560806461 40.5
      vertex -3.1286893008046173 19.753766811902757 40.5
      vertex -2.5811686731638095 16.29685761981977 40.5
    endloop
  endfacet
  facet normal 0 0 -1
    outer loop
      vertex -3.1286893008046173 19.753766811902757 40.5
      vertex -2.350747949156753 19.861369139098525 40.5
      vertex -2.5811686731638095 16.29685761981977 40.5
    endloop
  endfacet
  facet normal 0 0 -1
    outer loop
      vertex -1.9393670580543212 16.385629539756284 40.5
      vertex -2.5811686731638095 16.29685761981977 40.5
      vertex -2.350747949156753 19.861369139098525 40.5
    endloop
  endfacet
  facet normal 0 0 -1
    outer loop
      vertex -1.2945750795094415 16.44913600659661 40.5
      vertex -1.9393670580543212 16.385629539756284 40.5
      vertex -2.350747949156753 19.861369139098525 40.5
    endloop
  endfacet
  facet normal 0 0 -1
    outer loop
      vertex -1.2945750795094415 16.44913600659661 40.5
      vertex -2.350747949156753 19.861369139098525 40.5
      vertex -1.5691819145568988 19.938346674662558 40.5
    endloop
  endfacet
  facet normal 0 0 -1
    outer loop
      vertex -0.6477869600246321 16.48727909797193 40.5
      vertex -1.2945750795094415 16.44913600659661 40.5
      vertex -1.5691819145568988 19.938346674662558 40.5
    endloop
  endfacet
  facet normal 0 0 -1
    outer loop
      vertex -0.6477869600246321 16.48727909797193 40.5
      vertex -0.7519295518655005 19.9852340001396 40.5
      vertex 0 16.5 40.5
    endloop
  endfacet
  facet normal 0 0 -1
    outer loop
      vertex 0 16.5 40.5
      vertex -0.7519295518655005 19.9852340001396 40.5
      vertex 0.6477869600246321 16.48727909797193 40.5
    endloop
  endfacet
  facet normal 0 0 -1
    outer loop
      vertex -0.6477869600246321 16.48727909797193 40.5
      vertex -1.5691819145568988 19.938346674662558 40.5
      vertex -0.7851963151813722 19.984580724814457 40.5
    endloop
  endfacet
  facet normal 0 0 -1
    outer loop
      vertex -0.6477869600246321 16.48727909797193 40.5
      vertex -0.7851963151813722 19.984580724814457 40.5
      vertex -0.7519295518655005 19.9852340001396 40.5
    endloop
  endfacet
  facet normal 0 0 -1
    outer loop
      vertex 0.7519295518655005 -19.9852340001396 40.5
      vertex 0.6477869600246321 -16.48727909797193 40.5
      vertex 0.7851963151813722 -19.984580724814457 40.5
    endloop
  endfacet
  facet normal 0 0 -1
    outer loop
      vertex 0.6477869600246321 -16.48727909797193 40.5
      vertex 1.5691819145568988 -19.938346674662558 40.5
      vertex 0.7851963151813722 -19.984580724814457 40.5
    endloop
  endfacet
  facet normal 0 0 -1
    outer loop
      vertex -0.6477869600246321 -16.48727909797193 40.5
      vertex 0 -16.5 40.5
      vertex 0.7519295518655005 -19.9852340001396 40.5
    endloop
  endfacet
  facet normal 0 0 -1
    outer loop
      vertex 0.7519295518655005 -19.9852340001396 40.5
      vertex 0 -16.5 40.5
      vertex 0.6477869600246321 -16.48727909797193 40.5
    endloop
  endfacet
  facet normal 0 0 -1
    outer loop
      vertex 0.6477869600246321 -16.48727909797193 40.5
      vertex 1.2945750795094415 -16.44913600659661 40.5
      vertex 1.5691819145568988 -19.938346674662558 40.5
    endloop
  endfacet
  facet normal 0 0 -1
    outer loop
      vertex 1.2945750795094415 -16.44913600659661 40.5
      vertex 2.350747949156753 -19.861369139098525 40.5
      vertex 1.5691819145568988 -19.938346674662558 40.5
    endloop
  endfacet
  facet normal 0 0 -1
    outer loop
      vertex 1.2945750795094415 -16.44913600659661 40.5
      vertex 1.9393670580543212 -16.385629539756284 40.5
      vertex 2.350747949156753 -19.861369139098525 40.5
    endloop
  endfacet
  facet normal 0 0 -1
    outer loop
      vertex 1.9393670580543212 -16.385629539756284 40.5
      vertex 2.5811686731638095 -16.29685761981977 40.5
      vertex 2.350747949156753 -19.861369139098525 40.5
    endloop
  endfacet
  facet normal 0 0 -1
    outer loop
      vertex 3.1286893008046173 -19.753766811902757 40.5
      vertex 2.350747949156753 -19.861369139098525 40.5
      vertex 2.5811686731638095 -16.29685761981977 40.5
    endloop
  endfacet
  facet normal 0 0 -1
    outer loop
      vertex 3.1286893008046173 -19.753766811902757 40.5
      vertex 2.5811686731638095 -16.29685761981977 40.5
      vertex 3.901806440322565 -19.61570560806461 40.5
    endloop
  endfacet
  facet normal 0 0 -1
    outer loop
      vertex 3.218990313266116 -16.182957126653303 40.5
      vertex 4.668907277118108 -19.447398407953532 40.5
      vertex 3.901806440322565 -19.61570560806461 40.5
    endloop
  endfacet
  facet normal 0 0 -1
    outer loop
      vertex 3.851848503622439 -16.044103686561662 40.5
      vertex 5.428808997301485 -19.249104729072947 40.5
      vertex 4.668907277118108 -19.447398407953532 40.5
    endloop
  endfacet
  facet normal 0 0 -1
    outer loop
      vertex 2.5811686731638095 -16.29685761981977 40.5
      vertex 3.218990313266116 -16.182957126653303 40.5
      vertex 3.901806440322565 -19.61570560806461 40.5
    endloop
  endfacet
  facet normal 0 0 -1
    outer loop
      vertex 3.218990313266116 -16.182957126653303 40.5
      vertex 3.851848503622439 -16.044103686561662 40.5
      vertex 4.668907277118108 -19.447398407953532 40.5
    endloop
  endfacet
  facet normal 0 0 -1
    outer loop
      vertex 3.851848503622439 -16.044103686561662 40.5
      vertex 4.478767422773726 -15.88051140148518 40.5
      vertex 5.428808997301485 -19.249104729072947 40.5
    endloop
  endfacet
  facet normal 0 0 -1
    outer loop
      vertex 5.65 -9.786087062764157 40.5
      vertex 4.653064049080383 -13.144602681800444 40.5
      vertex 4.552351353488669 -12.91435432869748 40.5
    endloop
  endfacet
  facet normal 0 0 -1
    outer loop
      vertex 5.65 -9.786087062764157 40.5
      vertex 4.460755811657005 -12.680329526856859 40.5
      vertex 4.378418657271921 -12.44288912556057 40.5
    endloop
  endfacet
  facet normal 0 0 -1
    outer loop
      vertex 5.65 -9.786087062764157 40.5
      vertex 4.552351353488669 -12.91435432869748 40.5
      vertex 4.460755811657005 -12.680329526856859 40.5
    endloop
  endfacet
  facet normal 0 0 -1
    outer loop
      vertex 5.65 -9.786087062764157 40.5
      vertex 4.378418657271921 -12.44288912556057 40.5
      vertex 4.305466848257561 -12.20239924069738 40.5
    endloop
  endfacet
  facet normal 0 0 -1
    outer loop
      vertex 5.65 -9.786087062764157 40.5
      vertex 4.305466848257561 -12.20239924069738 40.5
      vertex 4.242012871015773 -11.959230690238698 40.5
    endloop
  endfacet
  facet normal 0 0 -1
    outer loop
      vertex 5.65 -9.786087062764157 40.5
      vertex 4.188154566980229 -11.713758422464126 40.5
      vertex 4.143974981752022 -11.466360937818383 40.5
    endloop
  endfacet
  facet normal 0 0 -1
    outer loop
      vertex 5.65 -9.786087062764157 40.5
      vertex 4.143974981752022 -11.466360937818383 40.5
      vertex 4.109542237049375 -11.217419705291066 40.5
    endloop
  endfacet
  facet normal 0 0 -1
    outer loop
      vertex 5.65 -9.786087062764157 40.5
      vertex 4.109542237049375 -11.217419705291066 40.5
      vertex 4.084909425668885 -10.967318574219112 40.5
    endloop
  endfacet
  facet normal 0 0 -1
    outer loop
      vertex 5.65 -9.786087062764157 40.5
      vertex 4.242012871015773 -11.959230690238698 40.5
      vertex 4.188154566980229 -11.713758422464126 40.5
    endloop
  endfacet
  facet normal 0 0 -1
    outer loop
      vertex 5.65 -9.786087062764157 40.5
      vertex 4.084909425668885 -10.967318574219112 40.5
      vertex 4.070114529620277 -10.716443182418944 40.5
    endloop
  endfacet
  facet normal 0 0 -1
    outer loop
      vertex 5.65 -9.786087062764157 40.5
      vertex 4.070114529620277 -10.716443182418944 40.5
      vertex 4.06569651419153 -10.491464420880392 40.5
    endloop
  endfacet
  facet normal 0 0 -1
    outer loop
      vertex 4.478767422773726 -15.88051140148518 40.5
      vertex 6.180339887498948 -19.02113032590307 40.5
      vertex 5.428808997301485 -19.249104729072947 40.5
    endloop
  endfacet
  facet normal 0 0 -1
    outer loop
      vertex 5.098780407186632 -15.692432518870033 40.5
      vertex 6.922341141549859 -18.763826718449682 40.5
      vertex 6.180339887498948 -19.02113032590307 40.5
    endloop
  endfacet
  facet normal 0 0 -1
    outer loop
      vertex 4.478767422773726 -15.88051140148518 40.5
      vertex 5.098780407186632 -15.692432518870033 40.5
      vertex 6.180339887498948 -19.02113032590307 40.5
    endloop
  endfacet
  facet normal 0 0 -1
    outer loop
      vertex 5.098780407186632 -15.692432518870033 40.5
      vertex 5.710931441778634 -15.480157042720988 40.5
      vertex 6.922341141549859 -18.763826718449682 40.5
    endloop
  endfacet
  facet normal 0 0 -1
    outer loop
      vertex 5.710931441778634 -15.480157042720988 40.5
      vertex 6.241847494573982 -15.272360505172644 40.5
      vertex 6.922341141549859 -18.763826718449682 40.5
    endloop
  endfacet
  facet normal 0 0 -1
    outer loop
      vertex 6.922341141549859 -18.763826718449682 40.5
      vertex 7.778174593052023 -13.152186130069785 40.5
      vertex 7.653668647301796 -18.477590650225736 40.5
    endloop
  endfacet
  facet normal 0 0 -1
    outer loop
      vertex 6.241847494573982 -15.272360505172644 40.5
      vertex 7.079355569645108 -12.190344260571182 40.5
      vertex 6.922341141549859 -18.763826718449682 40.5
    endloop
  endfacet
  facet normal 0 0 -1
    outer loop
      vertex 7.653668647301796 -18.477590650225736 40.5
      vertex 8.112623354183533 -13.449384698907735 40.5
      vertex 8.373194750748562 -18.162863476501624 40.5
    endloop
  endfacet
  facet normal 0 0 -1
    outer loop
      vertex 9.079809994790935 -17.820130483767358 40.5
      vertex 8.373194750748562 -18.162863476501624 40.5
      vertex 8.608419643872475 -13.780665188437533 40.5
    endloop
  endfacet
  facet normal 0 0 -1
    outer loop
      vertex 7.653668647301796 -18.477590650225736 40.5
      vertex 7.885737528535726 -13.25560589741651 40.5
      vertex 7.997277777906207 -13.354723030841024 40.5
    endloop
  endfacet
  facet normal 0 0 -1
    outer loop
      vertex 7.653668647301796 -18.477590650225736 40.5
      vertex 7.997277777906207 -13.354723030841024 40.5
      vertex 8.112623354183533 -13.449384698907735 40.5
    endloop
  endfacet
  facet normal 0 0 -1
    outer loop
      vertex 8.373194750748562 -18.162863476501624 40.5
      vertex 8.112623354183533 -13.449384698907735 40.5
      vertex 8.231596402849506 -13.539444940185705 40.5
    endloop
  endfacet
  facet normal 0 0 -1
    outer loop
      vertex 8.373194750748562 -18.162863476501624 40.5
      vertex 8.354013476086415 -13.624764888310576 40.5
      vertex 8.479685815640298 -13.705212986106456 40.5
    endloop
  endfacet
  facet normal 0 0 -1
    outer loop
      vertex 8.373194750748562 -18.162863476501624 40.5
      vertex 8.231596402849506 -13.539444940185705 40.5
      vertex 8.354013476086415 -13.624764888310576 40.5
    endloop
  endfacet
  facet normal 0 0 -1
    outer loop
      vertex 8.373194750748562 -18.162863476501624 40.5
      vertex 8.479685815640298 -13.705212986106456 40.5
      vertex 8.608419643872475 -13.780665188437533 40.5
    endloop
  endfacet
  facet normal 0 0 -1
    outer loop
      vertex 9.772424829939098 -17.449920141455944 40.5
      vertex 9.079809994790935 -17.820130483767358 40.5
      vertex 9.010983318573565 -13.975922585103795 40.5
    endloop
  endfacet
  facet normal 0 0 -1
    outer loop
      vertex 9.079809994790935 -17.820130483767358 40.5
      vertex 8.608419643872475 -13.780665188437533 40.5
      vertex 8.740016462550628 -13.851005153476702 40.5
    endloop
  endfacet
  facet normal 0 0 -1
    outer loop
      vertex 9.079809994790935 -17.820130483767358 40.5
      vertex 8.740016462550628 -13.851005153476702 40.5
      vertex 8.874273358918678 -13.916124422096214 40.5
    endloop
  endfacet
  facet normal 0 0 -1
    outer loop
      vertex 9.079809994790935 -17.820130483767358 40.5
      vertex 8.874273358918678 -13.916124422096214 40.5
      vertex 9.010983318573565 -13.975922585103795 40.5
    endloop
  endfacet
  facet normal 0 0 -1
    outer loop
      vertex 10.449971294318976 -17.052803287081844 40.5
      vertex 9.772424829939098 -17.449920141455944 40.5
      vertex 9.010983318573565 -13.975922585103795 40.5
    endloop
  endfacet
  facet normal 0 0 -1
    outer loop
      vertex 9.14993554466643 -14.030307438066345 40.5
      vertex 10.449971294318976 -17.052803287081844 40.5
      vertex 9.010983318573565 -13.975922585103795 40.5
    endloop
  endfacet
  facet normal 0 0 -1
    outer loop
      vertex 9.290915782936104 -14.079195123482489 40.5
      vertex 10.449971294318976 -17.052803287081844 40.5
      vertex 9.14993554466643 -14.030307438066345 40.5
    endloop
  endfacet
  facet normal 0 0 -1
    outer loop
      vertex 9.43370665207362 -14.122510260084763 40.5
      vertex 10.449971294318976 -17.052803287081844 40.5
      vertex 9.290915782936104 -14.079195123482489 40.5
    endloop
  endfacet
  facet normal 0 0 -1
    outer loop
      vertex 9.578087978908464 -14.160186059072075 40.5
      vertex 10.449971294318976 -17.052803287081844 40.5
      vertex 9.43370665207362 -14.122510260084763 40.5
    endloop
  endfacet
  facet normal 0 0 -1
    outer loop
      vertex 9.723837137899617 -14.19216442709318 40.5
      vertex 10.449971294318976 -17.052803287081844 40.5
      vertex 9.578087978908464 -14.160186059072075 40.5
    endloop
  endfacet
  facet normal 0 0 -1
    outer loop
      vertex 5.65 -9.786087062764157 40.5
      vertex 5.143774842824614 -14.02082985288636 40.5
      vertex 5.008283309694715 -13.809171175742978 40.5
    endloop
  endfacet
  facet normal 0 0 -1
    outer loop
      vertex 5.65 -9.786087062764157 40.5
      vertex 5.4391520039241374 -14.427381637143844 40.5
      vertex 5.287471597561241 -14.227005976232734 40.5
    endloop
  endfacet
  facet normal 0 0 -1
    outer loop
      vertex 5.65 -9.786087062764157 40.5
      vertex 5.5985821817207055 -14.621647870874082 40.5
      vertex 5.4391520039241374 -14.427381637143844 40.5
    endloop
  endfacet
  facet normal 0 0 -1
    outer loop
      vertex 5.65 -9.786087062764157 40.5
      vertex 5.287471597561241 -14.227005976232734 40.5
      vertex 5.143774842824614 -14.02082985288636 40.5
    endloop
  endfacet
  facet normal 0 0 -1
    outer loop
      vertex 5.65 -9.786087062764157 40.5
      vertex 6.120855590150076 -15.164844421949294 40.5
      vertex 5.939696961966999 -14.99066376115481 40.5
    endloop
  endfacet
  facet normal 0 0 -1
    outer loop
      vertex 5.65 -9.786087062764157 40.5
      vertex 5.939696961966999 -14.99066376115481 40.5
      vertex 5.765516301172515 -14.809505132971733 40.5
    endloop
  endfacet
  facet normal 0 0 -1
    outer loop
      vertex 5.65 -9.786087062764157 40.5
      vertex 5.765516301172515 -14.809505132971733 40.5
      vertex 5.5985821817207055 -14.621647870874082 40.5
    endloop
  endfacet
  facet normal 0 0 -1
    outer loop
      vertex 6.241847494573982 -15.272360505172644 40.5
      vertex 6.120855590150076 -15.164844421949294 40.5
      vertex 7.079355569645108 -12.190344260571182 40.5
    endloop
  endfacet
  facet normal 0 0 -1
    outer loop
      vertex 7.305595834811232 -12.576347247035393 40.5
      vertex 6.922341141549859 -18.763826718449682 40.5
      vertex 7.225147737015354 -12.45067490748151 40.5
    endloop
  endfacet
  facet normal 0 0 -1
    outer loop
      vertex 7.225147737015354 -12.45067490748151 40.5
      vertex 6.922341141549859 -18.763826718449682 40.5
      vertex 7.149695534684275 -12.321941079249333 40.5
    endloop
  endfacet
  facet normal 0 0 -1
    outer loop
      vertex 7.149695534684275 -12.321941079249333 40.5
      vertex 6.922341141549859 -18.763826718449682 40.5
      vertex 7.079355569645108 -12.190344260571182 40.5
    endloop
  endfacet
  facet normal 0 0 -1
    outer loop
      vertex 6.922341141549859 -18.763826718449682 40.5
      vertex 7.4809760242140735 -12.817737368938275 40.5
      vertex 7.575637692280786 -12.933082945215602 40.5
    endloop
  endfacet
  facet normal 0 0 -1
    outer loop
      vertex 7.390915782936105 -12.698764320272304 40.5
      vertex 6.922341141549859 -18.763826718449682 40.5
      vertex 7.305595834811232 -12.576347247035393 40.5
    endloop
  endfacet
  facet normal 0 0 -1
    outer loop
      vertex 7.4809760242140735 -12.817737368938275 40.5
      vertex 6.922341141549859 -18.763826718449682 40.5
      vertex 7.390915782936105 -12.698764320272304 40.5
    endloop
  endfacet
  facet normal 0 0 -1
    outer loop
      vertex 6.922341141549859 -18.763826718449682 40.5
      vertex 7.575637692280786 -12.933082945215602 40.5
      vertex 7.6747548257053 -13.044623194586084 40.5
    endloop
  endfacet
  facet normal 0 0 -1
    outer loop
      vertex 6.922341141549859 -18.763826718449682 40.5
      vertex 7.6747548257053 -13.044623194586084 40.5
      vertex 7.778174593052023 -13.152186130069785 40.5
    endloop
  endfacet
  facet normal 0 0 -1
    outer loop
      vertex 7.079355569645108 -12.190344260571182 40.5
      vertex 6.120855590150076 -15.164844421949294 40.5
      vertex 7.014236301025596 -12.056087364203131 40.5
    endloop
  endfacet
  facet normal 0 0 -1
    outer loop
      vertex 6.770174664049733 -11.352272744213344 40.5
      vertex 6.120855590150076 -15.164844421949294 40.5
      vertex 6.738196296028628 -11.206523585222191 40.5
    endloop
  endfacet
  facet normal 0 0 -1
    outer loop
      vertex 7.014236301025596 -12.056087364203131 40.5
      vertex 6.120855590150076 -15.164844421949294 40.5
      vertex 6.954438138018016 -11.919377404548246 40.5
    endloop
  endfacet
  facet normal 0 0 -1
    outer loop
      vertex 6.900053285055464 -11.780425178455378 40.5
      vertex 6.120855590150076 -15.164844421949294 40.5
      vertex 6.8511655996393195 -11.639444940185705 40.5
    endloop
  endfacet
  facet normal 0 0 -1
    outer loop
      vertex 6.954438138018016 -11.919377404548246 40.5
      vertex 6.120855590150076 -15.164844421949294 40.5
      vertex 6.900053285055464 -11.780425178455378 40.5
    endloop
  endfacet
  facet normal 0 0 -1
    outer loop
      vertex 6.8511655996393195 -11.639444940185705 40.5
      vertex 6.120855590150076 -15.164844421949294 40.5
      vertex 6.807850463037045 -11.496654071048187 40.5
    endloop
  endfacet
  facet normal 0 0 -1
    outer loop
      vertex 6.807850463037045 -11.496654071048187 40.5
      vertex 6.120855590150076 -15.164844421949294 40.5
      vertex 6.770174664049733 -11.352272744213344 40.5
    endloop
  endfacet
  facet normal 0 0 -1
    outer loop
      vertex 5.65 -9.786087062764157 40.5
      vertex 4.881205916295001 -13.592356307141415 40.5
      vertex 4.7627386067553505 -13.370719559894004 40.5
    endloop
  endfacet
  facet normal 0 0 -1
    outer loop
      vertex 5.65 -9.786087062764157 40.5
      vertex 5.008283309694715 -13.809171175742978 40.5
      vertex 4.881205916295001 -13.592356307141415 40.5
    endloop
  endfacet
  facet normal 0 0 -1
    outer loop
      vertex 5.65 -9.786087062764157 40.5
      vertex 4.7627386067553505 -13.370719559894004 40.5
      vertex 4.653064049080383 -13.144602681800444 40.5
    endloop
  endfacet
  facet normal 0 0 -1
    outer loop
      vertex 5.65 -9.786087062764157 40.5
      vertex 6.676894493375018 -10.763324925326716 40.5
      vertex 6.120855590150076 -15.164844421949294 40.5
    endloop
  endfacet
  facet normal 0 0 -1
    outer loop
      vertex 6.738196296028628 -11.206523585222191 40.5
      vertex 6.120855590150076 -15.164844421949294 40.5
      vertex 6.711964667299382 -11.059631328713783 40.5
    endloop
  endfacet
  facet normal 0 0 -1
    outer loop
      vertex 6.711964667299382 -11.059631328713783 40.5
      vertex 6.120855590150076 -15.164844421949294 40.5
      vertex 6.691520225132185 -10.911822471900688 40.5
    endloop
  endfacet
  facet normal 0 0 -1
    outer loop
      vertex 6.691520225132185 -10.911822471900688 40.5
      vertex 6.120855590150076 -15.164844421949294 40.5
      vertex 6.676894493375018 -10.763324925326716 40.5
    endloop
  endfacet
  facet normal 0 0 -1
    outer loop
      vertex 5.65 -9.786087062764157 40.5
      vertex 6.668110023846158 -10.614367661445367 40.5
      vertex 6.676894493375018 -10.763324925326716 40.5
    endloop
  endfacet
  facet normal 0 0 -1
    outer loop
      vertex 5.65 -9.786087062764157 40.5
      vertex 6.665180361560903 -10.465180361560904 40.5
      vertex 6.668110023846158 -10.614367661445367 40.5
    endloop
  endfacet
  facet normal 0 0 -1
    outer loop
      vertex 5.65 -9.786087062764157 40.5
      vertex 6.6681100238461575 -10.315993061676444 40.5
      vertex 6.665180361560903 -10.465180361560904 40.5
    endloop
  endfacet
  facet normal 0 0 -1
    outer loop
      vertex 5.65 -9.786087062764157 40.5
      vertex 6.676894493375017 -10.167035797795092 40.5
      vertex 6.6681100238461575 -10.315993061676444 40.5
    endloop
  endfacet
  facet normal 0 0 -1
    outer loop
      vertex 7.653668647301796 -18.477590650225736 40.5
      vertex 7.778174593052023 -13.152186130069785 40.5
      vertex 7.885737528535726 -13.25560589741651 40.5
    endloop
  endfacet
  facet normal 0 0 -1
    outer loop
      vertex 5.65 -9.786087062764157 40.5
      vertex 6.691520225132184 -10.01853825122112 40.5
      vertex 6.676894493375017 -10.167035797795092 40.5
    endloop
  endfacet
  facet normal 0 0 -1
    outer loop
      vertex 5.65 -9.786087062764157 40.5
      vertex 6.711964667299382 -9.870729394408029 40.5
      vertex 6.691520225132184 -10.01853825122112 40.5
    endloop
  endfacet
  facet normal 0 0 -1
    outer loop
      vertex 5.65 -9.786087062764157 40.5
      vertex 6.738196296028628 -9.723837137899617 40.5
      vertex 6.711964667299382 -9.870729394408029 40.5
    endloop
  endfacet
  facet normal 0 0 -1
    outer loop
      vertex 5.65 -9.786087062764157 40.5
      vertex 6.770174664049733 -9.578087978908464 40.5
      vertex 6.738196296028628 -9.723837137899617 40.5
    endloop
  endfacet
  facet normal 0 0 -1
    outer loop
      vertex 5.65 -9.786087062764157 40.5
      vertex 6.807850463037044 -9.433706652073623 40.5
      vertex 6.770174664049733 -9.578087978908464 40.5
    endloop
  endfacet
  facet normal 0 0 -1
    outer loop
      vertex 5.65 -9.786087062764157 40.5
      vertex 6.8511655996393195 -9.290915782936104 40.5
      vertex 6.807850463037044 -9.433706652073623 40.5
    endloop
  endfacet
  facet normal 0 0 -1
    outer loop
      vertex 5.65 -9.786087062764157 40.5
      vertex 6.900053285055465 -9.149935544666432 40.5
      vertex 6.8511655996393195 -9.290915782936104 40.5
    endloop
  endfacet
  facet normal 0 0 -1
    outer loop
      vertex 5.65 -9.786087062764157 40.5
      vertex 6.9544381380180145 -9.010983318573563 40.5
      vertex 6.900053285055465 -9.149935544666432 40.5
    endloop
  endfacet
  facet normal 0 0 -1
    outer loop
      vertex 5.65 -9.786087062764157 40.5
      vertex 7.014236301025595 -8.874273358918677 40.5
      vertex 6.9544381380180145 -9.010983318573563 40.5
    endloop
  endfacet
  facet normal 0 0 -1
    outer loop
      vertex 5.65 -9.786087062764157 40.5
      vertex 7.073676129014438 -8.751725808929121 40.5
      vertex 7.014236301025595 -8.874273358918677 40.5
    endloop
  endfacet
  facet normal 0 0 -1
    outer loop
      vertex 9.141892036436907 -6.641973350904947 40.5
      vertex 8.874273358918677 -7.014236301025595 40.5
      vertex 8.75431656147597 -7.072419523837431 40.5
    endloop
  endfacet
  facet normal 0 0 -1
    outer loop
      vertex 9.141892036436907 -6.641973350904947 40.5
      vertex 9.010983318573563 -6.9544381380180145 40.5
      vertex 8.874273358918677 -7.014236301025595 40.5
    endloop
  endfacet
  facet normal 0 0 -1
    outer loop
      vertex 9.141892036436907 -6.641973350904947 40.5
      vertex 9.149935544666432 -6.900053285055465 40.5
      vertex 9.010983318573563 -6.9544381380180145 40.5
    endloop
  endfacet
  facet normal 0 0 -1
    outer loop
      vertex 9.141892036436907 -6.641973350904947 40.5
      vertex 9.290915782936104 -6.8511655996393195 40.5
      vertex 9.149935544666432 -6.900053285055465 40.5
    endloop
  endfacet
  facet normal 0 0 -1
    outer loop
      vertex 9.141892036436907 -6.641973350904947 40.5
      vertex 9.433706652073623 -6.807850463037044 40.5
      vertex 9.290915782936104 -6.8511655996393195 40.5
    endloop
  endfacet
  facet normal 0 0 -1
    outer loop
      vertex 9.141892036436907 -6.641973350904947 40.5
      vertex 10.32306367136139 -4.596124066756543 40.5
      vertex 9.433706652073623 -6.807850463037044 40.5
    endloop
  endfacet
  facet normal 0 0 -1
    outer loop
      vertex 10.32306367136139 -4.596124066756543 40.5
      vertex 9.578087978908464 -6.770174664049733 40.5
      vertex 9.433706652073623 -6.807850463037044 40.5
    endloop
  endfacet
  facet normal 0 0 -1
    outer loop
      vertex 10.32306367136139 -4.596124066756543 40.5
      vertex 9.723837137899617 -6.738196296028628 40.5
      vertex 9.578087978908464 -6.770174664049733 40.5
    endloop
  endfacet
  facet normal 0 0 -1
    outer loop
      vertex 10.32306367136139 -4.596124066756543 40.5
      vertex 9.870729394408029 -6.711964667299382 40.5
      vertex 9.723837137899617 -6.738196296028628 40.5
    endloop
  endfacet
  facet normal 0 0 -1
    outer loop
      vertex 11.111404660392047 -16.629392246050905 40.5
      vertex 10.449971294318976 -17.052803287081844 40.5
      vertex 10.01853825122112 -14.238840497989624 40.5
    endloop
  endfacet
  facet normal 0 0 -1
    outer loop
      vertex 9.870729394408025 -14.218396055822426 40.5
      vertex 10.449971294318976 -17.052803287081844 40.5
      vertex 9.723837137899617 -14.19216442709318 40.5
    endloop
  endfacet
  facet normal 0 0 -1
    outer loop
      vertex 10.01853825122112 -14.238840497989624 40.5
      vertex 10.449971294318976 -17.052803287081844 40.5
      vertex 9.870729394408025 -14.218396055822426 40.5
    endloop
  endfacet
  facet normal 0 0 -1
    outer loop
      vertex 11.111404660392047 -16.629392246050905 40.5
      vertex 10.01853825122112 -14.238840497989624 40.5
      vertex 10.167035797795094 -14.253466229746792 40.5
    endloop
  endfacet
  facet normal 0 0 -1
    outer loop
      vertex 11.111404660392047 -16.629392246050905 40.5
      vertex 10.167035797795094 -14.253466229746792 40.5
      vertex 10.315993061676444 -14.262250699275654 40.5
    endloop
  endfacet
  facet normal 0 0 -1
    outer loop
      vertex 11.111404660392047 -16.629392246050905 40.5
      vertex 10.465180361560902 -14.265180361560903 40.5
      vertex 11.755705045849467 -16.180339887498953 40.5
    endloop
  endfacet
  facet normal 0 0 -1
    outer loop
      vertex 11.111404660392047 -16.629392246050905 40.5
      vertex 10.315993061676444 -14.262250699275654 40.5
      vertex 10.465180361560902 -14.265180361560903 40.5
    endloop
  endfacet
  facet normal 0 0 -1
    outer loop
      vertex 12.38187898619668 -15.706338617614898 40.5
      vertex 11.755705045849467 -16.180339887498953 40.5
      vertex 11.059631328713781 -14.218396055822428 40.5
    endloop
  endfacet
  facet normal 0 0 -1
    outer loop
      vertex 12.988960966603674 -15.208119312000619 40.5
      vertex 12.38187898619668 -15.706338617614898 40.5
      vertex 11.639444940185705 -14.079195123482489 40.5
    endloop
  endfacet
  facet normal 0 0 -1
    outer loop
      vertex 11.755705045849467 -16.180339887498953 40.5
      vertex 10.465180361560902 -14.265180361560903 40.5
      vertex 10.614367661445364 -14.26225069927565 40.5
    endloop
  endfacet
  facet normal 0 0 -1
    outer loop
      vertex 11.755705045849467 -16.180339887498953 40.5
      vertex 10.614367661445364 -14.26225069927565 40.5
      vertex 10.763324925326716 -14.25346622974679 40.5
    endloop
  endfacet
  facet normal 0 0 -1
    outer loop
      vertex 11.755705045849467 -16.180339887498953 40.5
      vertex 10.763324925326716 -14.25346622974679 40.5
      vertex 10.911822471900688 -14.238840497989624 40.5
    endloop
  endfacet
  facet normal 0 0 -1
    outer loop
      vertex 11.755705045849467 -16.180339887498953 40.5
      vertex 10.911822471900688 -14.238840497989624 40.5
      vertex 11.059631328713781 -14.218396055822428 40.5
    endloop
  endfacet
  facet normal 0 0 -1
    outer loop
      vertex 12.38187898619668 -15.706338617614898 40.5
      vertex 11.059631328713781 -14.218396055822428 40.5
      vertex 11.206523585222191 -14.19216442709318 40.5
    endloop
  endfacet
  facet normal 0 0 -1
    outer loop
      vertex 12.38187898619668 -15.706338617614898 40.5
      vertex 11.206523585222191 -14.19216442709318 40.5
      vertex 11.352272744213344 -14.160186059072075 40.5
    endloop
  endfacet
  facet normal 0 0 -1
    outer loop
      vertex 12.38187898619668 -15.706338617614898 40.5
      vertex 11.352272744213344 -14.160186059072075 40.5
      vertex 11.496654071048187 -14.122510260084766 40.5
    endloop
  endfacet
  facet normal 0 0 -1
    outer loop
      vertex 12.38187898619668 -15.706338617614898 40.5
      vertex 11.496654071048187 -14.122510260084766 40.5
      vertex 11.639444940185705 -14.079195123482489 40.5
    endloop
  endfacet
  facet normal 0 0 -1
    outer loop
      vertex 12.988960966603674 -15.208119312000619 40.5
      vertex 11.639444940185705 -14.079195123482489 40.5
      vertex 11.780425178455378 -14.030307438066345 40.5
    endloop
  endfacet
  facet normal 0 0 -1
    outer loop
      vertex 12.988960966603674 -15.208119312000619 40.5
      vertex 11.780425178455378 -14.030307438066345 40.5
      vertex 11.919377404548245 -13.975922585103794 40.5
    endloop
  endfacet
  facet normal 0 0 -1
    outer loop
      vertex 12.988960966603674 -15.208119312000619 40.5
      vertex 11.919377404548245 -13.975922585103794 40.5
      vertex 12.056087364203133 -13.916124422096214 40.5
    endloop
  endfacet
  facet normal 0 0 -1
    outer loop
      vertex 12.988960966603674 -15.208119312000619 40.5
      vertex 12.056087364203133 -13.916124422096214 40.5
      vertex 12.190344260571184 -13.851005153476702 40.5
    endloop
  endfacet
  facet normal 0 0 -1
    outer loop
      vertex 12.988960966603674 -15.208119312000619 40.5
      vertex 12.190344260571184 -13.851005153476702 40.5
      vertex 13.576014910658834 -14.68645018871371 40.5
    endloop
  endfacet
  facet normal 0 0 -1
    outer loop
      vertex 12.321941079249333 -13.780665188437533 40.5
      vertex 13.576014910658834 -14.68645018871371 40.5
      vertex 12.190344260571184 -13.851005153476702 40.5
    endloop
  endfacet
  facet normal 0 0 -1
    outer loop
      vertex 12.450674907481512 -13.705212986106455 40.5
      vertex 13.576014910658834 -14.68645018871371 40.5
      vertex 12.321941079249333 -13.780665188437533 40.5
    endloop
  endfacet
  facet normal 0 0 -1
    outer loop
      vertex 12.576347247035393 -13.624764888310576 40.5
      vertex 13.576014910658834 -14.68645018871371 40.5
      vertex 12.450674907481512 -13.705212986106455 40.5
    endloop
  endfacet
  facet normal 0 0 -1
    outer loop
      vertex 12.698764320272302 -13.539444940185705 40.5
      vertex 13.576014910658834 -14.68645018871371 40.5
      vertex 12.576347247035393 -13.624764888310576 40.5
    endloop
  endfacet
  facet normal 0 0 -1
    outer loop
      vertex 12.817737368938275 -13.449384698907735 40.5
      vertex 13.576014910658834 -14.68645018871371 40.5
      vertex 12.698764320272302 -13.539444940185705 40.5
    endloop
  endfacet
  facet normal 0 0 -1
    outer loop
      vertex 12.9330829452156 -13.35472303084102 40.5
      vertex 13.576014910658834 -14.68645018871371 40.5
      vertex 12.817737368938275 -13.449384698907735 40.5
    endloop
  endfacet
  facet normal 0 0 -1
    outer loop
      vertex 13.044623194586082 -13.25560589741651 40.5
      vertex 13.576014910658834 -14.68645018871371 40.5
      vertex 12.9330829452156 -13.35472303084102 40.5
    endloop
  endfacet
  facet normal 0 0 -1
    outer loop
      vertex 14.142135623730951 -14.142135623730951 40.5
      vertex 13.576014910658834 -14.68645018871371 40.5
      vertex 13.449384698907735 -12.817737368938275 40.5
    endloop
  endfacet
  facet normal 0 0 -1
    outer loop
      vertex 13.152186130069786 -13.152186130069786 40.5
      vertex 13.576014910658834 -14.68645018871371 40.5
      vertex 13.044623194586082 -13.25560589741651 40.5
    endloop
  endfacet
  facet normal 0 0 -1
    outer loop
      vertex 13.25560589741651 -13.044623194586082 40.5
      vertex 13.576014910658834 -14.68645018871371 40.5
      vertex 13.152186130069786 -13.152186130069786 40.5
    endloop
  endfacet
  facet normal 0 0 -1
    outer loop
      vertex 13.35472303084102 -12.9330829452156 40.5
      vertex 13.576014910658834 -14.68645018871371 40.5
      vertex 13.25560589741651 -13.044623194586082 40.5
    endloop
  endfacet
  facet normal 0 0 -1
    outer loop
      vertex 13.449384698907735 -12.817737368938275 40.5
      vertex 13.576014910658834 -14.68645018871371 40.5
      vertex 13.35472303084102 -12.9330829452156 40.5
    endloop
  endfacet
  facet normal 0 0 -1
    outer loop
      vertex 14.68645018871371 -13.576014910658834 40.5
      vertex 14.142135623730951 -14.142135623730951 40.5
      vertex 13.449384698907735 -12.817737368938275 40.5
    endloop
  endfacet
  facet normal 0 0 -1
    outer loop
      vertex 13.539444940185705 -12.698764320272302 40.5
      vertex 14.68645018871371 -13.576014910658834 40.5
      vertex 13.449384698907735 -12.817737368938275 40.5
    endloop
  endfacet
  facet normal 0 0 -1
    outer loop
      vertex 13.624764888310576 -12.576347247035393 40.5
      vertex 15.208119312000619 -12.988960966603674 40.5
      vertex 13.539444940185705 -12.698764320272302 40.5
    endloop
  endfacet
  facet normal 0 0 -1
    outer loop
      vertex 13.705212986106455 -12.450674907481512 40.5
      vertex 15.208119312000619 -12.988960966603674 40.5
      vertex 13.624764888310576 -12.576347247035393 40.5
    endloop
  endfacet
  facet normal 0 0 -1
    outer loop
      vertex 13.780665188437533 -12.321941079249333 40.5
      vertex 15.208119312000619 -12.988960966603674 40.5
      vertex 13.705212986106455 -12.450674907481512 40.5
    endloop
  endfacet
  facet normal 0 0 -1
    outer loop
      vertex 13.851005153476702 -12.190344260571184 40.5
      vertex 15.208119312000619 -12.988960966603674 40.5
      vertex 13.780665188437533 -12.321941079249333 40.5
    endloop
  endfacet
  facet normal 0 0 -1
    outer loop
      vertex 13.539444940185705 -12.698764320272302 40.5
      vertex 15.208119312000619 -12.988960966603674 40.5
      vertex 14.68645018871371 -13.576014910658834 40.5
    endloop
  endfacet
  facet normal 0 0 -1
    outer loop
      vertex 13.916124422096214 -12.056087364203133 40.5
      vertex 15.208119312000619 -12.988960966603674 40.5
      vertex 13.851005153476702 -12.190344260571184 40.5
    endloop
  endfacet
  facet normal 0 0 -1
    outer loop
      vertex 13.975922585103794 -11.919377404548245 40.5
      vertex 15.706338617614898 -12.38187898619668 40.5
      vertex 13.916124422096214 -12.056087364203133 40.5
    endloop
  endfacet
  facet normal 0 0 -1
    outer loop
      vertex 14.030307438066345 -11.780425178455378 40.5
      vertex 15.706338617614898 -12.38187898619668 40.5
      vertex 13.975922585103794 -11.919377404548245 40.5
    endloop
  endfacet
  facet normal 0 0 -1
    outer loop
      vertex 14.079195123482489 -11.639444940185705 40.5
      vertex 15.706338617614898 -12.38187898619668 40.5
      vertex 14.030307438066345 -11.780425178455378 40.5
    endloop
  endfacet
  facet normal 0 0 -1
    outer loop
      vertex 13.916124422096214 -12.056087364203133 40.5
      vertex 15.706338617614898 -12.38187898619668 40.5
      vertex 15.208119312000619 -12.988960966603674 40.5
    endloop
  endfacet
  facet normal 0 0 -1
    outer loop
      vertex 14.122510260084766 -11.496654071048187 40.5
      vertex 15.706338617614898 -12.38187898619668 40.5
      vertex 14.079195123482489 -11.639444940185705 40.5
    endloop
  endfacet
  facet normal 0 0 -1
    outer loop
      vertex 14.160186059072075 -11.352272744213344 40.5
      vertex 16.180339887498953 -11.755705045849465 40.5
      vertex 14.122510260084766 -11.496654071048187 40.5
    endloop
  endfacet
  facet normal 0 0 -1
    outer loop
      vertex 14.19216442709318 -11.206523585222191 40.5
      vertex 16.180339887498953 -11.755705045849465 40.5
      vertex 14.160186059072075 -11.352272744213344 40.5
    endloop
  endfacet
  facet normal 0 0 -1
    outer loop
      vertex 14.218396055822428 -11.059631328713781 40.5
      vertex 16.180339887498953 -11.755705045849465 40.5
      vertex 14.19216442709318 -11.206523585222191 40.5
    endloop
  endfacet
  facet normal 0 0 -1
    outer loop
      vertex 14.238840497989624 -10.911822471900688 40.5
      vertex 16.180339887498953 -11.755705045849465 40.5
      vertex 14.218396055822428 -11.059631328713781 40.5
    endloop
  endfacet
  facet normal 0 0 -1
    outer loop
      vertex 14.122510260084763 -9.43370665207362 40.5
      vertex 16.629392246050905 -11.111404660392047 40.5
      vertex 14.160186059072075 -9.578087978908464 40.5
    endloop
  endfacet
  facet normal 0 0 -1
    outer loop
      vertex 14.122510260084766 -11.496654071048187 40.5
      vertex 16.180339887498953 -11.755705045849465 40.5
      vertex 15.706338617614898 -12.38187898619668 40.5
    endloop
  endfacet
  facet normal 0 0 -1
    outer loop
      vertex 14.238840497989624 -10.911822471900688 40.5
      vertex 16.629392246050905 -11.111404660392047 40.5
      vertex 16.180339887498953 -11.755705045849465 40.5
    endloop
  endfacet
  facet normal 0 0 -1
    outer loop
      vertex 14.25346622974679 -10.763324925326716 40.5
      vertex 16.629392246050905 -11.111404660392047 40.5
      vertex 14.238840497989624 -10.911822471900688 40.5
    endloop
  endfacet
  facet normal 0 0 -1
    outer loop
      vertex 14.26225069927565 -10.614367661445364 40.5
      vertex 16.629392246050905 -11.111404660392047 40.5
      vertex 14.25346622974679 -10.763324925326716 40.5
    endloop
  endfacet
  facet normal 0 0 -1
    outer loop
      vertex 14.265180361560903 -10.465180361560902 40.5
      vertex 16.629392246050905 -11.111404660392047 40.5
      vertex 14.26225069927565 -10.614367661445364 40.5
    endloop
  endfacet
  facet normal 0 0 -1
    outer loop
      vertex 14.262250699275654 -10.315993061676444 40.5
      vertex 16.629392246050905 -11.111404660392047 40.5
      vertex 14.265180361560903 -10.465180361560902 40.5
    endloop
  endfacet
  facet normal 0 0 -1
    outer loop
      vertex 14.253466229746792 -10.167035797795094 40.5
      vertex 16.629392246050905 -11.111404660392047 40.5
      vertex 14.262250699275654 -10.315993061676444 40.5
    endloop
  endfacet
  facet normal 0 0 -1
    outer loop
      vertex 14.238840497989624 -10.01853825122112 40.5
      vertex 16.629392246050905 -11.111404660392047 40.5
      vertex 14.253466229746792 -10.167035797795094 40.5
    endloop
  endfacet
  facet normal 0 0 -1
    outer loop
      vertex 14.218396055822426 -9.870729394408025 40.5
      vertex 16.629392246050905 -11.111404660392047 40.5
      vertex 14.238840497989624 -10.01853825122112 40.5
    endloop
  endfacet
  facet normal 0 0 -1
    outer loop
      vertex 14.19216442709318 -9.723837137899617 40.5
      vertex 16.629392246050905 -11.111404660392047 40.5
      vertex 14.218396055822426 -9.870729394408025 40.5
    endloop
  endfacet
  facet normal 0 0 -1
    outer loop
      vertex 14.160186059072075 -9.578087978908464 40.5
      vertex 16.629392246050905 -11.111404660392047 40.5
      vertex 14.19216442709318 -9.723837137899617 40.5
    endloop
  endfacet
  facet normal 0 0 -1
    outer loop
      vertex 10.32306367136139 -4.596124066756543 40.5
      vertex 10.01853825122112 -6.691520225132184 40.5
      vertex 9.870729394408029 -6.711964667299382 40.5
    endloop
  endfacet
  facet normal 0 0 -1
    outer loop
      vertex 10.32306367136139 -4.596124066756543 40.5
      vertex 10.167035797795092 -6.676894493375017 40.5
      vertex 10.01853825122112 -6.691520225132184 40.5
    endloop
  endfacet
  facet normal 0 0 -1
    outer loop
      vertex 10.32306367136139 -4.596124066756543 40.5
      vertex 10.315993061676444 -6.6681100238461575 40.5
      vertex 10.167035797795092 -6.676894493375017 40.5
    endloop
  endfacet
  facet normal 0 0 -1
    outer loop
      vertex 10.32306367136139 -4.596124066756543 40.5
      vertex 10.465180361560904 -6.665180361560903 40.5
      vertex 10.315993061676444 -6.6681100238461575 40.5
    endloop
  endfacet
  facet normal 0 0 -1
    outer loop
      vertex 10.32306367136139 -4.596124066756543 40.5
      vertex 10.614367661445367 -6.668110023846158 40.5
      vertex 10.465180361560904 -6.665180361560903 40.5
    endloop
  endfacet
  facet normal 0 0 -1
    outer loop
      vertex 10.32306367136139 -4.596124066756543 40.5
      vertex 10.763324925326716 -6.676894493375018 40.5
      vertex 10.614367661445367 -6.668110023846158 40.5
    endloop
  endfacet
  facet normal 0 0 -1
    outer loop
      vertex 10.32306367136139 -4.596124066756543 40.5
      vertex 10.911822471900688 -6.691520225132185 40.5
      vertex 10.763324925326716 -6.676894493375018 40.5
    endloop
  endfacet
  facet normal 0 0 -1
    outer loop
      vertex 10.32306367136139 -4.596124066756543 40.5
      vertex 11.059631328713783 -6.711964667299382 40.5
      vertex 10.911822471900688 -6.691520225132185 40.5
    endloop
  endfacet
  facet normal 0 0 -1
    outer loop
      vertex 10.32306367136139 -4.596124066756543 40.5
      vertex 11.206523585222191 -6.738196296028628 40.5
      vertex 11.059631328713783 -6.711964667299382 40.5
    endloop
  endfacet
  facet normal 0 0 -1
    outer loop
      vertex 10.32306367136139 -4.596124066756543 40.5
      vertex 11.352272744213344 -6.770174664049733 40.5
      vertex 11.206523585222191 -6.738196296028628 40.5
    endloop
  endfacet
  facet normal 0 0 -1
    outer loop
      vertex 10.32306367136139 -4.596124066756543 40.5
      vertex 11.496654071048187 -6.807850463037045 40.5
      vertex 11.352272744213344 -6.770174664049733 40.5
    endloop
  endfacet
  facet normal 0 0 -1
    outer loop
      vertex 10.32306367136139 -4.596124066756543 40.5
      vertex 11.639444940185705 -6.8511655996393195 40.5
      vertex 11.496654071048187 -6.807850463037045 40.5
    endloop
  endfacet
  facet normal 0 0 -1
    outer loop
      vertex 10.32306367136139 -4.596124066756543 40.5
      vertex 11.780425178455378 -6.900053285055464 40.5
      vertex 11.639444940185705 -6.8511655996393195 40.5
    endloop
  endfacet
  facet normal 0 0 -1
    outer loop
      vertex 10.32306367136139 -4.596124066756543 40.5
      vertex 11.919377404548246 -6.954438138018016 40.5
      vertex 11.780425178455378 -6.900053285055464 40.5
    endloop
  endfacet
  facet normal 0 0 -1
    outer loop
      vertex 10.32306367136139 -4.596124066756543 40.5
      vertex 12.056087364203131 -7.014236301025596 40.5
      vertex 11.919377404548246 -6.954438138018016 40.5
    endloop
  endfacet
  facet normal 0 0 -1
    outer loop
      vertex 11.053067888292006 -2.3494021062406807 40.5
      vertex 12.165836160407888 -7.067468287866209 40.5
      vertex 12.056087364203131 -7.014236301025596 40.5
    endloop
  endfacet
  facet normal 0 0 -1
    outer loop
      vertex 14.079195123482489 -9.290915782936104 40.5
      vertex 16.629392246050905 -11.111404660392047 40.5
      vertex 14.122510260084763 -9.43370665207362 40.5
    endloop
  endfacet
  facet normal 0 0 -1
    outer loop
      vertex 10.32306367136139 -4.596124066756543 40.5
      vertex 11.053067888292006 -2.3494021062406807 40.5
      vertex 12.056087364203131 -7.014236301025596 40.5
    endloop
  endfacet
  facet normal 0 0 -1
    outer loop
      vertex 11.053067888292006 -2.3494021062406807 40.5
      vertex 18.633304448274096 -0.6 40.5
      vertex 12.165836160407888 -7.067468287866209 40.5
    endloop
  endfacet
  facet normal 0 0 -1
    outer loop
      vertex 11.053067888292006 -2.3494021062406807 40.5
      vertex 11.236937458840595 -0.6 40.5
      vertex 18.633304448274096 -0.6 40.5
    endloop
  endfacet
  facet normal 0 0 -1
    outer loop
      vertex 14.079195123482489 -9.290915782936104 40.5
      vertex 19.794705503028748 -2.8327114949407757 40.5
      vertex 16.629392246050905 -11.111404660392047 40.5
    endloop
  endfacet
  facet normal 0 0 -1
    outer loop
      vertex 13.916124422096214 -8.874273358918678 40.5
      vertex 19.794705503028748 -2.8327114949407757 40.5
      vertex 13.975922585103795 -9.010983318573565 40.5
    endloop
  endfacet
  facet normal 0 0 -1
    outer loop
      vertex 14.030307438066345 -9.14993554466643 40.5
      vertex 19.794705503028748 -2.8327114949407757 40.5
      vertex 14.079195123482489 -9.290915782936104 40.5
    endloop
  endfacet
  facet normal 0 0 -1
    outer loop
      vertex 13.975922585103795 -9.010983318573565 40.5
      vertex 19.794705503028748 -2.8327114949407757 40.5
      vertex 14.030307438066345 -9.14993554466643 40.5
    endloop
  endfacet
  facet normal 0 0 -1
    outer loop
      vertex 13.916124422096214 -8.874273358918678 40.5
      vertex 13.8628924352556 -8.764524562713921 40.5
      vertex 19.794705503028748 -2.8327114949407757 40.5
    endloop
  endfacet
  facet normal 0 0 -1
    outer loop
      vertex 17.052803287081844 -10.449971294318976 40.5
      vertex 16.629392246050905 -11.111404660392047 40.5
      vertex 19.794705503028748 -2.8327114949407757 40.5
    endloop
  endfacet
  facet normal 0 0 -1
    outer loop
      vertex 17.449920141455944 -9.772424829939098 40.5
      vertex 17.052803287081844 -10.449971294318976 40.5
      vertex 19.794705503028748 -2.8327114949407757 40.5
    endloop
  endfacet
  facet normal 0 0 -1
    outer loop
      vertex 17.820130483767358 -9.079809994790935 40.5
      vertex 17.449920141455944 -9.772424829939098 40.5
      vertex 19.794705503028748 -2.8327114949407757 40.5
    endloop
  endfacet
  facet normal 0 0 -1
    outer loop
      vertex 18.162863476501624 -8.373194750748562 40.5
      vertex 17.820130483767358 -9.079809994790935 40.5
      vertex 19.794705503028748 -2.8327114949407757 40.5
    endloop
  endfacet
  facet normal 0 0 -1
    outer loop
      vertex 18.477590650225736 -7.653668647301796 40.5
      vertex 18.162863476501624 -8.373194750748562 40.5
      vertex 19.794705503028748 -2.8327114949407757 40.5
    endloop
  endfacet
  facet normal 0 0 -1
    outer loop
      vertex 18.477590650225736 -7.653668647301796 40.5
      vertex 19.794705503028748 -2.8327114949407757 40.5
      vertex 18.763826718449682 -6.922341141549859 40.5
    endloop
  endfacet
  facet normal 0 0 -1
    outer loop
      vertex 18.763826718449682 -6.922341141549859 40.5
      vertex 19.794705503028748 -2.8327114949407757 40.5
      vertex 19.02113032590307 -6.180339887498948 40.5
    endloop
  endfacet
  facet normal 0 0 -1
    outer loop
      vertex 19.02113032590307 -6.180339887498948 40.5
      vertex 19.794705503028748 -2.8327114949407757 40.5
      vertex 19.249104729072947 -5.428808997301485 40.5
    endloop
  endfacet
  facet normal 0 0 -1
    outer loop
      vertex 19.447398407953532 -4.668907277118108 40.5
      vertex 19.249104729072947 -5.428808997301485 40.5
      vertex 19.794705503028748 -2.8327114949407757 40.5
    endloop
  endfacet
  facet normal 0 0 -1
    outer loop
      vertex 19.61570560806461 -3.9018064403225647 40.5
      vertex 19.447398407953532 -4.668907277118108 40.5
      vertex 19.794705503028748 -2.8327114949407757 40.5
    endloop
  endfacet
  facet normal 0 0 -1
    outer loop
      vertex 19.61570560806461 -3.9018064403225647 40.5
      vertex 19.794705503028748 -2.8327114949407757 40.5
      vertex 19.753766811902757 -3.1286893008046173 40.5
    endloop
  endfacet
  facet normal 0 0 -1
    outer loop
      vertex 5.65 9.786087062764157 40.5
      vertex 6.9544381380180145 9.010983318573563 40.5
      vertex 7.014236301025595 8.874273358918677 40.5
    endloop
  endfacet
  facet normal 0 0 -1
    outer loop
      vertex 5.65 9.786087062764157 40.5
      vertex 6.900053285055465 9.149935544666432 40.5
      vertex 6.9544381380180145 9.010983318573563 40.5
    endloop
  endfacet
  facet normal 0 0 -1
    outer loop
      vertex 5.65 9.786087062764157 40.5
      vertex 7.014236301025595 8.874273358918677 40.5
      vertex 7.073676129014438 8.751725808929121 40.5
    endloop
  endfacet
  facet normal 0 0 -1
    outer loop
      vertex 5.65 9.786087062764157 40.5
      vertex 6.8511655996393195 9.290915782936104 40.5
      vertex 6.900053285055465 9.149935544666432 40.5
    endloop
  endfacet
  facet normal 0 0 -1
    outer loop
      vertex 5.65 9.786087062764157 40.5
      vertex 6.807850463037044 9.433706652073623 40.5
      vertex 6.8511655996393195 9.290915782936104 40.5
    endloop
  endfacet
  facet normal 0 0 -1
    outer loop
      vertex 5.65 9.786087062764157 40.5
      vertex 6.770174664049733 9.578087978908464 40.5
      vertex 6.807850463037044 9.433706652073623 40.5
    endloop
  endfacet
  facet normal 0 0 -1
    outer loop
      vertex 5.65 9.786087062764157 40.5
      vertex 6.738196296028628 9.723837137899617 40.5
      vertex 6.770174664049733 9.578087978908464 40.5
    endloop
  endfacet
  facet normal 0 0 -1
    outer loop
      vertex 5.65 9.786087062764157 40.5
      vertex 6.711964667299382 9.870729394408029 40.5
      vertex 6.738196296028628 9.723837137899617 40.5
    endloop
  endfacet
  facet normal 0 0 -1
    outer loop
      vertex 5.65 9.786087062764157 40.5
      vertex 6.691520225132184 10.01853825122112 40.5
      vertex 6.711964667299382 9.870729394408029 40.5
    endloop
  endfacet
  facet normal 0 0 -1
    outer loop
      vertex 5.65 9.786087062764157 40.5
      vertex 6.676894493375017 10.167035797795092 40.5
      vertex 6.691520225132184 10.01853825122112 40.5
    endloop
  endfacet
  facet normal 0 0 -1
    outer loop
      vertex 9.141892036436907 6.641973350904947 40.5
      vertex 9.290915782936104 6.8511655996393195 40.5
      vertex 10.32306367136139 4.596124066756543 40.5
    endloop
  endfacet
  facet normal 0 0 -1
    outer loop
      vertex 10.32306367136139 4.596124066756543 40.5
      vertex 9.290915782936104 6.8511655996393195 40.5
      vertex 9.433706652073623 6.807850463037044 40.5
    endloop
  endfacet
  facet normal 0 0 -1
    outer loop
      vertex 10.32306367136139 4.596124066756543 40.5
      vertex 9.433706652073623 6.807850463037044 40.5
      vertex 9.578087978908464 6.770174664049733 40.5
    endloop
  endfacet
  facet normal 0 0 -1
    outer loop
      vertex 10.32306367136139 4.596124066756543 40.5
      vertex 9.578087978908464 6.770174664049733 40.5
      vertex 9.723837137899617 6.738196296028628 40.5
    endloop
  endfacet
  facet normal 0 0 -1
    outer loop
      vertex 10.32306367136139 4.596124066756543 40.5
      vertex 9.723837137899617 6.738196296028628 40.5
      vertex 9.870729394408029 6.711964667299382 40.5
    endloop
  endfacet
  facet normal 0 0 -1
    outer loop
      vertex 9.141892036436907 6.641973350904947 40.5
      vertex 9.010983318573563 6.9544381380180145 40.5
      vertex 9.149935544666432 6.900053285055465 40.5
    endloop
  endfacet
  facet normal 0 0 -1
    outer loop
      vertex 9.141892036436907 6.641973350904947 40.5
      vertex 9.149935544666432 6.900053285055465 40.5
      vertex 9.290915782936104 6.8511655996393195 40.5
    endloop
  endfacet
  facet normal 0 0 -1
    outer loop
      vertex 9.141892036436907 6.641973350904947 40.5
      vertex 8.75431656147597 7.072419523837431 40.5
      vertex 8.874273358918677 7.014236301025595 40.5
    endloop
  endfacet
  facet normal 0 0 -1
    outer loop
      vertex 9.141892036436907 6.641973350904947 40.5
      vertex 8.874273358918677 7.014236301025595 40.5
      vertex 9.010983318573563 6.9544381380180145 40.5
    endloop
  endfacet
  facet normal 0 0 -1
    outer loop
      vertex 5.65 9.786087062764157 40.5
      vertex 4.06569651419153 10.491464420880392 40.5
      vertex 4.070114529620277 10.716443182418944 40.5
    endloop
  endfacet
  facet normal 0 0 -1
    outer loop
      vertex 5.65 9.786087062764157 40.5
      vertex 4.070114529620277 10.716443182418944 40.5
      vertex 4.084909425668885 10.967318574219112 40.5
    endloop
  endfacet
  facet normal 0 0 -1
    outer loop
      vertex 5.65 9.786087062764157 40.5
      vertex 4.084909425668885 10.967318574219112 40.5
      vertex 4.109542237049375 11.217419705291066 40.5
    endloop
  endfacet
  facet normal 0 0 -1
    outer loop
      vertex 5.65 9.786087062764157 40.5
      vertex 4.109542237049375 11.217419705291066 40.5
      vertex 4.143974981752022 11.466360937818383 40.5
    endloop
  endfacet
  facet normal 0 0 -1
    outer loop
      vertex 5.65 9.786087062764157 40.5
      vertex 4.143974981752022 11.466360937818383 40.5
      vertex 4.242012871015773 11.959230690238698 40.5
    endloop
  endfacet
  facet normal 0 0 -1
    outer loop
      vertex 4.143974981752022 11.466360937818383 40.5
      vertex 4.188154566980229 11.713758422464126 40.5
      vertex 4.242012871015773 11.959230690238698 40.5
    endloop
  endfacet
  facet normal 0 0 -1
    outer loop
      vertex 5.65 9.786087062764157 40.5
      vertex 4.242012871015773 11.959230690238698 40.5
      vertex 4.305466848257561 12.20239924069738 40.5
    endloop
  endfacet
  facet normal 0 0 -1
    outer loop
      vertex 5.65 9.786087062764157 40.5
      vertex 4.305466848257561 12.20239924069738 40.5
      vertex 4.378418657271921 12.44288912556057 40.5
    endloop
  endfacet
  facet normal 0 0 -1
    outer loop
      vertex 5.65 9.786087062764157 40.5
      vertex 4.378418657271921 12.44288912556057 40.5
      vertex 4.460755811657005 12.680329526856859 40.5
    endloop
  endfacet
  facet normal 0 0 -1
    outer loop
      vertex 4.460755811657005 12.680329526856859 40.5
      vertex 4.552351353488669 12.91435432869748 40.5
      vertex 5.171990609501413 14.061313838772683 40.5
    endloop
  endfacet
  facet normal 0 0 -1
    outer loop
      vertex 4.552351353488669 12.91435432869748 40.5
      vertex 4.653064049080383 13.144602681800444 40.5
      vertex 5.171990609501413 14.061313838772683 40.5
    endloop
  endfacet
  facet normal 0 0 -1
    outer loop
      vertex 4.653064049080383 13.144602681800444 40.5
      vertex 4.7627386067553505 13.370719559894004 40.5
      vertex 5.171990609501413 14.061313838772683 40.5
    endloop
  endfacet
  facet normal 0 0 -1
    outer loop
      vertex 4.7627386067553505 13.370719559894004 40.5
      vertex 4.881205916295001 13.592356307141415 40.5
      vertex 5.171990609501413 14.061313838772683 40.5
    endloop
  endfacet
  facet normal 0 0 -1
    outer loop
      vertex 1.2945750795094415 16.44913600659661 40.5
      vertex 0.6477869600246321 16.48727909797193 40.5
      vertex -0.7519295518655005 19.9852340001396 40.5
    endloop
  endfacet
  facet normal 0 0 -1
    outer loop
      vertex 1.9393670580543212 16.385629539756284 40.5
      vertex 1.2945750795094415 16.44913600659661 40.5
      vertex -0.7519295518655005 19.9852340001396 40.5
    endloop
  endfacet
  facet normal 0 0 -1
    outer loop
      vertex 2.5811686731638095 16.29685761981977 40.5
      vertex 1.9393670580543212 16.385629539756284 40.5
      vertex -0.7519295518655005 19.9852340001396 40.5
    endloop
  endfacet
  facet normal 0 0 -1
    outer loop
      vertex 3.013684323706296 16.219620124567804 40.5
      vertex 2.5811686731638095 16.29685761981977 40.5
      vertex -0.7519295518655005 19.9852340001396 40.5
    endloop
  endfacet
  facet normal 0 0 -1
    outer loop
      vertex 2.8327114949407743 19.794705503028748 40.5
      vertex 3.1286893008046173 19.753766811902757 40.5
      vertex 8.764524562713921 13.8628924352556 40.5
    endloop
  endfacet
  facet normal 0 0 -1
    outer loop
      vertex 5.65 9.786087062764157 40.5
      vertex 4.460755811657005 12.680329526856859 40.5
      vertex 5.171990609501413 14.061313838772683 40.5
    endloop
  endfacet
  facet normal 0 0 -1
    outer loop
      vertex 5.65 9.786087062764157 40.5
      vertex 5.171990609501413 14.061313838772683 40.5
      vertex 7.067468287866209 12.165836160407888 40.5
    endloop
  endfacet
  facet normal 0 0 -1
    outer loop
      vertex 5.65 9.786087062764157 40.5
      vertex 6.6681100238461575 10.315993061676444 40.5
      vertex 6.676894493375017 10.167035797795092 40.5
    endloop
  endfacet
  facet normal 0 0 -1
    outer loop
      vertex 5.65 9.786087062764157 40.5
      vertex 6.665180361560903 10.465180361560904 40.5
      vertex 6.6681100238461575 10.315993061676444 40.5
    endloop
  endfacet
  facet normal 0 0 -1
    outer loop
      vertex 5.65 9.786087062764157 40.5
      vertex 6.668110023846158 10.614367661445367 40.5
      vertex 6.665180361560903 10.465180361560904 40.5
    endloop
  endfacet
  facet normal 0 0 -1
    outer loop
      vertex 5.65 9.786087062764157 40.5
      vertex 6.676894493375018 10.763324925326716 40.5
      vertex 6.668110023846158 10.614367661445367 40.5
    endloop
  endfacet
  facet normal 0 0 -1
    outer loop
      vertex 5.65 9.786087062764157 40.5
      vertex 6.691520225132185 10.911822471900688 40.5
      vertex 6.676894493375018 10.763324925326716 40.5
    endloop
  endfacet
  facet normal 0 0 -1
    outer loop
      vertex 5.65 9.786087062764157 40.5
      vertex 6.711964667299382 11.059631328713783 40.5
      vertex 6.691520225132185 10.911822471900688 40.5
    endloop
  endfacet
  facet normal 0 0 -1
    outer loop
      vertex 5.65 9.786087062764157 40.5
      vertex 6.738196296028628 11.206523585222191 40.5
      vertex 6.711964667299382 11.059631328713783 40.5
    endloop
  endfacet
  facet normal 0 0 -1
    outer loop
      vertex 5.65 9.786087062764157 40.5
      vertex 6.770174664049733 11.352272744213344 40.5
      vertex 6.738196296028628 11.206523585222191 40.5
    endloop
  endfacet
  facet normal 0 0 -1
    outer loop
      vertex 5.65 9.786087062764157 40.5
      vertex 6.807850463037045 11.496654071048187 40.5
      vertex 6.770174664049733 11.352272744213344 40.5
    endloop
  endfacet
  facet normal 0 0 -1
    outer loop
      vertex 5.65 9.786087062764157 40.5
      vertex 6.8511655996393195 11.639444940185705 40.5
      vertex 6.807850463037045 11.496654071048187 40.5
    endloop
  endfacet
  facet normal 0 0 -1
    outer loop
      vertex 5.65 9.786087062764157 40.5
      vertex 6.900053285055464 11.780425178455378 40.5
      vertex 6.8511655996393195 11.639444940185705 40.5
    endloop
  endfacet
  facet normal 0 0 -1
    outer loop
      vertex 5.65 9.786087062764157 40.5
      vertex 6.954438138018016 11.919377404548246 40.5
      vertex 6.900053285055464 11.780425178455378 40.5
    endloop
  endfacet
  facet normal 0 0 -1
    outer loop
      vertex 5.65 9.786087062764157 40.5
      vertex 7.014236301025596 12.056087364203131 40.5
      vertex 6.954438138018016 11.919377404548246 40.5
    endloop
  endfacet
  facet normal 0 0 -1
    outer loop
      vertex 5.65 9.786087062764157 40.5
      vertex 7.067468287866209 12.165836160407888 40.5
      vertex 7.014236301025596 12.056087364203131 40.5
    endloop
  endfacet
  facet normal 0 0 -1
    outer loop
      vertex 4.881205916295001 13.592356307141415 40.5
      vertex 5.008283309694715 13.809171175742978 40.5
      vertex 5.171990609501413 14.061313838772683 40.5
    endloop
  endfacet
  facet normal 0 0 -1
    outer loop
      vertex 5.008283309694715 13.809171175742978 40.5
      vertex 5.143774842824614 14.02082985288636 40.5
      vertex 5.171990609501413 14.061313838772683 40.5
    endloop
  endfacet
  facet normal 0 0 -1
    outer loop
      vertex 8.764524562713921 13.8628924352556 40.5
      vertex 5.428808997301485 19.249104729072947 40.5
      vertex 6.180339887498948 19.02113032590307 40.5
    endloop
  endfacet
  facet normal 0 0 -1
    outer loop
      vertex 6.180339887498948 19.02113032590307 40.5
      vertex 6.922341141549859 18.763826718449682 40.5
      vertex 8.764524562713921 13.8628924352556 40.5
    endloop
  endfacet
  facet normal 0 0 -1
    outer loop
      vertex 3.1286893008046173 19.753766811902757 40.5
      vertex 3.9018064403225647 19.61570560806461 40.5
      vertex 8.764524562713921 13.8628924352556 40.5
    endloop
  endfacet
  facet normal 0 0 -1
    outer loop
      vertex 3.9018064403225647 19.61570560806461 40.5
      vertex 4.668907277118108 19.447398407953532 40.5
      vertex 8.764524562713921 13.8628924352556 40.5
    endloop
  endfacet
  facet normal 0 0 -1
    outer loop
      vertex 4.668907277118108 19.447398407953532 40.5
      vertex 5.428808997301485 19.249104729072947 40.5
      vertex 8.764524562713921 13.8628924352556 40.5
    endloop
  endfacet
  facet normal 0 0 -1
    outer loop
      vertex 6.922341141549859 18.763826718449682 40.5
      vertex 7.653668647301796 18.477590650225736 40.5
      vertex 8.764524562713921 13.8628924352556 40.5
    endloop
  endfacet
  facet normal 0 0 -1
    outer loop
      vertex 8.764524562713921 13.8628924352556 40.5
      vertex 7.653668647301796 18.477590650225736 40.5
      vertex 8.373194750748562 18.162863476501624 40.5
    endloop
  endfacet
  facet normal 0 0 -1
    outer loop
      vertex 8.764524562713921 13.8628924352556 40.5
      vertex 8.373194750748562 18.162863476501624 40.5
      vertex 9.079809994790935 17.820130483767358 40.5
    endloop
  endfacet
  facet normal 0 0 -1
    outer loop
      vertex 8.764524562713921 13.8628924352556 40.5
      vertex 9.772424829939098 17.449920141455944 40.5
      vertex 8.874273358918678 13.916124422096214 40.5
    endloop
  endfacet
  facet normal 0 0 -1
    outer loop
      vertex 8.874273358918678 13.916124422096214 40.5
      vertex 9.772424829939098 17.449920141455944 40.5
      vertex 9.010983318573565 13.975922585103795 40.5
    endloop
  endfacet
  facet normal 0 0 -1
    outer loop
      vertex 9.010983318573565 13.975922585103795 40.5
      vertex 9.772424829939098 17.449920141455944 40.5
      vertex 9.14993554466643 14.030307438066345 40.5
    endloop
  endfacet
  facet normal 0 0 -1
    outer loop
      vertex 9.14993554466643 14.030307438066345 40.5
      vertex 9.772424829939098 17.449920141455944 40.5
      vertex 9.290915782936104 14.079195123482489 40.5
    endloop
  endfacet
  facet normal 0 0 -1
    outer loop
      vertex 9.290915782936104 14.079195123482489 40.5
      vertex 9.772424829939098 17.449920141455944 40.5
      vertex 9.43370665207362 14.122510260084763 40.5
    endloop
  endfacet
  facet normal 0 0 -1
    outer loop
      vertex 9.43370665207362 14.122510260084763 40.5
      vertex 9.772424829939098 17.449920141455944 40.5
      vertex 9.578087978908464 14.160186059072075 40.5
    endloop
  endfacet
  facet normal 0 0 -1
    outer loop
      vertex 9.578087978908464 14.160186059072075 40.5
      vertex 9.772424829939098 17.449920141455944 40.5
      vertex 9.723837137899617 14.19216442709318 40.5
    endloop
  endfacet
  facet normal 0 0 -1
    outer loop
      vertex 9.723837137899617 14.19216442709318 40.5
      vertex 9.772424829939098 17.449920141455944 40.5
      vertex 9.870729394408025 14.218396055822426 40.5
    endloop
  endfacet
  facet normal 0 0 -1
    outer loop
      vertex 9.870729394408025 14.218396055822426 40.5
      vertex 9.772424829939098 17.449920141455944 40.5
      vertex 10.01853825122112 14.238840497989624 40.5
    endloop
  endfacet
  facet normal 0 0 -1
    outer loop
      vertex 10.01853825122112 14.238840497989624 40.5
      vertex 9.772424829939098 17.449920141455944 40.5
      vertex 10.167035797795094 14.253466229746792 40.5
    endloop
  endfacet
  facet normal 0 0 -1
    outer loop
      vertex 9.079809994790935 17.820130483767358 40.5
      vertex 9.772424829939098 17.449920141455944 40.5
      vertex 8.764524562713921 13.8628924352556 40.5
    endloop
  endfacet
  facet normal 0 0 -1
    outer loop
      vertex 11.053067888292006 2.3494021062406807 40.5
      vertex 11.059631328713783 6.711964667299382 40.5
      vertex 11.236937458840595 0.6 40.5
    endloop
  endfacet
  facet normal 0 0 -1
    outer loop
      vertex 11.053067888292006 2.3494021062406807 40.5
      vertex 10.32306367136139 4.596124066756543 40.5
      vertex 10.763324925326716 6.676894493375018 40.5
    endloop
  endfacet
  facet normal 0 0 -1
    outer loop
      vertex 11.206523585222191 6.738196296028628 40.5
      vertex 11.236937458840595 0.6 40.5
      vertex 11.059631328713783 6.711964667299382 40.5
    endloop
  endfacet
  facet normal 0 0 -1
    outer loop
      vertex 11.352272744213344 6.770174664049733 40.5
      vertex 11.236937458840595 0.6 40.5
      vertex 11.206523585222191 6.738196296028628 40.5
    endloop
  endfacet
  facet normal 0 0 -1
    outer loop
      vertex 11.496654071048187 6.807850463037045 40.5
      vertex 11.236937458840595 0.6 40.5
      vertex 11.352272744213344 6.770174664049733 40.5
    endloop
  endfacet
  facet normal 0 0 -1
    outer loop
      vertex 11.639444940185705 6.8511655996393195 40.5
      vertex 11.236937458840595 0.6 40.5
      vertex 11.496654071048187 6.807850463037045 40.5
    endloop
  endfacet
  facet normal 0 0 -1
    outer loop
      vertex 11.780425178455378 6.900053285055464 40.5
      vertex 11.236937458840595 0.6 40.5
      vertex 11.639444940185705 6.8511655996393195 40.5
    endloop
  endfacet
  facet normal 0 0 -1
    outer loop
      vertex 11.919377404548246 6.954438138018016 40.5
      vertex 11.236937458840595 0.6 40.5
      vertex 11.780425178455378 6.900053285055464 40.5
    endloop
  endfacet
  facet normal 0 0 -1
    outer loop
      vertex 12.056087364203131 7.014236301025596 40.5
      vertex 11.236937458840595 0.6 40.5
      vertex 11.919377404548246 6.954438138018016 40.5
    endloop
  endfacet
  facet normal 0 0 -1
    outer loop
      vertex 12.190344260571182 7.079355569645108 40.5
      vertex 11.236937458840595 0.6 40.5
      vertex 12.056087364203131 7.014236301025596 40.5
    endloop
  endfacet
  facet normal 0 0 -1
    outer loop
      vertex 12.321941079249333 7.149695534684275 40.5
      vertex 11.236937458840595 0.6 40.5
      vertex 12.190344260571182 7.079355569645108 40.5
    endloop
  endfacet
  facet normal 0 0 -1
    outer loop
      vertex 12.45067490748151 7.225147737015354 40.5
      vertex 11.236937458840595 0.6 40.5
      vertex 12.321941079249333 7.149695534684275 40.5
    endloop
  endfacet
  facet normal 0 0 -1
    outer loop
      vertex 14.950938247144222 5.791542410850525 40.5
      vertex 11.236937458840595 0.6 40.5
      vertex 14.874921676002904 5.828413093924474 40.5
    endloop
  endfacet
  facet normal 0 0 -1
    outer loop
      vertex 15.176038071513176 5.671224042773247 40.5
      vertex 11.236937458840595 0.6 40.5
      vertex 14.950938247144222 5.791542410850525 40.5
    endloop
  endfacet
  facet normal 0 0 -1
    outer loop
      vertex 15.176038071513176 5.671224042773247 40.5
      vertex 15.396240673959255 5.5421610698103905 40.5
      vertex 11.236937458840595 0.6 40.5
    endloop
  endfacet
  facet normal 0 0 -1
    outer loop
      vertex 15.396240673959255 5.5421610698103905 40.5
      vertex 15.57932228780375 5.424962904695431 40.5
      vertex 11.236937458840595 0.6 40.5
    endloop
  endfacet
  facet normal 0 0 -1
    outer loop
      vertex 10.32306367136139 4.596124066756543 40.5
      vertex 9.870729394408029 6.711964667299382 40.5
      vertex 10.01853825122112 6.691520225132184 40.5
    endloop
  endfacet
  facet normal 0 0 -1
    outer loop
      vertex 10.32306367136139 4.596124066756543 40.5
      vertex 10.01853825122112 6.691520225132184 40.5
      vertex 10.167035797795092 6.676894493375017 40.5
    endloop
  endfacet
  facet normal 0 0 -1
    outer loop
      vertex 10.32306367136139 4.596124066756543 40.5
      vertex 10.167035797795092 6.676894493375017 40.5
      vertex 10.315993061676444 6.6681100238461575 40.5
    endloop
  endfacet
  facet normal 0 0 -1
    outer loop
      vertex 10.32306367136139 4.596124066756543 40.5
      vertex 10.315993061676444 6.6681100238461575 40.5
      vertex 10.465180361560904 6.665180361560903 40.5
    endloop
  endfacet
  facet normal 0 0 -1
    outer loop
      vertex 10.32306367136139 4.596124066756543 40.5
      vertex 10.465180361560904 6.665180361560903 40.5
      vertex 10.614367661445367 6.668110023846158 40.5
    endloop
  endfacet
  facet normal 0 0 -1
    outer loop
      vertex 10.32306367136139 4.596124066756543 40.5
      vertex 10.614367661445367 6.668110023846158 40.5
      vertex 10.763324925326716 6.676894493375018 40.5
    endloop
  endfacet
  facet normal 0 0 -1
    outer loop
      vertex 11.053067888292006 2.3494021062406807 40.5
      vertex 10.763324925326716 6.676894493375018 40.5
      vertex 10.911822471900688 6.691520225132185 40.5
    endloop
  endfacet
  facet normal 0 0 -1
    outer loop
      vertex 11.053067888292006 2.3494021062406807 40.5
      vertex 10.911822471900688 6.691520225132185 40.5
      vertex 11.059631328713783 6.711964667299382 40.5
    endloop
  endfacet
  facet normal 0 0 -1
    outer loop
      vertex 12.576347247035393 7.305595834811232 40.5
      vertex 11.236937458840595 0.6 40.5
      vertex 12.45067490748151 7.225147737015354 40.5
    endloop
  endfacet
  facet normal 0 0 -1
    outer loop
      vertex 12.698764320272304 7.390915782936105 40.5
      vertex 11.236937458840595 0.6 40.5
      vertex 12.576347247035393 7.305595834811232 40.5
    endloop
  endfacet
  facet normal 0 0 -1
    outer loop
      vertex 12.817737368938275 7.4809760242140735 40.5
      vertex 11.236937458840595 0.6 40.5
      vertex 12.698764320272304 7.390915782936105 40.5
    endloop
  endfacet
  facet normal 0 0 -1
    outer loop
      vertex 12.817737368938275 7.4809760242140735 40.5
      vertex 12.933082945215602 7.575637692280786 40.5
      vertex 11.236937458840595 0.6 40.5
    endloop
  endfacet
  facet normal 0 0 -1
    outer loop
      vertex 13.044623194586084 7.6747548257053 40.5
      vertex 11.236937458840595 0.6 40.5
      vertex 12.933082945215602 7.575637692280786 40.5
    endloop
  endfacet
  facet normal 0 0 -1
    outer loop
      vertex 13.152186130069785 7.778174593052023 40.5
      vertex 11.236937458840595 0.6 40.5
      vertex 13.044623194586084 7.6747548257053 40.5
    endloop
  endfacet
  facet normal 0 0 -1
    outer loop
      vertex 13.25560589741651 7.885737528535726 40.5
      vertex 11.236937458840595 0.6 40.5
      vertex 13.152186130069785 7.778174593052023 40.5
    endloop
  endfacet
  facet normal 0 0 -1
    outer loop
      vertex 13.354723030841024 7.997277777906207 40.5
      vertex 11.236937458840595 0.6 40.5
      vertex 13.25560589741651 7.885737528535726 40.5
    endloop
  endfacet
  facet normal 0 0 -1
    outer loop
      vertex 13.449384698907735 8.112623354183533 40.5
      vertex 11.236937458840595 0.6 40.5
      vertex 13.354723030841024 7.997277777906207 40.5
    endloop
  endfacet
  facet normal 0 0 -1
    outer loop
      vertex 13.539444940185705 8.231596402849506 40.5
      vertex 11.236937458840595 0.6 40.5
      vertex 13.449384698907735 8.112623354183533 40.5
    endloop
  endfacet
  facet normal 0 0 -1
    outer loop
      vertex 13.624764888310576 8.354013476086415 40.5
      vertex 11.236937458840595 0.6 40.5
      vertex 13.539444940185705 8.231596402849506 40.5
    endloop
  endfacet
  facet normal 0 0 -1
    outer loop
      vertex 13.705212986106456 8.479685815640298 40.5
      vertex 11.236937458840595 0.6 40.5
      vertex 13.624764888310576 8.354013476086415 40.5
    endloop
  endfacet
  facet normal 0 0 -1
    outer loop
      vertex 13.780665188437533 8.608419643872475 40.5
      vertex 11.236937458840595 0.6 40.5
      vertex 13.705212986106456 8.479685815640298 40.5
    endloop
  endfacet
  facet normal 0 0 -1
    outer loop
      vertex 13.851005153476702 8.740016462550628 40.5
      vertex 11.236937458840595 0.6 40.5
      vertex 13.780665188437533 8.608419643872475 40.5
    endloop
  endfacet
  facet normal 0 0 -1
    outer loop
      vertex 13.916124422096214 8.874273358918678 40.5
      vertex 11.236937458840595 0.6 40.5
      vertex 13.851005153476702 8.740016462550628 40.5
    endloop
  endfacet
  facet normal 0 0 -1
    outer loop
      vertex 13.975922585103795 9.010983318573565 40.5
      vertex 11.236937458840595 0.6 40.5
      vertex 13.916124422096214 8.874273358918678 40.5
    endloop
  endfacet
  facet normal 0 0 -1
    outer loop
      vertex 14.874921676002904 5.828413093924474 40.5
      vertex 11.236937458840595 0.6 40.5
      vertex 14.079195123482489 9.290915782936104 40.5
    endloop
  endfacet
  facet normal 0 0 -1
    outer loop
      vertex 14.030307438066345 9.14993554466643 40.5
      vertex 11.236937458840595 0.6 40.5
      vertex 13.975922585103795 9.010983318573565 40.5
    endloop
  endfacet
  facet normal 0 0 -1
    outer loop
      vertex 14.079195123482489 9.290915782936104 40.5
      vertex 11.236937458840595 0.6 40.5
      vertex 14.030307438066345 9.14993554466643 40.5
    endloop
  endfacet
  facet normal 0 0 -1
    outer loop
      vertex 14.874921676002904 5.828413093924474 40.5
      vertex 14.079195123482489 9.290915782936104 40.5
      vertex 14.99066376115481 5.939696961966999 40.5
    endloop
  endfacet
  facet normal 0 0 -1
    outer loop
      vertex 15.164844421949294 6.120855590150076 40.5
      vertex 14.99066376115481 5.939696961966999 40.5
      vertex 14.079195123482489 9.290915782936104 40.5
    endloop
  endfacet
  facet normal 0 0 -1
    outer loop
      vertex 14.079195123482489 9.290915782936104 40.5
      vertex 15.480157042720988 5.710931441778634 40.5
      vertex 15.272360505172644 6.241847494573982 40.5
    endloop
  endfacet
  facet normal 0 0 -1
    outer loop
      vertex 15.272360505172644 6.241847494573982 40.5
      vertex 15.164844421949294 6.120855590150076 40.5
      vertex 14.079195123482489 9.290915782936104 40.5
    endloop
  endfacet
  facet normal 0 0 -1
    outer loop
      vertex 14.122510260084763 9.43370665207362 40.5
      vertex 15.480157042720988 5.710931441778634 40.5
      vertex 14.079195123482489 9.290915782936104 40.5
    endloop
  endfacet
  facet normal 0 0 -1
    outer loop
      vertex 14.160186059072075 9.578087978908464 40.5
      vertex 15.480157042720988 5.710931441778634 40.5
      vertex 14.122510260084763 9.43370665207362 40.5
    endloop
  endfacet
  facet normal 0 0 -1
    outer loop
      vertex 14.19216442709318 9.723837137899617 40.5
      vertex 15.480157042720988 5.710931441778634 40.5
      vertex 14.160186059072075 9.578087978908464 40.5
    endloop
  endfacet
  facet normal 0 0 -1
    outer loop
      vertex 14.218396055822426 9.870729394408025 40.5
      vertex 15.480157042720988 5.710931441778634 40.5
      vertex 14.19216442709318 9.723837137899617 40.5
    endloop
  endfacet
  facet normal 0 0 -1
    outer loop
      vertex 14.238840497989624 10.01853825122112 40.5
      vertex 15.480157042720988 5.710931441778634 40.5
      vertex 14.218396055822426 9.870729394408025 40.5
    endloop
  endfacet
  facet normal 0 0 -1
    outer loop
      vertex 14.253466229746792 10.167035797795094 40.5
      vertex 15.480157042720988 5.710931441778634 40.5
      vertex 14.238840497989624 10.01853825122112 40.5
    endloop
  endfacet
  facet normal 0 0 -1
    outer loop
      vertex 14.262250699275654 10.315993061676444 40.5
      vertex 15.57932228780375 5.424962904695431 40.5
      vertex 14.253466229746792 10.167035797795094 40.5
    endloop
  endfacet
  facet normal 0 0 -1
    outer loop
      vertex 11.236937458840595 0.6 40.5
      vertex 15.57932228780375 5.424962904695431 40.5
      vertex 19.8333044482741 0.6 40.5
    endloop
  endfacet
  facet normal 0 0 -1
    outer loop
      vertex 19.984580724814457 0.7851963151813722 40.5
      vertex 19.9852340001396 0.7519295518655005 40.5
      vertex 19.8333044482741 0.6 40.5
    endloop
  endfacet
  facet normal 0 0 -1
    outer loop
      vertex 19.984580724814457 0.7851963151813722 40.5
      vertex 19.8333044482741 0.6 40.5
      vertex 19.938346674662558 1.5691819145568988 40.5
    endloop
  endfacet
  facet normal 0 0 -1
    outer loop
      vertex 19.861369139098525 2.350747949156753 40.5
      vertex 19.938346674662558 1.5691819145568988 40.5
      vertex 19.8333044482741 0.6 40.5
    endloop
  endfacet
  facet normal 0 0 -1
    outer loop
      vertex 19.61570560806461 3.9018064403225647 40.5
      vertex 19.861369139098525 2.350747949156753 40.5
      vertex 19.8333044482741 0.6 40.5
    endloop
  endfacet
  facet normal 0 0 -1
    outer loop
      vertex 19.61570560806461 3.9018064403225647 40.5
      vertex 19.8333044482741 0.6 40.5
      vertex 19.447398407953532 4.668907277118108 40.5
    endloop
  endfacet
  facet normal 0 0 -1
    outer loop
      vertex 19.249104729072947 5.428808997301485 40.5
      vertex 19.447398407953532 4.668907277118108 40.5
      vertex 19.8333044482741 0.6 40.5
    endloop
  endfacet
  facet normal 0 0 -1
    outer loop
      vertex 19.753766811902757 3.1286893008046173 40.5
      vertex 19.861369139098525 2.350747949156753 40.5
      vertex 19.61570560806461 3.9018064403225647 40.5
    endloop
  endfacet
  facet normal 0 0 -1
    outer loop
      vertex 19.02113032590307 6.180339887498948 40.5
      vertex 19.249104729072947 5.428808997301485 40.5
      vertex 19.8333044482741 0.6 40.5
    endloop
  endfacet
  facet normal 0 0 -1
    outer loop
      vertex 14.253466229746792 10.167035797795094 40.5
      vertex 15.57932228780375 5.424962904695431 40.5
      vertex 15.480157042720988 5.710931441778634 40.5
    endloop
  endfacet
  facet normal 0 0 -1
    outer loop
      vertex 15.57932228780375 5.424962904695431 40.5
      vertex 16.180339887498953 11.755705045849467 40.5
      vertex 19.8333044482741 0.6 40.5
    endloop
  endfacet
  facet normal 0 0 -1
    outer loop
      vertex 14.262250699275654 10.315993061676444 40.5
      vertex 16.180339887498953 11.755705045849467 40.5
      vertex 15.57932228780375 5.424962904695431 40.5
    endloop
  endfacet
  facet normal 0 0 -1
    outer loop
      vertex 17.820130483767358 9.079809994790935 40.5
      vertex 18.162863476501624 8.373194750748562 40.5
      vertex 19.8333044482741 0.6 40.5
    endloop
  endfacet
  facet normal 0 0 -1
    outer loop
      vertex 16.629392246050905 11.111404660392047 40.5
      vertex 17.052803287081844 10.449971294318976 40.5
      vertex 19.8333044482741 0.6 40.5
    endloop
  endfacet
  facet normal 0 0 -1
    outer loop
      vertex 17.449920141455944 9.772424829939098 40.5
      vertex 17.820130483767358 9.079809994790935 40.5
      vertex 19.8333044482741 0.6 40.5
    endloop
  endfacet
  facet normal 0 0 -1
    outer loop
      vertex 17.052803287081844 10.449971294318976 40.5
      vertex 17.449920141455944 9.772424829939098 40.5
      vertex 19.8333044482741 0.6 40.5
    endloop
  endfacet
  facet normal 0 0 -1
    outer loop
      vertex 18.477590650225736 7.653668647301796 40.5
      vertex 19.02113032590307 6.180339887498948 40.5
      vertex 18.162863476501624 8.373194750748562 40.5
    endloop
  endfacet
  facet normal 0 0 -1
    outer loop
      vertex 19.02113032590307 6.180339887498948 40.5
      vertex 19.8333044482741 0.6 40.5
      vertex 18.162863476501624 8.373194750748562 40.5
    endloop
  endfacet
  facet normal 0 0 -1
    outer loop
      vertex 18.763826718449682 6.922341141549859 40.5
      vertex 19.02113032590307 6.180339887498948 40.5
      vertex 18.477590650225736 7.653668647301796 40.5
    endloop
  endfacet
  facet normal 0 0 -1
    outer loop
      vertex 16.629392246050905 11.111404660392047 40.5
      vertex 19.8333044482741 0.6 40.5
      vertex 16.180339887498953 11.755705045849467 40.5
    endloop
  endfacet
  facet normal 0 0 -1
    outer loop
      vertex 10.911822471900688 14.238840497989624 40.5
      vertex 11.755705045849465 16.180339887498953 40.5
      vertex 11.059631328713781 14.218396055822428 40.5
    endloop
  endfacet
  facet normal 0 0 -1
    outer loop
      vertex 11.059631328713781 14.218396055822428 40.5
      vertex 11.755705045849465 16.180339887498953 40.5
      vertex 11.206523585222191 14.19216442709318 40.5
    endloop
  endfacet
  facet normal 0 0 -1
    outer loop
      vertex 11.352272744213344 14.160186059072075 40.5
      vertex 11.755705045849465 16.180339887498953 40.5
      vertex 11.496654071048187 14.122510260084766 40.5
    endloop
  endfacet
  facet normal 0 0 -1
    outer loop
      vertex 11.206523585222191 14.19216442709318 40.5
      vertex 11.755705045849465 16.180339887498953 40.5
      vertex 11.352272744213344 14.160186059072075 40.5
    endloop
  endfacet
  facet normal 0 0 -1
    outer loop
      vertex 11.496654071048187 14.122510260084766 40.5
      vertex 12.38187898619668 15.706338617614898 40.5
      vertex 11.639444940185705 14.079195123482489 40.5
    endloop
  endfacet
  facet normal 0 0 -1
    outer loop
      vertex 12.056087364203133 13.916124422096214 40.5
      vertex 12.988960966603674 15.208119312000619 40.5
      vertex 12.190344260571184 13.851005153476702 40.5
    endloop
  endfacet
  facet normal 0 0 -1
    outer loop
      vertex 11.639444940185705 14.079195123482489 40.5
      vertex 12.38187898619668 15.706338617614898 40.5
      vertex 11.780425178455378 14.030307438066345 40.5
    endloop
  endfacet
  facet normal 0 0 -1
    outer loop
      vertex 11.780425178455378 14.030307438066345 40.5
      vertex 12.38187898619668 15.706338617614898 40.5
      vertex 11.919377404548245 13.975922585103794 40.5
    endloop
  endfacet
  facet normal 0 0 -1
    outer loop
      vertex 11.919377404548245 13.975922585103794 40.5
      vertex 12.38187898619668 15.706338617614898 40.5
      vertex 12.056087364203133 13.916124422096214 40.5
    endloop
  endfacet
  facet normal 0 0 -1
    outer loop
      vertex 12.056087364203133 13.916124422096214 40.5
      vertex 12.38187898619668 15.706338617614898 40.5
      vertex 12.988960966603674 15.208119312000619 40.5
    endloop
  endfacet
  facet normal 0 0 -1
    outer loop
      vertex 14.265180361560903 10.465180361560902 40.5
      vertex 16.180339887498953 11.755705045849467 40.5
      vertex 14.262250699275654 10.315993061676444 40.5
    endloop
  endfacet
  facet normal 0 0 -1
    outer loop
      vertex 14.26225069927565 10.614367661445364 40.5
      vertex 16.180339887498953 11.755705045849467 40.5
      vertex 14.265180361560903 10.465180361560902 40.5
    endloop
  endfacet
  facet normal 0 0 -1
    outer loop
      vertex 14.25346622974679 10.763324925326716 40.5
      vertex 16.180339887498953 11.755705045849467 40.5
      vertex 14.26225069927565 10.614367661445364 40.5
    endloop
  endfacet
  facet normal 0 0 -1
    outer loop
      vertex 14.238840497989624 10.911822471900688 40.5
      vertex 16.180339887498953 11.755705045849467 40.5
      vertex 14.25346622974679 10.763324925326716 40.5
    endloop
  endfacet
  facet normal 0 0 -1
    outer loop
      vertex 13.851005153476702 12.190344260571184 40.5
      vertex 15.208119312000619 12.988960966603674 40.5
      vertex 13.916124422096214 12.056087364203133 40.5
    endloop
  endfacet
  facet normal 0 0 -1
    outer loop
      vertex 14.122510260084766 11.496654071048187 40.5
      vertex 15.706338617614898 12.38187898619668 40.5
      vertex 14.160186059072075 11.352272744213344 40.5
    endloop
  endfacet
  facet normal 0 0 -1
    outer loop
      vertex 14.079195123482489 11.639444940185705 40.5
      vertex 15.706338617614898 12.38187898619668 40.5
      vertex 14.122510260084766 11.496654071048187 40.5
    endloop
  endfacet
  facet normal 0 0 -1
    outer loop
      vertex 14.19216442709318 11.206523585222191 40.5
      vertex 15.706338617614898 12.38187898619668 40.5
      vertex 14.218396055822428 11.059631328713781 40.5
    endloop
  endfacet
  facet normal 0 0 -1
    outer loop
      vertex 14.218396055822428 11.059631328713781 40.5
      vertex 16.180339887498953 11.755705045849467 40.5
      vertex 14.238840497989624 10.911822471900688 40.5
    endloop
  endfacet
  facet normal 0 0 -1
    outer loop
      vertex 14.160186059072075 11.352272744213344 40.5
      vertex 15.706338617614898 12.38187898619668 40.5
      vertex 14.19216442709318 11.206523585222191 40.5
    endloop
  endfacet
  facet normal 0 0 -1
    outer loop
      vertex 14.030307438066345 11.780425178455378 40.5
      vertex 15.208119312000619 12.988960966603674 40.5
      vertex 14.079195123482489 11.639444940185705 40.5
    endloop
  endfacet
  facet normal 0 0 -1
    outer loop
      vertex 13.975922585103794 11.919377404548245 40.5
      vertex 15.208119312000619 12.988960966603674 40.5
      vertex 14.030307438066345 11.780425178455378 40.5
    endloop
  endfacet
  facet normal 0 0 -1
    outer loop
      vertex 13.916124422096214 12.056087364203133 40.5
      vertex 15.208119312000619 12.988960966603674 40.5
      vertex 13.975922585103794 11.919377404548245 40.5
    endloop
  endfacet
  facet normal 0 0 -1
    outer loop
      vertex 13.35472303084102 12.9330829452156 40.5
      vertex 12.988960966603674 15.208119312000619 40.5
      vertex 13.449384698907735 12.817737368938275 40.5
    endloop
  endfacet
  facet normal 0 0 -1
    outer loop
      vertex 13.25560589741651 13.044623194586082 40.5
      vertex 12.988960966603674 15.208119312000619 40.5
      vertex 13.35472303084102 12.9330829452156 40.5
    endloop
  endfacet
  facet normal 0 0 -1
    outer loop
      vertex 13.449384698907735 12.817737368938275 40.5
      vertex 12.988960966603674 15.208119312000619 40.5
      vertex 13.539444940185705 12.698764320272302 40.5
    endloop
  endfacet
  facet normal 0 0 -1
    outer loop
      vertex 13.539444940185705 12.698764320272302 40.5
      vertex 12.988960966603674 15.208119312000619 40.5
      vertex 13.624764888310576 12.576347247035393 40.5
    endloop
  endfacet
  facet normal 0 0 -1
    outer loop
      vertex 13.705212986106455 12.450674907481512 40.5
      vertex 12.988960966603674 15.208119312000619 40.5
      vertex 13.780665188437533 12.321941079249333 40.5
    endloop
  endfacet
  facet normal 0 0 -1
    outer loop
      vertex 13.624764888310576 12.576347247035393 40.5
      vertex 12.988960966603674 15.208119312000619 40.5
      vertex 13.705212986106455 12.450674907481512 40.5
    endloop
  endfacet
  facet normal 0 0 -1
    outer loop
      vertex 12.190344260571184 13.851005153476702 40.5
      vertex 12.988960966603674 15.208119312000619 40.5
      vertex 12.321941079249333 13.780665188437533 40.5
    endloop
  endfacet
  facet normal 0 0 -1
    outer loop
      vertex 12.321941079249333 13.780665188437533 40.5
      vertex 12.988960966603674 15.208119312000619 40.5
      vertex 12.450674907481512 13.705212986106455 40.5
    endloop
  endfacet
  facet normal 0 0 -1
    outer loop
      vertex 12.450674907481512 13.705212986106455 40.5
      vertex 12.988960966603674 15.208119312000619 40.5
      vertex 12.576347247035393 13.624764888310576 40.5
    endloop
  endfacet
  facet normal 0 0 -1
    outer loop
      vertex 12.576347247035393 13.624764888310576 40.5
      vertex 12.988960966603674 15.208119312000619 40.5
      vertex 12.698764320272302 13.539444940185705 40.5
    endloop
  endfacet
  facet normal 0 0 -1
    outer loop
      vertex 12.817737368938275 13.449384698907735 40.5
      vertex 12.988960966603674 15.208119312000619 40.5
      vertex 12.9330829452156 13.35472303084102 40.5
    endloop
  endfacet
  facet normal 0 0 -1
    outer loop
      vertex 13.044623194586082 13.25560589741651 40.5
      vertex 12.988960966603674 15.208119312000619 40.5
      vertex 13.152186130069786 13.152186130069786 40.5
    endloop
  endfacet
  facet normal 0 0 -1
    outer loop
      vertex 12.9330829452156 13.35472303084102 40.5
      vertex 12.988960966603674 15.208119312000619 40.5
      vertex 13.044623194586082 13.25560589741651 40.5
    endloop
  endfacet
  facet normal 0 0 -1
    outer loop
      vertex 12.698764320272302 13.539444940185705 40.5
      vertex 12.988960966603674 15.208119312000619 40.5
      vertex 12.817737368938275 13.449384698907735 40.5
    endloop
  endfacet
  facet normal 0 0 -1
    outer loop
      vertex 13.152186130069786 13.152186130069786 40.5
      vertex 12.988960966603674 15.208119312000619 40.5
      vertex 13.25560589741651 13.044623194586082 40.5
    endloop
  endfacet
  facet normal 0 0 -1
    outer loop
      vertex 13.576014910658834 14.68645018871371 40.5
      vertex 13.780665188437533 12.321941079249333 40.5
      vertex 12.988960966603674 15.208119312000619 40.5
    endloop
  endfacet
  facet normal 0 0 -1
    outer loop
      vertex 13.780665188437533 12.321941079249333 40.5
      vertex 14.68645018871371 13.576014910658834 40.5
      vertex 13.851005153476702 12.190344260571184 40.5
    endloop
  endfacet
  facet normal 0 0 -1
    outer loop
      vertex 13.576014910658834 14.68645018871371 40.5
      vertex 14.142135623730951 14.142135623730951 40.5
      vertex 13.780665188437533 12.321941079249333 40.5
    endloop
  endfacet
  facet normal 0 0 -1
    outer loop
      vertex 14.142135623730951 14.142135623730951 40.5
      vertex 14.68645018871371 13.576014910658834 40.5
      vertex 13.780665188437533 12.321941079249333 40.5
    endloop
  endfacet
  facet normal 0 0 -1
    outer loop
      vertex 13.851005153476702 12.190344260571184 40.5
      vertex 14.68645018871371 13.576014910658834 40.5
      vertex 15.208119312000619 12.988960966603674 40.5
    endloop
  endfacet
  facet normal 0 0 -1
    outer loop
      vertex 10.167035797795094 14.253466229746792 40.5
      vertex 9.772424829939098 17.449920141455944 40.5
      vertex 10.315993061676444 14.262250699275654 40.5
    endloop
  endfacet
  facet normal 0 0 -1
    outer loop
      vertex 10.315993061676444 14.262250699275654 40.5
      vertex 9.772424829939098 17.449920141455944 40.5
      vertex 10.465180361560902 14.265180361560903 40.5
    endloop
  endfacet
  facet normal 0 0 -1
    outer loop
      vertex 10.465180361560902 14.265180361560903 40.5
      vertex 11.111404660392047 16.629392246050905 40.5
      vertex 10.614367661445364 14.26225069927565 40.5
    endloop
  endfacet
  facet normal 0 0 -1
    outer loop
      vertex 10.614367661445364 14.26225069927565 40.5
      vertex 11.111404660392047 16.629392246050905 40.5
      vertex 10.763324925326716 14.25346622974679 40.5
    endloop
  endfacet
  facet normal 0 0 -1
    outer loop
      vertex 10.763324925326716 14.25346622974679 40.5
      vertex 11.111404660392047 16.629392246050905 40.5
      vertex 10.911822471900688 14.238840497989624 40.5
    endloop
  endfacet
  facet normal 0 0 -1
    outer loop
      vertex 10.449971294318976 17.052803287081844 40.5
      vertex 11.111404660392047 16.629392246050905 40.5
      vertex 10.465180361560902 14.265180361560903 40.5
    endloop
  endfacet
  facet normal 0 0 -1
    outer loop
      vertex 9.772424829939098 17.449920141455944 40.5
      vertex 10.449971294318976 17.052803287081844 40.5
      vertex 10.465180361560902 14.265180361560903 40.5
    endloop
  endfacet
  facet normal 0 0 -1
    outer loop
      vertex 10.911822471900688 14.238840497989624 40.5
      vertex 11.111404660392047 16.629392246050905 40.5
      vertex 11.755705045849465 16.180339887498953 40.5
    endloop
  endfacet
  facet normal 0 0 -1
    outer loop
      vertex 11.496654071048187 14.122510260084766 40.5
      vertex 11.755705045849465 16.180339887498953 40.5
      vertex 12.38187898619668 15.706338617614898 40.5
    endloop
  endfacet
  facet normal 0 0 -1
    outer loop
      vertex 14.218396055822428 11.059631328713781 40.5
      vertex 15.706338617614898 12.38187898619668 40.5
      vertex 16.180339887498953 11.755705045849467 40.5
    endloop
  endfacet
  facet normal 0 0 -1
    outer loop
      vertex 14.079195123482489 11.639444940185705 40.5
      vertex 15.208119312000619 12.988960966603674 40.5
      vertex 15.706338617614898 12.38187898619668 40.5
    endloop
  endfacet
  facet normal 0.9510565162951538 0.3090169943749467 0
    outer loop
      vertex -10.32306367136139 -4.596124066756543 40.5
      vertex -10.49538501485945 -4.065773504768645 40.5
      vertex -10.32306367136139 -4.596124066756543 41.99999999999999
    endloop
  endfacet
  facet normal 0.40673664307579993 0.9135454576426011 0
    outer loop
      vertex -5.65 -9.786087062764157 40.5
      vertex -4.06569651419153 -10.491464420880392 41.99999999999999
      vertex -4.06569651419153 -10.491464420880392 40.5
    endloop
  endfacet
  facet normal 0.7431448254773941 0.6691306063588585 0
    outer loop
      vertex -9.141892036436907 -6.641973350904947 40.5
      vertex -8.75431656147597 -7.072419523837431 41.99999999999999
      vertex -8.75431656147597 -7.072419523837431 40.5
    endloop
  endfacet
  facet normal 0.8660254037844387 0.49999999999999983 0
    outer loop
      vertex -10.32306367136139 -4.596124066756543 40.5
      vertex -10.32306367136139 -4.596124066756543 41.99999999999999
      vertex -9.141892036436907 -6.641973350904947 40.5
    endloop
  endfacet
  facet normal 0.587785252292473 0.8090169943749477 0
    outer loop
      vertex -5.65 -9.786087062764157 40.5
      vertex -7.073676129014438 -8.751725808929121 40.5
      vertex -7.073676129014438 -8.751725808929121 41.99999999999999
    endloop
  endfacet
  facet normal 0.9510565162951538 0.3090169943749467 0
    outer loop
      vertex -10.49538501485945 -4.065773504768645 41.99999999999999
      vertex -10.32306367136139 -4.596124066756543 41.99999999999999
      vertex -10.49538501485945 -4.065773504768645 40.5
    endloop
  endfacet
  facet normal 0.40673664307579993 0.9135454576426011 0
    outer loop
      vertex -5.65 -9.786087062764157 40.5
      vertex -5.65 -9.786087062764157 41.99999999999999
      vertex -4.06569651419153 -10.491464420880392 41.99999999999999
    endloop
  endfacet
  facet normal 0.7431448254773941 0.6691306063588585 0
    outer loop
      vertex -9.141892036436907 -6.641973350904947 40.5
      vertex -9.141892036436907 -6.641973350904947 41.99999999999999
      vertex -8.75431656147597 -7.072419523837431 41.99999999999999
    endloop
  endfacet
  facet normal 0.8660254037844387 0.49999999999999983 0
    outer loop
      vertex -9.141892036436907 -6.641973350904947 40.5
      vertex -10.32306367136139 -4.596124066756543 41.99999999999999
      vertex -9.141892036436907 -6.641973350904947 41.99999999999999
    endloop
  endfacet
  facet normal 0.587785252292473 0.8090169943749477 0
    outer loop
      vertex -5.65 -9.786087062764157 40.5
      vertex -7.073676129014438 -8.751725808929121 41.99999999999999
      vertex -5.65 -9.786087062764157 41.99999999999999
    endloop
  endfacet
  facet normal 0.9510565162951538 -0.3090169943749467 0
    outer loop
      vertex -10.32306367136139 4.596124066756543 40.5
      vertex -10.32306367136139 4.596124066756543 41.99999999999999
      vertex -10.49538501485945 4.065773504768645 40.5
    endloop
  endfacet
  facet normal 0.8660254037844387 -0.49999999999999983 0
    outer loop
      vertex -10.32306367136139 4.596124066756543 40.5
      vertex -9.141892036436907 6.641973350904947 40.5
      vertex -9.141892036436907 6.641973350904947 41.99999999999999
    endloop
  endfacet
  facet normal 0.7431448254773941 -0.6691306063588585 0
    outer loop
      vertex -9.141892036436907 6.641973350904947 40.5
      vertex -8.75431656147597 7.072419523837431 40.5
      vertex -9.141892036436907 6.641973350904947 41.99999999999999
    endloop
  endfacet
  facet normal 0.587785252292473 -0.8090169943749477 0
    outer loop
      vertex -5.65 9.786087062764157 40.5
      vertex -7.073676129014438 8.751725808929121 41.99999999999999
      vertex -7.073676129014438 8.751725808929121 40.5
    endloop
  endfacet
  facet normal 0.40673664307579993 -0.9135454576426011 0
    outer loop
      vertex -5.65 9.786087062764157 40.5
      vertex -4.06569651419153 10.491464420880392 40.5
      vertex -4.06569651419153 10.491464420880392 41.99999999999999
    endloop
  endfacet
  facet normal 0.9510565162951538 -0.3090169943749467 0
    outer loop
      vertex -10.49538501485945 4.065773504768645 41.99999999999999
      vertex -10.49538501485945 4.065773504768645 40.5
      vertex -10.32306367136139 4.596124066756543 41.99999999999999
    endloop
  endfacet
  facet normal 0.8660254037844387 -0.49999999999999983 0
    outer loop
      vertex -10.32306367136139 4.596124066756543 40.5
      vertex -9.141892036436907 6.641973350904947 41.99999999999999
      vertex -10.32306367136139 4.596124066756543 41.99999999999999
    endloop
  endfacet
  facet normal 0.7431448254773941 -0.6691306063588585 0
    outer loop
      vertex -8.75431656147597 7.072419523837431 41.99999999999999
      vertex -9.141892036436907 6.641973350904947 41.99999999999999
      vertex -8.75431656147597 7.072419523837431 40.5
    endloop
  endfacet
  facet normal 0.587785252292473 -0.8090169943749477 0
    outer loop
      vertex -5.65 9.786087062764157 40.5
      vertex -5.65 9.786087062764157 41.99999999999999
      vertex -7.073676129014438 8.751725808929121 41.99999999999999
    endloop
  endfacet
  facet normal 0.40673664307579993 -0.9135454576426011 0
    outer loop
      vertex -5.65 9.786087062764157 40.5
      vertex -4.06569651419153 10.491464420880392 41.99999999999999
      vertex -5.65 9.786087062764157 41.99999999999999
    endloop
  endfacet
  facet normal -0.40673664307579993 0.913545457642601 0
    outer loop
      vertex 5.65 -9.786087062764157 40.5
      vertex 4.06569651419153 -10.491464420880392 40.5
      vertex 4.06569651419153 -10.491464420880392 42
    endloop
  endfacet
  facet normal -0.5877852522924729 0.8090169943749476 0
    outer loop
      vertex 5.65 -9.786087062764157 40.5
      vertex 7.073676129014438 -8.751725808929121 42
      vertex 7.073676129014438 -8.751725808929121 40.5
    endloop
  endfacet
  facet normal -0.743144825477394 0.6691306063588583 0
    outer loop
      vertex 9.141892036436907 -6.641973350904947 40.5
      vertex 8.75431656147597 -7.072419523837431 40.5
      vertex 9.141892036436907 -6.641973350904947 42
    endloop
  endfacet
  facet normal -0.8660254037844387 0.49999999999999983 0
    outer loop
      vertex 9.141892036436907 -6.641973350904947 40.5
      vertex 9.141892036436907 -6.641973350904947 42
      vertex 10.32306367136139 -4.596124066756543 40.5
    endloop
  endfacet
  facet normal -0.9510565162951534 0.30901699437494784 0
    outer loop
      vertex 10.32306367136139 -4.596124066756543 40.5
      vertex 10.32306367136139 -4.596124066756543 42
      vertex 11.053067888292006 -2.3494021062406807 40.5
    endloop
  endfacet
  facet normal -0.9945218953682734 0.10452846326765285 0
    outer loop
      vertex 11.053067888292006 -2.3494021062406807 40.5
      vertex 11.236937458840595 -0.6 42
      vertex 11.236937458840595 -0.6 40.5
    endloop
  endfacet
  facet normal -0.40673664307579993 0.913545457642601 0
    outer loop
      vertex 5.65 -9.786087062764157 40.5
      vertex 4.06569651419153 -10.491464420880392 42
      vertex 5.65 -9.786087062764157 42
    endloop
  endfacet
  facet normal -0.5877852522924729 0.8090169943749476 0
    outer loop
      vertex 5.65 -9.786087062764157 40.5
      vertex 5.65 -9.786087062764157 42
      vertex 7.073676129014438 -8.751725808929121 42
    endloop
  endfacet
  facet normal -0.743144825477394 0.6691306063588583 0
    outer loop
      vertex 8.75431656147597 -7.072419523837431 42
      vertex 9.141892036436907 -6.641973350904947 42
      vertex 8.75431656147597 -7.072419523837431 40.5
    endloop
  endfacet
  facet normal -0.8660254037844387 0.49999999999999983 0
    outer loop
      vertex 10.32306367136139 -4.596124066756543 40.5
      vertex 9.141892036436907 -6.641973350904947 42
      vertex 10.32306367136139 -4.596124066756543 42
    endloop
  endfacet
  facet normal -0.9510565162951534 0.30901699437494784 0
    outer loop
      vertex 11.053067888292006 -2.3494021062406807 40.5
      vertex 10.32306367136139 -4.596124066756543 42
      vertex 11.053067888292006 -2.3494021062406807 42
    endloop
  endfacet
  facet normal -0.9945218953682734 0.10452846326765285 0
    outer loop
      vertex 11.053067888292006 -2.3494021062406807 40.5
      vertex 11.053067888292006 -2.3494021062406807 42
      vertex 11.236937458840595 -0.6 42
    endloop
  endfacet
  facet normal -0.5877852522924729 -0.8090169943749476 0
    outer loop
      vertex 5.65 9.786087062764157 40.5
      vertex 7.073676129014438 8.751725808929121 40.5
      vertex 7.073676129014438 8.751725808929121 42
    endloop
  endfacet
  facet normal -0.8660254037844387 -0.49999999999999983 0
    outer loop
      vertex 9.141892036436907 6.641973350904947 40.5
      vertex 10.32306367136139 4.596124066756543 40.5
      vertex 10.32306367136139 4.596124066756543 42
    endloop
  endfacet
  facet normal -0.743144825477394 -0.6691306063588583 0
    outer loop
      vertex 9.141892036436907 6.641973350904947 40.5
      vertex 8.75431656147597 7.072419523837431 42
      vertex 8.75431656147597 7.072419523837431 40.5
    endloop
  endfacet
  facet normal -0.40673664307579993 -0.913545457642601 0
    outer loop
      vertex 5.65 9.786087062764157 40.5
      vertex 4.06569651419153 10.491464420880392 42
      vertex 4.06569651419153 10.491464420880392 40.5
    endloop
  endfacet
  facet normal -0.9945218953682734 -0.10452846326765285 0
    outer loop
      vertex 11.053067888292006 2.3494021062406807 40.5
      vertex 11.236937458840595 0.6 40.5
      vertex 11.236937458840595 0.6 42
    endloop
  endfacet
  facet normal -0.9510565162951534 -0.30901699437494784 0
    outer loop
      vertex 11.053067888292006 2.3494021062406807 40.5
      vertex 11.053067888292006 2.3494021062406807 42
      vertex 10.32306367136139 4.596124066756543 40.5
    endloop
  endfacet
  facet normal -0.5877852522924729 -0.8090169943749476 0
    outer loop
      vertex 5.65 9.786087062764157 40.5
      vertex 7.073676129014438 8.751725808929121 42
      vertex 5.65 9.786087062764157 42
    endloop
  endfacet
  facet normal -0.8660254037844387 -0.49999999999999983 0
    outer loop
      vertex 9.141892036436907 6.641973350904947 40.5
      vertex 10.32306367136139 4.596124066756543 42
      vertex 9.141892036436907 6.641973350904947 42
    endloop
  endfacet
  facet normal -0.743144825477394 -0.6691306063588583 0
    outer loop
      vertex 9.141892036436907 6.641973350904947 40.5
      vertex 9.141892036436907 6.641973350904947 42
      vertex 8.75431656147597 7.072419523837431 42
    endloop
  endfacet
  facet normal -0.40673664307579993 -0.913545457642601 0
    outer loop
      vertex 5.65 9.786087062764157 40.5
      vertex 5.65 9.786087062764157 42
      vertex 4.06569651419153 10.491464420880392 42
    endloop
  endfacet
  facet normal -0.9945218953682734 -0.10452846326765285 0
    outer loop
      vertex 11.053067888292006 2.3494021062406807 40.5
      vertex 11.236937458840595 0.6 42
      vertex 11.053067888292006 2.3494021062406807 42
    endloop
  endfacet
  facet normal -0.9510565162951534 -0.30901699437494784 0
    outer loop
      vertex 10.32306367136139 4.596124066756543 40.5
      vertex 11.053067888292006 2.3494021062406807 42
      vertex 10.32306367136139 4.596124066756543 42
    endloop
  endfacet
  facet normal 0 1 0
    outer loop
      vertex -16.472405316682487 -0.9 40.5
      vertex -19.977810397239875 -0.9 40.5
      vertex -16.472405316682487 -0.9 42
    endloop
  endfacet
  facet normal 0 1 0
    outer loop
      vertex -19.977810397239875 -0.9 42
      vertex -16.472405316682487 -0.9 42
      vertex -19.977810397239875 -0.9 40.5
    endloop
  endfacet
  facet normal 0 -1 0
    outer loop
      vertex -18.3333044482741 0.9 42
      vertex -18.3333044482741 0.9 40.5
      vertex -16.472405316682487 0.9 40.5
    endloop
  endfacet
  facet normal 0 -1 0
    outer loop
      vertex -16.472405316682487 0.9 42
      vertex -18.3333044482741 0.9 42
      vertex -16.472405316682487 0.9 40.5
    endloop
  endfacet
  facet normal -0.7475083268625955 -0.6642524379112833 0
    outer loop
      vertex -15.208119312000619 -12.988960966603674 41.99999999999999
      vertex -15.208119312000619 -12.988960966603674 40.5
      vertex -14.68645018871371 -13.576014910658834 40.5
    endloop
  endfacet
  facet normal -0.7730104533627382 -0.6343932841636439 0
    outer loop
      vertex -15.706338617614891 -12.381878986196687 41.99999999999999
      vertex -15.706338617614891 -12.381878986196687 40.5
      vertex -15.208119312000619 -12.988960966603674 40.5
    endloop
  endfacet
  facet normal -0.820401443525513 -0.571787960227613 0
    outer loop
      vertex -16.629392246050905 -11.111404660392044 41.99999999999999
      vertex -16.629392246050905 -11.111404660392044 40.5
      vertex -16.18033988749895 -11.75570504584946 40.5
    endloop
  endfacet
  facet normal -0.8422172337162874 -0.5391383229109988 0
    outer loop
      vertex -17.052803287081844 -10.449971294318976 42
      vertex -17.052803287081844 -10.449971294318976 40.5
      vertex -16.629392246050905 -11.111404660392044 40.5
    endloop
  endfacet
  facet normal -0.8627343859777901 -0.5056573733779876 0
    outer loop
      vertex -17.449920141455944 -9.772424829939098 42
      vertex -17.449920141455944 -9.772424829939098 40.5
      vertex -17.052803287081844 -10.449971294318976 40.5
    endloop
  endfacet
  facet normal -0.7973206537727071 -0.6035559419535715 -1.4295076339331897e-15
    outer loop
      vertex -16.18033988749895 -11.755705045849464 41.99999999999999
      vertex -16.18033988749895 -11.75570504584946 40.5
      vertex -15.706338617614891 -12.381878986196687 40.5
    endloop
  endfacet
  facet normal -0.6343932841636438 -0.7730104533627383 0
    outer loop
      vertex -12.988960966603674 -15.208119312000619 42
      vertex -12.988960966603674 -15.208119312000619 40.5
      vertex -12.381878986196678 -15.706338617614898 40.5
    endloop
  endfacet
  facet normal -0.5717879602276125 -0.8204014435255135 -6.771329692246952e-16
    outer loop
      vertex -11.755705045849483 -16.180339887498935 41.99999999999999
      vertex -11.755705045849481 -16.180339887498935 40.5
      vertex -11.111404660392044 -16.629392246050905 40.5
    endloop
  endfacet
  facet normal -0.6035559419535728 -0.7973206537727061 0
    outer loop
      vertex -12.381878986196678 -15.706338617614898 41.99999999999999
      vertex -12.381878986196678 -15.706338617614898 40.5
      vertex -11.755705045849481 -16.180339887498935 40.5
    endloop
  endfacet
  facet normal -0.5391383229109988 -0.8422172337162874 0
    outer loop
      vertex -11.111404660392044 -16.629392246050905 41.99999999999999
      vertex -11.111404660392044 -16.629392246050905 40.5
      vertex -10.449971294318976 -17.052803287081844 40.5
    endloop
  endfacet
  facet normal -0.5056573733779876 -0.8627343859777901 0
    outer loop
      vertex -10.449971294318976 -17.052803287081844 42
      vertex -10.449971294318976 -17.052803287081844 40.5
      vertex -9.772424829939098 -17.449920141455944 40.5
    endloop
  endfacet
  facet normal -0.72085359670292 -0.6930873625456346 0
    outer loop
      vertex -14.68645018871371 -13.576014910658834 41.99999999999999
      vertex -14.68645018871371 -13.576014910658834 40.5
      vertex -14.142135623730951 -14.142135623730951 40.5
    endloop
  endfacet
  facet normal -0.6930873625456346 -0.72085359670292 0
    outer loop
      vertex -14.142135623730951 -14.142135623730951 42
      vertex -14.142135623730951 -14.142135623730951 40.5
      vertex -13.576014910658834 -14.68645018871371 40.5
    endloop
  endfacet
  facet normal -0.6642524379112832 -0.7475083268625955 0
    outer loop
      vertex -13.576014910658834 -14.68645018871371 42
      vertex -13.576014910658834 -14.68645018871371 40.5
      vertex -12.988960966603674 -15.208119312000619 40.5
    endloop
  endfacet
  facet normal 0.7208535967029295 0.6930873625456249 0
    outer loop
      vertex -13.152186130069786 -13.152186130069786 42
      vertex -13.152186130069786 -13.152186130069786 40.5
      vertex -13.25560589741651 -13.044623194586082 40.5
    endloop
  endfacet
  facet normal 0.8422172337162843 0.5391383229110037 0
    outer loop
      vertex -13.624764888310576 -12.576347247035393 42
      vertex -13.624764888310576 -12.576347247035393 40.5
      vertex -13.705212986106455 -12.450674907481512 40.5
    endloop
  endfacet
  facet normal 0.8204014435255131 0.5717879602276129 0
    outer loop
      vertex -13.539444940185705 -12.698764320272302 42
      vertex -13.539444940185705 -12.698764320272302 40.5
      vertex -13.624764888310576 -12.576347247035393 40.5
    endloop
  endfacet
  facet normal 0.7973206537727117 0.6035559419535654 0
    outer loop
      vertex -13.449384698907735 -12.817737368938275 42
      vertex -13.449384698907735 -12.817737368938275 40.5
      vertex -13.539444940185705 -12.698764320272302 40.5
    endloop
  endfacet
  facet normal 0.7475083268626063 0.6642524379112711 0
    outer loop
      vertex -13.25560589741651 -13.044623194586082 42
      vertex -13.25560589741651 -13.044623194586082 40.5
      vertex -13.35472303084102 -12.9330829452156 40.5
    endloop
  endfacet
  facet normal 0.7730104533627227 0.6343932841636629 0
    outer loop
      vertex -13.35472303084102 -12.9330829452156 42
      vertex -13.35472303084102 -12.9330829452156 40.5
      vertex -13.449384698907735 -12.817737368938275 40.5
    endloop
  endfacet
  facet normal 0.6642524379112711 0.7475083268626063 0
    outer loop
      vertex -12.9330829452156 -13.35472303084102 42
      vertex -12.9330829452156 -13.35472303084102 40.5
      vertex -13.044623194586082 -13.25560589741651 40.5
    endloop
  endfacet
  facet normal 0.6930873625456249 0.7208535967029295 0
    outer loop
      vertex -13.044623194586082 -13.25560589741651 42
      vertex -13.044623194586082 -13.25560589741651 40.5
      vertex -13.152186130069786 -13.152186130069786 40.5
    endloop
  endfacet
  facet normal 0.6343932841636629 0.7730104533627227 0
    outer loop
      vertex -12.817737368938275 -13.449384698907735 42
      vertex -12.817737368938275 -13.449384698907735 40.5
      vertex -12.9330829452156 -13.35472303084102 40.5
    endloop
  endfacet
  facet normal 0.6035559419535654 0.7973206537727118 0
    outer loop
      vertex -12.698764320272302 -13.539444940185705 41.99999999999999
      vertex -12.698764320272302 -13.539444940185705 40.5
      vertex -12.817737368938275 -13.449384698907735 40.5
    endloop
  endfacet
  facet normal 0.5717879602276129 0.8204014435255133 0
    outer loop
      vertex -12.576347247035393 -13.624764888310576 41.99999999999999
      vertex -12.576347247035393 -13.624764888310576 40.5
      vertex -12.698764320272302 -13.539444940185705 40.5
    endloop
  endfacet
  facet normal 0.5391383229110037 0.8422172337162843 0
    outer loop
      vertex -12.450674907481512 -13.705212986106455 41.99999999999999
      vertex -12.450674907481512 -13.705212986106455 40.5
      vertex -12.576347247035393 -13.624764888310576 40.5
    endloop
  endfacet
  facet normal 0.8819212643483515 0.47139673682600397 0
    outer loop
      vertex -13.780665188437533 -12.321941079249333 42
      vertex -13.780665188437533 -12.321941079249333 40.5
      vertex -13.851005153476702 -12.190344260571184 40.5
    endloop
  endfacet
  facet normal 0.9312149347588005 0.36447049987915764 0
    outer loop
      vertex -13.975922585103794 -11.919377404548245 42
      vertex -13.975922585103794 -11.919377404548245 40.5
      vertex -14.030307438066345 -11.780425178455378 40.5
    endloop
  endfacet
  facet normal 0.9161879571171417 0.4007488331031275 0
    outer loop
      vertex -13.916124422096214 -12.056087364203133 41.99999999999999
      vertex -13.916124422096214 -12.056087364203133 40.5
      vertex -13.975922585103794 -11.919377404548245 40.5
    endloop
  endfacet
  facet normal 0.8997482840522193 0.43640924067334663 0
    outer loop
      vertex -13.851005153476702 -12.190344260571184 41.99999999999999
      vertex -13.851005153476702 -12.190344260571184 40.5
      vertex -13.916124422096214 -12.056087364203133 40.5
    endloop
  endfacet
  facet normal 0.9448060464668778 0.3276301795616939 0
    outer loop
      vertex -14.030307438066345 -11.780425178455378 42
      vertex -14.030307438066345 -11.780425178455378 40.5
      vertex -14.079195123482489 -11.639444940185705 40.5
    endloop
  endfacet
  facet normal 0.9569403357322055 0.2902846772544736 0
    outer loop
      vertex -14.079195123482489 -11.639444940185705 42
      vertex -14.079195123482489 -11.639444940185705 40.5
      vertex -14.122510260084766 -11.496654071048187 40.5
    endloop
  endfacet
  facet normal 0.9675990923602652 0.2524915770151374 0
    outer loop
      vertex -14.122510260084766 -11.496654071048187 42
      vertex -14.122510260084766 -11.496654071048187 40.5
      vertex -14.160186059072075 -11.352272744213344 40.5
    endloop
  endfacet
  facet normal 0.9767658813208709 0.2143091530650575 0
    outer loop
      vertex -14.160186059072075 -11.352272744213344 42
      vertex -14.160186059072075 -11.352272744213344 40.5
      vertex -14.19216442709318 -11.206523585222191 40.5
    endloop
  endfacet
  facet normal 0.990569340443577 0.13701234168196916 0
    outer loop
      vertex -14.218396055822428 -11.059631328713781 42
      vertex -14.218396055822428 -11.059631328713781 40.5
      vertex -14.238840497989624 -10.911822471900688 40.5
    endloop
  endfacet
  facet normal 0.9844265680898919 0.17579627993435293 0
    outer loop
      vertex -14.19216442709318 -11.206523585222191 42
      vertex -14.19216442709318 -11.206523585222191 40.5
      vertex -14.218396055822428 -11.059631328713781 40.5
    endloop
  endfacet
  facet normal 0.9951847266721975 0.0980171403295554 0
    outer loop
      vertex -14.238840497989624 -10.911822471900688 42
      vertex -14.238840497989624 -10.911822471900688 40.5
      vertex -14.25346622974679 -10.763324925326716 40.5
    endloop
  endfacet
  facet normal 0.998265610184716 0.05887080365118668 0
    outer loop
      vertex -14.25346622974679 -10.763324925326716 42
      vertex -14.25346622974679 -10.763324925326716 40.5
      vertex -14.26225069927565 -10.614367661445364 40.5
    endloop
  endfacet
  facet normal 0.9998072404820649 0.019633692460625022 0
    outer loop
      vertex -14.26225069927565 -10.614367661445364 42
      vertex -14.26225069927565 -10.614367661445364 40.5
      vertex -14.265180361560903 -10.465180361560902 40.5
    endloop
  endfacet
  facet normal 0.9998072404820654 -0.019633692460601686 0
    outer loop
      vertex -14.265180361560903 -10.465180361560902 42
      vertex -14.265180361560903 -10.465180361560902 40.5
      vertex -14.262250699275654 -10.315993061676444 40.5
    endloop
  endfacet
  facet normal 0.9982656101847153 -0.05887080365119925 0
    outer loop
      vertex -14.262250699275654 -10.315993061676444 42
      vertex -14.262250699275654 -10.315993061676444 40.5
      vertex -14.253466229746792 -10.167035797795094 40.5
    endloop
  endfacet
  facet normal 0.9951847266721964 -0.09801714032956603 0
    outer loop
      vertex -14.253466229746792 -10.167035797795094 42
      vertex -14.253466229746792 -10.167035797795094 40.5
      vertex -14.238840497989624 -10.01853825122112 40.5
    endloop
  endfacet
  facet normal 0.862734385977795 0.5056573733779793 0
    outer loop
      vertex -13.705212986106455 -12.450674907481512 42
      vertex -13.705212986106455 -12.450674907481512 40.5
      vertex -13.780665188437533 -12.321941079249333 40.5
    endloop
  endfacet
  facet normal 0.5056573733779793 0.862734385977795 0
    outer loop
      vertex -12.321941079249333 -13.780665188437533 41.99999999999999
      vertex -12.321941079249333 -13.780665188437533 40.5
      vertex -12.450674907481512 -13.705212986106455 40.5
    endloop
  endfacet
  facet normal 0.47139673682600397 0.8819212643483515 0
    outer loop
      vertex -12.190344260571184 -13.851005153476702 42
      vertex -12.190344260571184 -13.851005153476702 40.5
      vertex -12.321941079249333 -13.780665188437533 40.5
    endloop
  endfacet
  facet normal 0.43640924067334663 0.8997482840522192 0
    outer loop
      vertex -12.056087364203133 -13.916124422096214 42
      vertex -12.056087364203133 -13.916124422096214 40.5
      vertex -12.190344260571184 -13.851005153476702 40.5
    endloop
  endfacet
  facet normal 0.4007488331031275 0.9161879571171417 0
    outer loop
      vertex -11.919377404548245 -13.975922585103794 41.99999999999999
      vertex -11.919377404548245 -13.975922585103794 40.5
      vertex -12.056087364203133 -13.916124422096214 40.5
    endloop
  endfacet
  facet normal 0.3276301795616939 0.9448060464668778 0
    outer loop
      vertex -11.639444940185705 -14.079195123482489 41.99999999999999
      vertex -11.639444940185705 -14.079195123482489 40.5
      vertex -11.780425178455378 -14.030307438066345 40.5
    endloop
  endfacet
  facet normal 0.36447049987915764 0.9312149347588006 0
    outer loop
      vertex -11.780425178455378 -14.030307438066345 41.99999999999999
      vertex -11.780425178455378 -14.030307438066345 40.5
      vertex -11.919377404548245 -13.975922585103794 40.5
    endloop
  endfacet
  facet normal 0.2902846772544736 0.9569403357322055 0
    outer loop
      vertex -11.496654071048187 -14.122510260084766 41.99999999999999
      vertex -11.496654071048187 -14.122510260084766 40.5
      vertex -11.639444940185705 -14.079195123482489 40.5
    endloop
  endfacet
  facet normal 0.25249157701513736 0.9675990923602651 0
    outer loop
      vertex -11.352272744213344 -14.160186059072075 41.99999999999999
      vertex -11.352272744213344 -14.160186059072075 40.5
      vertex -11.496654071048187 -14.122510260084766 40.5
    endloop
  endfacet
  facet normal 0.2143091530650575 0.9767658813208709 0
    outer loop
      vertex -11.206523585222191 -14.19216442709318 41.99999999999999
      vertex -11.206523585222191 -14.19216442709318 40.5
      vertex -11.352272744213344 -14.160186059072075 40.5
    endloop
  endfacet
  facet normal 0.17579627993435296 0.9844265680898919 0
    outer loop
      vertex -11.059631328713781 -14.218396055822428 41.99999999999999
      vertex -11.059631328713781 -14.218396055822428 40.5
      vertex -11.206523585222191 -14.19216442709318 40.5
    endloop
  endfacet
  facet normal 0.13701234168196916 0.990569340443577 0
    outer loop
      vertex -10.911822471900688 -14.238840497989624 42
      vertex -10.911822471900688 -14.238840497989624 40.5
      vertex -11.059631328713781 -14.218396055822428 40.5
    endloop
  endfacet
  facet normal 0.0980171403295554 0.9951847266721975 0
    outer loop
      vertex -10.763324925326716 -14.25346622974679 42
      vertex -10.763324925326716 -14.25346622974679 40.5
      vertex -10.911822471900688 -14.238840497989624 40.5
    endloop
  endfacet
  facet normal 0.05887080365118668 0.998265610184716 0
    outer loop
      vertex -10.614367661445364 -14.26225069927565 42
      vertex -10.614367661445364 -14.26225069927565 40.5
      vertex -10.763324925326716 -14.25346622974679 40.5
    endloop
  endfacet
  facet normal 0.019633692460625022 0.9998072404820649 0
    outer loop
      vertex -10.465180361560902 -14.265180361560903 41.99999999999999
      vertex -10.465180361560902 -14.265180361560903 40.5
      vertex -10.614367661445364 -14.26225069927565 40.5
    endloop
  endfacet
  facet normal -0.019633692460601686 0.9998072404820654 0
    outer loop
      vertex -10.315993061676444 -14.262250699275654 41.99999999999999
      vertex -10.315993061676444 -14.262250699275654 40.5
      vertex -10.465180361560902 -14.265180361560903 40.5
    endloop
  endfacet
  facet normal -0.05887080365119924 0.9982656101847153 0
    outer loop
      vertex -10.167035797795094 -14.253466229746792 41.99999999999999
      vertex -10.167035797795094 -14.253466229746792 40.5
      vertex -10.315993061676444 -14.262250699275654 40.5
    endloop
  endfacet
  facet normal -0.09801714032956603 0.9951847266721964 0
    outer loop
      vertex -10.01853825122112 -14.238840497989624 41.99999999999999
      vertex -10.01853825122112 -14.238840497989624 40.5
      vertex -10.167035797795094 -14.253466229746792 40.5
    endloop
  endfacet
  facet normal -0.8819212643483559 -0.471396736825996 0
    outer loop
      vertex -17.820130483767358 -9.079809994790935 42
      vertex -17.820130483767358 -9.079809994790935 40.5
      vertex -17.449920141455944 -9.772424829939098 40.5
    endloop
  endfacet
  facet normal -0.9161879571171344 -0.40074883310314413 0
    outer loop
      vertex -18.477590650225736 -7.653668647301796 42
      vertex -18.477590650225736 -7.653668647301796 40.5
      vertex -18.162863476501624 -8.373194750748562 40.5
    endloop
  endfacet
  facet normal -0.8997482840522225 -0.43640924067333986 0
    outer loop
      vertex -18.162863476501624 -8.373194750748562 42
      vertex -18.162863476501624 -8.373194750748562 40.5
      vertex -17.820130483767358 -9.079809994790935 40.5
    endloop
  endfacet
  facet normal -0.9448060464668785 -0.327630179561692 0
    outer loop
      vertex -19.02113032590307 -6.180339887498948 42
      vertex -19.02113032590307 -6.180339887498948 40.5
      vertex -18.763826718449682 -6.922341141549859 40.5
    endloop
  endfacet
  facet normal -0.9569403357322078 -0.2902846772544664 0
    outer loop
      vertex -19.249104729072947 -5.428808997301485 42
      vertex -19.249104729072947 -5.428808997301485 40.5
      vertex -19.02113032590307 -6.180339887498948 40.5
    endloop
  endfacet
  facet normal -0.9312149347588043 -0.36447049987914787 0
    outer loop
      vertex -18.763826718449682 -6.922341141549859 42
      vertex -18.763826718449682 -6.922341141549859 40.5
      vertex -18.477590650225736 -7.653668647301796 40.5
    endloop
  endfacet
  facet normal 0.9312149347588031 0.3644704998791507 0
    outer loop
      vertex -15.272360505172644 -6.241847494573982 41.99999999999999
      vertex -15.272360505172644 -6.241847494573982 40.5
      vertex -15.480157042720988 -5.710931441778634 40.5
    endloop
  endfacet
  facet normal -0.7475083268626039 0.6642524379112736 0
    outer loop
      vertex -15.164844421949294 -6.120855590150076 41.99999999999999
      vertex -15.164844421949294 -6.120855590150076 40.5
      vertex -15.272360505172644 -6.241847494573982 40.5
    endloop
  endfacet
  facet normal -0.7208535967029177 0.6930873625456369 0
    outer loop
      vertex -14.99066376115481 -5.939696961966999 41.99999999999999
      vertex -14.99066376115481 -5.939696961966999 40.5
      vertex -15.164844421949294 -6.120855590150076 40.5
    endloop
  endfacet
  facet normal 0.9448060464668782 0.32763017956169305 0
    outer loop
      vertex -15.480157042720988 -5.710931441778634 42
      vertex -15.480157042720988 -5.710931441778634 40.5
      vertex -15.692432518870033 -5.098780407186632 40.5
    endloop
  endfacet
  facet normal -0.9675990923602602 -0.2524915770151565 0
    outer loop
      vertex -19.447398407953532 -4.668907277118108 42
      vertex -19.447398407953532 -4.668907277118108 40.5
      vertex -19.249104729072947 -5.428808997301485 40.5
    endloop
  endfacet
  facet normal -0.9767658813208727 -0.21430915306505025 0
    outer loop
      vertex -19.61570560806461 -3.9018064403225647 42
      vertex -19.61570560806461 -3.9018064403225647 40.5
      vertex -19.447398407953532 -4.668907277118108 40.5
    endloop
  endfacet
  facet normal -0.9844265680898908 -0.17579627993435834 0
    outer loop
      vertex -19.753766811902757 -3.1286893008046173 42
      vertex -19.753766811902757 -3.1286893008046173 40.5
      vertex -19.61570560806461 -3.9018064403225647 40.5
    endloop
  endfacet
  facet normal -0.9905693404435779 -0.137012341681963 0
    outer loop
      vertex -19.861369139098525 -2.350747949156753 42
      vertex -19.861369139098525 -2.350747949156753 40.5
      vertex -19.753766811902757 -3.1286893008046173 40.5
    endloop
  endfacet
  facet normal -0.9951847266721969 -0.09801714032956035 0
    outer loop
      vertex -19.938346674662558 -1.5691819145568988 42
      vertex -19.938346674662558 -1.5691819145568988 40.5
      vertex -19.861369139098525 -2.350747949156753 40.5
    endloop
  endfacet
  facet normal -0.998265610184716 -0.05887080365118819 0
    outer loop
      vertex -19.938346674662558 -1.5691819145568988 42
      vertex -19.977810397239875 -0.9 40.5
      vertex -19.938346674662558 -1.5691819145568988 40.5
    endloop
  endfacet
  facet normal 0.9569403357322086 0.29028467725446294 0
    outer loop
      vertex -15.692432518870033 -5.098780407186632 42
      vertex -15.692432518870033 -5.098780407186632 40.5
      vertex -15.88051140148518 -4.478767422773726 40.5
    endloop
  endfacet
  facet normal 0.9675990923602602 0.25249157701515634 0
    outer loop
      vertex -15.88051140148518 -4.478767422773726 42
      vertex -15.88051140148518 -4.478767422773726 40.5
      vertex -16.044103686561662 -3.851848503622439 40.5
    endloop
  endfacet
  facet normal 0.9767658813208717 0.21430915306505385 0
    outer loop
      vertex -16.044103686561662 -3.851848503622439 42
      vertex -16.044103686561662 -3.851848503622439 40.5
      vertex -16.182957126653303 -3.218990313266116 40.5
    endloop
  endfacet
  facet normal 0.9844265680898919 0.17579627993435257 0
    outer loop
      vertex -16.182957126653303 -3.218990313266116 42
      vertex -16.182957126653303 -3.218990313266116 40.5
      vertex -16.29685761981977 -2.5811686731638095 40.5
    endloop
  endfacet
  facet normal 0.990569340443577 0.1370123416819693 0
    outer loop
      vertex -16.29685761981977 -2.5811686731638095 42
      vertex -16.29685761981977 -2.5811686731638095 40.5
      vertex -16.385629539756284 -1.9393670580543212 40.5
    endloop
  endfacet
  facet normal 0.995184726672197 0.09801714032955898 0
    outer loop
      vertex -16.385629539756284 -1.9393670580543212 42
      vertex -16.385629539756284 -1.9393670580543212 40.5
      vertex -16.44913600659661 -1.2945750795094415 40.5
    endloop
  endfacet
  facet normal 0.9982656101847156 0.0588708036511936 0
    outer loop
      vertex -16.44913600659661 -1.2945750795094415 42
      vertex -16.44913600659661 -1.2945750795094415 40.5
      vertex -16.472405316682487 -0.9 40.5
    endloop
  endfacet
  facet normal 0.9905693404435758 -0.13701234168197923 0
    outer loop
      vertex -14.238840497989624 -10.01853825122112 41.99999999999999
      vertex -14.238840497989624 -10.01853825122112 40.5
      vertex -14.218396055822426 -9.870729394408025 40.5
    endloop
  endfacet
  facet normal 0.9844265680898936 -0.17579627993434346 0
    outer loop
      vertex -14.218396055822426 -9.870729394408025 42
      vertex -14.218396055822426 -9.870729394408025 40.5
      vertex -14.19216442709318 -9.723837137899617 40.5
    endloop
  endfacet
  facet normal 0.9767658813208709 -0.2143091530650575 0
    outer loop
      vertex -14.19216442709318 -9.723837137899617 42
      vertex -14.19216442709318 -9.723837137899617 40.5
      vertex -14.160186059072075 -9.578087978908464 40.5
    endloop
  endfacet
  facet normal 0.9675990923602593 -0.2524915770151597 0
    outer loop
      vertex -14.160186059072075 -9.578087978908464 42
      vertex -14.160186059072075 -9.578087978908464 40.5
      vertex -14.122510260084763 -9.43370665207362 40.5
    endloop
  endfacet
  facet normal 0.956940335732212 -0.29028467725445173 0
    outer loop
      vertex -14.122510260084763 -9.43370665207362 42
      vertex -14.122510260084763 -9.43370665207362 40.5
      vertex -14.079195123482489 -9.290915782936104 40.5
    endloop
  endfacet
  facet normal 0.9448060464668778 -0.3276301795616939 0
    outer loop
      vertex -14.079195123482489 -9.290915782936104 42
      vertex -14.079195123482489 -9.290915782936104 40.5
      vertex -14.030307438066345 -9.14993554466643 40.5
    endloop
  endfacet
  facet normal 0.9312149347588029 -0.3644704998791513 0
    outer loop
      vertex -14.030307438066345 -9.14993554466643 42
      vertex -14.030307438066345 -9.14993554466643 40.5
      vertex -13.975922585103795 -9.010983318573565 40.5
    endloop
  endfacet
  facet normal 0.9161879571171354 -0.40074883310314185 0
    outer loop
      vertex -13.975922585103795 -9.010983318573565 42
      vertex -13.975922585103795 -9.010983318573565 40.5
      vertex -13.916124422096214 -8.874273358918678 40.5
    endloop
  endfacet
  facet normal 0.8997482840522192 -0.43640924067334663 0
    outer loop
      vertex -13.916124422096214 -8.874273358918678 42
      vertex -13.916124422096214 -8.874273358918678 40.5
      vertex -13.851005153476702 -8.740016462550628 40.5
    endloop
  endfacet
  facet normal 0.8819212643483568 -0.4713967368259941 0
    outer loop
      vertex -13.851005153476702 -8.740016462550628 42
      vertex -13.851005153476702 -8.740016462550628 40.5
      vertex -13.780665188437533 -8.608419643872475 40.5
    endloop
  endfacet
  facet normal 0.8627343859777972 -0.5056573733779757 0
    outer loop
      vertex -13.780665188437533 -8.608419643872475 41.99999999999999
      vertex -13.780665188437533 -8.608419643872475 40.5
      vertex -13.705212986106456 -8.479685815640298 40.5
    endloop
  endfacet
  facet normal 0.8422172337162823 -0.5391383229110067 0
    outer loop
      vertex -13.705212986106456 -8.479685815640298 42
      vertex -13.705212986106456 -8.479685815640298 40.5
      vertex -13.624764888310576 -8.354013476086415 40.5
    endloop
  endfacet
  facet normal 0.8204014435255131 -0.5717879602276129 0
    outer loop
      vertex -13.624764888310576 -8.354013476086415 42
      vertex -13.624764888310576 -8.354013476086415 40.5
      vertex -13.539444940185705 -8.231596402849506 40.5
    endloop
  endfacet
  facet normal 0.7973206537727118 -0.6035559419535654 0
    outer loop
      vertex -13.539444940185705 -8.231596402849506 41.99999999999999
      vertex -13.539444940185705 -8.231596402849506 40.5
      vertex -13.449384698907735 -8.112623354183533 40.5
    endloop
  endfacet
  facet normal 0.7730104533627343 -0.6343932841636487 0
    outer loop
      vertex -13.449384698907735 -8.112623354183533 42
      vertex -13.449384698907735 -8.112623354183533 40.5
      vertex -13.354723030841024 -7.997277777906207 40.5
    endloop
  endfacet
  facet normal 0.7475083268625944 -0.6642524379112844 0
    outer loop
      vertex -13.354723030841024 -7.997277777906207 41.99999999999999
      vertex -13.354723030841024 -7.997277777906207 40.5
      vertex -13.25560589741651 -7.885737528535726 40.5
    endloop
  endfacet
  facet normal 0.7208535967029176 -0.693087362545637 0
    outer loop
      vertex -13.25560589741651 -7.885737528535726 41.99999999999999
      vertex -13.25560589741651 -7.885737528535726 40.5
      vertex -13.152186130069785 -7.778174593052023 40.5
    endloop
  endfacet
  facet normal 0.6930873625456367 -0.7208535967029179 0
    outer loop
      vertex -13.152186130069785 -7.778174593052023 41.99999999999999
      vertex -13.152186130069785 -7.778174593052023 40.5
      vertex -13.044623194586084 -7.6747548257053 40.5
    endloop
  endfacet
  facet normal 0.6642524379112844 -0.7475083268625944 0
    outer loop
      vertex -13.044623194586084 -7.6747548257053 41.99999999999999
      vertex -13.044623194586084 -7.6747548257053 40.5
      vertex -12.933082945215602 -7.575637692280786 40.5
    endloop
  endfacet
  facet normal 0.6343932841636465 -0.7730104533627362 0
    outer loop
      vertex -12.933082945215602 -7.575637692280786 41.99999999999999
      vertex -12.933082945215602 -7.575637692280786 40.5
      vertex -12.817737368938275 -7.4809760242140735 40.5
    endloop
  endfacet
  facet normal -0.6930873625456369 0.7208535967029177 0
    outer loop
      vertex -14.809505132971733 -5.765516301172515 41.99999999999999
      vertex -14.809505132971733 -5.765516301172515 40.5
      vertex -14.99066376115481 -5.939696961966999 40.5
    endloop
  endfacet
  facet normal -0.6642524379112806 0.7475083268625977 0
    outer loop
      vertex -14.621647870874082 -5.5985821817207055 41.99999999999999
      vertex -14.621647870874082 -5.5985821817207055 40.5
      vertex -14.809505132971733 -5.765516301172515 40.5
    endloop
  endfacet
  facet normal -0.6343932841636426 0.7730104533627394 0
    outer loop
      vertex -14.427381637143844 -5.4391520039241374 41.99999999999999
      vertex -14.427381637143844 -5.4391520039241374 40.5
      vertex -14.621647870874082 -5.5985821817207055 40.5
    endloop
  endfacet
  facet normal -0.6035559419535705 0.7973206537727078 0
    outer loop
      vertex -14.227005976232734 -5.287471597561241 41.99999999999999
      vertex -14.227005976232734 -5.287471597561241 40.5
      vertex -14.427381637143844 -5.4391520039241374 40.5
    endloop
  endfacet
  facet normal -0.5717879602276149 0.8204014435255118 0
    outer loop
      vertex -14.02082985288636 -5.143774842824614 41.99999999999999
      vertex -14.02082985288636 -5.143774842824614 40.5
      vertex -14.227005976232734 -5.287471597561241 40.5
    endloop
  endfacet
  facet normal -0.5391383229109968 0.8422172337162886 0
    outer loop
      vertex -13.809171175742978 -5.008283309694715 41.99999999999999
      vertex -13.809171175742978 -5.008283309694715 40.5
      vertex -14.02082985288636 -5.143774842824614 40.5
    endloop
  endfacet
  facet normal 0.6035559419535673 -0.7973206537727102 0
    outer loop
      vertex -12.817737368938275 -7.4809760242140735 41.99999999999999
      vertex -12.817737368938275 -7.4809760242140735 40.5
      vertex -12.698764320272304 -7.390915782936105 40.5
    endloop
  endfacet
  facet normal 0.5717879602276154 -0.8204014435255115 0
    outer loop
      vertex -12.698764320272304 -7.390915782936105 41.99999999999999
      vertex -12.698764320272304 -7.390915782936105 40.5
      vertex -12.576347247035393 -7.305595834811232 40.5
    endloop
  endfacet
  facet normal 0.5391383229109941 -0.8422172337162905 0
    outer loop
      vertex -12.576347247035393 -7.305595834811232 41.99999999999999
      vertex -12.576347247035393 -7.305595834811232 40.5
      vertex -12.45067490748151 -7.225147737015354 40.5
    endloop
  endfacet
  facet normal 0.505657373377989 -0.8627343859777893 0
    outer loop
      vertex -12.45067490748151 -7.225147737015354 41.99999999999999
      vertex -12.45067490748151 -7.225147737015354 40.5
      vertex -12.321941079249333 -7.149695534684275 40.5
    endloop
  endfacet
  facet normal 0.47139673682598987 -0.8819212643483592 0
    outer loop
      vertex -12.321941079249333 -7.149695534684275 41.99999999999999
      vertex -12.321941079249333 -7.149695534684275 40.5
      vertex -12.190344260571182 -7.079355569645108 40.5
    endloop
  endfacet
  facet normal 0.43640924067334663 -0.8997482840522193 0
    outer loop
      vertex -12.190344260571182 -7.079355569645108 41.99999999999999
      vertex -12.190344260571182 -7.079355569645108 40.5
      vertex -12.056087364203131 -7.014236301025596 40.5
    endloop
  endfacet
  facet normal 0.40074883310313625 -0.916187957117138 0
    outer loop
      vertex -12.056087364203131 -7.014236301025596 41.99999999999999
      vertex -12.056087364203131 -7.014236301025596 40.5
      vertex -11.919377404548246 -6.954438138018016 40.5
    endloop
  endfacet
  facet normal 0.3644704998791588 -0.9312149347588 0
    outer loop
      vertex -11.919377404548246 -6.954438138018016 41.99999999999999
      vertex -11.919377404548246 -6.954438138018016 40.5
      vertex -11.780425178455378 -6.900053285055464 40.5
    endloop
  endfacet
  facet normal 0.32763017956169926 -0.944806046466876 0
    outer loop
      vertex -11.780425178455378 -6.900053285055464 41.99999999999999
      vertex -11.780425178455378 -6.900053285055464 40.5
      vertex -11.639444940185705 -6.8511655996393195 40.5
    endloop
  endfacet
  facet normal 0.2902846772544518 -0.9569403357322122 0
    outer loop
      vertex -11.639444940185705 -6.8511655996393195 41.99999999999999
      vertex -11.639444940185705 -6.8511655996393195 40.5
      vertex -11.496654071048187 -6.807850463037045 40.5
    endloop
  endfacet
  facet normal 0.2524915770151597 -0.9675990923602593 0
    outer loop
      vertex -11.496654071048187 -6.807850463037045 41.99999999999999
      vertex -11.496654071048187 -6.807850463037045 40.5
      vertex -11.352272744213344 -6.770174664049733 40.5
    endloop
  endfacet
  facet normal 0.2143091530650575 -0.9767658813208709 0
    outer loop
      vertex -11.352272744213344 -6.770174664049733 41.99999999999999
      vertex -11.352272744213344 -6.770174664049733 40.5
      vertex -11.206523585222191 -6.738196296028628 40.5
    endloop
  endfacet
  facet normal 0.17579627993434346 -0.9844265680898936 0
    outer loop
      vertex -11.206523585222191 -6.738196296028628 41.99999999999999
      vertex -11.206523585222191 -6.738196296028628 40.5
      vertex -11.059631328713783 -6.711964667299382 40.5
    endloop
  endfacet
  facet normal 0.13701234168197338 -0.9905693404435765 0
    outer loop
      vertex -11.059631328713783 -6.711964667299382 41.99999999999999
      vertex -11.059631328713783 -6.711964667299382 40.5
      vertex -10.911822471900688 -6.691520225132185 40.5
    endloop
  endfacet
  facet normal 0.0980171403295613 -0.9951847266721968 0
    outer loop
      vertex -10.911822471900688 -6.691520225132185 41.99999999999999
      vertex -10.911822471900688 -6.691520225132185 40.5
      vertex -10.763324925326716 -6.676894493375018 40.5
    endloop
  endfacet
  facet normal 0.05887080365118215 -0.9982656101847164 0
    outer loop
      vertex -10.763324925326716 -6.676894493375018 41.99999999999999
      vertex -10.763324925326716 -6.676894493375018 40.5
      vertex -10.614367661445367 -6.668110023846158 40.5
    endloop
  endfacet
  facet normal 0.019633692460642636 -0.9998072404820646 0
    outer loop
      vertex -10.614367661445367 -6.668110023846158 41.99999999999999
      vertex -10.614367661445367 -6.668110023846158 40.5
      vertex -10.465180361560904 -6.665180361560903 40.5
    endloop
  endfacet
  facet normal -0.019633692460637155 -0.9998072404820647 0
    outer loop
      vertex -10.465180361560904 -6.665180361560903 41.99999999999999
      vertex -10.465180361560904 -6.665180361560903 40.5
      vertex -10.315993061676444 -6.6681100238461575 40.5
    endloop
  endfacet
  facet normal -0.05887080365118075 -0.9982656101847164 0
    outer loop
      vertex -10.315993061676444 -6.6681100238461575 41.99999999999999
      vertex -10.315993061676444 -6.6681100238461575 40.5
      vertex -10.167035797795092 -6.676894493375017 40.5
    endloop
  endfacet
  facet normal -0.0980171403295613 -0.9951847266721968 0
    outer loop
      vertex -10.167035797795092 -6.676894493375017 41.99999999999999
      vertex -10.167035797795092 -6.676894493375017 40.5
      vertex -10.01853825122112 -6.691520225132184 40.5
    endloop
  endfacet
  facet normal -0.5056573733779873 0.8627343859777904 0
    outer loop
      vertex -13.592356307141415 -4.881205916295001 41.99999999999999
      vertex -13.592356307141415 -4.881205916295001 40.5
      vertex -13.809171175742978 -5.008283309694715 40.5
    endloop
  endfacet
  facet normal -0.4713967368259934 0.8819212643483572 0
    outer loop
      vertex -13.370719559894004 -4.7627386067553505 41.99999999999999
      vertex -13.370719559894004 -4.7627386067553505 40.5
      vertex -13.592356307141415 -4.881205916295001 40.5
    endloop
  endfacet
  facet normal -0.43640924067334697 0.8997482840522191 0
    outer loop
      vertex -13.144602681800444 -4.653064049080383 41.99999999999999
      vertex -13.144602681800444 -4.653064049080383 40.5
      vertex -13.370719559894004 -4.7627386067553505 40.5
    endloop
  endfacet
  facet normal -0.40074883310313697 0.9161879571171376 0
    outer loop
      vertex -12.91435432869748 -4.552351353488669 41.99999999999999
      vertex -12.91435432869748 -4.552351353488669 40.5
      vertex -13.144602681800444 -4.653064049080383 40.5
    endloop
  endfacet
  facet normal -0.3644704998791507 0.9312149347588031 0
    outer loop
      vertex -12.680329526856859 -4.460755811657005 41.99999999999999
      vertex -12.680329526856859 -4.460755811657005 40.5
      vertex -12.91435432869748 -4.552351353488669 40.5
    endloop
  endfacet
  facet normal -0.32763017956169477 0.9448060464668777 0
    outer loop
      vertex -12.44288912556057 -4.378418657271921 41.99999999999999
      vertex -12.44288912556057 -4.378418657271921 40.5
      vertex -12.680329526856859 -4.460755811657005 40.5
    endloop
  endfacet
  facet normal -0.29028467725446283 0.9569403357322087 0
    outer loop
      vertex -12.20239924069738 -4.305466848257561 41.99999999999999
      vertex -12.20239924069738 -4.305466848257561 40.5
      vertex -12.44288912556057 -4.378418657271921 40.5
    endloop
  endfacet
  facet normal -0.2524915770151577 0.9675990923602598 0
    outer loop
      vertex -11.959230690238698 -4.242012871015773 41.99999999999999
      vertex -11.959230690238698 -4.242012871015773 40.5
      vertex -12.20239924069738 -4.305466848257561 40.5
    endloop
  endfacet
  facet normal -0.21430915306505097 0.9767658813208724 0
    outer loop
      vertex -11.713758422464126 -4.188154566980229 41.99999999999999
      vertex -11.713758422464126 -4.188154566980229 40.5
      vertex -11.959230690238698 -4.242012871015773 40.5
    endloop
  endfacet
  facet normal -0.17579627993435604 0.9844265680898915 0
    outer loop
      vertex -11.466360937818383 -4.143974981752022 41.99999999999999
      vertex -11.466360937818383 -4.143974981752022 40.5
      vertex -11.713758422464126 -4.188154566980229 40.5
    endloop
  endfacet
  facet normal -0.13701234168196819 0.9905693404435773 0
    outer loop
      vertex -11.217419705291066 -4.109542237049375 41.99999999999999
      vertex -11.217419705291066 -4.109542237049375 40.5
      vertex -11.466360937818383 -4.143974981752022 40.5
    endloop
  endfacet
  facet normal -0.09801714032955863 0.995184726672197 0
    outer loop
      vertex -10.967318574219112 -4.084909425668885 41.99999999999999
      vertex -10.967318574219112 -4.084909425668885 40.5
      vertex -11.217419705291066 -4.109542237049375 40.5
    endloop
  endfacet
  facet normal -0.058870803651190025 0.9982656101847159 0
    outer loop
      vertex -10.716443182418944 -4.070114529620277 41.99999999999999
      vertex -10.716443182418944 -4.070114529620277 40.5
      vertex -10.967318574219112 -4.084909425668885 40.5
    endloop
  endfacet
  facet normal -0.019633692460633335 0.9998072404820647 0
    outer loop
      vertex -10.716443182418944 -4.070114529620277 41.99999999999999
      vertex -10.49538501485945 -4.065773504768645 40.5
      vertex -10.716443182418944 -4.070114529620277 40.5
    endloop
  endfacet
  facet normal -0.471396736825996 -0.8819212643483559 0
    outer loop
      vertex -9.772424829939098 -17.449920141455944 42
      vertex -9.772424829939098 -17.449920141455944 40.5
      vertex -9.079809994790935 -17.820130483767358 40.5
    endloop
  endfacet
  facet normal -0.43640924067333986 -0.8997482840522225 0
    outer loop
      vertex -9.079809994790935 -17.820130483767358 42
      vertex -9.079809994790935 -17.820130483767358 40.5
      vertex -8.373194750748562 -18.162863476501624 40.5
    endloop
  endfacet
  facet normal -0.40074883310314413 -0.9161879571171344 0
    outer loop
      vertex -8.373194750748562 -18.162863476501624 42
      vertex -8.373194750748562 -18.162863476501624 40.5
      vertex -7.653668647301796 -18.477590650225736 40.5
    endloop
  endfacet
  facet normal -0.327630179561692 -0.9448060464668785 0
    outer loop
      vertex -6.922341141549859 -18.763826718449682 42
      vertex -6.922341141549859 -18.763826718449682 40.5
      vertex -6.180339887498948 -19.02113032590307 40.5
    endloop
  endfacet
  facet normal -0.36447049987914787 -0.9312149347588043 0
    outer loop
      vertex -7.653668647301796 -18.477590650225736 42
      vertex -7.653668647301796 -18.477590650225736 40.5
      vertex -6.922341141549859 -18.763826718449682 40.5
    endloop
  endfacet
  facet normal -0.2902846772544664 -0.9569403357322078 0
    outer loop
      vertex -6.180339887498948 -19.02113032590307 42
      vertex -6.180339887498948 -19.02113032590307 40.5
      vertex -5.428808997301485 -19.249104729072947 40.5
    endloop
  endfacet
  facet normal -0.2524915770151565 -0.9675990923602602 0
    outer loop
      vertex -5.428808997301485 -19.249104729072947 42
      vertex -5.428808997301485 -19.249104729072947 40.5
      vertex -4.668907277118108 -19.447398407953532 40.5
    endloop
  endfacet
  facet normal -0.13701234168197923 0.9905693404435758 0
    outer loop
      vertex -9.870729394408025 -14.218396055822426 41.99999999999999
      vertex -9.870729394408025 -14.218396055822426 40.5
      vertex -10.01853825122112 -14.238840497989624 40.5
    endloop
  endfacet
  facet normal -0.17579627993434346 0.9844265680898936 0
    outer loop
      vertex -9.723837137899617 -14.19216442709318 41.99999999999999
      vertex -9.723837137899617 -14.19216442709318 40.5
      vertex -9.870729394408025 -14.218396055822426 40.5
    endloop
  endfacet
  facet normal -0.2143091530650575 0.9767658813208709 0
    outer loop
      vertex -9.578087978908464 -14.160186059072075 41.99999999999999
      vertex -9.578087978908464 -14.160186059072075 40.5
      vertex -9.723837137899617 -14.19216442709318 40.5
    endloop
  endfacet
  facet normal -0.2524915770151597 0.9675990923602593 0
    outer loop
      vertex -9.43370665207362 -14.122510260084763 41.99999999999999
      vertex -9.43370665207362 -14.122510260084763 40.5
      vertex -9.578087978908464 -14.160186059072075 40.5
    endloop
  endfacet
  facet normal -0.29028467725445173 0.956940335732212 0
    outer loop
      vertex -9.290915782936104 -14.079195123482489 42
      vertex -9.290915782936104 -14.079195123482489 40.5
      vertex -9.43370665207362 -14.122510260084763 40.5
    endloop
  endfacet
  facet normal -0.3276301795616939 0.9448060464668778 0
    outer loop
      vertex -9.14993554466643 -14.030307438066345 42
      vertex -9.14993554466643 -14.030307438066345 40.5
      vertex -9.290915782936104 -14.079195123482489 40.5
    endloop
  endfacet
  facet normal -0.3644704998791513 0.9312149347588029 0
    outer loop
      vertex -9.010983318573565 -13.975922585103795 42
      vertex -9.010983318573565 -13.975922585103795 40.5
      vertex -9.14993554466643 -14.030307438066345 40.5
    endloop
  endfacet
  facet normal -0.40074883310314185 0.9161879571171355 0
    outer loop
      vertex -8.874273358918678 -13.916124422096214 41.99999999999999
      vertex -8.874273358918678 -13.916124422096214 40.5
      vertex -9.010983318573565 -13.975922585103795 40.5
    endloop
  endfacet
  facet normal -0.4364092406733469 0.8997482840522192 0
    outer loop
      vertex -8.764524562713921 -13.8628924352556 41.99999999999999
      vertex -8.764524562713921 -13.8628924352556 40.5
      vertex -8.874273358918678 -13.916124422096214 40.5
    endloop
  endfacet
  facet normal -0.7071067811865474 -0.7071067811865477 0
    outer loop
      vertex -7.067468287866209 -12.165836160407888 41.99999999999999
      vertex -7.067468287866209 -12.165836160407888 40.5
      vertex -5.171990609501413 -14.061313838772683 40.5
    endloop
  endfacet
  facet normal 0.8204014435255096 -0.5717879602276178 0
    outer loop
      vertex -5.171990609501413 -14.061313838772683 41.99999999999999
      vertex -5.171990609501413 -14.061313838772683 40.5
      vertex -5.143774842824614 -14.02082985288636 40.5
    endloop
  endfacet
  facet normal 0.8422172337162886 -0.5391383229109968 0
    outer loop
      vertex -5.143774842824614 -14.02082985288636 41.99999999999999
      vertex -5.143774842824614 -14.02082985288636 40.5
      vertex -5.008283309694715 -13.809171175742978 40.5
    endloop
  endfacet
  facet normal -0.8997482840522192 0.4364092406733469 0
    outer loop
      vertex -7.014236301025596 -12.056087364203131 41.99999999999999
      vertex -7.014236301025596 -12.056087364203131 40.5
      vertex -7.067468287866209 -12.165836160407888 40.5
    endloop
  endfacet
  facet normal -0.916187957117138 0.40074883310313625 0
    outer loop
      vertex -6.954438138018016 -11.919377404548246 41.99999999999999
      vertex -6.954438138018016 -11.919377404548246 40.5
      vertex -7.014236301025596 -12.056087364203131 40.5
    endloop
  endfacet
  facet normal -0.9312149347588 0.3644704998791588 0
    outer loop
      vertex -6.900053285055464 -11.780425178455378 41.99999999999999
      vertex -6.900053285055464 -11.780425178455378 40.5
      vertex -6.954438138018016 -11.919377404548246 40.5
    endloop
  endfacet
  facet normal -0.944806046466876 0.32763017956169926 0
    outer loop
      vertex -6.8511655996393195 -11.639444940185705 41.99999999999999
      vertex -6.8511655996393195 -11.639444940185705 40.5
      vertex -6.900053285055464 -11.780425178455378 40.5
    endloop
  endfacet
  facet normal -0.9569403357322122 0.2902846772544518 0
    outer loop
      vertex -6.807850463037045 -11.496654071048187 41.99999999999999
      vertex -6.807850463037045 -11.496654071048187 40.5
      vertex -6.8511655996393195 -11.639444940185705 40.5
    endloop
  endfacet
  facet normal -0.9675990923602593 0.2524915770151597 0
    outer loop
      vertex -6.770174664049733 -11.352272744213344 41.99999999999999
      vertex -6.770174664049733 -11.352272744213344 40.5
      vertex -6.807850463037045 -11.496654071048187 40.5
    endloop
  endfacet
  facet normal -0.9767658813208709 0.2143091530650575 0
    outer loop
      vertex -6.738196296028628 -11.206523585222191 41.99999999999999
      vertex -6.738196296028628 -11.206523585222191 40.5
      vertex -6.770174664049733 -11.352272744213344 40.5
    endloop
  endfacet
  facet normal -0.9844265680898936 0.17579627993434346 0
    outer loop
      vertex -6.711964667299382 -11.059631328713783 41.99999999999999
      vertex -6.711964667299382 -11.059631328713783 40.5
      vertex -6.738196296028628 -11.206523585222191 40.5
    endloop
  endfacet
  facet normal -0.9905693404435765 0.13701234168197338 0
    outer loop
      vertex -6.691520225132185 -10.911822471900688 41.99999999999999
      vertex -6.691520225132185 -10.911822471900688 40.5
      vertex -6.711964667299382 -11.059631328713783 40.5
    endloop
  endfacet
  facet normal -0.9951847266721968 0.0980171403295613 0
    outer loop
      vertex -6.676894493375018 -10.763324925326716 41.99999999999999
      vertex -6.676894493375018 -10.763324925326716 40.5
      vertex -6.691520225132185 -10.911822471900688 40.5
    endloop
  endfacet
  facet normal -0.9982656101847164 0.05887080365118215 0
    outer loop
      vertex -6.668110023846158 -10.614367661445367 41.99999999999999
      vertex -6.668110023846158 -10.614367661445367 40.5
      vertex -6.676894493375018 -10.763324925326716 40.5
    endloop
  endfacet
  facet normal -0.9998072404820646 0.019633692460642636 0
    outer loop
      vertex -6.665180361560903 -10.465180361560904 41.99999999999999
      vertex -6.665180361560903 -10.465180361560904 40.5
      vertex -6.668110023846158 -10.614367661445367 40.5
    endloop
  endfacet
  facet normal -0.9998072404820647 -0.019633692460637155 0
    outer loop
      vertex -6.6681100238461575 -10.315993061676444 41.99999999999999
      vertex -6.6681100238461575 -10.315993061676444 40.5
      vertex -6.665180361560903 -10.465180361560904 40.5
    endloop
  endfacet
  facet normal -0.9982656101847164 -0.05887080365118075 0
    outer loop
      vertex -6.676894493375017 -10.167035797795092 41.99999999999999
      vertex -6.676894493375017 -10.167035797795092 40.5
      vertex -6.6681100238461575 -10.315993061676444 40.5
    endloop
  endfacet
  facet normal -0.9951847266721968 -0.0980171403295613 0
    outer loop
      vertex -6.691520225132184 -10.01853825122112 41.99999999999999
      vertex -6.691520225132184 -10.01853825122112 40.5
      vertex -6.676894493375017 -10.167035797795092 40.5
    endloop
  endfacet
  facet normal -0.21430915306505025 -0.9767658813208727 0
    outer loop
      vertex -4.668907277118108 -19.447398407953532 42
      vertex -4.668907277118108 -19.447398407953532 40.5
      vertex -3.9018064403225647 -19.61570560806461 40.5
    endloop
  endfacet
  facet normal 0.7071067811865475 0.7071067811865476 -6.2803698347351e-16
    outer loop
      vertex -2.832711494940773 -19.794705503028748 42
      vertex -2.8327114949407743 -19.794705503028748 40.5
      vertex -8.764524562713921 -13.8628924352556 40.5
    endloop
  endfacet
  facet normal -0.17579627993435834 -0.9844265680898908 0
    outer loop
      vertex -3.9018064403225647 -19.61570560806461 42
      vertex -3.9018064403225647 -19.61570560806461 40.5
      vertex -3.1286893008046173 -19.753766811902757 40.5
    endloop
  endfacet
  facet normal -0.137012341681968 -0.9905693404435773 0
    outer loop
      vertex -3.1286893008046173 -19.753766811902757 42
      vertex -3.1286893008046173 -19.753766811902757 40.5
      vertex -2.8327114949407743 -19.794705503028748 40.5
    endloop
  endfacet
  facet normal 0.1757962799343487 0.9844265680898927 0
    outer loop
      vertex -2.5811686731638095 -16.29685761981977 42
      vertex -2.5811686731638095 -16.29685761981977 40.5
      vertex -3.013684323706296 -16.219620124567804 40.5
    endloop
  endfacet
  facet normal 0.1370123416819693 0.990569340443577 0
    outer loop
      vertex -1.9393670580543212 -16.385629539756284 42
      vertex -1.9393670580543212 -16.385629539756284 40.5
      vertex -2.5811686731638095 -16.29685761981977 40.5
    endloop
  endfacet
  facet normal -0.7071067811865474 -0.7071067811865477 0
    outer loop
      vertex -3.013684323706296 -16.219620124567804 42
      vertex -3.013684323706296 -16.219620124567804 40.5
      vertex 0.7519295518655005 -19.9852340001396 40.5
    endloop
  endfacet
  facet normal 0.09801714032955898 0.995184726672197 0
    outer loop
      vertex -1.2945750795094415 -16.44913600659661 42
      vertex -1.2945750795094415 -16.44913600659661 40.5
      vertex -1.9393670580543212 -16.385629539756284 40.5
    endloop
  endfacet
  facet normal 0.05887080365119055 0.9982656101847158 0
    outer loop
      vertex -0.6477869600246321 -16.48727909797193 42
      vertex -0.6477869600246321 -16.48727909797193 40.5
      vertex -1.2945750795094415 -16.44913600659661 40.5
    endloop
  endfacet
  facet normal 0.01963369246062839 0.9998072404820648 0
    outer loop
      vertex 0 -16.5 42
      vertex 0 -16.5 40.5
      vertex -0.6477869600246321 -16.48727909797193 40.5
    endloop
  endfacet
  facet normal 0.8627343859777904 -0.5056573733779873 0
    outer loop
      vertex -5.008283309694715 -13.809171175742978 41.99999999999999
      vertex -5.008283309694715 -13.809171175742978 40.5
      vertex -4.881205916295001 -13.592356307141415 40.5
    endloop
  endfacet
  facet normal 0.8819212643483572 -0.4713967368259934 0
    outer loop
      vertex -4.881205916295001 -13.592356307141415 41.99999999999999
      vertex -4.881205916295001 -13.592356307141415 40.5
      vertex -4.7627386067553505 -13.370719559894004 40.5
    endloop
  endfacet
  facet normal 0.8997482840522191 -0.43640924067334697 0
    outer loop
      vertex -4.7627386067553505 -13.370719559894004 41.99999999999999
      vertex -4.7627386067553505 -13.370719559894004 40.5
      vertex -4.653064049080383 -13.144602681800444 40.5
    endloop
  endfacet
  facet normal 0.9161879571171376 -0.40074883310313697 0
    outer loop
      vertex -4.653064049080383 -13.144602681800444 41.99999999999999
      vertex -4.653064049080383 -13.144602681800444 40.5
      vertex -4.552351353488669 -12.91435432869748 40.5
    endloop
  endfacet
  facet normal 0.9312149347588031 -0.3644704998791507 0
    outer loop
      vertex -4.552351353488669 -12.91435432869748 41.99999999999999
      vertex -4.552351353488669 -12.91435432869748 40.5
      vertex -4.460755811657005 -12.680329526856859 40.5
    endloop
  endfacet
  facet normal 0.9448060464668777 -0.32763017956169477 0
    outer loop
      vertex -4.460755811657005 -12.680329526856859 41.99999999999999
      vertex -4.460755811657005 -12.680329526856859 40.5
      vertex -4.378418657271921 -12.44288912556057 40.5
    endloop
  endfacet
  facet normal 0.9569403357322087 -0.29028467725446283 0
    outer loop
      vertex -4.378418657271921 -12.44288912556057 41.99999999999999
      vertex -4.378418657271921 -12.44288912556057 40.5
      vertex -4.305466848257561 -12.20239924069738 40.5
    endloop
  endfacet
  facet normal 0.9675990923602598 -0.2524915770151577 0
    outer loop
      vertex -4.305466848257561 -12.20239924069738 41.99999999999999
      vertex -4.305466848257561 -12.20239924069738 40.5
      vertex -4.242012871015773 -11.959230690238698 40.5
    endloop
  endfacet
  facet normal 0.9767658813208724 -0.21430915306505097 0
    outer loop
      vertex -4.242012871015773 -11.959230690238698 41.99999999999999
      vertex -4.242012871015773 -11.959230690238698 40.5
      vertex -4.188154566980229 -11.713758422464126 40.5
    endloop
  endfacet
  facet normal 0.9844265680898915 -0.17579627993435604 0
    outer loop
      vertex -4.188154566980229 -11.713758422464126 41.99999999999999
      vertex -4.188154566980229 -11.713758422464126 40.5
      vertex -4.143974981752022 -11.466360937818383 40.5
    endloop
  endfacet
  facet normal 0.9905693404435773 -0.13701234168196819 0
    outer loop
      vertex -4.143974981752022 -11.466360937818383 41.99999999999999
      vertex -4.143974981752022 -11.466360937818383 40.5
      vertex -4.109542237049375 -11.217419705291066 40.5
    endloop
  endfacet
  facet normal 0.995184726672197 -0.09801714032955863 0
    outer loop
      vertex -4.109542237049375 -11.217419705291066 41.99999999999999
      vertex -4.109542237049375 -11.217419705291066 40.5
      vertex -4.084909425668885 -10.967318574219112 40.5
    endloop
  endfacet
  facet normal 0.9982656101847159 -0.058870803651190025 0
    outer loop
      vertex -4.084909425668885 -10.967318574219112 41.99999999999999
      vertex -4.084909425668885 -10.967318574219112 40.5
      vertex -4.070114529620277 -10.716443182418944 40.5
    endloop
  endfacet
  facet normal 0.9998072404820647 -0.019633692460634126 0
    outer loop
      vertex -4.070114529620277 -10.716443182418944 41.99999999999999
      vertex -4.070114529620277 -10.716443182418944 40.5
      vertex -4.06569651419153 -10.491464420880392 40.5
    endloop
  endfacet
  facet normal -0.13701234168198245 -0.9905693404435751 0
    outer loop
      vertex -10.01853825122112 -6.691520225132184 41.99999999999999
      vertex -10.01853825122112 -6.691520225132184 40.5
      vertex -9.870729394408029 -6.711964667299382 40.5
    endloop
  endfacet
  facet normal -0.17579627993433936 -0.9844265680898944 0
    outer loop
      vertex -9.870729394408029 -6.711964667299382 41.99999999999999
      vertex -9.870729394408029 -6.711964667299382 40.5
      vertex -9.723837137899617 -6.738196296028628 40.5
    endloop
  endfacet
  facet normal -0.2143091530650575 -0.9767658813208709 0
    outer loop
      vertex -9.723837137899617 -6.738196296028628 41.99999999999999
      vertex -9.723837137899617 -6.738196296028628 40.5
      vertex -9.578087978908464 -6.770174664049733 40.5
    endloop
  endfacet
  facet normal -0.252491577015157 -0.9675990923602601 0
    outer loop
      vertex -9.578087978908464 -6.770174664049733 41.99999999999999
      vertex -9.578087978908464 -6.770174664049733 40.5
      vertex -9.433706652073623 -6.807850463037044 40.5
    endloop
  endfacet
  facet normal -0.29028467725445395 -0.9569403357322115 0
    outer loop
      vertex -9.433706652073623 -6.807850463037044 41.99999999999999
      vertex -9.433706652073623 -6.807850463037044 40.5
      vertex -9.290915782936104 -6.8511655996393195 40.5
    endloop
  endfacet
  facet normal -0.36447049987914326 -0.9312149347588061 0
    outer loop
      vertex -9.149935544666432 -6.900053285055465 41.99999999999999
      vertex -9.149935544666432 -6.900053285055465 40.5
      vertex -9.010983318573563 -6.9544381380180145 40.5
    endloop
  endfacet
  facet normal -0.40074883310313686 -0.9161879571171377 0
    outer loop
      vertex -9.010983318573563 -6.9544381380180145 41.99999999999999
      vertex -9.010983318573563 -6.9544381380180145 40.5
      vertex -8.874273358918677 -7.014236301025595 40.5
    endloop
  endfacet
  facet normal -0.43640924067334563 -0.8997482840522197 0
    outer loop
      vertex -8.874273358918677 -7.014236301025595 40.5
      vertex -8.75431656147597 -7.072419523837431 40.5
      vertex -8.75431656147597 -7.072419523837431 41.99999999999999
    endloop
  endfacet
  facet normal -0.3276301795617082 -0.9448060464668728 0
    outer loop
      vertex -9.290915782936104 -6.8511655996393195 41.99999999999999
      vertex -9.290915782936104 -6.8511655996393195 40.5
      vertex -9.149935544666432 -6.900053285055465 40.5
    endloop
  endfacet
  facet normal -0.9448060464668728 -0.3276301795617082 0
    outer loop
      vertex -6.900053285055465 -9.149935544666432 41.99999999999999
      vertex -6.900053285055465 -9.149935544666432 40.5
      vertex -6.8511655996393195 -9.290915782936104 40.5
    endloop
  endfacet
  facet normal -0.9312149347588061 -0.36447049987914326 0
    outer loop
      vertex -6.9544381380180145 -9.010983318573563 41.99999999999999
      vertex -6.9544381380180145 -9.010983318573563 40.5
      vertex -6.900053285055465 -9.149935544666432 40.5
    endloop
  endfacet
  facet normal -0.8997482840522197 -0.43640924067334563 0
    outer loop
      vertex -7.014236301025595 -8.874273358918677 40.5
      vertex -7.073676129014438 -8.751725808929121 41.99999999999999
      vertex -7.073676129014438 -8.751725808929121 40.5
    endloop
  endfacet
  facet normal -0.9161879571171377 -0.40074883310313686 0
    outer loop
      vertex -7.014236301025595 -8.874273358918677 41.99999999999999
      vertex -7.014236301025595 -8.874273358918677 40.5
      vertex -6.9544381380180145 -9.010983318573563 40.5
    endloop
  endfacet
  facet normal -0.9844265680898944 -0.17579627993433936 0
    outer loop
      vertex -6.738196296028628 -9.723837137899617 41.99999999999999
      vertex -6.738196296028628 -9.723837137899617 40.5
      vertex -6.711964667299382 -9.870729394408029 40.5
    endloop
  endfacet
  facet normal -0.9905693404435751 -0.13701234168198245 0
    outer loop
      vertex -6.711964667299382 -9.870729394408029 41.99999999999999
      vertex -6.711964667299382 -9.870729394408029 40.5
      vertex -6.691520225132184 -10.01853825122112 40.5
    endloop
  endfacet
  facet normal -0.9767658813208709 -0.2143091530650575 0
    outer loop
      vertex -6.770174664049733 -9.578087978908464 41.99999999999999
      vertex -6.770174664049733 -9.578087978908464 40.5
      vertex -6.738196296028628 -9.723837137899617 40.5
    endloop
  endfacet
  facet normal -0.9675990923602601 -0.252491577015157 0
    outer loop
      vertex -6.807850463037044 -9.433706652073623 41.99999999999999
      vertex -6.807850463037044 -9.433706652073623 40.5
      vertex -6.770174664049733 -9.578087978908464 40.5
    endloop
  endfacet
  facet normal -0.9569403357322115 -0.29028467725445395 0
    outer loop
      vertex -6.8511655996393195 -9.290915782936104 41.99999999999999
      vertex -6.8511655996393195 -9.290915782936104 40.5
      vertex -6.807850463037044 -9.433706652073623 40.5
    endloop
  endfacet
  facet normal -0.7730104533627382 -0.6343932841636439 0
    outer loop
      vertex -15.706338617614891 -12.381878986196687 41.99999999999999
      vertex -15.208119312000619 -12.988960966603674 40.5
      vertex -15.208119312000619 -12.988960966603674 41.99999999999999
    endloop
  endfacet
  facet normal -0.8204014435255145 -0.5717879602276109 -1.3542659384493866e-15
    outer loop
      vertex -16.18033988749895 -11.755705045849464 41.99999999999999
      vertex -16.629392246050905 -11.111404660392044 41.99999999999999
      vertex -16.18033988749895 -11.75570504584946 40.5
    endloop
  endfacet
  facet normal -0.8627343859777901 -0.5056573733779876 0
    outer loop
      vertex -17.052803287081844 -10.449971294318976 42
      vertex -17.449920141455944 -9.772424829939098 42
      vertex -17.052803287081844 -10.449971294318976 40.5
    endloop
  endfacet
  facet normal -0.842217233716287 -0.5391383229109996 0
    outer loop
      vertex -16.629392246050905 -11.111404660392044 41.99999999999999
      vertex -16.858016080324752 -10.754258961262218 41.99999999999999
      vertex -16.629392246050905 -11.111404660392044 40.5
    endloop
  endfacet
  facet normal -0.8422172337162879 -0.5391383229109981 -5.121518583610282e-16
    outer loop
      vertex -17.052803287081844 -10.449971294318976 42
      vertex -16.629392246050905 -11.111404660392044 40.5
      vertex -16.858016080324752 -10.754258961262218 41.99999999999999
    endloop
  endfacet
  facet normal -0.7973206537727054 -0.6035559419535736 0
    outer loop
      vertex -16.18033988749895 -11.755705045849464 41.99999999999999
      vertex -15.706338617614891 -12.381878986196687 40.5
      vertex -15.706338617614891 -12.381878986196687 41.99999999999999
    endloop
  endfacet
  facet normal -0.6642524379112832 -0.7475083268625955 0
    outer loop
      vertex -12.988960966603674 -15.208119312000619 42
      vertex -13.576014910658834 -14.68645018871371 42
      vertex -12.988960966603674 -15.208119312000619 40.5
    endloop
  endfacet
  facet normal -0.6343932841636438 -0.7730104533627383 0
    outer loop
      vertex -12.988960966603674 -15.208119312000619 42
      vertex -12.381878986196678 -15.706338617614898 40.5
      vertex -12.381878986196678 -15.706338617614898 41.99999999999999
    endloop
  endfacet
  facet normal -0.5717879602276115 -0.8204014435255141 0
    outer loop
      vertex -11.755705045849483 -16.180339887498935 41.99999999999999
      vertex -11.111404660392044 -16.629392246050905 40.5
      vertex -11.111404660392044 -16.629392246050905 41.99999999999999
    endloop
  endfacet
  facet normal -0.6035559419535739 -0.7973206537727053 -7.068353462113295e-16
    outer loop
      vertex -12.381878986196678 -15.706338617614898 41.99999999999999
      vertex -11.755705045849481 -16.180339887498935 40.5
      vertex -11.755705045849483 -16.180339887498935 41.99999999999999
    endloop
  endfacet
  facet normal -0.5391383229110015 -0.8422172337162858 -1.570869760245449e-15
    outer loop
      vertex -11.111404660392044 -16.629392246050905 41.99999999999999
      vertex -10.449971294318976 -17.052803287081844 40.5
      vertex -10.75425896126222 -16.858016080324752 41.99999999999999
    endloop
  endfacet
  facet normal -0.5391383229109958 -0.8422172337162894 0
    outer loop
      vertex -10.449971294318976 -17.052803287081844 42
      vertex -10.75425896126222 -16.858016080324752 41.99999999999999
      vertex -10.449971294318976 -17.052803287081844 40.5
    endloop
  endfacet
  facet normal -0.5056573733779876 -0.8627343859777901 0
    outer loop
      vertex -10.449971294318976 -17.052803287081844 42
      vertex -9.772424829939098 -17.449920141455944 40.5
      vertex -9.772424829939098 -17.449920141455944 42
    endloop
  endfacet
  facet normal -0.6930873625456346 -0.72085359670292 0
    outer loop
      vertex -13.576014910658834 -14.68645018871371 42
      vertex -14.142135623730951 -14.142135623730951 42
      vertex -13.576014910658834 -14.68645018871371 40.5
    endloop
  endfacet
  facet normal -0.72085359670292 -0.6930873625456346 0
    outer loop
      vertex -14.68645018871371 -13.576014910658834 41.99999999999999
      vertex -14.142135623730951 -14.142135623730951 40.5
      vertex -14.142135623730951 -14.142135623730951 42
    endloop
  endfacet
  facet normal -0.7475083268625955 -0.6642524379112833 0
    outer loop
      vertex -15.208119312000619 -12.988960966603674 41.99999999999999
      vertex -14.68645018871371 -13.576014910658834 40.5
      vertex -14.68645018871371 -13.576014910658834 41.99999999999999
    endloop
  endfacet
  facet normal 0.6930873625456249 0.7208535967029295 0
    outer loop
      vertex -13.152186130069786 -13.152186130069786 42
      vertex -13.044623194586082 -13.25560589741651 42
      vertex -13.152186130069786 -13.152186130069786 40.5
    endloop
  endfacet
  facet normal 0.8422172337162843 0.5391383229110037 0
    outer loop
      vertex -13.624764888310576 -12.576347247035393 42
      vertex -13.705212986106455 -12.450674907481512 40.5
      vertex -13.705212986106455 -12.450674907481512 42
    endloop
  endfacet
  facet normal 0.8204014435255131 0.5717879602276129 0
    outer loop
      vertex -13.624764888310576 -12.576347247035393 42
      vertex -13.539444940185705 -12.698764320272302 42
      vertex -13.624764888310576 -12.576347247035393 40.5
    endloop
  endfacet
  facet normal 0.7973206537727117 0.6035559419535654 0
    outer loop
      vertex -13.449384698907735 -12.817737368938275 42
      vertex -13.539444940185705 -12.698764320272302 40.5
      vertex -13.539444940185705 -12.698764320272302 42
    endloop
  endfacet
  facet normal 0.7475083268626063 0.6642524379112711 0
    outer loop
      vertex -13.35472303084102 -12.9330829452156 42
      vertex -13.25560589741651 -13.044623194586082 42
      vertex -13.35472303084102 -12.9330829452156 40.5
    endloop
  endfacet
  facet normal 0.7730104533627227 0.6343932841636629 0
    outer loop
      vertex -13.449384698907735 -12.817737368938275 42
      vertex -13.35472303084102 -12.9330829452156 42
      vertex -13.449384698907735 -12.817737368938275 40.5
    endloop
  endfacet
  facet normal 0.7208535967029295 0.6930873625456249 0
    outer loop
      vertex -13.152186130069786 -13.152186130069786 42
      vertex -13.25560589741651 -13.044623194586082 40.5
      vertex -13.25560589741651 -13.044623194586082 42
    endloop
  endfacet
  facet normal 0.6642524379112711 0.7475083268626063 0
    outer loop
      vertex -12.9330829452156 -13.35472303084102 42
      vertex -13.044623194586082 -13.25560589741651 40.5
      vertex -13.044623194586082 -13.25560589741651 42
    endloop
  endfacet
  facet normal 0.6343932841636629 0.7730104533627227 0
    outer loop
      vertex -12.9330829452156 -13.35472303084102 42
      vertex -12.817737368938275 -13.449384698907735 42
      vertex -12.9330829452156 -13.35472303084102 40.5
    endloop
  endfacet
  facet normal 0.6035559419535654 0.7973206537727117 0
    outer loop
      vertex -12.817737368938275 -13.449384698907735 42
      vertex -12.698764320272302 -13.539444940185705 41.99999999999999
      vertex -12.817737368938275 -13.449384698907735 40.5
    endloop
  endfacet
  facet normal 0.5717879602276129 0.8204014435255133 0
    outer loop
      vertex -12.698764320272302 -13.539444940185705 41.99999999999999
      vertex -12.576347247035393 -13.624764888310576 41.99999999999999
      vertex -12.698764320272302 -13.539444940185705 40.5
    endloop
  endfacet
  facet normal 0.5391383229110037 0.8422172337162843 0
    outer loop
      vertex -12.576347247035393 -13.624764888310576 41.99999999999999
      vertex -12.450674907481512 -13.705212986106455 41.99999999999999
      vertex -12.576347247035393 -13.624764888310576 40.5
    endloop
  endfacet
  facet normal 0.862734385977795 0.5056573733779793 0
    outer loop
      vertex -13.780665188437533 -12.321941079249333 42
      vertex -13.705212986106455 -12.450674907481512 42
      vertex -13.780665188437533 -12.321941079249333 40.5
    endloop
  endfacet
  facet normal 0.8819212643483516 0.471396736826004 0
    outer loop
      vertex -13.780665188437533 -12.321941079249333 42
      vertex -13.851005153476702 -12.190344260571184 40.5
      vertex -13.851005153476702 -12.190344260571184 41.99999999999999
    endloop
  endfacet
  facet normal 0.8997482840522193 0.43640924067334663 0
    outer loop
      vertex -13.851005153476702 -12.190344260571184 41.99999999999999
      vertex -13.916124422096214 -12.056087364203133 40.5
      vertex -13.916124422096214 -12.056087364203133 41.99999999999999
    endloop
  endfacet
  facet normal 0.9161879571171417 0.40074883310312753 0
    outer loop
      vertex -13.975922585103794 -11.919377404548245 42
      vertex -13.916124422096214 -12.056087364203133 41.99999999999999
      vertex -13.975922585103794 -11.919377404548245 40.5
    endloop
  endfacet
  facet normal 0.9448060464668778 0.3276301795616939 0
    outer loop
      vertex -14.030307438066345 -11.780425178455378 42
      vertex -14.079195123482489 -11.639444940185705 40.5
      vertex -14.079195123482489 -11.639444940185705 42
    endloop
  endfacet
  facet normal 0.9675990923602652 0.2524915770151374 0
    outer loop
      vertex -14.122510260084766 -11.496654071048187 42
      vertex -14.160186059072075 -11.352272744213344 40.5
      vertex -14.160186059072075 -11.352272744213344 42
    endloop
  endfacet
  facet normal 0.9569403357322055 0.2902846772544736 0
    outer loop
      vertex -14.079195123482489 -11.639444940185705 42
      vertex -14.122510260084766 -11.496654071048187 40.5
      vertex -14.122510260084766 -11.496654071048187 42
    endloop
  endfacet
  facet normal 0.9767658813208709 0.2143091530650575 0
    outer loop
      vertex -14.160186059072075 -11.352272744213344 42
      vertex -14.19216442709318 -11.206523585222191 40.5
      vertex -14.19216442709318 -11.206523585222191 42
    endloop
  endfacet
  facet normal 0.9312149347588005 0.36447049987915764 0
    outer loop
      vertex -13.975922585103794 -11.919377404548245 42
      vertex -14.030307438066345 -11.780425178455378 40.5
      vertex -14.030307438066345 -11.780425178455378 42
    endloop
  endfacet
  facet normal 0.9844265680898919 0.17579627993435293 0
    outer loop
      vertex -14.218396055822428 -11.059631328713781 42
      vertex -14.19216442709318 -11.206523585222191 42
      vertex -14.218396055822428 -11.059631328713781 40.5
    endloop
  endfacet
  facet normal 0.990569340443577 0.13701234168196916 0
    outer loop
      vertex -14.218396055822428 -11.059631328713781 42
      vertex -14.238840497989624 -10.911822471900688 40.5
      vertex -14.238840497989624 -10.911822471900688 42
    endloop
  endfacet
  facet normal 0.9951847266721975 0.0980171403295554 0
    outer loop
      vertex -14.238840497989624 -10.911822471900688 42
      vertex -14.25346622974679 -10.763324925326716 40.5
      vertex -14.25346622974679 -10.763324925326716 42
    endloop
  endfacet
  facet normal 0.998265610184716 0.05887080365118668 0
    outer loop
      vertex -14.25346622974679 -10.763324925326716 42
      vertex -14.26225069927565 -10.614367661445364 40.5
      vertex -14.26225069927565 -10.614367661445364 42
    endloop
  endfacet
  facet normal 0.9998072404820649 0.019633692460625022 0
    outer loop
      vertex -14.26225069927565 -10.614367661445364 42
      vertex -14.265180361560903 -10.465180361560902 40.5
      vertex -14.265180361560903 -10.465180361560902 42
    endloop
  endfacet
  facet normal 0.9998072404820654 -0.019633692460601686 0
    outer loop
      vertex -14.265180361560903 -10.465180361560902 42
      vertex -14.262250699275654 -10.315993061676444 40.5
      vertex -14.262250699275654 -10.315993061676444 42
    endloop
  endfacet
  facet normal 0.9982656101847153 -0.05887080365119925 0
    outer loop
      vertex -14.262250699275654 -10.315993061676444 42
      vertex -14.253466229746792 -10.167035797795094 40.5
      vertex -14.253466229746792 -10.167035797795094 42
    endloop
  endfacet
  facet normal 0.9951847266721964 -0.09801714032956603 0
    outer loop
      vertex -14.253466229746792 -10.167035797795094 42
      vertex -14.238840497989624 -10.01853825122112 40.5
      vertex -14.238840497989624 -10.01853825122112 41.99999999999999
    endloop
  endfacet
  facet normal 0.471396736826004 0.8819212643483516 0
    outer loop
      vertex -12.321941079249333 -13.780665188437533 41.99999999999999
      vertex -12.190344260571184 -13.851005153476702 42
      vertex -12.321941079249333 -13.780665188437533 40.5
    endloop
  endfacet
  facet normal 0.43640924067334663 0.8997482840522192 0
    outer loop
      vertex -12.190344260571184 -13.851005153476702 42
      vertex -12.056087364203133 -13.916124422096214 42
      vertex -12.190344260571184 -13.851005153476702 40.5
    endloop
  endfacet
  facet normal 0.40074883310312753 0.9161879571171417 0
    outer loop
      vertex -11.919377404548245 -13.975922585103794 41.99999999999999
      vertex -12.056087364203133 -13.916124422096214 40.5
      vertex -12.056087364203133 -13.916124422096214 42
    endloop
  endfacet
  facet normal 0.36447049987915764 0.9312149347588006 0
    outer loop
      vertex -11.919377404548245 -13.975922585103794 41.99999999999999
      vertex -11.780425178455378 -14.030307438066345 41.99999999999999
      vertex -11.919377404548245 -13.975922585103794 40.5
    endloop
  endfacet
  facet normal 0.2902846772544736 0.9569403357322055 0
    outer loop
      vertex -11.639444940185705 -14.079195123482489 41.99999999999999
      vertex -11.496654071048187 -14.122510260084766 41.99999999999999
      vertex -11.639444940185705 -14.079195123482489 40.5
    endloop
  endfacet
  facet normal 0.3276301795616939 0.9448060464668778 0
    outer loop
      vertex -11.780425178455378 -14.030307438066345 41.99999999999999
      vertex -11.639444940185705 -14.079195123482489 41.99999999999999
      vertex -11.780425178455378 -14.030307438066345 40.5
    endloop
  endfacet
  facet normal 0.25249157701513736 0.9675990923602651 0
    outer loop
      vertex -11.496654071048187 -14.122510260084766 41.99999999999999
      vertex -11.352272744213344 -14.160186059072075 41.99999999999999
      vertex -11.496654071048187 -14.122510260084766 40.5
    endloop
  endfacet
  facet normal 0.2143091530650575 0.9767658813208709 0
    outer loop
      vertex -11.352272744213344 -14.160186059072075 41.99999999999999
      vertex -11.206523585222191 -14.19216442709318 41.99999999999999
      vertex -11.352272744213344 -14.160186059072075 40.5
    endloop
  endfacet
  facet normal 0.5056573733779793 0.862734385977795 0
    outer loop
      vertex -12.321941079249333 -13.780665188437533 41.99999999999999
      vertex -12.450674907481512 -13.705212986106455 40.5
      vertex -12.450674907481512 -13.705212986106455 41.99999999999999
    endloop
  endfacet
  facet normal 0.17579627993435296 0.9844265680898919 0
    outer loop
      vertex -11.059631328713781 -14.218396055822428 41.99999999999999
      vertex -11.206523585222191 -14.19216442709318 40.5
      vertex -11.206523585222191 -14.19216442709318 41.99999999999999
    endloop
  endfacet
  facet normal 0.13701234168196916 0.9905693404435771 0
    outer loop
      vertex -11.059631328713781 -14.218396055822428 41.99999999999999
      vertex -10.911822471900688 -14.238840497989624 42
      vertex -11.059631328713781 -14.218396055822428 40.5
    endloop
  endfacet
  facet normal 0.0980171403295554 0.9951847266721975 0
    outer loop
      vertex -10.911822471900688 -14.238840497989624 42
      vertex -10.763324925326716 -14.25346622974679 42
      vertex -10.911822471900688 -14.238840497989624 40.5
    endloop
  endfacet
  facet normal 0.05887080365118668 0.998265610184716 0
    outer loop
      vertex -10.763324925326716 -14.25346622974679 42
      vertex -10.614367661445364 -14.26225069927565 42
      vertex -10.763324925326716 -14.25346622974679 40.5
    endloop
  endfacet
  facet normal 0.019633692460625022 0.9998072404820649 0
    outer loop
      vertex -10.614367661445364 -14.26225069927565 42
      vertex -10.465180361560902 -14.265180361560903 41.99999999999999
      vertex -10.614367661445364 -14.26225069927565 40.5
    endloop
  endfacet
  facet normal -0.019633692460601686 0.9998072404820654 0
    outer loop
      vertex -10.465180361560902 -14.265180361560903 41.99999999999999
      vertex -10.315993061676444 -14.262250699275654 41.99999999999999
      vertex -10.465180361560902 -14.265180361560903 40.5
    endloop
  endfacet
  facet normal -0.05887080365119924 0.9982656101847153 0
    outer loop
      vertex -10.315993061676444 -14.262250699275654 41.99999999999999
      vertex -10.167035797795094 -14.253466229746792 41.99999999999999
      vertex -10.315993061676444 -14.262250699275654 40.5
    endloop
  endfacet
  facet normal -0.09801714032956603 0.9951847266721964 0
    outer loop
      vertex -10.167035797795094 -14.253466229746792 41.99999999999999
      vertex -10.01853825122112 -14.238840497989624 41.99999999999999
      vertex -10.167035797795094 -14.253466229746792 40.5
    endloop
  endfacet
  facet normal -1.2463723070629144e-15 -1.0228713178827162e-15 1
    outer loop
      vertex -15.706338617614891 -12.381878986196687 41.99999999999999
      vertex -15.208119312000619 -12.988960966603674 41.99999999999999
      vertex -15.480157042720988 -5.710931441778634 42
    endloop
  endfacet
  facet normal 0 0 1
    outer loop
      vertex -12.381878986196678 -15.706338617614898 41.99999999999999
      vertex -11.755705045849483 -16.180339887498935 41.99999999999999
      vertex -11.919377404548245 -13.975922585103794 41.99999999999999
    endloop
  endfacet
  facet normal 0 0 1
    outer loop
      vertex -11.755705045849483 -16.180339887498935 41.99999999999999
      vertex -11.111404660392044 -16.629392246050905 41.99999999999999
      vertex -11.206523585222191 -14.19216442709318 41.99999999999999
    endloop
  endfacet
  facet normal 1.4044946002940055e-15 2.396298067403043e-15 1
    outer loop
      vertex -10.449971294318976 -17.052803287081844 42
      vertex -9.772424829939098 -17.449920141455944 42
      vertex -10.167035797795094 -14.253466229746792 41.99999999999999
    endloop
  endfacet
  facet normal -2.5153426485043128e-14 -2.8156371883556e-15 1
    outer loop
      vertex -10.449971294318976 -17.052803287081844 42
      vertex -10.763324925326716 -14.25346622974679 42
      vertex -10.75425896126222 -16.858016080324752 41.99999999999999
    endloop
  endfacet
  facet normal -1.7502592881958308e-15 -2.7341750221563563e-15 1
    outer loop
      vertex -11.111404660392044 -16.629392246050905 41.99999999999999
      vertex -10.75425896126222 -16.858016080324752 41.99999999999999
      vertex -10.763324925326716 -14.25346622974679 42
    endloop
  endfacet
  facet normal 0 0 1
    outer loop
      vertex -11.111404660392044 -16.629392246050905 41.99999999999999
      vertex -11.059631328713781 -14.218396055822428 41.99999999999999
      vertex -11.206523585222191 -14.19216442709318 41.99999999999999
    endloop
  endfacet
  facet normal -4.7929369942770026e-14 1.0292273282032942e-15 1
    outer loop
      vertex -11.111404660392044 -16.629392246050905 41.99999999999999
      vertex -10.911822471900688 -14.238840497989624 42
      vertex -11.059631328713781 -14.218396055822428 41.99999999999999
    endloop
  endfacet
  facet normal -2.9035803424426446e-16 -2.948054595093343e-15 1
    outer loop
      vertex -11.111404660392044 -16.629392246050905 41.99999999999999
      vertex -10.763324925326716 -14.25346622974679 42
      vertex -10.911822471900688 -14.238840497989624 42
    endloop
  endfacet
  facet normal 0 0 1
    outer loop
      vertex -10.449971294318976 -17.052803287081844 42
      vertex -10.614367661445364 -14.26225069927565 42
      vertex -10.763324925326716 -14.25346622974679 42
    endloop
  endfacet
  facet normal 4.7682724998786297e-14 2.8090732992240913e-15 1
    outer loop
      vertex -10.449971294318976 -17.052803287081844 42
      vertex -10.465180361560902 -14.265180361560903 41.99999999999999
      vertex -10.614367661445364 -14.26225069927565 42
    endloop
  endfacet
  facet normal -5.004899425045672e-17 2.548646767838718e-15 1
    outer loop
      vertex -10.449971294318976 -17.052803287081844 42
      vertex -10.315993061676444 -14.262250699275654 41.99999999999999
      vertex -10.465180361560902 -14.265180361560903 41.99999999999999
    endloop
  endfacet
  facet normal -1.5058622387188265e-16 2.5534736972427053e-15 1
    outer loop
      vertex -10.449971294318976 -17.052803287081844 42
      vertex -10.167035797795094 -14.253466229746792 41.99999999999999
      vertex -10.315993061676444 -14.262250699275654 41.99999999999999
    endloop
  endfacet
  facet normal 0 0 1
    outer loop
      vertex -13.576014910658834 -14.68645018871371 42
      vertex -13.705212986106455 -12.450674907481512 42
      vertex -14.142135623730951 -14.142135623730951 42
    endloop
  endfacet
  facet normal 0 0 1
    outer loop
      vertex -14.142135623730951 -14.142135623730951 42
      vertex -13.975922585103794 -11.919377404548245 42
      vertex -14.030307438066345 -11.780425178455378 42
    endloop
  endfacet
  facet normal 0 0 1
    outer loop
      vertex -14.142135623730951 -14.142135623730951 42
      vertex -14.030307438066345 -11.780425178455378 42
      vertex -14.079195123482489 -11.639444940185705 42
    endloop
  endfacet
  facet normal -7.365149582987739e-14 1.4626369658315388e-14 1
    outer loop
      vertex -14.142135623730951 -14.142135623730951 42
      vertex -13.780665188437533 -12.321941079249333 42
      vertex -13.851005153476702 -12.190344260571184 41.99999999999999
    endloop
  endfacet
  facet normal 0 0 1
    outer loop
      vertex -14.142135623730951 -14.142135623730951 42
      vertex -13.705212986106455 -12.450674907481512 42
      vertex -13.780665188437533 -12.321941079249333 42
    endloop
  endfacet
  facet normal 5.740287977031447e-15 2.784239505320628e-15 1
    outer loop
      vertex -14.142135623730951 -14.142135623730951 42
      vertex -13.851005153476702 -12.190344260571184 41.99999999999999
      vertex -13.916124422096214 -12.056087364203133 41.99999999999999
    endloop
  endfacet
  facet normal 1.014756083881848e-13 -7.5881259019442e-15 1
    outer loop
      vertex -14.142135623730951 -14.142135623730951 42
      vertex -13.916124422096214 -12.056087364203133 41.99999999999999
      vertex -13.975922585103794 -11.919377404548245 42
    endloop
  endfacet
  facet normal 0 0 1
    outer loop
      vertex -12.988960966603674 -15.208119312000619 42
      vertex -13.152186130069786 -13.152186130069786 42
      vertex -13.576014910658834 -14.68645018871371 42
    endloop
  endfacet
  facet normal 1.2044038441566396e-14 4.1405732230460843e-16 1
    outer loop
      vertex -12.988960966603674 -15.208119312000619 42
      vertex -12.381878986196678 -15.706338617614898 41.99999999999999
      vertex -12.450674907481512 -13.705212986106455 41.99999999999999
    endloop
  endfacet
  facet normal 5.5623717414035477e-14 -5.415309928088441e-15 1
    outer loop
      vertex -12.988960966603674 -15.208119312000619 42
      vertex -12.698764320272302 -13.539444940185705 41.99999999999999
      vertex -12.817737368938275 -13.449384698907735 42
    endloop
  endfacet
  facet normal 0 0 1
    outer loop
      vertex -12.988960966603674 -15.208119312000619 42
      vertex -12.9330829452156 -13.35472303084102 42
      vertex -13.044623194586082 -13.25560589741651 42
    endloop
  endfacet
  facet normal 0 0 1
    outer loop
      vertex -12.988960966603674 -15.208119312000619 42
      vertex -13.044623194586082 -13.25560589741651 42
      vertex -13.152186130069786 -13.152186130069786 42
    endloop
  endfacet
  facet normal 0 0 1
    outer loop
      vertex -12.988960966603674 -15.208119312000619 42
      vertex -12.817737368938275 -13.449384698907735 42
      vertex -12.9330829452156 -13.35472303084102 42
    endloop
  endfacet
  facet normal 2.6469224420929907e-15 3.797804681876716e-15 1
    outer loop
      vertex -12.988960966603674 -15.208119312000619 42
      vertex -12.576347247035393 -13.624764888310576 41.99999999999999
      vertex -12.698764320272302 -13.539444940185705 41.99999999999999
    endloop
  endfacet
  facet normal 2.461983908559925e-15 3.845998677529783e-15 1
    outer loop
      vertex -12.988960966603674 -15.208119312000619 42
      vertex -12.450674907481512 -13.705212986106455 41.99999999999999
      vertex -12.576347247035393 -13.624764888310576 41.99999999999999
    endloop
  endfacet
  facet normal 0 0 1
    outer loop
      vertex -13.576014910658834 -14.68645018871371 42
      vertex -13.35472303084102 -12.9330829452156 42
      vertex -13.449384698907735 -12.817737368938275 42
    endloop
  endfacet
  facet normal 0 0 1
    outer loop
      vertex -13.576014910658834 -14.68645018871371 42
      vertex -13.539444940185705 -12.698764320272302 42
      vertex -13.624764888310576 -12.576347247035393 42
    endloop
  endfacet
  facet normal 0 0 1
    outer loop
      vertex -13.576014910658834 -14.68645018871371 42
      vertex -13.624764888310576 -12.576347247035393 42
      vertex -13.705212986106455 -12.450674907481512 42
    endloop
  endfacet
  facet normal 0 0 1
    outer loop
      vertex -13.576014910658834 -14.68645018871371 42
      vertex -13.449384698907735 -12.817737368938275 42
      vertex -13.539444940185705 -12.698764320272302 42
    endloop
  endfacet
  facet normal 0 0 1
    outer loop
      vertex -13.576014910658834 -14.68645018871371 42
      vertex -13.152186130069786 -13.152186130069786 42
      vertex -13.25560589741651 -13.044623194586082 42
    endloop
  endfacet
  facet normal 0 0 1
    outer loop
      vertex -13.576014910658834 -14.68645018871371 42
      vertex -13.25560589741651 -13.044623194586082 42
      vertex -13.35472303084102 -12.9330829452156 42
    endloop
  endfacet
  facet normal -1.2376262681289556e-14 6.515347550541462e-16 1
    outer loop
      vertex -14.68645018871371 -13.576014910658834 41.99999999999999
      vertex -14.142135623730951 -14.142135623730951 42
      vertex -14.396184116701153 -8.062250484699756 41.99999999999999
    endloop
  endfacet
  facet normal 0 0 1
    outer loop
      vertex -14.142135623730951 -14.142135623730951 42
      vertex -14.079195123482489 -11.639444940185705 42
      vertex -14.122510260084766 -11.496654071048187 42
    endloop
  endfacet
  facet normal 0 0 1
    outer loop
      vertex -14.142135623730951 -14.142135623730951 42
      vertex -14.122510260084766 -11.496654071048187 42
      vertex -14.160186059072075 -11.352272744213344 42
    endloop
  endfacet
  facet normal 0 0 1
    outer loop
      vertex -14.142135623730951 -14.142135623730951 42
      vertex -14.160186059072075 -11.352272744213344 42
      vertex -14.19216442709318 -11.206523585222191 42
    endloop
  endfacet
  facet normal 0 0 1
    outer loop
      vertex -14.142135623730951 -14.142135623730951 42
      vertex -14.238840497989624 -10.911822471900688 42
      vertex -14.25346622974679 -10.763324925326716 42
    endloop
  endfacet
  facet normal 0 0 1
    outer loop
      vertex -14.142135623730951 -14.142135623730951 42
      vertex -14.19216442709318 -11.206523585222191 42
      vertex -14.218396055822428 -11.059631328713781 42
    endloop
  endfacet
  facet normal 0 0 1
    outer loop
      vertex -14.142135623730951 -14.142135623730951 42
      vertex -14.218396055822428 -11.059631328713781 42
      vertex -14.238840497989624 -10.911822471900688 42
    endloop
  endfacet
  facet normal 0 0 1
    outer loop
      vertex -14.142135623730951 -14.142135623730951 42
      vertex -14.25346622974679 -10.763324925326716 42
      vertex -14.26225069927565 -10.614367661445364 42
    endloop
  endfacet
  facet normal 0 0 1
    outer loop
      vertex -15.208119312000619 -12.988960966603674 41.99999999999999
      vertex -14.68645018871371 -13.576014910658834 41.99999999999999
      vertex -14.98436236811384 -6.907885669367563 41.99999999999999
    endloop
  endfacet
  facet normal -1.5105797324753798e-13 -5.143291753378755e-15 1
    outer loop
      vertex -14.142135623730951 -14.142135623730951 42
      vertex -14.26225069927565 -10.614367661445364 42
      vertex -14.396184116701153 -8.062250484699756 41.99999999999999
    endloop
  endfacet
  facet normal 0 0 1
    outer loop
      vertex -12.381878986196678 -15.706338617614898 41.99999999999999
      vertex -12.321941079249333 -13.780665188437533 41.99999999999999
      vertex -12.450674907481512 -13.705212986106455 41.99999999999999
    endloop
  endfacet
  facet normal -5.311031664488831e-14 1.6530950517218572e-15 1
    outer loop
      vertex -12.381878986196678 -15.706338617614898 41.99999999999999
      vertex -12.190344260571184 -13.851005153476702 42
      vertex -12.321941079249333 -13.780665188437533 41.99999999999999
    endloop
  endfacet
  facet normal -1.7689757960432356e-15 -3.647110988218398e-15 1
    outer loop
      vertex -12.381878986196678 -15.706338617614898 41.99999999999999
      vertex -12.056087364203133 -13.916124422096214 42
      vertex -12.190344260571184 -13.851005153476702 42
    endloop
  endfacet
  facet normal 4.6534173357335434e-14 -1.2437545869959417e-14 1
    outer loop
      vertex -12.381878986196678 -15.706338617614898 41.99999999999999
      vertex -11.919377404548245 -13.975922585103794 41.99999999999999
      vertex -12.056087364203133 -13.916124422096214 42
    endloop
  endfacet
  facet normal 0 0 1
    outer loop
      vertex -11.755705045849483 -16.180339887498935 41.99999999999999
      vertex -11.780425178455378 -14.030307438066345 41.99999999999999
      vertex -11.919377404548245 -13.975922585103794 41.99999999999999
    endloop
  endfacet
  facet normal 0 0 1
    outer loop
      vertex -11.755705045849483 -16.180339887498935 41.99999999999999
      vertex -11.639444940185705 -14.079195123482489 41.99999999999999
      vertex -11.780425178455378 -14.030307438066345 41.99999999999999
    endloop
  endfacet
  facet normal 0 0 1
    outer loop
      vertex -11.755705045849483 -16.180339887498935 41.99999999999999
      vertex -11.496654071048187 -14.122510260084766 41.99999999999999
      vertex -11.639444940185705 -14.079195123482489 41.99999999999999
    endloop
  endfacet
  facet normal 0 0 1
    outer loop
      vertex -11.755705045849483 -16.180339887498935 41.99999999999999
      vertex -11.206523585222191 -14.19216442709318 41.99999999999999
      vertex -11.352272744213344 -14.160186059072075 41.99999999999999
    endloop
  endfacet
  facet normal 0 0 1
    outer loop
      vertex -11.755705045849483 -16.180339887498935 41.99999999999999
      vertex -11.352272744213344 -14.160186059072075 41.99999999999999
      vertex -11.496654071048187 -14.122510260084766 41.99999999999999
    endloop
  endfacet
  facet normal -0.8819212643483559 -0.471396736825996 0
    outer loop
      vertex -17.449920141455944 -9.772424829939098 42
      vertex -17.820130483767358 -9.079809994790935 42
      vertex -17.449920141455944 -9.772424829939098 40.5
    endloop
  endfacet
  facet normal -0.8997482840522225 -0.43640924067333986 0
    outer loop
      vertex -18.162863476501624 -8.373194750748562 42
      vertex -17.820130483767358 -9.079809994790935 40.5
      vertex -17.820130483767358 -9.079809994790935 42
    endloop
  endfacet
  facet normal -0.9161879571171344 -0.40074883310314413 0
    outer loop
      vertex -18.477590650225736 -7.653668647301796 42
      vertex -18.162863476501624 -8.373194750748562 40.5
      vertex -18.162863476501624 -8.373194750748562 42
    endloop
  endfacet
  facet normal -0.9448060464668785 -0.327630179561692 0
    outer loop
      vertex -19.02113032590307 -6.180339887498948 42
      vertex -18.763826718449682 -6.922341141549859 40.5
      vertex -18.763826718449682 -6.922341141549859 42
    endloop
  endfacet
  facet normal -0.9569403357322078 -0.2902846772544664 0
    outer loop
      vertex -19.02113032590307 -6.180339887498948 42
      vertex -19.249104729072947 -5.428808997301485 42
      vertex -19.02113032590307 -6.180339887498948 40.5
    endloop
  endfacet
  facet normal -0.9675990923602602 -0.2524915770151565 0
    outer loop
      vertex -19.249104729072947 -5.428808997301485 42
      vertex -19.447398407953532 -4.668907277118108 42
      vertex -19.249104729072947 -5.428808997301485 40.5
    endloop
  endfacet
  facet normal -0.9312149347588043 -0.36447049987914787 0
    outer loop
      vertex -18.477590650225736 -7.653668647301796 42
      vertex -18.763826718449682 -6.922341141549859 42
      vertex -18.477590650225736 -7.653668647301796 40.5
    endloop
  endfacet
  facet normal 0.9448060464668782 0.32763017956169305 0
    outer loop
      vertex -15.480157042720988 -5.710931441778634 42
      vertex -15.692432518870033 -5.098780407186632 40.5
      vertex -15.692432518870033 -5.098780407186632 42
    endloop
  endfacet
  facet normal 0.9312149347588031 0.3644704998791507 0
    outer loop
      vertex -15.272360505172644 -6.241847494573982 41.99999999999999
      vertex -15.480157042720988 -5.710931441778634 40.5
      vertex -15.480157042720988 -5.710931441778634 42
    endloop
  endfacet
  facet normal -0.7475083268626039 0.6642524379112736 0
    outer loop
      vertex -15.272360505172644 -6.241847494573982 41.99999999999999
      vertex -15.164844421949294 -6.120855590150076 41.99999999999999
      vertex -15.272360505172644 -6.241847494573982 40.5
    endloop
  endfacet
  facet normal -0.7208535967029177 0.6930873625456369 0
    outer loop
      vertex -15.164844421949294 -6.120855590150076 41.99999999999999
      vertex -14.99066376115481 -5.939696961966999 41.99999999999999
      vertex -15.164844421949294 -6.120855590150076 40.5
    endloop
  endfacet
  facet normal -0.9767658813208727 -0.21430915306505025 0
    outer loop
      vertex -19.447398407953532 -4.668907277118108 42
      vertex -19.61570560806461 -3.9018064403225647 42
      vertex -19.447398407953532 -4.668907277118108 40.5
    endloop
  endfacet
  facet normal -0.9844265680898908 -0.17579627993435834 0
    outer loop
      vertex -19.61570560806461 -3.9018064403225647 42
      vertex -19.753766811902757 -3.1286893008046173 42
      vertex -19.61570560806461 -3.9018064403225647 40.5
    endloop
  endfacet
  facet normal -0.9905693404435779 -0.137012341681963 0
    outer loop
      vertex -19.753766811902757 -3.1286893008046173 42
      vertex -19.861369139098525 -2.350747949156753 42
      vertex -19.753766811902757 -3.1286893008046173 40.5
    endloop
  endfacet
  facet normal -0.9951847266721969 -0.09801714032956035 0
    outer loop
      vertex -19.861369139098525 -2.350747949156753 42
      vertex -19.938346674662558 -1.5691819145568988 42
      vertex -19.861369139098525 -2.350747949156753 40.5
    endloop
  endfacet
  facet normal -0.998265610184716 -0.05887080365118819 0
    outer loop
      vertex -19.938346674662558 -1.5691819145568988 42
      vertex -19.977810397239875 -0.9 42
      vertex -19.977810397239875 -0.9 40.5
    endloop
  endfacet
  facet normal 0.9844265680898919 0.17579627993435257 0
    outer loop
      vertex -16.182957126653303 -3.218990313266116 42
      vertex -16.29685761981977 -2.5811686731638095 40.5
      vertex -16.29685761981977 -2.5811686731638095 42
    endloop
  endfacet
  facet normal 0.9569403357322086 0.29028467725446294 0
    outer loop
      vertex -15.692432518870033 -5.098780407186632 42
      vertex -15.88051140148518 -4.478767422773726 40.5
      vertex -15.88051140148518 -4.478767422773726 42
    endloop
  endfacet
  facet normal 0.9675990923602602 0.25249157701515634 0
    outer loop
      vertex -15.88051140148518 -4.478767422773726 42
      vertex -16.044103686561662 -3.851848503622439 40.5
      vertex -16.044103686561662 -3.851848503622439 42
    endloop
  endfacet
  facet normal 0.9767658813208717 0.21430915306505385 0
    outer loop
      vertex -16.044103686561662 -3.851848503622439 42
      vertex -16.182957126653303 -3.218990313266116 40.5
      vertex -16.182957126653303 -3.218990313266116 42
    endloop
  endfacet
  facet normal 0.990569340443577 0.1370123416819693 0
    outer loop
      vertex -16.29685761981977 -2.5811686731638095 42
      vertex -16.385629539756284 -1.9393670580543212 40.5
      vertex -16.385629539756284 -1.9393670580543212 42
    endloop
  endfacet
  facet normal 0.995184726672197 0.09801714032955898 0
    outer loop
      vertex -16.385629539756284 -1.9393670580543212 42
      vertex -16.44913600659661 -1.2945750795094415 40.5
      vertex -16.44913600659661 -1.2945750795094415 42
    endloop
  endfacet
  facet normal 0.9982656101847156 0.0588708036511936 0
    outer loop
      vertex -16.44913600659661 -1.2945750795094415 42
      vertex -16.472405316682487 -0.9 40.5
      vertex -16.472405316682487 -0.9 42
    endloop
  endfacet
  facet normal 0.9905693404435757 -0.13701234168197923 0
    outer loop
      vertex -14.238840497989624 -10.01853825122112 41.99999999999999
      vertex -14.218396055822426 -9.870729394408025 40.5
      vertex -14.218396055822426 -9.870729394408025 42
    endloop
  endfacet
  facet normal 0.9844265680898936 -0.17579627993434346 0
    outer loop
      vertex -14.218396055822426 -9.870729394408025 42
      vertex -14.19216442709318 -9.723837137899617 40.5
      vertex -14.19216442709318 -9.723837137899617 42
    endloop
  endfacet
  facet normal 0.9767658813208709 -0.2143091530650575 0
    outer loop
      vertex -14.19216442709318 -9.723837137899617 42
      vertex -14.160186059072075 -9.578087978908464 40.5
      vertex -14.160186059072075 -9.578087978908464 42
    endloop
  endfacet
  facet normal 0.9675990923602593 -0.2524915770151597 0
    outer loop
      vertex -14.160186059072075 -9.578087978908464 42
      vertex -14.122510260084763 -9.43370665207362 40.5
      vertex -14.122510260084763 -9.43370665207362 42
    endloop
  endfacet
  facet normal 0.956940335732212 -0.29028467725445173 0
    outer loop
      vertex -14.122510260084763 -9.43370665207362 42
      vertex -14.079195123482489 -9.290915782936104 40.5
      vertex -14.079195123482489 -9.290915782936104 42
    endloop
  endfacet
  facet normal 0.9448060464668778 -0.3276301795616939 0
    outer loop
      vertex -14.079195123482489 -9.290915782936104 42
      vertex -14.030307438066345 -9.14993554466643 40.5
      vertex -14.030307438066345 -9.14993554466643 42
    endloop
  endfacet
  facet normal 0.9312149347588029 -0.3644704998791513 0
    outer loop
      vertex -14.030307438066345 -9.14993554466643 42
      vertex -13.975922585103795 -9.010983318573565 40.5
      vertex -13.975922585103795 -9.010983318573565 42
    endloop
  endfacet
  facet normal 0.9161879571171354 -0.40074883310314185 0
    outer loop
      vertex -13.975922585103795 -9.010983318573565 42
      vertex -13.916124422096214 -8.874273358918678 40.5
      vertex -13.916124422096214 -8.874273358918678 42
    endloop
  endfacet
  facet normal 0.8997482840521934 -0.43640924067339987 -5.886064452086213e-15
    outer loop
      vertex -13.916124422096214 -8.874273358918678 42
      vertex -13.851005153476702 -8.740016462550628 40.5
      vertex -13.9120086704671 -8.865787882167165 42
    endloop
  endfacet
  facet normal 0.899748284052221 -0.436409240673343 0
    outer loop
      vertex -13.9120086704671 -8.865787882167165 42
      vertex -13.851005153476702 -8.740016462550628 40.5
      vertex -13.851005153476702 -8.740016462550628 42
    endloop
  endfacet
  facet normal 0.8819212643483569 -0.47139673682599414 0
    outer loop
      vertex -13.851005153476702 -8.740016462550628 42
      vertex -13.780665188437533 -8.608419643872475 40.5
      vertex -13.780665188437533 -8.608419643872475 41.99999999999999
    endloop
  endfacet
  facet normal 0.8627343859777971 -0.5056573733779757 0
    outer loop
      vertex -13.780665188437533 -8.608419643872475 41.99999999999999
      vertex -13.705212986106456 -8.479685815640298 40.5
      vertex -13.705212986106456 -8.479685815640298 42
    endloop
  endfacet
  facet normal 0.8422172337162823 -0.5391383229110067 0
    outer loop
      vertex -13.705212986106456 -8.479685815640298 42
      vertex -13.624764888310576 -8.354013476086415 40.5
      vertex -13.624764888310576 -8.354013476086415 42
    endloop
  endfacet
  facet normal 0.8204014435255133 -0.5717879602276129 0
    outer loop
      vertex -13.624764888310576 -8.354013476086415 42
      vertex -13.539444940185705 -8.231596402849506 40.5
      vertex -13.539444940185705 -8.231596402849506 41.99999999999999
    endloop
  endfacet
  facet normal 0.7973206537727117 -0.6035559419535654 0
    outer loop
      vertex -13.539444940185705 -8.231596402849506 41.99999999999999
      vertex -13.449384698907735 -8.112623354183533 40.5
      vertex -13.449384698907735 -8.112623354183533 42
    endloop
  endfacet
  facet normal 0.7730104533627344 -0.6343932841636488 0
    outer loop
      vertex -13.449384698907735 -8.112623354183533 42
      vertex -13.354723030841024 -7.997277777906207 40.5
      vertex -13.354723030841024 -7.997277777906207 41.99999999999999
    endloop
  endfacet
  facet normal 0.7475083268625944 -0.6642524379112844 0
    outer loop
      vertex -13.354723030841024 -7.997277777906207 41.99999999999999
      vertex -13.25560589741651 -7.885737528535726 40.5
      vertex -13.25560589741651 -7.885737528535726 41.99999999999999
    endloop
  endfacet
  facet normal 0.7208535967029176 -0.693087362545637 0
    outer loop
      vertex -13.25560589741651 -7.885737528535726 41.99999999999999
      vertex -13.152186130069785 -7.778174593052023 40.5
      vertex -13.152186130069785 -7.778174593052023 41.99999999999999
    endloop
  endfacet
  facet normal 0.6930873625456367 -0.7208535967029179 0
    outer loop
      vertex -13.152186130069785 -7.778174593052023 41.99999999999999
      vertex -13.044623194586084 -7.6747548257053 40.5
      vertex -13.044623194586084 -7.6747548257053 41.99999999999999
    endloop
  endfacet
  facet normal 0.6642524379112844 -0.7475083268625944 0
    outer loop
      vertex -13.044623194586084 -7.6747548257053 41.99999999999999
      vertex -12.933082945215602 -7.575637692280786 40.5
      vertex -12.933082945215602 -7.575637692280786 41.99999999999999
    endloop
  endfacet
  facet normal 0.6343932841636465 -0.7730104533627362 0
    outer loop
      vertex -12.933082945215602 -7.575637692280786 41.99999999999999
      vertex -12.817737368938275 -7.4809760242140735 40.5
      vertex -12.817737368938275 -7.4809760242140735 41.99999999999999
    endloop
  endfacet
  facet normal -0.6930873625456369 0.7208535967029177 0
    outer loop
      vertex -14.99066376115481 -5.939696961966999 41.99999999999999
      vertex -14.809505132971733 -5.765516301172515 41.99999999999999
      vertex -14.99066376115481 -5.939696961966999 40.5
    endloop
  endfacet
  facet normal -0.6642524379112806 0.7475083268625977 0
    outer loop
      vertex -14.809505132971733 -5.765516301172515 41.99999999999999
      vertex -14.621647870874082 -5.5985821817207055 41.99999999999999
      vertex -14.809505132971733 -5.765516301172515 40.5
    endloop
  endfacet
  facet normal -0.6343932841636426 0.7730104533627394 0
    outer loop
      vertex -14.621647870874082 -5.5985821817207055 41.99999999999999
      vertex -14.427381637143844 -5.4391520039241374 41.99999999999999
      vertex -14.621647870874082 -5.5985821817207055 40.5
    endloop
  endfacet
  facet normal -0.6035559419535705 0.7973206537727078 0
    outer loop
      vertex -14.427381637143844 -5.4391520039241374 41.99999999999999
      vertex -14.227005976232734 -5.287471597561241 41.99999999999999
      vertex -14.427381637143844 -5.4391520039241374 40.5
    endloop
  endfacet
  facet normal -0.5717879602276149 0.8204014435255118 0
    outer loop
      vertex -14.227005976232734 -5.287471597561241 41.99999999999999
      vertex -14.02082985288636 -5.143774842824614 41.99999999999999
      vertex -14.227005976232734 -5.287471597561241 40.5
    endloop
  endfacet
  facet normal -0.5391383229109968 0.8422172337162886 0
    outer loop
      vertex -14.02082985288636 -5.143774842824614 41.99999999999999
      vertex -13.809171175742978 -5.008283309694715 41.99999999999999
      vertex -14.02082985288636 -5.143774842824614 40.5
    endloop
  endfacet
  facet normal 0.6035559419535673 -0.7973206537727102 0
    outer loop
      vertex -12.817737368938275 -7.4809760242140735 41.99999999999999
      vertex -12.698764320272304 -7.390915782936105 40.5
      vertex -12.698764320272304 -7.390915782936105 41.99999999999999
    endloop
  endfacet
  facet normal 0.5717879602276154 -0.8204014435255115 0
    outer loop
      vertex -12.698764320272304 -7.390915782936105 41.99999999999999
      vertex -12.576347247035393 -7.305595834811232 40.5
      vertex -12.576347247035393 -7.305595834811232 41.99999999999999
    endloop
  endfacet
  facet normal 0.5391383229109941 -0.8422172337162905 0
    outer loop
      vertex -12.576347247035393 -7.305595834811232 41.99999999999999
      vertex -12.45067490748151 -7.225147737015354 40.5
      vertex -12.45067490748151 -7.225147737015354 41.99999999999999
    endloop
  endfacet
  facet normal 0.505657373377989 -0.8627343859777893 0
    outer loop
      vertex -12.45067490748151 -7.225147737015354 41.99999999999999
      vertex -12.321941079249333 -7.149695534684275 40.5
      vertex -12.321941079249333 -7.149695534684275 41.99999999999999
    endloop
  endfacet
  facet normal 0.47139673682598987 -0.8819212643483592 0
    outer loop
      vertex -12.321941079249333 -7.149695534684275 41.99999999999999
      vertex -12.190344260571182 -7.079355569645108 40.5
      vertex -12.190344260571182 -7.079355569645108 41.99999999999999
    endloop
  endfacet
  facet normal 0.43640924067334663 -0.8997482840522193 0
    outer loop
      vertex -12.190344260571182 -7.079355569645108 41.99999999999999
      vertex -12.056087364203131 -7.014236301025596 40.5
      vertex -12.056087364203131 -7.014236301025596 41.99999999999999
    endloop
  endfacet
  facet normal 0.40074883310313625 -0.916187957117138 0
    outer loop
      vertex -12.056087364203131 -7.014236301025596 41.99999999999999
      vertex -11.919377404548246 -6.954438138018016 40.5
      vertex -11.919377404548246 -6.954438138018016 41.99999999999999
    endloop
  endfacet
  facet normal 0.3644704998791588 -0.9312149347588 0
    outer loop
      vertex -11.919377404548246 -6.954438138018016 41.99999999999999
      vertex -11.780425178455378 -6.900053285055464 40.5
      vertex -11.780425178455378 -6.900053285055464 41.99999999999999
    endloop
  endfacet
  facet normal 0.32763017956169926 -0.944806046466876 0
    outer loop
      vertex -11.780425178455378 -6.900053285055464 41.99999999999999
      vertex -11.639444940185705 -6.8511655996393195 40.5
      vertex -11.639444940185705 -6.8511655996393195 41.99999999999999
    endloop
  endfacet
  facet normal 0.2902846772544518 -0.9569403357322122 0
    outer loop
      vertex -11.639444940185705 -6.8511655996393195 41.99999999999999
      vertex -11.496654071048187 -6.807850463037045 40.5
      vertex -11.496654071048187 -6.807850463037045 41.99999999999999
    endloop
  endfacet
  facet normal 0.2524915770151597 -0.9675990923602593 0
    outer loop
      vertex -11.496654071048187 -6.807850463037045 41.99999999999999
      vertex -11.352272744213344 -6.770174664049733 40.5
      vertex -11.352272744213344 -6.770174664049733 41.99999999999999
    endloop
  endfacet
  facet normal 0.2143091530650575 -0.9767658813208709 0
    outer loop
      vertex -11.352272744213344 -6.770174664049733 41.99999999999999
      vertex -11.206523585222191 -6.738196296028628 40.5
      vertex -11.206523585222191 -6.738196296028628 41.99999999999999
    endloop
  endfacet
  facet normal 0.17579627993434346 -0.9844265680898936 0
    outer loop
      vertex -11.206523585222191 -6.738196296028628 41.99999999999999
      vertex -11.059631328713783 -6.711964667299382 40.5
      vertex -11.059631328713783 -6.711964667299382 41.99999999999999
    endloop
  endfacet
  facet normal 0.13701234168197338 -0.9905693404435765 0
    outer loop
      vertex -11.059631328713783 -6.711964667299382 41.99999999999999
      vertex -10.911822471900688 -6.691520225132185 40.5
      vertex -10.911822471900688 -6.691520225132185 41.99999999999999
    endloop
  endfacet
  facet normal 0.0980171403295613 -0.9951847266721968 0
    outer loop
      vertex -10.911822471900688 -6.691520225132185 41.99999999999999
      vertex -10.763324925326716 -6.676894493375018 40.5
      vertex -10.763324925326716 -6.676894493375018 41.99999999999999
    endloop
  endfacet
  facet normal 0.05887080365118215 -0.9982656101847164 0
    outer loop
      vertex -10.763324925326716 -6.676894493375018 41.99999999999999
      vertex -10.614367661445367 -6.668110023846158 40.5
      vertex -10.614367661445367 -6.668110023846158 41.99999999999999
    endloop
  endfacet
  facet normal 0.019633692460642636 -0.9998072404820646 0
    outer loop
      vertex -10.614367661445367 -6.668110023846158 41.99999999999999
      vertex -10.465180361560904 -6.665180361560903 40.5
      vertex -10.465180361560904 -6.665180361560903 41.99999999999999
    endloop
  endfacet
  facet normal -0.019633692460637155 -0.9998072404820647 0
    outer loop
      vertex -10.465180361560904 -6.665180361560903 41.99999999999999
      vertex -10.315993061676444 -6.6681100238461575 40.5
      vertex -10.315993061676444 -6.6681100238461575 41.99999999999999
    endloop
  endfacet
  facet normal -0.05887080365118075 -0.9982656101847164 0
    outer loop
      vertex -10.315993061676444 -6.6681100238461575 41.99999999999999
      vertex -10.167035797795092 -6.676894493375017 40.5
      vertex -10.167035797795092 -6.676894493375017 41.99999999999999
    endloop
  endfacet
  facet normal -0.0980171403295613 -0.9951847266721968 0
    outer loop
      vertex -10.167035797795092 -6.676894493375017 41.99999999999999
      vertex -10.01853825122112 -6.691520225132184 40.5
      vertex -10.01853825122112 -6.691520225132184 41.99999999999999
    endloop
  endfacet
  facet normal -0.5056573733779873 0.8627343859777904 0
    outer loop
      vertex -13.809171175742978 -5.008283309694715 41.99999999999999
      vertex -13.592356307141415 -4.881205916295001 41.99999999999999
      vertex -13.809171175742978 -5.008283309694715 40.5
    endloop
  endfacet
  facet normal -0.4713967368259934 0.8819212643483572 0
    outer loop
      vertex -13.592356307141415 -4.881205916295001 41.99999999999999
      vertex -13.370719559894004 -4.7627386067553505 41.99999999999999
      vertex -13.592356307141415 -4.881205916295001 40.5
    endloop
  endfacet
  facet normal -0.43640924067334697 0.8997482840522191 0
    outer loop
      vertex -13.370719559894004 -4.7627386067553505 41.99999999999999
      vertex -13.144602681800444 -4.653064049080383 41.99999999999999
      vertex -13.370719559894004 -4.7627386067553505 40.5
    endloop
  endfacet
  facet normal -0.40074883310313697 0.9161879571171376 0
    outer loop
      vertex -13.144602681800444 -4.653064049080383 41.99999999999999
      vertex -12.91435432869748 -4.552351353488669 41.99999999999999
      vertex -13.144602681800444 -4.653064049080383 40.5
    endloop
  endfacet
  facet normal -0.3644704998791507 0.9312149347588031 0
    outer loop
      vertex -12.91435432869748 -4.552351353488669 41.99999999999999
      vertex -12.680329526856859 -4.460755811657005 41.99999999999999
      vertex -12.91435432869748 -4.552351353488669 40.5
    endloop
  endfacet
  facet normal -0.32763017956169477 0.9448060464668777 0
    outer loop
      vertex -12.680329526856859 -4.460755811657005 41.99999999999999
      vertex -12.44288912556057 -4.378418657271921 41.99999999999999
      vertex -12.680329526856859 -4.460755811657005 40.5
    endloop
  endfacet
  facet normal -0.29028467725446283 0.9569403357322087 0
    outer loop
      vertex -12.44288912556057 -4.378418657271921 41.99999999999999
      vertex -12.20239924069738 -4.305466848257561 41.99999999999999
      vertex -12.44288912556057 -4.378418657271921 40.5
    endloop
  endfacet
  facet normal -0.2524915770151577 0.9675990923602598 0
    outer loop
      vertex -12.20239924069738 -4.305466848257561 41.99999999999999
      vertex -11.959230690238698 -4.242012871015773 41.99999999999999
      vertex -12.20239924069738 -4.305466848257561 40.5
    endloop
  endfacet
  facet normal -0.21430915306505097 0.9767658813208724 0
    outer loop
      vertex -11.959230690238698 -4.242012871015773 41.99999999999999
      vertex -11.713758422464126 -4.188154566980229 41.99999999999999
      vertex -11.959230690238698 -4.242012871015773 40.5
    endloop
  endfacet
  facet normal -0.17579627993435604 0.9844265680898915 0
    outer loop
      vertex -11.713758422464126 -4.188154566980229 41.99999999999999
      vertex -11.466360937818383 -4.143974981752022 41.99999999999999
      vertex -11.713758422464126 -4.188154566980229 40.5
    endloop
  endfacet
  facet normal -0.13701234168196819 0.9905693404435773 0
    outer loop
      vertex -11.466360937818383 -4.143974981752022 41.99999999999999
      vertex -11.217419705291066 -4.109542237049375 41.99999999999999
      vertex -11.466360937818383 -4.143974981752022 40.5
    endloop
  endfacet
  facet normal -0.09801714032955863 0.995184726672197 0
    outer loop
      vertex -11.217419705291066 -4.109542237049375 41.99999999999999
      vertex -10.967318574219112 -4.084909425668885 41.99999999999999
      vertex -11.217419705291066 -4.109542237049375 40.5
    endloop
  endfacet
  facet normal -0.058870803651190025 0.9982656101847159 0
    outer loop
      vertex -10.967318574219112 -4.084909425668885 41.99999999999999
      vertex -10.716443182418944 -4.070114529620277 41.99999999999999
      vertex -10.967318574219112 -4.084909425668885 40.5
    endloop
  endfacet
  facet normal -0.019633692460633335 0.9998072404820647 0
    outer loop
      vertex -10.716443182418944 -4.070114529620277 41.99999999999999
      vertex -10.49538501485945 -4.065773504768645 41.99999999999999
      vertex -10.49538501485945 -4.065773504768645 40.5
    endloop
  endfacet
  facet normal -2.228575338261986e-15 -1.4266038763535047e-15 1
    outer loop
      vertex -16.629392246050905 -11.111404660392044 41.99999999999999
      vertex -19.977810397239875 -0.9 42
      vertex -16.858016080324752 -10.754258961262218 41.99999999999999
    endloop
  endfacet
  facet normal 0 0 1
    outer loop
      vertex -18.477590650225736 -7.653668647301796 42
      vertex -18.162863476501624 -8.373194750748562 42
      vertex -19.977810397239875 -0.9 42
    endloop
  endfacet
  facet normal 0 0 1
    outer loop
      vertex -18.477590650225736 -7.653668647301796 42
      vertex -19.977810397239875 -0.9 42
      vertex -18.763826718449682 -6.922341141549859 42
    endloop
  endfacet
  facet normal 0 0 1
    outer loop
      vertex -17.052803287081844 -10.449971294318976 42
      vertex -19.977810397239875 -0.9 42
      vertex -17.449920141455944 -9.772424829939098 42
    endloop
  endfacet
  facet normal 0 0 1
    outer loop
      vertex -17.449920141455944 -9.772424829939098 42
      vertex -19.977810397239875 -0.9 42
      vertex -17.820130483767358 -9.079809994790935 42
    endloop
  endfacet
  facet normal 6.994312560028646e-14 2.1422487396293615e-14 1
    outer loop
      vertex -17.052803287081844 -10.449971294318976 42
      vertex -16.858016080324752 -10.754258961262218 41.99999999999999
      vertex -19.977810397239875 -0.9 42
    endloop
  endfacet
  facet normal 0 0 1
    outer loop
      vertex -18.162863476501624 -8.373194750748562 42
      vertex -17.820130483767358 -9.079809994790935 42
      vertex -19.977810397239875 -0.9 42
    endloop
  endfacet
  facet normal -1.0706883782497249e-15 -7.462282382244241e-16 1
    outer loop
      vertex -16.18033988749895 -11.755705045849464 41.99999999999999
      vertex -16.385629539756284 -1.9393670580543212 42
      vertex -16.629392246050905 -11.111404660392044 41.99999999999999
    endloop
  endfacet
  facet normal -1.2233175617851814e-15 -9.26027163372699e-16 1
    outer loop
      vertex -16.18033988749895 -11.755705045849464 41.99999999999999
      vertex -15.706338617614891 -12.381878986196687 41.99999999999999
      vertex -15.88051140148518 -4.478767422773726 42
    endloop
  endfacet
  facet normal -2.7980021844864844e-15 -9.702625862158398e-16 1
    outer loop
      vertex -15.706338617614891 -12.381878986196687 41.99999999999999
      vertex -15.480157042720988 -5.710931441778634 42
      vertex -15.692432518870033 -5.098780407186632 42
    endloop
  endfacet
  facet normal 3.504672776157433e-14 3.336898982819954e-16 1
    outer loop
      vertex -15.208119312000619 -12.988960966603674 41.99999999999999
      vertex -15.272360505172644 -6.241847494573982 41.99999999999999
      vertex -15.480157042720988 -5.710931441778634 42
    endloop
  endfacet
  facet normal 2.5242010556960824e-14 -9.287954619391801e-16 1
    outer loop
      vertex -15.208119312000619 -12.988960966603674 41.99999999999999
      vertex -14.98436236811384 -6.907885669367563 41.99999999999999
      vertex -15.24401228643623 -6.314276634023981 42
    endloop
  endfacet
  facet normal -2.5689757613941687e-13 -2.4459951477935754e-15 1
    outer loop
      vertex -15.208119312000619 -12.988960966603674 41.99999999999999
      vertex -15.24401228643623 -6.314276634023981 42
      vertex -15.272360505172644 -6.241847494573982 41.99999999999999
    endloop
  endfacet
  facet normal -6.16536669134493e-15 -8.527735446878598e-16 1
    outer loop
      vertex -16.18033988749895 -11.755705045849464 41.99999999999999
      vertex -16.29685761981977 -2.5811686731638095 42
      vertex -16.385629539756284 -1.9393670580543212 42
    endloop
  endfacet
  facet normal -3.196021824373847e-15 -9.695026211604966e-16 1
    outer loop
      vertex -15.706338617614891 -12.381878986196687 41.99999999999999
      vertex -15.692432518870033 -5.098780407186632 42
      vertex -15.88051140148518 -4.478767422773726 42
    endloop
  endfacet
  facet normal -3.2316203016581117e-15 -8.432799417881751e-16 1
    outer loop
      vertex -16.18033988749895 -11.755705045849464 41.99999999999999
      vertex -15.88051140148518 -4.478767422773726 42
      vertex -16.044103686561662 -3.851848503622439 42
    endloop
  endfacet
  facet normal -3.798887895644905e-15 -8.335021350293216e-16 1
    outer loop
      vertex -16.18033988749895 -11.755705045849464 41.99999999999999
      vertex -16.044103686561662 -3.851848503622439 42
      vertex -16.182957126653303 -3.218990313266116 42
    endloop
  endfacet
  facet normal -4.668951139306035e-15 -8.337688844357861e-16 1
    outer loop
      vertex -16.18033988749895 -11.755705045849464 41.99999999999999
      vertex -16.182957126653303 -3.218990313266116 42
      vertex -16.29685761981977 -2.5811686731638095 42
    endloop
  endfacet
  facet normal 0 0 1
    outer loop
      vertex -19.02113032590307 -6.180339887498948 42
      vertex -19.977810397239875 -0.9 42
      vertex -19.249104729072947 -5.428808997301485 42
    endloop
  endfacet
  facet normal 0 0 1
    outer loop
      vertex -19.02113032590307 -6.180339887498948 42
      vertex -18.763826718449682 -6.922341141549859 42
      vertex -19.977810397239875 -0.9 42
    endloop
  endfacet
  facet normal 0 0 1
    outer loop
      vertex -19.447398407953532 -4.668907277118108 42
      vertex -19.977810397239875 -0.9 42
      vertex -19.61570560806461 -3.9018064403225647 42
    endloop
  endfacet
  facet normal 0 0 1
    outer loop
      vertex -19.249104729072947 -5.428808997301485 42
      vertex -19.977810397239875 -0.9 42
      vertex -19.447398407953532 -4.668907277118108 42
    endloop
  endfacet
  facet normal 0 0 1
    outer loop
      vertex -19.61570560806461 -3.9018064403225647 42
      vertex -19.977810397239875 -0.9 42
      vertex -19.753766811902757 -3.1286893008046173 42
    endloop
  endfacet
  facet normal -8.076928305093858e-17 -7.223175396854858e-16 1
    outer loop
      vertex -16.629392246050905 -11.111404660392044 41.99999999999999
      vertex -16.44913600659661 -1.2945750795094415 42
      vertex -19.977810397239875 -0.9 42
    endloop
  endfacet
  facet normal 0 0 1
    outer loop
      vertex -19.753766811902757 -3.1286893008046173 42
      vertex -19.977810397239875 -0.9 42
      vertex -19.861369139098525 -2.350747949156753 42
    endloop
  endfacet
  facet normal 0 0 1
    outer loop
      vertex -19.861369139098525 -2.350747949156753 42
      vertex -19.977810397239875 -0.9 42
      vertex -19.938346674662558 -1.5691819145568988 42
    endloop
  endfacet
  facet normal 0 0 1
    outer loop
      vertex -16.44913600659661 -1.2945750795094415 42
      vertex -16.472405316682487 -0.9 42
      vertex -19.977810397239875 -0.9 42
    endloop
  endfacet
  facet normal -6.1940931493120635e-15 -6.100649268007314e-16 1
    outer loop
      vertex -16.629392246050905 -11.111404660392044 41.99999999999999
      vertex -16.385629539756284 -1.9393670580543212 42
      vertex -16.44913600659661 -1.2945750795094415 42
    endloop
  endfacet
  facet normal 2.1178328208068027e-14 -1.1149098267250237e-15 1
    outer loop
      vertex -14.68645018871371 -13.576014910658834 41.99999999999999
      vertex -14.396184116701153 -8.062250484699756 41.99999999999999
      vertex -14.70160764910807 -7.490843245702521 42
    endloop
  endfacet
  facet normal -2.7678820023878863e-14 -1.2366073449021707e-15 1
    outer loop
      vertex -14.68645018871371 -13.576014910658834 41.99999999999999
      vertex -14.70160764910807 -7.490843245702521 42
      vertex -14.98436236811384 -6.907885669367563 41.99999999999999
    endloop
  endfacet
  facet normal -8.477384038967331e-14 -1.6647444062461909e-15 1
    outer loop
      vertex -14.26225069927565 -10.614367661445364 42
      vertex -14.265180361560903 -10.465180361560902 42
      vertex -14.396184116701153 -8.062250484699756 41.99999999999999
    endloop
  endfacet
  facet normal -3.9875290558170693e-14 7.830501319622133e-16 1
    outer loop
      vertex -14.265180361560903 -10.465180361560902 42
      vertex -14.262250699275654 -10.315993061676444 42
      vertex -14.396184116701153 -8.062250484699756 41.99999999999999
    endloop
  endfacet
  facet normal -2.6627687898637134e-14 1.57031692765217e-15 1
    outer loop
      vertex -14.262250699275654 -10.315993061676444 42
      vertex -14.253466229746792 -10.167035797795094 42
      vertex -14.396184116701153 -8.062250484699756 41.99999999999999
    endloop
  endfacet
  facet normal 2.6742954277226574e-13 2.150927523560652e-14 1
    outer loop
      vertex -14.253466229746792 -10.167035797795094 42
      vertex -14.238840497989624 -10.01853825122112 41.99999999999999
      vertex -14.396184116701153 -8.062250484699756 41.99999999999999
    endloop
  endfacet
  facet normal -2.1976004333121514e-13 -1.7675232170684963e-14 1
    outer loop
      vertex -14.238840497989624 -10.01853825122112 41.99999999999999
      vertex -14.218396055822426 -9.870729394408025 42
      vertex -14.396184116701153 -8.062250484699756 41.99999999999999
    endloop
  endfacet
  facet normal -1.4189813558555844e-14 2.533979188916239e-15 1
    outer loop
      vertex -14.218396055822426 -9.870729394408025 42
      vertex -14.19216442709318 -9.723837137899617 42
      vertex -14.396184116701153 -8.062250484699756 41.99999999999999
    endloop
  endfacet
  facet normal -1.2496723391574729e-14 2.741867071068269e-15 1
    outer loop
      vertex -14.19216442709318 -9.723837137899617 42
      vertex -14.160186059072075 -9.578087978908464 42
      vertex -14.396184116701153 -8.062250484699756 41.99999999999999
    endloop
  endfacet
  facet normal -1.1250766456443858e-14 2.935847901931581e-15 1
    outer loop
      vertex -14.160186059072075 -9.578087978908464 42
      vertex -14.122510260084763 -9.43370665207362 42
      vertex -14.396184116701153 -8.062250484699756 41.99999999999999
    endloop
  endfacet
  facet normal -1.0302192008689577e-14 3.1251357797219235e-15 1
    outer loop
      vertex -14.396184116701153 -8.062250484699756 41.99999999999999
      vertex -14.122510260084763 -9.43370665207362 42
      vertex -14.079195123482489 -9.290915782936104 42
    endloop
  endfacet
  facet normal -9.562477420569188e-15 3.315978137599227e-15 1
    outer loop
      vertex -14.396184116701153 -8.062250484699756 41.99999999999999
      vertex -14.079195123482489 -9.290915782936104 42
      vertex -14.030307438066345 -9.14993554466643 42
    endloop
  endfacet
  facet normal 0 0 1
    outer loop
      vertex -14.030307438066345 -9.14993554466643 42
      vertex -13.975922585103795 -9.010983318573565 42
      vertex -14.068562711842521 -8.621226317813155 42
    endloop
  endfacet
  facet normal 0 0 1
    outer loop
      vertex -13.975922585103795 -9.010983318573565 42
      vertex -13.916124422096214 -8.874273358918678 42
      vertex -14.068562711842521 -8.621226317813155 42
    endloop
  endfacet
  facet normal 0 0 1
    outer loop
      vertex -14.068562711842521 -8.621226317813155 42
      vertex -13.916124422096214 -8.874273358918678 42
      vertex -13.9120086704671 -8.865787882167165 42
    endloop
  endfacet
  facet normal 2.0095565214937742e-14 2.1935632664057455e-14 1
    outer loop
      vertex -13.539444940185705 -8.231596402849506 41.99999999999999
      vertex -14.98436236811384 -6.907885669367563 41.99999999999999
      vertex -14.70160764910807 -7.490843245702521 42
    endloop
  endfacet
  facet normal -2.474239967933775e-14 -1.7902605544565596e-15 1
    outer loop
      vertex -14.396184116701153 -8.062250484699756 41.99999999999999
      vertex -14.030307438066345 -9.14993554466643 42
      vertex -14.068562711842521 -8.621226317813155 42
    endloop
  endfacet
  facet normal 2.3502198782178e-14 2.6486387895201674e-14 1
    outer loop
      vertex -14.396184116701153 -8.062250484699756 41.99999999999999
      vertex -14.068562711842521 -8.621226317813155 42
      vertex -13.780665188437533 -8.608419643872475 41.99999999999999
    endloop
  endfacet
  facet normal 0 0 1
    outer loop
      vertex -14.068562711842521 -8.621226317813155 42
      vertex -13.9120086704671 -8.865787882167165 42
      vertex -13.851005153476702 -8.740016462550628 42
    endloop
  endfacet
  facet normal 2.2821186213668794e-14 4.179573619200481e-14 1
    outer loop
      vertex -14.068562711842521 -8.621226317813155 42
      vertex -13.851005153476702 -8.740016462550628 42
      vertex -13.780665188437533 -8.608419643872475 41.99999999999999
    endloop
  endfacet
  facet normal -3.221948534324621e-14 -3.631055096138966e-14 1
    outer loop
      vertex -14.396184116701153 -8.062250484699756 41.99999999999999
      vertex -13.780665188437533 -8.608419643872475 41.99999999999999
      vertex -13.705212986106456 -8.479685815640298 42
    endloop
  endfacet
  facet normal -7.41547683257042e-15 4.746955515807262e-15 1
    outer loop
      vertex -14.396184116701153 -8.062250484699756 41.99999999999999
      vertex -13.705212986106456 -8.479685815640298 42
      vertex -13.624764888310576 -8.354013476086415 42
    endloop
  endfacet
  facet normal -1.7439538007576293e-14 -2.1756589365644665e-14 1
    outer loop
      vertex -14.396184116701153 -8.062250484699756 41.99999999999999
      vertex -13.624764888310576 -8.354013476086415 42
      vertex -14.70160764910807 -7.490843245702521 42
    endloop
  endfacet
  facet normal 2.984964206001062e-14 3.723873904968097e-14 1
    outer loop
      vertex -13.624764888310576 -8.354013476086415 42
      vertex -13.539444940185705 -8.231596402849506 41.99999999999999
      vertex -14.70160764910807 -7.490843245702521 42
    endloop
  endfacet
  facet normal -3.2308094303114e-14 -3.52664123217612e-14 1
    outer loop
      vertex -13.539444940185705 -8.231596402849506 41.99999999999999
      vertex -13.449384698907735 -8.112623354183533 42
      vertex -14.98436236811384 -6.907885669367563 41.99999999999999
    endloop
  endfacet
  facet normal 2.6591273803085044e-14 3.977831808955346e-14 1
    outer loop
      vertex -13.449384698907735 -8.112623354183533 42
      vertex -13.354723030841024 -7.997277777906207 41.99999999999999
      vertex -14.98436236811384 -6.907885669367563 41.99999999999999
    endloop
  endfacet
  facet normal -1.130826196227375e-14 -1.691621261570162e-14 1
    outer loop
      vertex -15.24401228643623 -6.314276634023981 42
      vertex -14.98436236811384 -6.907885669367563 41.99999999999999
      vertex -13.354723030841024 -7.997277777906207 41.99999999999999
    endloop
  endfacet
  facet normal 1.3994335102195261e-13 1.528745497621404e-13 1
    outer loop
      vertex -15.272360505172644 -6.241847494573982 41.99999999999999
      vertex -15.24401228643623 -6.314276634023981 42
      vertex -13.354723030841024 -7.997277777906207 41.99999999999999
    endloop
  endfacet
  facet normal 0 0 1
    outer loop
      vertex -15.272360505172644 -6.241847494573982 41.99999999999999
      vertex -13.25560589741651 -7.885737528535726 41.99999999999999
      vertex -15.164844421949294 -6.120855590150076 41.99999999999999
    endloop
  endfacet
  facet normal 0 0 1
    outer loop
      vertex -15.164844421949294 -6.120855590150076 41.99999999999999
      vertex -13.25560589741651 -7.885737528535726 41.99999999999999
      vertex -14.99066376115481 -5.939696961966999 41.99999999999999
    endloop
  endfacet
  facet normal 0 0 1
    outer loop
      vertex -15.272360505172644 -6.241847494573982 41.99999999999999
      vertex -13.354723030841024 -7.997277777906207 41.99999999999999
      vertex -13.25560589741651 -7.885737528535726 41.99999999999999
    endloop
  endfacet
  facet normal 0 0 1
    outer loop
      vertex -13.25560589741651 -7.885737528535726 41.99999999999999
      vertex -13.152186130069785 -7.778174593052023 41.99999999999999
      vertex -14.99066376115481 -5.939696961966999 41.99999999999999
    endloop
  endfacet
  facet normal 0 0 1
    outer loop
      vertex -13.044623194586084 -7.6747548257053 41.99999999999999
      vertex -14.809505132971733 -5.765516301172515 41.99999999999999
      vertex -14.99066376115481 -5.939696961966999 41.99999999999999
    endloop
  endfacet
  facet normal 0 0 1
    outer loop
      vertex -14.809505132971733 -5.765516301172515 41.99999999999999
      vertex -12.817737368938275 -7.4809760242140735 41.99999999999999
      vertex -14.621647870874082 -5.5985821817207055 41.99999999999999
    endloop
  endfacet
  facet normal 0 0 1
    outer loop
      vertex -14.621647870874082 -5.5985821817207055 41.99999999999999
      vertex -12.576347247035393 -7.305595834811232 41.99999999999999
      vertex -14.427381637143844 -5.4391520039241374 41.99999999999999
    endloop
  endfacet
  facet normal 0 0 1
    outer loop
      vertex -13.152186130069785 -7.778174593052023 41.99999999999999
      vertex -13.044623194586084 -7.6747548257053 41.99999999999999
      vertex -14.99066376115481 -5.939696961966999 41.99999999999999
    endloop
  endfacet
  facet normal 0 0 1
    outer loop
      vertex -13.044623194586084 -7.6747548257053 41.99999999999999
      vertex -12.933082945215602 -7.575637692280786 41.99999999999999
      vertex -14.809505132971733 -5.765516301172515 41.99999999999999
    endloop
  endfacet
  facet normal 0 0 1
    outer loop
      vertex -12.933082945215602 -7.575637692280786 41.99999999999999
      vertex -12.817737368938275 -7.4809760242140735 41.99999999999999
      vertex -14.809505132971733 -5.765516301172515 41.99999999999999
    endloop
  endfacet
  facet normal 0 0 1
    outer loop
      vertex -14.621647870874082 -5.5985821817207055 41.99999999999999
      vertex -12.817737368938275 -7.4809760242140735 41.99999999999999
      vertex -12.698764320272304 -7.390915782936105 41.99999999999999
    endloop
  endfacet
  facet normal 0 0 1
    outer loop
      vertex -14.621647870874082 -5.5985821817207055 41.99999999999999
      vertex -12.698764320272304 -7.390915782936105 41.99999999999999
      vertex -12.576347247035393 -7.305595834811232 41.99999999999999
    endloop
  endfacet
  facet normal 0 0 1
    outer loop
      vertex -14.427381637143844 -5.4391520039241374 41.99999999999999
      vertex -12.576347247035393 -7.305595834811232 41.99999999999999
      vertex -12.45067490748151 -7.225147737015354 41.99999999999999
    endloop
  endfacet
  facet normal 0 0 1
    outer loop
      vertex -14.227005976232734 -5.287471597561241 41.99999999999999
      vertex -12.45067490748151 -7.225147737015354 41.99999999999999
      vertex -12.321941079249333 -7.149695534684275 41.99999999999999
    endloop
  endfacet
  facet normal 0 0 1
    outer loop
      vertex -14.227005976232734 -5.287471597561241 41.99999999999999
      vertex -12.321941079249333 -7.149695534684275 41.99999999999999
      vertex -12.190344260571182 -7.079355569645108 41.99999999999999
    endloop
  endfacet
  facet normal 0 0 1
    outer loop
      vertex -14.02082985288636 -5.143774842824614 41.99999999999999
      vertex -12.190344260571182 -7.079355569645108 41.99999999999999
      vertex -12.056087364203131 -7.014236301025596 41.99999999999999
    endloop
  endfacet
  facet normal 0 0 1
    outer loop
      vertex -14.02082985288636 -5.143774842824614 41.99999999999999
      vertex -12.056087364203131 -7.014236301025596 41.99999999999999
      vertex -11.919377404548246 -6.954438138018016 41.99999999999999
    endloop
  endfacet
  facet normal 0 0 1
    outer loop
      vertex -13.809171175742978 -5.008283309694715 41.99999999999999
      vertex -11.919377404548246 -6.954438138018016 41.99999999999999
      vertex -11.780425178455378 -6.900053285055464 41.99999999999999
    endloop
  endfacet
  facet normal 0 0 1
    outer loop
      vertex -14.427381637143844 -5.4391520039241374 41.99999999999999
      vertex -12.45067490748151 -7.225147737015354 41.99999999999999
      vertex -14.227005976232734 -5.287471597561241 41.99999999999999
    endloop
  endfacet
  facet normal 0 0 1
    outer loop
      vertex -14.227005976232734 -5.287471597561241 41.99999999999999
      vertex -12.190344260571182 -7.079355569645108 41.99999999999999
      vertex -14.02082985288636 -5.143774842824614 41.99999999999999
    endloop
  endfacet
  facet normal 0 0 1
    outer loop
      vertex -14.02082985288636 -5.143774842824614 41.99999999999999
      vertex -11.919377404548246 -6.954438138018016 41.99999999999999
      vertex -13.809171175742978 -5.008283309694715 41.99999999999999
    endloop
  endfacet
  facet normal 0 0 1
    outer loop
      vertex -13.809171175742978 -5.008283309694715 41.99999999999999
      vertex -11.780425178455378 -6.900053285055464 41.99999999999999
      vertex -13.592356307141415 -4.881205916295001 41.99999999999999
    endloop
  endfacet
  facet normal 0 0 1
    outer loop
      vertex -13.592356307141415 -4.881205916295001 41.99999999999999
      vertex -11.496654071048187 -6.807850463037045 41.99999999999999
      vertex -13.370719559894004 -4.7627386067553505 41.99999999999999
    endloop
  endfacet
  facet normal 0 0 1
    outer loop
      vertex -13.370719559894004 -4.7627386067553505 41.99999999999999
      vertex -11.206523585222191 -6.738196296028628 41.99999999999999
      vertex -13.144602681800444 -4.653064049080383 41.99999999999999
    endloop
  endfacet
  facet normal 0 0 1
    outer loop
      vertex -13.592356307141415 -4.881205916295001 41.99999999999999
      vertex -11.780425178455378 -6.900053285055464 41.99999999999999
      vertex -11.639444940185705 -6.8511655996393195 41.99999999999999
    endloop
  endfacet
  facet normal 0 0 1
    outer loop
      vertex -13.592356307141415 -4.881205916295001 41.99999999999999
      vertex -11.639444940185705 -6.8511655996393195 41.99999999999999
      vertex -11.496654071048187 -6.807850463037045 41.99999999999999
    endloop
  endfacet
  facet normal 0 0 1
    outer loop
      vertex -13.370719559894004 -4.7627386067553505 41.99999999999999
      vertex -11.496654071048187 -6.807850463037045 41.99999999999999
      vertex -11.352272744213344 -6.770174664049733 41.99999999999999
    endloop
  endfacet
  facet normal 0 0 1
    outer loop
      vertex -13.370719559894004 -4.7627386067553505 41.99999999999999
      vertex -11.352272744213344 -6.770174664049733 41.99999999999999
      vertex -11.206523585222191 -6.738196296028628 41.99999999999999
    endloop
  endfacet
  facet normal 0 0 1
    outer loop
      vertex -13.144602681800444 -4.653064049080383 41.99999999999999
      vertex -10.911822471900688 -6.691520225132185 41.99999999999999
      vertex -12.91435432869748 -4.552351353488669 41.99999999999999
    endloop
  endfacet
  facet normal 0 0 1
    outer loop
      vertex -12.91435432869748 -4.552351353488669 41.99999999999999
      vertex -10.614367661445367 -6.668110023846158 41.99999999999999
      vertex -12.680329526856859 -4.460755811657005 41.99999999999999
    endloop
  endfacet
  facet normal 0 0 1
    outer loop
      vertex -13.144602681800444 -4.653064049080383 41.99999999999999
      vertex -11.206523585222191 -6.738196296028628 41.99999999999999
      vertex -11.059631328713783 -6.711964667299382 41.99999999999999
    endloop
  endfacet
  facet normal 0 0 1
    outer loop
      vertex -13.144602681800444 -4.653064049080383 41.99999999999999
      vertex -11.059631328713783 -6.711964667299382 41.99999999999999
      vertex -10.911822471900688 -6.691520225132185 41.99999999999999
    endloop
  endfacet
  facet normal 0 0 1
    outer loop
      vertex -12.91435432869748 -4.552351353488669 41.99999999999999
      vertex -10.911822471900688 -6.691520225132185 41.99999999999999
      vertex -10.763324925326716 -6.676894493375018 41.99999999999999
    endloop
  endfacet
  facet normal 0 0 1
    outer loop
      vertex -12.91435432869748 -4.552351353488669 41.99999999999999
      vertex -10.763324925326716 -6.676894493375018 41.99999999999999
      vertex -10.614367661445367 -6.668110023846158 41.99999999999999
    endloop
  endfacet
  facet normal 0 0 1
    outer loop
      vertex -12.680329526856859 -4.460755811657005 41.99999999999999
      vertex -10.614367661445367 -6.668110023846158 41.99999999999999
      vertex -10.465180361560904 -6.665180361560903 41.99999999999999
    endloop
  endfacet
  facet normal 0 0 1
    outer loop
      vertex -12.680329526856859 -4.460755811657005 41.99999999999999
      vertex -10.315993061676444 -6.6681100238461575 41.99999999999999
      vertex -12.44288912556057 -4.378418657271921 41.99999999999999
    endloop
  endfacet
  facet normal 0 0 1
    outer loop
      vertex -12.44288912556057 -4.378418657271921 41.99999999999999
      vertex -9.870729394408029 -6.711964667299382 41.99999999999999
      vertex -12.20239924069738 -4.305466848257561 41.99999999999999
    endloop
  endfacet
  facet normal 0 0 1
    outer loop
      vertex -12.680329526856859 -4.460755811657005 41.99999999999999
      vertex -10.465180361560904 -6.665180361560903 41.99999999999999
      vertex -10.315993061676444 -6.6681100238461575 41.99999999999999
    endloop
  endfacet
  facet normal 0 0 1
    outer loop
      vertex -12.44288912556057 -4.378418657271921 41.99999999999999
      vertex -10.315993061676444 -6.6681100238461575 41.99999999999999
      vertex -10.167035797795092 -6.676894493375017 41.99999999999999
    endloop
  endfacet
  facet normal 0 0 1
    outer loop
      vertex -12.44288912556057 -4.378418657271921 41.99999999999999
      vertex -10.167035797795092 -6.676894493375017 41.99999999999999
      vertex -10.01853825122112 -6.691520225132184 41.99999999999999
    endloop
  endfacet
  facet normal 0 0 1
    outer loop
      vertex -12.44288912556057 -4.378418657271921 41.99999999999999
      vertex -10.01853825122112 -6.691520225132184 41.99999999999999
      vertex -9.870729394408029 -6.711964667299382 41.99999999999999
    endloop
  endfacet
  facet normal 0 0 1
    outer loop
      vertex -12.20239924069738 -4.305466848257561 41.99999999999999
      vertex -9.433706652073623 -6.807850463037044 41.99999999999999
      vertex -11.959230690238698 -4.242012871015773 41.99999999999999
    endloop
  endfacet
  facet normal 0 0 1
    outer loop
      vertex -11.959230690238698 -4.242012871015773 41.99999999999999
      vertex -9.149935544666432 -6.900053285055465 41.99999999999999
      vertex -11.713758422464126 -4.188154566980229 41.99999999999999
    endloop
  endfacet
  facet normal 0 0 1
    outer loop
      vertex -12.20239924069738 -4.305466848257561 41.99999999999999
      vertex -9.723837137899617 -6.738196296028628 41.99999999999999
      vertex -9.578087978908464 -6.770174664049733 41.99999999999999
    endloop
  endfacet
  facet normal 0 0 1
    outer loop
      vertex -12.20239924069738 -4.305466848257561 41.99999999999999
      vertex -9.578087978908464 -6.770174664049733 41.99999999999999
      vertex -9.433706652073623 -6.807850463037044 41.99999999999999
    endloop
  endfacet
  facet normal 0 0 1
    outer loop
      vertex -12.20239924069738 -4.305466848257561 41.99999999999999
      vertex -9.870729394408029 -6.711964667299382 41.99999999999999
      vertex -9.723837137899617 -6.738196296028628 41.99999999999999
    endloop
  endfacet
  facet normal 0 0 1
    outer loop
      vertex -11.959230690238698 -4.242012871015773 41.99999999999999
      vertex -9.433706652073623 -6.807850463037044 41.99999999999999
      vertex -9.290915782936104 -6.8511655996393195 41.99999999999999
    endloop
  endfacet
  facet normal 0 0 1
    outer loop
      vertex -11.959230690238698 -4.242012871015773 41.99999999999999
      vertex -9.290915782936104 -6.8511655996393195 41.99999999999999
      vertex -9.149935544666432 -6.900053285055465 41.99999999999999
    endloop
  endfacet
  facet normal 0 0 1
    outer loop
      vertex -11.713758422464126 -4.188154566980229 41.99999999999999
      vertex -9.141892036436907 -6.641973350904947 41.99999999999999
      vertex -10.32306367136139 -4.596124066756543 41.99999999999999
    endloop
  endfacet
  facet normal 0 0 1
    outer loop
      vertex -11.713758422464126 -4.188154566980229 41.99999999999999
      vertex -10.32306367136139 -4.596124066756543 41.99999999999999
      vertex -11.466360937818383 -4.143974981752022 41.99999999999999
    endloop
  endfacet
  facet normal 0 0 1
    outer loop
      vertex -11.466360937818383 -4.143974981752022 41.99999999999999
      vertex -10.32306367136139 -4.596124066756543 41.99999999999999
      vertex -11.217419705291066 -4.109542237049375 41.99999999999999
    endloop
  endfacet
  facet normal 0 0 1
    outer loop
      vertex -11.217419705291066 -4.109542237049375 41.99999999999999
      vertex -10.32306367136139 -4.596124066756543 41.99999999999999
      vertex -10.967318574219112 -4.084909425668885 41.99999999999999
    endloop
  endfacet
  facet normal 0 0 1
    outer loop
      vertex -10.967318574219112 -4.084909425668885 41.99999999999999
      vertex -10.49538501485945 -4.065773504768645 41.99999999999999
      vertex -10.716443182418944 -4.070114529620277 41.99999999999999
    endloop
  endfacet
  facet normal 0 0 1
    outer loop
      vertex -10.967318574219112 -4.084909425668885 41.99999999999999
      vertex -10.32306367136139 -4.596124066756543 41.99999999999999
      vertex -10.49538501485945 -4.065773504768645 41.99999999999999
    endloop
  endfacet
  facet normal -0.471396736825996 -0.8819212643483559 0
    outer loop
      vertex -9.772424829939098 -17.449920141455944 42
      vertex -9.079809994790935 -17.820130483767358 40.5
      vertex -9.079809994790935 -17.820130483767358 42
    endloop
  endfacet
  facet normal -0.43640924067333986 -0.8997482840522225 0
    outer loop
      vertex -9.079809994790935 -17.820130483767358 42
      vertex -8.373194750748562 -18.162863476501624 40.5
      vertex -8.373194750748562 -18.162863476501624 42
    endloop
  endfacet
  facet normal -0.40074883310314413 -0.9161879571171344 0
    outer loop
      vertex -8.373194750748562 -18.162863476501624 42
      vertex -7.653668647301796 -18.477590650225736 40.5
      vertex -7.653668647301796 -18.477590650225736 42
    endloop
  endfacet
  facet normal -0.327630179561692 -0.9448060464668785 0
    outer loop
      vertex -6.180339887498948 -19.02113032590307 42
      vertex -6.922341141549859 -18.763826718449682 42
      vertex -6.180339887498948 -19.02113032590307 40.5
    endloop
  endfacet
  facet normal -0.36447049987914787 -0.9312149347588043 0
    outer loop
      vertex -7.653668647301796 -18.477590650225736 42
      vertex -6.922341141549859 -18.763826718449682 40.5
      vertex -6.922341141549859 -18.763826718449682 42
    endloop
  endfacet
  facet normal -0.2902846772544664 -0.9569403357322078 0
    outer loop
      vertex -6.180339887498948 -19.02113032590307 42
      vertex -5.428808997301485 -19.249104729072947 40.5
      vertex -5.428808997301485 -19.249104729072947 42
    endloop
  endfacet
  facet normal 0.7071067811865474 0.7071067811865477 0
    outer loop
      vertex -2.832711494940773 -19.794705503028748 42
      vertex -8.764524562713921 -13.8628924352556 40.5
      vertex -8.470529144485871 -14.156887853483651 41.99999999999999
    endloop
  endfacet
  facet normal -0.13701234168197923 0.9905693404435758 0
    outer loop
      vertex -10.01853825122112 -14.238840497989624 41.99999999999999
      vertex -9.870729394408025 -14.218396055822426 41.99999999999999
      vertex -10.01853825122112 -14.238840497989624 40.5
    endloop
  endfacet
  facet normal -0.17579627993434346 0.9844265680898936 0
    outer loop
      vertex -9.870729394408025 -14.218396055822426 41.99999999999999
      vertex -9.723837137899617 -14.19216442709318 41.99999999999999
      vertex -9.870729394408025 -14.218396055822426 40.5
    endloop
  endfacet
  facet normal -0.2143091530650575 0.9767658813208709 0
    outer loop
      vertex -9.723837137899617 -14.19216442709318 41.99999999999999
      vertex -9.578087978908464 -14.160186059072075 41.99999999999999
      vertex -9.723837137899617 -14.19216442709318 40.5
    endloop
  endfacet
  facet normal -0.2524915770151597 0.9675990923602593 0
    outer loop
      vertex -9.578087978908464 -14.160186059072075 41.99999999999999
      vertex -9.43370665207362 -14.122510260084763 41.99999999999999
      vertex -9.578087978908464 -14.160186059072075 40.5
    endloop
  endfacet
  facet normal -0.2902846772544518 0.9569403357322122 0
    outer loop
      vertex -9.43370665207362 -14.122510260084763 41.99999999999999
      vertex -9.290915782936104 -14.079195123482489 42
      vertex -9.43370665207362 -14.122510260084763 40.5
    endloop
  endfacet
  facet normal -0.3276301795616939 0.9448060464668778 0
    outer loop
      vertex -9.290915782936104 -14.079195123482489 42
      vertex -9.14993554466643 -14.030307438066345 42
      vertex -9.290915782936104 -14.079195123482489 40.5
    endloop
  endfacet
  facet normal -0.3644704998791513 0.9312149347588029 0
    outer loop
      vertex -9.14993554466643 -14.030307438066345 42
      vertex -9.010983318573565 -13.975922585103795 42
      vertex -9.14993554466643 -14.030307438066345 40.5
    endloop
  endfacet
  facet normal -0.40074883310314185 0.9161879571171354 0
    outer loop
      vertex -9.010983318573565 -13.975922585103795 42
      vertex -8.874273358918678 -13.916124422096214 41.99999999999999
      vertex -9.010983318573565 -13.975922585103795 40.5
    endloop
  endfacet
  facet normal -0.43640924067339987 0.8997482840521934 0
    outer loop
      vertex -8.874273358918678 -13.916124422096214 41.99999999999999
      vertex -8.865787882167165 -13.9120086704671 41.99999999999999
      vertex -8.874273358918678 -13.916124422096214 40.5
    endloop
  endfacet
  facet normal -0.43640924067334247 0.8997482840522212 -4.010701350560691e-16
    outer loop
      vertex -8.865787882167165 -13.9120086704671 41.99999999999999
      vertex -8.764524562713921 -13.8628924352556 41.99999999999999
      vertex -8.874273358918678 -13.916124422096214 40.5
    endloop
  endfacet
  facet normal 0.7071067811865476 0.7071067811865476 0
    outer loop
      vertex -8.764524562713921 -13.8628924352556 41.99999999999999
      vertex -8.470529144485871 -14.156887853483651 41.99999999999999
      vertex -8.764524562713921 -13.8628924352556 40.5
    endloop
  endfacet
  facet normal 0.8204014435255096 -0.5717879602276178 0
    outer loop
      vertex -5.171990609501413 -14.061313838772683 41.99999999999999
      vertex -5.143774842824614 -14.02082985288636 40.5
      vertex -5.143774842824614 -14.02082985288636 41.99999999999999
    endloop
  endfacet
  facet normal 0.8422172337162886 -0.5391383229109968 0
    outer loop
      vertex -5.143774842824614 -14.02082985288636 41.99999999999999
      vertex -5.008283309694715 -13.809171175742978 40.5
      vertex -5.008283309694715 -13.809171175742978 41.99999999999999
    endloop
  endfacet
  facet normal -0.7071067811865474 -0.7071067811865477 0
    outer loop
      vertex -7.067468287866209 -12.165836160407888 41.99999999999999
      vertex -5.171990609501413 -14.061313838772683 40.5
      vertex -5.171990609501413 -14.061313838772683 41.99999999999999
    endloop
  endfacet
  facet normal -0.8997482840522192 0.4364092406733469 0
    outer loop
      vertex -7.067468287866209 -12.165836160407888 41.99999999999999
      vertex -7.014236301025596 -12.056087364203131 41.99999999999999
      vertex -7.067468287866209 -12.165836160407888 40.5
    endloop
  endfacet
  facet normal -0.916187957117138 0.40074883310313625 0
    outer loop
      vertex -7.014236301025596 -12.056087364203131 41.99999999999999
      vertex -6.954438138018016 -11.919377404548246 41.99999999999999
      vertex -7.014236301025596 -12.056087364203131 40.5
    endloop
  endfacet
  facet normal -0.9312149347588 0.3644704998791588 0
    outer loop
      vertex -6.954438138018016 -11.919377404548246 41.99999999999999
      vertex -6.900053285055464 -11.780425178455378 41.99999999999999
      vertex -6.954438138018016 -11.919377404548246 40.5
    endloop
  endfacet
  facet normal -0.944806046466876 0.32763017956169926 0
    outer loop
      vertex -6.900053285055464 -11.780425178455378 41.99999999999999
      vertex -6.8511655996393195 -11.639444940185705 41.99999999999999
      vertex -6.900053285055464 -11.780425178455378 40.5
    endloop
  endfacet
  facet normal -0.9569403357322122 0.2902846772544518 0
    outer loop
      vertex -6.8511655996393195 -11.639444940185705 41.99999999999999
      vertex -6.807850463037045 -11.496654071048187 41.99999999999999
      vertex -6.8511655996393195 -11.639444940185705 40.5
    endloop
  endfacet
  facet normal -0.9675990923602593 0.2524915770151597 0
    outer loop
      vertex -6.807850463037045 -11.496654071048187 41.99999999999999
      vertex -6.770174664049733 -11.352272744213344 41.99999999999999
      vertex -6.807850463037045 -11.496654071048187 40.5
    endloop
  endfacet
  facet normal -0.9767658813208709 0.2143091530650575 0
    outer loop
      vertex -6.770174664049733 -11.352272744213344 41.99999999999999
      vertex -6.738196296028628 -11.206523585222191 41.99999999999999
      vertex -6.770174664049733 -11.352272744213344 40.5
    endloop
  endfacet
  facet normal -0.9844265680898936 0.17579627993434346 0
    outer loop
      vertex -6.738196296028628 -11.206523585222191 41.99999999999999
      vertex -6.711964667299382 -11.059631328713783 41.99999999999999
      vertex -6.738196296028628 -11.206523585222191 40.5
    endloop
  endfacet
  facet normal -0.9905693404435765 0.13701234168197338 0
    outer loop
      vertex -6.711964667299382 -11.059631328713783 41.99999999999999
      vertex -6.691520225132185 -10.911822471900688 41.99999999999999
      vertex -6.711964667299382 -11.059631328713783 40.5
    endloop
  endfacet
  facet normal -0.9951847266721968 0.0980171403295613 0
    outer loop
      vertex -6.691520225132185 -10.911822471900688 41.99999999999999
      vertex -6.676894493375018 -10.763324925326716 41.99999999999999
      vertex -6.691520225132185 -10.911822471900688 40.5
    endloop
  endfacet
  facet normal -0.9982656101847164 0.05887080365118215 0
    outer loop
      vertex -6.676894493375018 -10.763324925326716 41.99999999999999
      vertex -6.668110023846158 -10.614367661445367 41.99999999999999
      vertex -6.676894493375018 -10.763324925326716 40.5
    endloop
  endfacet
  facet normal -0.9998072404820646 0.019633692460642636 0
    outer loop
      vertex -6.668110023846158 -10.614367661445367 41.99999999999999
      vertex -6.665180361560903 -10.465180361560904 41.99999999999999
      vertex -6.668110023846158 -10.614367661445367 40.5
    endloop
  endfacet
  facet normal -0.9998072404820647 -0.019633692460637155 0
    outer loop
      vertex -6.665180361560903 -10.465180361560904 41.99999999999999
      vertex -6.6681100238461575 -10.315993061676444 41.99999999999999
      vertex -6.665180361560903 -10.465180361560904 40.5
    endloop
  endfacet
  facet normal -0.9982656101847164 -0.05887080365118075 0
    outer loop
      vertex -6.6681100238461575 -10.315993061676444 41.99999999999999
      vertex -6.676894493375017 -10.167035797795092 41.99999999999999
      vertex -6.6681100238461575 -10.315993061676444 40.5
    endloop
  endfacet
  facet normal -0.9951847266721968 -0.0980171403295613 0
    outer loop
      vertex -6.676894493375017 -10.167035797795092 41.99999999999999
      vertex -6.691520225132184 -10.01853825122112 41.99999999999999
      vertex -6.676894493375017 -10.167035797795092 40.5
    endloop
  endfacet
  facet normal -0.2524915770151565 -0.9675990923602602 0
    outer loop
      vertex -5.428808997301485 -19.249104729072947 42
      vertex -4.668907277118108 -19.447398407953532 40.5
      vertex -4.668907277118108 -19.447398407953532 42
    endloop
  endfacet
  facet normal -0.21430915306505025 -0.9767658813208727 0
    outer loop
      vertex -4.668907277118108 -19.447398407953532 42
      vertex -3.9018064403225647 -19.61570560806461 40.5
      vertex -3.9018064403225647 -19.61570560806461 42
    endloop
  endfacet
  facet normal -0.17579627993435834 -0.9844265680898908 0
    outer loop
      vertex -3.9018064403225647 -19.61570560806461 42
      vertex -3.1286893008046173 -19.753766811902757 40.5
      vertex -3.1286893008046173 -19.753766811902757 42
    endloop
  endfacet
  facet normal -0.13701234168196738 -0.9905693404435773 1.1998485363339563e-16
    outer loop
      vertex -3.1286893008046173 -19.753766811902757 42
      vertex -2.8327114949407743 -19.794705503028748 40.5
      vertex -2.832711494940773 -19.794705503028748 42
    endloop
  endfacet
  facet normal 0.1757962799343487 0.9844265680898927 0
    outer loop
      vertex -3.013684323706296 -16.219620124567804 42
      vertex -2.5811686731638095 -16.29685761981977 42
      vertex -3.013684323706296 -16.219620124567804 40.5
    endloop
  endfacet
  facet normal -0.7071067811865474 -0.7071067811865476 -4.447522620753e-16
    outer loop
      vertex -3.013684323706296 -16.219620124567804 42
      vertex 0.7519295518655005 -19.9852340001396 40.5
      vertex 0.7519295518654994 -19.9852340001396 42
    endloop
  endfacet
  facet normal 0.1370123416819693 0.990569340443577 0
    outer loop
      vertex -2.5811686731638095 -16.29685761981977 42
      vertex -1.9393670580543212 -16.385629539756284 42
      vertex -2.5811686731638095 -16.29685761981977 40.5
    endloop
  endfacet
  facet normal 0.09801714032955898 0.995184726672197 0
    outer loop
      vertex -1.9393670580543212 -16.385629539756284 42
      vertex -1.2945750795094415 -16.44913600659661 42
      vertex -1.9393670580543212 -16.385629539756284 40.5
    endloop
  endfacet
  facet normal 0.05887080365119055 0.9982656101847158 0
    outer loop
      vertex -1.2945750795094415 -16.44913600659661 42
      vertex -0.6477869600246321 -16.48727909797193 42
      vertex -1.2945750795094415 -16.44913600659661 40.5
    endloop
  endfacet
  facet normal 0.01963369246062839 0.9998072404820648 0
    outer loop
      vertex -0.6477869600246321 -16.48727909797193 42
      vertex 0 -16.5 42
      vertex -0.6477869600246321 -16.48727909797193 40.5
    endloop
  endfacet
  facet normal 0.8627343859777904 -0.5056573733779873 0
    outer loop
      vertex -5.008283309694715 -13.809171175742978 41.99999999999999
      vertex -4.881205916295001 -13.592356307141415 40.5
      vertex -4.881205916295001 -13.592356307141415 41.99999999999999
    endloop
  endfacet
  facet normal 0.8819212643483572 -0.4713967368259934 0
    outer loop
      vertex -4.881205916295001 -13.592356307141415 41.99999999999999
      vertex -4.7627386067553505 -13.370719559894004 40.5
      vertex -4.7627386067553505 -13.370719559894004 41.99999999999999
    endloop
  endfacet
  facet normal 0.8997482840522191 -0.43640924067334697 0
    outer loop
      vertex -4.7627386067553505 -13.370719559894004 41.99999999999999
      vertex -4.653064049080383 -13.144602681800444 40.5
      vertex -4.653064049080383 -13.144602681800444 41.99999999999999
    endloop
  endfacet
  facet normal 0.9161879571171376 -0.40074883310313697 0
    outer loop
      vertex -4.653064049080383 -13.144602681800444 41.99999999999999
      vertex -4.552351353488669 -12.91435432869748 40.5
      vertex -4.552351353488669 -12.91435432869748 41.99999999999999
    endloop
  endfacet
  facet normal 0.9312149347588031 -0.3644704998791507 0
    outer loop
      vertex -4.552351353488669 -12.91435432869748 41.99999999999999
      vertex -4.460755811657005 -12.680329526856859 40.5
      vertex -4.460755811657005 -12.680329526856859 41.99999999999999
    endloop
  endfacet
  facet normal 0.9448060464668777 -0.32763017956169477 0
    outer loop
      vertex -4.460755811657005 -12.680329526856859 41.99999999999999
      vertex -4.378418657271921 -12.44288912556057 40.5
      vertex -4.378418657271921 -12.44288912556057 41.99999999999999
    endloop
  endfacet
  facet normal 0.9569403357322087 -0.29028467725446283 0
    outer loop
      vertex -4.378418657271921 -12.44288912556057 41.99999999999999
      vertex -4.305466848257561 -12.20239924069738 40.5
      vertex -4.305466848257561 -12.20239924069738 41.99999999999999
    endloop
  endfacet
  facet normal 0.9675990923602598 -0.2524915770151577 0
    outer loop
      vertex -4.305466848257561 -12.20239924069738 41.99999999999999
      vertex -4.242012871015773 -11.959230690238698 40.5
      vertex -4.242012871015773 -11.959230690238698 41.99999999999999
    endloop
  endfacet
  facet normal 0.9767658813208724 -0.21430915306505097 0
    outer loop
      vertex -4.242012871015773 -11.959230690238698 41.99999999999999
      vertex -4.188154566980229 -11.713758422464126 40.5
      vertex -4.188154566980229 -11.713758422464126 41.99999999999999
    endloop
  endfacet
  facet normal 0.9844265680898915 -0.17579627993435604 0
    outer loop
      vertex -4.188154566980229 -11.713758422464126 41.99999999999999
      vertex -4.143974981752022 -11.466360937818383 40.5
      vertex -4.143974981752022 -11.466360937818383 41.99999999999999
    endloop
  endfacet
  facet normal 0.9905693404435773 -0.13701234168196819 0
    outer loop
      vertex -4.143974981752022 -11.466360937818383 41.99999999999999
      vertex -4.109542237049375 -11.217419705291066 40.5
      vertex -4.109542237049375 -11.217419705291066 41.99999999999999
    endloop
  endfacet
  facet normal 0.995184726672197 -0.09801714032955863 0
    outer loop
      vertex -4.109542237049375 -11.217419705291066 41.99999999999999
      vertex -4.084909425668885 -10.967318574219112 40.5
      vertex -4.084909425668885 -10.967318574219112 41.99999999999999
    endloop
  endfacet
  facet normal 0.9982656101847159 -0.058870803651190025 0
    outer loop
      vertex -4.084909425668885 -10.967318574219112 41.99999999999999
      vertex -4.070114529620277 -10.716443182418944 40.5
      vertex -4.070114529620277 -10.716443182418944 41.99999999999999
    endloop
  endfacet
  facet normal 0.9998072404820647 -0.019633692460634126 0
    outer loop
      vertex -4.070114529620277 -10.716443182418944 41.99999999999999
      vertex -4.06569651419153 -10.491464420880392 40.5
      vertex -4.06569651419153 -10.491464420880392 41.99999999999999
    endloop
  endfacet
  facet normal 0 0 1
    outer loop
      vertex -9.772424829939098 -17.449920141455944 42
      vertex -9.079809994790935 -17.820130483767358 42
      vertex -9.290915782936104 -14.079195123482489 42
    endloop
  endfacet
  facet normal -2.1630737511490396e-16 2.196205635637922e-15 1
    outer loop
      vertex -9.772424829939098 -17.449920141455944 42
      vertex -10.01853825122112 -14.238840497989624 41.99999999999999
      vertex -10.167035797795094 -14.253466229746792 41.99999999999999
    endloop
  endfacet
  facet normal -3.0285453551231576e-16 2.189572222545539e-15 1
    outer loop
      vertex -9.772424829939098 -17.449920141455944 42
      vertex -9.870729394408025 -14.218396055822426 41.99999999999999
      vertex -10.01853825122112 -14.238840497989624 41.99999999999999
    endloop
  endfacet
  facet normal -3.9053168928552365e-16 2.1869050400684325e-15 1
    outer loop
      vertex -9.772424829939098 -17.449920141455944 42
      vertex -9.723837137899617 -14.19216442709318 41.99999999999999
      vertex -9.870729394408025 -14.218396055822426 41.99999999999999
    endloop
  endfacet
  facet normal -4.801151557323409e-16 2.1882411297759442e-15 1
    outer loop
      vertex -9.772424829939098 -17.449920141455944 42
      vertex -9.578087978908464 -14.160186059072075 41.99999999999999
      vertex -9.723837137899617 -14.19216442709318 41.99999999999999
    endloop
  endfacet
  facet normal -5.72436967991467e-16 2.193694923251822e-15 1
    outer loop
      vertex -9.772424829939098 -17.449920141455944 42
      vertex -9.43370665207362 -14.122510260084763 41.99999999999999
      vertex -9.578087978908464 -14.160186059072075 41.99999999999999
    endloop
  endfacet
  facet normal -5.201505317926868e-14 7.430365441443723e-15 1
    outer loop
      vertex -9.772424829939098 -17.449920141455944 42
      vertex -9.290915782936104 -14.079195123482489 42
      vertex -9.43370665207362 -14.122510260084763 41.99999999999999
    endloop
  endfacet
  facet normal 0 0 1
    outer loop
      vertex -9.079809994790935 -17.820130483767358 42
      vertex -9.14993554466643 -14.030307438066345 42
      vertex -9.290915782936104 -14.079195123482489 42
    endloop
  endfacet
  facet normal 0 0 1
    outer loop
      vertex -9.079809994790935 -17.820130483767358 42
      vertex -9.010983318573565 -13.975922585103795 42
      vertex -9.14993554466643 -14.030307438066345 42
    endloop
  endfacet
  facet normal 1.8153151867431888e-14 -3.250139271444803e-16 1
    outer loop
      vertex -9.079809994790935 -17.820130483767358 42
      vertex -8.621226317813155 -14.068562711842521 41.99999999999999
      vertex -9.010983318573565 -13.975922585103795 42
    endloop
  endfacet
  facet normal 7.841694361181423e-16 1.7927602886515787e-15 1
    outer loop
      vertex -8.373194750748562 -18.162863476501624 42
      vertex -7.653668647301796 -18.477590650225736 42
      vertex -8.470529144485871 -14.156887853483651 41.99999999999999
    endloop
  endfacet
  facet normal 8.672326087873739e-16 1.7879801317374806e-15 1
    outer loop
      vertex -9.079809994790935 -17.820130483767358 42
      vertex -8.373194750748562 -18.162863476501624 42
      vertex -8.621226317813155 -14.068562711842521 41.99999999999999
    endloop
  endfacet
  facet normal 6.950806742194672e-16 1.7759174059629252e-15 1
    outer loop
      vertex -7.653668647301796 -18.477590650225736 42
      vertex -6.922341141549859 -18.763826718449682 42
      vertex -8.470529144485871 -14.156887853483651 41.99999999999999
    endloop
  endfacet
  facet normal 1.0546062492185943e-15 1.7993311731812135e-15 1
    outer loop
      vertex -8.373194750748562 -18.162863476501624 42
      vertex -8.470529144485871 -14.156887853483651 41.99999999999999
      vertex -8.621226317813155 -14.068562711842521 41.99999999999999
    endloop
  endfacet
  facet normal 4.3134587959020786e-16 1.6530051676130543e-15 1
    outer loop
      vertex -5.428808997301485 -19.249104729072947 42
      vertex -4.668907277118108 -19.447398407953532 42
      vertex -8.470529144485871 -14.156887853483651 41.99999999999999
    endloop
  endfacet
  facet normal 3.4982870478701544e-16 1.5944290678005271e-15 1
    outer loop
      vertex -4.668907277118108 -19.447398407953532 42
      vertex -3.9018064403225647 -19.61570560806461 42
      vertex -8.470529144485871 -14.156887853483651 41.99999999999999
    endloop
  endfacet
  facet normal 2.732894049163136e-16 1.5303699889300909e-15 1
    outer loop
      vertex -3.9018064403225647 -19.61570560806461 42
      vertex -3.1286893008046173 -19.753766811902757 42
      vertex -8.470529144485871 -14.156887853483651 41.99999999999999
    endloop
  endfacet
  facet normal 6.053814758677613e-16 1.7457734802822197e-15 1
    outer loop
      vertex -6.180339887498948 -19.02113032590307 42
      vertex -8.470529144485871 -14.156887853483651 41.99999999999999
      vertex -6.922341141549859 -18.763826718449682 42
    endloop
  endfacet
  facet normal 5.169437313423304e-16 1.7041351011157396e-15 1
    outer loop
      vertex -6.180339887498948 -19.02113032590307 42
      vertex -5.428808997301485 -19.249104729072947 42
      vertex -8.470529144485871 -14.156887853483651 41.99999999999999
    endloop
  endfacet
  facet normal 3.011097023333486e-14 4.9984107897316895e-14 1
    outer loop
      vertex -9.010983318573565 -13.975922585103795 42
      vertex -8.621226317813155 -14.068562711842521 41.99999999999999
      vertex -8.874273358918678 -13.916124422096214 41.99999999999999
    endloop
  endfacet
  facet normal 0 0 1
    outer loop
      vertex -8.874273358918678 -13.916124422096214 41.99999999999999
      vertex -8.621226317813155 -14.068562711842521 41.99999999999999
      vertex -8.865787882167165 -13.9120086704671 41.99999999999999
    endloop
  endfacet
  facet normal 0 0 1
    outer loop
      vertex -8.865787882167165 -13.9120086704671 41.99999999999999
      vertex -8.621226317813155 -14.068562711842521 41.99999999999999
      vertex -8.764524562713921 -13.8628924352556 41.99999999999999
    endloop
  endfacet
  facet normal 0 0 1
    outer loop
      vertex -8.764524562713921 -13.8628924352556 41.99999999999999
      vertex -8.621226317813155 -14.068562711842521 41.99999999999999
      vertex -8.470529144485871 -14.156887853483651 41.99999999999999
    endloop
  endfacet
  facet normal 0 0 1
    outer loop
      vertex -7.067468287866209 -12.165836160407888 41.99999999999999
      vertex -5.008283309694715 -13.809171175742978 41.99999999999999
      vertex -7.014236301025596 -12.056087364203131 41.99999999999999
    endloop
  endfacet
  facet normal 0 0 1
    outer loop
      vertex -7.014236301025596 -12.056087364203131 41.99999999999999
      vertex -4.881205916295001 -13.592356307141415 41.99999999999999
      vertex -6.954438138018016 -11.919377404548246 41.99999999999999
    endloop
  endfacet
  facet normal 0 0 1
    outer loop
      vertex -5.171990609501413 -14.061313838772683 41.99999999999999
      vertex -5.143774842824614 -14.02082985288636 41.99999999999999
      vertex -5.008283309694715 -13.809171175742978 41.99999999999999
    endloop
  endfacet
  facet normal 0 0 1
    outer loop
      vertex -7.067468287866209 -12.165836160407888 41.99999999999999
      vertex -5.171990609501413 -14.061313838772683 41.99999999999999
      vertex -5.008283309694715 -13.809171175742978 41.99999999999999
    endloop
  endfacet
  facet normal 0 0 1
    outer loop
      vertex -7.014236301025596 -12.056087364203131 41.99999999999999
      vertex -5.008283309694715 -13.809171175742978 41.99999999999999
      vertex -4.881205916295001 -13.592356307141415 41.99999999999999
    endloop
  endfacet
  facet normal 0 0 1
    outer loop
      vertex -6.8511655996393195 -11.639444940185705 41.99999999999999
      vertex -4.881205916295001 -13.592356307141415 41.99999999999999
      vertex -4.7627386067553505 -13.370719559894004 41.99999999999999
    endloop
  endfacet
  facet normal 0 0 1
    outer loop
      vertex -6.807850463037045 -11.496654071048187 41.99999999999999
      vertex -4.7627386067553505 -13.370719559894004 41.99999999999999
      vertex -4.653064049080383 -13.144602681800444 41.99999999999999
    endloop
  endfacet
  facet normal 0 0 1
    outer loop
      vertex -6.954438138018016 -11.919377404548246 41.99999999999999
      vertex -4.881205916295001 -13.592356307141415 41.99999999999999
      vertex -6.900053285055464 -11.780425178455378 41.99999999999999
    endloop
  endfacet
  facet normal 0 0 1
    outer loop
      vertex -6.900053285055464 -11.780425178455378 41.99999999999999
      vertex -4.881205916295001 -13.592356307141415 41.99999999999999
      vertex -6.8511655996393195 -11.639444940185705 41.99999999999999
    endloop
  endfacet
  facet normal 0 0 1
    outer loop
      vertex -6.8511655996393195 -11.639444940185705 41.99999999999999
      vertex -4.7627386067553505 -13.370719559894004 41.99999999999999
      vertex -6.807850463037045 -11.496654071048187 41.99999999999999
    endloop
  endfacet
  facet normal 0 0 1
    outer loop
      vertex -6.807850463037045 -11.496654071048187 41.99999999999999
      vertex -4.653064049080383 -13.144602681800444 41.99999999999999
      vertex -6.770174664049733 -11.352272744213344 41.99999999999999
    endloop
  endfacet
  facet normal 0 0 1
    outer loop
      vertex -4.653064049080383 -13.144602681800444 41.99999999999999
      vertex -6.738196296028628 -11.206523585222191 41.99999999999999
      vertex -6.770174664049733 -11.352272744213344 41.99999999999999
    endloop
  endfacet
  facet normal 0 0 1
    outer loop
      vertex -4.552351353488669 -12.91435432869748 41.99999999999999
      vertex -6.711964667299382 -11.059631328713783 41.99999999999999
      vertex -6.738196296028628 -11.206523585222191 41.99999999999999
    endloop
  endfacet
  facet normal 0 0 1
    outer loop
      vertex -4.552351353488669 -12.91435432869748 41.99999999999999
      vertex -6.691520225132185 -10.911822471900688 41.99999999999999
      vertex -6.711964667299382 -11.059631328713783 41.99999999999999
    endloop
  endfacet
  facet normal 0 0 1
    outer loop
      vertex -4.460755811657005 -12.680329526856859 41.99999999999999
      vertex -6.676894493375018 -10.763324925326716 41.99999999999999
      vertex -6.691520225132185 -10.911822471900688 41.99999999999999
    endloop
  endfacet
  facet normal 0 0 1
    outer loop
      vertex -4.460755811657005 -12.680329526856859 41.99999999999999
      vertex -6.668110023846158 -10.614367661445367 41.99999999999999
      vertex -6.676894493375018 -10.763324925326716 41.99999999999999
    endloop
  endfacet
  facet normal 0 0 1
    outer loop
      vertex -4.653064049080383 -13.144602681800444 41.99999999999999
      vertex -4.552351353488669 -12.91435432869748 41.99999999999999
      vertex -6.738196296028628 -11.206523585222191 41.99999999999999
    endloop
  endfacet
  facet normal 0 0 1
    outer loop
      vertex -4.552351353488669 -12.91435432869748 41.99999999999999
      vertex -4.460755811657005 -12.680329526856859 41.99999999999999
      vertex -6.691520225132185 -10.911822471900688 41.99999999999999
    endloop
  endfacet
  facet normal 0 0 1
    outer loop
      vertex -4.460755811657005 -12.680329526856859 41.99999999999999
      vertex -4.378418657271921 -12.44288912556057 41.99999999999999
      vertex -6.668110023846158 -10.614367661445367 41.99999999999999
    endloop
  endfacet
  facet normal 0 0 1
    outer loop
      vertex -4.378418657271921 -12.44288912556057 41.99999999999999
      vertex -4.305466848257561 -12.20239924069738 41.99999999999999
      vertex -6.676894493375017 -10.167035797795092 41.99999999999999
    endloop
  endfacet
  facet normal 0 0 1
    outer loop
      vertex -4.305466848257561 -12.20239924069738 41.99999999999999
      vertex -4.242012871015773 -11.959230690238698 41.99999999999999
      vertex -6.691520225132184 -10.01853825122112 41.99999999999999
    endloop
  endfacet
  facet normal 0 0 1
    outer loop
      vertex -4.378418657271921 -12.44288912556057 41.99999999999999
      vertex -6.665180361560903 -10.465180361560904 41.99999999999999
      vertex -6.668110023846158 -10.614367661445367 41.99999999999999
    endloop
  endfacet
  facet normal 0 0 1
    outer loop
      vertex -4.378418657271921 -12.44288912556057 41.99999999999999
      vertex -6.6681100238461575 -10.315993061676444 41.99999999999999
      vertex -6.665180361560903 -10.465180361560904 41.99999999999999
    endloop
  endfacet
  facet normal 0 0 1
    outer loop
      vertex -4.378418657271921 -12.44288912556057 41.99999999999999
      vertex -6.676894493375017 -10.167035797795092 41.99999999999999
      vertex -6.6681100238461575 -10.315993061676444 41.99999999999999
    endloop
  endfacet
  facet normal 0 0 1
    outer loop
      vertex -4.305466848257561 -12.20239924069738 41.99999999999999
      vertex -6.691520225132184 -10.01853825122112 41.99999999999999
      vertex -6.676894493375017 -10.167035797795092 41.99999999999999
    endloop
  endfacet
  facet normal 0 0 1
    outer loop
      vertex -4.188154566980229 -11.713758422464126 41.99999999999999
      vertex -6.8511655996393195 -9.290915782936104 41.99999999999999
      vertex -6.807850463037044 -9.433706652073623 41.99999999999999
    endloop
  endfacet
  facet normal 0 0 1
    outer loop
      vertex -4.188154566980229 -11.713758422464126 41.99999999999999
      vertex -6.900053285055465 -9.149935544666432 41.99999999999999
      vertex -6.8511655996393195 -9.290915782936104 41.99999999999999
    endloop
  endfacet
  facet normal 0 0 1
    outer loop
      vertex -4.242012871015773 -11.959230690238698 41.99999999999999
      vertex -6.711964667299382 -9.870729394408029 41.99999999999999
      vertex -6.691520225132184 -10.01853825122112 41.99999999999999
    endloop
  endfacet
  facet normal 0 0 1
    outer loop
      vertex -4.242012871015773 -11.959230690238698 41.99999999999999
      vertex -6.738196296028628 -9.723837137899617 41.99999999999999
      vertex -6.711964667299382 -9.870729394408029 41.99999999999999
    endloop
  endfacet
  facet normal 0 0 1
    outer loop
      vertex -4.242012871015773 -11.959230690238698 41.99999999999999
      vertex -6.770174664049733 -9.578087978908464 41.99999999999999
      vertex -6.738196296028628 -9.723837137899617 41.99999999999999
    endloop
  endfacet
  facet normal 0 0 1
    outer loop
      vertex -4.188154566980229 -11.713758422464126 41.99999999999999
      vertex -6.807850463037044 -9.433706652073623 41.99999999999999
      vertex -6.770174664049733 -9.578087978908464 41.99999999999999
    endloop
  endfacet
  facet normal 0 0 1
    outer loop
      vertex -4.242012871015773 -11.959230690238698 41.99999999999999
      vertex -4.188154566980229 -11.713758422464126 41.99999999999999
      vertex -6.770174664049733 -9.578087978908464 41.99999999999999
    endloop
  endfacet
  facet normal 0 0 1
    outer loop
      vertex -4.188154566980229 -11.713758422464126 41.99999999999999
      vertex -4.143974981752022 -11.466360937818383 41.99999999999999
      vertex -6.9544381380180145 -9.010983318573563 41.99999999999999
    endloop
  endfacet
  facet normal 0 0 1
    outer loop
      vertex -4.143974981752022 -11.466360937818383 41.99999999999999
      vertex -4.109542237049375 -11.217419705291066 41.99999999999999
      vertex -7.073676129014438 -8.751725808929121 41.99999999999999
    endloop
  endfacet
  facet normal 2.0230487124004286e-16 1.4626200852616108e-15 1
    outer loop
      vertex -3.1286893008046173 -19.753766811902757 42
      vertex -2.832711494940773 -19.794705503028748 42
      vertex -8.470529144485871 -14.156887853483651 41.99999999999999
    endloop
  endfacet
  facet normal 0 0 1
    outer loop
      vertex -3.013684323706296 -16.219620124567804 42
      vertex 0.7519295518654994 -19.9852340001396 42
      vertex -2.5811686731638095 -16.29685761981977 42
    endloop
  endfacet
  facet normal 0 0 1
    outer loop
      vertex -2.5811686731638095 -16.29685761981977 42
      vertex 0.7519295518654994 -19.9852340001396 42
      vertex -1.9393670580543212 -16.385629539756284 42
    endloop
  endfacet
  facet normal 0 0 1
    outer loop
      vertex -1.9393670580543212 -16.385629539756284 42
      vertex 0.7519295518654994 -19.9852340001396 42
      vertex -1.2945750795094415 -16.44913600659661 42
    endloop
  endfacet
  facet normal 0 0 1
    outer loop
      vertex -1.2945750795094415 -16.44913600659661 42
      vertex 0.7519295518654994 -19.9852340001396 42
      vertex -0.6477869600246321 -16.48727909797193 42
    endloop
  endfacet
  facet normal 0 0 1
    outer loop
      vertex -4.109542237049375 -11.217419705291066 41.99999999999999
      vertex -4.084909425668885 -10.967318574219112 41.99999999999999
      vertex -5.65 -9.786087062764157 41.99999999999999
    endloop
  endfacet
  facet normal 0 0 1
    outer loop
      vertex -4.084909425668885 -10.967318574219112 41.99999999999999
      vertex -4.070114529620277 -10.716443182418944 41.99999999999999
      vertex -5.65 -9.786087062764157 41.99999999999999
    endloop
  endfacet
  facet normal 0 0 1
    outer loop
      vertex -4.070114529620277 -10.716443182418944 41.99999999999999
      vertex -4.06569651419153 -10.491464420880392 41.99999999999999
      vertex -5.65 -9.786087062764157 41.99999999999999
    endloop
  endfacet
  facet normal -0.13701234168198245 -0.9905693404435751 0
    outer loop
      vertex -10.01853825122112 -6.691520225132184 41.99999999999999
      vertex -9.870729394408029 -6.711964667299382 40.5
      vertex -9.870729394408029 -6.711964667299382 41.99999999999999
    endloop
  endfacet
  facet normal -0.17579627993433936 -0.9844265680898944 0
    outer loop
      vertex -9.870729394408029 -6.711964667299382 41.99999999999999
      vertex -9.723837137899617 -6.738196296028628 40.5
      vertex -9.723837137899617 -6.738196296028628 41.99999999999999
    endloop
  endfacet
  facet normal -0.2143091530650575 -0.9767658813208709 0
    outer loop
      vertex -9.723837137899617 -6.738196296028628 41.99999999999999
      vertex -9.578087978908464 -6.770174664049733 40.5
      vertex -9.578087978908464 -6.770174664049733 41.99999999999999
    endloop
  endfacet
  facet normal -0.252491577015157 -0.9675990923602601 0
    outer loop
      vertex -9.578087978908464 -6.770174664049733 41.99999999999999
      vertex -9.433706652073623 -6.807850463037044 40.5
      vertex -9.433706652073623 -6.807850463037044 41.99999999999999
    endloop
  endfacet
  facet normal -0.3276301795617082 -0.9448060464668728 0
    outer loop
      vertex -9.290915782936104 -6.8511655996393195 41.99999999999999
      vertex -9.149935544666432 -6.900053285055465 40.5
      vertex -9.149935544666432 -6.900053285055465 41.99999999999999
    endloop
  endfacet
  facet normal -0.36447049987914326 -0.9312149347588061 0
    outer loop
      vertex -9.149935544666432 -6.900053285055465 41.99999999999999
      vertex -9.010983318573563 -6.9544381380180145 40.5
      vertex -9.010983318573563 -6.9544381380180145 41.99999999999999
    endloop
  endfacet
  facet normal -0.40074883310313686 -0.9161879571171377 0
    outer loop
      vertex -9.010983318573563 -6.9544381380180145 41.99999999999999
      vertex -8.874273358918677 -7.014236301025595 40.5
      vertex -8.874273358918677 -7.014236301025595 41.99999999999999
    endloop
  endfacet
  facet normal -0.43640924067334563 -0.8997482840522197 0
    outer loop
      vertex -8.874273358918677 -7.014236301025595 41.99999999999999
      vertex -8.874273358918677 -7.014236301025595 40.5
      vertex -8.75431656147597 -7.072419523837431 41.99999999999999
    endloop
  endfacet
  facet normal -0.29028467725445395 -0.9569403357322115 0
    outer loop
      vertex -9.433706652073623 -6.807850463037044 41.99999999999999
      vertex -9.290915782936104 -6.8511655996393195 40.5
      vertex -9.290915782936104 -6.8511655996393195 41.99999999999999
    endloop
  endfacet
  facet normal -0.9448060464668728 -0.3276301795617082 0
    outer loop
      vertex -6.900053285055465 -9.149935544666432 41.99999999999999
      vertex -6.8511655996393195 -9.290915782936104 40.5
      vertex -6.8511655996393195 -9.290915782936104 41.99999999999999
    endloop
  endfacet
  facet normal -0.9312149347588061 -0.36447049987914326 0
    outer loop
      vertex -6.900053285055465 -9.149935544666432 41.99999999999999
      vertex -6.9544381380180145 -9.010983318573563 41.99999999999999
      vertex -6.900053285055465 -9.149935544666432 40.5
    endloop
  endfacet
  facet normal -0.8997482840522197 -0.43640924067334563 0
    outer loop
      vertex -7.014236301025595 -8.874273358918677 41.99999999999999
      vertex -7.073676129014438 -8.751725808929121 41.99999999999999
      vertex -7.014236301025595 -8.874273358918677 40.5
    endloop
  endfacet
  facet normal -0.9161879571171377 -0.40074883310313686 0
    outer loop
      vertex -6.9544381380180145 -9.010983318573563 41.99999999999999
      vertex -7.014236301025595 -8.874273358918677 41.99999999999999
      vertex -6.9544381380180145 -9.010983318573563 40.5
    endloop
  endfacet
  facet normal -0.9844265680898944 -0.17579627993433936 0
    outer loop
      vertex -6.711964667299382 -9.870729394408029 41.99999999999999
      vertex -6.738196296028628 -9.723837137899617 41.99999999999999
      vertex -6.711964667299382 -9.870729394408029 40.5
    endloop
  endfacet
  facet normal -0.9905693404435751 -0.13701234168198245 0
    outer loop
      vertex -6.691520225132184 -10.01853825122112 41.99999999999999
      vertex -6.711964667299382 -9.870729394408029 41.99999999999999
      vertex -6.691520225132184 -10.01853825122112 40.5
    endloop
  endfacet
  facet normal -0.9767658813208709 -0.2143091530650575 0
    outer loop
      vertex -6.738196296028628 -9.723837137899617 41.99999999999999
      vertex -6.770174664049733 -9.578087978908464 41.99999999999999
      vertex -6.738196296028628 -9.723837137899617 40.5
    endloop
  endfacet
  facet normal -0.9675990923602601 -0.252491577015157 0
    outer loop
      vertex -6.770174664049733 -9.578087978908464 41.99999999999999
      vertex -6.807850463037044 -9.433706652073623 41.99999999999999
      vertex -6.770174664049733 -9.578087978908464 40.5
    endloop
  endfacet
  facet normal -0.9569403357322115 -0.29028467725445395 0
    outer loop
      vertex -6.807850463037044 -9.433706652073623 41.99999999999999
      vertex -6.8511655996393195 -9.290915782936104 41.99999999999999
      vertex -6.807850463037044 -9.433706652073623 40.5
    endloop
  endfacet
  facet normal 0 0 1
    outer loop
      vertex -8.874273358918677 -7.014236301025595 41.99999999999999
      vertex -8.75431656147597 -7.072419523837431 41.99999999999999
      vertex -9.141892036436907 -6.641973350904947 41.99999999999999
    endloop
  endfacet
  facet normal 0 0 1
    outer loop
      vertex -11.713758422464126 -4.188154566980229 41.99999999999999
      vertex -9.149935544666432 -6.900053285055465 41.99999999999999
      vertex -9.010983318573563 -6.9544381380180145 41.99999999999999
    endloop
  endfacet
  facet normal 0 0 1
    outer loop
      vertex -11.713758422464126 -4.188154566980229 41.99999999999999
      vertex -8.874273358918677 -7.014236301025595 41.99999999999999
      vertex -9.141892036436907 -6.641973350904947 41.99999999999999
    endloop
  endfacet
  facet normal 0 0 1
    outer loop
      vertex -11.713758422464126 -4.188154566980229 41.99999999999999
      vertex -9.010983318573563 -6.9544381380180145 41.99999999999999
      vertex -8.874273358918677 -7.014236301025595 41.99999999999999
    endloop
  endfacet
  facet normal 0 0 1
    outer loop
      vertex -4.188154566980229 -11.713758422464126 41.99999999999999
      vertex -6.9544381380180145 -9.010983318573563 41.99999999999999
      vertex -6.900053285055465 -9.149935544666432 41.99999999999999
    endloop
  endfacet
  facet normal 0 0 1
    outer loop
      vertex -4.143974981752022 -11.466360937818383 41.99999999999999
      vertex -7.014236301025595 -8.874273358918677 41.99999999999999
      vertex -6.9544381380180145 -9.010983318573563 41.99999999999999
    endloop
  endfacet
  facet normal 0 0 1
    outer loop
      vertex -4.143974981752022 -11.466360937818383 41.99999999999999
      vertex -7.073676129014438 -8.751725808929121 41.99999999999999
      vertex -7.014236301025595 -8.874273358918677 41.99999999999999
    endloop
  endfacet
  facet normal 0 0 1
    outer loop
      vertex -4.109542237049375 -11.217419705291066 41.99999999999999
      vertex -5.65 -9.786087062764157 41.99999999999999
      vertex -7.073676129014438 -8.751725808929121 41.99999999999999
    endloop
  endfacet
  facet normal -0.9905693404435773 0.1370123416819686 0
    outer loop
      vertex -19.753766811902757 3.1286893008046173 42
      vertex -19.753766811902757 3.1286893008046173 40.5
      vertex -19.794705503028748 2.8327114949407757 40.5
    endloop
  endfacet
  facet normal -0.9844265680898908 0.17579627993435834 0
    outer loop
      vertex -19.61570560806461 3.9018064403225647 42
      vertex -19.61570560806461 3.9018064403225647 40.5
      vertex -19.753766811902757 3.1286893008046173 40.5
    endloop
  endfacet
  facet normal -0.9767658813208727 0.21430915306505025 0
    outer loop
      vertex -19.447398407953532 4.668907277118108 42
      vertex -19.447398407953532 4.668907277118108 40.5
      vertex -19.61570560806461 3.9018064403225647 40.5
    endloop
  endfacet
  facet normal 0.9982656101847156 -0.0588708036511936 0
    outer loop
      vertex -16.44913600659661 1.2945750795094415 42
      vertex -16.472405316682487 0.9 40.5
      vertex -16.44913600659661 1.2945750795094415 40.5
    endloop
  endfacet
  facet normal -0.7071067811865476 0.7071067811865476 0
    outer loop
      vertex -16.219620124567804 3.0136843237062947 42
      vertex -16.219620124567804 3.0136843237062947 40.5
      vertex -18.3333044482741 0.9 40.5
    endloop
  endfacet
  facet normal 0.995184726672197 -0.09801714032955898 0
    outer loop
      vertex -16.44913600659661 1.2945750795094415 42
      vertex -16.44913600659661 1.2945750795094415 40.5
      vertex -16.385629539756284 1.9393670580543212 40.5
    endloop
  endfacet
  facet normal 0.990569340443577 -0.1370123416819693 0
    outer loop
      vertex -16.385629539756284 1.9393670580543212 42
      vertex -16.385629539756284 1.9393670580543212 40.5
      vertex -16.29685761981977 2.5811686731638095 40.5
    endloop
  endfacet
  facet normal 0.9844265680898925 -0.1757962799343492 0
    outer loop
      vertex -16.29685761981977 2.5811686731638095 42
      vertex -16.29685761981977 2.5811686731638095 40.5
      vertex -16.219620124567804 3.0136843237062947 40.5
    endloop
  endfacet
  facet normal -0.9675990923602602 0.2524915770151565 0
    outer loop
      vertex -19.249104729072947 5.428808997301485 42
      vertex -19.249104729072947 5.428808997301485 40.5
      vertex -19.447398407953532 4.668907277118108 40.5
    endloop
  endfacet
  facet normal -0.9569403357322078 0.2902846772544664 0
    outer loop
      vertex -19.02113032590307 6.180339887498948 42
      vertex -19.02113032590307 6.180339887498948 40.5
      vertex -19.249104729072947 5.428808997301485 40.5
    endloop
  endfacet
  facet normal -0.9448060464668785 0.327630179561692 0
    outer loop
      vertex -18.763826718449682 6.922341141549859 42
      vertex -18.763826718449682 6.922341141549859 40.5
      vertex -19.02113032590307 6.180339887498948 40.5
    endloop
  endfacet
  facet normal -0.9312149347588043 0.36447049987914787 0
    outer loop
      vertex -18.477590650225736 7.653668647301796 42
      vertex -18.477590650225736 7.653668647301796 40.5
      vertex -18.763826718449682 6.922341141549859 40.5
    endloop
  endfacet
  facet normal -0.9161879571171344 0.40074883310314413 0
    outer loop
      vertex -18.162863476501624 8.373194750748562 42
      vertex -18.162863476501624 8.373194750748562 40.5
      vertex -18.477590650225736 7.653668647301796 40.5
    endloop
  endfacet
  facet normal -0.8997482840522225 0.43640924067333986 0
    outer loop
      vertex -17.820130483767358 9.079809994790935 42
      vertex -17.820130483767358 9.079809994790935 40.5
      vertex -18.162863476501624 8.373194750748562 40.5
    endloop
  endfacet
  facet normal -0.8819212643483559 0.471396736825996 0
    outer loop
      vertex -17.449920141455944 9.772424829939098 42
      vertex -17.449920141455944 9.772424829939098 40.5
      vertex -17.820130483767358 9.079809994790935 40.5
    endloop
  endfacet
  facet normal 0.7071067811865475 -0.7071067811865476 0
    outer loop
      vertex -13.8628924352556 8.764524562713921 42
      vertex -19.794705503028748 2.8327114949407757 40.5
      vertex -13.8628924352556 8.764524562713921 40.5
    endloop
  endfacet
  facet normal -0.5056573733779873 -0.8627343859777904 0
    outer loop
      vertex -13.809171175742978 5.008283309694715 41.99999999999999
      vertex -13.809171175742978 5.008283309694715 40.5
      vertex -13.592356307141415 4.881205916295001 40.5
    endloop
  endfacet
  facet normal -0.4713967368259934 -0.8819212643483572 0
    outer loop
      vertex -13.592356307141415 4.881205916295001 41.99999999999999
      vertex -13.592356307141415 4.881205916295001 40.5
      vertex -13.370719559894004 4.7627386067553505 40.5
    endloop
  endfacet
  facet normal -0.43640924067334697 -0.8997482840522191 0
    outer loop
      vertex -13.370719559894004 4.7627386067553505 41.99999999999999
      vertex -13.370719559894004 4.7627386067553505 40.5
      vertex -13.144602681800444 4.653064049080383 40.5
    endloop
  endfacet
  facet normal -0.40074883310313697 -0.9161879571171376 0
    outer loop
      vertex -13.144602681800444 4.653064049080383 41.99999999999999
      vertex -13.144602681800444 4.653064049080383 40.5
      vertex -12.91435432869748 4.552351353488669 40.5
    endloop
  endfacet
  facet normal -0.3644704998791507 -0.9312149347588031 0
    outer loop
      vertex -12.91435432869748 4.552351353488669 41.99999999999999
      vertex -12.91435432869748 4.552351353488669 40.5
      vertex -12.680329526856859 4.460755811657005 40.5
    endloop
  endfacet
  facet normal -0.32763017956169477 -0.9448060464668777 0
    outer loop
      vertex -12.680329526856859 4.460755811657005 41.99999999999999
      vertex -12.680329526856859 4.460755811657005 40.5
      vertex -12.44288912556057 4.378418657271921 40.5
    endloop
  endfacet
  facet normal -0.29028467725446283 -0.9569403357322087 0
    outer loop
      vertex -12.44288912556057 4.378418657271921 41.99999999999999
      vertex -12.44288912556057 4.378418657271921 40.5
      vertex -12.20239924069738 4.305466848257561 40.5
    endloop
  endfacet
  facet normal -0.2524915770151577 -0.9675990923602598 0
    outer loop
      vertex -12.20239924069738 4.305466848257561 41.99999999999999
      vertex -12.20239924069738 4.305466848257561 40.5
      vertex -11.959230690238698 4.242012871015773 40.5
    endloop
  endfacet
  facet normal -0.21430915306505097 -0.9767658813208724 0
    outer loop
      vertex -11.959230690238698 4.242012871015773 41.99999999999999
      vertex -11.959230690238698 4.242012871015773 40.5
      vertex -11.713758422464126 4.188154566980229 40.5
    endloop
  endfacet
  facet normal -0.17579627993435604 -0.9844265680898915 0
    outer loop
      vertex -11.713758422464126 4.188154566980229 41.99999999999999
      vertex -11.713758422464126 4.188154566980229 40.5
      vertex -11.466360937818383 4.143974981752022 40.5
    endloop
  endfacet
  facet normal -0.13701234168196819 -0.9905693404435773 0
    outer loop
      vertex -11.466360937818383 4.143974981752022 41.99999999999999
      vertex -11.466360937818383 4.143974981752022 40.5
      vertex -11.217419705291066 4.109542237049375 40.5
    endloop
  endfacet
  facet normal -0.09801714032955863 -0.995184726672197 0
    outer loop
      vertex -11.217419705291066 4.109542237049375 41.99999999999999
      vertex -11.217419705291066 4.109542237049375 40.5
      vertex -10.967318574219112 4.084909425668885 40.5
    endloop
  endfacet
  facet normal -0.058870803651190025 -0.9982656101847159 0
    outer loop
      vertex -10.967318574219112 4.084909425668885 41.99999999999999
      vertex -10.967318574219112 4.084909425668885 40.5
      vertex -10.716443182418944 4.070114529620277 40.5
    endloop
  endfacet
  facet normal -0.019633692460633335 -0.9998072404820647 0
    outer loop
      vertex -10.716443182418944 4.070114529620277 41.99999999999999
      vertex -10.716443182418944 4.070114529620277 40.5
      vertex -10.49538501485945 4.065773504768645 40.5
    endloop
  endfacet
  facet normal -0.5717879602276178 -0.8204014435255096 0
    outer loop
      vertex -14.061313838772683 5.171990609501413 41.99999999999999
      vertex -14.061313838772683 5.171990609501413 40.5
      vertex -14.02082985288636 5.143774842824614 40.5
    endloop
  endfacet
  facet normal -0.5391383229109968 -0.8422172337162886 0
    outer loop
      vertex -14.02082985288636 5.143774842824614 41.99999999999999
      vertex -14.02082985288636 5.143774842824614 40.5
      vertex -13.809171175742978 5.008283309694715 40.5
    endloop
  endfacet
  facet normal -0.7071067811865477 0.7071067811865474 0
    outer loop
      vertex -12.165836160407888 7.067468287866209 41.99999999999999
      vertex -12.165836160407888 7.067468287866209 40.5
      vertex -14.061313838772683 5.171990609501413 40.5
    endloop
  endfacet
  facet normal 0.9448060464668778 0.3276301795616939 0
    outer loop
      vertex -14.030307438066345 9.14993554466643 42
      vertex -14.030307438066345 9.14993554466643 40.5
      vertex -14.079195123482489 9.290915782936104 40.5
    endloop
  endfacet
  facet normal 0.956940335732212 0.29028467725445173 0
    outer loop
      vertex -14.079195123482489 9.290915782936104 42
      vertex -14.079195123482489 9.290915782936104 40.5
      vertex -14.122510260084763 9.43370665207362 40.5
    endloop
  endfacet
  facet normal 0.9161879571171354 0.40074883310314185 0
    outer loop
      vertex -13.916124422096214 8.874273358918678 42
      vertex -13.916124422096214 8.874273358918678 40.5
      vertex -13.975922585103795 9.010983318573565 40.5
    endloop
  endfacet
  facet normal 0.8997482840522191 0.43640924067334685 0
    outer loop
      vertex -13.8628924352556 8.764524562713921 42
      vertex -13.8628924352556 8.764524562713921 40.5
      vertex -13.916124422096214 8.874273358918678 40.5
    endloop
  endfacet
  facet normal 0.9312149347588029 0.3644704998791513 0
    outer loop
      vertex -13.975922585103795 9.010983318573565 42
      vertex -13.975922585103795 9.010983318573565 40.5
      vertex -14.030307438066345 9.14993554466643 40.5
    endloop
  endfacet
  facet normal 0.9675990923602593 0.2524915770151597 0
    outer loop
      vertex -14.122510260084763 9.43370665207362 42
      vertex -14.122510260084763 9.43370665207362 40.5
      vertex -14.160186059072075 9.578087978908464 40.5
    endloop
  endfacet
  facet normal 0.9767658813208709 0.2143091530650575 0
    outer loop
      vertex -14.160186059072075 9.578087978908464 42
      vertex -14.160186059072075 9.578087978908464 40.5
      vertex -14.19216442709318 9.723837137899617 40.5
    endloop
  endfacet
  facet normal 0.9905693404435757 0.13701234168197923 0
    outer loop
      vertex -14.218396055822426 9.870729394408025 42
      vertex -14.218396055822426 9.870729394408025 40.5
      vertex -14.238840497989624 10.01853825122112 40.5
    endloop
  endfacet
  facet normal 0.9844265680898936 0.17579627993434346 0
    outer loop
      vertex -14.19216442709318 9.723837137899617 42
      vertex -14.19216442709318 9.723837137899617 40.5
      vertex -14.218396055822426 9.870729394408025 40.5
    endloop
  endfacet
  facet normal 0.4364092406733469 0.8997482840522192 0
    outer loop
      vertex -12.056087364203131 7.014236301025596 41.99999999999999
      vertex -12.056087364203131 7.014236301025596 40.5
      vertex -12.165836160407888 7.067468287866209 40.5
    endloop
  endfacet
  facet normal 0.40074883310313625 0.916187957117138 0
    outer loop
      vertex -11.919377404548246 6.954438138018016 41.99999999999999
      vertex -11.919377404548246 6.954438138018016 40.5
      vertex -12.056087364203131 7.014236301025596 40.5
    endloop
  endfacet
  facet normal 0.32763017956169926 0.944806046466876 0
    outer loop
      vertex -11.639444940185705 6.8511655996393195 41.99999999999999
      vertex -11.639444940185705 6.8511655996393195 40.5
      vertex -11.780425178455378 6.900053285055464 40.5
    endloop
  endfacet
  facet normal 0.2902846772544518 0.9569403357322122 0
    outer loop
      vertex -11.496654071048187 6.807850463037045 41.99999999999999
      vertex -11.496654071048187 6.807850463037045 40.5
      vertex -11.639444940185705 6.8511655996393195 40.5
    endloop
  endfacet
  facet normal 0.2524915770151597 0.9675990923602593 0
    outer loop
      vertex -11.352272744213344 6.770174664049733 41.99999999999999
      vertex -11.352272744213344 6.770174664049733 40.5
      vertex -11.496654071048187 6.807850463037045 40.5
    endloop
  endfacet
  facet normal 0.2143091530650575 0.9767658813208709 0
    outer loop
      vertex -11.206523585222191 6.738196296028628 41.99999999999999
      vertex -11.206523585222191 6.738196296028628 40.5
      vertex -11.352272744213344 6.770174664049733 40.5
    endloop
  endfacet
  facet normal 0.3644704998791588 0.9312149347588 0
    outer loop
      vertex -11.780425178455378 6.900053285055464 41.99999999999999
      vertex -11.780425178455378 6.900053285055464 40.5
      vertex -11.919377404548246 6.954438138018016 40.5
    endloop
  endfacet
  facet normal 0.17579627993434346 0.9844265680898936 0
    outer loop
      vertex -11.059631328713783 6.711964667299382 41.99999999999999
      vertex -11.059631328713783 6.711964667299382 40.5
      vertex -11.206523585222191 6.738196296028628 40.5
    endloop
  endfacet
  facet normal 0.13701234168197338 0.9905693404435765 0
    outer loop
      vertex -10.911822471900688 6.691520225132185 41.99999999999999
      vertex -10.911822471900688 6.691520225132185 40.5
      vertex -11.059631328713783 6.711964667299382 40.5
    endloop
  endfacet
  facet normal 0.0980171403295613 0.9951847266721968 0
    outer loop
      vertex -10.763324925326716 6.676894493375018 41.99999999999999
      vertex -10.763324925326716 6.676894493375018 40.5
      vertex -10.911822471900688 6.691520225132185 40.5
    endloop
  endfacet
  facet normal 0.05887080365118215 0.9982656101847164 0
    outer loop
      vertex -10.614367661445367 6.668110023846158 41.99999999999999
      vertex -10.614367661445367 6.668110023846158 40.5
      vertex -10.763324925326716 6.676894493375018 40.5
    endloop
  endfacet
  facet normal 0.019633692460642636 0.9998072404820646 0
    outer loop
      vertex -10.465180361560904 6.665180361560903 41.99999999999999
      vertex -10.465180361560904 6.665180361560903 40.5
      vertex -10.614367661445367 6.668110023846158 40.5
    endloop
  endfacet
  facet normal -0.019633692460637155 0.9998072404820647 0
    outer loop
      vertex -10.315993061676444 6.6681100238461575 41.99999999999999
      vertex -10.315993061676444 6.6681100238461575 40.5
      vertex -10.465180361560904 6.665180361560903 40.5
    endloop
  endfacet
  facet normal -0.05887080365118075 0.9982656101847164 0
    outer loop
      vertex -10.167035797795092 6.676894493375017 41.99999999999999
      vertex -10.167035797795092 6.676894493375017 40.5
      vertex -10.315993061676444 6.6681100238461575 40.5
    endloop
  endfacet
  facet normal -0.0980171403295613 0.9951847266721968 0
    outer loop
      vertex -10.01853825122112 6.691520225132184 41.99999999999999
      vertex -10.01853825122112 6.691520225132184 40.5
      vertex -10.167035797795092 6.676894493375017 40.5
    endloop
  endfacet
  facet normal -0.8627343859777901 0.5056573733779876 0
    outer loop
      vertex -17.052803287081844 10.449971294318976 42
      vertex -17.052803287081844 10.449971294318976 40.5
      vertex -17.449920141455944 9.772424829939098 40.5
    endloop
  endfacet
  facet normal -0.8422172337162858 0.5391383229110012 0
    outer loop
      vertex -16.629392246050894 11.111404660392056 41.99999999999999
      vertex -16.629392246050894 11.111404660392056 40.5
      vertex -17.052803287081844 10.449971294318976 40.5
    endloop
  endfacet
  facet normal -0.8204014435255131 0.5717879602276127 -2.0313989076740863e-15
    outer loop
      vertex -16.18033988749893 11.755705045849488 41.99999999999999
      vertex -16.18033988749893 11.755705045849483 40.5
      vertex -16.629392246050894 11.111404660392056 40.5
    endloop
  endfacet
  facet normal -0.7973206537727083 0.6035559419535699 0
    outer loop
      vertex -15.706338617614898 12.38187898619668 41.99999999999999
      vertex -15.706338617614898 12.38187898619668 40.5
      vertex -16.18033988749893 11.755705045849483 40.5
    endloop
  endfacet
  facet normal -0.7730104533627374 0.6343932841636449 0
    outer loop
      vertex -15.208119312000619 12.988960966603674 42
      vertex -15.208119312000619 12.988960966603674 40.5
      vertex -15.706338617614898 12.38187898619668 40.5
    endloop
  endfacet
  facet normal 0.9951847266721964 0.09801714032956603 0
    outer loop
      vertex -14.238840497989624 10.01853825122112 42
      vertex -14.238840497989624 10.01853825122112 40.5
      vertex -14.253466229746792 10.167035797795094 40.5
    endloop
  endfacet
  facet normal 0.9982656101847153 0.05887080365119925 0
    outer loop
      vertex -14.253466229746792 10.167035797795094 42
      vertex -14.253466229746792 10.167035797795094 40.5
      vertex -14.262250699275654 10.315993061676444 40.5
    endloop
  endfacet
  facet normal 0.9998072404820654 0.019633692460601686 0
    outer loop
      vertex -14.262250699275654 10.315993061676444 42
      vertex -14.262250699275654 10.315993061676444 40.5
      vertex -14.265180361560903 10.465180361560902 40.5
    endloop
  endfacet
  facet normal 0.9998072404820649 -0.019633692460625022 0
    outer loop
      vertex -14.265180361560903 10.465180361560902 42
      vertex -14.265180361560903 10.465180361560902 40.5
      vertex -14.26225069927565 10.614367661445364 40.5
    endloop
  endfacet
  facet normal 0.998265610184716 -0.05887080365118668 0
    outer loop
      vertex -14.26225069927565 10.614367661445364 42
      vertex -14.26225069927565 10.614367661445364 40.5
      vertex -14.25346622974679 10.763324925326716 40.5
    endloop
  endfacet
  facet normal 0.9951847266721975 -0.0980171403295554 0
    outer loop
      vertex -14.25346622974679 10.763324925326716 42
      vertex -14.25346622974679 10.763324925326716 40.5
      vertex -14.238840497989624 10.911822471900688 40.5
    endloop
  endfacet
  facet normal 0.990569340443577 -0.13701234168196916 0
    outer loop
      vertex -14.238840497989624 10.911822471900688 42
      vertex -14.238840497989624 10.911822471900688 40.5
      vertex -14.218396055822428 11.059631328713781 40.5
    endloop
  endfacet
  facet normal 0.9844265680898919 -0.17579627993435293 0
    outer loop
      vertex -14.218396055822428 11.059631328713781 42
      vertex -14.218396055822428 11.059631328713781 40.5
      vertex -14.19216442709318 11.206523585222191 40.5
    endloop
  endfacet
  facet normal 0.9767658813208709 -0.2143091530650575 0
    outer loop
      vertex -14.19216442709318 11.206523585222191 42
      vertex -14.19216442709318 11.206523585222191 40.5
      vertex -14.160186059072075 11.352272744213344 40.5
    endloop
  endfacet
  facet normal 0.9675990923602652 -0.2524915770151374 0
    outer loop
      vertex -14.160186059072075 11.352272744213344 42
      vertex -14.160186059072075 11.352272744213344 40.5
      vertex -14.122510260084766 11.496654071048187 40.5
    endloop
  endfacet
  facet normal 0.9569403357322055 -0.2902846772544736 0
    outer loop
      vertex -14.122510260084766 11.496654071048187 41.99999999999999
      vertex -14.122510260084766 11.496654071048187 40.5
      vertex -14.079195123482489 11.639444940185705 40.5
    endloop
  endfacet
  facet normal 0.9448060464668778 -0.3276301795616939 0
    outer loop
      vertex -14.079195123482489 11.639444940185705 41.99999999999999
      vertex -14.079195123482489 11.639444940185705 40.5
      vertex -14.030307438066345 11.780425178455378 40.5
    endloop
  endfacet
  facet normal 0.9312149347588006 -0.36447049987915764 0
    outer loop
      vertex -14.030307438066345 11.780425178455378 41.99999999999999
      vertex -14.030307438066345 11.780425178455378 40.5
      vertex -13.975922585103794 11.919377404548245 40.5
    endloop
  endfacet
  facet normal 0.9161879571171417 -0.4007488331031275 0
    outer loop
      vertex -13.975922585103794 11.919377404548245 41.99999999999999
      vertex -13.975922585103794 11.919377404548245 40.5
      vertex -13.916124422096214 12.056087364203133 40.5
    endloop
  endfacet
  facet normal 0.8997482840522192 -0.43640924067334663 0
    outer loop
      vertex -13.916124422096214 12.056087364203133 42
      vertex -13.916124422096214 12.056087364203133 40.5
      vertex -13.851005153476702 12.190344260571184 40.5
    endloop
  endfacet
  facet normal 0.8819212643483516 -0.471396736826004 0
    outer loop
      vertex -13.851005153476702 12.190344260571184 41.99999999999999
      vertex -13.851005153476702 12.190344260571184 40.5
      vertex -13.780665188437533 12.321941079249333 40.5
    endloop
  endfacet
  facet normal 0.862734385977795 -0.5056573733779793 0
    outer loop
      vertex -13.780665188437533 12.321941079249333 41.99999999999999
      vertex -13.780665188437533 12.321941079249333 40.5
      vertex -13.705212986106455 12.450674907481512 40.5
    endloop
  endfacet
  facet normal -0.7475083268625955 0.6642524379112833 0
    outer loop
      vertex -14.68645018871371 13.576014910658834 41.99999999999999
      vertex -14.68645018871371 13.576014910658834 40.5
      vertex -15.208119312000619 12.988960966603674 40.5
    endloop
  endfacet
  facet normal -0.72085359670292 0.6930873625456346 0
    outer loop
      vertex -14.142135623730951 14.142135623730951 41.99999999999999
      vertex -14.142135623730951 14.142135623730951 40.5
      vertex -14.68645018871371 13.576014910658834 40.5
    endloop
  endfacet
  facet normal -0.6930873625456346 0.72085359670292 0
    outer loop
      vertex -13.576014910658834 14.68645018871371 42
      vertex -13.576014910658834 14.68645018871371 40.5
      vertex -14.142135623730951 14.142135623730951 40.5
    endloop
  endfacet
  facet normal 0.8422172337162843 -0.5391383229110037 0
    outer loop
      vertex -13.705212986106455 12.450674907481512 42
      vertex -13.705212986106455 12.450674907481512 40.5
      vertex -13.624764888310576 12.576347247035393 40.5
    endloop
  endfacet
  facet normal 0.8204014435255131 -0.5717879602276129 0
    outer loop
      vertex -13.624764888310576 12.576347247035393 42
      vertex -13.624764888310576 12.576347247035393 40.5
      vertex -13.539444940185705 12.698764320272302 40.5
    endloop
  endfacet
  facet normal 0.7973206537727117 -0.6035559419535654 0
    outer loop
      vertex -13.539444940185705 12.698764320272302 42
      vertex -13.539444940185705 12.698764320272302 40.5
      vertex -13.449384698907735 12.817737368938275 40.5
    endloop
  endfacet
  facet normal 0.7730104533627227 -0.6343932841636629 0
    outer loop
      vertex -13.449384698907735 12.817737368938275 42
      vertex -13.449384698907735 12.817737368938275 40.5
      vertex -13.35472303084102 12.9330829452156 40.5
    endloop
  endfacet
  facet normal 0.7475083268626063 -0.6642524379112711 0
    outer loop
      vertex -13.35472303084102 12.9330829452156 42
      vertex -13.35472303084102 12.9330829452156 40.5
      vertex -13.25560589741651 13.044623194586082 40.5
    endloop
  endfacet
  facet normal 0.7208535967029295 -0.6930873625456249 0
    outer loop
      vertex -13.25560589741651 13.044623194586082 42
      vertex -13.25560589741651 13.044623194586082 40.5
      vertex -13.152186130069786 13.152186130069786 40.5
    endloop
  endfacet
  facet normal 0.6930873625456249 -0.7208535967029295 0
    outer loop
      vertex -13.152186130069786 13.152186130069786 42
      vertex -13.152186130069786 13.152186130069786 40.5
      vertex -13.044623194586082 13.25560589741651 40.5
    endloop
  endfacet
  facet normal 0.6642524379112712 -0.7475083268626063 0
    outer loop
      vertex -13.044623194586082 13.25560589741651 41.99999999999999
      vertex -13.044623194586082 13.25560589741651 40.5
      vertex -12.9330829452156 13.35472303084102 40.5
    endloop
  endfacet
  facet normal 0.6343932841636629 -0.7730104533627226 0
    outer loop
      vertex -12.9330829452156 13.35472303084102 41.99999999999999
      vertex -12.9330829452156 13.35472303084102 40.5
      vertex -12.817737368938275 13.449384698907735 40.5
    endloop
  endfacet
  facet normal 0.6035559419535654 -0.7973206537727118 0
    outer loop
      vertex -12.817737368938275 13.449384698907735 41.99999999999999
      vertex -12.817737368938275 13.449384698907735 40.5
      vertex -12.698764320272302 13.539444940185705 40.5
    endloop
  endfacet
  facet normal 0.5717879602276129 -0.8204014435255133 0
    outer loop
      vertex -12.698764320272302 13.539444940185705 41.99999999999999
      vertex -12.698764320272302 13.539444940185705 40.5
      vertex -12.576347247035393 13.624764888310576 40.5
    endloop
  endfacet
  facet normal 0.5391383229110037 -0.8422172337162843 0
    outer loop
      vertex -12.576347247035393 13.624764888310576 41.99999999999999
      vertex -12.576347247035393 13.624764888310576 40.5
      vertex -12.450674907481512 13.705212986106455 40.5
    endloop
  endfacet
  facet normal 0.5056573733779793 -0.862734385977795 0
    outer loop
      vertex -12.450674907481512 13.705212986106455 42
      vertex -12.450674907481512 13.705212986106455 40.5
      vertex -12.321941079249333 13.780665188437533 40.5
    endloop
  endfacet
  facet normal 0.471396736826004 -0.8819212643483516 0
    outer loop
      vertex -12.321941079249333 13.780665188437533 41.99999999999999
      vertex -12.321941079249333 13.780665188437533 40.5
      vertex -12.190344260571184 13.851005153476702 40.5
    endloop
  endfacet
  facet normal 0.43640924067334663 -0.8997482840522193 0
    outer loop
      vertex -12.190344260571184 13.851005153476702 41.99999999999999
      vertex -12.190344260571184 13.851005153476702 40.5
      vertex -12.056087364203133 13.916124422096214 40.5
    endloop
  endfacet
  facet normal 0.4007488331031275 -0.9161879571171417 0
    outer loop
      vertex -12.056087364203133 13.916124422096214 41.99999999999999
      vertex -12.056087364203133 13.916124422096214 40.5
      vertex -11.919377404548245 13.975922585103794 40.5
    endloop
  endfacet
  facet normal 0.36447049987915764 -0.9312149347588005 0
    outer loop
      vertex -11.919377404548245 13.975922585103794 42
      vertex -11.919377404548245 13.975922585103794 40.5
      vertex -11.780425178455378 14.030307438066345 40.5
    endloop
  endfacet
  facet normal 0.3276301795616939 -0.9448060464668778 0
    outer loop
      vertex -11.780425178455378 14.030307438066345 42
      vertex -11.780425178455378 14.030307438066345 40.5
      vertex -11.639444940185705 14.079195123482489 40.5
    endloop
  endfacet
  facet normal 0.2902846772544736 -0.9569403357322055 0
    outer loop
      vertex -11.639444940185705 14.079195123482489 41.99999999999999
      vertex -11.639444940185705 14.079195123482489 40.5
      vertex -11.496654071048187 14.122510260084766 40.5
    endloop
  endfacet
  facet normal 0.25249157701513736 -0.9675990923602651 0
    outer loop
      vertex -11.496654071048187 14.122510260084766 41.99999999999999
      vertex -11.496654071048187 14.122510260084766 40.5
      vertex -11.352272744213344 14.160186059072075 40.5
    endloop
  endfacet
  facet normal 0.2143091530650575 -0.9767658813208709 0
    outer loop
      vertex -11.352272744213344 14.160186059072075 41.99999999999999
      vertex -11.352272744213344 14.160186059072075 40.5
      vertex -11.206523585222191 14.19216442709318 40.5
    endloop
  endfacet
  facet normal 0.17579627993435293 -0.9844265680898919 0
    outer loop
      vertex -11.206523585222191 14.19216442709318 42
      vertex -11.206523585222191 14.19216442709318 40.5
      vertex -11.059631328713781 14.218396055822428 40.5
    endloop
  endfacet
  facet normal 0.13701234168196916 -0.990569340443577 0
    outer loop
      vertex -11.059631328713781 14.218396055822428 42
      vertex -11.059631328713781 14.218396055822428 40.5
      vertex -10.911822471900688 14.238840497989624 40.5
    endloop
  endfacet
  facet normal 0.0980171403295554 -0.9951847266721975 0
    outer loop
      vertex -10.911822471900688 14.238840497989624 42
      vertex -10.911822471900688 14.238840497989624 40.5
      vertex -10.763324925326716 14.25346622974679 40.5
    endloop
  endfacet
  facet normal 0.05887080365118668 -0.998265610184716 0
    outer loop
      vertex -10.763324925326716 14.25346622974679 41.99999999999999
      vertex -10.763324925326716 14.25346622974679 40.5
      vertex -10.614367661445364 14.26225069927565 40.5
    endloop
  endfacet
  facet normal 0.019633692460625022 -0.9998072404820649 0
    outer loop
      vertex -10.614367661445364 14.26225069927565 42
      vertex -10.614367661445364 14.26225069927565 40.5
      vertex -10.465180361560902 14.265180361560903 40.5
    endloop
  endfacet
  facet normal -0.019633692460601686 -0.9998072404820654 0
    outer loop
      vertex -10.465180361560902 14.265180361560903 42
      vertex -10.465180361560902 14.265180361560903 40.5
      vertex -10.315993061676444 14.262250699275654 40.5
    endloop
  endfacet
  facet normal -0.05887080365119925 -0.9982656101847153 0
    outer loop
      vertex -10.315993061676444 14.262250699275654 42
      vertex -10.315993061676444 14.262250699275654 40.5
      vertex -10.167035797795094 14.253466229746792 40.5
    endloop
  endfacet
  facet normal -0.09801714032956603 -0.9951847266721964 0
    outer loop
      vertex -10.167035797795094 14.253466229746792 42
      vertex -10.167035797795094 14.253466229746792 40.5
      vertex -10.01853825122112 14.238840497989624 40.5
    endloop
  endfacet
  facet normal -0.6642524379112833 0.7475083268625955 0
    outer loop
      vertex -12.988960966603674 15.208119312000619 41.99999999999999
      vertex -12.988960966603674 15.208119312000619 40.5
      vertex -13.576014910658834 14.68645018871371 40.5
    endloop
  endfacet
  facet normal -0.6343932841636438 0.7730104533627383 0
    outer loop
      vertex -12.381878986196678 15.706338617614898 41.99999999999999
      vertex -12.381878986196678 15.706338617614898 40.5
      vertex -12.988960966603674 15.208119312000619 40.5
    endloop
  endfacet
  facet normal -0.6035559419535744 0.7973206537727048 7.147538169665983e-16
    outer loop
      vertex -11.755705045849464 16.18033988749895 41.99999999999999
      vertex -11.755705045849465 16.18033988749895 40.5
      vertex -12.381878986196678 15.706338617614898 40.5
    endloop
  endfacet
  facet normal -0.5717879602276098 0.8204014435255153 0
    outer loop
      vertex -11.111404660392044 16.629392246050905 41.99999999999999
      vertex -11.111404660392044 16.629392246050905 40.5
      vertex -11.755705045849465 16.18033988749895 40.5
    endloop
  endfacet
  facet normal -0.5391383229109988 0.8422172337162874 0
    outer loop
      vertex -10.449971294318976 17.052803287081844 42
      vertex -10.449971294318976 17.052803287081844 40.5
      vertex -11.111404660392044 16.629392246050905 40.5
    endloop
  endfacet
  facet normal -0.5056573733779876 0.8627343859777901 0
    outer loop
      vertex -9.772424829939098 17.449920141455944 42
      vertex -9.772424829939098 17.449920141455944 40.5
      vertex -10.449971294318976 17.052803287081844 40.5
    endloop
  endfacet
  facet normal -0.13701234168198245 0.9905693404435751 0
    outer loop
      vertex -9.870729394408029 6.711964667299382 41.99999999999999
      vertex -9.870729394408029 6.711964667299382 40.5
      vertex -10.01853825122112 6.691520225132184 40.5
    endloop
  endfacet
  facet normal -0.17579627993433936 0.9844265680898944 0
    outer loop
      vertex -9.723837137899617 6.738196296028628 41.99999999999999
      vertex -9.723837137899617 6.738196296028628 40.5
      vertex -9.870729394408029 6.711964667299382 40.5
    endloop
  endfacet
  facet normal -0.2143091530650575 0.9767658813208709 0
    outer loop
      vertex -9.578087978908464 6.770174664049733 41.99999999999999
      vertex -9.578087978908464 6.770174664049733 40.5
      vertex -9.723837137899617 6.738196296028628 40.5
    endloop
  endfacet
  facet normal -0.252491577015157 0.9675990923602601 0
    outer loop
      vertex -9.433706652073623 6.807850463037044 41.99999999999999
      vertex -9.433706652073623 6.807850463037044 40.5
      vertex -9.578087978908464 6.770174664049733 40.5
    endloop
  endfacet
  facet normal -0.29028467725445395 0.9569403357322115 0
    outer loop
      vertex -9.290915782936104 6.8511655996393195 41.99999999999999
      vertex -9.290915782936104 6.8511655996393195 40.5
      vertex -9.433706652073623 6.807850463037044 40.5
    endloop
  endfacet
  facet normal -0.3276301795617082 0.9448060464668728 0
    outer loop
      vertex -9.149935544666432 6.900053285055465 41.99999999999999
      vertex -9.149935544666432 6.900053285055465 40.5
      vertex -9.290915782936104 6.8511655996393195 40.5
    endloop
  endfacet
  facet normal -0.36447049987914326 0.9312149347588061 0
    outer loop
      vertex -9.010983318573563 6.9544381380180145 41.99999999999999
      vertex -9.010983318573563 6.9544381380180145 40.5
      vertex -9.149935544666432 6.900053285055465 40.5
    endloop
  endfacet
  facet normal -0.40074883310313686 0.9161879571171377 0
    outer loop
      vertex -8.874273358918677 7.014236301025595 41.99999999999999
      vertex -8.874273358918677 7.014236301025595 40.5
      vertex -9.010983318573563 6.9544381380180145 40.5
    endloop
  endfacet
  facet normal -0.43640924067334563 0.8997482840522197 0
    outer loop
      vertex -8.874273358918677 7.014236301025595 41.99999999999999
      vertex -8.75431656147597 7.072419523837431 40.5
      vertex -8.874273358918677 7.014236301025595 40.5
    endloop
  endfacet
  facet normal -0.8997482840522197 0.43640924067334563 0
    outer loop
      vertex -7.014236301025595 8.874273358918677 40.5
      vertex -7.073676129014438 8.751725808929121 40.5
      vertex -7.073676129014438 8.751725808929121 41.99999999999999
    endloop
  endfacet
  facet normal -0.9161879571171377 0.40074883310313686 0
    outer loop
      vertex -6.9544381380180145 9.010983318573563 41.99999999999999
      vertex -6.9544381380180145 9.010983318573563 40.5
      vertex -7.014236301025595 8.874273358918677 40.5
    endloop
  endfacet
  facet normal -0.9312149347588061 0.36447049987914326 0
    outer loop
      vertex -6.900053285055465 9.149935544666432 41.99999999999999
      vertex -6.900053285055465 9.149935544666432 40.5
      vertex -6.9544381380180145 9.010983318573563 40.5
    endloop
  endfacet
  facet normal -0.9448060464668728 0.3276301795617082 0
    outer loop
      vertex -6.8511655996393195 9.290915782936104 41.99999999999999
      vertex -6.8511655996393195 9.290915782936104 40.5
      vertex -6.900053285055465 9.149935544666432 40.5
    endloop
  endfacet
  facet normal -0.9569403357322115 0.29028467725445395 0
    outer loop
      vertex -6.807850463037044 9.433706652073623 41.99999999999999
      vertex -6.807850463037044 9.433706652073623 40.5
      vertex -6.8511655996393195 9.290915782936104 40.5
    endloop
  endfacet
  facet normal -0.9675990923602601 0.252491577015157 0
    outer loop
      vertex -6.770174664049733 9.578087978908464 41.99999999999999
      vertex -6.770174664049733 9.578087978908464 40.5
      vertex -6.807850463037044 9.433706652073623 40.5
    endloop
  endfacet
  facet normal -0.9767658813208709 0.2143091530650575 0
    outer loop
      vertex -6.738196296028628 9.723837137899617 41.99999999999999
      vertex -6.738196296028628 9.723837137899617 40.5
      vertex -6.770174664049733 9.578087978908464 40.5
    endloop
  endfacet
  facet normal -0.9844265680898944 0.17579627993433936 0
    outer loop
      vertex -6.711964667299382 9.870729394408029 41.99999999999999
      vertex -6.711964667299382 9.870729394408029 40.5
      vertex -6.738196296028628 9.723837137899617 40.5
    endloop
  endfacet
  facet normal -0.9905693404435751 0.13701234168198245 0
    outer loop
      vertex -6.691520225132184 10.01853825122112 41.99999999999999
      vertex -6.691520225132184 10.01853825122112 40.5
      vertex -6.711964667299382 9.870729394408029 40.5
    endloop
  endfacet
  facet normal -0.13701234168197923 -0.9905693404435757 0
    outer loop
      vertex -10.01853825122112 14.238840497989624 42
      vertex -10.01853825122112 14.238840497989624 40.5
      vertex -9.870729394408025 14.218396055822426 40.5
    endloop
  endfacet
  facet normal -0.2143091530650575 -0.9767658813208709 0
    outer loop
      vertex -9.723837137899617 14.19216442709318 42
      vertex -9.723837137899617 14.19216442709318 40.5
      vertex -9.578087978908464 14.160186059072075 40.5
    endloop
  endfacet
  facet normal -0.17579627993434346 -0.9844265680898936 0
    outer loop
      vertex -9.870729394408025 14.218396055822426 42
      vertex -9.870729394408025 14.218396055822426 40.5
      vertex -9.723837137899617 14.19216442709318 40.5
    endloop
  endfacet
  facet normal -0.2524915770151597 -0.9675990923602593 0
    outer loop
      vertex -9.578087978908464 14.160186059072075 42
      vertex -9.578087978908464 14.160186059072075 40.5
      vertex -9.43370665207362 14.122510260084763 40.5
    endloop
  endfacet
  facet normal -0.29028467725445173 -0.956940335732212 0
    outer loop
      vertex -9.43370665207362 14.122510260084763 42
      vertex -9.43370665207362 14.122510260084763 40.5
      vertex -9.290915782936104 14.079195123482489 40.5
    endloop
  endfacet
  facet normal -0.3644704998791513 -0.9312149347588029 0
    outer loop
      vertex -9.14993554466643 14.030307438066345 42
      vertex -9.14993554466643 14.030307438066345 40.5
      vertex -9.010983318573565 13.975922585103795 40.5
    endloop
  endfacet
  facet normal -0.3276301795616939 -0.9448060464668778 0
    outer loop
      vertex -9.290915782936104 14.079195123482489 42
      vertex -9.290915782936104 14.079195123482489 40.5
      vertex -9.14993554466643 14.030307438066345 40.5
    endloop
  endfacet
  facet normal -0.40074883310314185 -0.9161879571171354 0
    outer loop
      vertex -9.010983318573565 13.975922585103795 42
      vertex -9.010983318573565 13.975922585103795 40.5
      vertex -8.874273358918678 13.916124422096214 40.5
    endloop
  endfacet
  facet normal -0.43640924067334663 -0.8997482840522192 0
    outer loop
      vertex -8.874273358918678 13.916124422096214 42
      vertex -8.874273358918678 13.916124422096214 40.5
      vertex -8.740016462550628 13.851005153476702 40.5
    endloop
  endfacet
  facet normal -0.5391383229110067 -0.8422172337162823 0
    outer loop
      vertex -8.479685815640298 13.705212986106456 42
      vertex -8.479685815640298 13.705212986106456 40.5
      vertex -8.354013476086415 13.624764888310576 40.5
    endloop
  endfacet
  facet normal -0.5717879602276129 -0.8204014435255131 0
    outer loop
      vertex -8.354013476086415 13.624764888310576 42
      vertex -8.354013476086415 13.624764888310576 40.5
      vertex -8.231596402849506 13.539444940185705 40.5
    endloop
  endfacet
  facet normal -0.6035559419535654 -0.7973206537727117 0
    outer loop
      vertex -8.231596402849506 13.539444940185705 42
      vertex -8.231596402849506 13.539444940185705 40.5
      vertex -8.112623354183533 13.449384698907735 40.5
    endloop
  endfacet
  facet normal -0.7730104533627362 -0.6343932841636465 0
    outer loop
      vertex -7.575637692280786 12.933082945215602 41.99999999999999
      vertex -7.575637692280786 12.933082945215602 40.5
      vertex -7.4809760242140735 12.817737368938275 40.5
    endloop
  endfacet
  facet normal -0.7475083268625944 -0.6642524379112844 0
    outer loop
      vertex -7.6747548257053 13.044623194586084 41.99999999999999
      vertex -7.6747548257053 13.044623194586084 40.5
      vertex -7.575637692280786 12.933082945215602 40.5
    endloop
  endfacet
  facet normal -0.6343932841636487 -0.7730104533627343 0
    outer loop
      vertex -8.112623354183533 13.449384698907735 42
      vertex -8.112623354183533 13.449384698907735 40.5
      vertex -7.997277777906207 13.354723030841024 40.5
    endloop
  endfacet
  facet normal -0.6642524379112844 -0.7475083268625944 0
    outer loop
      vertex -7.997277777906207 13.354723030841024 41.99999999999999
      vertex -7.997277777906207 13.354723030841024 40.5
      vertex -7.885737528535726 13.25560589741651 40.5
    endloop
  endfacet
  facet normal -0.693087362545637 -0.7208535967029176 0
    outer loop
      vertex -7.885737528535726 13.25560589741651 41.99999999999999
      vertex -7.885737528535726 13.25560589741651 40.5
      vertex -7.778174593052023 13.152186130069785 40.5
    endloop
  endfacet
  facet normal -0.7208535967029179 -0.6930873625456367 0
    outer loop
      vertex -7.778174593052023 13.152186130069785 41.99999999999999
      vertex -7.778174593052023 13.152186130069785 40.5
      vertex -7.6747548257053 13.044623194586084 40.5
    endloop
  endfacet
  facet normal -0.4713967368259941 -0.8819212643483568 0
    outer loop
      vertex -8.740016462550628 13.851005153476702 42
      vertex -8.740016462550628 13.851005153476702 40.5
      vertex -8.608419643872475 13.780665188437533 40.5
    endloop
  endfacet
  facet normal -0.5056573733779757 -0.8627343859777971 0
    outer loop
      vertex -8.608419643872475 13.780665188437533 42
      vertex -8.608419643872475 13.780665188437533 40.5
      vertex -8.479685815640298 13.705212986106456 40.5
    endloop
  endfacet
  facet normal -0.9951847266721968 0.0980171403295613 0
    outer loop
      vertex -6.676894493375017 10.167035797795092 41.99999999999999
      vertex -6.676894493375017 10.167035797795092 40.5
      vertex -6.691520225132184 10.01853825122112 40.5
    endloop
  endfacet
  facet normal -0.9982656101847164 0.05887080365118075 0
    outer loop
      vertex -6.6681100238461575 10.315993061676444 41.99999999999999
      vertex -6.6681100238461575 10.315993061676444 40.5
      vertex -6.676894493375017 10.167035797795092 40.5
    endloop
  endfacet
  facet normal -0.9998072404820647 0.019633692460637155 0
    outer loop
      vertex -6.665180361560903 10.465180361560904 41.99999999999999
      vertex -6.665180361560903 10.465180361560904 40.5
      vertex -6.6681100238461575 10.315993061676444 40.5
    endloop
  endfacet
  facet normal -0.9998072404820646 -0.019633692460642636 0
    outer loop
      vertex -6.668110023846158 10.614367661445367 41.99999999999999
      vertex -6.668110023846158 10.614367661445367 40.5
      vertex -6.665180361560903 10.465180361560904 40.5
    endloop
  endfacet
  facet normal -0.9982656101847164 -0.05887080365118215 0
    outer loop
      vertex -6.676894493375018 10.763324925326716 41.99999999999999
      vertex -6.676894493375018 10.763324925326716 40.5
      vertex -6.668110023846158 10.614367661445367 40.5
    endloop
  endfacet
  facet normal -0.9951847266721968 -0.0980171403295613 0
    outer loop
      vertex -6.691520225132185 10.911822471900688 41.99999999999999
      vertex -6.691520225132185 10.911822471900688 40.5
      vertex -6.676894493375018 10.763324925326716 40.5
    endloop
  endfacet
  facet normal -0.9844265680898936 -0.17579627993434346 0
    outer loop
      vertex -6.738196296028628 11.206523585222191 41.99999999999999
      vertex -6.738196296028628 11.206523585222191 40.5
      vertex -6.711964667299382 11.059631328713783 40.5
    endloop
  endfacet
  facet normal -0.9905693404435765 -0.13701234168197338 0
    outer loop
      vertex -6.711964667299382 11.059631328713783 41.99999999999999
      vertex -6.711964667299382 11.059631328713783 40.5
      vertex -6.691520225132185 10.911822471900688 40.5
    endloop
  endfacet
  facet normal -0.944806046466876 -0.32763017956169926 0
    outer loop
      vertex -6.900053285055464 11.780425178455378 41.99999999999999
      vertex -6.900053285055464 11.780425178455378 40.5
      vertex -6.8511655996393195 11.639444940185705 40.5
    endloop
  endfacet
  facet normal -0.8627343859777893 -0.505657373377989 0
    outer loop
      vertex -7.225147737015354 12.45067490748151 41.99999999999999
      vertex -7.225147737015354 12.45067490748151 40.5
      vertex -7.149695534684275 12.321941079249333 40.5
    endloop
  endfacet
  facet normal -0.8997482840522193 -0.43640924067334663 0
    outer loop
      vertex -7.079355569645108 12.190344260571182 41.99999999999999
      vertex -7.079355569645108 12.190344260571182 40.5
      vertex -7.014236301025596 12.056087364203131 40.5
    endloop
  endfacet
  facet normal -0.916187957117138 -0.40074883310313625 0
    outer loop
      vertex -7.014236301025596 12.056087364203131 41.99999999999999
      vertex -7.014236301025596 12.056087364203131 40.5
      vertex -6.954438138018016 11.919377404548246 40.5
    endloop
  endfacet
  facet normal -0.9312149347588 -0.3644704998791588 0
    outer loop
      vertex -6.954438138018016 11.919377404548246 41.99999999999999
      vertex -6.954438138018016 11.919377404548246 40.5
      vertex -6.900053285055464 11.780425178455378 40.5
    endloop
  endfacet
  facet normal -0.8819212643483592 -0.47139673682598987 0
    outer loop
      vertex -7.149695534684275 12.321941079249333 41.99999999999999
      vertex -7.149695534684275 12.321941079249333 40.5
      vertex -7.079355569645108 12.190344260571182 40.5
    endloop
  endfacet
  facet normal -0.9767658813208709 -0.2143091530650575 0
    outer loop
      vertex -6.770174664049733 11.352272744213344 41.99999999999999
      vertex -6.770174664049733 11.352272744213344 40.5
      vertex -6.738196296028628 11.206523585222191 40.5
    endloop
  endfacet
  facet normal -0.9675990923602593 -0.2524915770151597 0
    outer loop
      vertex -6.807850463037045 11.496654071048187 41.99999999999999
      vertex -6.807850463037045 11.496654071048187 40.5
      vertex -6.770174664049733 11.352272744213344 40.5
    endloop
  endfacet
  facet normal -0.9569403357322122 -0.2902846772544518 0
    outer loop
      vertex -6.8511655996393195 11.639444940185705 41.99999999999999
      vertex -6.8511655996393195 11.639444940185705 40.5
      vertex -6.807850463037045 11.496654071048187 40.5
    endloop
  endfacet
  facet normal -0.7973206537727102 -0.6035559419535673 0
    outer loop
      vertex -7.4809760242140735 12.817737368938275 41.99999999999999
      vertex -7.4809760242140735 12.817737368938275 40.5
      vertex -7.390915782936105 12.698764320272304 40.5
    endloop
  endfacet
  facet normal -0.8204014435255115 -0.5717879602276154 0
    outer loop
      vertex -7.390915782936105 12.698764320272304 41.99999999999999
      vertex -7.390915782936105 12.698764320272304 40.5
      vertex -7.305595834811232 12.576347247035393 40.5
    endloop
  endfacet
  facet normal -0.8422172337162905 -0.5391383229109941 0
    outer loop
      vertex -7.305595834811232 12.576347247035393 41.99999999999999
      vertex -7.305595834811232 12.576347247035393 40.5
      vertex -7.225147737015354 12.45067490748151 40.5
    endloop
  endfacet
  facet normal 0.7208535967029177 0.6930873625456369 0
    outer loop
      vertex -5.765516301172515 14.809505132971733 41.99999999999999
      vertex -5.765516301172515 14.809505132971733 40.5
      vertex -5.939696961966999 14.99066376115481 40.5
    endloop
  endfacet
  facet normal 0.7475083268625977 0.6642524379112806 0
    outer loop
      vertex -5.5985821817207055 14.621647870874082 41.99999999999999
      vertex -5.5985821817207055 14.621647870874082 40.5
      vertex -5.765516301172515 14.809505132971733 40.5
    endloop
  endfacet
  facet normal 0.7973206537727078 0.6035559419535705 0
    outer loop
      vertex -5.287471597561241 14.227005976232734 41.99999999999999
      vertex -5.287471597561241 14.227005976232734 40.5
      vertex -5.4391520039241374 14.427381637143844 40.5
    endloop
  endfacet
  facet normal 0.8422172337162886 0.5391383229109968 0
    outer loop
      vertex -5.008283309694715 13.809171175742978 41.99999999999999
      vertex -5.008283309694715 13.809171175742978 40.5
      vertex -5.143774842824614 14.02082985288636 40.5
    endloop
  endfacet
  facet normal 0.8204014435255118 0.5717879602276149 0
    outer loop
      vertex -5.143774842824614 14.02082985288636 41.99999999999999
      vertex -5.143774842824614 14.02082985288636 40.5
      vertex -5.287471597561241 14.227005976232734 40.5
    endloop
  endfacet
  facet normal 0.7730104533627394 0.6343932841636426 0
    outer loop
      vertex -5.4391520039241374 14.427381637143844 41.99999999999999
      vertex -5.4391520039241374 14.427381637143844 40.5
      vertex -5.5985821817207055 14.621647870874082 40.5
    endloop
  endfacet
  facet normal -0.471396736825996 0.8819212643483559 0
    outer loop
      vertex -9.079809994790935 17.820130483767358 42
      vertex -9.079809994790935 17.820130483767358 40.5
      vertex -9.772424829939098 17.449920141455944 40.5
    endloop
  endfacet
  facet normal -0.43640924067333986 0.8997482840522225 0
    outer loop
      vertex -8.373194750748562 18.162863476501624 42
      vertex -8.373194750748562 18.162863476501624 40.5
      vertex -9.079809994790935 17.820130483767358 40.5
    endloop
  endfacet
  facet normal -0.40074883310314413 0.9161879571171344 0
    outer loop
      vertex -7.653668647301796 18.477590650225736 42
      vertex -7.653668647301796 18.477590650225736 40.5
      vertex -8.373194750748562 18.162863476501624 40.5
    endloop
  endfacet
  facet normal 0.6642524379112736 0.7475083268626039 0
    outer loop
      vertex -6.120855590150076 15.164844421949294 41.99999999999999
      vertex -6.120855590150076 15.164844421949294 40.5
      vertex -6.241847494573982 15.272360505172644 40.5
    endloop
  endfacet
  facet normal 0.6930873625456369 0.7208535967029177 0
    outer loop
      vertex -5.939696961966999 14.99066376115481 41.99999999999999
      vertex -5.939696961966999 14.99066376115481 40.5
      vertex -6.120855590150076 15.164844421949294 40.5
    endloop
  endfacet
  facet normal 0.3644704998791507 -0.9312149347588031 0
    outer loop
      vertex -6.241847494573982 15.272360505172644 41.99999999999999
      vertex -6.241847494573982 15.272360505172644 40.5
      vertex -5.710931441778634 15.480157042720988 40.5
    endloop
  endfacet
  facet normal 0.32763017956169305 -0.9448060464668782 0
    outer loop
      vertex -5.710931441778634 15.480157042720988 42
      vertex -5.710931441778634 15.480157042720988 40.5
      vertex -5.098780407186632 15.692432518870033 40.5
    endloop
  endfacet
  facet normal -0.36447049987914787 0.9312149347588043 0
    outer loop
      vertex -6.922341141549859 18.763826718449682 42
      vertex -6.922341141549859 18.763826718449682 40.5
      vertex -7.653668647301796 18.477590650225736 40.5
    endloop
  endfacet
  facet normal -0.327630179561692 0.9448060464668785 0
    outer loop
      vertex -6.180339887498948 19.02113032590307 42
      vertex -6.180339887498948 19.02113032590307 40.5
      vertex -6.922341141549859 18.763826718449682 40.5
    endloop
  endfacet
  facet normal -0.2902846772544664 0.9569403357322078 0
    outer loop
      vertex -5.428808997301485 19.249104729072947 42
      vertex -5.428808997301485 19.249104729072947 40.5
      vertex -6.180339887498948 19.02113032590307 40.5
    endloop
  endfacet
  facet normal 0.9998072404820647 0.019633692460634126 0
    outer loop
      vertex -4.070114529620277 10.716443182418944 41.99999999999999
      vertex -4.06569651419153 10.491464420880392 40.5
      vertex -4.070114529620277 10.716443182418944 40.5
    endloop
  endfacet
  facet normal 0.9982656101847159 0.058870803651190025 0
    outer loop
      vertex -4.070114529620277 10.716443182418944 41.99999999999999
      vertex -4.070114529620277 10.716443182418944 40.5
      vertex -4.084909425668885 10.967318574219112 40.5
    endloop
  endfacet
  facet normal 0.995184726672197 0.09801714032955863 0
    outer loop
      vertex -4.084909425668885 10.967318574219112 41.99999999999999
      vertex -4.084909425668885 10.967318574219112 40.5
      vertex -4.109542237049375 11.217419705291066 40.5
    endloop
  endfacet
  facet normal 0.9905693404435773 0.13701234168196819 0
    outer loop
      vertex -4.109542237049375 11.217419705291066 41.99999999999999
      vertex -4.109542237049375 11.217419705291066 40.5
      vertex -4.143974981752022 11.466360937818383 40.5
    endloop
  endfacet
  facet normal 0.9844265680898915 0.17579627993435604 0
    outer loop
      vertex -4.143974981752022 11.466360937818383 41.99999999999999
      vertex -4.143974981752022 11.466360937818383 40.5
      vertex -4.188154566980229 11.713758422464126 40.5
    endloop
  endfacet
  facet normal 0.9767658813208724 0.21430915306505097 0
    outer loop
      vertex -4.188154566980229 11.713758422464126 41.99999999999999
      vertex -4.188154566980229 11.713758422464126 40.5
      vertex -4.242012871015773 11.959230690238698 40.5
    endloop
  endfacet
  facet normal 0.9675990923602598 0.2524915770151577 0
    outer loop
      vertex -4.242012871015773 11.959230690238698 41.99999999999999
      vertex -4.242012871015773 11.959230690238698 40.5
      vertex -4.305466848257561 12.20239924069738 40.5
    endloop
  endfacet
  facet normal 0.9569403357322087 0.29028467725446283 0
    outer loop
      vertex -4.305466848257561 12.20239924069738 41.99999999999999
      vertex -4.305466848257561 12.20239924069738 40.5
      vertex -4.378418657271921 12.44288912556057 40.5
    endloop
  endfacet
  facet normal 0.9448060464668777 0.32763017956169477 0
    outer loop
      vertex -4.378418657271921 12.44288912556057 41.99999999999999
      vertex -4.378418657271921 12.44288912556057 40.5
      vertex -4.460755811657005 12.680329526856859 40.5
    endloop
  endfacet
  facet normal 0.9312149347588031 0.3644704998791507 0
    outer loop
      vertex -4.460755811657005 12.680329526856859 41.99999999999999
      vertex -4.460755811657005 12.680329526856859 40.5
      vertex -4.552351353488669 12.91435432869748 40.5
    endloop
  endfacet
  facet normal 0.9161879571171376 0.40074883310313697 0
    outer loop
      vertex -4.552351353488669 12.91435432869748 41.99999999999999
      vertex -4.552351353488669 12.91435432869748 40.5
      vertex -4.653064049080383 13.144602681800444 40.5
    endloop
  endfacet
  facet normal 0.8997482840522191 0.43640924067334697 0
    outer loop
      vertex -4.653064049080383 13.144602681800444 41.99999999999999
      vertex -4.653064049080383 13.144602681800444 40.5
      vertex -4.7627386067553505 13.370719559894004 40.5
    endloop
  endfacet
  facet normal 0.8627343859777904 0.5056573733779873 0
    outer loop
      vertex -4.881205916295001 13.592356307141415 41.99999999999999
      vertex -4.881205916295001 13.592356307141415 40.5
      vertex -5.008283309694715 13.809171175742978 40.5
    endloop
  endfacet
  facet normal 0.8819212643483572 0.4713967368259934 0
    outer loop
      vertex -4.7627386067553505 13.370719559894004 41.99999999999999
      vertex -4.7627386067553505 13.370719559894004 40.5
      vertex -4.881205916295001 13.592356307141415 40.5
    endloop
  endfacet
  facet normal 0.29028467725446294 -0.9569403357322086 0
    outer loop
      vertex -5.098780407186632 15.692432518870033 42
      vertex -5.098780407186632 15.692432518870033 40.5
      vertex -4.478767422773726 15.88051140148518 40.5
    endloop
  endfacet
  facet normal 0.25249157701515634 -0.9675990923602602 0
    outer loop
      vertex -4.478767422773726 15.88051140148518 42
      vertex -4.478767422773726 15.88051140148518 40.5
      vertex -3.851848503622439 16.044103686561662 40.5
    endloop
  endfacet
  facet normal 0.21430915306505385 -0.9767658813208717 0
    outer loop
      vertex -3.851848503622439 16.044103686561662 42
      vertex -3.851848503622439 16.044103686561662 40.5
      vertex -3.218990313266116 16.182957126653303 40.5
    endloop
  endfacet
  facet normal 0.17579627993435257 -0.9844265680898919 0
    outer loop
      vertex -3.218990313266116 16.182957126653303 42
      vertex -3.218990313266116 16.182957126653303 40.5
      vertex -2.5811686731638095 16.29685761981977 40.5
    endloop
  endfacet
  facet normal -0.2524915770151565 0.9675990923602602 0
    outer loop
      vertex -4.668907277118108 19.447398407953532 42
      vertex -4.668907277118108 19.447398407953532 40.5
      vertex -5.428808997301485 19.249104729072947 40.5
    endloop
  endfacet
  facet normal -0.21430915306505033 0.9767658813208725 6.344825496552956e-17
    outer loop
      vertex -3.9018064403225647 19.61570560806461 42
      vertex -3.901806440322565 19.61570560806461 40.5
      vertex -4.668907277118108 19.447398407953532 40.5
    endloop
  endfacet
  facet normal -0.17579627993435823 0.9844265680898909 0
    outer loop
      vertex -3.1286893008046173 19.753766811902757 42
      vertex -3.1286893008046173 19.753766811902757 40.5
      vertex -3.901806440322565 19.61570560806461 40.5
    endloop
  endfacet
  facet normal -0.137012341681963 0.9905693404435779 0
    outer loop
      vertex -2.350747949156753 19.861369139098525 42
      vertex -2.350747949156753 19.861369139098525 40.5
      vertex -3.1286893008046173 19.753766811902757 40.5
    endloop
  endfacet
  facet normal 0.1370123416819693 -0.990569340443577 0
    outer loop
      vertex -2.5811686731638095 16.29685761981977 42
      vertex -2.5811686731638095 16.29685761981977 40.5
      vertex -1.9393670580543212 16.385629539756284 40.5
    endloop
  endfacet
  facet normal 0.09801714032955898 -0.995184726672197 0
    outer loop
      vertex -1.9393670580543212 16.385629539756284 42
      vertex -1.9393670580543212 16.385629539756284 40.5
      vertex -1.2945750795094415 16.44913600659661 40.5
    endloop
  endfacet
  facet normal 0.05887080365119055 -0.9982656101847158 0
    outer loop
      vertex -1.2945750795094415 16.44913600659661 42
      vertex -1.2945750795094415 16.44913600659661 40.5
      vertex -0.6477869600246321 16.48727909797193 40.5
    endloop
  endfacet
  facet normal 0.01963369246062839 -0.9998072404820648 0
    outer loop
      vertex -0.6477869600246321 16.48727909797193 42
      vertex -0.6477869600246321 16.48727909797193 40.5
      vertex 0 16.5 40.5
    endloop
  endfacet
  facet normal -0.09801714032956035 0.9951847266721969 0
    outer loop
      vertex -1.5691819145568988 19.938346674662558 42
      vertex -1.5691819145568988 19.938346674662558 40.5
      vertex -2.350747949156753 19.861369139098525 40.5
    endloop
  endfacet
  facet normal -0.05887080365118849 0.9982656101847158 0
    outer loop
      vertex -0.7851963151813722 19.984580724814457 42
      vertex -0.7851963151813722 19.984580724814457 40.5
      vertex -1.5691819145568988 19.938346674662558 40.5
    endloop
  endfacet
  facet normal -0.01963369246065662 0.9998072404820644 1.4531851618820217e-17
    outer loop
      vertex -0.7519295518654994 19.9852340001396 42
      vertex -0.7519295518655005 19.9852340001396 40.5
      vertex -0.7851963151813722 19.984580724814457 40.5
    endloop
  endfacet
  facet normal -0.7071067811865476 0.7071067811865476 0
    outer loop
      vertex -16.219620124567804 3.0136843237062947 42
      vertex -18.3333044482741 0.9 40.5
      vertex -18.3333044482741 0.9 42
    endloop
  endfacet
  facet normal -0.9905693404435773 0.1370123416819686 0
    outer loop
      vertex -19.794705503028748 2.8327114949407757 42
      vertex -19.753766811902757 3.1286893008046173 42
      vertex -19.794705503028748 2.8327114949407757 40.5
    endloop
  endfacet
  facet normal -0.9844265680898908 0.17579627993435834 0
    outer loop
      vertex -19.753766811902757 3.1286893008046173 42
      vertex -19.61570560806461 3.9018064403225647 42
      vertex -19.753766811902757 3.1286893008046173 40.5
    endloop
  endfacet
  facet normal -0.9767658813208727 0.21430915306505025 0
    outer loop
      vertex -19.61570560806461 3.9018064403225647 42
      vertex -19.447398407953532 4.668907277118108 42
      vertex -19.61570560806461 3.9018064403225647 40.5
    endloop
  endfacet
  facet normal -0.9675990923602602 0.2524915770151565 0
    outer loop
      vertex -19.447398407953532 4.668907277118108 42
      vertex -19.249104729072947 5.428808997301485 42
      vertex -19.447398407953532 4.668907277118108 40.5
    endloop
  endfacet
  facet normal 0.7071067811865475 -0.7071067811865476 0
    outer loop
      vertex -19.794705503028748 2.8327114949407757 42
      vertex -19.794705503028748 2.8327114949407757 40.5
      vertex -14.156887853483651 8.470529144485871 42
    endloop
  endfacet
  facet normal 0.9982656101847156 -0.0588708036511936 0
    outer loop
      vertex -16.44913600659661 1.2945750795094415 42
      vertex -16.472405316682487 0.9 42
      vertex -16.472405316682487 0.9 40.5
    endloop
  endfacet
  facet normal 0.995184726672197 -0.09801714032955898 0
    outer loop
      vertex -16.44913600659661 1.2945750795094415 42
      vertex -16.385629539756284 1.9393670580543212 40.5
      vertex -16.385629539756284 1.9393670580543212 42
    endloop
  endfacet
  facet normal 0.990569340443577 -0.1370123416819693 0
    outer loop
      vertex -16.385629539756284 1.9393670580543212 42
      vertex -16.29685761981977 2.5811686731638095 40.5
      vertex -16.29685761981977 2.5811686731638095 42
    endloop
  endfacet
  facet normal 0.9844265680898925 -0.1757962799343492 0
    outer loop
      vertex -16.29685761981977 2.5811686731638095 42
      vertex -16.219620124567804 3.0136843237062947 40.5
      vertex -16.219620124567804 3.0136843237062947 42
    endloop
  endfacet
  facet normal -0.9569403357322078 0.2902846772544664 0
    outer loop
      vertex -19.249104729072947 5.428808997301485 42
      vertex -19.02113032590307 6.180339887498948 42
      vertex -19.249104729072947 5.428808997301485 40.5
    endloop
  endfacet
  facet normal -0.9448060464668785 0.327630179561692 0
    outer loop
      vertex -19.02113032590307 6.180339887498948 42
      vertex -18.763826718449682 6.922341141549859 42
      vertex -19.02113032590307 6.180339887498948 40.5
    endloop
  endfacet
  facet normal -0.9312149347588043 0.36447049987914787 0
    outer loop
      vertex -18.763826718449682 6.922341141549859 42
      vertex -18.477590650225736 7.653668647301796 42
      vertex -18.763826718449682 6.922341141549859 40.5
    endloop
  endfacet
  facet normal -0.9161879571171344 0.40074883310314413 0
    outer loop
      vertex -18.477590650225736 7.653668647301796 42
      vertex -18.162863476501624 8.373194750748562 42
      vertex -18.477590650225736 7.653668647301796 40.5
    endloop
  endfacet
  facet normal -0.8997482840522225 0.43640924067333986 0
    outer loop
      vertex -18.162863476501624 8.373194750748562 42
      vertex -17.820130483767358 9.079809994790935 42
      vertex -18.162863476501624 8.373194750748562 40.5
    endloop
  endfacet
  facet normal -0.8819212643483559 0.471396736825996 0
    outer loop
      vertex -17.820130483767358 9.079809994790935 42
      vertex -17.449920141455944 9.772424829939098 42
      vertex -17.820130483767358 9.079809994790935 40.5
    endloop
  endfacet
  facet normal 0.7071067811865476 -0.7071067811865476 -7.120711690664809e-16
    outer loop
      vertex -14.156887853483651 8.470529144485871 42
      vertex -19.794705503028748 2.8327114949407757 40.5
      vertex -13.8628924352556 8.764524562713921 42
    endloop
  endfacet
  facet normal -0.5056573733779873 -0.8627343859777904 0
    outer loop
      vertex -13.809171175742978 5.008283309694715 41.99999999999999
      vertex -13.592356307141415 4.881205916295001 40.5
      vertex -13.592356307141415 4.881205916295001 41.99999999999999
    endloop
  endfacet
  facet normal -0.4713967368259934 -0.8819212643483572 0
    outer loop
      vertex -13.592356307141415 4.881205916295001 41.99999999999999
      vertex -13.370719559894004 4.7627386067553505 40.5
      vertex -13.370719559894004 4.7627386067553505 41.99999999999999
    endloop
  endfacet
  facet normal -0.43640924067334697 -0.8997482840522191 0
    outer loop
      vertex -13.370719559894004 4.7627386067553505 41.99999999999999
      vertex -13.144602681800444 4.653064049080383 40.5
      vertex -13.144602681800444 4.653064049080383 41.99999999999999
    endloop
  endfacet
  facet normal -0.40074883310313697 -0.9161879571171376 0
    outer loop
      vertex -13.144602681800444 4.653064049080383 41.99999999999999
      vertex -12.91435432869748 4.552351353488669 40.5
      vertex -12.91435432869748 4.552351353488669 41.99999999999999
    endloop
  endfacet
  facet normal -0.3644704998791507 -0.9312149347588031 0
    outer loop
      vertex -12.91435432869748 4.552351353488669 41.99999999999999
      vertex -12.680329526856859 4.460755811657005 40.5
      vertex -12.680329526856859 4.460755811657005 41.99999999999999
    endloop
  endfacet
  facet normal -0.32763017956169477 -0.9448060464668777 0
    outer loop
      vertex -12.680329526856859 4.460755811657005 41.99999999999999
      vertex -12.44288912556057 4.378418657271921 40.5
      vertex -12.44288912556057 4.378418657271921 41.99999999999999
    endloop
  endfacet
  facet normal -0.29028467725446283 -0.9569403357322087 0
    outer loop
      vertex -12.44288912556057 4.378418657271921 41.99999999999999
      vertex -12.20239924069738 4.305466848257561 40.5
      vertex -12.20239924069738 4.305466848257561 41.99999999999999
    endloop
  endfacet
  facet normal -0.2524915770151577 -0.9675990923602598 0
    outer loop
      vertex -11.959230690238698 4.242012871015773 41.99999999999999
      vertex -12.20239924069738 4.305466848257561 41.99999999999999
      vertex -11.959230690238698 4.242012871015773 40.5
    endloop
  endfacet
  facet normal -0.21430915306505097 -0.9767658813208724 0
    outer loop
      vertex -11.959230690238698 4.242012871015773 41.99999999999999
      vertex -11.713758422464126 4.188154566980229 40.5
      vertex -11.713758422464126 4.188154566980229 41.99999999999999
    endloop
  endfacet
  facet normal -0.17579627993435604 -0.9844265680898915 0
    outer loop
      vertex -11.713758422464126 4.188154566980229 41.99999999999999
      vertex -11.466360937818383 4.143974981752022 40.5
      vertex -11.466360937818383 4.143974981752022 41.99999999999999
    endloop
  endfacet
  facet normal -0.13701234168196819 -0.9905693404435773 0
    outer loop
      vertex -11.466360937818383 4.143974981752022 41.99999999999999
      vertex -11.217419705291066 4.109542237049375 40.5
      vertex -11.217419705291066 4.109542237049375 41.99999999999999
    endloop
  endfacet
  facet normal -0.09801714032955863 -0.995184726672197 0
    outer loop
      vertex -11.217419705291066 4.109542237049375 41.99999999999999
      vertex -10.967318574219112 4.084909425668885 40.5
      vertex -10.967318574219112 4.084909425668885 41.99999999999999
    endloop
  endfacet
  facet normal -0.058870803651190025 -0.9982656101847159 0
    outer loop
      vertex -10.967318574219112 4.084909425668885 41.99999999999999
      vertex -10.716443182418944 4.070114529620277 40.5
      vertex -10.716443182418944 4.070114529620277 41.99999999999999
    endloop
  endfacet
  facet normal -0.019633692460633335 -0.9998072404820647 0
    outer loop
      vertex -10.716443182418944 4.070114529620277 41.99999999999999
      vertex -10.49538501485945 4.065773504768645 40.5
      vertex -10.49538501485945 4.065773504768645 41.99999999999999
    endloop
  endfacet
  facet normal -0.5717879602276178 -0.8204014435255096 0
    outer loop
      vertex -14.061313838772683 5.171990609501413 41.99999999999999
      vertex -14.02082985288636 5.143774842824614 40.5
      vertex -14.02082985288636 5.143774842824614 41.99999999999999
    endloop
  endfacet
  facet normal -0.5391383229109968 -0.8422172337162886 0
    outer loop
      vertex -14.02082985288636 5.143774842824614 41.99999999999999
      vertex -13.809171175742978 5.008283309694715 40.5
      vertex -13.809171175742978 5.008283309694715 41.99999999999999
    endloop
  endfacet
  facet normal -0.7071067811865477 0.7071067811865474 0
    outer loop
      vertex -14.061313838772683 5.171990609501413 41.99999999999999
      vertex -12.165836160407888 7.067468287866209 41.99999999999999
      vertex -14.061313838772683 5.171990609501413 40.5
    endloop
  endfacet
  facet normal 0.9448060464668778 0.3276301795616939 0
    outer loop
      vertex -14.030307438066345 9.14993554466643 42
      vertex -14.079195123482489 9.290915782936104 40.5
      vertex -14.079195123482489 9.290915782936104 42
    endloop
  endfacet
  facet normal 0.8997482840522212 0.4364092406733424 -4.0107013505606716e-16
    outer loop
      vertex -13.9120086704671 8.865787882167165 42
      vertex -13.8628924352556 8.764524562713921 42
      vertex -13.916124422096214 8.874273358918678 40.5
    endloop
  endfacet
  facet normal 0.8997482840521934 0.43640924067339987 0
    outer loop
      vertex -13.916124422096214 8.874273358918678 42
      vertex -13.9120086704671 8.865787882167165 42
      vertex -13.916124422096214 8.874273358918678 40.5
    endloop
  endfacet
  facet normal 0.9161879571171354 0.40074883310314185 0
    outer loop
      vertex -13.916124422096214 8.874273358918678 42
      vertex -13.975922585103795 9.010983318573565 40.5
      vertex -13.975922585103795 9.010983318573565 42
    endloop
  endfacet
  facet normal 0.9312149347588029 0.3644704998791513 0
    outer loop
      vertex -13.975922585103795 9.010983318573565 42
      vertex -14.030307438066345 9.14993554466643 40.5
      vertex -14.030307438066345 9.14993554466643 42
    endloop
  endfacet
  facet normal 0.956940335732212 0.29028467725445173 0
    outer loop
      vertex -14.122510260084763 9.43370665207362 42
      vertex -14.079195123482489 9.290915782936104 42
      vertex -14.122510260084763 9.43370665207362 40.5
    endloop
  endfacet
  facet normal 0.9675990923602593 0.2524915770151597 0
    outer loop
      vertex -14.122510260084763 9.43370665207362 42
      vertex -14.160186059072075 9.578087978908464 40.5
      vertex -14.160186059072075 9.578087978908464 42
    endloop
  endfacet
  facet normal 0.9767658813208709 0.2143091530650575 0
    outer loop
      vertex -14.160186059072075 9.578087978908464 42
      vertex -14.19216442709318 9.723837137899617 40.5
      vertex -14.19216442709318 9.723837137899617 42
    endloop
  endfacet
  facet normal 0.9844265680898936 0.17579627993434346 0
    outer loop
      vertex -14.218396055822426 9.870729394408025 42
      vertex -14.19216442709318 9.723837137899617 42
      vertex -14.218396055822426 9.870729394408025 40.5
    endloop
  endfacet
  facet normal 0.9905693404435757 0.13701234168197923 0
    outer loop
      vertex -14.218396055822426 9.870729394408025 42
      vertex -14.238840497989624 10.01853825122112 40.5
      vertex -14.238840497989624 10.01853825122112 42
    endloop
  endfacet
  facet normal 0.4364092406733469 0.8997482840522192 0
    outer loop
      vertex -12.165836160407888 7.067468287866209 41.99999999999999
      vertex -12.056087364203131 7.014236301025596 41.99999999999999
      vertex -12.165836160407888 7.067468287866209 40.5
    endloop
  endfacet
  facet normal 0.40074883310313625 0.916187957117138 0
    outer loop
      vertex -12.056087364203131 7.014236301025596 41.99999999999999
      vertex -11.919377404548246 6.954438138018016 41.99999999999999
      vertex -12.056087364203131 7.014236301025596 40.5
    endloop
  endfacet
  facet normal 0.3644704998791588 0.9312149347588 0
    outer loop
      vertex -11.919377404548246 6.954438138018016 41.99999999999999
      vertex -11.780425178455378 6.900053285055464 41.99999999999999
      vertex -11.919377404548246 6.954438138018016 40.5
    endloop
  endfacet
  facet normal 0.2902846772544518 0.9569403357322122 0
    outer loop
      vertex -11.639444940185705 6.8511655996393195 41.99999999999999
      vertex -11.496654071048187 6.807850463037045 41.99999999999999
      vertex -11.639444940185705 6.8511655996393195 40.5
    endloop
  endfacet
  facet normal 0.2524915770151597 0.9675990923602593 0
    outer loop
      vertex -11.496654071048187 6.807850463037045 41.99999999999999
      vertex -11.352272744213344 6.770174664049733 41.99999999999999
      vertex -11.496654071048187 6.807850463037045 40.5
    endloop
  endfacet
  facet normal 0.2143091530650575 0.9767658813208709 0
    outer loop
      vertex -11.352272744213344 6.770174664049733 41.99999999999999
      vertex -11.206523585222191 6.738196296028628 41.99999999999999
      vertex -11.352272744213344 6.770174664049733 40.5
    endloop
  endfacet
  facet normal 0.32763017956169926 0.944806046466876 0
    outer loop
      vertex -11.639444940185705 6.8511655996393195 41.99999999999999
      vertex -11.780425178455378 6.900053285055464 40.5
      vertex -11.780425178455378 6.900053285055464 41.99999999999999
    endloop
  endfacet
  facet normal 0.17579627993434346 0.9844265680898936 0
    outer loop
      vertex -11.206523585222191 6.738196296028628 41.99999999999999
      vertex -11.059631328713783 6.711964667299382 41.99999999999999
      vertex -11.206523585222191 6.738196296028628 40.5
    endloop
  endfacet
  facet normal 0.13701234168197338 0.9905693404435765 0
    outer loop
      vertex -11.059631328713783 6.711964667299382 41.99999999999999
      vertex -10.911822471900688 6.691520225132185 41.99999999999999
      vertex -11.059631328713783 6.711964667299382 40.5
    endloop
  endfacet
  facet normal 0.0980171403295613 0.9951847266721968 0
    outer loop
      vertex -10.911822471900688 6.691520225132185 41.99999999999999
      vertex -10.763324925326716 6.676894493375018 41.99999999999999
      vertex -10.911822471900688 6.691520225132185 40.5
    endloop
  endfacet
  facet normal 0.05887080365118215 0.9982656101847164 0
    outer loop
      vertex -10.763324925326716 6.676894493375018 41.99999999999999
      vertex -10.614367661445367 6.668110023846158 41.99999999999999
      vertex -10.763324925326716 6.676894493375018 40.5
    endloop
  endfacet
  facet normal 0.019633692460642636 0.9998072404820646 0
    outer loop
      vertex -10.614367661445367 6.668110023846158 41.99999999999999
      vertex -10.465180361560904 6.665180361560903 41.99999999999999
      vertex -10.614367661445367 6.668110023846158 40.5
    endloop
  endfacet
  facet normal -0.019633692460637155 0.9998072404820647 0
    outer loop
      vertex -10.465180361560904 6.665180361560903 41.99999999999999
      vertex -10.315993061676444 6.6681100238461575 41.99999999999999
      vertex -10.465180361560904 6.665180361560903 40.5
    endloop
  endfacet
  facet normal -0.05887080365118075 0.9982656101847164 0
    outer loop
      vertex -10.315993061676444 6.6681100238461575 41.99999999999999
      vertex -10.167035797795092 6.676894493375017 41.99999999999999
      vertex -10.315993061676444 6.6681100238461575 40.5
    endloop
  endfacet
  facet normal -0.0980171403295613 0.9951847266721968 0
    outer loop
      vertex -10.167035797795092 6.676894493375017 41.99999999999999
      vertex -10.01853825122112 6.691520225132184 41.99999999999999
      vertex -10.167035797795092 6.676894493375017 40.5
    endloop
  endfacet
  facet normal 0 0 1
    outer loop
      vertex -19.794705503028748 2.8327114949407757 42
      vertex -14.156887853483651 8.470529144485871 42
      vertex -19.753766811902757 3.1286893008046173 42
    endloop
  endfacet
  facet normal 0 0 1
    outer loop
      vertex -16.44913600659661 1.2945750795094415 42
      vertex -18.3333044482741 0.9 42
      vertex -16.472405316682487 0.9 42
    endloop
  endfacet
  facet normal 0 0 1
    outer loop
      vertex -16.44913600659661 1.2945750795094415 42
      vertex -16.385629539756284 1.9393670580543212 42
      vertex -18.3333044482741 0.9 42
    endloop
  endfacet
  facet normal 0 0 1
    outer loop
      vertex -16.385629539756284 1.9393670580543212 42
      vertex -16.29685761981977 2.5811686731638095 42
      vertex -18.3333044482741 0.9 42
    endloop
  endfacet
  facet normal 0 0 1
    outer loop
      vertex -16.29685761981977 2.5811686731638095 42
      vertex -16.219620124567804 3.0136843237062947 42
      vertex -18.3333044482741 0.9 42
    endloop
  endfacet
  facet normal 0 0 1
    outer loop
      vertex -19.753766811902757 3.1286893008046173 42
      vertex -14.156887853483651 8.470529144485871 42
      vertex -19.61570560806461 3.9018064403225647 42
    endloop
  endfacet
  facet normal 0 0 1
    outer loop
      vertex -19.61570560806461 3.9018064403225647 42
      vertex -14.156887853483651 8.470529144485871 42
      vertex -19.447398407953532 4.668907277118108 42
    endloop
  endfacet
  facet normal 0 0 1
    outer loop
      vertex -19.447398407953532 4.668907277118108 42
      vertex -14.156887853483651 8.470529144485871 42
      vertex -19.249104729072947 5.428808997301485 42
    endloop
  endfacet
  facet normal 0 0 1
    outer loop
      vertex -19.249104729072947 5.428808997301485 42
      vertex -14.156887853483651 8.470529144485871 42
      vertex -19.02113032590307 6.180339887498948 42
    endloop
  endfacet
  facet normal 0 0 1
    outer loop
      vertex -19.02113032590307 6.180339887498948 42
      vertex -14.156887853483651 8.470529144485871 42
      vertex -18.763826718449682 6.922341141549859 42
    endloop
  endfacet
  facet normal 0 0 1
    outer loop
      vertex -18.763826718449682 6.922341141549859 42
      vertex -14.156887853483651 8.470529144485871 42
      vertex -18.477590650225736 7.653668647301796 42
    endloop
  endfacet
  facet normal 0 0 1
    outer loop
      vertex -18.477590650225736 7.653668647301796 42
      vertex -14.156887853483651 8.470529144485871 42
      vertex -18.162863476501624 8.373194750748562 42
    endloop
  endfacet
  facet normal 0 0 1
    outer loop
      vertex -18.162863476501624 8.373194750748562 42
      vertex -14.156887853483651 8.470529144485871 42
      vertex -17.820130483767358 9.079809994790935 42
    endloop
  endfacet
  facet normal 0 0 1
    outer loop
      vertex -17.820130483767358 9.079809994790935 42
      vertex -14.156887853483651 8.470529144485871 42
      vertex -17.449920141455944 9.772424829939098 42
    endloop
  endfacet
  facet normal 0 0 1
    outer loop
      vertex -17.449920141455944 9.772424829939098 42
      vertex -14.156887853483651 8.470529144485871 42
      vertex -17.052803287081844 10.449971294318976 42
    endloop
  endfacet
  facet normal 1.1102945564708717e-14 1.6243562067197338e-14 1
    outer loop
      vertex -17.052803287081844 10.449971294318976 42
      vertex -14.156887853483651 8.470529144485871 42
      vertex -16.85801608032475 10.754258961262224 41.99999999999999
    endloop
  endfacet
  facet normal 0 0 1
    outer loop
      vertex -10.967318574219112 4.084909425668885 41.99999999999999
      vertex -10.716443182418944 4.070114529620277 41.99999999999999
      vertex -10.32306367136139 4.596124066756543 41.99999999999999
    endloop
  endfacet
  facet normal 0 0 1
    outer loop
      vertex -10.716443182418944 4.070114529620277 41.99999999999999
      vertex -10.49538501485945 4.065773504768645 41.99999999999999
      vertex -10.32306367136139 4.596124066756543 41.99999999999999
    endloop
  endfacet
  facet normal 0 0 1
    outer loop
      vertex -11.466360937818383 4.143974981752022 41.99999999999999
      vertex -11.217419705291066 4.109542237049375 41.99999999999999
      vertex -9.141892036436907 6.641973350904947 41.99999999999999
    endloop
  endfacet
  facet normal 0 0 1
    outer loop
      vertex -11.217419705291066 4.109542237049375 41.99999999999999
      vertex -10.967318574219112 4.084909425668885 41.99999999999999
      vertex -9.141892036436907 6.641973350904947 41.99999999999999
    endloop
  endfacet
  facet normal 0 0 1
    outer loop
      vertex -14.061313838772683 5.171990609501413 41.99999999999999
      vertex -14.02082985288636 5.143774842824614 41.99999999999999
      vertex -13.809171175742978 5.008283309694715 41.99999999999999
    endloop
  endfacet
  facet normal 0 0 1
    outer loop
      vertex -14.061313838772683 5.171990609501413 41.99999999999999
      vertex -13.809171175742978 5.008283309694715 41.99999999999999
      vertex -12.165836160407888 7.067468287866209 41.99999999999999
    endloop
  endfacet
  facet normal 0 0 1
    outer loop
      vertex -13.809171175742978 5.008283309694715 41.99999999999999
      vertex -13.592356307141415 4.881205916295001 41.99999999999999
      vertex -12.056087364203131 7.014236301025596 41.99999999999999
    endloop
  endfacet
  facet normal 0 0 1
    outer loop
      vertex -13.592356307141415 4.881205916295001 41.99999999999999
      vertex -13.370719559894004 4.7627386067553505 41.99999999999999
      vertex -11.639444940185705 6.8511655996393195 41.99999999999999
    endloop
  endfacet
  facet normal 0 0 1
    outer loop
      vertex -13.370719559894004 4.7627386067553505 41.99999999999999
      vertex -13.144602681800444 4.653064049080383 41.99999999999999
      vertex -11.496654071048187 6.807850463037045 41.99999999999999
    endloop
  endfacet
  facet normal 0 0 1
    outer loop
      vertex -13.809171175742978 5.008283309694715 41.99999999999999
      vertex -12.056087364203131 7.014236301025596 41.99999999999999
      vertex -12.165836160407888 7.067468287866209 41.99999999999999
    endloop
  endfacet
  facet normal 0 0 1
    outer loop
      vertex -13.592356307141415 4.881205916295001 41.99999999999999
      vertex -11.919377404548246 6.954438138018016 41.99999999999999
      vertex -12.056087364203131 7.014236301025596 41.99999999999999
    endloop
  endfacet
  facet normal 0 0 1
    outer loop
      vertex -14.156887853483651 8.470529144485871 42
      vertex -13.8628924352556 8.764524562713921 42
      vertex -14.068562711842521 8.621226317813155 42
    endloop
  endfacet
  facet normal 0 0 1
    outer loop
      vertex -14.068562711842521 8.621226317813155 42
      vertex -14.030307438066345 9.14993554466643 42
      vertex -14.079195123482489 9.290915782936104 42
    endloop
  endfacet
  facet normal 0 0 1
    outer loop
      vertex -14.068562711842521 8.621226317813155 42
      vertex -14.079195123482489 9.290915782936104 42
      vertex -14.122510260084763 9.43370665207362 42
    endloop
  endfacet
  facet normal 0 0 1
    outer loop
      vertex -14.068562711842521 8.621226317813155 42
      vertex -14.122510260084763 9.43370665207362 42
      vertex -14.160186059072075 9.578087978908464 42
    endloop
  endfacet
  facet normal 0 0 1
    outer loop
      vertex -14.068562711842521 8.621226317813155 42
      vertex -14.160186059072075 9.578087978908464 42
      vertex -14.19216442709318 9.723837137899617 42
    endloop
  endfacet
  facet normal 0 0 1
    outer loop
      vertex -14.068562711842521 8.621226317813155 42
      vertex -13.916124422096214 8.874273358918678 42
      vertex -13.975922585103795 9.010983318573565 42
    endloop
  endfacet
  facet normal 0 0 1
    outer loop
      vertex -14.068562711842521 8.621226317813155 42
      vertex -13.8628924352556 8.764524562713921 42
      vertex -13.9120086704671 8.865787882167165 42
    endloop
  endfacet
  facet normal 0 0 1
    outer loop
      vertex -14.068562711842521 8.621226317813155 42
      vertex -13.9120086704671 8.865787882167165 42
      vertex -13.916124422096214 8.874273358918678 42
    endloop
  endfacet
  facet normal 0 0 1
    outer loop
      vertex -14.068562711842521 8.621226317813155 42
      vertex -13.975922585103795 9.010983318573565 42
      vertex -14.030307438066345 9.14993554466643 42
    endloop
  endfacet
  facet normal 0 0 1
    outer loop
      vertex -14.068562711842521 8.621226317813155 42
      vertex -14.19216442709318 9.723837137899617 42
      vertex -14.218396055822426 9.870729394408025 42
    endloop
  endfacet
  facet normal 0 0 1
    outer loop
      vertex -14.068562711842521 8.621226317813155 42
      vertex -14.218396055822426 9.870729394408025 42
      vertex -14.238840497989624 10.01853825122112 42
    endloop
  endfacet
  facet normal 0 0 1
    outer loop
      vertex -13.144602681800444 4.653064049080383 41.99999999999999
      vertex -12.91435432869748 4.552351353488669 41.99999999999999
      vertex -11.206523585222191 6.738196296028628 41.99999999999999
    endloop
  endfacet
  facet normal 0 0 1
    outer loop
      vertex -12.91435432869748 4.552351353488669 41.99999999999999
      vertex -12.680329526856859 4.460755811657005 41.99999999999999
      vertex -10.911822471900688 6.691520225132185 41.99999999999999
    endloop
  endfacet
  facet normal 0 0 1
    outer loop
      vertex -12.680329526856859 4.460755811657005 41.99999999999999
      vertex -12.44288912556057 4.378418657271921 41.99999999999999
      vertex -10.614367661445367 6.668110023846158 41.99999999999999
    endloop
  endfacet
  facet normal 0 0 1
    outer loop
      vertex -13.592356307141415 4.881205916295001 41.99999999999999
      vertex -11.780425178455378 6.900053285055464 41.99999999999999
      vertex -11.919377404548246 6.954438138018016 41.99999999999999
    endloop
  endfacet
  facet normal 0 0 1
    outer loop
      vertex -13.592356307141415 4.881205916295001 41.99999999999999
      vertex -11.639444940185705 6.8511655996393195 41.99999999999999
      vertex -11.780425178455378 6.900053285055464 41.99999999999999
    endloop
  endfacet
  facet normal 0 0 1
    outer loop
      vertex -13.370719559894004 4.7627386067553505 41.99999999999999
      vertex -11.496654071048187 6.807850463037045 41.99999999999999
      vertex -11.639444940185705 6.8511655996393195 41.99999999999999
    endloop
  endfacet
  facet normal 0 0 1
    outer loop
      vertex -13.144602681800444 4.653064049080383 41.99999999999999
      vertex -11.352272744213344 6.770174664049733 41.99999999999999
      vertex -11.496654071048187 6.807850463037045 41.99999999999999
    endloop
  endfacet
  facet normal 0 0 1
    outer loop
      vertex -13.144602681800444 4.653064049080383 41.99999999999999
      vertex -11.206523585222191 6.738196296028628 41.99999999999999
      vertex -11.352272744213344 6.770174664049733 41.99999999999999
    endloop
  endfacet
  facet normal 0 0 1
    outer loop
      vertex -12.44288912556057 4.378418657271921 41.99999999999999
      vertex -12.20239924069738 4.305466848257561 41.99999999999999
      vertex -10.167035797795092 6.676894493375017 41.99999999999999
    endloop
  endfacet
  facet normal 0 0 1
    outer loop
      vertex -11.959230690238698 4.242012871015773 41.99999999999999
      vertex -10.01853825122112 6.691520225132184 41.99999999999999
      vertex -12.20239924069738 4.305466848257561 41.99999999999999
    endloop
  endfacet
  facet normal 0 0 1
    outer loop
      vertex -12.91435432869748 4.552351353488669 41.99999999999999
      vertex -11.059631328713783 6.711964667299382 41.99999999999999
      vertex -11.206523585222191 6.738196296028628 41.99999999999999
    endloop
  endfacet
  facet normal 0 0 1
    outer loop
      vertex -12.91435432869748 4.552351353488669 41.99999999999999
      vertex -10.911822471900688 6.691520225132185 41.99999999999999
      vertex -11.059631328713783 6.711964667299382 41.99999999999999
    endloop
  endfacet
  facet normal 0 0 1
    outer loop
      vertex -12.680329526856859 4.460755811657005 41.99999999999999
      vertex -10.763324925326716 6.676894493375018 41.99999999999999
      vertex -10.911822471900688 6.691520225132185 41.99999999999999
    endloop
  endfacet
  facet normal 0 0 1
    outer loop
      vertex -12.680329526856859 4.460755811657005 41.99999999999999
      vertex -10.614367661445367 6.668110023846158 41.99999999999999
      vertex -10.763324925326716 6.676894493375018 41.99999999999999
    endloop
  endfacet
  facet normal 0 0 1
    outer loop
      vertex -11.959230690238698 4.242012871015773 41.99999999999999
      vertex -11.713758422464126 4.188154566980229 41.99999999999999
      vertex -9.578087978908464 6.770174664049733 41.99999999999999
    endloop
  endfacet
  facet normal 0 0 1
    outer loop
      vertex -11.713758422464126 4.188154566980229 41.99999999999999
      vertex -11.466360937818383 4.143974981752022 41.99999999999999
      vertex -9.010983318573563 6.9544381380180145 41.99999999999999
    endloop
  endfacet
  facet normal 0 0 1
    outer loop
      vertex -12.44288912556057 4.378418657271921 41.99999999999999
      vertex -10.465180361560904 6.665180361560903 41.99999999999999
      vertex -10.614367661445367 6.668110023846158 41.99999999999999
    endloop
  endfacet
  facet normal 0 0 1
    outer loop
      vertex -12.44288912556057 4.378418657271921 41.99999999999999
      vertex -10.315993061676444 6.6681100238461575 41.99999999999999
      vertex -10.465180361560904 6.665180361560903 41.99999999999999
    endloop
  endfacet
  facet normal 0 0 1
    outer loop
      vertex -12.44288912556057 4.378418657271921 41.99999999999999
      vertex -10.167035797795092 6.676894493375017 41.99999999999999
      vertex -10.315993061676444 6.6681100238461575 41.99999999999999
    endloop
  endfacet
  facet normal 0 0 1
    outer loop
      vertex -12.20239924069738 4.305466848257561 41.99999999999999
      vertex -10.01853825122112 6.691520225132184 41.99999999999999
      vertex -10.167035797795092 6.676894493375017 41.99999999999999
    endloop
  endfacet
  facet normal 0 0 1
    outer loop
      vertex -11.959230690238698 4.242012871015773 41.99999999999999
      vertex -9.870729394408029 6.711964667299382 41.99999999999999
      vertex -10.01853825122112 6.691520225132184 41.99999999999999
    endloop
  endfacet
  facet normal 0 0 1
    outer loop
      vertex -10.967318574219112 4.084909425668885 41.99999999999999
      vertex -10.32306367136139 4.596124066756543 41.99999999999999
      vertex -9.141892036436907 6.641973350904947 41.99999999999999
    endloop
  endfacet
  facet normal 0 0 1
    outer loop
      vertex -11.959230690238698 4.242012871015773 41.99999999999999
      vertex -9.723837137899617 6.738196296028628 41.99999999999999
      vertex -9.870729394408029 6.711964667299382 41.99999999999999
    endloop
  endfacet
  facet normal 0 0 1
    outer loop
      vertex -11.959230690238698 4.242012871015773 41.99999999999999
      vertex -9.578087978908464 6.770174664049733 41.99999999999999
      vertex -9.723837137899617 6.738196296028628 41.99999999999999
    endloop
  endfacet
  facet normal 0 0 1
    outer loop
      vertex -11.713758422464126 4.188154566980229 41.99999999999999
      vertex -9.433706652073623 6.807850463037044 41.99999999999999
      vertex -9.578087978908464 6.770174664049733 41.99999999999999
    endloop
  endfacet
  facet normal 0 0 1
    outer loop
      vertex -11.713758422464126 4.188154566980229 41.99999999999999
      vertex -9.290915782936104 6.8511655996393195 41.99999999999999
      vertex -9.433706652073623 6.807850463037044 41.99999999999999
    endloop
  endfacet
  facet normal 0 0 1
    outer loop
      vertex -11.713758422464126 4.188154566980229 41.99999999999999
      vertex -9.149935544666432 6.900053285055465 41.99999999999999
      vertex -9.290915782936104 6.8511655996393195 41.99999999999999
    endloop
  endfacet
  facet normal -0.8627343859777901 0.5056573733779876 0
    outer loop
      vertex -17.449920141455944 9.772424829939098 42
      vertex -17.052803287081844 10.449971294318976 42
      vertex -17.449920141455944 9.772424829939098 40.5
    endloop
  endfacet
  facet normal -0.8422172337162876 0.5391383229109983 0
    outer loop
      vertex -17.052803287081844 10.449971294318976 42
      vertex -16.85801608032475 10.754258961262224 41.99999999999999
      vertex -17.052803287081844 10.449971294318976 40.5
    endloop
  endfacet
  facet normal -0.8422172337162842 0.5391383229110038 -1.570869760245407e-15
    outer loop
      vertex -16.85801608032475 10.754258961262224 41.99999999999999
      vertex -16.629392246050894 11.111404660392056 41.99999999999999
      vertex -17.052803287081844 10.449971294318976 40.5
    endloop
  endfacet
  facet normal -0.8204014435255155 0.5717879602276096 0
    outer loop
      vertex -16.629392246050894 11.111404660392056 41.99999999999999
      vertex -16.18033988749893 11.755705045849488 41.99999999999999
      vertex -16.629392246050894 11.111404660392056 40.5
    endloop
  endfacet
  facet normal -0.7973206537727059 0.6035559419535732 -2.1442614508997905e-15
    outer loop
      vertex -16.18033988749893 11.755705045849488 41.99999999999999
      vertex -15.706338617614898 12.38187898619668 41.99999999999999
      vertex -16.18033988749893 11.755705045849483 40.5
    endloop
  endfacet
  facet normal -0.7730104533627373 0.6343932841636449 0
    outer loop
      vertex -15.706338617614898 12.38187898619668 41.99999999999999
      vertex -15.208119312000619 12.988960966603674 42
      vertex -15.706338617614898 12.38187898619668 40.5
    endloop
  endfacet
  facet normal -0.7475083268625955 0.6642524379112832 0
    outer loop
      vertex -15.208119312000619 12.988960966603674 42
      vertex -14.68645018871371 13.576014910658834 41.99999999999999
      vertex -15.208119312000619 12.988960966603674 40.5
    endloop
  endfacet
  facet normal 0.9951847266721964 0.09801714032956603 0
    outer loop
      vertex -14.238840497989624 10.01853825122112 42
      vertex -14.253466229746792 10.167035797795094 40.5
      vertex -14.253466229746792 10.167035797795094 42
    endloop
  endfacet
  facet normal 0.9982656101847153 0.05887080365119925 0
    outer loop
      vertex -14.253466229746792 10.167035797795094 42
      vertex -14.262250699275654 10.315993061676444 40.5
      vertex -14.262250699275654 10.315993061676444 42
    endloop
  endfacet
  facet normal 0.9998072404820654 0.019633692460601686 0
    outer loop
      vertex -14.262250699275654 10.315993061676444 42
      vertex -14.265180361560903 10.465180361560902 40.5
      vertex -14.265180361560903 10.465180361560902 42
    endloop
  endfacet
  facet normal 0.9998072404820649 -0.019633692460625022 0
    outer loop
      vertex -14.265180361560903 10.465180361560902 42
      vertex -14.26225069927565 10.614367661445364 40.5
      vertex -14.26225069927565 10.614367661445364 42
    endloop
  endfacet
  facet normal 0.998265610184716 -0.05887080365118668 0
    outer loop
      vertex -14.26225069927565 10.614367661445364 42
      vertex -14.25346622974679 10.763324925326716 40.5
      vertex -14.25346622974679 10.763324925326716 42
    endloop
  endfacet
  facet normal 0.9951847266721975 -0.0980171403295554 0
    outer loop
      vertex -14.25346622974679 10.763324925326716 42
      vertex -14.238840497989624 10.911822471900688 40.5
      vertex -14.238840497989624 10.911822471900688 42
    endloop
  endfacet
  facet normal 0.990569340443577 -0.13701234168196916 0
    outer loop
      vertex -14.238840497989624 10.911822471900688 42
      vertex -14.218396055822428 11.059631328713781 40.5
      vertex -14.218396055822428 11.059631328713781 42
    endloop
  endfacet
  facet normal 0.9844265680898919 -0.17579627993435293 0
    outer loop
      vertex -14.218396055822428 11.059631328713781 42
      vertex -14.19216442709318 11.206523585222191 40.5
      vertex -14.19216442709318 11.206523585222191 42
    endloop
  endfacet
  facet normal 0.9767658813208709 -0.2143091530650575 0
    outer loop
      vertex -14.19216442709318 11.206523585222191 42
      vertex -14.160186059072075 11.352272744213344 40.5
      vertex -14.160186059072075 11.352272744213344 42
    endloop
  endfacet
  facet normal 0.9675990923602651 -0.25249157701513736 0
    outer loop
      vertex -14.160186059072075 11.352272744213344 42
      vertex -14.122510260084766 11.496654071048187 40.5
      vertex -14.122510260084766 11.496654071048187 41.99999999999999
    endloop
  endfacet
  facet normal 0.9569403357322055 -0.2902846772544736 0
    outer loop
      vertex -14.122510260084766 11.496654071048187 41.99999999999999
      vertex -14.079195123482489 11.639444940185705 40.5
      vertex -14.079195123482489 11.639444940185705 41.99999999999999
    endloop
  endfacet
  facet normal 0.9448060464668778 -0.3276301795616939 0
    outer loop
      vertex -14.079195123482489 11.639444940185705 41.99999999999999
      vertex -14.030307438066345 11.780425178455378 40.5
      vertex -14.030307438066345 11.780425178455378 41.99999999999999
    endloop
  endfacet
  facet normal 0.9312149347588006 -0.36447049987915764 0
    outer loop
      vertex -14.030307438066345 11.780425178455378 41.99999999999999
      vertex -13.975922585103794 11.919377404548245 40.5
      vertex -13.975922585103794 11.919377404548245 41.99999999999999
    endloop
  endfacet
  facet normal 0.9161879571171417 -0.40074883310312753 0
    outer loop
      vertex -13.975922585103794 11.919377404548245 41.99999999999999
      vertex -13.916124422096214 12.056087364203133 40.5
      vertex -13.916124422096214 12.056087364203133 42
    endloop
  endfacet
  facet normal 0.8997482840522193 -0.43640924067334663 0
    outer loop
      vertex -13.916124422096214 12.056087364203133 42
      vertex -13.851005153476702 12.190344260571184 40.5
      vertex -13.851005153476702 12.190344260571184 41.99999999999999
    endloop
  endfacet
  facet normal 0.8819212643483516 -0.471396736826004 0
    outer loop
      vertex -13.851005153476702 12.190344260571184 41.99999999999999
      vertex -13.780665188437533 12.321941079249333 40.5
      vertex -13.780665188437533 12.321941079249333 41.99999999999999
    endloop
  endfacet
  facet normal 0.862734385977795 -0.5056573733779793 0
    outer loop
      vertex -13.780665188437533 12.321941079249333 41.99999999999999
      vertex -13.705212986106455 12.450674907481512 40.5
      vertex -13.705212986106455 12.450674907481512 42
    endloop
  endfacet
  facet normal -0.72085359670292 0.6930873625456346 0
    outer loop
      vertex -14.68645018871371 13.576014910658834 41.99999999999999
      vertex -14.142135623730951 14.142135623730951 41.99999999999999
      vertex -14.68645018871371 13.576014910658834 40.5
    endloop
  endfacet
  facet normal -0.6930873625456346 0.72085359670292 0
    outer loop
      vertex -14.142135623730951 14.142135623730951 41.99999999999999
      vertex -13.576014910658834 14.68645018871371 42
      vertex -14.142135623730951 14.142135623730951 40.5
    endloop
  endfacet
  facet normal 0.8422172337162843 -0.5391383229110037 0
    outer loop
      vertex -13.705212986106455 12.450674907481512 42
      vertex -13.624764888310576 12.576347247035393 40.5
      vertex -13.624764888310576 12.576347247035393 42
    endloop
  endfacet
  facet normal 0.8204014435255131 -0.5717879602276129 0
    outer loop
      vertex -13.624764888310576 12.576347247035393 42
      vertex -13.539444940185705 12.698764320272302 40.5
      vertex -13.539444940185705 12.698764320272302 42
    endloop
  endfacet
  facet normal 0.7973206537727117 -0.6035559419535654 0
    outer loop
      vertex -13.539444940185705 12.698764320272302 42
      vertex -13.449384698907735 12.817737368938275 40.5
      vertex -13.449384698907735 12.817737368938275 42
    endloop
  endfacet
  facet normal 0.7730104533627227 -0.6343932841636629 0
    outer loop
      vertex -13.449384698907735 12.817737368938275 42
      vertex -13.35472303084102 12.9330829452156 40.5
      vertex -13.35472303084102 12.9330829452156 42
    endloop
  endfacet
  facet normal 0.7475083268626063 -0.6642524379112711 0
    outer loop
      vertex -13.35472303084102 12.9330829452156 42
      vertex -13.25560589741651 13.044623194586082 40.5
      vertex -13.25560589741651 13.044623194586082 42
    endloop
  endfacet
  facet normal 0.7208535967029295 -0.6930873625456249 0
    outer loop
      vertex -13.25560589741651 13.044623194586082 42
      vertex -13.152186130069786 13.152186130069786 40.5
      vertex -13.152186130069786 13.152186130069786 42
    endloop
  endfacet
  facet normal 0.693087362545625 -0.7208535967029294 0
    outer loop
      vertex -13.152186130069786 13.152186130069786 42
      vertex -13.044623194586082 13.25560589741651 40.5
      vertex -13.044623194586082 13.25560589741651 41.99999999999999
    endloop
  endfacet
  facet normal 0.6642524379112712 -0.7475083268626063 0
    outer loop
      vertex -13.044623194586082 13.25560589741651 41.99999999999999
      vertex -12.9330829452156 13.35472303084102 40.5
      vertex -12.9330829452156 13.35472303084102 41.99999999999999
    endloop
  endfacet
  facet normal 0.6343932841636629 -0.7730104533627226 0
    outer loop
      vertex -12.9330829452156 13.35472303084102 41.99999999999999
      vertex -12.817737368938275 13.449384698907735 40.5
      vertex -12.817737368938275 13.449384698907735 41.99999999999999
    endloop
  endfacet
  facet normal 0.6035559419535654 -0.7973206537727118 0
    outer loop
      vertex -12.817737368938275 13.449384698907735 41.99999999999999
      vertex -12.698764320272302 13.539444940185705 40.5
      vertex -12.698764320272302 13.539444940185705 41.99999999999999
    endloop
  endfacet
  facet normal 0.5717879602276129 -0.8204014435255133 0
    outer loop
      vertex -12.698764320272302 13.539444940185705 41.99999999999999
      vertex -12.576347247035393 13.624764888310576 40.5
      vertex -12.576347247035393 13.624764888310576 41.99999999999999
    endloop
  endfacet
  facet normal 0.5391383229110037 -0.8422172337162843 0
    outer loop
      vertex -12.576347247035393 13.624764888310576 41.99999999999999
      vertex -12.450674907481512 13.705212986106455 40.5
      vertex -12.450674907481512 13.705212986106455 42
    endloop
  endfacet
  facet normal -0.6642524379112832 0.7475083268625955 0
    outer loop
      vertex -13.576014910658834 14.68645018871371 42
      vertex -12.988960966603674 15.208119312000619 41.99999999999999
      vertex -13.576014910658834 14.68645018871371 40.5
    endloop
  endfacet
  facet normal 0.5056573733779793 -0.862734385977795 0
    outer loop
      vertex -12.450674907481512 13.705212986106455 42
      vertex -12.321941079249333 13.780665188437533 40.5
      vertex -12.321941079249333 13.780665188437533 41.99999999999999
    endloop
  endfacet
  facet normal 0.471396736826004 -0.8819212643483516 0
    outer loop
      vertex -12.321941079249333 13.780665188437533 41.99999999999999
      vertex -12.190344260571184 13.851005153476702 40.5
      vertex -12.190344260571184 13.851005153476702 41.99999999999999
    endloop
  endfacet
  facet normal 0.43640924067334663 -0.8997482840522193 0
    outer loop
      vertex -12.190344260571184 13.851005153476702 41.99999999999999
      vertex -12.056087364203133 13.916124422096214 40.5
      vertex -12.056087364203133 13.916124422096214 41.99999999999999
    endloop
  endfacet
  facet normal 0.40074883310312753 -0.9161879571171417 0
    outer loop
      vertex -12.056087364203133 13.916124422096214 41.99999999999999
      vertex -11.919377404548245 13.975922585103794 40.5
      vertex -11.919377404548245 13.975922585103794 42
    endloop
  endfacet
  facet normal 0.36447049987915764 -0.9312149347588005 0
    outer loop
      vertex -11.919377404548245 13.975922585103794 42
      vertex -11.780425178455378 14.030307438066345 40.5
      vertex -11.780425178455378 14.030307438066345 42
    endloop
  endfacet
  facet normal 0.3276301795616939 -0.9448060464668778 0
    outer loop
      vertex -11.780425178455378 14.030307438066345 42
      vertex -11.639444940185705 14.079195123482489 40.5
      vertex -11.639444940185705 14.079195123482489 41.99999999999999
    endloop
  endfacet
  facet normal 0.2902846772544736 -0.9569403357322055 0
    outer loop
      vertex -11.639444940185705 14.079195123482489 41.99999999999999
      vertex -11.496654071048187 14.122510260084766 40.5
      vertex -11.496654071048187 14.122510260084766 41.99999999999999
    endloop
  endfacet
  facet normal 0.25249157701513736 -0.9675990923602651 0
    outer loop
      vertex -11.496654071048187 14.122510260084766 41.99999999999999
      vertex -11.352272744213344 14.160186059072075 40.5
      vertex -11.352272744213344 14.160186059072075 41.99999999999999
    endloop
  endfacet
  facet normal 0.2143091530650575 -0.9767658813208709 0
    outer loop
      vertex -11.352272744213344 14.160186059072075 41.99999999999999
      vertex -11.206523585222191 14.19216442709318 40.5
      vertex -11.206523585222191 14.19216442709318 42
    endloop
  endfacet
  facet normal 0.17579627993435293 -0.9844265680898919 0
    outer loop
      vertex -11.206523585222191 14.19216442709318 42
      vertex -11.059631328713781 14.218396055822428 40.5
      vertex -11.059631328713781 14.218396055822428 42
    endloop
  endfacet
  facet normal 0.13701234168196916 -0.990569340443577 0
    outer loop
      vertex -11.059631328713781 14.218396055822428 42
      vertex -10.911822471900688 14.238840497989624 40.5
      vertex -10.911822471900688 14.238840497989624 42
    endloop
  endfacet
  facet normal 0.09801714032955539 -0.9951847266721973 0
    outer loop
      vertex -10.911822471900688 14.238840497989624 42
      vertex -10.763324925326716 14.25346622974679 40.5
      vertex -10.763324925326716 14.25346622974679 41.99999999999999
    endloop
  endfacet
  facet normal 0.05887080365118668 -0.998265610184716 0
    outer loop
      vertex -10.763324925326716 14.25346622974679 41.99999999999999
      vertex -10.614367661445364 14.26225069927565 40.5
      vertex -10.614367661445364 14.26225069927565 42
    endloop
  endfacet
  facet normal 0.019633692460625022 -0.9998072404820649 0
    outer loop
      vertex -10.614367661445364 14.26225069927565 42
      vertex -10.465180361560902 14.265180361560903 40.5
      vertex -10.465180361560902 14.265180361560903 42
    endloop
  endfacet
  facet normal -0.019633692460601686 -0.9998072404820654 0
    outer loop
      vertex -10.465180361560902 14.265180361560903 42
      vertex -10.315993061676444 14.262250699275654 40.5
      vertex -10.315993061676444 14.262250699275654 42
    endloop
  endfacet
  facet normal -0.05887080365119925 -0.9982656101847153 0
    outer loop
      vertex -10.315993061676444 14.262250699275654 42
      vertex -10.167035797795094 14.253466229746792 40.5
      vertex -10.167035797795094 14.253466229746792 42
    endloop
  endfacet
  facet normal -0.09801714032956603 -0.9951847266721964 0
    outer loop
      vertex -10.167035797795094 14.253466229746792 42
      vertex -10.01853825122112 14.238840497989624 40.5
      vertex -10.01853825122112 14.238840497989624 42
    endloop
  endfacet
  facet normal -0.6343932841636438 0.7730104533627383 0
    outer loop
      vertex -12.988960966603674 15.208119312000619 41.99999999999999
      vertex -12.381878986196678 15.706338617614898 41.99999999999999
      vertex -12.988960966603674 15.208119312000619 40.5
    endloop
  endfacet
  facet normal -0.6035559419535734 0.7973206537727058 0
    outer loop
      vertex -12.381878986196678 15.706338617614898 41.99999999999999
      vertex -11.755705045849464 16.18033988749895 41.99999999999999
      vertex -12.381878986196678 15.706338617614898 40.5
    endloop
  endfacet
  facet normal -0.5717879602276109 0.8204014435255145 6.771329692246933e-16
    outer loop
      vertex -11.755705045849464 16.18033988749895 41.99999999999999
      vertex -11.111404660392044 16.629392246050905 41.99999999999999
      vertex -11.755705045849465 16.18033988749895 40.5
    endloop
  endfacet
  facet normal -0.5391383229110015 0.8422172337162858 0
    outer loop
      vertex -11.111404660392044 16.629392246050905 41.99999999999999
      vertex -10.75425896126222 16.858016080324752 41.99999999999999
      vertex -11.111404660392044 16.629392246050905 40.5
    endloop
  endfacet
  facet normal -0.5391383229109958 0.8422172337162893 -1.8949618759357965e-15
    outer loop
      vertex -10.75425896126222 16.858016080324752 41.99999999999999
      vertex -10.449971294318976 17.052803287081844 42
      vertex -11.111404660392044 16.629392246050905 40.5
    endloop
  endfacet
  facet normal -0.5056573733779876 0.8627343859777901 0
    outer loop
      vertex -10.449971294318976 17.052803287081844 42
      vertex -9.772424829939098 17.449920141455944 42
      vertex -10.449971294318976 17.052803287081844 40.5
    endloop
  endfacet
  facet normal -1.7067886537466796e-15 1.0925864913546745e-15 1
    outer loop
      vertex -16.85801608032475 10.754258961262224 41.99999999999999
      vertex -14.156887853483651 8.470529144485871 42
      vertex -16.629392246050894 11.111404660392056 41.99999999999999
    endloop
  endfacet
  facet normal -1.6474091366650523e-15 1.1481802199982858e-15 1
    outer loop
      vertex -16.629392246050894 11.111404660392056 41.99999999999999
      vertex -14.156887853483651 8.470529144485871 42
      vertex -16.18033988749893 11.755705045849488 41.99999999999999
    endloop
  endfacet
  facet normal -1.5753901751562238e-15 1.1925391580059034e-15 1
    outer loop
      vertex -16.18033988749893 11.755705045849488 41.99999999999999
      vertex -14.156887853483651 8.470529144485871 42
      vertex -15.706338617614898 12.38187898619668 41.99999999999999
    endloop
  endfacet
  facet normal -1.1111616325319717e-14 -2.5851625289483584e-15 1
    outer loop
      vertex -15.706338617614898 12.38187898619668 41.99999999999999
      vertex -14.156887853483651 8.470529144485871 42
      vertex -15.208119312000619 12.988960966603674 42
    endloop
  endfacet
  facet normal -2.0174758017855e-15 1.1824630284421823e-15 1
    outer loop
      vertex -14.156887853483651 8.470529144485871 42
      vertex -14.068562711842521 8.621226317813155 42
      vertex -14.68645018871371 13.576014910658834 41.99999999999999
    endloop
  endfacet
  facet normal -5.042121631917492e-13 -6.144378276891608e-14 1
    outer loop
      vertex -14.068562711842521 8.621226317813155 42
      vertex -14.238840497989624 10.01853825122112 42
      vertex -14.68645018871371 13.576014910658834 41.99999999999999
    endloop
  endfacet
  facet normal 1.0794427150178409e-14 2.511367183054812e-15 1
    outer loop
      vertex -15.208119312000619 12.988960966603674 42
      vertex -14.156887853483651 8.470529144485871 42
      vertex -14.68645018871371 13.576014910658834 41.99999999999999
    endloop
  endfacet
  facet normal -7.307943470111894e-14 -7.197696080261855e-15 1
    outer loop
      vertex -14.238840497989624 10.01853825122112 42
      vertex -14.253466229746792 10.167035797795094 42
      vertex -14.68645018871371 13.576014910658834 41.99999999999999
    endloop
  endfacet
  facet normal -3.0633980215578464e-14 -1.806580348883639e-15 1
    outer loop
      vertex -14.253466229746792 10.167035797795094 42
      vertex -14.262250699275654 10.315993061676444 42
      vertex -14.68645018871371 13.576014910658834 41.99999999999999
    endloop
  endfacet
  facet normal -1.9727386144110444e-14 -3.8739610689181364e-16 1
    outer loop
      vertex -14.262250699275654 10.315993061676444 42
      vertex -14.265180361560903 10.465180361560902 42
      vertex -14.68645018871371 13.576014910658834 41.99999999999999
    endloop
  endfacet
  facet normal -1.4730585982872387e-14 2.8927155479796536e-16 1
    outer loop
      vertex -14.265180361560903 10.465180361560902 42
      vertex -14.26225069927565 10.614367661445364 42
      vertex -14.68645018871371 13.576014910658834 41.99999999999999
    endloop
  endfacet
  facet normal -1.1864982367756563e-14 6.997146252165696e-16 1
    outer loop
      vertex -14.26225069927565 10.614367661445364 42
      vertex -14.25346622974679 10.763324925326716 42
      vertex -14.68645018871371 13.576014910658834 41.99999999999999
    endloop
  endfacet
  facet normal -1.0007506839653602e-14 9.856533927438503e-16 1
    outer loop
      vertex -14.25346622974679 10.763324925326716 42
      vertex -14.238840497989624 10.911822471900688 42
      vertex -14.68645018871371 13.576014910658834 41.99999999999999
    endloop
  endfacet
  facet normal -8.706434892324962e-15 1.2042458650747966e-15 1
    outer loop
      vertex -14.238840497989624 10.911822471900688 42
      vertex -14.218396055822428 11.059631328713781 42
      vertex -14.68645018871371 13.576014910658834 41.99999999999999
    endloop
  endfacet
  facet normal -7.7449830877987e-15 1.383078493738054e-15 1
    outer loop
      vertex -14.218396055822428 11.059631328713781 42
      vertex -14.19216442709318 11.206523585222191 42
      vertex -14.68645018871371 13.576014910658834 41.99999999999999
    endloop
  endfacet
  facet normal -7.006160868503484e-15 1.537199886564513e-15 1
    outer loop
      vertex -14.19216442709318 11.206523585222191 42
      vertex -14.160186059072075 11.352272744213344 42
      vertex -14.68645018871371 13.576014910658834 41.99999999999999
    endloop
  endfacet
  facet normal 9.247859092312873e-14 2.5080961885701312e-14 1
    outer loop
      vertex -14.160186059072075 11.352272744213344 42
      vertex -14.122510260084766 11.496654071048187 41.99999999999999
      vertex -14.68645018871371 13.576014910658834 41.99999999999999
    endloop
  endfacet
  facet normal 0 0 1
    outer loop
      vertex -14.122510260084766 11.496654071048187 41.99999999999999
      vertex -14.079195123482489 11.639444940185705 41.99999999999999
      vertex -14.68645018871371 13.576014910658834 41.99999999999999
    endloop
  endfacet
  facet normal 0 0 1
    outer loop
      vertex -14.079195123482489 11.639444940185705 41.99999999999999
      vertex -14.030307438066345 11.780425178455378 41.99999999999999
      vertex -14.142135623730951 14.142135623730951 41.99999999999999
    endloop
  endfacet
  facet normal 0 0 1
    outer loop
      vertex -14.030307438066345 11.780425178455378 41.99999999999999
      vertex -13.975922585103794 11.919377404548245 41.99999999999999
      vertex -14.142135623730951 14.142135623730951 41.99999999999999
    endloop
  endfacet
  facet normal -1.014756083881848e-13 -7.5881259019442e-15 1
    outer loop
      vertex -13.975922585103794 11.919377404548245 41.99999999999999
      vertex -13.916124422096214 12.056087364203133 42
      vertex -14.142135623730951 14.142135623730951 41.99999999999999
    endloop
  endfacet
  facet normal 8.345079320845998e-14 1.2447574637556336e-14 1
    outer loop
      vertex -13.916124422096214 12.056087364203133 42
      vertex -13.851005153476702 12.190344260571184 41.99999999999999
      vertex -14.142135623730951 14.142135623730951 41.99999999999999
    endloop
  endfacet
  facet normal 0 0 1
    outer loop
      vertex -13.851005153476702 12.190344260571184 41.99999999999999
      vertex -13.780665188437533 12.321941079249333 41.99999999999999
      vertex -14.142135623730951 14.142135623730951 41.99999999999999
    endloop
  endfacet
  facet normal -7.033870952849092e-14 -1.3968487065475689e-14 1
    outer loop
      vertex -13.780665188437533 12.321941079249333 41.99999999999999
      vertex -13.705212986106455 12.450674907481512 42
      vertex -14.142135623730951 14.142135623730951 41.99999999999999
    endloop
  endfacet
  facet normal -4.675555056941954e-15 2.9930174914075834e-15 1
    outer loop
      vertex -13.705212986106455 12.450674907481512 42
      vertex -13.624764888310576 12.576347247035393 42
      vertex -14.142135623730951 14.142135623730951 41.99999999999999
    endloop
  endfacet
  facet normal 0 0 1
    outer loop
      vertex -14.079195123482489 11.639444940185705 41.99999999999999
      vertex -14.142135623730951 14.142135623730951 41.99999999999999
      vertex -14.68645018871371 13.576014910658834 41.99999999999999
    endloop
  endfacet
  facet normal -4.416972936645773e-15 3.078458681120927e-15 1
    outer loop
      vertex -13.624764888310576 12.576347247035393 42
      vertex -13.539444940185705 12.698764320272302 42
      vertex -14.142135623730951 14.142135623730951 41.99999999999999
    endloop
  endfacet
  facet normal -4.191265138900843e-15 3.1727046915400214e-15 1
    outer loop
      vertex -13.539444940185705 12.698764320272302 42
      vertex -13.449384698907735 12.817737368938275 42
      vertex -14.142135623730951 14.142135623730951 41.99999999999999
    endloop
  endfacet
  facet normal 0 0 1
    outer loop
      vertex -13.449384698907735 12.817737368938275 42
      vertex -13.35472303084102 12.9330829452156 42
      vertex -13.576014910658834 14.68645018871371 42
    endloop
  endfacet
  facet normal 0 0 1
    outer loop
      vertex -13.35472303084102 12.9330829452156 42
      vertex -13.25560589741651 13.044623194586082 42
      vertex -13.576014910658834 14.68645018871371 42
    endloop
  endfacet
  facet normal 0 0 1
    outer loop
      vertex -13.576014910658834 14.68645018871371 42
      vertex -13.25560589741651 13.044623194586082 42
      vertex -13.152186130069786 13.152186130069786 42
    endloop
  endfacet
  facet normal 5.21951831428162e-14 1.441852248275596e-14 1
    outer loop
      vertex -13.576014910658834 14.68645018871371 42
      vertex -13.152186130069786 13.152186130069786 42
      vertex -13.044623194586082 13.25560589741651 41.99999999999999
    endloop
  endfacet
  facet normal -1.178335838549567e-14 -7.984796549283124e-16 1
    outer loop
      vertex -13.449384698907735 12.817737368938275 42
      vertex -13.576014910658834 14.68645018871371 42
      vertex -14.142135623730951 14.142135623730951 41.99999999999999
    endloop
  endfacet
  facet normal 3.3178516302504047e-15 -3.733703603264966e-15 1
    outer loop
      vertex -13.576014910658834 14.68645018871371 42
      vertex -13.044623194586082 13.25560589741651 41.99999999999999
      vertex -12.9330829452156 13.35472303084102 41.99999999999999
    endloop
  endfacet
  facet normal 1.1787728271515021e-14 3.5538807278732986e-16 1
    outer loop
      vertex -13.576014910658834 14.68645018871371 42
      vertex -12.9330829452156 13.35472303084102 41.99999999999999
      vertex -12.988960966603674 15.208119312000619 41.99999999999999
    endloop
  endfacet
  facet normal 0 0 1
    outer loop
      vertex -12.9330829452156 13.35472303084102 41.99999999999999
      vertex -12.817737368938275 13.449384698907735 41.99999999999999
      vertex -12.988960966603674 15.208119312000619 41.99999999999999
    endloop
  endfacet
  facet normal 0 0 1
    outer loop
      vertex -12.817737368938275 13.449384698907735 41.99999999999999
      vertex -12.698764320272302 13.539444940185705 41.99999999999999
      vertex -12.988960966603674 15.208119312000619 41.99999999999999
    endloop
  endfacet
  facet normal 0 0 1
    outer loop
      vertex -12.698764320272302 13.539444940185705 41.99999999999999
      vertex -12.576347247035393 13.624764888310576 41.99999999999999
      vertex -12.988960966603674 15.208119312000619 41.99999999999999
    endloop
  endfacet
  facet normal -4.845600106745802e-14 -1.2627375486312712e-14 1
    outer loop
      vertex -12.576347247035393 13.624764888310576 41.99999999999999
      vertex -12.450674907481512 13.705212986106455 42
      vertex -12.988960966603674 15.208119312000619 41.99999999999999
    endloop
  endfacet
  facet normal 4.3328131333107175e-14 2.0246342634776786e-14 1
    outer loop
      vertex -12.450674907481512 13.705212986106455 42
      vertex -12.321941079249333 13.780665188437533 41.99999999999999
      vertex -12.988960966603674 15.208119312000619 41.99999999999999
    endloop
  endfacet
  facet normal 0 0 1
    outer loop
      vertex -12.321941079249333 13.780665188437533 41.99999999999999
      vertex -12.190344260571184 13.851005153476702 41.99999999999999
      vertex -12.988960966603674 15.208119312000619 41.99999999999999
    endloop
  endfacet
  facet normal 0 0 1
    outer loop
      vertex -12.190344260571184 13.851005153476702 41.99999999999999
      vertex -12.381878986196678 15.706338617614898 41.99999999999999
      vertex -12.988960966603674 15.208119312000619 41.99999999999999
    endloop
  endfacet
  facet normal 0 0 1
    outer loop
      vertex -12.190344260571184 13.851005153476702 41.99999999999999
      vertex -12.056087364203133 13.916124422096214 41.99999999999999
      vertex -12.381878986196678 15.706338617614898 41.99999999999999
    endloop
  endfacet
  facet normal -4.8142259523647025e-14 -8.761155428163103e-15 1
    outer loop
      vertex -12.056087364203133 13.916124422096214 41.99999999999999
      vertex -11.919377404548245 13.975922585103794 42
      vertex -12.381878986196678 15.706338617614898 41.99999999999999
    endloop
  endfacet
  facet normal -1.4549329153949e-15 3.717324887301177e-15 1
    outer loop
      vertex -11.919377404548245 13.975922585103794 42
      vertex -11.780425178455378 14.030307438066345 42
      vertex -12.381878986196678 15.706338617614898 41.99999999999999
    endloop
  endfacet
  facet normal 4.3515029325778304e-14 1.9855064658479817e-14 1
    outer loop
      vertex -11.780425178455378 14.030307438066345 42
      vertex -11.639444940185705 14.079195123482489 41.99999999999999
      vertex -12.381878986196678 15.706338617614898 41.99999999999999
    endloop
  endfacet
  facet normal 0 0 1
    outer loop
      vertex -11.639444940185705 14.079195123482489 41.99999999999999
      vertex -11.496654071048187 14.122510260084766 41.99999999999999
      vertex -11.755705045849464 16.18033988749895 41.99999999999999
    endloop
  endfacet
  facet normal 0 0 1
    outer loop
      vertex -11.496654071048187 14.122510260084766 41.99999999999999
      vertex -11.352272744213344 14.160186059072075 41.99999999999999
      vertex -11.755705045849464 16.18033988749895 41.99999999999999
    endloop
  endfacet
  facet normal -4.6704641178117834e-14 -9.327092136468556e-15 1
    outer loop
      vertex -11.352272744213344 14.160186059072075 41.99999999999999
      vertex -11.206523585222191 14.19216442709318 42
      vertex -11.755705045849464 16.18033988749895 41.99999999999999
    endloop
  endfacet
  facet normal -6.082062369624979e-16 3.4058421416394188e-15 1
    outer loop
      vertex -11.206523585222191 14.19216442709318 42
      vertex -11.059631328713781 14.218396055822428 42
      vertex -11.755705045849464 16.18033988749895 41.99999999999999
    endloop
  endfacet
  facet normal -4.774992468436278e-16 3.4522153858672685e-15 1
    outer loop
      vertex -11.059631328713781 14.218396055822428 42
      vertex -10.911822471900688 14.238840497989624 42
      vertex -11.755705045849464 16.18033988749895 41.99999999999999
    endloop
  endfacet
  facet normal 4.5538823598302565e-14 2.345344390854732e-14 1
    outer loop
      vertex -10.911822471900688 14.238840497989624 42
      vertex -10.763324925326716 14.25346622974679 41.99999999999999
      vertex -11.755705045849464 16.18033988749895 41.99999999999999
    endloop
  endfacet
  facet normal 0 0 1
    outer loop
      vertex -11.639444940185705 14.079195123482489 41.99999999999999
      vertex -11.755705045849464 16.18033988749895 41.99999999999999
      vertex -12.381878986196678 15.706338617614898 41.99999999999999
    endloop
  endfacet
  facet normal -4.72925194058683e-14 -6.928484941199222e-15 1
    outer loop
      vertex -10.763324925326716 14.25346622974679 41.99999999999999
      vertex -10.614367661445364 14.26225069927565 42
      vertex -11.111404660392044 16.629392246050905 41.99999999999999
    endloop
  endfacet
  facet normal -5.870358388051212e-17 2.9893647526408204e-15 1
    outer loop
      vertex -10.614367661445364 14.26225069927565 42
      vertex -10.465180361560902 14.265180361560903 42
      vertex -11.111404660392044 16.629392246050905 41.99999999999999
    endloop
  endfacet
  facet normal 5.93371830756342e-17 3.021629547670467e-15 1
    outer loop
      vertex -10.465180361560902 14.265180361560903 42
      vertex -10.315993061676444 14.262250699275654 42
      vertex -11.111404660392044 16.629392246050905 41.99999999999999
    endloop
  endfacet
  facet normal 0 0 1
    outer loop
      vertex -10.763324925326716 14.25346622974679 41.99999999999999
      vertex -11.111404660392044 16.629392246050905 41.99999999999999
      vertex -11.755705045849464 16.18033988749895 41.99999999999999
    endloop
  endfacet
  facet normal -1.581355230938065e-15 2.4703208277466308e-15 1
    outer loop
      vertex -10.315993061676444 14.262250699275654 42
      vertex -10.75425896126222 16.858016080324752 41.99999999999999
      vertex -11.111404660392044 16.629392246050905 41.99999999999999
    endloop
  endfacet
  facet normal 1.630514030882607e-16 2.764844342193056e-15 1
    outer loop
      vertex -10.315993061676444 14.262250699275654 42
      vertex -10.167035797795094 14.253466229746792 42
      vertex -10.75425896126222 16.858016080324752 41.99999999999999
    endloop
  endfacet
  facet normal 0 0 1
    outer loop
      vertex -10.167035797795094 14.253466229746792 42
      vertex -10.01853825122112 14.238840497989624 42
      vertex -10.449971294318976 17.052803287081844 42
    endloop
  endfacet
  facet normal 0 0 1
    outer loop
      vertex -10.01853825122112 14.238840497989624 42
      vertex -9.870729394408025 14.218396055822426 42
      vertex -10.449971294318976 17.052803287081844 42
    endloop
  endfacet
  facet normal 0 0 1
    outer loop
      vertex -9.723837137899617 14.19216442709318 42
      vertex -10.449971294318976 17.052803287081844 42
      vertex -9.870729394408025 14.218396055822426 42
    endloop
  endfacet
  facet normal -2.1932005884211778e-14 -2.2167187614490397e-15 1
    outer loop
      vertex -10.167035797795094 14.253466229746792 42
      vertex -10.449971294318976 17.052803287081844 42
      vertex -10.75425896126222 16.858016080324752 41.99999999999999
    endloop
  endfacet
  facet normal -0.13701234168198245 0.9905693404435751 0
    outer loop
      vertex -10.01853825122112 6.691520225132184 41.99999999999999
      vertex -9.870729394408029 6.711964667299382 41.99999999999999
      vertex -10.01853825122112 6.691520225132184 40.5
    endloop
  endfacet
  facet normal -0.17579627993433936 0.9844265680898944 0
    outer loop
      vertex -9.870729394408029 6.711964667299382 41.99999999999999
      vertex -9.723837137899617 6.738196296028628 41.99999999999999
      vertex -9.870729394408029 6.711964667299382 40.5
    endloop
  endfacet
  facet normal -0.2143091530650575 0.9767658813208709 0
    outer loop
      vertex -9.723837137899617 6.738196296028628 41.99999999999999
      vertex -9.578087978908464 6.770174664049733 41.99999999999999
      vertex -9.723837137899617 6.738196296028628 40.5
    endloop
  endfacet
  facet normal -0.252491577015157 0.9675990923602601 0
    outer loop
      vertex -9.578087978908464 6.770174664049733 41.99999999999999
      vertex -9.433706652073623 6.807850463037044 41.99999999999999
      vertex -9.578087978908464 6.770174664049733 40.5
    endloop
  endfacet
  facet normal -0.29028467725445395 0.9569403357322115 0
    outer loop
      vertex -9.433706652073623 6.807850463037044 41.99999999999999
      vertex -9.290915782936104 6.8511655996393195 41.99999999999999
      vertex -9.433706652073623 6.807850463037044 40.5
    endloop
  endfacet
  facet normal -0.3276301795617082 0.9448060464668728 0
    outer loop
      vertex -9.290915782936104 6.8511655996393195 41.99999999999999
      vertex -9.149935544666432 6.900053285055465 41.99999999999999
      vertex -9.290915782936104 6.8511655996393195 40.5
    endloop
  endfacet
  facet normal -0.36447049987914326 0.9312149347588061 0
    outer loop
      vertex -9.149935544666432 6.900053285055465 41.99999999999999
      vertex -9.010983318573563 6.9544381380180145 41.99999999999999
      vertex -9.149935544666432 6.900053285055465 40.5
    endloop
  endfacet
  facet normal -0.40074883310313686 0.9161879571171377 0
    outer loop
      vertex -9.010983318573563 6.9544381380180145 41.99999999999999
      vertex -8.874273358918677 7.014236301025595 41.99999999999999
      vertex -9.010983318573563 6.9544381380180145 40.5
    endloop
  endfacet
  facet normal -0.43640924067334563 0.8997482840522197 0
    outer loop
      vertex -8.874273358918677 7.014236301025595 41.99999999999999
      vertex -8.75431656147597 7.072419523837431 41.99999999999999
      vertex -8.75431656147597 7.072419523837431 40.5
    endloop
  endfacet
  facet normal -0.8997482840522197 0.43640924067334563 0
    outer loop
      vertex -7.014236301025595 8.874273358918677 41.99999999999999
      vertex -7.014236301025595 8.874273358918677 40.5
      vertex -7.073676129014438 8.751725808929121 41.99999999999999
    endloop
  endfacet
  facet normal -0.9161879571171377 0.40074883310313686 0
    outer loop
      vertex -7.014236301025595 8.874273358918677 41.99999999999999
      vertex -6.9544381380180145 9.010983318573563 41.99999999999999
      vertex -7.014236301025595 8.874273358918677 40.5
    endloop
  endfacet
  facet normal -0.9312149347588061 0.36447049987914326 0
    outer loop
      vertex -6.9544381380180145 9.010983318573563 41.99999999999999
      vertex -6.900053285055465 9.149935544666432 41.99999999999999
      vertex -6.9544381380180145 9.010983318573563 40.5
    endloop
  endfacet
  facet normal -0.9448060464668728 0.3276301795617082 0
    outer loop
      vertex -6.900053285055465 9.149935544666432 41.99999999999999
      vertex -6.8511655996393195 9.290915782936104 41.99999999999999
      vertex -6.900053285055465 9.149935544666432 40.5
    endloop
  endfacet
  facet normal -0.9569403357322115 0.29028467725445395 0
    outer loop
      vertex -6.8511655996393195 9.290915782936104 41.99999999999999
      vertex -6.807850463037044 9.433706652073623 41.99999999999999
      vertex -6.8511655996393195 9.290915782936104 40.5
    endloop
  endfacet
  facet normal -0.9675990923602601 0.252491577015157 0
    outer loop
      vertex -6.807850463037044 9.433706652073623 41.99999999999999
      vertex -6.770174664049733 9.578087978908464 41.99999999999999
      vertex -6.807850463037044 9.433706652073623 40.5
    endloop
  endfacet
  facet normal -0.9767658813208709 0.2143091530650575 0
    outer loop
      vertex -6.770174664049733 9.578087978908464 41.99999999999999
      vertex -6.738196296028628 9.723837137899617 41.99999999999999
      vertex -6.770174664049733 9.578087978908464 40.5
    endloop
  endfacet
  facet normal -0.9844265680898944 0.17579627993433936 0
    outer loop
      vertex -6.738196296028628 9.723837137899617 41.99999999999999
      vertex -6.711964667299382 9.870729394408029 41.99999999999999
      vertex -6.738196296028628 9.723837137899617 40.5
    endloop
  endfacet
  facet normal -0.9905693404435751 0.13701234168198245 0
    outer loop
      vertex -6.711964667299382 9.870729394408029 41.99999999999999
      vertex -6.691520225132184 10.01853825122112 41.99999999999999
      vertex -6.711964667299382 9.870729394408029 40.5
    endloop
  endfacet
  facet normal 0 0 1
    outer loop
      vertex -11.713758422464126 4.188154566980229 41.99999999999999
      vertex -9.010983318573563 6.9544381380180145 41.99999999999999
      vertex -9.149935544666432 6.900053285055465 41.99999999999999
    endloop
  endfacet
  facet normal 0 0 1
    outer loop
      vertex -11.466360937818383 4.143974981752022 41.99999999999999
      vertex -9.141892036436907 6.641973350904947 41.99999999999999
      vertex -8.75431656147597 7.072419523837431 41.99999999999999
    endloop
  endfacet
  facet normal 0 0 1
    outer loop
      vertex -11.466360937818383 4.143974981752022 41.99999999999999
      vertex -8.874273358918677 7.014236301025595 41.99999999999999
      vertex -9.010983318573563 6.9544381380180145 41.99999999999999
    endloop
  endfacet
  facet normal 0 0 1
    outer loop
      vertex -11.466360937818383 4.143974981752022 41.99999999999999
      vertex -8.75431656147597 7.072419523837431 41.99999999999999
      vertex -8.874273358918677 7.014236301025595 41.99999999999999
    endloop
  endfacet
  facet normal 0 0 1
    outer loop
      vertex -7.014236301025595 8.874273358918677 41.99999999999999
      vertex -7.073676129014438 8.751725808929121 41.99999999999999
      vertex -5.65 9.786087062764157 41.99999999999999
    endloop
  endfacet
  facet normal 0 0 1
    outer loop
      vertex -7.014236301025595 8.874273358918677 41.99999999999999
      vertex -4.188154566980229 11.713758422464126 41.99999999999999
      vertex -6.9544381380180145 9.010983318573563 41.99999999999999
    endloop
  endfacet
  facet normal 0 0 1
    outer loop
      vertex -6.9544381380180145 9.010983318573563 41.99999999999999
      vertex -4.188154566980229 11.713758422464126 41.99999999999999
      vertex -6.900053285055465 9.149935544666432 41.99999999999999
    endloop
  endfacet
  facet normal -0.13701234168197923 -0.9905693404435757 0
    outer loop
      vertex -10.01853825122112 14.238840497989624 42
      vertex -9.870729394408025 14.218396055822426 40.5
      vertex -9.870729394408025 14.218396055822426 42
    endloop
  endfacet
  facet normal -0.17579627993434346 -0.9844265680898936 0
    outer loop
      vertex -9.723837137899617 14.19216442709318 42
      vertex -9.870729394408025 14.218396055822426 42
      vertex -9.723837137899617 14.19216442709318 40.5
    endloop
  endfacet
  facet normal -0.2143091530650575 -0.9767658813208709 0
    outer loop
      vertex -9.723837137899617 14.19216442709318 42
      vertex -9.578087978908464 14.160186059072075 40.5
      vertex -9.578087978908464 14.160186059072075 42
    endloop
  endfacet
  facet normal -0.2524915770151597 -0.9675990923602593 0
    outer loop
      vertex -9.578087978908464 14.160186059072075 42
      vertex -9.43370665207362 14.122510260084763 40.5
      vertex -9.43370665207362 14.122510260084763 42
    endloop
  endfacet
  facet normal -0.3276301795616939 -0.9448060464668778 0
    outer loop
      vertex -9.290915782936104 14.079195123482489 42
      vertex -9.14993554466643 14.030307438066345 40.5
      vertex -9.14993554466643 14.030307438066345 42
    endloop
  endfacet
  facet normal -0.3644704998791513 -0.9312149347588029 0
    outer loop
      vertex -9.14993554466643 14.030307438066345 42
      vertex -9.010983318573565 13.975922585103795 40.5
      vertex -9.010983318573565 13.975922585103795 42
    endloop
  endfacet
  facet normal -0.29028467725445173 -0.956940335732212 0
    outer loop
      vertex -9.43370665207362 14.122510260084763 42
      vertex -9.290915782936104 14.079195123482489 40.5
      vertex -9.290915782936104 14.079195123482489 42
    endloop
  endfacet
  facet normal -0.40074883310314185 -0.9161879571171354 0
    outer loop
      vertex -9.010983318573565 13.975922585103795 42
      vertex -8.874273358918678 13.916124422096214 40.5
      vertex -8.874273358918678 13.916124422096214 42
    endloop
  endfacet
  facet normal -0.43640924067339987 -0.8997482840521934 -5.886064452086213e-15
    outer loop
      vertex -8.874273358918678 13.916124422096214 42
      vertex -8.740016462550628 13.851005153476702 40.5
      vertex -8.865787882167165 13.9120086704671 42
    endloop
  endfacet
  facet normal -0.436409240673343 -0.899748284052221 0
    outer loop
      vertex -8.865787882167165 13.9120086704671 42
      vertex -8.740016462550628 13.851005153476702 40.5
      vertex -8.740016462550628 13.851005153476702 42
    endloop
  endfacet
  facet normal -0.5056573733779757 -0.8627343859777971 0
    outer loop
      vertex -8.608419643872475 13.780665188437533 42
      vertex -8.479685815640298 13.705212986106456 40.5
      vertex -8.479685815640298 13.705212986106456 42
    endloop
  endfacet
  facet normal -0.5717879602276129 -0.8204014435255131 0
    outer loop
      vertex -8.354013476086415 13.624764888310576 42
      vertex -8.231596402849506 13.539444940185705 40.5
      vertex -8.231596402849506 13.539444940185705 42
    endloop
  endfacet
  facet normal -0.5391383229110067 -0.8422172337162823 0
    outer loop
      vertex -8.479685815640298 13.705212986106456 42
      vertex -8.354013476086415 13.624764888310576 40.5
      vertex -8.354013476086415 13.624764888310576 42
    endloop
  endfacet
  facet normal -0.6035559419535654 -0.7973206537727117 0
    outer loop
      vertex -8.112623354183533 13.449384698907735 42
      vertex -8.231596402849506 13.539444940185705 42
      vertex -8.112623354183533 13.449384698907735 40.5
    endloop
  endfacet
  facet normal -0.7208535967029179 -0.6930873625456367 0
    outer loop
      vertex -7.778174593052023 13.152186130069785 41.99999999999999
      vertex -7.6747548257053 13.044623194586084 40.5
      vertex -7.6747548257053 13.044623194586084 41.99999999999999
    endloop
  endfacet
  facet normal -0.7730104533627362 -0.6343932841636465 0
    outer loop
      vertex -7.575637692280786 12.933082945215602 41.99999999999999
      vertex -7.4809760242140735 12.817737368938275 40.5
      vertex -7.4809760242140735 12.817737368938275 41.99999999999999
    endloop
  endfacet
  facet normal -0.7475083268625944 -0.6642524379112844 0
    outer loop
      vertex -7.575637692280786 12.933082945215602 41.99999999999999
      vertex -7.6747548257053 13.044623194586084 41.99999999999999
      vertex -7.575637692280786 12.933082945215602 40.5
    endloop
  endfacet
  facet normal -0.6343932841636488 -0.7730104533627344 0
    outer loop
      vertex -8.112623354183533 13.449384698907735 42
      vertex -7.997277777906207 13.354723030841024 40.5
      vertex -7.997277777906207 13.354723030841024 41.99999999999999
    endloop
  endfacet
  facet normal -0.693087362545637 -0.7208535967029176 0
    outer loop
      vertex -7.885737528535726 13.25560589741651 41.99999999999999
      vertex -7.778174593052023 13.152186130069785 40.5
      vertex -7.778174593052023 13.152186130069785 41.99999999999999
    endloop
  endfacet
  facet normal -0.6642524379112844 -0.7475083268625944 0
    outer loop
      vertex -7.885737528535726 13.25560589741651 41.99999999999999
      vertex -7.997277777906207 13.354723030841024 41.99999999999999
      vertex -7.885737528535726 13.25560589741651 40.5
    endloop
  endfacet
  facet normal -0.4713967368259941 -0.8819212643483568 0
    outer loop
      vertex -8.740016462550628 13.851005153476702 42
      vertex -8.608419643872475 13.780665188437533 40.5
      vertex -8.608419643872475 13.780665188437533 42
    endloop
  endfacet
  facet normal -0.9951847266721968 0.0980171403295613 0
    outer loop
      vertex -6.691520225132184 10.01853825122112 41.99999999999999
      vertex -6.676894493375017 10.167035797795092 41.99999999999999
      vertex -6.691520225132184 10.01853825122112 40.5
    endloop
  endfacet
  facet normal -0.9982656101847164 0.05887080365118075 0
    outer loop
      vertex -6.676894493375017 10.167035797795092 41.99999999999999
      vertex -6.6681100238461575 10.315993061676444 41.99999999999999
      vertex -6.676894493375017 10.167035797795092 40.5
    endloop
  endfacet
  facet normal -0.9998072404820647 0.019633692460637155 0
    outer loop
      vertex -6.6681100238461575 10.315993061676444 41.99999999999999
      vertex -6.665180361560903 10.465180361560904 41.99999999999999
      vertex -6.6681100238461575 10.315993061676444 40.5
    endloop
  endfacet
  facet normal -0.9998072404820646 -0.019633692460642636 0
    outer loop
      vertex -6.665180361560903 10.465180361560904 41.99999999999999
      vertex -6.668110023846158 10.614367661445367 41.99999999999999
      vertex -6.665180361560903 10.465180361560904 40.5
    endloop
  endfacet
  facet normal -0.9982656101847164 -0.05887080365118215 0
    outer loop
      vertex -6.668110023846158 10.614367661445367 41.99999999999999
      vertex -6.676894493375018 10.763324925326716 41.99999999999999
      vertex -6.668110023846158 10.614367661445367 40.5
    endloop
  endfacet
  facet normal -0.9951847266721968 -0.0980171403295613 0
    outer loop
      vertex -6.676894493375018 10.763324925326716 41.99999999999999
      vertex -6.691520225132185 10.911822471900688 41.99999999999999
      vertex -6.676894493375018 10.763324925326716 40.5
    endloop
  endfacet
  facet normal -0.9844265680898936 -0.17579627993434346 0
    outer loop
      vertex -6.711964667299382 11.059631328713783 41.99999999999999
      vertex -6.738196296028628 11.206523585222191 41.99999999999999
      vertex -6.711964667299382 11.059631328713783 40.5
    endloop
  endfacet
  facet normal -0.9905693404435765 -0.13701234168197338 0
    outer loop
      vertex -6.691520225132185 10.911822471900688 41.99999999999999
      vertex -6.711964667299382 11.059631328713783 41.99999999999999
      vertex -6.691520225132185 10.911822471900688 40.5
    endloop
  endfacet
  facet normal -0.944806046466876 -0.32763017956169926 0
    outer loop
      vertex -6.900053285055464 11.780425178455378 41.99999999999999
      vertex -6.8511655996393195 11.639444940185705 40.5
      vertex -6.8511655996393195 11.639444940185705 41.99999999999999
    endloop
  endfacet
  facet normal -0.9312149347588 -0.3644704998791588 0
    outer loop
      vertex -6.900053285055464 11.780425178455378 41.99999999999999
      vertex -6.954438138018016 11.919377404548246 41.99999999999999
      vertex -6.900053285055464 11.780425178455378 40.5
    endloop
  endfacet
  facet normal -0.8997482840522193 -0.43640924067334663 0
    outer loop
      vertex -7.014236301025596 12.056087364203131 41.99999999999999
      vertex -7.079355569645108 12.190344260571182 41.99999999999999
      vertex -7.014236301025596 12.056087364203131 40.5
    endloop
  endfacet
  facet normal -0.916187957117138 -0.40074883310313625 0
    outer loop
      vertex -7.014236301025596 12.056087364203131 41.99999999999999
      vertex -6.954438138018016 11.919377404548246 40.5
      vertex -6.954438138018016 11.919377404548246 41.99999999999999
    endloop
  endfacet
  facet normal -0.8819212643483592 -0.47139673682598987 0
    outer loop
      vertex -7.079355569645108 12.190344260571182 41.99999999999999
      vertex -7.149695534684275 12.321941079249333 41.99999999999999
      vertex -7.079355569645108 12.190344260571182 40.5
    endloop
  endfacet
  facet normal -0.8627343859777893 -0.505657373377989 0
    outer loop
      vertex -7.225147737015354 12.45067490748151 41.99999999999999
      vertex -7.149695534684275 12.321941079249333 40.5
      vertex -7.149695534684275 12.321941079249333 41.99999999999999
    endloop
  endfacet
  facet normal -0.9767658813208709 -0.2143091530650575 0
    outer loop
      vertex -6.770174664049733 11.352272744213344 41.99999999999999
      vertex -6.738196296028628 11.206523585222191 40.5
      vertex -6.738196296028628 11.206523585222191 41.99999999999999
    endloop
  endfacet
  facet normal -0.9569403357322122 -0.2902846772544518 0
    outer loop
      vertex -6.807850463037045 11.496654071048187 41.99999999999999
      vertex -6.8511655996393195 11.639444940185705 41.99999999999999
      vertex -6.807850463037045 11.496654071048187 40.5
    endloop
  endfacet
  facet normal -0.9675990923602593 -0.2524915770151597 0
    outer loop
      vertex -6.770174664049733 11.352272744213344 41.99999999999999
      vertex -6.807850463037045 11.496654071048187 41.99999999999999
      vertex -6.770174664049733 11.352272744213344 40.5
    endloop
  endfacet
  facet normal -0.8204014435255115 -0.5717879602276154 0
    outer loop
      vertex -7.390915782936105 12.698764320272304 41.99999999999999
      vertex -7.305595834811232 12.576347247035393 40.5
      vertex -7.305595834811232 12.576347247035393 41.99999999999999
    endloop
  endfacet
  facet normal -0.7973206537727102 -0.6035559419535673 0
    outer loop
      vertex -7.390915782936105 12.698764320272304 41.99999999999999
      vertex -7.4809760242140735 12.817737368938275 41.99999999999999
      vertex -7.390915782936105 12.698764320272304 40.5
    endloop
  endfacet
  facet normal -0.8422172337162905 -0.5391383229109941 0
    outer loop
      vertex -7.225147737015354 12.45067490748151 41.99999999999999
      vertex -7.305595834811232 12.576347247035393 41.99999999999999
      vertex -7.225147737015354 12.45067490748151 40.5
    endloop
  endfacet
  facet normal 0.7208535967029177 0.6930873625456369 0
    outer loop
      vertex -5.939696961966999 14.99066376115481 41.99999999999999
      vertex -5.765516301172515 14.809505132971733 41.99999999999999
      vertex -5.939696961966999 14.99066376115481 40.5
    endloop
  endfacet
  facet normal 0.7475083268625977 0.6642524379112806 0
    outer loop
      vertex -5.765516301172515 14.809505132971733 41.99999999999999
      vertex -5.5985821817207055 14.621647870874082 41.99999999999999
      vertex -5.765516301172515 14.809505132971733 40.5
    endloop
  endfacet
  facet normal 0.7973206537727078 0.6035559419535705 0
    outer loop
      vertex -5.4391520039241374 14.427381637143844 41.99999999999999
      vertex -5.287471597561241 14.227005976232734 41.99999999999999
      vertex -5.4391520039241374 14.427381637143844 40.5
    endloop
  endfacet
  facet normal 0.8422172337162886 0.5391383229109968 0
    outer loop
      vertex -5.008283309694715 13.809171175742978 41.99999999999999
      vertex -5.143774842824614 14.02082985288636 40.5
      vertex -5.143774842824614 14.02082985288636 41.99999999999999
    endloop
  endfacet
  facet normal 0.8204014435255118 0.5717879602276149 0
    outer loop
      vertex -5.143774842824614 14.02082985288636 41.99999999999999
      vertex -5.287471597561241 14.227005976232734 40.5
      vertex -5.287471597561241 14.227005976232734 41.99999999999999
    endloop
  endfacet
  facet normal 0.7730104533627394 0.6343932841636426 0
    outer loop
      vertex -5.5985821817207055 14.621647870874082 41.99999999999999
      vertex -5.4391520039241374 14.427381637143844 41.99999999999999
      vertex -5.5985821817207055 14.621647870874082 40.5
    endloop
  endfacet
  facet normal -0.471396736825996 0.8819212643483559 0
    outer loop
      vertex -9.772424829939098 17.449920141455944 42
      vertex -9.079809994790935 17.820130483767358 42
      vertex -9.772424829939098 17.449920141455944 40.5
    endloop
  endfacet
  facet normal -0.43640924067333986 0.8997482840522225 0
    outer loop
      vertex -9.079809994790935 17.820130483767358 42
      vertex -8.373194750748562 18.162863476501624 42
      vertex -9.079809994790935 17.820130483767358 40.5
    endloop
  endfacet
  facet normal -0.40074883310314413 0.9161879571171344 0
    outer loop
      vertex -8.373194750748562 18.162863476501624 42
      vertex -7.653668647301796 18.477590650225736 42
      vertex -8.373194750748562 18.162863476501624 40.5
    endloop
  endfacet
  facet normal 0.6642524379112736 0.7475083268626039 0
    outer loop
      vertex -6.241847494573982 15.272360505172644 41.99999999999999
      vertex -6.120855590150076 15.164844421949294 41.99999999999999
      vertex -6.241847494573982 15.272360505172644 40.5
    endloop
  endfacet
  facet normal 0.6930873625456369 0.7208535967029177 0
    outer loop
      vertex -5.939696961966999 14.99066376115481 41.99999999999999
      vertex -6.120855590150076 15.164844421949294 40.5
      vertex -6.120855590150076 15.164844421949294 41.99999999999999
    endloop
  endfacet
  facet normal 0.3644704998791507 -0.9312149347588031 0
    outer loop
      vertex -6.241847494573982 15.272360505172644 41.99999999999999
      vertex -5.710931441778634 15.480157042720988 40.5
      vertex -5.710931441778634 15.480157042720988 42
    endloop
  endfacet
  facet normal 0.32763017956169305 -0.9448060464668782 0
    outer loop
      vertex -5.710931441778634 15.480157042720988 42
      vertex -5.098780407186632 15.692432518870033 40.5
      vertex -5.098780407186632 15.692432518870033 42
    endloop
  endfacet
  facet normal -0.36447049987914787 0.9312149347588043 0
    outer loop
      vertex -7.653668647301796 18.477590650225736 42
      vertex -6.922341141549859 18.763826718449682 42
      vertex -7.653668647301796 18.477590650225736 40.5
    endloop
  endfacet
  facet normal -0.327630179561692 0.9448060464668785 0
    outer loop
      vertex -6.922341141549859 18.763826718449682 42
      vertex -6.180339887498948 19.02113032590307 42
      vertex -6.922341141549859 18.763826718449682 40.5
    endloop
  endfacet
  facet normal -0.2902846772544664 0.9569403357322078 0
    outer loop
      vertex -6.180339887498948 19.02113032590307 42
      vertex -5.428808997301485 19.249104729072947 42
      vertex -6.180339887498948 19.02113032590307 40.5
    endloop
  endfacet
  facet normal -0.2524915770151565 0.9675990923602602 0
    outer loop
      vertex -5.428808997301485 19.249104729072947 42
      vertex -4.668907277118108 19.447398407953532 42
      vertex -5.428808997301485 19.249104729072947 40.5
    endloop
  endfacet
  facet normal 0.9998072404820647 0.019633692460634126 0
    outer loop
      vertex -4.070114529620277 10.716443182418944 41.99999999999999
      vertex -4.06569651419153 10.491464420880392 41.99999999999999
      vertex -4.06569651419153 10.491464420880392 40.5
    endloop
  endfacet
  facet normal 0.9982656101847159 0.058870803651190025 0
    outer loop
      vertex -4.070114529620277 10.716443182418944 41.99999999999999
      vertex -4.084909425668885 10.967318574219112 40.5
      vertex -4.084909425668885 10.967318574219112 41.99999999999999
    endloop
  endfacet
  facet normal 0.995184726672197 0.09801714032955863 0
    outer loop
      vertex -4.084909425668885 10.967318574219112 41.99999999999999
      vertex -4.109542237049375 11.217419705291066 40.5
      vertex -4.109542237049375 11.217419705291066 41.99999999999999
    endloop
  endfacet
  facet normal 0.9905693404435773 0.13701234168196819 0
    outer loop
      vertex -4.109542237049375 11.217419705291066 41.99999999999999
      vertex -4.143974981752022 11.466360937818383 40.5
      vertex -4.143974981752022 11.466360937818383 41.99999999999999
    endloop
  endfacet
  facet normal 0.9844265680898915 0.17579627993435604 0
    outer loop
      vertex -4.143974981752022 11.466360937818383 41.99999999999999
      vertex -4.188154566980229 11.713758422464126 40.5
      vertex -4.188154566980229 11.713758422464126 41.99999999999999
    endloop
  endfacet
  facet normal 0.9767658813208724 0.21430915306505097 0
    outer loop
      vertex -4.188154566980229 11.713758422464126 41.99999999999999
      vertex -4.242012871015773 11.959230690238698 40.5
      vertex -4.242012871015773 11.959230690238698 41.99999999999999
    endloop
  endfacet
  facet normal 0.9675990923602598 0.2524915770151577 0
    outer loop
      vertex -4.305466848257561 12.20239924069738 41.99999999999999
      vertex -4.242012871015773 11.959230690238698 41.99999999999999
      vertex -4.305466848257561 12.20239924069738 40.5
    endloop
  endfacet
  facet normal 0.9569403357322087 0.29028467725446283 0
    outer loop
      vertex -4.305466848257561 12.20239924069738 41.99999999999999
      vertex -4.378418657271921 12.44288912556057 40.5
      vertex -4.378418657271921 12.44288912556057 41.99999999999999
    endloop
  endfacet
  facet normal 0.9448060464668777 0.32763017956169477 0
    outer loop
      vertex -4.378418657271921 12.44288912556057 41.99999999999999
      vertex -4.460755811657005 12.680329526856859 40.5
      vertex -4.460755811657005 12.680329526856859 41.99999999999999
    endloop
  endfacet
  facet normal 0.9161879571171376 0.40074883310313697 0
    outer loop
      vertex -4.552351353488669 12.91435432869748 41.99999999999999
      vertex -4.653064049080383 13.144602681800444 40.5
      vertex -4.653064049080383 13.144602681800444 41.99999999999999
    endloop
  endfacet
  facet normal 0.9312149347588031 0.3644704998791507 0
    outer loop
      vertex -4.460755811657005 12.680329526856859 41.99999999999999
      vertex -4.552351353488669 12.91435432869748 40.5
      vertex -4.552351353488669 12.91435432869748 41.99999999999999
    endloop
  endfacet
  facet normal 0.8997482840522191 0.43640924067334697 0
    outer loop
      vertex -4.653064049080383 13.144602681800444 41.99999999999999
      vertex -4.7627386067553505 13.370719559894004 40.5
      vertex -4.7627386067553505 13.370719559894004 41.99999999999999
    endloop
  endfacet
  facet normal 0.8819212643483572 0.4713967368259934 0
    outer loop
      vertex -4.7627386067553505 13.370719559894004 41.99999999999999
      vertex -4.881205916295001 13.592356307141415 40.5
      vertex -4.881205916295001 13.592356307141415 41.99999999999999
    endloop
  endfacet
  facet normal 0.8627343859777904 0.5056573733779873 0
    outer loop
      vertex -4.881205916295001 13.592356307141415 41.99999999999999
      vertex -5.008283309694715 13.809171175742978 40.5
      vertex -5.008283309694715 13.809171175742978 41.99999999999999
    endloop
  endfacet
  facet normal 0.29028467725446294 -0.9569403357322086 0
    outer loop
      vertex -5.098780407186632 15.692432518870033 42
      vertex -4.478767422773726 15.88051140148518 40.5
      vertex -4.478767422773726 15.88051140148518 42
    endloop
  endfacet
  facet normal 0.25249157701515634 -0.9675990923602602 0
    outer loop
      vertex -4.478767422773726 15.88051140148518 42
      vertex -3.851848503622439 16.044103686561662 40.5
      vertex -3.851848503622439 16.044103686561662 42
    endloop
  endfacet
  facet normal 0.21430915306505385 -0.9767658813208717 0
    outer loop
      vertex -3.851848503622439 16.044103686561662 42
      vertex -3.218990313266116 16.182957126653303 40.5
      vertex -3.218990313266116 16.182957126653303 42
    endloop
  endfacet
  facet normal 0.17579627993435257 -0.9844265680898919 0
    outer loop
      vertex -3.218990313266116 16.182957126653303 42
      vertex -2.5811686731638095 16.29685761981977 40.5
      vertex -2.5811686731638095 16.29685761981977 42
    endloop
  endfacet
  facet normal -0.21430915306505025 0.9767658813208727 0
    outer loop
      vertex -4.668907277118108 19.447398407953532 42
      vertex -3.9018064403225647 19.61570560806461 42
      vertex -4.668907277118108 19.447398407953532 40.5
    endloop
  endfacet
  facet normal -0.17579627993435834 0.9844265680898908 5.2046154033753075e-17
    outer loop
      vertex -3.9018064403225647 19.61570560806461 42
      vertex -3.1286893008046173 19.753766811902757 42
      vertex -3.901806440322565 19.61570560806461 40.5
    endloop
  endfacet
  facet normal -0.137012341681963 0.9905693404435779 0
    outer loop
      vertex -3.1286893008046173 19.753766811902757 42
      vertex -2.350747949156753 19.861369139098525 42
      vertex -3.1286893008046173 19.753766811902757 40.5
    endloop
  endfacet
  facet normal 0.1370123416819693 -0.990569340443577 0
    outer loop
      vertex -2.5811686731638095 16.29685761981977 42
      vertex -1.9393670580543212 16.385629539756284 40.5
      vertex -1.9393670580543212 16.385629539756284 42
    endloop
  endfacet
  facet normal 0.09801714032955898 -0.995184726672197 0
    outer loop
      vertex -1.9393670580543212 16.385629539756284 42
      vertex -1.2945750795094415 16.44913600659661 40.5
      vertex -1.2945750795094415 16.44913600659661 42
    endloop
  endfacet
  facet normal 0.05887080365119055 -0.9982656101847158 0
    outer loop
      vertex -1.2945750795094415 16.44913600659661 42
      vertex -0.6477869600246321 16.48727909797193 40.5
      vertex -0.6477869600246321 16.48727909797193 42
    endloop
  endfacet
  facet normal 0.01963369246062839 -0.9998072404820648 0
    outer loop
      vertex -0.6477869600246321 16.48727909797193 42
      vertex 0 16.5 40.5
      vertex 0 16.5 42
    endloop
  endfacet
  facet normal -0.09801714032956035 0.9951847266721969 0
    outer loop
      vertex -2.350747949156753 19.861369139098525 42
      vertex -1.5691819145568988 19.938346674662558 42
      vertex -2.350747949156753 19.861369139098525 40.5
    endloop
  endfacet
  facet normal -0.05887080365118849 0.9982656101847158 0
    outer loop
      vertex -1.5691819145568988 19.938346674662558 42
      vertex -0.7851963151813722 19.984580724814457 42
      vertex -1.5691819145568988 19.938346674662558 40.5
    endloop
  endfacet
  facet normal -0.019633692460655966 0.9998072404820644 0
    outer loop
      vertex -0.7851963151813722 19.984580724814457 42
      vertex -0.7519295518654994 19.9852340001396 42
      vertex -0.7851963151813722 19.984580724814457 40.5
    endloop
  endfacet
  facet normal 0 0 1
    outer loop
      vertex -8.865787882167165 13.9120086704671 42
      vertex -8.740016462550628 13.851005153476702 42
      vertex -8.621226317813155 14.068562711842521 42
    endloop
  endfacet
  facet normal 0 0 1
    outer loop
      vertex -8.740016462550628 13.851005153476702 42
      vertex -8.608419643872475 13.780665188437533 42
      vertex -8.621226317813155 14.068562711842521 42
    endloop
  endfacet
  facet normal 0 0 1
    outer loop
      vertex -8.608419643872475 13.780665188437533 42
      vertex -8.062250484699756 14.396184116701153 42
      vertex -8.621226317813155 14.068562711842521 42
    endloop
  endfacet
  facet normal 0 0 1
    outer loop
      vertex -8.608419643872475 13.780665188437533 42
      vertex -8.479685815640298 13.705212986106456 42
      vertex -8.062250484699756 14.396184116701153 42
    endloop
  endfacet
  facet normal 0 0 1
    outer loop
      vertex -8.479685815640298 13.705212986106456 42
      vertex -8.354013476086415 13.624764888310576 42
      vertex -8.062250484699756 14.396184116701153 42
    endloop
  endfacet
  facet normal 0 0 1
    outer loop
      vertex -8.354013476086415 13.624764888310576 42
      vertex -8.231596402849506 13.539444940185705 42
      vertex -7.490843245702521 14.70160764910807 42
    endloop
  endfacet
  facet normal 0 0 1
    outer loop
      vertex -8.354013476086415 13.624764888310576 42
      vertex -7.490843245702521 14.70160764910807 42
      vertex -8.062250484699756 14.396184116701153 42
    endloop
  endfacet
  facet normal 0 0 1
    outer loop
      vertex -8.112623354183533 13.449384698907735 42
      vertex -6.907885669367563 14.98436236811384 42
      vertex -8.231596402849506 13.539444940185705 42
    endloop
  endfacet
  facet normal 3.7467695206856686e-14 -2.94067759319553e-14 1
    outer loop
      vertex -8.112623354183533 13.449384698907735 42
      vertex -7.997277777906207 13.354723030841024 41.99999999999999
      vertex -6.907885669367563 14.98436236811384 42
    endloop
  endfacet
  facet normal 0 0 1
    outer loop
      vertex -8.231596402849506 13.539444940185705 42
      vertex -6.907885669367563 14.98436236811384 42
      vertex -7.490843245702521 14.70160764910807 42
    endloop
  endfacet
  facet normal 0 0 1
    outer loop
      vertex -6.900053285055465 9.149935544666432 41.99999999999999
      vertex -4.242012871015773 11.959230690238698 41.99999999999999
      vertex -6.8511655996393195 9.290915782936104 41.99999999999999
    endloop
  endfacet
  facet normal 0 0 1
    outer loop
      vertex -6.8511655996393195 9.290915782936104 41.99999999999999
      vertex -4.242012871015773 11.959230690238698 41.99999999999999
      vertex -6.807850463037044 9.433706652073623 41.99999999999999
    endloop
  endfacet
  facet normal 0 0 1
    outer loop
      vertex -6.807850463037044 9.433706652073623 41.99999999999999
      vertex -4.305466848257561 12.20239924069738 41.99999999999999
      vertex -6.770174664049733 9.578087978908464 41.99999999999999
    endloop
  endfacet
  facet normal 0 0 1
    outer loop
      vertex -6.770174664049733 9.578087978908464 41.99999999999999
      vertex -4.305466848257561 12.20239924069738 41.99999999999999
      vertex -6.738196296028628 9.723837137899617 41.99999999999999
    endloop
  endfacet
  facet normal 0 0 1
    outer loop
      vertex -7.014236301025595 8.874273358918677 41.99999999999999
      vertex -5.65 9.786087062764157 41.99999999999999
      vertex -4.188154566980229 11.713758422464126 41.99999999999999
    endloop
  endfacet
  facet normal 0 0 1
    outer loop
      vertex -6.738196296028628 9.723837137899617 41.99999999999999
      vertex -4.305466848257561 12.20239924069738 41.99999999999999
      vertex -6.711964667299382 9.870729394408029 41.99999999999999
    endloop
  endfacet
  facet normal 0 0 1
    outer loop
      vertex -6.6681100238461575 10.315993061676444 41.99999999999999
      vertex -4.460755811657005 12.680329526856859 41.99999999999999
      vertex -6.665180361560903 10.465180361560904 41.99999999999999
    endloop
  endfacet
  facet normal 0 0 1
    outer loop
      vertex -6.711964667299382 9.870729394408029 41.99999999999999
      vertex -4.378418657271921 12.44288912556057 41.99999999999999
      vertex -6.691520225132184 10.01853825122112 41.99999999999999
    endloop
  endfacet
  facet normal 0 0 1
    outer loop
      vertex -6.691520225132184 10.01853825122112 41.99999999999999
      vertex -4.378418657271921 12.44288912556057 41.99999999999999
      vertex -6.676894493375017 10.167035797795092 41.99999999999999
    endloop
  endfacet
  facet normal 0 0 1
    outer loop
      vertex -6.676894493375017 10.167035797795092 41.99999999999999
      vertex -4.378418657271921 12.44288912556057 41.99999999999999
      vertex -6.6681100238461575 10.315993061676444 41.99999999999999
    endloop
  endfacet
  facet normal 0 0 1
    outer loop
      vertex -6.900053285055465 9.149935544666432 41.99999999999999
      vertex -4.188154566980229 11.713758422464126 41.99999999999999
      vertex -4.242012871015773 11.959230690238698 41.99999999999999
    endloop
  endfacet
  facet normal 0 0 1
    outer loop
      vertex -6.807850463037044 9.433706652073623 41.99999999999999
      vertex -4.242012871015773 11.959230690238698 41.99999999999999
      vertex -4.305466848257561 12.20239924069738 41.99999999999999
    endloop
  endfacet
  facet normal 0 0 1
    outer loop
      vertex -6.665180361560903 10.465180361560904 41.99999999999999
      vertex -4.460755811657005 12.680329526856859 41.99999999999999
      vertex -6.668110023846158 10.614367661445367 41.99999999999999
    endloop
  endfacet
  facet normal 0 0 1
    outer loop
      vertex -6.668110023846158 10.614367661445367 41.99999999999999
      vertex -4.552351353488669 12.91435432869748 41.99999999999999
      vertex -6.676894493375018 10.763324925326716 41.99999999999999
    endloop
  endfacet
  facet normal 0 0 1
    outer loop
      vertex -6.676894493375018 10.763324925326716 41.99999999999999
      vertex -4.552351353488669 12.91435432869748 41.99999999999999
      vertex -6.691520225132185 10.911822471900688 41.99999999999999
    endloop
  endfacet
  facet normal 0 0 1
    outer loop
      vertex -6.691520225132185 10.911822471900688 41.99999999999999
      vertex -4.653064049080383 13.144602681800444 41.99999999999999
      vertex -6.711964667299382 11.059631328713783 41.99999999999999
    endloop
  endfacet
  facet normal 0 0 1
    outer loop
      vertex -6.711964667299382 11.059631328713783 41.99999999999999
      vertex -4.653064049080383 13.144602681800444 41.99999999999999
      vertex -6.738196296028628 11.206523585222191 41.99999999999999
    endloop
  endfacet
  facet normal 0 0 1
    outer loop
      vertex -6.770174664049733 11.352272744213344 41.99999999999999
      vertex -6.738196296028628 11.206523585222191 41.99999999999999
      vertex -4.7627386067553505 13.370719559894004 41.99999999999999
    endloop
  endfacet
  facet normal 0 0 1
    outer loop
      vertex -6.770174664049733 11.352272744213344 41.99999999999999
      vertex -4.7627386067553505 13.370719559894004 41.99999999999999
      vertex -6.807850463037045 11.496654071048187 41.99999999999999
    endloop
  endfacet
  facet normal 0 0 1
    outer loop
      vertex -6.807850463037045 11.496654071048187 41.99999999999999
      vertex -4.881205916295001 13.592356307141415 41.99999999999999
      vertex -6.8511655996393195 11.639444940185705 41.99999999999999
    endloop
  endfacet
  facet normal 0 0 1
    outer loop
      vertex -6.900053285055464 11.780425178455378 41.99999999999999
      vertex -6.8511655996393195 11.639444940185705 41.99999999999999
      vertex -4.881205916295001 13.592356307141415 41.99999999999999
    endloop
  endfacet
  facet normal 0 0 1
    outer loop
      vertex -6.711964667299382 9.870729394408029 41.99999999999999
      vertex -4.305466848257561 12.20239924069738 41.99999999999999
      vertex -4.378418657271921 12.44288912556057 41.99999999999999
    endloop
  endfacet
  facet normal 0 0 1
    outer loop
      vertex -6.6681100238461575 10.315993061676444 41.99999999999999
      vertex -4.378418657271921 12.44288912556057 41.99999999999999
      vertex -4.460755811657005 12.680329526856859 41.99999999999999
    endloop
  endfacet
  facet normal 0 0 1
    outer loop
      vertex -6.668110023846158 10.614367661445367 41.99999999999999
      vertex -4.460755811657005 12.680329526856859 41.99999999999999
      vertex -4.552351353488669 12.91435432869748 41.99999999999999
    endloop
  endfacet
  facet normal 0 0 1
    outer loop
      vertex -6.691520225132185 10.911822471900688 41.99999999999999
      vertex -4.552351353488669 12.91435432869748 41.99999999999999
      vertex -4.653064049080383 13.144602681800444 41.99999999999999
    endloop
  endfacet
  facet normal 0 0 1
    outer loop
      vertex -7.778174593052023 13.152186130069785 41.99999999999999
      vertex -7.6747548257053 13.044623194586084 41.99999999999999
      vertex -5.939696961966999 14.99066376115481 41.99999999999999
    endloop
  endfacet
  facet normal 0 0 1
    outer loop
      vertex -7.575637692280786 12.933082945215602 41.99999999999999
      vertex -7.4809760242140735 12.817737368938275 41.99999999999999
      vertex -5.765516301172515 14.809505132971733 41.99999999999999
    endloop
  endfacet
  facet normal 0 0 1
    outer loop
      vertex -7.575637692280786 12.933082945215602 41.99999999999999
      vertex -5.765516301172515 14.809505132971733 41.99999999999999
      vertex -7.6747548257053 13.044623194586084 41.99999999999999
    endloop
  endfacet
  facet normal 0 0 1
    outer loop
      vertex -7.225147737015354 12.45067490748151 41.99999999999999
      vertex -7.149695534684275 12.321941079249333 41.99999999999999
      vertex -5.287471597561241 14.227005976232734 41.99999999999999
    endloop
  endfacet
  facet normal 0 0 1
    outer loop
      vertex -7.014236301025596 12.056087364203131 41.99999999999999
      vertex -5.143774842824614 14.02082985288636 41.99999999999999
      vertex -7.079355569645108 12.190344260571182 41.99999999999999
    endloop
  endfacet
  facet normal 0 0 1
    outer loop
      vertex -6.900053285055464 11.780425178455378 41.99999999999999
      vertex -5.008283309694715 13.809171175742978 41.99999999999999
      vertex -6.954438138018016 11.919377404548246 41.99999999999999
    endloop
  endfacet
  facet normal 0 0 1
    outer loop
      vertex -7.014236301025596 12.056087364203131 41.99999999999999
      vertex -6.954438138018016 11.919377404548246 41.99999999999999
      vertex -5.143774842824614 14.02082985288636 41.99999999999999
    endloop
  endfacet
  facet normal 0 0 1
    outer loop
      vertex -7.079355569645108 12.190344260571182 41.99999999999999
      vertex -5.287471597561241 14.227005976232734 41.99999999999999
      vertex -7.149695534684275 12.321941079249333 41.99999999999999
    endloop
  endfacet
  facet normal 0 0 1
    outer loop
      vertex -7.390915782936105 12.698764320272304 41.99999999999999
      vertex -5.5985821817207055 14.621647870874082 41.99999999999999
      vertex -7.4809760242140735 12.817737368938275 41.99999999999999
    endloop
  endfacet
  facet normal 0 0 1
    outer loop
      vertex -7.390915782936105 12.698764320272304 41.99999999999999
      vertex -7.305595834811232 12.576347247035393 41.99999999999999
      vertex -5.5985821817207055 14.621647870874082 41.99999999999999
    endloop
  endfacet
  facet normal 0 0 1
    outer loop
      vertex -7.225147737015354 12.45067490748151 41.99999999999999
      vertex -5.4391520039241374 14.427381637143844 41.99999999999999
      vertex -7.305595834811232 12.576347247035393 41.99999999999999
    endloop
  endfacet
  facet normal 0 0 1
    outer loop
      vertex -7.885737528535726 13.25560589741651 41.99999999999999
      vertex -6.241847494573982 15.272360505172644 41.99999999999999
      vertex -7.997277777906207 13.354723030841024 41.99999999999999
    endloop
  endfacet
  facet normal 0 0 1
    outer loop
      vertex -7.885737528535726 13.25560589741651 41.99999999999999
      vertex -7.778174593052023 13.152186130069785 41.99999999999999
      vertex -5.939696961966999 14.99066376115481 41.99999999999999
    endloop
  endfacet
  facet normal 2.6952547864618714e-15 -6.1618644216567e-15 1
    outer loop
      vertex -7.997277777906207 13.354723030841024 41.99999999999999
      vertex -6.314276634023981 15.24401228643623 42
      vertex -6.907885669367563 14.98436236811384 42
    endloop
  endfacet
  facet normal 0 0 1
    outer loop
      vertex -7.6747548257053 13.044623194586084 41.99999999999999
      vertex -5.765516301172515 14.809505132971733 41.99999999999999
      vertex -5.939696961966999 14.99066376115481 41.99999999999999
    endloop
  endfacet
  facet normal 0 0 1
    outer loop
      vertex -7.4809760242140735 12.817737368938275 41.99999999999999
      vertex -5.5985821817207055 14.621647870874082 41.99999999999999
      vertex -5.765516301172515 14.809505132971733 41.99999999999999
    endloop
  endfacet
  facet normal 1.5287454976214105e-13 -1.3994335102195322e-13 1
    outer loop
      vertex -7.997277777906207 13.354723030841024 41.99999999999999
      vertex -6.241847494573982 15.272360505172644 41.99999999999999
      vertex -6.314276634023981 15.24401228643623 42
    endloop
  endfacet
  facet normal 0 0 1
    outer loop
      vertex -7.885737528535726 13.25560589741651 41.99999999999999
      vertex -6.120855590150076 15.164844421949294 41.99999999999999
      vertex -6.241847494573982 15.272360505172644 41.99999999999999
    endloop
  endfacet
  facet normal 0 0 1
    outer loop
      vertex -7.885737528535726 13.25560589741651 41.99999999999999
      vertex -5.939696961966999 14.99066376115481 41.99999999999999
      vertex -6.120855590150076 15.164844421949294 41.99999999999999
    endloop
  endfacet
  facet normal 0 0 1
    outer loop
      vertex -7.225147737015354 12.45067490748151 41.99999999999999
      vertex -5.287471597561241 14.227005976232734 41.99999999999999
      vertex -5.4391520039241374 14.427381637143844 41.99999999999999
    endloop
  endfacet
  facet normal 0 0 1
    outer loop
      vertex -6.954438138018016 11.919377404548246 41.99999999999999
      vertex -5.008283309694715 13.809171175742978 41.99999999999999
      vertex -5.143774842824614 14.02082985288636 41.99999999999999
    endloop
  endfacet
  facet normal 0 0 1
    outer loop
      vertex -7.079355569645108 12.190344260571182 41.99999999999999
      vertex -5.143774842824614 14.02082985288636 41.99999999999999
      vertex -5.287471597561241 14.227005976232734 41.99999999999999
    endloop
  endfacet
  facet normal 0 0 1
    outer loop
      vertex -6.738196296028628 11.206523585222191 41.99999999999999
      vertex -4.653064049080383 13.144602681800444 41.99999999999999
      vertex -4.7627386067553505 13.370719559894004 41.99999999999999
    endloop
  endfacet
  facet normal 0 0 1
    outer loop
      vertex -6.807850463037045 11.496654071048187 41.99999999999999
      vertex -4.7627386067553505 13.370719559894004 41.99999999999999
      vertex -4.881205916295001 13.592356307141415 41.99999999999999
    endloop
  endfacet
  facet normal 0 0 1
    outer loop
      vertex -6.900053285055464 11.780425178455378 41.99999999999999
      vertex -4.881205916295001 13.592356307141415 41.99999999999999
      vertex -5.008283309694715 13.809171175742978 41.99999999999999
    endloop
  endfacet
  facet normal 0 0 1
    outer loop
      vertex -7.305595834811232 12.576347247035393 41.99999999999999
      vertex -5.4391520039241374 14.427381637143844 41.99999999999999
      vertex -5.5985821817207055 14.621647870874082 41.99999999999999
    endloop
  endfacet
  facet normal 0 0 1
    outer loop
      vertex -9.723837137899617 14.19216442709318 42
      vertex -9.578087978908464 14.160186059072075 42
      vertex -10.449971294318976 17.052803287081844 42
    endloop
  endfacet
  facet normal 0 0 1
    outer loop
      vertex -9.578087978908464 14.160186059072075 42
      vertex -9.43370665207362 14.122510260084763 42
      vertex -9.772424829939098 17.449920141455944 42
    endloop
  endfacet
  facet normal 0 0 1
    outer loop
      vertex -9.43370665207362 14.122510260084763 42
      vertex -9.290915782936104 14.079195123482489 42
      vertex -9.772424829939098 17.449920141455944 42
    endloop
  endfacet
  facet normal 0 0 1
    outer loop
      vertex -9.290915782936104 14.079195123482489 42
      vertex -9.14993554466643 14.030307438066345 42
      vertex -9.772424829939098 17.449920141455944 42
    endloop
  endfacet
  facet normal 0 0 1
    outer loop
      vertex -9.578087978908464 14.160186059072075 42
      vertex -9.772424829939098 17.449920141455944 42
      vertex -10.449971294318976 17.052803287081844 42
    endloop
  endfacet
  facet normal 0 0 1
    outer loop
      vertex -9.010983318573565 13.975922585103795 42
      vertex -8.874273358918678 13.916124422096214 42
      vertex -9.772424829939098 17.449920141455944 42
    endloop
  endfacet
  facet normal 0 0 1
    outer loop
      vertex -9.14993554466643 14.030307438066345 42
      vertex -9.010983318573565 13.975922585103795 42
      vertex -9.772424829939098 17.449920141455944 42
    endloop
  endfacet
  facet normal 0 0 1
    outer loop
      vertex -8.874273358918678 13.916124422096214 42
      vertex -8.865787882167165 13.9120086704671 42
      vertex -9.772424829939098 17.449920141455944 42
    endloop
  endfacet
  facet normal 0 0 1
    outer loop
      vertex -8.865787882167165 13.9120086704671 42
      vertex -8.621226317813155 14.068562711842521 42
      vertex -9.772424829939098 17.449920141455944 42
    endloop
  endfacet
  facet normal 0 0 1
    outer loop
      vertex -8.621226317813155 14.068562711842521 42
      vertex -9.079809994790935 17.820130483767358 42
      vertex -9.772424829939098 17.449920141455944 42
    endloop
  endfacet
  facet normal 0 0 1
    outer loop
      vertex -8.621226317813155 14.068562711842521 42
      vertex -8.062250484699756 14.396184116701153 42
      vertex -9.079809994790935 17.820130483767358 42
    endloop
  endfacet
  facet normal 0 0 1
    outer loop
      vertex -8.062250484699756 14.396184116701153 42
      vertex -7.490843245702521 14.70160764910807 42
      vertex -8.373194750748562 18.162863476501624 42
    endloop
  endfacet
  facet normal 0 0 1
    outer loop
      vertex -8.062250484699756 14.396184116701153 42
      vertex -8.373194750748562 18.162863476501624 42
      vertex -9.079809994790935 17.820130483767358 42
    endloop
  endfacet
  facet normal 0 0 1
    outer loop
      vertex -7.490843245702521 14.70160764910807 42
      vertex -7.653668647301796 18.477590650225736 42
      vertex -8.373194750748562 18.162863476501624 42
    endloop
  endfacet
  facet normal 0 0 1
    outer loop
      vertex -7.490843245702521 14.70160764910807 42
      vertex -6.907885669367563 14.98436236811384 42
      vertex -7.653668647301796 18.477590650225736 42
    endloop
  endfacet
  facet normal 0 0 1
    outer loop
      vertex -6.907885669367563 14.98436236811384 42
      vertex -6.922341141549859 18.763826718449682 42
      vertex -7.653668647301796 18.477590650225736 42
    endloop
  endfacet
  facet normal 0 0 1
    outer loop
      vertex -6.907885669367563 14.98436236811384 42
      vertex -6.314276634023981 15.24401228643623 42
      vertex -6.922341141549859 18.763826718449682 42
    endloop
  endfacet
  facet normal 9.188873162814917e-14 1.5874210821019374e-14 1
    outer loop
      vertex -6.314276634023981 15.24401228643623 42
      vertex -6.241847494573982 15.272360505172644 41.99999999999999
      vertex -6.922341141549859 18.763826718449682 42
    endloop
  endfacet
  facet normal -1.1694709005033775e-14 -4.3144059310886475e-15 1
    outer loop
      vertex -6.241847494573982 15.272360505172644 41.99999999999999
      vertex -5.710931441778634 15.480157042720988 42
      vertex -6.922341141549859 18.763826718449682 42
    endloop
  endfacet
  facet normal 0 0 1
    outer loop
      vertex -5.710931441778634 15.480157042720988 42
      vertex -5.098780407186632 15.692432518870033 42
      vertex -6.180339887498948 19.02113032590307 42
    endloop
  endfacet
  facet normal 0 0 1
    outer loop
      vertex -5.098780407186632 15.692432518870033 42
      vertex -4.478767422773726 15.88051140148518 42
      vertex -5.428808997301485 19.249104729072947 42
    endloop
  endfacet
  facet normal 0 0 1
    outer loop
      vertex -5.710931441778634 15.480157042720988 42
      vertex -6.180339887498948 19.02113032590307 42
      vertex -6.922341141549859 18.763826718449682 42
    endloop
  endfacet
  facet normal 0 0 1
    outer loop
      vertex -5.098780407186632 15.692432518870033 42
      vertex -5.428808997301485 19.249104729072947 42
      vertex -6.180339887498948 19.02113032590307 42
    endloop
  endfacet
  facet normal 0 0 1
    outer loop
      vertex -4.143974981752022 11.466360937818383 41.99999999999999
      vertex -5.65 9.786087062764157 41.99999999999999
      vertex -4.06569651419153 10.491464420880392 41.99999999999999
    endloop
  endfacet
  facet normal 0 0 1
    outer loop
      vertex -4.143974981752022 11.466360937818383 41.99999999999999
      vertex -4.188154566980229 11.713758422464126 41.99999999999999
      vertex -5.65 9.786087062764157 41.99999999999999
    endloop
  endfacet
  facet normal 0 0 1
    outer loop
      vertex -4.070114529620277 10.716443182418944 41.99999999999999
      vertex -4.084909425668885 10.967318574219112 41.99999999999999
      vertex -4.06569651419153 10.491464420880392 41.99999999999999
    endloop
  endfacet
  facet normal 0 0 1
    outer loop
      vertex -4.084909425668885 10.967318574219112 41.99999999999999
      vertex -4.109542237049375 11.217419705291066 41.99999999999999
      vertex -4.06569651419153 10.491464420880392 41.99999999999999
    endloop
  endfacet
  facet normal 0 0 1
    outer loop
      vertex -4.109542237049375 11.217419705291066 41.99999999999999
      vertex -4.143974981752022 11.466360937818383 41.99999999999999
      vertex -4.06569651419153 10.491464420880392 41.99999999999999
    endloop
  endfacet
  facet normal 0 0 1
    outer loop
      vertex -4.478767422773726 15.88051140148518 42
      vertex -3.851848503622439 16.044103686561662 42
      vertex -4.668907277118108 19.447398407953532 42
    endloop
  endfacet
  facet normal 0 0 1
    outer loop
      vertex -3.851848503622439 16.044103686561662 42
      vertex -3.218990313266116 16.182957126653303 42
      vertex -3.9018064403225647 19.61570560806461 42
    endloop
  endfacet
  facet normal 0 0 1
    outer loop
      vertex -3.9018064403225647 19.61570560806461 42
      vertex -3.218990313266116 16.182957126653303 42
      vertex -2.5811686731638095 16.29685761981977 42
    endloop
  endfacet
  facet normal 0 0 1
    outer loop
      vertex -2.5811686731638095 16.29685761981977 42
      vertex -1.9393670580543212 16.385629539756284 42
      vertex -3.1286893008046173 19.753766811902757 42
    endloop
  endfacet
  facet normal 0 0 1
    outer loop
      vertex -4.478767422773726 15.88051140148518 42
      vertex -4.668907277118108 19.447398407953532 42
      vertex -5.428808997301485 19.249104729072947 42
    endloop
  endfacet
  facet normal 0 0 1
    outer loop
      vertex -3.851848503622439 16.044103686561662 42
      vertex -3.9018064403225647 19.61570560806461 42
      vertex -4.668907277118108 19.447398407953532 42
    endloop
  endfacet
  facet normal 0 0 1
    outer loop
      vertex -3.9018064403225647 19.61570560806461 42
      vertex -2.5811686731638095 16.29685761981977 42
      vertex -3.1286893008046173 19.753766811902757 42
    endloop
  endfacet
  facet normal 0 0 1
    outer loop
      vertex -1.9393670580543212 16.385629539756284 42
      vertex -2.350747949156753 19.861369139098525 42
      vertex -3.1286893008046173 19.753766811902757 42
    endloop
  endfacet
  facet normal 0 0 1
    outer loop
      vertex -1.9393670580543212 16.385629539756284 42
      vertex -1.2945750795094415 16.44913600659661 42
      vertex -2.350747949156753 19.861369139098525 42
    endloop
  endfacet
  facet normal 0 0 1
    outer loop
      vertex -1.2945750795094415 16.44913600659661 42
      vertex -1.5691819145568988 19.938346674662558 42
      vertex -2.350747949156753 19.861369139098525 42
    endloop
  endfacet
  facet normal 0 0 1
    outer loop
      vertex -1.2945750795094415 16.44913600659661 42
      vertex -0.6477869600246321 16.48727909797193 42
      vertex -1.5691819145568988 19.938346674662558 42
    endloop
  endfacet
  facet normal 0 0 1
    outer loop
      vertex -0.6477869600246321 16.48727909797193 42
      vertex 0 16.5 42
      vertex -0.7519295518654994 19.9852340001396 42
    endloop
  endfacet
  facet normal 0 0 1
    outer loop
      vertex -0.7519295518654994 19.9852340001396 42
      vertex 0 16.5 42
      vertex 0.6477869600246321 16.48727909797193 42
    endloop
  endfacet
  facet normal 0 0 1
    outer loop
      vertex -0.6477869600246321 16.48727909797193 42
      vertex -0.7851963151813722 19.984580724814457 42
      vertex -1.5691819145568988 19.938346674662558 42
    endloop
  endfacet
  facet normal 0 0 1
    outer loop
      vertex -0.6477869600246321 16.48727909797193 42
      vertex -0.7519295518654994 19.9852340001396 42
      vertex -0.7851963151813722 19.984580724814457 42
    endloop
  endfacet
  facet normal 0.01963369246065662 -0.9998072404820644 1.4531851618820217e-17
    outer loop
      vertex 0.7519295518654994 -19.9852340001396 42
      vertex 0.7519295518655005 -19.9852340001396 40.5
      vertex 0.7851963151813722 -19.984580724814457 40.5
    endloop
  endfacet
  facet normal 0.05887080365118849 -0.9982656101847158 0
    outer loop
      vertex 0.7851963151813722 -19.984580724814457 42
      vertex 0.7851963151813722 -19.984580724814457 40.5
      vertex 1.5691819145568988 -19.938346674662558 40.5
    endloop
  endfacet
  facet normal 0.09801714032956035 -0.9951847266721969 0
    outer loop
      vertex 1.5691819145568988 -19.938346674662558 42
      vertex 1.5691819145568988 -19.938346674662558 40.5
      vertex 2.350747949156753 -19.861369139098525 40.5
    endloop
  endfacet
  facet normal -0.01963369246062839 0.9998072404820648 0
    outer loop
      vertex 0.6477869600246321 -16.48727909797193 42
      vertex 0.6477869600246321 -16.48727909797193 40.5
      vertex 0 -16.5 40.5
    endloop
  endfacet
  facet normal -0.05887080365119055 0.9982656101847158 0
    outer loop
      vertex 1.2945750795094415 -16.44913600659661 42
      vertex 1.2945750795094415 -16.44913600659661 40.5
      vertex 0.6477869600246321 -16.48727909797193 40.5
    endloop
  endfacet
  facet normal -0.09801714032955898 0.995184726672197 0
    outer loop
      vertex 1.9393670580543212 -16.385629539756284 42
      vertex 1.9393670580543212 -16.385629539756284 40.5
      vertex 1.2945750795094415 -16.44913600659661 40.5
    endloop
  endfacet
  facet normal -0.1370123416819693 0.990569340443577 0
    outer loop
      vertex 2.5811686731638095 -16.29685761981977 42
      vertex 2.5811686731638095 -16.29685761981977 40.5
      vertex 1.9393670580543212 -16.385629539756284 40.5
    endloop
  endfacet
  facet normal 0.137012341681963 -0.9905693404435779 0
    outer loop
      vertex 2.350747949156753 -19.861369139098525 42
      vertex 2.350747949156753 -19.861369139098525 40.5
      vertex 3.1286893008046173 -19.753766811902757 40.5
    endloop
  endfacet
  facet normal 0.17579627993435823 -0.9844265680898909 0
    outer loop
      vertex 3.1286893008046173 -19.753766811902757 42
      vertex 3.1286893008046173 -19.753766811902757 40.5
      vertex 3.901806440322565 -19.61570560806461 40.5
    endloop
  endfacet
  facet normal 0.21430915306505033 -0.9767658813208725 6.344825496552956e-17
    outer loop
      vertex 3.9018064403225647 -19.61570560806461 42
      vertex 3.901806440322565 -19.61570560806461 40.5
      vertex 4.668907277118108 -19.447398407953532 40.5
    endloop
  endfacet
  facet normal 0.2524915770151565 -0.9675990923602602 0
    outer loop
      vertex 4.668907277118108 -19.447398407953532 42
      vertex 4.668907277118108 -19.447398407953532 40.5
      vertex 5.428808997301485 -19.249104729072947 40.5
    endloop
  endfacet
  facet normal -0.17579627993435257 0.9844265680898919 0
    outer loop
      vertex 3.218990313266116 -16.182957126653303 42
      vertex 3.218990313266116 -16.182957126653303 40.5
      vertex 2.5811686731638095 -16.29685761981977 40.5
    endloop
  endfacet
  facet normal -0.21430915306505385 0.9767658813208717 0
    outer loop
      vertex 3.851848503622439 -16.044103686561662 42
      vertex 3.851848503622439 -16.044103686561662 40.5
      vertex 3.218990313266116 -16.182957126653303 40.5
    endloop
  endfacet
  facet normal -0.25249157701515634 0.9675990923602602 0
    outer loop
      vertex 4.478767422773726 -15.88051140148518 42
      vertex 4.478767422773726 -15.88051140148518 40.5
      vertex 3.851848503622439 -16.044103686561662 40.5
    endloop
  endfacet
  facet normal -0.29028467725446294 0.9569403357322086 0
    outer loop
      vertex 5.098780407186632 -15.692432518870033 42
      vertex 5.098780407186632 -15.692432518870033 40.5
      vertex 4.478767422773726 -15.88051140148518 40.5
    endloop
  endfacet
  facet normal -0.8819212643483573 -0.4713967368259935 0
    outer loop
      vertex 4.7627386067553505 -13.370719559894004 42
      vertex 4.7627386067553505 -13.370719559894004 40.5
      vertex 4.881205916295001 -13.592356307141415 40.5
    endloop
  endfacet
  facet normal -0.8627343859777902 -0.5056573733779872 0
    outer loop
      vertex 4.881205916295001 -13.592356307141415 42
      vertex 4.881205916295001 -13.592356307141415 40.5
      vertex 5.008283309694715 -13.809171175742978 40.5
    endloop
  endfacet
  facet normal -0.8997482840522191 -0.43640924067334697 0
    outer loop
      vertex 4.653064049080383 -13.144602681800444 42
      vertex 4.653064049080383 -13.144602681800444 40.5
      vertex 4.7627386067553505 -13.370719559894004 40.5
    endloop
  endfacet
  facet normal -0.9161879571171376 -0.400748833103137 0
    outer loop
      vertex 4.552351353488669 -12.91435432869748 42
      vertex 4.552351353488669 -12.91435432869748 40.5
      vertex 4.653064049080383 -13.144602681800444 40.5
    endloop
  endfacet
  facet normal -0.9312149347588031 -0.36447049987915064 0
    outer loop
      vertex 4.460755811657005 -12.680329526856859 42
      vertex 4.460755811657005 -12.680329526856859 40.5
      vertex 4.552351353488669 -12.91435432869748 40.5
    endloop
  endfacet
  facet normal -0.9448060464668777 -0.32763017956169477 0
    outer loop
      vertex 4.378418657271921 -12.44288912556057 42
      vertex 4.378418657271921 -12.44288912556057 40.5
      vertex 4.460755811657005 -12.680329526856859 40.5
    endloop
  endfacet
  facet normal -0.9569403357322087 -0.29028467725446283 0
    outer loop
      vertex 4.305466848257561 -12.20239924069738 42
      vertex 4.305466848257561 -12.20239924069738 40.5
      vertex 4.378418657271921 -12.44288912556057 40.5
    endloop
  endfacet
  facet normal -0.9675990923602598 -0.2524915770151577 0
    outer loop
      vertex 4.242012871015773 -11.959230690238698 42
      vertex 4.242012871015773 -11.959230690238698 40.5
      vertex 4.305466848257561 -12.20239924069738 40.5
    endloop
  endfacet
  facet normal -0.9767658813208724 -0.214309153065051 0
    outer loop
      vertex 4.188154566980229 -11.713758422464126 42
      vertex 4.188154566980229 -11.713758422464126 40.5
      vertex 4.242012871015773 -11.959230690238698 40.5
    endloop
  endfacet
  facet normal -0.9844265680898914 -0.17579627993435604 0
    outer loop
      vertex 4.143974981752022 -11.466360937818383 42
      vertex 4.143974981752022 -11.466360937818383 40.5
      vertex 4.188154566980229 -11.713758422464126 40.5
    endloop
  endfacet
  facet normal -0.9905693404435773 -0.13701234168196816 0
    outer loop
      vertex 4.109542237049375 -11.217419705291066 42
      vertex 4.109542237049375 -11.217419705291066 40.5
      vertex 4.143974981752022 -11.466360937818383 40.5
    endloop
  endfacet
  facet normal -0.995184726672197 -0.09801714032955863 0
    outer loop
      vertex 4.084909425668885 -10.967318574219112 42
      vertex 4.084909425668885 -10.967318574219112 40.5
      vertex 4.109542237049375 -11.217419705291066 40.5
    endloop
  endfacet
  facet normal -0.9982656101847158 -0.05887080365119002 0
    outer loop
      vertex 4.070114529620277 -10.716443182418944 42
      vertex 4.070114529620277 -10.716443182418944 40.5
      vertex 4.084909425668885 -10.967318574219112 40.5
    endloop
  endfacet
  facet normal -0.9998072404820647 -0.019633692460634122 0
    outer loop
      vertex 4.070114529620277 -10.716443182418944 42
      vertex 4.06569651419153 -10.491464420880392 40.5
      vertex 4.070114529620277 -10.716443182418944 40.5
    endloop
  endfacet
  facet normal 0.2902846772544664 -0.9569403357322078 0
    outer loop
      vertex 5.428808997301485 -19.249104729072947 42
      vertex 5.428808997301485 -19.249104729072947 40.5
      vertex 6.180339887498948 -19.02113032590307 40.5
    endloop
  endfacet
  facet normal 0.327630179561692 -0.9448060464668785 0
    outer loop
      vertex 6.180339887498948 -19.02113032590307 42
      vertex 6.180339887498948 -19.02113032590307 40.5
      vertex 6.922341141549859 -18.763826718449682 40.5
    endloop
  endfacet
  facet normal 0.36447049987914787 -0.9312149347588043 0
    outer loop
      vertex 6.922341141549859 -18.763826718449682 42
      vertex 6.922341141549859 -18.763826718449682 40.5
      vertex 7.653668647301796 -18.477590650225736 40.5
    endloop
  endfacet
  facet normal -0.32763017956169305 0.9448060464668782 0
    outer loop
      vertex 5.710931441778634 -15.480157042720988 42
      vertex 5.710931441778634 -15.480157042720988 40.5
      vertex 5.098780407186632 -15.692432518870033 40.5
    endloop
  endfacet
  facet normal -0.3644704998791507 0.9312149347588031 0
    outer loop
      vertex 6.241847494573982 -15.272360505172644 42
      vertex 6.241847494573982 -15.272360505172644 40.5
      vertex 5.710931441778634 -15.480157042720988 40.5
    endloop
  endfacet
  facet normal -0.693087362545637 -0.7208535967029178 0
    outer loop
      vertex 5.939696961966999 -14.99066376115481 42
      vertex 5.939696961966999 -14.99066376115481 40.5
      vertex 6.120855590150076 -15.164844421949294 40.5
    endloop
  endfacet
  facet normal -0.6642524379112738 -0.747508326862604 0
    outer loop
      vertex 6.120855590150076 -15.164844421949294 42
      vertex 6.120855590150076 -15.164844421949294 40.5
      vertex 6.241847494573982 -15.272360505172644 40.5
    endloop
  endfacet
  facet normal 0.40074883310314413 -0.9161879571171344 0
    outer loop
      vertex 7.653668647301796 -18.477590650225736 42
      vertex 7.653668647301796 -18.477590650225736 40.5
      vertex 8.373194750748562 -18.162863476501624 40.5
    endloop
  endfacet
  facet normal 0.43640924067333986 -0.8997482840522225 0
    outer loop
      vertex 8.373194750748562 -18.162863476501624 42
      vertex 8.373194750748562 -18.162863476501624 40.5
      vertex 9.079809994790935 -17.820130483767358 40.5
    endloop
  endfacet
  facet normal 0.471396736825996 -0.8819212643483559 0
    outer loop
      vertex 9.079809994790935 -17.820130483767358 42
      vertex 9.079809994790935 -17.820130483767358 40.5
      vertex 9.772424829939098 -17.449920141455944 40.5
    endloop
  endfacet
  facet normal -0.7730104533627393 -0.6343932841636425 0
    outer loop
      vertex 5.4391520039241374 -14.427381637143844 42
      vertex 5.4391520039241374 -14.427381637143844 40.5
      vertex 5.5985821817207055 -14.621647870874082 40.5
    endloop
  endfacet
  facet normal -0.8204014435255117 -0.5717879602276149 0
    outer loop
      vertex 5.143774842824614 -14.02082985288636 42
      vertex 5.143774842824614 -14.02082985288636 40.5
      vertex 5.287471597561241 -14.227005976232734 40.5
    endloop
  endfacet
  facet normal -0.8422172337162888 -0.539138322910997 0
    outer loop
      vertex 5.008283309694715 -13.809171175742978 42
      vertex 5.008283309694715 -13.809171175742978 40.5
      vertex 5.143774842824614 -14.02082985288636 40.5
    endloop
  endfacet
  facet normal -0.7973206537727078 -0.6035559419535705 0
    outer loop
      vertex 5.287471597561241 -14.227005976232734 42
      vertex 5.287471597561241 -14.227005976232734 40.5
      vertex 5.4391520039241374 -14.427381637143844 40.5
    endloop
  endfacet
  facet normal -0.7475083268625976 -0.6642524379112805 0
    outer loop
      vertex 5.5985821817207055 -14.621647870874082 42
      vertex 5.5985821817207055 -14.621647870874082 40.5
      vertex 5.765516301172515 -14.809505132971733 40.5
    endloop
  endfacet
  facet normal -0.7208535967029178 -0.693087362545637 0
    outer loop
      vertex 5.765516301172515 -14.809505132971733 42
      vertex 5.765516301172515 -14.809505132971733 40.5
      vertex 5.939696961966999 -14.99066376115481 40.5
    endloop
  endfacet
  facet normal 0.8422172337162905 0.5391383229109941 0
    outer loop
      vertex 7.305595834811232 -12.576347247035393 42
      vertex 7.305595834811232 -12.576347247035393 40.5
      vertex 7.225147737015354 -12.45067490748151 40.5
    endloop
  endfacet
  facet normal 0.8204014435255115 0.5717879602276154 0
    outer loop
      vertex 7.390915782936105 -12.698764320272304 42
      vertex 7.390915782936105 -12.698764320272304 40.5
      vertex 7.305595834811232 -12.576347247035393 40.5
    endloop
  endfacet
  facet normal 0.7973206537727102 0.6035559419535673 0
    outer loop
      vertex 7.4809760242140735 -12.817737368938275 42
      vertex 7.4809760242140735 -12.817737368938275 40.5
      vertex 7.390915782936105 -12.698764320272304 40.5
    endloop
  endfacet
  facet normal 0.956940335732212 0.29028467725445173 0
    outer loop
      vertex 6.8511655996393195 -11.639444940185705 42
      vertex 6.8511655996393195 -11.639444940185705 40.5
      vertex 6.807850463037045 -11.496654071048187 40.5
    endloop
  endfacet
  facet normal 0.9675990923602593 0.2524915770151597 0
    outer loop
      vertex 6.807850463037045 -11.496654071048187 42
      vertex 6.807850463037045 -11.496654071048187 40.5
      vertex 6.770174664049733 -11.352272744213344 40.5
    endloop
  endfacet
  facet normal 0.9767658813208709 0.2143091530650575 0
    outer loop
      vertex 6.770174664049733 -11.352272744213344 42
      vertex 6.770174664049733 -11.352272744213344 40.5
      vertex 6.738196296028628 -11.206523585222191 40.5
    endloop
  endfacet
  facet normal 0.8819212643483592 0.4713967368259898 0
    outer loop
      vertex 7.149695534684275 -12.321941079249333 42
      vertex 7.149695534684275 -12.321941079249333 40.5
      vertex 7.079355569645108 -12.190344260571182 40.5
    endloop
  endfacet
  facet normal 0.9312149347588 0.36447049987915875 0
    outer loop
      vertex 6.954438138018016 -11.919377404548246 42
      vertex 6.954438138018016 -11.919377404548246 40.5
      vertex 6.900053285055464 -11.780425178455378 40.5
    endloop
  endfacet
  facet normal 0.916187957117138 0.40074883310313625 0
    outer loop
      vertex 7.014236301025596 -12.056087364203131 42
      vertex 7.014236301025596 -12.056087364203131 40.5
      vertex 6.954438138018016 -11.919377404548246 40.5
    endloop
  endfacet
  facet normal 0.8997482840522192 0.43640924067334663 0
    outer loop
      vertex 7.079355569645108 -12.190344260571182 42
      vertex 7.079355569645108 -12.190344260571182 40.5
      vertex 7.014236301025596 -12.056087364203131 40.5
    endloop
  endfacet
  facet normal 0.8627343859777893 0.5056573733779889 0
    outer loop
      vertex 7.225147737015354 -12.45067490748151 42
      vertex 7.225147737015354 -12.45067490748151 40.5
      vertex 7.149695534684275 -12.321941079249333 40.5
    endloop
  endfacet
  facet normal 0.9448060464668762 0.32763017956169926 0
    outer loop
      vertex 6.900053285055464 -11.780425178455378 42
      vertex 6.900053285055464 -11.780425178455378 40.5
      vertex 6.8511655996393195 -11.639444940185705 40.5
    endloop
  endfacet
  facet normal 0.9905693404435766 0.13701234168197338 0
    outer loop
      vertex 6.711964667299382 -11.059631328713783 42
      vertex 6.711964667299382 -11.059631328713783 40.5
      vertex 6.691520225132185 -10.911822471900688 40.5
    endloop
  endfacet
  facet normal 0.9844265680898936 0.17579627993434346 0
    outer loop
      vertex 6.738196296028628 -11.206523585222191 42
      vertex 6.738196296028628 -11.206523585222191 40.5
      vertex 6.711964667299382 -11.059631328713783 40.5
    endloop
  endfacet
  facet normal 0.9951847266721968 0.0980171403295613 0
    outer loop
      vertex 6.691520225132185 -10.911822471900688 42
      vertex 6.691520225132185 -10.911822471900688 40.5
      vertex 6.676894493375018 -10.763324925326716 40.5
    endloop
  endfacet
  facet normal 0.9982656101847163 0.05887080365118214 0
    outer loop
      vertex 6.676894493375018 -10.763324925326716 42
      vertex 6.676894493375018 -10.763324925326716 40.5
      vertex 6.668110023846158 -10.614367661445367 40.5
    endloop
  endfacet
  facet normal 0.9998072404820646 0.019633692460642636 0
    outer loop
      vertex 6.668110023846158 -10.614367661445367 42
      vertex 6.668110023846158 -10.614367661445367 40.5
      vertex 6.665180361560903 -10.465180361560904 40.5
    endloop
  endfacet
  facet normal 0.9998072404820647 -0.019633692460637155 0
    outer loop
      vertex 6.665180361560903 -10.465180361560904 42
      vertex 6.665180361560903 -10.465180361560904 40.5
      vertex 6.6681100238461575 -10.315993061676444 40.5
    endloop
  endfacet
  facet normal 0.9982656101847163 -0.05887080365118074 0
    outer loop
      vertex 6.6681100238461575 -10.315993061676444 42
      vertex 6.6681100238461575 -10.315993061676444 40.5
      vertex 6.676894493375017 -10.167035797795092 40.5
    endloop
  endfacet
  facet normal 0.9951847266721968 -0.0980171403295613 0
    outer loop
      vertex 6.676894493375017 -10.167035797795092 42
      vertex 6.676894493375017 -10.167035797795092 40.5
      vertex 6.691520225132184 -10.01853825122112 40.5
    endloop
  endfacet
  facet normal 0.5056573733779757 0.8627343859777971 0
    outer loop
      vertex 8.608419643872475 -13.780665188437533 42
      vertex 8.608419643872475 -13.780665188437533 40.5
      vertex 8.479685815640298 -13.705212986106456 40.5
    endloop
  endfacet
  facet normal 0.4713967368259941 0.8819212643483568 0
    outer loop
      vertex 8.740016462550628 -13.851005153476702 42
      vertex 8.740016462550628 -13.851005153476702 40.5
      vertex 8.608419643872475 -13.780665188437533 40.5
    endloop
  endfacet
  facet normal 0.7208535967029179 0.6930873625456367 0
    outer loop
      vertex 7.778174593052023 -13.152186130069785 42
      vertex 7.778174593052023 -13.152186130069785 40.5
      vertex 7.6747548257053 -13.044623194586084 40.5
    endloop
  endfacet
  facet normal 0.6642524379112843 0.7475083268625944 0
    outer loop
      vertex 7.997277777906207 -13.354723030841024 42
      vertex 7.997277777906207 -13.354723030841024 40.5
      vertex 7.885737528535726 -13.25560589741651 40.5
    endloop
  endfacet
  facet normal 0.693087362545637 0.7208535967029177 0
    outer loop
      vertex 7.885737528535726 -13.25560589741651 42
      vertex 7.885737528535726 -13.25560589741651 40.5
      vertex 7.778174593052023 -13.152186130069785 40.5
    endloop
  endfacet
  facet normal 0.6343932841636487 0.7730104533627343 0
    outer loop
      vertex 8.112623354183533 -13.449384698907735 42
      vertex 8.112623354183533 -13.449384698907735 40.5
      vertex 7.997277777906207 -13.354723030841024 40.5
    endloop
  endfacet
  facet normal 0.7475083268625944 0.6642524379112843 0
    outer loop
      vertex 7.6747548257053 -13.044623194586084 42
      vertex 7.6747548257053 -13.044623194586084 40.5
      vertex 7.575637692280786 -12.933082945215602 40.5
    endloop
  endfacet
  facet normal 0.7730104533627362 0.6343932841636464 0
    outer loop
      vertex 7.575637692280786 -12.933082945215602 42
      vertex 7.575637692280786 -12.933082945215602 40.5
      vertex 7.4809760242140735 -12.817737368938275 40.5
    endloop
  endfacet
  facet normal 0.6035559419535654 0.7973206537727117 0
    outer loop
      vertex 8.231596402849506 -13.539444940185705 42
      vertex 8.231596402849506 -13.539444940185705 40.5
      vertex 8.112623354183533 -13.449384698907735 40.5
    endloop
  endfacet
  facet normal 0.5717879602276129 0.8204014435255131 0
    outer loop
      vertex 8.354013476086415 -13.624764888310576 42
      vertex 8.354013476086415 -13.624764888310576 40.5
      vertex 8.231596402849506 -13.539444940185705 40.5
    endloop
  endfacet
  facet normal 0.5391383229110067 0.8422172337162823 0
    outer loop
      vertex 8.479685815640298 -13.705212986106456 42
      vertex 8.479685815640298 -13.705212986106456 40.5
      vertex 8.354013476086415 -13.624764888310576 40.5
    endloop
  endfacet
  facet normal 0.43640924067334663 0.8997482840522192 0
    outer loop
      vertex 8.874273358918678 -13.916124422096214 42
      vertex 8.874273358918678 -13.916124422096214 40.5
      vertex 8.740016462550628 -13.851005153476702 40.5
    endloop
  endfacet
  facet normal 0.40074883310314185 0.9161879571171354 0
    outer loop
      vertex 9.010983318573565 -13.975922585103795 42
      vertex 9.010983318573565 -13.975922585103795 40.5
      vertex 8.874273358918678 -13.916124422096214 40.5
    endloop
  endfacet
  facet normal 0.3276301795616939 0.9448060464668778 0
    outer loop
      vertex 9.290915782936104 -14.079195123482489 42
      vertex 9.290915782936104 -14.079195123482489 40.5
      vertex 9.14993554466643 -14.030307438066345 40.5
    endloop
  endfacet
  facet normal 0.3644704998791513 0.9312149347588029 0
    outer loop
      vertex 9.14993554466643 -14.030307438066345 42
      vertex 9.14993554466643 -14.030307438066345 40.5
      vertex 9.010983318573565 -13.975922585103795 40.5
    endloop
  endfacet
  facet normal 0.29028467725445173 0.956940335732212 0
    outer loop
      vertex 9.43370665207362 -14.122510260084763 42
      vertex 9.43370665207362 -14.122510260084763 40.5
      vertex 9.290915782936104 -14.079195123482489 40.5
    endloop
  endfacet
  facet normal 0.2524915770151597 0.9675990923602593 0
    outer loop
      vertex 9.578087978908464 -14.160186059072075 42
      vertex 9.578087978908464 -14.160186059072075 40.5
      vertex 9.43370665207362 -14.122510260084763 40.5
    endloop
  endfacet
  facet normal 0.2143091530650575 0.9767658813208709 0
    outer loop
      vertex 9.723837137899617 -14.19216442709318 42
      vertex 9.723837137899617 -14.19216442709318 40.5
      vertex 9.578087978908464 -14.160186059072075 40.5
    endloop
  endfacet
  facet normal 0.17579627993434346 0.9844265680898936 0
    outer loop
      vertex 9.870729394408025 -14.218396055822426 42
      vertex 9.870729394408025 -14.218396055822426 40.5
      vertex 9.723837137899617 -14.19216442709318 40.5
    endloop
  endfacet
  facet normal 0.13701234168197923 0.9905693404435757 0
    outer loop
      vertex 10.01853825122112 -14.238840497989624 42
      vertex 10.01853825122112 -14.238840497989624 40.5
      vertex 9.870729394408025 -14.218396055822426 40.5
    endloop
  endfacet
  facet normal 0.9905693404435753 -0.13701234168198245 0
    outer loop
      vertex 6.691520225132184 -10.01853825122112 42
      vertex 6.691520225132184 -10.01853825122112 40.5
      vertex 6.711964667299382 -9.870729394408029 40.5
    endloop
  endfacet
  facet normal 0.9844265680898943 -0.17579627993433933 0
    outer loop
      vertex 6.711964667299382 -9.870729394408029 42
      vertex 6.711964667299382 -9.870729394408029 40.5
      vertex 6.738196296028628 -9.723837137899617 40.5
    endloop
  endfacet
  facet normal 0.9767658813208709 -0.2143091530650575 0
    outer loop
      vertex 6.738196296028628 -9.723837137899617 42
      vertex 6.738196296028628 -9.723837137899617 40.5
      vertex 6.770174664049733 -9.578087978908464 40.5
    endloop
  endfacet
  facet normal 0.96759909236026 -0.252491577015157 0
    outer loop
      vertex 6.770174664049733 -9.578087978908464 42
      vertex 6.770174664049733 -9.578087978908464 40.5
      vertex 6.807850463037044 -9.433706652073623 40.5
    endloop
  endfacet
  facet normal 0.9569403357322114 -0.2902846772544539 0
    outer loop
      vertex 6.807850463037044 -9.433706652073623 42
      vertex 6.807850463037044 -9.433706652073623 40.5
      vertex 6.8511655996393195 -9.290915782936104 40.5
    endloop
  endfacet
  facet normal 0.9448060464668728 -0.3276301795617082 0
    outer loop
      vertex 6.8511655996393195 -9.290915782936104 42
      vertex 6.8511655996393195 -9.290915782936104 40.5
      vertex 6.900053285055465 -9.149935544666432 40.5
    endloop
  endfacet
  facet normal 0.9312149347588061 -0.3644704998791433 0
    outer loop
      vertex 6.900053285055465 -9.149935544666432 42
      vertex 6.900053285055465 -9.149935544666432 40.5
      vertex 6.9544381380180145 -9.010983318573563 40.5
    endloop
  endfacet
  facet normal 0.9161879571171376 -0.40074883310313686 0
    outer loop
      vertex 6.9544381380180145 -9.010983318573563 42
      vertex 6.9544381380180145 -9.010983318573563 40.5
      vertex 7.014236301025595 -8.874273358918677 40.5
    endloop
  endfacet
  facet normal 0.8997482840522196 -0.43640924067334563 0
    outer loop
      vertex 7.014236301025595 -8.874273358918677 40.5
      vertex 7.073676129014438 -8.751725808929121 40.5
      vertex 7.073676129014438 -8.751725808929121 42
    endloop
  endfacet
  facet normal 0.4364092406733457 -0.8997482840522197 0
    outer loop
      vertex 8.874273358918677 -7.014236301025595 42
      vertex 8.75431656147597 -7.072419523837431 40.5
      vertex 8.874273358918677 -7.014236301025595 40.5
    endloop
  endfacet
  facet normal 0.40074883310313686 -0.9161879571171376 0
    outer loop
      vertex 8.874273358918677 -7.014236301025595 42
      vertex 8.874273358918677 -7.014236301025595 40.5
      vertex 9.010983318573563 -6.9544381380180145 40.5
    endloop
  endfacet
  facet normal 0.3644704998791433 -0.9312149347588061 0
    outer loop
      vertex 9.010983318573563 -6.9544381380180145 42
      vertex 9.010983318573563 -6.9544381380180145 40.5
      vertex 9.149935544666432 -6.900053285055465 40.5
    endloop
  endfacet
  facet normal 0.3276301795617082 -0.9448060464668728 0
    outer loop
      vertex 9.149935544666432 -6.900053285055465 42
      vertex 9.149935544666432 -6.900053285055465 40.5
      vertex 9.290915782936104 -6.8511655996393195 40.5
    endloop
  endfacet
  facet normal 0.2902846772544539 -0.9569403357322114 0
    outer loop
      vertex 9.290915782936104 -6.8511655996393195 42
      vertex 9.290915782936104 -6.8511655996393195 40.5
      vertex 9.433706652073623 -6.807850463037044 40.5
    endloop
  endfacet
  facet normal 0.252491577015157 -0.96759909236026 0
    outer loop
      vertex 9.433706652073623 -6.807850463037044 42
      vertex 9.433706652073623 -6.807850463037044 40.5
      vertex 9.578087978908464 -6.770174664049733 40.5
    endloop
  endfacet
  facet normal 0.2143091530650575 -0.9767658813208709 0
    outer loop
      vertex 9.578087978908464 -6.770174664049733 42
      vertex 9.578087978908464 -6.770174664049733 40.5
      vertex 9.723837137899617 -6.738196296028628 40.5
    endloop
  endfacet
  facet normal 0.17579627993433933 -0.9844265680898943 0
    outer loop
      vertex 9.723837137899617 -6.738196296028628 42
      vertex 9.723837137899617 -6.738196296028628 40.5
      vertex 9.870729394408029 -6.711964667299382 40.5
    endloop
  endfacet
  facet normal 0.13701234168198245 -0.9905693404435753 0
    outer loop
      vertex 9.870729394408029 -6.711964667299382 42
      vertex 9.870729394408029 -6.711964667299382 40.5
      vertex 10.01853825122112 -6.691520225132184 40.5
    endloop
  endfacet
  facet normal 0.5056573733779876 -0.8627343859777901 0
    outer loop
      vertex 9.772424829939098 -17.449920141455944 42
      vertex 9.772424829939098 -17.449920141455944 40.5
      vertex 10.449971294318976 -17.052803287081844 40.5
    endloop
  endfacet
  facet normal 0.5391383229109968 -0.8422172337162888 0
    outer loop
      vertex 10.449971294318976 -17.052803287081844 42
      vertex 10.449971294318976 -17.052803287081844 40.5
      vertex 11.111404660392047 -16.629392246050905 40.5
    endloop
  endfacet
  facet normal 0.5717879602276079 -0.8204014435255167 0
    outer loop
      vertex 11.111404660392047 -16.629392246050905 42
      vertex 11.111404660392047 -16.629392246050905 40.5
      vertex 11.755705045849467 -16.180339887498953 40.5
    endloop
  endfacet
  facet normal 0.6035559419535773 -0.7973206537727028 7.147538169665984e-16
    outer loop
      vertex 11.755705045849465 -16.180339887498953 42
      vertex 11.755705045849467 -16.180339887498953 40.5
      vertex 12.38187898619668 -15.706338617614898 40.5
    endloop
  endfacet
  facet normal 0.6343932841636449 -0.7730104533627374 0
    outer loop
      vertex 12.38187898619668 -15.706338617614898 42
      vertex 12.38187898619668 -15.706338617614898 40.5
      vertex 12.988960966603674 -15.208119312000619 40.5
    endloop
  endfacet
  facet normal 0.6642524379112832 -0.7475083268625955 0
    outer loop
      vertex 12.988960966603674 -15.208119312000619 42
      vertex 12.988960966603674 -15.208119312000619 40.5
      vertex 13.576014910658834 -14.68645018871371 40.5
    endloop
  endfacet
  facet normal 0.09801714032956603 0.9951847266721964 0
    outer loop
      vertex 10.167035797795094 -14.253466229746792 42
      vertex 10.167035797795094 -14.253466229746792 40.5
      vertex 10.01853825122112 -14.238840497989624 40.5
    endloop
  endfacet
  facet normal 0.05887080365119925 0.9982656101847153 0
    outer loop
      vertex 10.315993061676444 -14.262250699275654 42
      vertex 10.315993061676444 -14.262250699275654 40.5
      vertex 10.167035797795094 -14.253466229746792 40.5
    endloop
  endfacet
  facet normal 0.019633692460601686 0.9998072404820654 0
    outer loop
      vertex 10.465180361560902 -14.265180361560903 42
      vertex 10.465180361560902 -14.265180361560903 40.5
      vertex 10.315993061676444 -14.262250699275654 40.5
    endloop
  endfacet
  facet normal -0.019633692460625022 0.9998072404820649 0
    outer loop
      vertex 10.614367661445364 -14.26225069927565 42
      vertex 10.614367661445364 -14.26225069927565 40.5
      vertex 10.465180361560902 -14.265180361560903 40.5
    endloop
  endfacet
  facet normal -0.05887080365118668 0.998265610184716 0
    outer loop
      vertex 10.763324925326716 -14.25346622974679 42
      vertex 10.763324925326716 -14.25346622974679 40.5
      vertex 10.614367661445364 -14.26225069927565 40.5
    endloop
  endfacet
  facet normal -0.0980171403295554 0.9951847266721975 0
    outer loop
      vertex 10.911822471900688 -14.238840497989624 42
      vertex 10.911822471900688 -14.238840497989624 40.5
      vertex 10.763324925326716 -14.25346622974679 40.5
    endloop
  endfacet
  facet normal -0.13701234168196916 0.990569340443577 0
    outer loop
      vertex 11.059631328713781 -14.218396055822428 42
      vertex 11.059631328713781 -14.218396055822428 40.5
      vertex 10.911822471900688 -14.238840497989624 40.5
    endloop
  endfacet
  facet normal -0.17579627993435293 0.9844265680898919 0
    outer loop
      vertex 11.206523585222191 -14.19216442709318 42
      vertex 11.206523585222191 -14.19216442709318 40.5
      vertex 11.059631328713781 -14.218396055822428 40.5
    endloop
  endfacet
  facet normal -0.2143091530650575 0.9767658813208709 0
    outer loop
      vertex 11.352272744213344 -14.160186059072075 42
      vertex 11.352272744213344 -14.160186059072075 40.5
      vertex 11.206523585222191 -14.19216442709318 40.5
    endloop
  endfacet
  facet normal -0.2524915770151374 0.9675990923602652 0
    outer loop
      vertex 11.496654071048187 -14.122510260084766 42
      vertex 11.496654071048187 -14.122510260084766 40.5
      vertex 11.352272744213344 -14.160186059072075 40.5
    endloop
  endfacet
  facet normal -0.2902846772544736 0.9569403357322055 0
    outer loop
      vertex 11.639444940185705 -14.079195123482489 42
      vertex 11.639444940185705 -14.079195123482489 40.5
      vertex 11.496654071048187 -14.122510260084766 40.5
    endloop
  endfacet
  facet normal -0.3276301795616939 0.9448060464668778 0
    outer loop
      vertex 11.780425178455378 -14.030307438066345 42
      vertex 11.780425178455378 -14.030307438066345 40.5
      vertex 11.639444940185705 -14.079195123482489 40.5
    endloop
  endfacet
  facet normal -0.36447049987915764 0.9312149347588005 0
    outer loop
      vertex 11.919377404548245 -13.975922585103794 42
      vertex 11.919377404548245 -13.975922585103794 40.5
      vertex 11.780425178455378 -14.030307438066345 40.5
    endloop
  endfacet
  facet normal -0.40074883310312753 0.9161879571171417 0
    outer loop
      vertex 12.056087364203133 -13.916124422096214 42
      vertex 12.056087364203133 -13.916124422096214 40.5
      vertex 11.919377404548245 -13.975922585103794 40.5
    endloop
  endfacet
  facet normal -0.43640924067334663 0.8997482840522192 0
    outer loop
      vertex 12.190344260571184 -13.851005153476702 42
      vertex 12.190344260571184 -13.851005153476702 40.5
      vertex 12.056087364203133 -13.916124422096214 40.5
    endloop
  endfacet
  facet normal -0.47139673682600397 0.8819212643483515 0
    outer loop
      vertex 12.321941079249333 -13.780665188437533 42
      vertex 12.321941079249333 -13.780665188437533 40.5
      vertex 12.190344260571184 -13.851005153476702 40.5
    endloop
  endfacet
  facet normal -0.5056573733779793 0.862734385977795 0
    outer loop
      vertex 12.450674907481512 -13.705212986106455 42
      vertex 12.450674907481512 -13.705212986106455 40.5
      vertex 12.321941079249333 -13.780665188437533 40.5
    endloop
  endfacet
  facet normal -0.5391383229110037 0.8422172337162843 0
    outer loop
      vertex 12.576347247035393 -13.624764888310576 42
      vertex 12.576347247035393 -13.624764888310576 40.5
      vertex 12.450674907481512 -13.705212986106455 40.5
    endloop
  endfacet
  facet normal -0.5717879602276129 0.8204014435255131 0
    outer loop
      vertex 12.698764320272302 -13.539444940185705 42
      vertex 12.698764320272302 -13.539444940185705 40.5
      vertex 12.576347247035393 -13.624764888310576 40.5
    endloop
  endfacet
  facet normal -0.6035559419535654 0.7973206537727117 0
    outer loop
      vertex 12.817737368938275 -13.449384698907735 42
      vertex 12.817737368938275 -13.449384698907735 40.5
      vertex 12.698764320272302 -13.539444940185705 40.5
    endloop
  endfacet
  facet normal -0.6343932841636629 0.7730104533627227 0
    outer loop
      vertex 12.9330829452156 -13.35472303084102 42
      vertex 12.9330829452156 -13.35472303084102 40.5
      vertex 12.817737368938275 -13.449384698907735 40.5
    endloop
  endfacet
  facet normal -0.6642524379112711 0.7475083268626063 0
    outer loop
      vertex 13.044623194586082 -13.25560589741651 42
      vertex 13.044623194586082 -13.25560589741651 40.5
      vertex 12.9330829452156 -13.35472303084102 40.5
    endloop
  endfacet
  facet normal -0.6930873625456249 0.7208535967029295 0
    outer loop
      vertex 13.152186130069786 -13.152186130069786 42
      vertex 13.152186130069786 -13.152186130069786 40.5
      vertex 13.044623194586082 -13.25560589741651 40.5
    endloop
  endfacet
  facet normal -0.7208535967029295 0.6930873625456249 0
    outer loop
      vertex 13.25560589741651 -13.044623194586082 42
      vertex 13.25560589741651 -13.044623194586082 40.5
      vertex 13.152186130069786 -13.152186130069786 40.5
    endloop
  endfacet
  facet normal -0.7475083268626063 0.6642524379112711 0
    outer loop
      vertex 13.35472303084102 -12.9330829452156 42
      vertex 13.35472303084102 -12.9330829452156 40.5
      vertex 13.25560589741651 -13.044623194586082 40.5
    endloop
  endfacet
  facet normal -0.7730104533627227 0.6343932841636629 0
    outer loop
      vertex 13.449384698907735 -12.817737368938275 42
      vertex 13.449384698907735 -12.817737368938275 40.5
      vertex 13.35472303084102 -12.9330829452156 40.5
    endloop
  endfacet
  facet normal -0.7973206537727117 0.6035559419535654 0
    outer loop
      vertex 13.539444940185705 -12.698764320272302 42
      vertex 13.539444940185705 -12.698764320272302 40.5
      vertex 13.449384698907735 -12.817737368938275 40.5
    endloop
  endfacet
  facet normal -0.8204014435255131 0.5717879602276129 0
    outer loop
      vertex 13.624764888310576 -12.576347247035393 42
      vertex 13.624764888310576 -12.576347247035393 40.5
      vertex 13.539444940185705 -12.698764320272302 40.5
    endloop
  endfacet
  facet normal -0.8422172337162843 0.5391383229110037 0
    outer loop
      vertex 13.705212986106455 -12.450674907481512 42
      vertex 13.705212986106455 -12.450674907481512 40.5
      vertex 13.624764888310576 -12.576347247035393 40.5
    endloop
  endfacet
  facet normal 0.6930873625456346 -0.72085359670292 0
    outer loop
      vertex 13.576014910658834 -14.68645018871371 42
      vertex 13.576014910658834 -14.68645018871371 40.5
      vertex 14.142135623730951 -14.142135623730951 40.5
    endloop
  endfacet
  facet normal 0.72085359670292 -0.6930873625456346 0
    outer loop
      vertex 14.142135623730951 -14.142135623730951 42
      vertex 14.142135623730951 -14.142135623730951 40.5
      vertex 14.68645018871371 -13.576014910658834 40.5
    endloop
  endfacet
  facet normal 0.7475083268625955 -0.6642524379112832 0
    outer loop
      vertex 14.68645018871371 -13.576014910658834 42
      vertex 14.68645018871371 -13.576014910658834 40.5
      vertex 15.208119312000619 -12.988960966603674 40.5
    endloop
  endfacet
  facet normal -0.862734385977795 0.5056573733779793 0
    outer loop
      vertex 13.780665188437533 -12.321941079249333 42
      vertex 13.780665188437533 -12.321941079249333 40.5
      vertex 13.705212986106455 -12.450674907481512 40.5
    endloop
  endfacet
  facet normal -0.8819212643483515 0.47139673682600397 0
    outer loop
      vertex 13.851005153476702 -12.190344260571184 42
      vertex 13.851005153476702 -12.190344260571184 40.5
      vertex 13.780665188437533 -12.321941079249333 40.5
    endloop
  endfacet
  facet normal -0.8997482840522192 0.43640924067334663 0
    outer loop
      vertex 13.916124422096214 -12.056087364203133 42
      vertex 13.916124422096214 -12.056087364203133 40.5
      vertex 13.851005153476702 -12.190344260571184 40.5
    endloop
  endfacet
  facet normal -0.9161879571171417 0.40074883310312753 0
    outer loop
      vertex 13.975922585103794 -11.919377404548245 42
      vertex 13.975922585103794 -11.919377404548245 40.5
      vertex 13.916124422096214 -12.056087364203133 40.5
    endloop
  endfacet
  facet normal -0.9312149347588005 0.36447049987915764 0
    outer loop
      vertex 14.030307438066345 -11.780425178455378 42
      vertex 14.030307438066345 -11.780425178455378 40.5
      vertex 13.975922585103794 -11.919377404548245 40.5
    endloop
  endfacet
  facet normal -0.9448060464668778 0.3276301795616939 0
    outer loop
      vertex 14.079195123482489 -11.639444940185705 42
      vertex 14.079195123482489 -11.639444940185705 40.5
      vertex 14.030307438066345 -11.780425178455378 40.5
    endloop
  endfacet
  facet normal -0.9569403357322055 0.2902846772544736 0
    outer loop
      vertex 14.122510260084766 -11.496654071048187 42
      vertex 14.122510260084766 -11.496654071048187 40.5
      vertex 14.079195123482489 -11.639444940185705 40.5
    endloop
  endfacet
  facet normal -0.9675990923602652 0.2524915770151374 0
    outer loop
      vertex 14.160186059072075 -11.352272744213344 42
      vertex 14.160186059072075 -11.352272744213344 40.5
      vertex 14.122510260084766 -11.496654071048187 40.5
    endloop
  endfacet
  facet normal -0.9767658813208709 0.2143091530650575 0
    outer loop
      vertex 14.19216442709318 -11.206523585222191 42
      vertex 14.19216442709318 -11.206523585222191 40.5
      vertex 14.160186059072075 -11.352272744213344 40.5
    endloop
  endfacet
  facet normal -0.9844265680898919 0.17579627993435293 0
    outer loop
      vertex 14.218396055822428 -11.059631328713781 42
      vertex 14.218396055822428 -11.059631328713781 40.5
      vertex 14.19216442709318 -11.206523585222191 40.5
    endloop
  endfacet
  facet normal -0.990569340443577 0.13701234168196916 0
    outer loop
      vertex 14.238840497989624 -10.911822471900688 42
      vertex 14.238840497989624 -10.911822471900688 40.5
      vertex 14.218396055822428 -11.059631328713781 40.5
    endloop
  endfacet
  facet normal -0.9951847266721975 0.0980171403295554 0
    outer loop
      vertex 14.25346622974679 -10.763324925326716 42
      vertex 14.25346622974679 -10.763324925326716 40.5
      vertex 14.238840497989624 -10.911822471900688 40.5
    endloop
  endfacet
  facet normal -0.998265610184716 0.05887080365118668 0
    outer loop
      vertex 14.26225069927565 -10.614367661445364 42
      vertex 14.26225069927565 -10.614367661445364 40.5
      vertex 14.25346622974679 -10.763324925326716 40.5
    endloop
  endfacet
  facet normal -0.9998072404820649 0.019633692460625022 0
    outer loop
      vertex 14.265180361560903 -10.465180361560902 42
      vertex 14.265180361560903 -10.465180361560902 40.5
      vertex 14.26225069927565 -10.614367661445364 40.5
    endloop
  endfacet
  facet normal -0.9998072404820654 -0.019633692460601686 0
    outer loop
      vertex 14.262250699275654 -10.315993061676444 42
      vertex 14.262250699275654 -10.315993061676444 40.5
      vertex 14.265180361560903 -10.465180361560902 40.5
    endloop
  endfacet
  facet normal -0.9982656101847153 -0.05887080365119925 0
    outer loop
      vertex 14.253466229746792 -10.167035797795094 42
      vertex 14.253466229746792 -10.167035797795094 40.5
      vertex 14.262250699275654 -10.315993061676444 40.5
    endloop
  endfacet
  facet normal -0.9951847266721964 -0.09801714032956603 0
    outer loop
      vertex 14.238840497989624 -10.01853825122112 42
      vertex 14.238840497989624 -10.01853825122112 40.5
      vertex 14.253466229746792 -10.167035797795094 40.5
    endloop
  endfacet
  facet normal 0.7730104533627374 -0.6343932841636449 0
    outer loop
      vertex 15.208119312000619 -12.988960966603674 42
      vertex 15.208119312000619 -12.988960966603674 40.5
      vertex 15.706338617614898 -12.38187898619668 40.5
    endloop
  endfacet
  facet normal 0.7973206537727034 -0.6035559419535762 0
    outer loop
      vertex 15.706338617614898 -12.38187898619668 42
      vertex 15.706338617614898 -12.38187898619668 40.5
      vertex 16.180339887498953 -11.755705045849465 40.5
    endloop
  endfacet
  facet normal 0.8204014435255159 -0.571787960227609 0
    outer loop
      vertex 16.180339887498953 -11.755705045849465 42
      vertex 16.180339887498953 -11.755705045849465 40.5
      vertex 16.629392246050905 -11.111404660392047 40.5
    endloop
  endfacet
  facet normal 0.8422172337162888 -0.5391383229109968 0
    outer loop
      vertex 16.629392246050905 -11.111404660392047 42
      vertex 16.629392246050905 -11.111404660392047 40.5
      vertex 17.052803287081844 -10.449971294318976 40.5
    endloop
  endfacet
  facet normal 0.8627343859777901 -0.5056573733779876 0
    outer loop
      vertex 17.052803287081844 -10.449971294318976 42
      vertex 17.052803287081844 -10.449971294318976 40.5
      vertex 17.449920141455944 -9.772424829939098 40.5
    endloop
  endfacet
  facet normal 0.0980171403295613 -0.9951847266721968 0
    outer loop
      vertex 10.01853825122112 -6.691520225132184 42
      vertex 10.01853825122112 -6.691520225132184 40.5
      vertex 10.167035797795092 -6.676894493375017 40.5
    endloop
  endfacet
  facet normal 0.05887080365118074 -0.9982656101847163 0
    outer loop
      vertex 10.167035797795092 -6.676894493375017 42
      vertex 10.167035797795092 -6.676894493375017 40.5
      vertex 10.315993061676444 -6.6681100238461575 40.5
    endloop
  endfacet
  facet normal 0.019633692460637155 -0.9998072404820647 0
    outer loop
      vertex 10.315993061676444 -6.6681100238461575 42
      vertex 10.315993061676444 -6.6681100238461575 40.5
      vertex 10.465180361560904 -6.665180361560903 40.5
    endloop
  endfacet
  facet normal -0.019633692460642636 -0.9998072404820646 0
    outer loop
      vertex 10.465180361560904 -6.665180361560903 42
      vertex 10.465180361560904 -6.665180361560903 40.5
      vertex 10.614367661445367 -6.668110023846158 40.5
    endloop
  endfacet
  facet normal -0.05887080365118214 -0.9982656101847163 0
    outer loop
      vertex 10.614367661445367 -6.668110023846158 42
      vertex 10.614367661445367 -6.668110023846158 40.5
      vertex 10.763324925326716 -6.676894493375018 40.5
    endloop
  endfacet
  facet normal -0.0980171403295613 -0.9951847266721968 0
    outer loop
      vertex 10.763324925326716 -6.676894493375018 42
      vertex 10.763324925326716 -6.676894493375018 40.5
      vertex 10.911822471900688 -6.691520225132185 40.5
    endloop
  endfacet
  facet normal -0.13701234168197338 -0.9905693404435766 0
    outer loop
      vertex 10.911822471900688 -6.691520225132185 42
      vertex 10.911822471900688 -6.691520225132185 40.5
      vertex 11.059631328713783 -6.711964667299382 40.5
    endloop
  endfacet
  facet normal -0.17579627993434346 -0.9844265680898936 0
    outer loop
      vertex 11.059631328713783 -6.711964667299382 42
      vertex 11.059631328713783 -6.711964667299382 40.5
      vertex 11.206523585222191 -6.738196296028628 40.5
    endloop
  endfacet
  facet normal -0.36447049987915875 -0.9312149347588 0
    outer loop
      vertex 11.780425178455378 -6.900053285055464 42
      vertex 11.780425178455378 -6.900053285055464 40.5
      vertex 11.919377404548246 -6.954438138018016 40.5
    endloop
  endfacet
  facet normal -0.2143091530650575 -0.9767658813208709 0
    outer loop
      vertex 11.206523585222191 -6.738196296028628 42
      vertex 11.206523585222191 -6.738196296028628 40.5
      vertex 11.352272744213344 -6.770174664049733 40.5
    endloop
  endfacet
  facet normal -0.2524915770151597 -0.9675990923602593 0
    outer loop
      vertex 11.352272744213344 -6.770174664049733 42
      vertex 11.352272744213344 -6.770174664049733 40.5
      vertex 11.496654071048187 -6.807850463037045 40.5
    endloop
  endfacet
  facet normal -0.29028467725445173 -0.956940335732212 0
    outer loop
      vertex 11.496654071048187 -6.807850463037045 42
      vertex 11.496654071048187 -6.807850463037045 40.5
      vertex 11.639444940185705 -6.8511655996393195 40.5
    endloop
  endfacet
  facet normal -0.32763017956169926 -0.9448060464668762 0
    outer loop
      vertex 11.639444940185705 -6.8511655996393195 42
      vertex 11.639444940185705 -6.8511655996393195 40.5
      vertex 11.780425178455378 -6.900053285055464 40.5
    endloop
  endfacet
  facet normal -0.40074883310313625 -0.916187957117138 0
    outer loop
      vertex 11.919377404548246 -6.954438138018016 42
      vertex 11.919377404548246 -6.954438138018016 40.5
      vertex 12.056087364203131 -7.014236301025596 40.5
    endloop
  endfacet
  facet normal -0.43640924067334685 -0.8997482840522191 0
    outer loop
      vertex 12.056087364203131 -7.014236301025596 42
      vertex 12.056087364203131 -7.014236301025596 40.5
      vertex 12.165836160407888 -7.067468287866209 40.5
    endloop
  endfacet
  facet normal -0.9844265680898936 -0.17579627993434346 0
    outer loop
      vertex 14.19216442709318 -9.723837137899617 42
      vertex 14.19216442709318 -9.723837137899617 40.5
      vertex 14.218396055822426 -9.870729394408025 40.5
    endloop
  endfacet
  facet normal -0.9905693404435757 -0.13701234168197923 0
    outer loop
      vertex 14.218396055822426 -9.870729394408025 42
      vertex 14.218396055822426 -9.870729394408025 40.5
      vertex 14.238840497989624 -10.01853825122112 40.5
    endloop
  endfacet
  facet normal -0.9767658813208709 -0.2143091530650575 0
    outer loop
      vertex 14.160186059072075 -9.578087978908464 42
      vertex 14.160186059072075 -9.578087978908464 40.5
      vertex 14.19216442709318 -9.723837137899617 40.5
    endloop
  endfacet
  facet normal -0.9675990923602593 -0.2524915770151597 0
    outer loop
      vertex 14.122510260084763 -9.43370665207362 42
      vertex 14.122510260084763 -9.43370665207362 40.5
      vertex 14.160186059072075 -9.578087978908464 40.5
    endloop
  endfacet
  facet normal -0.9448060464668778 -0.3276301795616939 0
    outer loop
      vertex 14.030307438066345 -9.14993554466643 42
      vertex 14.030307438066345 -9.14993554466643 40.5
      vertex 14.079195123482489 -9.290915782936104 40.5
    endloop
  endfacet
  facet normal -0.9312149347588029 -0.3644704998791513 0
    outer loop
      vertex 13.975922585103795 -9.010983318573565 42
      vertex 13.975922585103795 -9.010983318573565 40.5
      vertex 14.030307438066345 -9.14993554466643 40.5
    endloop
  endfacet
  facet normal -0.8997482840522191 -0.43640924067334685 0
    outer loop
      vertex 13.8628924352556 -8.764524562713921 42
      vertex 13.8628924352556 -8.764524562713921 40.5
      vertex 13.916124422096214 -8.874273358918678 40.5
    endloop
  endfacet
  facet normal -0.9161879571171354 -0.40074883310314185 0
    outer loop
      vertex 13.916124422096214 -8.874273358918678 42
      vertex 13.916124422096214 -8.874273358918678 40.5
      vertex 13.975922585103795 -9.010983318573565 40.5
    endloop
  endfacet
  facet normal -0.956940335732212 -0.29028467725445173 0
    outer loop
      vertex 14.079195123482489 -9.290915782936104 42
      vertex 14.079195123482489 -9.290915782936104 40.5
      vertex 14.122510260084763 -9.43370665207362 40.5
    endloop
  endfacet
  facet normal 0.7071067811865476 -0.7071067811865475 0
    outer loop
      vertex 12.165836160407888 -7.067468287866209 42
      vertex 12.165836160407888 -7.067468287866209 40.5
      vertex 18.633304448274096 -0.6 40.5
    endloop
  endfacet
  facet normal -0.7071067811865475 0.7071067811865476 0
    outer loop
      vertex 13.8628924352556 -8.764524562713921 42
      vertex 19.794705503028748 -2.8327114949407757 40.5
      vertex 13.8628924352556 -8.764524562713921 40.5
    endloop
  endfacet
  facet normal 0.8819212643483559 -0.471396736825996 0
    outer loop
      vertex 17.449920141455944 -9.772424829939098 42
      vertex 17.449920141455944 -9.772424829939098 40.5
      vertex 17.820130483767358 -9.079809994790935 40.5
    endloop
  endfacet
  facet normal 0.8997482840522225 -0.43640924067333986 0
    outer loop
      vertex 17.820130483767358 -9.079809994790935 42
      vertex 17.820130483767358 -9.079809994790935 40.5
      vertex 18.162863476501624 -8.373194750748562 40.5
    endloop
  endfacet
  facet normal 0.9161879571171344 -0.40074883310314413 0
    outer loop
      vertex 18.162863476501624 -8.373194750748562 42
      vertex 18.162863476501624 -8.373194750748562 40.5
      vertex 18.477590650225736 -7.653668647301796 40.5
    endloop
  endfacet
  facet normal 0.9312149347588043 -0.36447049987914787 0
    outer loop
      vertex 18.477590650225736 -7.653668647301796 42
      vertex 18.477590650225736 -7.653668647301796 40.5
      vertex 18.763826718449682 -6.922341141549859 40.5
    endloop
  endfacet
  facet normal 0.9448060464668785 -0.327630179561692 0
    outer loop
      vertex 18.763826718449682 -6.922341141549859 42
      vertex 18.763826718449682 -6.922341141549859 40.5
      vertex 19.02113032590307 -6.180339887498948 40.5
    endloop
  endfacet
  facet normal 0.9569403357322078 -0.2902846772544664 0
    outer loop
      vertex 19.02113032590307 -6.180339887498948 42
      vertex 19.02113032590307 -6.180339887498948 40.5
      vertex 19.249104729072947 -5.428808997301485 40.5
    endloop
  endfacet
  facet normal 0.9675990923602602 -0.2524915770151565 0
    outer loop
      vertex 19.249104729072947 -5.428808997301485 42
      vertex 19.249104729072947 -5.428808997301485 40.5
      vertex 19.447398407953532 -4.668907277118108 40.5
    endloop
  endfacet
  facet normal 0 1 0
    outer loop
      vertex 18.633304448274096 -0.6 42
      vertex 18.633304448274096 -0.6 40.5
      vertex 11.236937458840595 -0.6 40.5
    endloop
  endfacet
  facet normal 0.9767658813208727 -0.21430915306505025 0
    outer loop
      vertex 19.447398407953532 -4.668907277118108 42
      vertex 19.447398407953532 -4.668907277118108 40.5
      vertex 19.61570560806461 -3.9018064403225647 40.5
    endloop
  endfacet
  facet normal 0.9844265680898908 -0.17579627993435834 0
    outer loop
      vertex 19.61570560806461 -3.9018064403225647 42
      vertex 19.61570560806461 -3.9018064403225647 40.5
      vertex 19.753766811902757 -3.1286893008046173 40.5
    endloop
  endfacet
  facet normal 0.9905693404435773 -0.1370123416819686 0
    outer loop
      vertex 19.753766811902757 -3.1286893008046173 42
      vertex 19.753766811902757 -3.1286893008046173 40.5
      vertex 19.794705503028748 -2.8327114949407757 40.5
    endloop
  endfacet
  facet normal 0.019633692460655966 -0.9998072404820644 0
    outer loop
      vertex 0.7519295518654994 -19.9852340001396 42
      vertex 0.7851963151813722 -19.984580724814457 40.5
      vertex 0.7851963151813722 -19.984580724814457 42
    endloop
  endfacet
  facet normal 0.05887080365118849 -0.9982656101847158 0
    outer loop
      vertex 0.7851963151813722 -19.984580724814457 42
      vertex 1.5691819145568988 -19.938346674662558 40.5
      vertex 1.5691819145568988 -19.938346674662558 42
    endloop
  endfacet
  facet normal 0.09801714032956035 -0.9951847266721969 0
    outer loop
      vertex 1.5691819145568988 -19.938346674662558 42
      vertex 2.350747949156753 -19.861369139098525 40.5
      vertex 2.350747949156753 -19.861369139098525 42
    endloop
  endfacet
  facet normal -0.01963369246062839 0.9998072404820648 0
    outer loop
      vertex 0 -16.5 42
      vertex 0.6477869600246321 -16.48727909797193 42
      vertex 0 -16.5 40.5
    endloop
  endfacet
  facet normal -0.05887080365119055 0.9982656101847158 0
    outer loop
      vertex 0.6477869600246321 -16.48727909797193 42
      vertex 1.2945750795094415 -16.44913600659661 42
      vertex 0.6477869600246321 -16.48727909797193 40.5
    endloop
  endfacet
  facet normal -0.09801714032955898 0.995184726672197 0
    outer loop
      vertex 1.2945750795094415 -16.44913600659661 42
      vertex 1.9393670580543212 -16.385629539756284 42
      vertex 1.2945750795094415 -16.44913600659661 40.5
    endloop
  endfacet
  facet normal -0.1370123416819693 0.990569340443577 0
    outer loop
      vertex 1.9393670580543212 -16.385629539756284 42
      vertex 2.5811686731638095 -16.29685761981977 42
      vertex 1.9393670580543212 -16.385629539756284 40.5
    endloop
  endfacet
  facet normal 0.137012341681963 -0.9905693404435779 0
    outer loop
      vertex 2.350747949156753 -19.861369139098525 42
      vertex 3.1286893008046173 -19.753766811902757 40.5
      vertex 3.1286893008046173 -19.753766811902757 42
    endloop
  endfacet
  facet normal 0.17579627993435834 -0.9844265680898908 5.890294551760859e-17
    outer loop
      vertex 3.1286893008046173 -19.753766811902757 42
      vertex 3.901806440322565 -19.61570560806461 40.5
      vertex 3.9018064403225647 -19.61570560806461 42
    endloop
  endfacet
  facet normal 0.21430915306505025 -0.9767658813208727 0
    outer loop
      vertex 3.9018064403225647 -19.61570560806461 42
      vertex 4.668907277118108 -19.447398407953532 40.5
      vertex 4.668907277118108 -19.447398407953532 42
    endloop
  endfacet
  facet normal -0.17579627993435257 0.9844265680898919 0
    outer loop
      vertex 2.5811686731638095 -16.29685761981977 42
      vertex 3.218990313266116 -16.182957126653303 42
      vertex 2.5811686731638095 -16.29685761981977 40.5
    endloop
  endfacet
  facet normal -0.21430915306505385 0.9767658813208717 0
    outer loop
      vertex 3.218990313266116 -16.182957126653303 42
      vertex 3.851848503622439 -16.044103686561662 42
      vertex 3.218990313266116 -16.182957126653303 40.5
    endloop
  endfacet
  facet normal -0.25249157701515634 0.9675990923602602 0
    outer loop
      vertex 3.851848503622439 -16.044103686561662 42
      vertex 4.478767422773726 -15.88051140148518 42
      vertex 3.851848503622439 -16.044103686561662 40.5
    endloop
  endfacet
  facet normal -0.29028467725446294 0.9569403357322086 0
    outer loop
      vertex 4.478767422773726 -15.88051140148518 42
      vertex 5.098780407186632 -15.692432518870033 42
      vertex 4.478767422773726 -15.88051140148518 40.5
    endloop
  endfacet
  facet normal -0.8819212643483573 -0.4713967368259935 0
    outer loop
      vertex 4.881205916295001 -13.592356307141415 42
      vertex 4.7627386067553505 -13.370719559894004 42
      vertex 4.881205916295001 -13.592356307141415 40.5
    endloop
  endfacet
  facet normal -0.8627343859777902 -0.5056573733779872 0
    outer loop
      vertex 5.008283309694715 -13.809171175742978 42
      vertex 4.881205916295001 -13.592356307141415 42
      vertex 5.008283309694715 -13.809171175742978 40.5
    endloop
  endfacet
  facet normal -0.8997482840522191 -0.43640924067334697 0
    outer loop
      vertex 4.7627386067553505 -13.370719559894004 42
      vertex 4.653064049080383 -13.144602681800444 42
      vertex 4.7627386067553505 -13.370719559894004 40.5
    endloop
  endfacet
  facet normal -0.9312149347588031 -0.36447049987915064 0
    outer loop
      vertex 4.552351353488669 -12.91435432869748 42
      vertex 4.460755811657005 -12.680329526856859 42
      vertex 4.552351353488669 -12.91435432869748 40.5
    endloop
  endfacet
  facet normal -0.9161879571171376 -0.400748833103137 0
    outer loop
      vertex 4.653064049080383 -13.144602681800444 42
      vertex 4.552351353488669 -12.91435432869748 42
      vertex 4.653064049080383 -13.144602681800444 40.5
    endloop
  endfacet
  facet normal -0.9448060464668777 -0.32763017956169477 0
    outer loop
      vertex 4.460755811657005 -12.680329526856859 42
      vertex 4.378418657271921 -12.44288912556057 42
      vertex 4.460755811657005 -12.680329526856859 40.5
    endloop
  endfacet
  facet normal -0.9569403357322087 -0.29028467725446283 0
    outer loop
      vertex 4.378418657271921 -12.44288912556057 42
      vertex 4.305466848257561 -12.20239924069738 42
      vertex 4.378418657271921 -12.44288912556057 40.5
    endloop
  endfacet
  facet normal -0.9675990923602598 -0.2524915770151577 0
    outer loop
      vertex 4.242012871015773 -11.959230690238698 42
      vertex 4.305466848257561 -12.20239924069738 40.5
      vertex 4.305466848257561 -12.20239924069738 42
    endloop
  endfacet
  facet normal -0.9767658813208724 -0.214309153065051 0
    outer loop
      vertex 4.242012871015773 -11.959230690238698 42
      vertex 4.188154566980229 -11.713758422464126 42
      vertex 4.242012871015773 -11.959230690238698 40.5
    endloop
  endfacet
  facet normal -0.9844265680898914 -0.17579627993435604 0
    outer loop
      vertex 4.188154566980229 -11.713758422464126 42
      vertex 4.143974981752022 -11.466360937818383 42
      vertex 4.188154566980229 -11.713758422464126 40.5
    endloop
  endfacet
  facet normal -0.9905693404435773 -0.13701234168196816 0
    outer loop
      vertex 4.143974981752022 -11.466360937818383 42
      vertex 4.109542237049375 -11.217419705291066 42
      vertex 4.143974981752022 -11.466360937818383 40.5
    endloop
  endfacet
  facet normal -0.995184726672197 -0.09801714032955863 0
    outer loop
      vertex 4.109542237049375 -11.217419705291066 42
      vertex 4.084909425668885 -10.967318574219112 42
      vertex 4.109542237049375 -11.217419705291066 40.5
    endloop
  endfacet
  facet normal -0.9982656101847158 -0.05887080365119002 0
    outer loop
      vertex 4.084909425668885 -10.967318574219112 42
      vertex 4.070114529620277 -10.716443182418944 42
      vertex 4.084909425668885 -10.967318574219112 40.5
    endloop
  endfacet
  facet normal -0.9998072404820647 -0.019633692460634122 0
    outer loop
      vertex 4.070114529620277 -10.716443182418944 42
      vertex 4.06569651419153 -10.491464420880392 42
      vertex 4.06569651419153 -10.491464420880392 40.5
    endloop
  endfacet
  facet normal 0.2524915770151565 -0.9675990923602602 0
    outer loop
      vertex 4.668907277118108 -19.447398407953532 42
      vertex 5.428808997301485 -19.249104729072947 40.5
      vertex 5.428808997301485 -19.249104729072947 42
    endloop
  endfacet
  facet normal 0.2902846772544664 -0.9569403357322078 0
    outer loop
      vertex 5.428808997301485 -19.249104729072947 42
      vertex 6.180339887498948 -19.02113032590307 40.5
      vertex 6.180339887498948 -19.02113032590307 42
    endloop
  endfacet
  facet normal 0.327630179561692 -0.9448060464668785 0
    outer loop
      vertex 6.180339887498948 -19.02113032590307 42
      vertex 6.922341141549859 -18.763826718449682 40.5
      vertex 6.922341141549859 -18.763826718449682 42
    endloop
  endfacet
  facet normal 0.36447049987914787 -0.9312149347588043 0
    outer loop
      vertex 6.922341141549859 -18.763826718449682 42
      vertex 7.653668647301796 -18.477590650225736 40.5
      vertex 7.653668647301796 -18.477590650225736 42
    endloop
  endfacet
  facet normal -0.32763017956169305 0.9448060464668782 0
    outer loop
      vertex 5.098780407186632 -15.692432518870033 42
      vertex 5.710931441778634 -15.480157042720988 42
      vertex 5.098780407186632 -15.692432518870033 40.5
    endloop
  endfacet
  facet normal -0.3644704998791507 0.9312149347588031 0
    outer loop
      vertex 5.710931441778634 -15.480157042720988 42
      vertex 6.241847494573982 -15.272360505172644 42
      vertex 5.710931441778634 -15.480157042720988 40.5
    endloop
  endfacet
  facet normal -0.693087362545637 -0.7208535967029178 0
    outer loop
      vertex 6.120855590150076 -15.164844421949294 42
      vertex 5.939696961966999 -14.99066376115481 42
      vertex 6.120855590150076 -15.164844421949294 40.5
    endloop
  endfacet
  facet normal -0.6642524379112738 -0.747508326862604 0
    outer loop
      vertex 6.120855590150076 -15.164844421949294 42
      vertex 6.241847494573982 -15.272360505172644 40.5
      vertex 6.241847494573982 -15.272360505172644 42
    endloop
  endfacet
  facet normal 0.40074883310314413 -0.9161879571171344 0
    outer loop
      vertex 7.653668647301796 -18.477590650225736 42
      vertex 8.373194750748562 -18.162863476501624 40.5
      vertex 8.373194750748562 -18.162863476501624 42
    endloop
  endfacet
  facet normal 0.43640924067333986 -0.8997482840522225 0
    outer loop
      vertex 8.373194750748562 -18.162863476501624 42
      vertex 9.079809994790935 -17.820130483767358 40.5
      vertex 9.079809994790935 -17.820130483767358 42
    endloop
  endfacet
  facet normal 0.471396736825996 -0.8819212643483559 0
    outer loop
      vertex 9.079809994790935 -17.820130483767358 42
      vertex 9.772424829939098 -17.449920141455944 40.5
      vertex 9.772424829939098 -17.449920141455944 42
    endloop
  endfacet
  facet normal -0.7730104533627393 -0.6343932841636425 0
    outer loop
      vertex 5.4391520039241374 -14.427381637143844 42
      vertex 5.5985821817207055 -14.621647870874082 40.5
      vertex 5.5985821817207055 -14.621647870874082 42
    endloop
  endfacet
  facet normal -0.8204014435255117 -0.5717879602276149 0
    outer loop
      vertex 5.287471597561241 -14.227005976232734 42
      vertex 5.143774842824614 -14.02082985288636 42
      vertex 5.287471597561241 -14.227005976232734 40.5
    endloop
  endfacet
  facet normal -0.8422172337162888 -0.539138322910997 0
    outer loop
      vertex 5.143774842824614 -14.02082985288636 42
      vertex 5.008283309694715 -13.809171175742978 42
      vertex 5.143774842824614 -14.02082985288636 40.5
    endloop
  endfacet
  facet normal -0.7973206537727078 -0.6035559419535705 0
    outer loop
      vertex 5.287471597561241 -14.227005976232734 42
      vertex 5.4391520039241374 -14.427381637143844 40.5
      vertex 5.4391520039241374 -14.427381637143844 42
    endloop
  endfacet
  facet normal -0.7475083268625976 -0.6642524379112805 0
    outer loop
      vertex 5.5985821817207055 -14.621647870874082 42
      vertex 5.765516301172515 -14.809505132971733 40.5
      vertex 5.765516301172515 -14.809505132971733 42
    endloop
  endfacet
  facet normal -0.7208535967029178 -0.693087362545637 0
    outer loop
      vertex 5.765516301172515 -14.809505132971733 42
      vertex 5.939696961966999 -14.99066376115481 40.5
      vertex 5.939696961966999 -14.99066376115481 42
    endloop
  endfacet
  facet normal 0.8422172337162905 0.5391383229109941 0
    outer loop
      vertex 7.305595834811232 -12.576347247035393 42
      vertex 7.225147737015354 -12.45067490748151 40.5
      vertex 7.225147737015354 -12.45067490748151 42
    endloop
  endfacet
  facet normal 0.8204014435255115 0.5717879602276154 0
    outer loop
      vertex 7.305595834811232 -12.576347247035393 42
      vertex 7.390915782936105 -12.698764320272304 42
      vertex 7.305595834811232 -12.576347247035393 40.5
    endloop
  endfacet
  facet normal 0.7973206537727102 0.6035559419535673 0
    outer loop
      vertex 7.4809760242140735 -12.817737368938275 42
      vertex 7.390915782936105 -12.698764320272304 40.5
      vertex 7.390915782936105 -12.698764320272304 42
    endloop
  endfacet
  facet normal 0.9448060464668762 0.32763017956169926 0
    outer loop
      vertex 6.8511655996393195 -11.639444940185705 42
      vertex 6.900053285055464 -11.780425178455378 42
      vertex 6.8511655996393195 -11.639444940185705 40.5
    endloop
  endfacet
  facet normal 0.9675990923602593 0.2524915770151597 0
    outer loop
      vertex 6.807850463037045 -11.496654071048187 42
      vertex 6.770174664049733 -11.352272744213344 40.5
      vertex 6.770174664049733 -11.352272744213344 42
    endloop
  endfacet
  facet normal 0.956940335732212 0.29028467725445173 0
    outer loop
      vertex 6.8511655996393195 -11.639444940185705 42
      vertex 6.807850463037045 -11.496654071048187 40.5
      vertex 6.807850463037045 -11.496654071048187 42
    endloop
  endfacet
  facet normal 0.9767658813208709 0.2143091530650575 0
    outer loop
      vertex 6.738196296028628 -11.206523585222191 42
      vertex 6.770174664049733 -11.352272744213344 42
      vertex 6.738196296028628 -11.206523585222191 40.5
    endloop
  endfacet
  facet normal 0.8627343859777893 0.5056573733779889 0
    outer loop
      vertex 7.149695534684275 -12.321941079249333 42
      vertex 7.225147737015354 -12.45067490748151 42
      vertex 7.149695534684275 -12.321941079249333 40.5
    endloop
  endfacet
  facet normal 0.8819212643483592 0.4713967368259898 0
    outer loop
      vertex 7.149695534684275 -12.321941079249333 42
      vertex 7.079355569645108 -12.190344260571182 40.5
      vertex 7.079355569645108 -12.190344260571182 42
    endloop
  endfacet
  facet normal 0.916187957117138 0.40074883310313625 0
    outer loop
      vertex 6.954438138018016 -11.919377404548246 42
      vertex 7.014236301025596 -12.056087364203131 42
      vertex 6.954438138018016 -11.919377404548246 40.5
    endloop
  endfacet
  facet normal 0.8997482840522192 0.43640924067334663 0
    outer loop
      vertex 7.079355569645108 -12.190344260571182 42
      vertex 7.014236301025596 -12.056087364203131 40.5
      vertex 7.014236301025596 -12.056087364203131 42
    endloop
  endfacet
  facet normal 0.9312149347588 0.36447049987915875 0
    outer loop
      vertex 6.954438138018016 -11.919377404548246 42
      vertex 6.900053285055464 -11.780425178455378 40.5
      vertex 6.900053285055464 -11.780425178455378 42
    endloop
  endfacet
  facet normal 0.9905693404435766 0.13701234168197338 0
    outer loop
      vertex 6.711964667299382 -11.059631328713783 42
      vertex 6.691520225132185 -10.911822471900688 40.5
      vertex 6.691520225132185 -10.911822471900688 42
    endloop
  endfacet
  facet normal 0.9844265680898936 0.17579627993434346 0
    outer loop
      vertex 6.738196296028628 -11.206523585222191 42
      vertex 6.711964667299382 -11.059631328713783 40.5
      vertex 6.711964667299382 -11.059631328713783 42
    endloop
  endfacet
  facet normal 0.9951847266721968 0.0980171403295613 0
    outer loop
      vertex 6.691520225132185 -10.911822471900688 42
      vertex 6.676894493375018 -10.763324925326716 40.5
      vertex 6.676894493375018 -10.763324925326716 42
    endloop
  endfacet
  facet normal 0.9982656101847163 0.05887080365118214 0
    outer loop
      vertex 6.676894493375018 -10.763324925326716 42
      vertex 6.668110023846158 -10.614367661445367 40.5
      vertex 6.668110023846158 -10.614367661445367 42
    endloop
  endfacet
  facet normal 0.9998072404820646 0.019633692460642636 0
    outer loop
      vertex 6.668110023846158 -10.614367661445367 42
      vertex 6.665180361560903 -10.465180361560904 40.5
      vertex 6.665180361560903 -10.465180361560904 42
    endloop
  endfacet
  facet normal 0.9998072404820647 -0.019633692460637155 0
    outer loop
      vertex 6.665180361560903 -10.465180361560904 42
      vertex 6.6681100238461575 -10.315993061676444 40.5
      vertex 6.6681100238461575 -10.315993061676444 42
    endloop
  endfacet
  facet normal 0.9982656101847163 -0.05887080365118074 0
    outer loop
      vertex 6.6681100238461575 -10.315993061676444 42
      vertex 6.676894493375017 -10.167035797795092 40.5
      vertex 6.676894493375017 -10.167035797795092 42
    endloop
  endfacet
  facet normal 0.9951847266721968 -0.0980171403295613 0
    outer loop
      vertex 6.676894493375017 -10.167035797795092 42
      vertex 6.691520225132184 -10.01853825122112 40.5
      vertex 6.691520225132184 -10.01853825122112 42
    endloop
  endfacet
  facet normal 0.4713967368259941 0.8819212643483568 0
    outer loop
      vertex 8.608419643872475 -13.780665188437533 42
      vertex 8.740016462550628 -13.851005153476702 42
      vertex 8.608419643872475 -13.780665188437533 40.5
    endloop
  endfacet
  facet normal 0.6642524379112843 0.7475083268625944 0
    outer loop
      vertex 7.997277777906207 -13.354723030841024 42
      vertex 7.885737528535726 -13.25560589741651 40.5
      vertex 7.885737528535726 -13.25560589741651 42
    endloop
  endfacet
  facet normal 0.693087362545637 0.7208535967029177 0
    outer loop
      vertex 7.778174593052023 -13.152186130069785 42
      vertex 7.885737528535726 -13.25560589741651 42
      vertex 7.778174593052023 -13.152186130069785 40.5
    endloop
  endfacet
  facet normal 0.6343932841636487 0.7730104533627343 0
    outer loop
      vertex 7.997277777906207 -13.354723030841024 42
      vertex 8.112623354183533 -13.449384698907735 42
      vertex 7.997277777906207 -13.354723030841024 40.5
    endloop
  endfacet
  facet normal 0.7475083268625944 0.6642524379112843 0
    outer loop
      vertex 7.6747548257053 -13.044623194586084 42
      vertex 7.575637692280786 -12.933082945215602 40.5
      vertex 7.575637692280786 -12.933082945215602 42
    endloop
  endfacet
  facet normal 0.7730104533627362 0.6343932841636464 0
    outer loop
      vertex 7.4809760242140735 -12.817737368938275 42
      vertex 7.575637692280786 -12.933082945215602 42
      vertex 7.4809760242140735 -12.817737368938275 40.5
    endloop
  endfacet
  facet normal 0.7208535967029179 0.6930873625456367 0
    outer loop
      vertex 7.6747548257053 -13.044623194586084 42
      vertex 7.778174593052023 -13.152186130069785 42
      vertex 7.6747548257053 -13.044623194586084 40.5
    endloop
  endfacet
  facet normal 0.6035559419535654 0.7973206537727117 0
    outer loop
      vertex 8.231596402849506 -13.539444940185705 42
      vertex 8.112623354183533 -13.449384698907735 40.5
      vertex 8.112623354183533 -13.449384698907735 42
    endloop
  endfacet
  facet normal 0.5717879602276129 0.8204014435255131 0
    outer loop
      vertex 8.231596402849506 -13.539444940185705 42
      vertex 8.354013476086415 -13.624764888310576 42
      vertex 8.231596402849506 -13.539444940185705 40.5
    endloop
  endfacet
  facet normal 0.5391383229110067 0.8422172337162823 0
    outer loop
      vertex 8.354013476086415 -13.624764888310576 42
      vertex 8.479685815640298 -13.705212986106456 42
      vertex 8.354013476086415 -13.624764888310576 40.5
    endloop
  endfacet
  facet normal 0.5056573733779757 0.8627343859777971 0
    outer loop
      vertex 8.479685815640298 -13.705212986106456 42
      vertex 8.608419643872475 -13.780665188437533 42
      vertex 8.479685815640298 -13.705212986106456 40.5
    endloop
  endfacet
  facet normal 0.43640924067334663 0.8997482840522192 0
    outer loop
      vertex 8.740016462550628 -13.851005153476702 42
      vertex 8.874273358918678 -13.916124422096214 42
      vertex 8.740016462550628 -13.851005153476702 40.5
    endloop
  endfacet
  facet normal 0.40074883310314185 0.9161879571171354 0
    outer loop
      vertex 8.874273358918678 -13.916124422096214 42
      vertex 9.010983318573565 -13.975922585103795 42
      vertex 8.874273358918678 -13.916124422096214 40.5
    endloop
  endfacet
  facet normal 0.3644704998791513 0.9312149347588029 0
    outer loop
      vertex 9.010983318573565 -13.975922585103795 42
      vertex 9.14993554466643 -14.030307438066345 42
      vertex 9.010983318573565 -13.975922585103795 40.5
    endloop
  endfacet
  facet normal 0.29028467725445173 0.956940335732212 0
    outer loop
      vertex 9.290915782936104 -14.079195123482489 42
      vertex 9.43370665207362 -14.122510260084763 42
      vertex 9.290915782936104 -14.079195123482489 40.5
    endloop
  endfacet
  facet normal 0.3276301795616939 0.9448060464668778 0
    outer loop
      vertex 9.14993554466643 -14.030307438066345 42
      vertex 9.290915782936104 -14.079195123482489 42
      vertex 9.14993554466643 -14.030307438066345 40.5
    endloop
  endfacet
  facet normal 0.2524915770151597 0.9675990923602593 0
    outer loop
      vertex 9.43370665207362 -14.122510260084763 42
      vertex 9.578087978908464 -14.160186059072075 42
      vertex 9.43370665207362 -14.122510260084763 40.5
    endloop
  endfacet
  facet normal 0.2143091530650575 0.9767658813208709 0
    outer loop
      vertex 9.578087978908464 -14.160186059072075 42
      vertex 9.723837137899617 -14.19216442709318 42
      vertex 9.578087978908464 -14.160186059072075 40.5
    endloop
  endfacet
  facet normal 0.17579627993434346 0.9844265680898936 0
    outer loop
      vertex 9.870729394408025 -14.218396055822426 42
      vertex 9.723837137899617 -14.19216442709318 40.5
      vertex 9.723837137899617 -14.19216442709318 42
    endloop
  endfacet
  facet normal 0.13701234168197923 0.9905693404435757 0
    outer loop
      vertex 9.870729394408025 -14.218396055822426 42
      vertex 10.01853825122112 -14.238840497989624 42
      vertex 9.870729394408025 -14.218396055822426 40.5
    endloop
  endfacet
  facet normal 0 0 1
    outer loop
      vertex 0.7519295518654994 -19.9852340001396 42
      vertex 0.7851963151813722 -19.984580724814457 42
      vertex 0.6477869600246321 -16.48727909797193 42
    endloop
  endfacet
  facet normal 0 0 1
    outer loop
      vertex 0.7851963151813722 -19.984580724814457 42
      vertex 1.5691819145568988 -19.938346674662558 42
      vertex 0.6477869600246321 -16.48727909797193 42
    endloop
  endfacet
  facet normal 0 0 1
    outer loop
      vertex -0.6477869600246321 -16.48727909797193 42
      vertex 0.7519295518654994 -19.9852340001396 42
      vertex 0 -16.5 42
    endloop
  endfacet
  facet normal 0 0 1
    outer loop
      vertex 0.7519295518654994 -19.9852340001396 42
      vertex 0.6477869600246321 -16.48727909797193 42
      vertex 0 -16.5 42
    endloop
  endfacet
  facet normal 0 0 1
    outer loop
      vertex 1.5691819145568988 -19.938346674662558 42
      vertex 1.2945750795094415 -16.44913600659661 42
      vertex 0.6477869600246321 -16.48727909797193 42
    endloop
  endfacet
  facet normal 0 0 1
    outer loop
      vertex 1.5691819145568988 -19.938346674662558 42
      vertex 2.350747949156753 -19.861369139098525 42
      vertex 1.2945750795094415 -16.44913600659661 42
    endloop
  endfacet
  facet normal 0 0 1
    outer loop
      vertex 2.350747949156753 -19.861369139098525 42
      vertex 1.9393670580543212 -16.385629539756284 42
      vertex 1.2945750795094415 -16.44913600659661 42
    endloop
  endfacet
  facet normal 0 0 1
    outer loop
      vertex 2.350747949156753 -19.861369139098525 42
      vertex 3.1286893008046173 -19.753766811902757 42
      vertex 1.9393670580543212 -16.385629539756284 42
    endloop
  endfacet
  facet normal 0 0 1
    outer loop
      vertex 3.1286893008046173 -19.753766811902757 42
      vertex 3.9018064403225647 -19.61570560806461 42
      vertex 2.5811686731638095 -16.29685761981977 42
    endloop
  endfacet
  facet normal 0 0 1
    outer loop
      vertex 3.9018064403225647 -19.61570560806461 42
      vertex 4.668907277118108 -19.447398407953532 42
      vertex 3.851848503622439 -16.044103686561662 42
    endloop
  endfacet
  facet normal 0 0 1
    outer loop
      vertex 4.668907277118108 -19.447398407953532 42
      vertex 5.428808997301485 -19.249104729072947 42
      vertex 4.478767422773726 -15.88051140148518 42
    endloop
  endfacet
  facet normal 0 0 1
    outer loop
      vertex 3.1286893008046173 -19.753766811902757 42
      vertex 2.5811686731638095 -16.29685761981977 42
      vertex 1.9393670580543212 -16.385629539756284 42
    endloop
  endfacet
  facet normal 0 0 1
    outer loop
      vertex 2.5811686731638095 -16.29685761981977 42
      vertex 3.9018064403225647 -19.61570560806461 42
      vertex 3.218990313266116 -16.182957126653303 42
    endloop
  endfacet
  facet normal 0 0 1
    outer loop
      vertex 3.218990313266116 -16.182957126653303 42
      vertex 3.9018064403225647 -19.61570560806461 42
      vertex 3.851848503622439 -16.044103686561662 42
    endloop
  endfacet
  facet normal 0 0 1
    outer loop
      vertex 4.668907277118108 -19.447398407953532 42
      vertex 4.478767422773726 -15.88051140148518 42
      vertex 3.851848503622439 -16.044103686561662 42
    endloop
  endfacet
  facet normal 0 0 1
    outer loop
      vertex 4.242012871015773 -11.959230690238698 42
      vertex 4.305466848257561 -12.20239924069738 42
      vertex 5.65 -9.786087062764157 42
    endloop
  endfacet
  facet normal 0 0 1
    outer loop
      vertex 4.143974981752022 -11.466360937818383 42
      vertex 4.06569651419153 -10.491464420880392 42
      vertex 4.109542237049375 -11.217419705291066 42
    endloop
  endfacet
  facet normal 0 0 1
    outer loop
      vertex 4.109542237049375 -11.217419705291066 42
      vertex 4.06569651419153 -10.491464420880392 42
      vertex 4.084909425668885 -10.967318574219112 42
    endloop
  endfacet
  facet normal 0 0 1
    outer loop
      vertex 4.084909425668885 -10.967318574219112 42
      vertex 4.06569651419153 -10.491464420880392 42
      vertex 4.070114529620277 -10.716443182418944 42
    endloop
  endfacet
  facet normal 0 0 1
    outer loop
      vertex 4.188154566980229 -11.713758422464126 42
      vertex 5.65 -9.786087062764157 42
      vertex 4.143974981752022 -11.466360937818383 42
    endloop
  endfacet
  facet normal 0 0 1
    outer loop
      vertex 4.242012871015773 -11.959230690238698 42
      vertex 5.65 -9.786087062764157 42
      vertex 4.188154566980229 -11.713758422464126 42
    endloop
  endfacet
  facet normal 0 0 1
    outer loop
      vertex 4.143974981752022 -11.466360937818383 42
      vertex 5.65 -9.786087062764157 42
      vertex 4.06569651419153 -10.491464420880392 42
    endloop
  endfacet
  facet normal 0 0 1
    outer loop
      vertex 5.428808997301485 -19.249104729072947 42
      vertex 6.180339887498948 -19.02113032590307 42
      vertex 5.098780407186632 -15.692432518870033 42
    endloop
  endfacet
  facet normal 0 0 1
    outer loop
      vertex 6.180339887498948 -19.02113032590307 42
      vertex 6.922341141549859 -18.763826718449682 42
      vertex 5.710931441778634 -15.480157042720988 42
    endloop
  endfacet
  facet normal 0 0 1
    outer loop
      vertex 6.922341141549859 -18.763826718449682 42
      vertex 7.653668647301796 -18.477590650225736 42
      vertex 6.910957459336018 -15.78749909938649 42
    endloop
  endfacet
  facet normal 0 0 1
    outer loop
      vertex 5.428808997301485 -19.249104729072947 42
      vertex 5.098780407186632 -15.692432518870033 42
      vertex 4.478767422773726 -15.88051140148518 42
    endloop
  endfacet
  facet normal 0 0 1
    outer loop
      vertex 6.180339887498948 -19.02113032590307 42
      vertex 5.710931441778634 -15.480157042720988 42
      vertex 5.098780407186632 -15.692432518870033 42
    endloop
  endfacet
  facet normal 0 0 1
    outer loop
      vertex 6.120855590150076 -15.164844421949294 42
      vertex 6.241847494573982 -15.272360505172644 42
      vertex 6.326175214280085 -15.312887864582228 42
    endloop
  endfacet
  facet normal 0 0 1
    outer loop
      vertex 6.922341141549859 -18.763826718449682 42
      vertex 6.241847494573982 -15.272360505172644 42
      vertex 5.710931441778634 -15.480157042720988 42
    endloop
  endfacet
  facet normal 0 0 1
    outer loop
      vertex 6.922341141549859 -18.763826718449682 42
      vertex 6.332862512860743 -15.351597655671915 42
      vertex 6.241847494573982 -15.272360505172644 42
    endloop
  endfacet
  facet normal 0 0 1
    outer loop
      vertex 6.922341141549859 -18.763826718449682 42
      vertex 6.910957459336018 -15.78749909938649 42
      vertex 6.332862512860743 -15.351597655671915 42
    endloop
  endfacet
  facet normal 0 0 1
    outer loop
      vertex 6.910957459336018 -15.78749909938649 42
      vertex 7.653668647301796 -18.477590650225736 42
      vertex 7.1060072099071485 -15.912358566988589 42
    endloop
  endfacet
  facet normal 0 0 1
    outer loop
      vertex 7.553928055993615 -16.164568396928903 42
      vertex 7.1060072099071485 -15.912358566988589 42
      vertex 7.653668647301796 -18.477590650225736 42
    endloop
  endfacet
  facet normal 0 0 1
    outer loop
      vertex 6.241847494573982 -15.272360505172644 42
      vertex 6.332862512860743 -15.351597655671915 42
      vertex 6.326175214280085 -15.312887864582228 42
    endloop
  endfacet
  facet normal 0 0 1
    outer loop
      vertex 6.332862512860743 -15.351597655671915 42
      vertex 6.910957459336018 -15.78749909938649 42
      vertex 6.908147806781006 -15.05289966641173 42
    endloop
  endfacet
  facet normal 0 0 1
    outer loop
      vertex 6.910957459336018 -15.78749909938649 42
      vertex 7.1060072099071485 -15.912358566988589 42
      vertex 7.524650709188595 -15.485615587553033 42
    endloop
  endfacet
  facet normal 0 0 1
    outer loop
      vertex 7.553928055993615 -16.164568396928903 42
      vertex 7.524650709188595 -15.485615587553033 42
      vertex 7.1060072099071485 -15.912358566988589 42
    endloop
  endfacet
  facet normal 0 0 1
    outer loop
      vertex 7.653668647301796 -18.477590650225736 42
      vertex 8.373194750748562 -18.162863476501624 42
      vertex 7.905920348437962 -16.32985674535199 42
    endloop
  endfacet
  facet normal 0 0 1
    outer loop
      vertex 8.373194750748562 -18.162863476501624 42
      vertex 9.079809994790935 -17.820130483767358 42
      vertex 8.724265516682143 -16.6237727159136 42
    endloop
  endfacet
  facet normal 0 0 1
    outer loop
      vertex 7.553928055993615 -16.164568396928903 42
      vertex 7.653668647301796 -18.477590650225736 42
      vertex 7.905920348437962 -16.32985674535199 42
    endloop
  endfacet
  facet normal 0 0 1
    outer loop
      vertex 7.905920348437962 -16.32985674535199 42
      vertex 8.232859234973958 -16.462883935370005 42
      vertex 8.20926025466758 -16.177013437862854 42
    endloop
  endfacet
  facet normal 0 0 1
    outer loop
      vertex 8.373194750748562 -18.162863476501624 42
      vertex 8.232859234973958 -16.462883935370005 42
      vertex 7.905920348437962 -16.32985674535199 42
    endloop
  endfacet
  facet normal 0 0 1
    outer loop
      vertex 8.373194750748562 -18.162863476501624 42
      vertex 8.724265516682143 -16.6237727159136 42
      vertex 8.232859234973958 -16.462883935370005 42
    endloop
  endfacet
  facet normal 0 0 1
    outer loop
      vertex 8.232859234973958 -16.462883935370005 42
      vertex 8.574222032791877 -16.11889724035345 42
      vertex 8.20926025466758 -16.177013437862854 42
    endloop
  endfacet
  facet normal 0 0 1
    outer loop
      vertex 8.232859234973958 -16.462883935370005 42
      vertex 8.724265516682143 -16.6237727159136 42
      vertex 8.574222032791877 -16.11889724035345 42
    endloop
  endfacet
  facet normal 0 0 1
    outer loop
      vertex 7.553928055993615 -16.164568396928903 42
      vertex 7.905920348437962 -16.32985674535199 42
      vertex 7.800660466926128 -15.916947177917656 42
    endloop
  endfacet
  facet normal 0 0 1
    outer loop
      vertex 6.910957459336018 -15.78749909938649 42
      vertex 7.524650709188595 -15.485615587553033 42
      vertex 8.740016462550628 -13.851005153476702 42
    endloop
  endfacet
  facet normal 0 0 1
    outer loop
      vertex 7.553928055993615 -16.164568396928903 42
      vertex 7.800660466926128 -15.916947177917656 42
      vertex 9.43370665207362 -14.122510260084763 42
    endloop
  endfacet
  facet normal 0 0 1
    outer loop
      vertex 7.553928055993615 -16.164568396928903 42
      vertex 9.290915782936104 -14.079195123482489 42
      vertex 7.524650709188595 -15.485615587553033 42
    endloop
  endfacet
  facet normal 0 0 1
    outer loop
      vertex 7.905920348437962 -16.32985674535199 42
      vertex 9.723837137899617 -14.19216442709318 42
      vertex 7.800660466926128 -15.916947177917656 42
    endloop
  endfacet
  facet normal 0 0 1
    outer loop
      vertex 7.905920348437962 -16.32985674535199 42
      vertex 8.20926025466758 -16.177013437862854 42
      vertex 9.723837137899617 -14.19216442709318 42
    endloop
  endfacet
  facet normal 0 0 1
    outer loop
      vertex 9.079809994790935 -17.820130483767358 42
      vertex 8.940485814244106 -16.680351351125775 42
      vertex 8.724265516682143 -16.6237727159136 42
    endloop
  endfacet
  facet normal 0 0 1
    outer loop
      vertex 9.079809994790935 -17.820130483767358 42
      vertex 9.550599558996176 -16.798363941479895 42
      vertex 8.940485814244106 -16.680351351125775 42
    endloop
  endfacet
  facet normal 0 0 1
    outer loop
      vertex 8.724265516682143 -16.6237727159136 42
      vertex 8.940485814244106 -16.680351351125775 42
      vertex 8.909677390825417 -16.428314712658654 42
    endloop
  endfacet
  facet normal 0 0 1
    outer loop
      vertex 8.940485814244106 -16.680351351125775 42
      vertex 9.550599558996176 -16.798363941479895 42
      vertex 9.3672517847187 -16.25982575521059 42
    endloop
  endfacet
  facet normal 0 0 1
    outer loop
      vertex 9.079809994790935 -17.820130483767358 42
      vertex 9.772424829939098 -17.449920141455944 42
      vertex 9.550599558996176 -16.798363941479895 42
    endloop
  endfacet
  facet normal 0 0 1
    outer loop
      vertex 9.772424829939098 -17.449920141455944 42
      vertex 9.669338030133638 -16.814787462089765 42
      vertex 9.550599558996176 -16.798363941479895 42
    endloop
  endfacet
  facet normal 0 0 1
    outer loop
      vertex 9.772424829939098 -17.449920141455944 42
      vertex 9.761164013721903 -16.82556803661184 42
      vertex 9.669338030133638 -16.814787462089765 42
    endloop
  endfacet
  facet normal 0 0 1
    outer loop
      vertex 9.669338030133638 -16.814787462089765 42
      vertex 9.761164013721903 -16.82556803661184 42
      vertex 9.760157106484797 -16.769740409134023 42
    endloop
  endfacet
  facet normal 0 0 1
    outer loop
      vertex 8.724265516682143 -16.6237727159136 42
      vertex 10.465180361560902 -14.265180361560903 42
      vertex 8.574222032791877 -16.11889724035345 42
    endloop
  endfacet
  facet normal 0 0 1
    outer loop
      vertex 8.20926025466758 -16.177013437862854 42
      vertex 8.574222032791877 -16.11889724035345 42
      vertex 9.870729394408025 -14.218396055822426 42
    endloop
  endfacet
  facet normal 0 0 1
    outer loop
      vertex 8.724265516682143 -16.6237727159136 42
      vertex 8.909677390825417 -16.428314712658654 42
      vertex 10.911822471900688 -14.238840497989624 42
    endloop
  endfacet
  facet normal 0 0 1
    outer loop
      vertex 8.940485814244106 -16.680351351125775 42
      vertex 11.059631328713781 -14.218396055822428 42
      vertex 8.909677390825417 -16.428314712658654 42
    endloop
  endfacet
  facet normal 0 0 1
    outer loop
      vertex 8.940485814244106 -16.680351351125775 42
      vertex 9.3672517847187 -16.25982575521059 42
      vertex 11.206523585222191 -14.19216442709318 42
    endloop
  endfacet
  facet normal 0 0 1
    outer loop
      vertex 8.724265516682143 -16.6237727159136 42
      vertex 10.614367661445364 -14.26225069927565 42
      vertex 10.465180361560902 -14.265180361560903 42
    endloop
  endfacet
  facet normal 0 0 1
    outer loop
      vertex 5.4391520039241374 -14.427381637143844 42
      vertex 5.5985821817207055 -14.621647870874082 42
      vertex 7.305595834811232 -12.576347247035393 42
    endloop
  endfacet
  facet normal 0 0 1
    outer loop
      vertex 5.008283309694715 -13.809171175742978 42
      vertex 6.900053285055464 -11.780425178455378 42
      vertex 4.881205916295001 -13.592356307141415 42
    endloop
  endfacet
  facet normal 0 0 1
    outer loop
      vertex 4.881205916295001 -13.592356307141415 42
      vertex 6.807850463037045 -11.496654071048187 42
      vertex 4.7627386067553505 -13.370719559894004 42
    endloop
  endfacet
  facet normal 0 0 1
    outer loop
      vertex 4.7627386067553505 -13.370719559894004 42
      vertex 6.738196296028628 -11.206523585222191 42
      vertex 4.653064049080383 -13.144602681800444 42
    endloop
  endfacet
  facet normal 0 0 1
    outer loop
      vertex 5.287471597561241 -14.227005976232734 42
      vertex 7.079355569645108 -12.190344260571182 42
      vertex 5.143774842824614 -14.02082985288636 42
    endloop
  endfacet
  facet normal 0 0 1
    outer loop
      vertex 5.143774842824614 -14.02082985288636 42
      vertex 6.954438138018016 -11.919377404548246 42
      vertex 5.008283309694715 -13.809171175742978 42
    endloop
  endfacet
  facet normal 0 0 1
    outer loop
      vertex 5.287471597561241 -14.227005976232734 42
      vertex 5.4391520039241374 -14.427381637143844 42
      vertex 7.225147737015354 -12.45067490748151 42
    endloop
  endfacet
  facet normal 0 0 1
    outer loop
      vertex 6.120855590150076 -15.164844421949294 42
      vertex 7.885737528535726 -13.25560589741651 42
      vertex 5.939696961966999 -14.99066376115481 42
    endloop
  endfacet
  facet normal 0 0 1
    outer loop
      vertex 6.120855590150076 -15.164844421949294 42
      vertex 6.326175214280085 -15.312887864582228 42
      vertex 7.885737528535726 -13.25560589741651 42
    endloop
  endfacet
  facet normal 0 0 1
    outer loop
      vertex 5.5985821817207055 -14.621647870874082 42
      vertex 5.765516301172515 -14.809505132971733 42
      vertex 7.4809760242140735 -12.817737368938275 42
    endloop
  endfacet
  facet normal 0 0 1
    outer loop
      vertex 5.765516301172515 -14.809505132971733 42
      vertex 5.939696961966999 -14.99066376115481 42
      vertex 7.6747548257053 -13.044623194586084 42
    endloop
  endfacet
  facet normal 0 0 1
    outer loop
      vertex 6.326175214280085 -15.312887864582228 42
      vertex 6.332862512860743 -15.351597655671915 42
      vertex 8.112623354183533 -13.449384698907735 42
    endloop
  endfacet
  facet normal 0 0 1
    outer loop
      vertex 6.332862512860743 -15.351597655671915 42
      vertex 6.908147806781006 -15.05289966641173 42
      vertex 8.112623354183533 -13.449384698907735 42
    endloop
  endfacet
  facet normal 0 0 1
    outer loop
      vertex 6.910957459336018 -15.78749909938649 42
      vertex 8.608419643872475 -13.780665188437533 42
      vertex 6.908147806781006 -15.05289966641173 42
    endloop
  endfacet
  facet normal 0 0 1
    outer loop
      vertex 5.939696961966999 -14.99066376115481 42
      vertex 7.885737528535726 -13.25560589741651 42
      vertex 7.778174593052023 -13.152186130069785 42
    endloop
  endfacet
  facet normal 0 0 1
    outer loop
      vertex 6.326175214280085 -15.312887864582228 42
      vertex 7.997277777906207 -13.354723030841024 42
      vertex 7.885737528535726 -13.25560589741651 42
    endloop
  endfacet
  facet normal 0 0 1
    outer loop
      vertex 6.326175214280085 -15.312887864582228 42
      vertex 8.112623354183533 -13.449384698907735 42
      vertex 7.997277777906207 -13.354723030841024 42
    endloop
  endfacet
  facet normal 0 0 1
    outer loop
      vertex 5.4391520039241374 -14.427381637143844 42
      vertex 7.305595834811232 -12.576347247035393 42
      vertex 7.225147737015354 -12.45067490748151 42
    endloop
  endfacet
  facet normal 0 0 1
    outer loop
      vertex 5.5985821817207055 -14.621647870874082 42
      vertex 7.390915782936105 -12.698764320272304 42
      vertex 7.305595834811232 -12.576347247035393 42
    endloop
  endfacet
  facet normal 0 0 1
    outer loop
      vertex 5.5985821817207055 -14.621647870874082 42
      vertex 7.4809760242140735 -12.817737368938275 42
      vertex 7.390915782936105 -12.698764320272304 42
    endloop
  endfacet
  facet normal 0 0 1
    outer loop
      vertex 5.287471597561241 -14.227005976232734 42
      vertex 7.225147737015354 -12.45067490748151 42
      vertex 7.149695534684275 -12.321941079249333 42
    endloop
  endfacet
  facet normal 0 0 1
    outer loop
      vertex 5.287471597561241 -14.227005976232734 42
      vertex 7.149695534684275 -12.321941079249333 42
      vertex 7.079355569645108 -12.190344260571182 42
    endloop
  endfacet
  facet normal 0 0 1
    outer loop
      vertex 5.143774842824614 -14.02082985288636 42
      vertex 7.014236301025596 -12.056087364203131 42
      vertex 6.954438138018016 -11.919377404548246 42
    endloop
  endfacet
  facet normal 0 0 1
    outer loop
      vertex 5.008283309694715 -13.809171175742978 42
      vertex 6.954438138018016 -11.919377404548246 42
      vertex 6.900053285055464 -11.780425178455378 42
    endloop
  endfacet
  facet normal 0 0 1
    outer loop
      vertex 5.143774842824614 -14.02082985288636 42
      vertex 7.079355569645108 -12.190344260571182 42
      vertex 7.014236301025596 -12.056087364203131 42
    endloop
  endfacet
  facet normal 0 0 1
    outer loop
      vertex 5.765516301172515 -14.809505132971733 42
      vertex 7.6747548257053 -13.044623194586084 42
      vertex 7.575637692280786 -12.933082945215602 42
    endloop
  endfacet
  facet normal 0 0 1
    outer loop
      vertex 5.765516301172515 -14.809505132971733 42
      vertex 7.575637692280786 -12.933082945215602 42
      vertex 7.4809760242140735 -12.817737368938275 42
    endloop
  endfacet
  facet normal 0 0 1
    outer loop
      vertex 5.939696961966999 -14.99066376115481 42
      vertex 7.778174593052023 -13.152186130069785 42
      vertex 7.6747548257053 -13.044623194586084 42
    endloop
  endfacet
  facet normal 0 0 1
    outer loop
      vertex 4.653064049080383 -13.144602681800444 42
      vertex 6.691520225132185 -10.911822471900688 42
      vertex 4.552351353488669 -12.91435432869748 42
    endloop
  endfacet
  facet normal 0 0 1
    outer loop
      vertex 4.552351353488669 -12.91435432869748 42
      vertex 6.668110023846158 -10.614367661445367 42
      vertex 4.460755811657005 -12.680329526856859 42
    endloop
  endfacet
  facet normal 0 0 1
    outer loop
      vertex 4.460755811657005 -12.680329526856859 42
      vertex 6.6681100238461575 -10.315993061676444 42
      vertex 4.378418657271921 -12.44288912556057 42
    endloop
  endfacet
  facet normal 0 0 1
    outer loop
      vertex 4.378418657271921 -12.44288912556057 42
      vertex 6.711964667299382 -9.870729394408029 42
      vertex 4.305466848257561 -12.20239924069738 42
    endloop
  endfacet
  facet normal 0 0 1
    outer loop
      vertex 4.881205916295001 -13.592356307141415 42
      vertex 6.900053285055464 -11.780425178455378 42
      vertex 6.8511655996393195 -11.639444940185705 42
    endloop
  endfacet
  facet normal 0 0 1
    outer loop
      vertex 4.881205916295001 -13.592356307141415 42
      vertex 6.8511655996393195 -11.639444940185705 42
      vertex 6.807850463037045 -11.496654071048187 42
    endloop
  endfacet
  facet normal 0 0 1
    outer loop
      vertex 4.7627386067553505 -13.370719559894004 42
      vertex 6.770174664049733 -11.352272744213344 42
      vertex 6.738196296028628 -11.206523585222191 42
    endloop
  endfacet
  facet normal 0 0 1
    outer loop
      vertex 4.7627386067553505 -13.370719559894004 42
      vertex 6.807850463037045 -11.496654071048187 42
      vertex 6.770174664049733 -11.352272744213344 42
    endloop
  endfacet
  facet normal 0 0 1
    outer loop
      vertex 4.460755811657005 -12.680329526856859 42
      vertex 6.668110023846158 -10.614367661445367 42
      vertex 6.665180361560903 -10.465180361560904 42
    endloop
  endfacet
  facet normal 0 0 1
    outer loop
      vertex 4.653064049080383 -13.144602681800444 42
      vertex 6.738196296028628 -11.206523585222191 42
      vertex 6.711964667299382 -11.059631328713783 42
    endloop
  endfacet
  facet normal 0 0 1
    outer loop
      vertex 4.653064049080383 -13.144602681800444 42
      vertex 6.711964667299382 -11.059631328713783 42
      vertex 6.691520225132185 -10.911822471900688 42
    endloop
  endfacet
  facet normal 0 0 1
    outer loop
      vertex 4.552351353488669 -12.91435432869748 42
      vertex 6.691520225132185 -10.911822471900688 42
      vertex 6.676894493375018 -10.763324925326716 42
    endloop
  endfacet
  facet normal 0 0 1
    outer loop
      vertex 4.552351353488669 -12.91435432869748 42
      vertex 6.676894493375018 -10.763324925326716 42
      vertex 6.668110023846158 -10.614367661445367 42
    endloop
  endfacet
  facet normal 0 0 1
    outer loop
      vertex 4.460755811657005 -12.680329526856859 42
      vertex 6.665180361560903 -10.465180361560904 42
      vertex 6.6681100238461575 -10.315993061676444 42
    endloop
  endfacet
  facet normal 0 0 1
    outer loop
      vertex 4.378418657271921 -12.44288912556057 42
      vertex 6.6681100238461575 -10.315993061676444 42
      vertex 6.676894493375017 -10.167035797795092 42
    endloop
  endfacet
  facet normal 0 0 1
    outer loop
      vertex 4.378418657271921 -12.44288912556057 42
      vertex 6.676894493375017 -10.167035797795092 42
      vertex 6.691520225132184 -10.01853825122112 42
    endloop
  endfacet
  facet normal 0 0 1
    outer loop
      vertex 4.378418657271921 -12.44288912556057 42
      vertex 6.691520225132184 -10.01853825122112 42
      vertex 6.711964667299382 -9.870729394408029 42
    endloop
  endfacet
  facet normal 0 0 1
    outer loop
      vertex 4.305466848257561 -12.20239924069738 42
      vertex 6.711964667299382 -9.870729394408029 42
      vertex 6.738196296028628 -9.723837137899617 42
    endloop
  endfacet
  facet normal 0 0 1
    outer loop
      vertex 4.305466848257561 -12.20239924069738 42
      vertex 7.014236301025595 -8.874273358918677 42
      vertex 5.65 -9.786087062764157 42
    endloop
  endfacet
  facet normal 0 0 1
    outer loop
      vertex 4.305466848257561 -12.20239924069738 42
      vertex 6.738196296028628 -9.723837137899617 42
      vertex 6.770174664049733 -9.578087978908464 42
    endloop
  endfacet
  facet normal 0 0 1
    outer loop
      vertex 4.305466848257561 -12.20239924069738 42
      vertex 6.770174664049733 -9.578087978908464 42
      vertex 6.807850463037044 -9.433706652073623 42
    endloop
  endfacet
  facet normal 0 0 1
    outer loop
      vertex 4.305466848257561 -12.20239924069738 42
      vertex 6.807850463037044 -9.433706652073623 42
      vertex 6.8511655996393195 -9.290915782936104 42
    endloop
  endfacet
  facet normal 0 0 1
    outer loop
      vertex 4.305466848257561 -12.20239924069738 42
      vertex 6.8511655996393195 -9.290915782936104 42
      vertex 6.900053285055465 -9.149935544666432 42
    endloop
  endfacet
  facet normal 0 0 1
    outer loop
      vertex 4.305466848257561 -12.20239924069738 42
      vertex 6.900053285055465 -9.149935544666432 42
      vertex 6.9544381380180145 -9.010983318573563 42
    endloop
  endfacet
  facet normal 0 0 1
    outer loop
      vertex 4.305466848257561 -12.20239924069738 42
      vertex 6.9544381380180145 -9.010983318573563 42
      vertex 7.014236301025595 -8.874273358918677 42
    endloop
  endfacet
  facet normal 0 0 1
    outer loop
      vertex 6.910957459336018 -15.78749909938649 42
      vertex 8.740016462550628 -13.851005153476702 42
      vertex 8.608419643872475 -13.780665188437533 42
    endloop
  endfacet
  facet normal 0 0 1
    outer loop
      vertex 6.908147806781006 -15.05289966641173 42
      vertex 8.231596402849506 -13.539444940185705 42
      vertex 8.112623354183533 -13.449384698907735 42
    endloop
  endfacet
  facet normal 0 0 1
    outer loop
      vertex 6.908147806781006 -15.05289966641173 42
      vertex 8.354013476086415 -13.624764888310576 42
      vertex 8.231596402849506 -13.539444940185705 42
    endloop
  endfacet
  facet normal 0 0 1
    outer loop
      vertex 6.908147806781006 -15.05289966641173 42
      vertex 8.479685815640298 -13.705212986106456 42
      vertex 8.354013476086415 -13.624764888310576 42
    endloop
  endfacet
  facet normal 0 0 1
    outer loop
      vertex 6.908147806781006 -15.05289966641173 42
      vertex 8.608419643872475 -13.780665188437533 42
      vertex 8.479685815640298 -13.705212986106456 42
    endloop
  endfacet
  facet normal 0 0 1
    outer loop
      vertex 7.524650709188595 -15.485615587553033 42
      vertex 8.874273358918678 -13.916124422096214 42
      vertex 8.740016462550628 -13.851005153476702 42
    endloop
  endfacet
  facet normal 0 0 1
    outer loop
      vertex 7.524650709188595 -15.485615587553033 42
      vertex 9.010983318573565 -13.975922585103795 42
      vertex 8.874273358918678 -13.916124422096214 42
    endloop
  endfacet
  facet normal 0 0 1
    outer loop
      vertex 7.524650709188595 -15.485615587553033 42
      vertex 9.14993554466643 -14.030307438066345 42
      vertex 9.010983318573565 -13.975922585103795 42
    endloop
  endfacet
  facet normal 0 0 1
    outer loop
      vertex 7.524650709188595 -15.485615587553033 42
      vertex 9.290915782936104 -14.079195123482489 42
      vertex 9.14993554466643 -14.030307438066345 42
    endloop
  endfacet
  facet normal 0 0 1
    outer loop
      vertex 7.553928055993615 -16.164568396928903 42
      vertex 9.43370665207362 -14.122510260084763 42
      vertex 9.290915782936104 -14.079195123482489 42
    endloop
  endfacet
  facet normal 0 0 1
    outer loop
      vertex 7.800660466926128 -15.916947177917656 42
      vertex 9.578087978908464 -14.160186059072075 42
      vertex 9.43370665207362 -14.122510260084763 42
    endloop
  endfacet
  facet normal 0 0 1
    outer loop
      vertex 7.800660466926128 -15.916947177917656 42
      vertex 9.723837137899617 -14.19216442709318 42
      vertex 9.578087978908464 -14.160186059072075 42
    endloop
  endfacet
  facet normal 0 0 1
    outer loop
      vertex 8.20926025466758 -16.177013437862854 42
      vertex 9.870729394408025 -14.218396055822426 42
      vertex 9.723837137899617 -14.19216442709318 42
    endloop
  endfacet
  facet normal 0 0 1
    outer loop
      vertex 8.574222032791877 -16.11889724035345 42
      vertex 10.01853825122112 -14.238840497989624 42
      vertex 9.870729394408025 -14.218396055822426 42
    endloop
  endfacet
  facet normal 0 0 1
    outer loop
      vertex 8.574222032791877 -16.11889724035345 42
      vertex 10.167035797795094 -14.253466229746792 42
      vertex 10.01853825122112 -14.238840497989624 42
    endloop
  endfacet
  facet normal 0 0 1
    outer loop
      vertex 8.574222032791877 -16.11889724035345 42
      vertex 10.315993061676444 -14.262250699275654 42
      vertex 10.167035797795094 -14.253466229746792 42
    endloop
  endfacet
  facet normal 0 0 1
    outer loop
      vertex 8.574222032791877 -16.11889724035345 42
      vertex 10.465180361560902 -14.265180361560903 42
      vertex 10.315993061676444 -14.262250699275654 42
    endloop
  endfacet
  facet normal 0.9905693404435753 -0.13701234168198245 0
    outer loop
      vertex 6.691520225132184 -10.01853825122112 42
      vertex 6.711964667299382 -9.870729394408029 40.5
      vertex 6.711964667299382 -9.870729394408029 42
    endloop
  endfacet
  facet normal 0.9844265680898943 -0.17579627993433933 0
    outer loop
      vertex 6.711964667299382 -9.870729394408029 42
      vertex 6.738196296028628 -9.723837137899617 40.5
      vertex 6.738196296028628 -9.723837137899617 42
    endloop
  endfacet
  facet normal 0.9767658813208709 -0.2143091530650575 0
    outer loop
      vertex 6.738196296028628 -9.723837137899617 42
      vertex 6.770174664049733 -9.578087978908464 40.5
      vertex 6.770174664049733 -9.578087978908464 42
    endloop
  endfacet
  facet normal 0.96759909236026 -0.252491577015157 0
    outer loop
      vertex 6.770174664049733 -9.578087978908464 42
      vertex 6.807850463037044 -9.433706652073623 40.5
      vertex 6.807850463037044 -9.433706652073623 42
    endloop
  endfacet
  facet normal 0.9569403357322114 -0.2902846772544539 0
    outer loop
      vertex 6.807850463037044 -9.433706652073623 42
      vertex 6.8511655996393195 -9.290915782936104 40.5
      vertex 6.8511655996393195 -9.290915782936104 42
    endloop
  endfacet
  facet normal 0.9448060464668728 -0.3276301795617082 0
    outer loop
      vertex 6.8511655996393195 -9.290915782936104 42
      vertex 6.900053285055465 -9.149935544666432 40.5
      vertex 6.900053285055465 -9.149935544666432 42
    endloop
  endfacet
  facet normal 0.9312149347588061 -0.3644704998791433 0
    outer loop
      vertex 6.900053285055465 -9.149935544666432 42
      vertex 6.9544381380180145 -9.010983318573563 40.5
      vertex 6.9544381380180145 -9.010983318573563 42
    endloop
  endfacet
  facet normal 0.9161879571171376 -0.40074883310313686 0
    outer loop
      vertex 6.9544381380180145 -9.010983318573563 42
      vertex 7.014236301025595 -8.874273358918677 40.5
      vertex 7.014236301025595 -8.874273358918677 42
    endloop
  endfacet
  facet normal 0.8997482840522196 -0.43640924067334563 0
    outer loop
      vertex 7.014236301025595 -8.874273358918677 42
      vertex 7.014236301025595 -8.874273358918677 40.5
      vertex 7.073676129014438 -8.751725808929121 42
    endloop
  endfacet
  facet normal 0.4364092406733457 -0.8997482840522197 0
    outer loop
      vertex 8.874273358918677 -7.014236301025595 42
      vertex 8.75431656147597 -7.072419523837431 42
      vertex 8.75431656147597 -7.072419523837431 40.5
    endloop
  endfacet
  facet normal 0.40074883310313686 -0.9161879571171376 0
    outer loop
      vertex 8.874273358918677 -7.014236301025595 42
      vertex 9.010983318573563 -6.9544381380180145 40.5
      vertex 9.010983318573563 -6.9544381380180145 42
    endloop
  endfacet
  facet normal 0.3644704998791433 -0.9312149347588061 0
    outer loop
      vertex 9.010983318573563 -6.9544381380180145 42
      vertex 9.149935544666432 -6.900053285055465 40.5
      vertex 9.149935544666432 -6.900053285055465 42
    endloop
  endfacet
  facet normal 0.3276301795617082 -0.9448060464668728 0
    outer loop
      vertex 9.149935544666432 -6.900053285055465 42
      vertex 9.290915782936104 -6.8511655996393195 40.5
      vertex 9.290915782936104 -6.8511655996393195 42
    endloop
  endfacet
  facet normal 0.2902846772544539 -0.9569403357322114 0
    outer loop
      vertex 9.290915782936104 -6.8511655996393195 42
      vertex 9.433706652073623 -6.807850463037044 40.5
      vertex 9.433706652073623 -6.807850463037044 42
    endloop
  endfacet
  facet normal 0.252491577015157 -0.96759909236026 0
    outer loop
      vertex 9.433706652073623 -6.807850463037044 42
      vertex 9.578087978908464 -6.770174664049733 40.5
      vertex 9.578087978908464 -6.770174664049733 42
    endloop
  endfacet
  facet normal 0.2143091530650575 -0.9767658813208709 0
    outer loop
      vertex 9.578087978908464 -6.770174664049733 42
      vertex 9.723837137899617 -6.738196296028628 40.5
      vertex 9.723837137899617 -6.738196296028628 42
    endloop
  endfacet
  facet normal 0.17579627993433933 -0.9844265680898943 0
    outer loop
      vertex 9.723837137899617 -6.738196296028628 42
      vertex 9.870729394408029 -6.711964667299382 40.5
      vertex 9.870729394408029 -6.711964667299382 42
    endloop
  endfacet
  facet normal 0.13701234168198245 -0.9905693404435753 0
    outer loop
      vertex 9.870729394408029 -6.711964667299382 42
      vertex 10.01853825122112 -6.691520225132184 40.5
      vertex 10.01853825122112 -6.691520225132184 42
    endloop
  endfacet
  facet normal 0 0 1
    outer loop
      vertex 7.014236301025595 -8.874273358918677 42
      vertex 7.073676129014438 -8.751725808929121 42
      vertex 5.65 -9.786087062764157 42
    endloop
  endfacet
  facet normal 0 0 1
    outer loop
      vertex 8.874273358918677 -7.014236301025595 42
      vertex 9.141892036436907 -6.641973350904947 42
      vertex 8.75431656147597 -7.072419523837431 42
    endloop
  endfacet
  facet normal 0 0 1
    outer loop
      vertex 8.874273358918677 -7.014236301025595 42
      vertex 9.010983318573563 -6.9544381380180145 42
      vertex 9.141892036436907 -6.641973350904947 42
    endloop
  endfacet
  facet normal 0 0 1
    outer loop
      vertex 9.010983318573563 -6.9544381380180145 42
      vertex 9.149935544666432 -6.900053285055465 42
      vertex 9.141892036436907 -6.641973350904947 42
    endloop
  endfacet
  facet normal 0 0 1
    outer loop
      vertex 9.149935544666432 -6.900053285055465 42
      vertex 9.290915782936104 -6.8511655996393195 42
      vertex 9.141892036436907 -6.641973350904947 42
    endloop
  endfacet
  facet normal 0 0 1
    outer loop
      vertex 9.290915782936104 -6.8511655996393195 42
      vertex 9.433706652073623 -6.807850463037044 42
      vertex 9.141892036436907 -6.641973350904947 42
    endloop
  endfacet
  facet normal 0 0 1
    outer loop
      vertex 9.433706652073623 -6.807850463037044 42
      vertex 9.578087978908464 -6.770174664049733 42
      vertex 9.141892036436907 -6.641973350904947 42
    endloop
  endfacet
  facet normal 0 0 1
    outer loop
      vertex 9.578087978908464 -6.770174664049733 42
      vertex 9.723837137899617 -6.738196296028628 42
      vertex 9.141892036436907 -6.641973350904947 42
    endloop
  endfacet
  facet normal 0 0 1
    outer loop
      vertex 9.723837137899617 -6.738196296028628 42
      vertex 9.93508472027718 -6.43172164477277 42
      vertex 9.141892036436907 -6.641973350904947 42
    endloop
  endfacet
  facet normal 0 0 1
    outer loop
      vertex 9.723837137899617 -6.738196296028628 42
      vertex 9.870729394408029 -6.711964667299382 42
      vertex 9.93508472027718 -6.43172164477277 42
    endloop
  endfacet
  facet normal 0 0 1
    outer loop
      vertex 9.870729394408029 -6.711964667299382 42
      vertex 10.01853825122112 -6.691520225132184 42
      vertex 9.93508472027718 -6.43172164477277 42
    endloop
  endfacet
  facet normal 0.5056573733779876 -0.8627343859777901 0
    outer loop
      vertex 9.772424829939098 -17.449920141455944 42
      vertex 10.449971294318976 -17.052803287081844 40.5
      vertex 10.449971294318976 -17.052803287081844 42
    endloop
  endfacet
  facet normal 0.5391383229109958 -0.8422172337162894 -6.145822300332251e-16
    outer loop
      vertex 10.449971294318976 -17.052803287081844 42
      vertex 11.111404660392047 -16.629392246050905 40.5
      vertex 10.75425896126222 -16.858016080324752 42
    endloop
  endfacet
  facet normal 0.5391383229109976 -0.8422172337162882 0
    outer loop
      vertex 10.75425896126222 -16.858016080324752 42
      vertex 11.111404660392047 -16.629392246050905 40.5
      vertex 11.111404660392047 -16.629392246050905 42
    endloop
  endfacet
  facet normal 0.571787960227609 -0.8204014435255159 6.597129897972179e-16
    outer loop
      vertex 11.111404660392047 -16.629392246050905 42
      vertex 11.755705045849467 -16.180339887498953 40.5
      vertex 11.755705045849465 -16.180339887498953 42
    endloop
  endfacet
  facet normal 0.6035559419535762 -0.7973206537727034 0
    outer loop
      vertex 11.755705045849465 -16.180339887498953 42
      vertex 12.38187898619668 -15.706338617614898 40.5
      vertex 12.38187898619668 -15.706338617614898 42
    endloop
  endfacet
  facet normal 0.6343932841636449 -0.7730104533627374 0
    outer loop
      vertex 12.38187898619668 -15.706338617614898 42
      vertex 12.988960966603674 -15.208119312000619 40.5
      vertex 12.988960966603674 -15.208119312000619 42
    endloop
  endfacet
  facet normal 0.09801714032956603 0.9951847266721964 0
    outer loop
      vertex 10.01853825122112 -14.238840497989624 42
      vertex 10.167035797795094 -14.253466229746792 42
      vertex 10.01853825122112 -14.238840497989624 40.5
    endloop
  endfacet
  facet normal 0.05887080365119925 0.9982656101847153 0
    outer loop
      vertex 10.167035797795094 -14.253466229746792 42
      vertex 10.315993061676444 -14.262250699275654 42
      vertex 10.167035797795094 -14.253466229746792 40.5
    endloop
  endfacet
  facet normal 0.019633692460601686 0.9998072404820654 0
    outer loop
      vertex 10.315993061676444 -14.262250699275654 42
      vertex 10.465180361560902 -14.265180361560903 42
      vertex 10.315993061676444 -14.262250699275654 40.5
    endloop
  endfacet
  facet normal -0.019633692460625022 0.9998072404820649 0
    outer loop
      vertex 10.465180361560902 -14.265180361560903 42
      vertex 10.614367661445364 -14.26225069927565 42
      vertex 10.465180361560902 -14.265180361560903 40.5
    endloop
  endfacet
  facet normal -0.05887080365118668 0.998265610184716 0
    outer loop
      vertex 10.614367661445364 -14.26225069927565 42
      vertex 10.763324925326716 -14.25346622974679 42
      vertex 10.614367661445364 -14.26225069927565 40.5
    endloop
  endfacet
  facet normal -0.0980171403295554 0.9951847266721975 0
    outer loop
      vertex 10.763324925326716 -14.25346622974679 42
      vertex 10.911822471900688 -14.238840497989624 42
      vertex 10.763324925326716 -14.25346622974679 40.5
    endloop
  endfacet
  facet normal -0.13701234168196916 0.990569340443577 0
    outer loop
      vertex 10.911822471900688 -14.238840497989624 42
      vertex 11.059631328713781 -14.218396055822428 42
      vertex 10.911822471900688 -14.238840497989624 40.5
    endloop
  endfacet
  facet normal -0.17579627993435293 0.9844265680898919 0
    outer loop
      vertex 11.059631328713781 -14.218396055822428 42
      vertex 11.206523585222191 -14.19216442709318 42
      vertex 11.059631328713781 -14.218396055822428 40.5
    endloop
  endfacet
  facet normal -0.2143091530650575 0.9767658813208709 0
    outer loop
      vertex 11.206523585222191 -14.19216442709318 42
      vertex 11.352272744213344 -14.160186059072075 42
      vertex 11.206523585222191 -14.19216442709318 40.5
    endloop
  endfacet
  facet normal -0.2524915770151374 0.9675990923602652 0
    outer loop
      vertex 11.352272744213344 -14.160186059072075 42
      vertex 11.496654071048187 -14.122510260084766 42
      vertex 11.352272744213344 -14.160186059072075 40.5
    endloop
  endfacet
  facet normal -0.2902846772544736 0.9569403357322055 0
    outer loop
      vertex 11.496654071048187 -14.122510260084766 42
      vertex 11.639444940185705 -14.079195123482489 42
      vertex 11.496654071048187 -14.122510260084766 40.5
    endloop
  endfacet
  facet normal -0.3276301795616939 0.9448060464668778 0
    outer loop
      vertex 11.639444940185705 -14.079195123482489 42
      vertex 11.780425178455378 -14.030307438066345 42
      vertex 11.639444940185705 -14.079195123482489 40.5
    endloop
  endfacet
  facet normal -0.36447049987915764 0.9312149347588005 0
    outer loop
      vertex 11.780425178455378 -14.030307438066345 42
      vertex 11.919377404548245 -13.975922585103794 42
      vertex 11.780425178455378 -14.030307438066345 40.5
    endloop
  endfacet
  facet normal -0.40074883310312753 0.9161879571171417 0
    outer loop
      vertex 11.919377404548245 -13.975922585103794 42
      vertex 12.056087364203133 -13.916124422096214 42
      vertex 11.919377404548245 -13.975922585103794 40.5
    endloop
  endfacet
  facet normal -0.43640924067334663 0.8997482840522192 0
    outer loop
      vertex 12.056087364203133 -13.916124422096214 42
      vertex 12.190344260571184 -13.851005153476702 42
      vertex 12.056087364203133 -13.916124422096214 40.5
    endloop
  endfacet
  facet normal -0.47139673682600397 0.8819212643483515 0
    outer loop
      vertex 12.190344260571184 -13.851005153476702 42
      vertex 12.321941079249333 -13.780665188437533 42
      vertex 12.190344260571184 -13.851005153476702 40.5
    endloop
  endfacet
  facet normal -0.5056573733779793 0.862734385977795 0
    outer loop
      vertex 12.321941079249333 -13.780665188437533 42
      vertex 12.450674907481512 -13.705212986106455 42
      vertex 12.321941079249333 -13.780665188437533 40.5
    endloop
  endfacet
  facet normal 0.6642524379112832 -0.7475083268625955 0
    outer loop
      vertex 12.988960966603674 -15.208119312000619 42
      vertex 13.576014910658834 -14.68645018871371 40.5
      vertex 13.576014910658834 -14.68645018871371 42
    endloop
  endfacet
  facet normal -0.5391383229110037 0.8422172337162843 0
    outer loop
      vertex 12.450674907481512 -13.705212986106455 42
      vertex 12.576347247035393 -13.624764888310576 42
      vertex 12.450674907481512 -13.705212986106455 40.5
    endloop
  endfacet
  facet normal -0.5717879602276129 0.8204014435255131 0
    outer loop
      vertex 12.576347247035393 -13.624764888310576 42
      vertex 12.698764320272302 -13.539444940185705 42
      vertex 12.576347247035393 -13.624764888310576 40.5
    endloop
  endfacet
  facet normal -0.6035559419535654 0.7973206537727117 0
    outer loop
      vertex 12.698764320272302 -13.539444940185705 42
      vertex 12.817737368938275 -13.449384698907735 42
      vertex 12.698764320272302 -13.539444940185705 40.5
    endloop
  endfacet
  facet normal -0.6343932841636629 0.7730104533627227 0
    outer loop
      vertex 12.817737368938275 -13.449384698907735 42
      vertex 12.9330829452156 -13.35472303084102 42
      vertex 12.817737368938275 -13.449384698907735 40.5
    endloop
  endfacet
  facet normal -0.6642524379112711 0.7475083268626063 0
    outer loop
      vertex 12.9330829452156 -13.35472303084102 42
      vertex 13.044623194586082 -13.25560589741651 42
      vertex 12.9330829452156 -13.35472303084102 40.5
    endloop
  endfacet
  facet normal -0.6930873625456249 0.7208535967029295 0
    outer loop
      vertex 13.044623194586082 -13.25560589741651 42
      vertex 13.152186130069786 -13.152186130069786 42
      vertex 13.044623194586082 -13.25560589741651 40.5
    endloop
  endfacet
  facet normal -0.7208535967029295 0.6930873625456249 0
    outer loop
      vertex 13.152186130069786 -13.152186130069786 42
      vertex 13.25560589741651 -13.044623194586082 42
      vertex 13.152186130069786 -13.152186130069786 40.5
    endloop
  endfacet
  facet normal -0.7475083268626063 0.6642524379112711 0
    outer loop
      vertex 13.25560589741651 -13.044623194586082 42
      vertex 13.35472303084102 -12.9330829452156 42
      vertex 13.25560589741651 -13.044623194586082 40.5
    endloop
  endfacet
  facet normal -0.7730104533627227 0.6343932841636629 0
    outer loop
      vertex 13.35472303084102 -12.9330829452156 42
      vertex 13.449384698907735 -12.817737368938275 42
      vertex 13.35472303084102 -12.9330829452156 40.5
    endloop
  endfacet
  facet normal -0.7973206537727117 0.6035559419535654 0
    outer loop
      vertex 13.449384698907735 -12.817737368938275 42
      vertex 13.539444940185705 -12.698764320272302 42
      vertex 13.449384698907735 -12.817737368938275 40.5
    endloop
  endfacet
  facet normal -0.8204014435255131 0.5717879602276129 0
    outer loop
      vertex 13.539444940185705 -12.698764320272302 42
      vertex 13.624764888310576 -12.576347247035393 42
      vertex 13.539444940185705 -12.698764320272302 40.5
    endloop
  endfacet
  facet normal -0.8422172337162843 0.5391383229110037 0
    outer loop
      vertex 13.624764888310576 -12.576347247035393 42
      vertex 13.705212986106455 -12.450674907481512 42
      vertex 13.624764888310576 -12.576347247035393 40.5
    endloop
  endfacet
  facet normal 0.6930873625456346 -0.72085359670292 0
    outer loop
      vertex 13.576014910658834 -14.68645018871371 42
      vertex 14.142135623730951 -14.142135623730951 40.5
      vertex 14.142135623730951 -14.142135623730951 42
    endloop
  endfacet
  facet normal 0.72085359670292 -0.6930873625456346 0
    outer loop
      vertex 14.142135623730951 -14.142135623730951 42
      vertex 14.68645018871371 -13.576014910658834 40.5
      vertex 14.68645018871371 -13.576014910658834 42
    endloop
  endfacet
  facet normal -0.862734385977795 0.5056573733779793 0
    outer loop
      vertex 13.705212986106455 -12.450674907481512 42
      vertex 13.780665188437533 -12.321941079249333 42
      vertex 13.705212986106455 -12.450674907481512 40.5
    endloop
  endfacet
  facet normal -0.8819212643483515 0.47139673682600397 0
    outer loop
      vertex 13.780665188437533 -12.321941079249333 42
      vertex 13.851005153476702 -12.190344260571184 42
      vertex 13.780665188437533 -12.321941079249333 40.5
    endloop
  endfacet
  facet normal -0.8997482840522192 0.43640924067334663 0
    outer loop
      vertex 13.851005153476702 -12.190344260571184 42
      vertex 13.916124422096214 -12.056087364203133 42
      vertex 13.851005153476702 -12.190344260571184 40.5
    endloop
  endfacet
  facet normal -0.9161879571171417 0.40074883310312753 0
    outer loop
      vertex 13.916124422096214 -12.056087364203133 42
      vertex 13.975922585103794 -11.919377404548245 42
      vertex 13.916124422096214 -12.056087364203133 40.5
    endloop
  endfacet
  facet normal -0.9312149347588005 0.36447049987915764 0
    outer loop
      vertex 13.975922585103794 -11.919377404548245 42
      vertex 14.030307438066345 -11.780425178455378 42
      vertex 13.975922585103794 -11.919377404548245 40.5
    endloop
  endfacet
  facet normal -0.9448060464668778 0.3276301795616939 0
    outer loop
      vertex 14.030307438066345 -11.780425178455378 42
      vertex 14.079195123482489 -11.639444940185705 42
      vertex 14.030307438066345 -11.780425178455378 40.5
    endloop
  endfacet
  facet normal -0.9569403357322055 0.2902846772544736 0
    outer loop
      vertex 14.079195123482489 -11.639444940185705 42
      vertex 14.122510260084766 -11.496654071048187 42
      vertex 14.079195123482489 -11.639444940185705 40.5
    endloop
  endfacet
  facet normal -0.9675990923602652 0.2524915770151374 0
    outer loop
      vertex 14.122510260084766 -11.496654071048187 42
      vertex 14.160186059072075 -11.352272744213344 42
      vertex 14.122510260084766 -11.496654071048187 40.5
    endloop
  endfacet
  facet normal -0.9767658813208709 0.2143091530650575 0
    outer loop
      vertex 14.160186059072075 -11.352272744213344 42
      vertex 14.19216442709318 -11.206523585222191 42
      vertex 14.160186059072075 -11.352272744213344 40.5
    endloop
  endfacet
  facet normal -0.9844265680898919 0.17579627993435293 0
    outer loop
      vertex 14.19216442709318 -11.206523585222191 42
      vertex 14.218396055822428 -11.059631328713781 42
      vertex 14.19216442709318 -11.206523585222191 40.5
    endloop
  endfacet
  facet normal -0.990569340443577 0.13701234168196916 0
    outer loop
      vertex 14.218396055822428 -11.059631328713781 42
      vertex 14.238840497989624 -10.911822471900688 42
      vertex 14.218396055822428 -11.059631328713781 40.5
    endloop
  endfacet
  facet normal -0.9951847266721975 0.0980171403295554 0
    outer loop
      vertex 14.238840497989624 -10.911822471900688 42
      vertex 14.25346622974679 -10.763324925326716 42
      vertex 14.238840497989624 -10.911822471900688 40.5
    endloop
  endfacet
  facet normal -0.998265610184716 0.05887080365118668 0
    outer loop
      vertex 14.25346622974679 -10.763324925326716 42
      vertex 14.26225069927565 -10.614367661445364 42
      vertex 14.25346622974679 -10.763324925326716 40.5
    endloop
  endfacet
  facet normal -0.9998072404820649 0.019633692460625022 0
    outer loop
      vertex 14.26225069927565 -10.614367661445364 42
      vertex 14.265180361560903 -10.465180361560902 42
      vertex 14.26225069927565 -10.614367661445364 40.5
    endloop
  endfacet
  facet normal -0.9998072404820654 -0.019633692460601686 0
    outer loop
      vertex 14.265180361560903 -10.465180361560902 42
      vertex 14.262250699275654 -10.315993061676444 42
      vertex 14.265180361560903 -10.465180361560902 40.5
    endloop
  endfacet
  facet normal -0.9982656101847153 -0.05887080365119925 0
    outer loop
      vertex 14.262250699275654 -10.315993061676444 42
      vertex 14.253466229746792 -10.167035797795094 42
      vertex 14.262250699275654 -10.315993061676444 40.5
    endloop
  endfacet
  facet normal -0.9951847266721964 -0.09801714032956603 0
    outer loop
      vertex 14.253466229746792 -10.167035797795094 42
      vertex 14.238840497989624 -10.01853825122112 42
      vertex 14.253466229746792 -10.167035797795094 40.5
    endloop
  endfacet
  facet normal 0.7475083268625955 -0.6642524379112832 0
    outer loop
      vertex 14.68645018871371 -13.576014910658834 42
      vertex 15.208119312000619 -12.988960966603674 40.5
      vertex 15.208119312000619 -12.988960966603674 42
    endloop
  endfacet
  facet normal 0.7730104533627374 -0.6343932841636449 0
    outer loop
      vertex 15.208119312000619 -12.988960966603674 42
      vertex 15.706338617614898 -12.38187898619668 40.5
      vertex 15.706338617614898 -12.38187898619668 42
    endloop
  endfacet
  facet normal 0.7973206537727034 -0.6035559419535762 0
    outer loop
      vertex 15.706338617614898 -12.38187898619668 42
      vertex 16.180339887498953 -11.755705045849465 40.5
      vertex 16.180339887498953 -11.755705045849465 42
    endloop
  endfacet
  facet normal 0.8204014435255159 -0.571787960227609 0
    outer loop
      vertex 16.180339887498953 -11.755705045849465 42
      vertex 16.629392246050905 -11.111404660392047 40.5
      vertex 16.629392246050905 -11.111404660392047 42
    endloop
  endfacet
  facet normal 0.8422172337162894 -0.5391383229109957 6.54529066768927e-16
    outer loop
      vertex 16.629392246050905 -11.111404660392047 42
      vertex 17.052803287081844 -10.449971294318976 40.5
      vertex 16.858016080324752 -10.754258961262218 42
    endloop
  endfacet
  facet normal 0.842217233716288 -0.5391383229109981 0
    outer loop
      vertex 16.858016080324752 -10.754258961262218 42
      vertex 17.052803287081844 -10.449971294318976 40.5
      vertex 17.052803287081844 -10.449971294318976 42
    endloop
  endfacet
  facet normal 0.8627343859777901 -0.5056573733779876 0
    outer loop
      vertex 17.052803287081844 -10.449971294318976 42
      vertex 17.449920141455944 -9.772424829939098 40.5
      vertex 17.449920141455944 -9.772424829939098 42
    endloop
  endfacet
  facet normal 0 0 1
    outer loop
      vertex 9.772424829939098 -17.449920141455944 42
      vertex 10.449971294318976 -17.052803287081844 42
      vertex 9.761164013721903 -16.82556803661184 42
    endloop
  endfacet
  facet normal 0 0 1
    outer loop
      vertex 10.449971294318976 -17.052803287081844 42
      vertex 10.411691087876445 -16.86412996713792 42
      vertex 9.761164013721903 -16.82556803661184 42
    endloop
  endfacet
  facet normal 0 0 1
    outer loop
      vertex 10.449971294318976 -17.052803287081844 42
      vertex 10.439178682742929 -16.8646697541711 42
      vertex 10.411691087876445 -16.86412996713792 42
    endloop
  endfacet
  facet normal 0 0 1
    outer loop
      vertex 10.449971294318976 -17.052803287081844 42
      vertex 10.75425896126222 -16.858016080324752 42
      vertex 10.439178682742929 -16.8646697541711 42
    endloop
  endfacet
  facet normal 0 0 1
    outer loop
      vertex 9.761164013721903 -16.82556803661184 42
      vertex 10.411691087876445 -16.86412996713792 42
      vertex 10.330384827027979 -16.463392259792062 42
    endloop
  endfacet
  facet normal 0 0 1
    outer loop
      vertex 10.439178682742929 -16.8646697541711 42
      vertex 10.75425896126222 -16.858016080324752 42
      vertex 11.083207821972195 -16.51389186588295 42
    endloop
  endfacet
  facet normal 0 0 1
    outer loop
      vertex 10.411691087876445 -16.86412996713792 42
      vertex 10.439178682742929 -16.8646697541711 42
      vertex 11.021931431175998 -16.262890447677897 42
    endloop
  endfacet
  facet normal 0 0 1
    outer loop
      vertex 10.439178682742929 -16.8646697541711 42
      vertex 11.083207821972195 -16.51389186588295 42
      vertex 11.021931431175998 -16.262890447677897 42
    endloop
  endfacet
  facet normal 0 0 1
    outer loop
      vertex 10.75425896126222 -16.858016080324752 42
      vertex 11.111404660392047 -16.629392246050905 42
      vertex 11.083207821972195 -16.51389186588295 42
    endloop
  endfacet
  facet normal 0 0 1
    outer loop
      vertex 9.3672517847187 -16.25982575521059 42
      vertex 9.550599558996176 -16.798363941479895 42
      vertex 11.352272744213344 -14.160186059072075 42
    endloop
  endfacet
  facet normal 0 0 1
    outer loop
      vertex 9.669338030133638 -16.814787462089765 42
      vertex 12.056087364203133 -13.916124422096214 42
      vertex 9.550599558996176 -16.798363941479895 42
    endloop
  endfacet
  facet normal 0 0 1
    outer loop
      vertex 9.669338030133638 -16.814787462089765 42
      vertex 9.760157106484797 -16.769740409134023 42
      vertex 12.190344260571184 -13.851005153476702 42
    endloop
  endfacet
  facet normal 0 0 1
    outer loop
      vertex 9.761164013721903 -16.82556803661184 42
      vertex 12.321941079249333 -13.780665188437533 42
      vertex 9.760157106484797 -16.769740409134023 42
    endloop
  endfacet
  facet normal 0 0 1
    outer loop
      vertex 8.724265516682143 -16.6237727159136 42
      vertex 10.763324925326716 -14.25346622974679 42
      vertex 10.614367661445364 -14.26225069927565 42
    endloop
  endfacet
  facet normal 0 0 1
    outer loop
      vertex 8.724265516682143 -16.6237727159136 42
      vertex 10.911822471900688 -14.238840497989624 42
      vertex 10.763324925326716 -14.25346622974679 42
    endloop
  endfacet
  facet normal 0 0 1
    outer loop
      vertex 8.940485814244106 -16.680351351125775 42
      vertex 11.206523585222191 -14.19216442709318 42
      vertex 11.059631328713781 -14.218396055822428 42
    endloop
  endfacet
  facet normal 0 0 1
    outer loop
      vertex 9.761164013721903 -16.82556803661184 42
      vertex 10.330384827027979 -16.463392259792062 42
      vertex 12.321941079249333 -13.780665188437533 42
    endloop
  endfacet
  facet normal 0 0 1
    outer loop
      vertex 10.411691087876445 -16.86412996713792 42
      vertex 12.698764320272302 -13.539444940185705 42
      vertex 10.330384827027979 -16.463392259792062 42
    endloop
  endfacet
  facet normal 0 0 1
    outer loop
      vertex 9.550599558996176 -16.798363941479895 42
      vertex 11.496654071048187 -14.122510260084766 42
      vertex 11.352272744213344 -14.160186059072075 42
    endloop
  endfacet
  facet normal 0 0 1
    outer loop
      vertex 9.550599558996176 -16.798363941479895 42
      vertex 11.639444940185705 -14.079195123482489 42
      vertex 11.496654071048187 -14.122510260084766 42
    endloop
  endfacet
  facet normal 0 0 1
    outer loop
      vertex 12.38187898619668 -15.706338617614898 42
      vertex 12.988960966603674 -15.208119312000619 42
      vertex 13.565267421428468 -14.608725060693365 42
    endloop
  endfacet
  facet normal 0 0 1
    outer loop
      vertex 8.909677390825417 -16.428314712658654 42
      vertex 11.059631328713781 -14.218396055822428 42
      vertex 10.911822471900688 -14.238840497989624 42
    endloop
  endfacet
  facet normal 0 0 1
    outer loop
      vertex 9.3672517847187 -16.25982575521059 42
      vertex 11.352272744213344 -14.160186059072075 42
      vertex 11.206523585222191 -14.19216442709318 42
    endloop
  endfacet
  facet normal 0 0 1
    outer loop
      vertex 9.550599558996176 -16.798363941479895 42
      vertex 11.780425178455378 -14.030307438066345 42
      vertex 11.639444940185705 -14.079195123482489 42
    endloop
  endfacet
  facet normal 0 0 1
    outer loop
      vertex 9.550599558996176 -16.798363941479895 42
      vertex 11.919377404548245 -13.975922585103794 42
      vertex 11.780425178455378 -14.030307438066345 42
    endloop
  endfacet
  facet normal 0 0 1
    outer loop
      vertex 9.550599558996176 -16.798363941479895 42
      vertex 12.056087364203133 -13.916124422096214 42
      vertex 11.919377404548245 -13.975922585103794 42
    endloop
  endfacet
  facet normal 0 0 1
    outer loop
      vertex 9.669338030133638 -16.814787462089765 42
      vertex 12.190344260571184 -13.851005153476702 42
      vertex 12.056087364203133 -13.916124422096214 42
    endloop
  endfacet
  facet normal 0 0 1
    outer loop
      vertex 9.760157106484797 -16.769740409134023 42
      vertex 12.321941079249333 -13.780665188437533 42
      vertex 12.190344260571184 -13.851005153476702 42
    endloop
  endfacet
  facet normal 0 0 1
    outer loop
      vertex 10.330384827027979 -16.463392259792062 42
      vertex 12.450674907481512 -13.705212986106455 42
      vertex 12.321941079249333 -13.780665188437533 42
    endloop
  endfacet
  facet normal 0 0 1
    outer loop
      vertex 10.330384827027979 -16.463392259792062 42
      vertex 12.576347247035393 -13.624764888310576 42
      vertex 12.450674907481512 -13.705212986106455 42
    endloop
  endfacet
  facet normal 0 0 1
    outer loop
      vertex 10.330384827027979 -16.463392259792062 42
      vertex 12.698764320272302 -13.539444940185705 42
      vertex 12.576347247035393 -13.624764888310576 42
    endloop
  endfacet
  facet normal 0 0 1
    outer loop
      vertex 10.411691087876445 -16.86412996713792 42
      vertex 12.817737368938275 -13.449384698907735 42
      vertex 12.698764320272302 -13.539444940185705 42
    endloop
  endfacet
  facet normal 0 0 1
    outer loop
      vertex 10.411691087876445 -16.86412996713792 42
      vertex 12.9330829452156 -13.35472303084102 42
      vertex 12.817737368938275 -13.449384698907735 42
    endloop
  endfacet
  facet normal 0 0 1
    outer loop
      vertex 10.411691087876445 -16.86412996713792 42
      vertex 13.044623194586082 -13.25560589741651 42
      vertex 12.9330829452156 -13.35472303084102 42
    endloop
  endfacet
  facet normal 0 0 1
    outer loop
      vertex 10.411691087876445 -16.86412996713792 42
      vertex 13.152186130069786 -13.152186130069786 42
      vertex 13.044623194586082 -13.25560589741651 42
    endloop
  endfacet
  facet normal 0 0 1
    outer loop
      vertex 10.411691087876445 -16.86412996713792 42
      vertex 13.25560589741651 -13.044623194586082 42
      vertex 13.152186130069786 -13.152186130069786 42
    endloop
  endfacet
  facet normal 0 0 1
    outer loop
      vertex 10.411691087876445 -16.86412996713792 42
      vertex 13.35472303084102 -12.9330829452156 42
      vertex 13.25560589741651 -13.044623194586082 42
    endloop
  endfacet
  facet normal 0 0 1
    outer loop
      vertex 10.411691087876445 -16.86412996713792 42
      vertex 13.449384698907735 -12.817737368938275 42
      vertex 13.35472303084102 -12.9330829452156 42
    endloop
  endfacet
  facet normal 0 0 1
    outer loop
      vertex 10.411691087876445 -16.86412996713792 42
      vertex 13.539444940185705 -12.698764320272302 42
      vertex 13.449384698907735 -12.817737368938275 42
    endloop
  endfacet
  facet normal 0 0 1
    outer loop
      vertex 10.411691087876445 -16.86412996713792 42
      vertex 11.021931431175998 -16.262890447677897 42
      vertex 16.629392246050905 -8.745200156002229 42
    endloop
  endfacet
  facet normal 0 0 1
    outer loop
      vertex 11.111404660392047 -16.629392246050905 42
      vertex 16.629392246050905 -8.745200156002229 42
      vertex 11.083207821972195 -16.51389186588295 42
    endloop
  endfacet
  facet normal 0 0 1
    outer loop
      vertex 11.083207821972195 -16.51389186588295 42
      vertex 16.629392246050905 -8.745200156002229 42
      vertex 11.021931431175998 -16.262890447677897 42
    endloop
  endfacet
  facet normal 0 0 1
    outer loop
      vertex 12.988960966603674 -15.208119312000619 42
      vertex 13.576014910658834 -14.68645018871371 42
      vertex 13.565267421428468 -14.608725060693365 42
    endloop
  endfacet
  facet normal 0 0 1
    outer loop
      vertex 11.111404660392047 -16.629392246050905 42
      vertex 11.755705045849465 -16.180339887498953 42
      vertex 16.629392246050905 -11.111404660392047 42
    endloop
  endfacet
  facet normal 0 0 1
    outer loop
      vertex 11.755705045849465 -16.180339887498953 42
      vertex 12.38187898619668 -15.706338617614898 42
      vertex 16.180339887498953 -11.755705045849465 42
    endloop
  endfacet
  facet normal 0 0 1
    outer loop
      vertex 10.411691087876445 -16.86412996713792 42
      vertex 16.629392246050905 -8.745200156002229 42
      vertex 13.539444940185705 -12.698764320272302 42
    endloop
  endfacet
  facet normal 0 0 1
    outer loop
      vertex 13.576014910658834 -14.68645018871371 42
      vertex 14.13543713557317 -14.104616577689683 42
      vertex 13.565267421428468 -14.608725060693365 42
    endloop
  endfacet
  facet normal 0 0 1
    outer loop
      vertex 12.38187898619668 -15.706338617614898 42
      vertex 13.565267421428468 -14.608725060693365 42
      vertex 15.706338617614898 -12.38187898619668 42
    endloop
  endfacet
  facet normal 0 0 1
    outer loop
      vertex 13.576014910658834 -14.68645018871371 42
      vertex 14.142135623730951 -14.142135623730951 42
      vertex 14.13543713557317 -14.104616577689683 42
    endloop
  endfacet
  facet normal 0 0 1
    outer loop
      vertex 14.142135623730951 -14.142135623730951 42
      vertex 14.68645018871371 -13.576014910658834 42
      vertex 14.13543713557317 -14.104616577689683 42
    endloop
  endfacet
  facet normal 0 0 1
    outer loop
      vertex 13.565267421428468 -14.608725060693365 42
      vertex 14.13543713557317 -14.104616577689683 42
      vertex 15.208119312000619 -12.988960966603674 42
    endloop
  endfacet
  facet normal 0 0 1
    outer loop
      vertex 14.13543713557317 -14.104616577689683 42
      vertex 14.68645018871371 -13.576014910658834 42
      vertex 15.208119312000619 -12.988960966603674 42
    endloop
  endfacet
  facet normal 0 0 1
    outer loop
      vertex 12.38187898619668 -15.706338617614898 42
      vertex 15.706338617614898 -12.38187898619668 42
      vertex 16.180339887498953 -11.755705045849465 42
    endloop
  endfacet
  facet normal 0 0 1
    outer loop
      vertex 13.565267421428468 -14.608725060693365 42
      vertex 15.208119312000619 -12.988960966603674 42
      vertex 15.706338617614898 -12.38187898619668 42
    endloop
  endfacet
  facet normal 0 0 1
    outer loop
      vertex 11.755705045849465 -16.180339887498953 42
      vertex 16.180339887498953 -11.755705045849465 42
      vertex 16.629392246050905 -11.111404660392047 42
    endloop
  endfacet
  facet normal 0 0 1
    outer loop
      vertex 11.111404660392047 -16.629392246050905 42
      vertex 16.629392246050905 -11.111404660392047 42
      vertex 16.858016080324752 -10.754258961262218 42
    endloop
  endfacet
  facet normal 0 0 1
    outer loop
      vertex 11.111404660392047 -16.629392246050905 42
      vertex 16.858016080324752 -10.754258961262218 42
      vertex 16.629392246050905 -10.95388713083051 42
    endloop
  endfacet
  facet normal 0 0 1
    outer loop
      vertex 11.111404660392047 -16.629392246050905 42
      vertex 16.629392246050905 -10.95388713083051 42
      vertex 16.629392246050905 -8.745200156002229 42
    endloop
  endfacet
  facet normal 0 0 1
    outer loop
      vertex 13.539444940185705 -12.698764320272302 42
      vertex 16.629392246050905 -8.745200156002229 42
      vertex 13.624764888310576 -12.576347247035393 42
    endloop
  endfacet
  facet normal 0 0 1
    outer loop
      vertex 13.624764888310576 -12.576347247035393 42
      vertex 16.629392246050905 -8.745200156002229 42
      vertex 13.705212986106455 -12.450674907481512 42
    endloop
  endfacet
  facet normal 0 0 1
    outer loop
      vertex 13.705212986106455 -12.450674907481512 42
      vertex 16.629392246050905 -8.745200156002229 42
      vertex 13.780665188437533 -12.321941079249333 42
    endloop
  endfacet
  facet normal 0 0 1
    outer loop
      vertex 13.780665188437533 -12.321941079249333 42
      vertex 16.629392246050905 -8.745200156002229 42
      vertex 13.851005153476702 -12.190344260571184 42
    endloop
  endfacet
  facet normal 0 0 1
    outer loop
      vertex 13.851005153476702 -12.190344260571184 42
      vertex 16.629392246050905 -8.745200156002229 42
      vertex 13.916124422096214 -12.056087364203133 42
    endloop
  endfacet
  facet normal 0 0 1
    outer loop
      vertex 13.916124422096214 -12.056087364203133 42
      vertex 16.629392246050905 -8.745200156002229 42
      vertex 13.975922585103794 -11.919377404548245 42
    endloop
  endfacet
  facet normal 0 0 1
    outer loop
      vertex 13.975922585103794 -11.919377404548245 42
      vertex 16.629392246050905 -8.745200156002229 42
      vertex 14.030307438066345 -11.780425178455378 42
    endloop
  endfacet
  facet normal 0 0 1
    outer loop
      vertex 14.030307438066345 -11.780425178455378 42
      vertex 16.629392246050905 -8.745200156002229 42
      vertex 14.079195123482489 -11.639444940185705 42
    endloop
  endfacet
  facet normal 0 0 1
    outer loop
      vertex 14.079195123482489 -11.639444940185705 42
      vertex 16.601915367847166 -8.751860546705862 42
      vertex 14.122510260084766 -11.496654071048187 42
    endloop
  endfacet
  facet normal 0 0 1
    outer loop
      vertex 14.122510260084766 -11.496654071048187 42
      vertex 16.601915367847166 -8.751860546705862 42
      vertex 14.160186059072075 -11.352272744213344 42
    endloop
  endfacet
  facet normal 0 0 1
    outer loop
      vertex 14.160186059072075 -11.352272744213344 42
      vertex 16.601915367847166 -8.751860546705862 42
      vertex 14.19216442709318 -11.206523585222191 42
    endloop
  endfacet
  facet normal 0 0 1
    outer loop
      vertex 14.19216442709318 -11.206523585222191 42
      vertex 16.60070863048731 -8.648233416538453 42
      vertex 14.218396055822428 -11.059631328713781 42
    endloop
  endfacet
  facet normal 0 0 1
    outer loop
      vertex 14.218396055822428 -11.059631328713781 42
      vertex 16.523957352789736 -8.406770466355182 42
      vertex 14.238840497989624 -10.911822471900688 42
    endloop
  endfacet
  facet normal 0 0 1
    outer loop
      vertex 14.238840497989624 -10.911822471900688 42
      vertex 16.523957352789736 -8.406770466355182 42
      vertex 14.25346622974679 -10.763324925326716 42
    endloop
  endfacet
  facet normal 0 0 1
    outer loop
      vertex 16.629392246050905 -10.95388713083051 42
      vertex 16.858016080324752 -10.754258961262218 42
      vertex 16.629392246050905 -8.745200156002229 42
    endloop
  endfacet
  facet normal 0.0980171403295613 -0.9951847266721968 0
    outer loop
      vertex 10.01853825122112 -6.691520225132184 42
      vertex 10.167035797795092 -6.676894493375017 40.5
      vertex 10.167035797795092 -6.676894493375017 42
    endloop
  endfacet
  facet normal 0.05887080365118074 -0.9982656101847163 0
    outer loop
      vertex 10.167035797795092 -6.676894493375017 42
      vertex 10.315993061676444 -6.6681100238461575 40.5
      vertex 10.315993061676444 -6.6681100238461575 42
    endloop
  endfacet
  facet normal 0.019633692460637155 -0.9998072404820647 0
    outer loop
      vertex 10.315993061676444 -6.6681100238461575 42
      vertex 10.465180361560904 -6.665180361560903 40.5
      vertex 10.465180361560904 -6.665180361560903 42
    endloop
  endfacet
  facet normal -0.019633692460642636 -0.9998072404820646 0
    outer loop
      vertex 10.465180361560904 -6.665180361560903 42
      vertex 10.614367661445367 -6.668110023846158 40.5
      vertex 10.614367661445367 -6.668110023846158 42
    endloop
  endfacet
  facet normal -0.05887080365118214 -0.9982656101847163 0
    outer loop
      vertex 10.614367661445367 -6.668110023846158 42
      vertex 10.763324925326716 -6.676894493375018 40.5
      vertex 10.763324925326716 -6.676894493375018 42
    endloop
  endfacet
  facet normal -0.0980171403295613 -0.9951847266721968 0
    outer loop
      vertex 10.763324925326716 -6.676894493375018 42
      vertex 10.911822471900688 -6.691520225132185 40.5
      vertex 10.911822471900688 -6.691520225132185 42
    endloop
  endfacet
  facet normal -0.13701234168197338 -0.9905693404435766 0
    outer loop
      vertex 10.911822471900688 -6.691520225132185 42
      vertex 11.059631328713783 -6.711964667299382 40.5
      vertex 11.059631328713783 -6.711964667299382 42
    endloop
  endfacet
  facet normal -0.17579627993434346 -0.9844265680898936 0
    outer loop
      vertex 11.059631328713783 -6.711964667299382 42
      vertex 11.206523585222191 -6.738196296028628 40.5
      vertex 11.206523585222191 -6.738196296028628 42
    endloop
  endfacet
  facet normal -0.32763017956169926 -0.9448060464668762 0
    outer loop
      vertex 11.780425178455378 -6.900053285055464 42
      vertex 11.639444940185705 -6.8511655996393195 42
      vertex 11.780425178455378 -6.900053285055464 40.5
    endloop
  endfacet
  facet normal -0.2143091530650575 -0.9767658813208709 0
    outer loop
      vertex 11.206523585222191 -6.738196296028628 42
      vertex 11.352272744213344 -6.770174664049733 40.5
      vertex 11.352272744213344 -6.770174664049733 42
    endloop
  endfacet
  facet normal -0.2524915770151597 -0.9675990923602593 0
    outer loop
      vertex 11.352272744213344 -6.770174664049733 42
      vertex 11.496654071048187 -6.807850463037045 40.5
      vertex 11.496654071048187 -6.807850463037045 42
    endloop
  endfacet
  facet normal -0.29028467725445173 -0.956940335732212 0
    outer loop
      vertex 11.496654071048187 -6.807850463037045 42
      vertex 11.639444940185705 -6.8511655996393195 40.5
      vertex 11.639444940185705 -6.8511655996393195 42
    endloop
  endfacet
  facet normal -0.36447049987915875 -0.9312149347588 0
    outer loop
      vertex 11.780425178455378 -6.900053285055464 42
      vertex 11.919377404548246 -6.954438138018016 40.5
      vertex 11.919377404548246 -6.954438138018016 42
    endloop
  endfacet
  facet normal -0.40074883310313625 -0.916187957117138 0
    outer loop
      vertex 11.919377404548246 -6.954438138018016 42
      vertex 12.056087364203131 -7.014236301025596 40.5
      vertex 12.056087364203131 -7.014236301025596 42
    endloop
  endfacet
  facet normal -0.43640924067334685 -0.8997482840522191 0
    outer loop
      vertex 12.056087364203131 -7.014236301025596 42
      vertex 12.165836160407888 -7.067468287866209 40.5
      vertex 12.165836160407888 -7.067468287866209 42
    endloop
  endfacet
  facet normal -0.9905693404435757 -0.13701234168197923 0
    outer loop
      vertex 14.238840497989624 -10.01853825122112 42
      vertex 14.218396055822426 -9.870729394408025 42
      vertex 14.238840497989624 -10.01853825122112 40.5
    endloop
  endfacet
  facet normal -0.9844265680898936 -0.17579627993434346 0
    outer loop
      vertex 14.19216442709318 -9.723837137899617 42
      vertex 14.218396055822426 -9.870729394408025 40.5
      vertex 14.218396055822426 -9.870729394408025 42
    endloop
  endfacet
  facet normal -0.9767658813208709 -0.2143091530650575 0
    outer loop
      vertex 14.19216442709318 -9.723837137899617 42
      vertex 14.160186059072075 -9.578087978908464 42
      vertex 14.19216442709318 -9.723837137899617 40.5
    endloop
  endfacet
  facet normal -0.9675990923602593 -0.2524915770151597 0
    outer loop
      vertex 14.160186059072075 -9.578087978908464 42
      vertex 14.122510260084763 -9.43370665207362 42
      vertex 14.160186059072075 -9.578087978908464 40.5
    endloop
  endfacet
  facet normal -0.956940335732212 -0.29028467725445173 0
    outer loop
      vertex 14.079195123482489 -9.290915782936104 42
      vertex 14.122510260084763 -9.43370665207362 40.5
      vertex 14.122510260084763 -9.43370665207362 42
    endloop
  endfacet
  facet normal -0.9312149347588029 -0.3644704998791513 0
    outer loop
      vertex 14.030307438066345 -9.14993554466643 42
      vertex 13.975922585103795 -9.010983318573565 42
      vertex 14.030307438066345 -9.14993554466643 40.5
    endloop
  endfacet
  facet normal -0.9161879571171354 -0.40074883310314185 0
    outer loop
      vertex 13.975922585103795 -9.010983318573565 42
      vertex 13.916124422096214 -8.874273358918678 42
      vertex 13.975922585103795 -9.010983318573565 40.5
    endloop
  endfacet
  facet normal -0.8997482840522191 -0.43640924067334685 0
    outer loop
      vertex 13.8628924352556 -8.764524562713921 42
      vertex 13.916124422096214 -8.874273358918678 40.5
      vertex 13.916124422096214 -8.874273358918678 42
    endloop
  endfacet
  facet normal -0.9448060464668778 -0.3276301795616939 0
    outer loop
      vertex 14.079195123482489 -9.290915782936104 42
      vertex 14.030307438066345 -9.14993554466643 42
      vertex 14.079195123482489 -9.290915782936104 40.5
    endloop
  endfacet
  facet normal 0.7071067811865476 -0.7071067811865476 -8.249418312948576e-16
    outer loop
      vertex 12.165836160407888 -7.067468287866209 42
      vertex 18.633304448274096 -0.6 40.5
      vertex 13.180916997461528 -6.052387450812569 42
    endloop
  endfacet
  facet normal 0 1 0
    outer loop
      vertex 16.488893999710008 -0.6 42
      vertex 11.236937458840595 -0.6 40.5
      vertex 11.236937458840595 -0.6 42
    endloop
  endfacet
  facet normal -0.7071067811865474 0.7071067811865477 4.568274148646222e-16
    outer loop
      vertex 13.8628924352556 -8.764524562713921 42
      vertex 15.695931822525079 -6.931485175444444 42
      vertex 19.794705503028748 -2.8327114949407757 40.5
    endloop
  endfacet
  facet normal 0.8819212643483559 -0.471396736825996 0
    outer loop
      vertex 17.449920141455944 -9.772424829939098 42
      vertex 17.820130483767358 -9.079809994790935 40.5
      vertex 17.820130483767358 -9.079809994790935 42
    endloop
  endfacet
  facet normal 0.8997482840522225 -0.43640924067333986 0
    outer loop
      vertex 17.820130483767358 -9.079809994790935 42
      vertex 18.162863476501624 -8.373194750748562 40.5
      vertex 18.162863476501624 -8.373194750748562 42
    endloop
  endfacet
  facet normal 0.9161879571171344 -0.40074883310314413 0
    outer loop
      vertex 18.162863476501624 -8.373194750748562 42
      vertex 18.477590650225736 -7.653668647301796 40.5
      vertex 18.477590650225736 -7.653668647301796 42
    endloop
  endfacet
  facet normal 0.9312149347588043 -0.36447049987914787 0
    outer loop
      vertex 18.477590650225736 -7.653668647301796 42
      vertex 18.763826718449682 -6.922341141549859 40.5
      vertex 18.763826718449682 -6.922341141549859 42
    endloop
  endfacet
  facet normal 0.9448060464668785 -0.327630179561692 0
    outer loop
      vertex 18.763826718449682 -6.922341141549859 42
      vertex 19.02113032590307 -6.180339887498948 40.5
      vertex 19.02113032590307 -6.180339887498948 42
    endloop
  endfacet
  facet normal 0.9569403357322078 -0.2902846772544664 0
    outer loop
      vertex 19.02113032590307 -6.180339887498948 42
      vertex 19.249104729072947 -5.428808997301485 40.5
      vertex 19.249104729072947 -5.428808997301485 42
    endloop
  endfacet
  facet normal 0.7071067811865476 -0.7071067811865475 -5.511447545906053e-16
    outer loop
      vertex 13.180916997461528 -6.052387450812569 42
      vertex 18.633304448274096 -0.6 40.5
      vertex 16.219620124567804 -3.013684323706293 42
    endloop
  endfacet
  facet normal 0 1 0
    outer loop
      vertex 16.488893999710008 -0.6 42
      vertex 18.633304448274096 -0.6 42
      vertex 11.236937458840595 -0.6 40.5
    endloop
  endfacet
  facet normal -0.7071067811865476 0.7071067811865476 0
    outer loop
      vertex 15.695931822525079 -6.931485175444444 42
      vertex 19.794705503028748 -2.8327114949407757 42
      vertex 19.794705503028748 -2.8327114949407757 40.5
    endloop
  endfacet
  facet normal 0.9675990923602602 -0.2524915770151565 0
    outer loop
      vertex 19.249104729072947 -5.428808997301485 42
      vertex 19.447398407953532 -4.668907277118108 40.5
      vertex 19.447398407953532 -4.668907277118108 42
    endloop
  endfacet
  facet normal 0.9767658813208727 -0.21430915306505025 0
    outer loop
      vertex 19.447398407953532 -4.668907277118108 42
      vertex 19.61570560806461 -3.9018064403225647 40.5
      vertex 19.61570560806461 -3.9018064403225647 42
    endloop
  endfacet
  facet normal 0.9844265680898908 -0.17579627993435834 0
    outer loop
      vertex 19.61570560806461 -3.9018064403225647 42
      vertex 19.753766811902757 -3.1286893008046173 40.5
      vertex 19.753766811902757 -3.1286893008046173 42
    endloop
  endfacet
  facet normal 0.9905693404435773 -0.1370123416819686 0
    outer loop
      vertex 19.753766811902757 -3.1286893008046173 42
      vertex 19.794705503028748 -2.8327114949407757 40.5
      vertex 19.794705503028748 -2.8327114949407757 42
    endloop
  endfacet
  facet normal 0.7071067811865479 -0.7071067811865472 6.968132859283047e-16
    outer loop
      vertex 16.219620124567804 -3.013684323706293 42
      vertex 18.633304448274096 -0.6 40.5
      vertex 18.02221773904018 -1.2110867092339155 42
    endloop
  endfacet
  facet normal 0.7071067811865471 -0.7071067811865479 0
    outer loop
      vertex 18.02221773904018 -1.2110867092339155 42
      vertex 18.633304448274096 -0.6 40.5
      vertex 18.633304448274096 -0.6 42
    endloop
  endfacet
  facet normal 0 0 1
    outer loop
      vertex 9.93508472027718 -6.43172164477277 42
      vertex 12 -4.252651478882116 42
      vertex 9.141892036436907 -6.641973350904947 42
    endloop
  endfacet
  facet normal 0 0 1
    outer loop
      vertex 12 -4.252651478882116 42
      vertex 10.32306367136139 -4.596124066756543 42
      vertex 9.141892036436907 -6.641973350904947 42
    endloop
  endfacet
  facet normal 0 0 1
    outer loop
      vertex 10.01853825122112 -6.691520225132184 42
      vertex 12.170066957549215 -4.339094416521636 42
      vertex 9.93508472027718 -6.43172164477277 42
    endloop
  endfacet
  facet normal 0 0 1
    outer loop
      vertex 10.01853825122112 -6.691520225132184 42
      vertex 10.167035797795092 -6.676894493375017 42
      vertex 12.21574394998112 -4.309514921562488 42
    endloop
  endfacet
  facet normal 0 0 1
    outer loop
      vertex 10.167035797795092 -6.676894493375017 42
      vertex 10.315993061676444 -6.6681100238461575 42
      vertex 12.423196979278337 -4.3724451100040955 42
    endloop
  endfacet
  facet normal 0 0 1
    outer loop
      vertex 10.315993061676444 -6.6681100238461575 42
      vertex 10.465180361560904 -6.665180361560903 42
      vertex 12.416283767797903 -4.407200171148098 42
    endloop
  endfacet
  facet normal 0 0 1
    outer loop
      vertex 10.465180361560904 -6.665180361560903 42
      vertex 10.614367661445367 -6.668110023846158 42
      vertex 12.463891594762735 -4.38570167877848 42
    endloop
  endfacet
  facet normal 0 0 1
    outer loop
      vertex 11.780425178455378 -6.900053285055464 42
      vertex 12.455868414138063 -6.110651592401727 42
      vertex 11.639444940185705 -6.8511655996393195 42
    endloop
  endfacet
  facet normal 0 0 1
    outer loop
      vertex 11.780425178455378 -6.900053285055464 42
      vertex 11.919377404548246 -6.954438138018016 42
      vertex 12.455868414138063 -6.110651592401727 42
    endloop
  endfacet
  facet normal 0 0 1
    outer loop
      vertex 11.496654071048187 -6.807850463037045 42
      vertex 11.639444940185705 -6.8511655996393195 42
      vertex 12.659927039860149 -5.8136351835762685 42
    endloop
  endfacet
  facet normal 0 0 1
    outer loop
      vertex 11.919377404548246 -6.954438138018016 42
      vertex 12.056087364203131 -7.014236301025596 42
      vertex 12.917578616240721 -5.972802706581721 42
    endloop
  endfacet
  facet normal 0 0 1
    outer loop
      vertex 12.056087364203131 -7.014236301025596 42
      vertex 12.165836160407888 -7.067468287866209 42
      vertex 13.180916997461528 -6.052387450812569 42
    endloop
  endfacet
  facet normal 0 0 1
    outer loop
      vertex 10.614367661445367 -6.668110023846158 42
      vertex 10.763324925326716 -6.676894493375018 42
      vertex 12.652975911400862 -4.490346786145427 42
    endloop
  endfacet
  facet normal 0 0 1
    outer loop
      vertex 10.763324925326716 -6.676894493375018 42
      vertex 10.911822471900688 -6.691520225132185 42
      vertex 12.703943311340321 -4.4699980687487635 42
    endloop
  endfacet
  facet normal 0 0 1
    outer loop
      vertex 10.911822471900688 -6.691520225132185 42
      vertex 11.059631328713783 -6.711964667299382 42
      vertex 12.881486866804309 -4.587907173447626 42
    endloop
  endfacet
  facet normal 0 0 1
    outer loop
      vertex 11.059631328713783 -6.711964667299382 42
      vertex 11.206523585222191 -6.738196296028628 42
      vertex 12.939370088576002 -4.563293471317909 42
    endloop
  endfacet
  facet normal 0 0 1
    outer loop
      vertex 10.01853825122112 -6.691520225132184 42
      vertex 12.21574394998112 -4.309514921562488 42
      vertex 12.170066957549215 -4.339094416521636 42
    endloop
  endfacet
  facet normal 0 0 1
    outer loop
      vertex 9.93508472027718 -6.43172164477277 42
      vertex 12.170066957549215 -4.339094416521636 42
      vertex 12.17331089008281 -4.297876345561318 42
    endloop
  endfacet
  facet normal 0 0 1
    outer loop
      vertex 10.167035797795092 -6.676894493375017 42
      vertex 12.423196979278337 -4.3724451100040955 42
      vertex 12.21574394998112 -4.309514921562488 42
    endloop
  endfacet
  facet normal 0 0 1
    outer loop
      vertex 10.465180361560904 -6.665180361560903 42
      vertex 12.463891594762735 -4.38570167877848 42
      vertex 12.416283767797903 -4.407200171148098 42
    endloop
  endfacet
  facet normal 0 0 1
    outer loop
      vertex 10.315993061676444 -6.6681100238461575 42
      vertex 12.416283767797903 -4.407200171148098 42
      vertex 12.423196979278337 -4.3724451100040955 42
    endloop
  endfacet
  facet normal 0 0 1
    outer loop
      vertex 11.206523585222191 -6.738196296028628 42
      vertex 11.352272744213344 -6.770174664049733 42
      vertex 13.106632370669562 -4.694140100244399 42
    endloop
  endfacet
  facet normal 0 0 1
    outer loop
      vertex 11.352272744213344 -6.770174664049733 42
      vertex 11.496654071048187 -6.807850463037045 42
      vertex 13.17336894691694 -4.667016689100944 42
    endloop
  endfacet
  facet normal 0 0 1
    outer loop
      vertex 11.639444940185705 -6.8511655996393195 42
      vertex 12.455868414138063 -6.110651592401727 42
      vertex 12.93242926315592 -5.567570736844082 42
    endloop
  endfacet
  facet normal 0 0 1
    outer loop
      vertex 11.639444940185705 -6.8511655996393195 42
      vertex 12.93242926315592 -5.567570736844082 42
      vertex 12.659927039860149 -5.8136351835762685 42
    endloop
  endfacet
  facet normal 0 0 1
    outer loop
      vertex 10.614367661445367 -6.668110023846158 42
      vertex 12.66438689527858 -4.455227388901658 42
      vertex 12.463891594762735 -4.38570167877848 42
    endloop
  endfacet
  facet normal 0 0 1
    outer loop
      vertex 10.614367661445367 -6.668110023846158 42
      vertex 12.652975911400862 -4.490346786145427 42
      vertex 12.66438689527858 -4.455227388901658 42
    endloop
  endfacet
  facet normal 0 0 1
    outer loop
      vertex 10.763324925326716 -6.676894493375018 42
      vertex 12.703943311340321 -4.4699980687487635 42
      vertex 12.652975911400862 -4.490346786145427 42
    endloop
  endfacet
  facet normal 0 0 1
    outer loop
      vertex 10.911822471900688 -6.691520225132185 42
      vertex 12.900396751326044 -4.546888463008947 42
      vertex 12.703943311340321 -4.4699980687487635 42
    endloop
  endfacet
  facet normal 0 0 1
    outer loop
      vertex 11.206523585222191 -6.738196296028628 42
      vertex 13.134509286856385 -4.648649107567063 42
      vertex 12.939370088576002 -4.563293471317909 42
    endloop
  endfacet
  facet normal 0 0 1
    outer loop
      vertex 11.206523585222191 -6.738196296028628 42
      vertex 13.106632370669562 -4.694140100244399 42
      vertex 13.134509286856385 -4.648649107567063 42
    endloop
  endfacet
  facet normal 0 0 1
    outer loop
      vertex 10.911822471900688 -6.691520225132185 42
      vertex 12.881486866804309 -4.587907173447626 42
      vertex 12.900396751326044 -4.546888463008947 42
    endloop
  endfacet
  facet normal 0 0 1
    outer loop
      vertex 11.059631328713783 -6.711964667299382 42
      vertex 12.939370088576002 -4.563293471317909 42
      vertex 12.881486866804309 -4.587907173447626 42
    endloop
  endfacet
  facet normal 0 0 1
    outer loop
      vertex 14.25346622974679 -10.763324925326716 42
      vertex 16.120678252061285 -8.294385629059514 42
      vertex 14.26225069927565 -10.614367661445364 42
    endloop
  endfacet
  facet normal 0 0 1
    outer loop
      vertex 14.26225069927565 -10.614367661445364 42
      vertex 16.120678252061285 -8.294385629059514 42
      vertex 14.265180361560903 -10.465180361560902 42
    endloop
  endfacet
  facet normal 0 0 1
    outer loop
      vertex 14.265180361560903 -10.465180361560902 42
      vertex 16.120678252061285 -8.294385629059514 42
      vertex 14.262250699275654 -10.315993061676444 42
    endloop
  endfacet
  facet normal 0 0 1
    outer loop
      vertex 14.262250699275654 -10.315993061676444 42
      vertex 16.120678252061285 -8.294385629059514 42
      vertex 14.253466229746792 -10.167035797795094 42
    endloop
  endfacet
  facet normal 0 0 1
    outer loop
      vertex 14.253466229746792 -10.167035797795094 42
      vertex 16.120678252061285 -8.294385629059514 42
      vertex 14.238840497989624 -10.01853825122112 42
    endloop
  endfacet
  facet normal 0 0 1
    outer loop
      vertex 14.238840497989624 -10.01853825122112 42
      vertex 16.120678252061285 -8.294385629059514 42
      vertex 14.218396055822426 -9.870729394408025 42
    endloop
  endfacet
  facet normal 0 0 1
    outer loop
      vertex 14.19216442709318 -9.723837137899617 42
      vertex 16.106027423090854 -7.444405597244616 42
      vertex 14.160186059072075 -9.578087978908464 42
    endloop
  endfacet
  facet normal 0 0 1
    outer loop
      vertex 14.160186059072075 -9.578087978908464 42
      vertex 16.000488484383094 -7.390651346993725 42
      vertex 14.122510260084763 -9.43370665207362 42
    endloop
  endfacet
  facet normal 0 0 1
    outer loop
      vertex 14.19216442709318 -9.723837137899617 42
      vertex 14.218396055822426 -9.870729394408025 42
      vertex 16.106027423090854 -7.444405597244616 42
    endloop
  endfacet
  facet normal 0 0 1
    outer loop
      vertex 14.079195123482489 -9.290915782936104 42
      vertex 15.846428082054658 -7.1998695169683815 42
      vertex 14.030307438066345 -9.14993554466643 42
    endloop
  endfacet
  facet normal 0 0 1
    outer loop
      vertex 14.030307438066345 -9.14993554466643 42
      vertex 15.846428082054658 -7.1998695169683815 42
      vertex 13.975922585103795 -9.010983318573565 42
    endloop
  endfacet
  facet normal 0 0 1
    outer loop
      vertex 13.8628924352556 -8.764524562713921 42
      vertex 13.916124422096214 -8.874273358918678 42
      vertex 15.695931822525079 -6.931485175444444 42
    endloop
  endfacet
  facet normal 0 0 1
    outer loop
      vertex 13.975922585103795 -9.010983318573565 42
      vertex 15.695931822525079 -6.931485175444444 42
      vertex 13.916124422096214 -8.874273358918678 42
    endloop
  endfacet
  facet normal 0 0 1
    outer loop
      vertex 14.079195123482489 -9.290915782936104 42
      vertex 14.122510260084763 -9.43370665207362 42
      vertex 16.000488484383094 -7.390651346993725 42
    endloop
  endfacet
  facet normal 0 0 1
    outer loop
      vertex 12.056087364203131 -7.014236301025596 42
      vertex 13.180916997461528 -6.052387450812569 42
      vertex 12.917578616240721 -5.972802706581721 42
    endloop
  endfacet
  facet normal 0 0 1
    outer loop
      vertex 11.919377404548246 -6.954438138018016 42
      vertex 13.777408083729114 -5.041318884079599 42
      vertex 12.455868414138063 -6.110651592401727 42
    endloop
  endfacet
  facet normal 0 0 1
    outer loop
      vertex 11.496654071048187 -6.807850463037045 42
      vertex 12.659927039860149 -5.8136351835762685 42
      vertex 13.364205251633457 -4.7695138890551165 42
    endloop
  endfacet
  facet normal 0 0 1
    outer loop
      vertex 11.919377404548246 -6.954438138018016 42
      vertex 12.917578616240721 -5.972802706581721 42
      vertex 13.782484561087 -5.037152726782842 42
    endloop
  endfacet
  facet normal 0 0 1
    outer loop
      vertex 12.455868414138063 -6.110651592401727 42
      vertex 13.269132022101958 -5.230867977898041 42
      vertex 12.93242926315592 -5.567570736844082 42
    endloop
  endfacet
  facet normal 0 0 1
    outer loop
      vertex 11.352272744213344 -6.770174664049733 42
      vertex 13.17336894691694 -4.667016689100944 42
      vertex 13.106632370669562 -4.694140100244399 42
    endloop
  endfacet
  facet normal 0 0 1
    outer loop
      vertex 11.496654071048187 -6.807850463037045 42
      vertex 13.364205251633457 -4.7695138890551165 42
      vertex 13.17336894691694 -4.667016689100944 42
    endloop
  endfacet
  facet normal 0 0 1
    outer loop
      vertex 12.659927039860149 -5.8136351835762685 42
      vertex 12.93242926315592 -5.567570736844082 42
      vertex 13.269132022101958 -5.230867977898041 42
    endloop
  endfacet
  facet normal 0 0 1
    outer loop
      vertex 12.917578616240721 -5.972802706581721 42
      vertex 13.180916997461528 -6.052387450812569 42
      vertex 13.582013570206293 -5.600170836685927 42
    endloop
  endfacet
  facet normal 0 0 1
    outer loop
      vertex 11.919377404548246 -6.954438138018016 42
      vertex 13.782484561087 -5.037152726782842 42
      vertex 13.777408083729114 -5.041318884079599 42
    endloop
  endfacet
  facet normal 0 0 1
    outer loop
      vertex 13.180916997461528 -6.052387450812569 42
      vertex 13.652146570157392 -5.542614171069554 42
      vertex 13.582013570206293 -5.600170836685927 42
    endloop
  endfacet
  facet normal 0 0 1
    outer loop
      vertex 12.659927039860149 -5.8136351835762685 42
      vertex 13.269132022101958 -5.230867977898041 42
      vertex 13.56863262176977 -4.8685253422780645 42
    endloop
  endfacet
  facet normal 0 0 1
    outer loop
      vertex 12.659927039860149 -5.8136351835762685 42
      vertex 13.56863262176977 -4.8685253422780645 42
      vertex 13.408959272173131 -4.783178158804098 42
    endloop
  endfacet
  facet normal 0 0 1
    outer loop
      vertex 12.659927039860149 -5.8136351835762685 42
      vertex 13.408959272173131 -4.783178158804098 42
      vertex 13.364205251633457 -4.7695138890551165 42
    endloop
  endfacet
  facet normal 0 0 1
    outer loop
      vertex 12 -4.252651478882116 42
      vertex 11.053067888292006 -2.3494021062406807 42
      vertex 10.32306367136139 -4.596124066756543 42
    endloop
  endfacet
  facet normal 0 0 1
    outer loop
      vertex 9.93508472027718 -6.43172164477277 42
      vertex 12.17331089008281 -4.297876345561318 42
      vertex 12 -4.252651478882116 42
    endloop
  endfacet
  facet normal 0 0 1
    outer loop
      vertex 12.416283767797903 -4.407200171148098 42
      vertex 12.463891594762735 -4.38570167877848 42
      vertex 12.423196979278337 -4.3724451100040955 42
    endloop
  endfacet
  facet normal 0 0 1
    outer loop
      vertex 12.66438689527858 -4.455227388901658 42
      vertex 12.703943311340321 -4.4699980687487635 42
      vertex 11.053067888292006 -2.3494021062406807 42
    endloop
  endfacet
  facet normal 0 0 1
    outer loop
      vertex 12.170066957549215 -4.339094416521636 42
      vertex 12.21574394998112 -4.309514921562488 42
      vertex 12.17331089008281 -4.297876345561318 42
    endloop
  endfacet
  facet normal 0 0 1
    outer loop
      vertex 12.703943311340321 -4.4699980687487635 42
      vertex 12.900396751326044 -4.546888463008947 42
      vertex 11.053067888292006 -2.3494021062406807 42
    endloop
  endfacet
  facet normal 0 0 1
    outer loop
      vertex 12.900396751326044 -4.546888463008947 42
      vertex 12.939370088576002 -4.563293471317909 42
      vertex 11.053067888292006 -2.3494021062406807 42
    endloop
  endfacet
  facet normal 0 0 1
    outer loop
      vertex 12.939370088576002 -4.563293471317909 42
      vertex 13.134509286856385 -4.648649107567063 42
      vertex 11.053067888292006 -2.3494021062406807 42
    endloop
  endfacet
  facet normal 0 0 1
    outer loop
      vertex 13.134509286856385 -4.648649107567063 42
      vertex 13.17336894691694 -4.667016689100944 42
      vertex 11.053067888292006 -2.3494021062406807 42
    endloop
  endfacet
  facet normal 0 0 1
    outer loop
      vertex 12.17331089008281 -4.297876345561318 42
      vertex 11.053067888292006 -2.3494021062406807 42
      vertex 12 -4.252651478882116 42
    endloop
  endfacet
  facet normal 0 0 1
    outer loop
      vertex 12.17331089008281 -4.297876345561318 42
      vertex 12.21574394998112 -4.309514921562488 42
      vertex 11.053067888292006 -2.3494021062406807 42
    endloop
  endfacet
  facet normal 0 0 1
    outer loop
      vertex 12.21574394998112 -4.309514921562488 42
      vertex 12.423196979278337 -4.3724451100040955 42
      vertex 11.053067888292006 -2.3494021062406807 42
    endloop
  endfacet
  facet normal 0 0 1
    outer loop
      vertex 12.423196979278337 -4.3724451100040955 42
      vertex 12.463891594762735 -4.38570167877848 42
      vertex 11.053067888292006 -2.3494021062406807 42
    endloop
  endfacet
  facet normal 0 0 1
    outer loop
      vertex 12.463891594762735 -4.38570167877848 42
      vertex 12.66438689527858 -4.455227388901658 42
      vertex 11.053067888292006 -2.3494021062406807 42
    endloop
  endfacet
  facet normal 0 0 1
    outer loop
      vertex 12.652975911400862 -4.490346786145427 42
      vertex 12.703943311340321 -4.4699980687487635 42
      vertex 12.66438689527858 -4.455227388901658 42
    endloop
  endfacet
  facet normal 0 0 1
    outer loop
      vertex 12.881486866804309 -4.587907173447626 42
      vertex 12.939370088576002 -4.563293471317909 42
      vertex 12.900396751326044 -4.546888463008947 42
    endloop
  endfacet
  facet normal 0 0 1
    outer loop
      vertex 13.17336894691694 -4.667016689100944 42
      vertex 13.364205251633457 -4.7695138890551165 42
      vertex 13.36987094060713 -4.762326996858261 42
    endloop
  endfacet
  facet normal 0 0 1
    outer loop
      vertex 13.364205251633457 -4.7695138890551165 42
      vertex 13.408959272173131 -4.783178158804098 42
      vertex 13.36987094060713 -4.762326996858261 42
    endloop
  endfacet
  facet normal 0 0 1
    outer loop
      vertex 13.106632370669562 -4.694140100244399 42
      vertex 13.17336894691694 -4.667016689100944 42
      vertex 13.134509286856385 -4.648649107567063 42
    endloop
  endfacet
  facet normal 0 0 1
    outer loop
      vertex 13.17336894691694 -4.667016689100944 42
      vertex 16.48950924922775 -0.8050846700342109 42
      vertex 11.053067888292006 -2.3494021062406807 42
    endloop
  endfacet
  facet normal 0 0 1
    outer loop
      vertex 12.455868414138063 -6.110651592401727 42
      vertex 16.275515129887218 -2.7006826590492996 42
      vertex 13.269132022101958 -5.230867977898041 42
    endloop
  endfacet
  facet normal 0 0 1
    outer loop
      vertex 12.917578616240721 -5.972802706581721 42
      vertex 13.582013570206293 -5.600170836685927 42
      vertex 16.219620124567804 -3.013684323706293 42
    endloop
  endfacet
  facet normal 0 0 1
    outer loop
      vertex 13.180916997461528 -6.052387450812569 42
      vertex 16.219620124567804 -3.013684323706293 42
      vertex 13.652146570157392 -5.542614171069554 42
    endloop
  endfacet
  facet normal 0 0 1
    outer loop
      vertex 12.455868414138063 -6.110651592401727 42
      vertex 13.777408083729114 -5.041318884079599 42
      vertex 16.275515129887218 -2.7006826590492996 42
    endloop
  endfacet
  facet normal 0 0 1
    outer loop
      vertex 12.917578616240721 -5.972802706581721 42
      vertex 16.219620124567804 -3.013684323706293 42
      vertex 13.782484561087 -5.037152726782842 42
    endloop
  endfacet
  facet normal 0 0 1
    outer loop
      vertex 13.582013570206293 -5.600170836685927 42
      vertex 13.652146570157392 -5.542614171069554 42
      vertex 16.219620124567804 -3.013684323706293 42
    endloop
  endfacet
  facet normal 0 0 1
    outer loop
      vertex 13.269132022101958 -5.230867977898041 42
      vertex 16.3575381223453 -2.1424618776547018 42
      vertex 13.56863262176977 -4.8685253422780645 42
    endloop
  endfacet
  facet normal 0 0 1
    outer loop
      vertex 13.777408083729114 -5.041318884079599 42
      vertex 13.782484561087 -5.037152726782842 42
      vertex 16.275515129887218 -2.7006826590492996 42
    endloop
  endfacet
  facet normal 0 0 1
    outer loop
      vertex 13.408959272173131 -4.783178158804098 42
      vertex 13.56863262176977 -4.8685253422780645 42
      vertex 16.385705498799904 -1.938595832941977 42
    endloop
  endfacet
  facet normal 0 0 1
    outer loop
      vertex 13.17336894691694 -4.667016689100944 42
      vertex 13.36987094060713 -4.762326996858261 42
      vertex 16.47707240343763 -0.8208607337005769 42
    endloop
  endfacet
  facet normal 0 0 1
    outer loop
      vertex 13.36987094060713 -4.762326996858261 42
      vertex 13.408959272173131 -4.783178158804098 42
      vertex 16.44937951548736 -1.2904459265790655 42
    endloop
  endfacet
  facet normal 0 0 1
    outer loop
      vertex 16.48950924922775 -0.8050846700342109 42
      vertex 11.236937458840595 -0.6 42
      vertex 11.053067888292006 -2.3494021062406807 42
    endloop
  endfacet
  facet normal 0 0 1
    outer loop
      vertex 16.48950924922775 -0.8050846700342109 42
      vertex 16.488893999710008 -0.6 42
      vertex 11.236937458840595 -0.6 42
    endloop
  endfacet
  facet normal 0 0 1
    outer loop
      vertex 14.25346622974679 -10.763324925326716 42
      vertex 16.46718928941028 -8.243859329585336 42
      vertex 16.120678252061285 -8.294385629059514 42
    endloop
  endfacet
  facet normal 0 0 1
    outer loop
      vertex 14.079195123482489 -11.639444940185705 42
      vertex 16.629392246050905 -8.745200156002229 42
      vertex 16.601915367847166 -8.751860546705862 42
    endloop
  endfacet
  facet normal 0 0 1
    outer loop
      vertex 14.19216442709318 -11.206523585222191 42
      vertex 16.601915367847166 -8.751860546705862 42
      vertex 16.60070863048731 -8.648233416538453 42
    endloop
  endfacet
  facet normal 0 0 1
    outer loop
      vertex 14.218396055822428 -11.059631328713781 42
      vertex 16.60070863048731 -8.648233416538453 42
      vertex 16.560397497736233 -8.515345420956278 42
    endloop
  endfacet
  facet normal 0 0 1
    outer loop
      vertex 14.218396055822428 -11.059631328713781 42
      vertex 16.560397497736233 -8.515345420956278 42
      vertex 16.528108432231107 -8.513254677151368 42
    endloop
  endfacet
  facet normal 0 0 1
    outer loop
      vertex 14.218396055822428 -11.059631328713781 42
      vertex 16.528108432231107 -8.513254677151368 42
      vertex 16.523957352789736 -8.406770466355182 42
    endloop
  endfacet
  facet normal 0 0 1
    outer loop
      vertex 14.25346622974679 -10.763324925326716 42
      vertex 16.523957352789736 -8.406770466355182 42
      vertex 16.467657563277253 -8.252137825665752 42
    endloop
  endfacet
  facet normal 0 0 1
    outer loop
      vertex 14.25346622974679 -10.763324925326716 42
      vertex 16.467657563277253 -8.252137825665752 42
      vertex 16.46718928941028 -8.243859329585336 42
    endloop
  endfacet
  facet normal 0 0 1
    outer loop
      vertex 14.218396055822426 -9.870729394408025 42
      vertex 16.120678252061285 -8.294385629059514 42
      vertex 16.106027423090854 -7.444405597244616 42
    endloop
  endfacet
  facet normal 0 0 1
    outer loop
      vertex 14.160186059072075 -9.578087978908464 42
      vertex 16.106027423090854 -7.444405597244616 42
      vertex 16.000488484383094 -7.390651346993725 42
    endloop
  endfacet
  facet normal 0 0 1
    outer loop
      vertex 13.975922585103795 -9.010983318573565 42
      vertex 15.696076853759802 -7.007442983518909 42
      vertex 15.695931822525079 -6.931485175444444 42
    endloop
  endfacet
  facet normal 0 0 1
    outer loop
      vertex 13.975922585103795 -9.010983318573565 42
      vertex 15.846428082054658 -7.1998695169683815 42
      vertex 15.696076853759802 -7.007442983518909 42
    endloop
  endfacet
  facet normal 0 0 1
    outer loop
      vertex 14.079195123482489 -9.290915782936104 42
      vertex 16.000488484383094 -7.390651346993725 42
      vertex 15.994475426795539 -7.244712428479481 42
    endloop
  endfacet
  facet normal 0 0 1
    outer loop
      vertex 14.079195123482489 -9.290915782936104 42
      vertex 15.994475426795539 -7.244712428479481 42
      vertex 15.846428082054658 -7.1998695169683815 42
    endloop
  endfacet
  facet normal 0 0 1
    outer loop
      vertex 16.120678252061285 -8.294385629059514 42
      vertex 16.380304053774665 -8.02186926712281 42
      vertex 16.106027423090854 -7.444405597244616 42
    endloop
  endfacet
  facet normal 0 0 1
    outer loop
      vertex 16.858016080324752 -10.754258961262218 42
      vertex 17.052803287081844 -10.449971294318976 42
      vertex 16.629392246050905 -8.745200156002229 42
    endloop
  endfacet
  facet normal 0 0 1
    outer loop
      vertex 16.528108432231107 -8.513254677151368 42
      vertex 16.560397497736233 -8.515345420956278 42
      vertex 16.523957352789736 -8.406770466355182 42
    endloop
  endfacet
  facet normal 0 0 1
    outer loop
      vertex 16.120678252061285 -8.294385629059514 42
      vertex 16.46718928941028 -8.243859329585336 42
      vertex 16.380304053774665 -8.02186926712281 42
    endloop
  endfacet
  facet normal 0 0 1
    outer loop
      vertex 16.523957352789736 -8.406770466355182 42
      vertex 16.46718928941028 -8.243859329585336 42
      vertex 16.467657563277253 -8.252137825665752 42
    endloop
  endfacet
  facet normal 0 0 1
    outer loop
      vertex 16.629392246050905 -8.745200156002229 42
      vertex 16.60070863048731 -8.648233416538453 42
      vertex 16.601915367847166 -8.751860546705862 42
    endloop
  endfacet
  facet normal 0 0 1
    outer loop
      vertex 15.696076853759802 -7.007442983518909 42
      vertex 15.830134322925847 -6.977560255876822 42
      vertex 15.695931822525079 -6.931485175444444 42
    endloop
  endfacet
  facet normal 0 0 1
    outer loop
      vertex 15.846428082054658 -7.1998695169683815 42
      vertex 15.830134322925847 -6.977560255876822 42
      vertex 15.696076853759802 -7.007442983518909 42
    endloop
  endfacet
  facet normal 0 0 1
    outer loop
      vertex 15.846428082054658 -7.1998695169683815 42
      vertex 15.994475426795539 -7.244712428479481 42
      vertex 15.830134322925847 -6.977560255876822 42
    endloop
  endfacet
  facet normal 0 0 1
    outer loop
      vertex 16.000488484383094 -7.390651346993725 42
      vertex 16.106027423090854 -7.444405597244616 42
      vertex 15.994475426795539 -7.244712428479481 42
    endloop
  endfacet
  facet normal 0 0 1
    outer loop
      vertex 16.380304053774665 -8.02186926712281 42
      vertex 19.794705503028748 -2.8327114949407757 42
      vertex 16.106027423090854 -7.444405597244616 42
    endloop
  endfacet
  facet normal 0 0 1
    outer loop
      vertex 15.994475426795539 -7.244712428479481 42
      vertex 16.106027423090854 -7.444405597244616 42
      vertex 19.794705503028748 -2.8327114949407757 42
    endloop
  endfacet
  facet normal 0 0 1
    outer loop
      vertex 15.994475426795539 -7.244712428479481 42
      vertex 19.794705503028748 -2.8327114949407757 42
      vertex 15.830134322925847 -6.977560255876822 42
    endloop
  endfacet
  facet normal 0 0 1
    outer loop
      vertex 15.695931822525079 -6.931485175444444 42
      vertex 15.830134322925847 -6.977560255876822 42
      vertex 19.794705503028748 -2.8327114949407757 42
    endloop
  endfacet
  facet normal 0 0 1
    outer loop
      vertex 17.052803287081844 -10.449971294318976 42
      vertex 17.449920141455944 -9.772424829939098 42
      vertex 19.794705503028748 -2.8327114949407757 42
    endloop
  endfacet
  facet normal 0 0 1
    outer loop
      vertex 16.629392246050905 -8.745200156002229 42
      vertex 17.052803287081844 -10.449971294318976 42
      vertex 19.794705503028748 -2.8327114949407757 42
    endloop
  endfacet
  facet normal 0 0 1
    outer loop
      vertex 16.560397497736233 -8.515345420956278 42
      vertex 19.794705503028748 -2.8327114949407757 42
      vertex 16.523957352789736 -8.406770466355182 42
    endloop
  endfacet
  facet normal 0 0 1
    outer loop
      vertex 16.629392246050905 -8.745200156002229 42
      vertex 19.794705503028748 -2.8327114949407757 42
      vertex 16.60070863048731 -8.648233416538453 42
    endloop
  endfacet
  facet normal 0 0 1
    outer loop
      vertex 16.60070863048731 -8.648233416538453 42
      vertex 19.794705503028748 -2.8327114949407757 42
      vertex 16.560397497736233 -8.515345420956278 42
    endloop
  endfacet
  facet normal 0 0 1
    outer loop
      vertex 16.523957352789736 -8.406770466355182 42
      vertex 19.794705503028748 -2.8327114949407757 42
      vertex 16.46718928941028 -8.243859329585336 42
    endloop
  endfacet
  facet normal 0 0 1
    outer loop
      vertex 16.46718928941028 -8.243859329585336 42
      vertex 19.794705503028748 -2.8327114949407757 42
      vertex 16.380304053774665 -8.02186926712281 42
    endloop
  endfacet
  facet normal 0 0 1
    outer loop
      vertex 17.449920141455944 -9.772424829939098 42
      vertex 17.820130483767358 -9.079809994790935 42
      vertex 19.794705503028748 -2.8327114949407757 42
    endloop
  endfacet
  facet normal 0 0 1
    outer loop
      vertex 17.820130483767358 -9.079809994790935 42
      vertex 18.162863476501624 -8.373194750748562 42
      vertex 19.794705503028748 -2.8327114949407757 42
    endloop
  endfacet
  facet normal 0 0 1
    outer loop
      vertex 18.162863476501624 -8.373194750748562 42
      vertex 18.477590650225736 -7.653668647301796 42
      vertex 19.794705503028748 -2.8327114949407757 42
    endloop
  endfacet
  facet normal 0 0 1
    outer loop
      vertex 18.477590650225736 -7.653668647301796 42
      vertex 18.763826718449682 -6.922341141549859 42
      vertex 19.794705503028748 -2.8327114949407757 42
    endloop
  endfacet
  facet normal 0 0 1
    outer loop
      vertex 18.763826718449682 -6.922341141549859 42
      vertex 19.02113032590307 -6.180339887498948 42
      vertex 19.794705503028748 -2.8327114949407757 42
    endloop
  endfacet
  facet normal 0 0 1
    outer loop
      vertex 13.269132022101958 -5.230867977898041 42
      vertex 16.275515129887218 -2.7006826590492996 42
      vertex 16.3011535010696 -2.677899835163111 42
    endloop
  endfacet
  facet normal 0 0 1
    outer loop
      vertex 13.269132022101958 -5.230867977898041 42
      vertex 16.3011535010696 -2.677899835163111 42
      vertex 16.30528580435677 -2.5202347376112653 42
    endloop
  endfacet
  facet normal 0 0 1
    outer loop
      vertex 13.782484561087 -5.037152726782842 42
      vertex 16.219620124567804 -3.013684323706293 42
      vertex 16.275515129887218 -2.7006826590492996 42
    endloop
  endfacet
  facet normal 0 0 1
    outer loop
      vertex 13.269132022101958 -5.230867977898041 42
      vertex 16.30528580435677 -2.5202347376112653 42
      vertex 16.3575381223453 -2.1424618776547018 42
    endloop
  endfacet
  facet normal 0 0 1
    outer loop
      vertex 13.56863262176977 -4.8685253422780645 42
      vertex 16.3575381223453 -2.1424618776547018 42
      vertex 16.39016014804556 -2.1098398519544403 42
    endloop
  endfacet
  facet normal 0 0 1
    outer loop
      vertex 13.56863262176977 -4.8685253422780645 42
      vertex 16.39016014804556 -2.1098398519544403 42
      vertex 16.385705498799904 -1.938595832941977 42
    endloop
  endfacet
  facet normal 0 0 1
    outer loop
      vertex 13.408959272173131 -4.783178158804098 42
      vertex 16.385705498799904 -1.938595832941977 42
      vertex 16.427132460806963 -1.5179808290432837 42
    endloop
  endfacet
  facet normal 0 0 1
    outer loop
      vertex 13.408959272173131 -4.783178158804098 42
      vertex 16.427132460806963 -1.5179808290432837 42
      vertex 16.45214465527708 -1.4898336630253242 42
    endloop
  endfacet
  facet normal 0 0 1
    outer loop
      vertex 13.408959272173131 -4.783178158804098 42
      vertex 16.45214465527708 -1.4898336630253242 42
      vertex 16.44937951548736 -1.2904459265790655 42
    endloop
  endfacet
  facet normal 0 0 1
    outer loop
      vertex 13.36987094060713 -4.762326996858261 42
      vertex 16.44937951548736 -1.2904459265790655 42
      vertex 16.47707240343763 -0.8208607337005769 42
    endloop
  endfacet
  facet normal 0 0 1
    outer loop
      vertex 13.17336894691694 -4.667016689100944 42
      vertex 16.47707240343763 -0.8208607337005769 42
      vertex 16.48950924922775 -0.8050846700342109 42
    endloop
  endfacet
  facet normal 0 0 1
    outer loop
      vertex 16.219620124567804 -3.013684323706293 42
      vertex 18.02221773904018 -1.2110867092339155 42
      vertex 16.275515129887218 -2.7006826590492996 42
    endloop
  endfacet
  facet normal 0 0 1
    outer loop
      vertex 16.275515129887218 -2.7006826590492996 42
      vertex 18.02221773904018 -1.2110867092339155 42
      vertex 16.3011535010696 -2.677899835163111 42
    endloop
  endfacet
  facet normal 0 0 1
    outer loop
      vertex 16.3011535010696 -2.677899835163111 42
      vertex 18.02221773904018 -1.2110867092339155 42
      vertex 16.30528580435677 -2.5202347376112653 42
    endloop
  endfacet
  facet normal 0 0 1
    outer loop
      vertex 16.30528580435677 -2.5202347376112653 42
      vertex 18.02221773904018 -1.2110867092339155 42
      vertex 16.3575381223453 -2.1424618776547018 42
    endloop
  endfacet
  facet normal 0 0 1
    outer loop
      vertex 16.3575381223453 -2.1424618776547018 42
      vertex 18.02221773904018 -1.2110867092339155 42
      vertex 16.39016014804556 -2.1098398519544403 42
    endloop
  endfacet
  facet normal 0 0 1
    outer loop
      vertex 16.39016014804556 -2.1098398519544403 42
      vertex 18.02221773904018 -1.2110867092339155 42
      vertex 16.385705498799904 -1.938595832941977 42
    endloop
  endfacet
  facet normal 0 0 1
    outer loop
      vertex 16.385705498799904 -1.938595832941977 42
      vertex 18.02221773904018 -1.2110867092339155 42
      vertex 16.427132460806963 -1.5179808290432837 42
    endloop
  endfacet
  facet normal 0 0 1
    outer loop
      vertex 16.427132460806963 -1.5179808290432837 42
      vertex 18.02221773904018 -1.2110867092339155 42
      vertex 16.45214465527708 -1.4898336630253242 42
    endloop
  endfacet
  facet normal 0 0 1
    outer loop
      vertex 16.45214465527708 -1.4898336630253242 42
      vertex 18.02221773904018 -1.2110867092339155 42
      vertex 16.44937951548736 -1.2904459265790655 42
    endloop
  endfacet
  facet normal 0 0 1
    outer loop
      vertex 16.44937951548736 -1.2904459265790655 42
      vertex 18.02221773904018 -1.2110867092339155 42
      vertex 16.47707240343763 -0.8208607337005769 42
    endloop
  endfacet
  facet normal 0 0 1
    outer loop
      vertex 16.47707240343763 -0.8208607337005769 42
      vertex 18.02221773904018 -1.2110867092339155 42
      vertex 16.48950924922775 -0.8050846700342109 42
    endloop
  endfacet
  facet normal 0 0 1
    outer loop
      vertex 16.48950924922775 -0.8050846700342109 42
      vertex 18.02221773904018 -1.2110867092339155 42
      vertex 16.488893999710008 -0.6 42
    endloop
  endfacet
  facet normal 0 0 1
    outer loop
      vertex 19.02113032590307 -6.180339887498948 42
      vertex 19.249104729072947 -5.428808997301485 42
      vertex 19.794705503028748 -2.8327114949407757 42
    endloop
  endfacet
  facet normal 0 0 1
    outer loop
      vertex 19.249104729072947 -5.428808997301485 42
      vertex 19.447398407953532 -4.668907277118108 42
      vertex 19.794705503028748 -2.8327114949407757 42
    endloop
  endfacet
  facet normal 0 0 1
    outer loop
      vertex 19.447398407953532 -4.668907277118108 42
      vertex 19.61570560806461 -3.9018064403225647 42
      vertex 19.794705503028748 -2.8327114949407757 42
    endloop
  endfacet
  facet normal 0 0 1
    outer loop
      vertex 19.61570560806461 -3.9018064403225647 42
      vertex 19.753766811902757 -3.1286893008046173 42
      vertex 19.794705503028748 -2.8327114949407757 42
    endloop
  endfacet
  facet normal 0 0 1
    outer loop
      vertex 16.488893999710008 -0.6 42
      vertex 18.02221773904018 -1.2110867092339155 42
      vertex 18.633304448274096 -0.6 42
    endloop
  endfacet
  facet normal 0.9569403357322114 0.2902846772544539 0
    outer loop
      vertex 6.8511655996393195 9.290915782936104 42
      vertex 6.8511655996393195 9.290915782936104 40.5
      vertex 6.807850463037044 9.433706652073623 40.5
    endloop
  endfacet
  facet normal 0.96759909236026 0.252491577015157 0
    outer loop
      vertex 6.807850463037044 9.433706652073623 42
      vertex 6.807850463037044 9.433706652073623 40.5
      vertex 6.770174664049733 9.578087978908464 40.5
    endloop
  endfacet
  facet normal 0.9767658813208709 0.2143091530650575 0
    outer loop
      vertex 6.770174664049733 9.578087978908464 42
      vertex 6.770174664049733 9.578087978908464 40.5
      vertex 6.738196296028628 9.723837137899617 40.5
    endloop
  endfacet
  facet normal 0.9905693404435753 0.13701234168198245 0
    outer loop
      vertex 6.711964667299382 9.870729394408029 42
      vertex 6.711964667299382 9.870729394408029 40.5
      vertex 6.691520225132184 10.01853825122112 40.5
    endloop
  endfacet
  facet normal 0.9844265680898943 0.17579627993433933 0
    outer loop
      vertex 6.738196296028628 9.723837137899617 42
      vertex 6.738196296028628 9.723837137899617 40.5
      vertex 6.711964667299382 9.870729394408029 40.5
    endloop
  endfacet
  facet normal 0.9161879571171376 0.40074883310313686 0
    outer loop
      vertex 7.014236301025595 8.874273358918677 42
      vertex 7.014236301025595 8.874273358918677 40.5
      vertex 6.9544381380180145 9.010983318573563 40.5
    endloop
  endfacet
  facet normal 0.8997482840522196 0.43640924067334563 0
    outer loop
      vertex 7.014236301025595 8.874273358918677 40.5
      vertex 7.073676129014438 8.751725808929121 42
      vertex 7.073676129014438 8.751725808929121 40.5
    endloop
  endfacet
  facet normal 0.9312149347588061 0.3644704998791433 0
    outer loop
      vertex 6.9544381380180145 9.010983318573563 42
      vertex 6.9544381380180145 9.010983318573563 40.5
      vertex 6.900053285055465 9.149935544666432 40.5
    endloop
  endfacet
  facet normal 0.9448060464668728 0.3276301795617082 0
    outer loop
      vertex 6.900053285055465 9.149935544666432 42
      vertex 6.900053285055465 9.149935544666432 40.5
      vertex 6.8511655996393195 9.290915782936104 40.5
    endloop
  endfacet
  facet normal 0.3276301795617082 0.9448060464668728 0
    outer loop
      vertex 9.290915782936104 6.8511655996393195 42
      vertex 9.290915782936104 6.8511655996393195 40.5
      vertex 9.149935544666432 6.900053285055465 40.5
    endloop
  endfacet
  facet normal 0.4364092406733457 0.8997482840522197 0
    outer loop
      vertex 8.874273358918677 7.014236301025595 40.5
      vertex 8.75431656147597 7.072419523837431 40.5
      vertex 8.75431656147597 7.072419523837431 42
    endloop
  endfacet
  facet normal 0.40074883310313686 0.9161879571171376 0
    outer loop
      vertex 9.010983318573563 6.9544381380180145 42
      vertex 9.010983318573563 6.9544381380180145 40.5
      vertex 8.874273358918677 7.014236301025595 40.5
    endloop
  endfacet
  facet normal 0.3644704998791433 0.9312149347588061 0
    outer loop
      vertex 9.149935544666432 6.900053285055465 42
      vertex 9.149935544666432 6.900053285055465 40.5
      vertex 9.010983318573563 6.9544381380180145 40.5
    endloop
  endfacet
  facet normal 0.2902846772544539 0.9569403357322114 0
    outer loop
      vertex 9.433706652073623 6.807850463037044 42
      vertex 9.433706652073623 6.807850463037044 40.5
      vertex 9.290915782936104 6.8511655996393195 40.5
    endloop
  endfacet
  facet normal 0.252491577015157 0.96759909236026 0
    outer loop
      vertex 9.578087978908464 6.770174664049733 42
      vertex 9.578087978908464 6.770174664049733 40.5
      vertex 9.433706652073623 6.807850463037044 40.5
    endloop
  endfacet
  facet normal 0.2143091530650575 0.9767658813208709 0
    outer loop
      vertex 9.723837137899617 6.738196296028628 42
      vertex 9.723837137899617 6.738196296028628 40.5
      vertex 9.578087978908464 6.770174664049733 40.5
    endloop
  endfacet
  facet normal 0.17579627993433933 0.9844265680898943 0
    outer loop
      vertex 9.870729394408029 6.711964667299382 42
      vertex 9.870729394408029 6.711964667299382 40.5
      vertex 9.723837137899617 6.738196296028628 40.5
    endloop
  endfacet
  facet normal 0.13701234168198245 0.9905693404435753 0
    outer loop
      vertex 10.01853825122112 6.691520225132184 42
      vertex 10.01853825122112 6.691520225132184 40.5
      vertex 9.870729394408029 6.711964667299382 40.5
    endloop
  endfacet
  facet normal -0.9998072404820647 0.019633692460634122 0
    outer loop
      vertex 4.070114529620277 10.716443182418944 42
      vertex 4.070114529620277 10.716443182418944 40.5
      vertex 4.06569651419153 10.491464420880392 40.5
    endloop
  endfacet
  facet normal -0.9982656101847158 0.05887080365119002 0
    outer loop
      vertex 4.084909425668885 10.967318574219112 42
      vertex 4.084909425668885 10.967318574219112 40.5
      vertex 4.070114529620277 10.716443182418944 40.5
    endloop
  endfacet
  facet normal -0.995184726672197 0.09801714032955863 0
    outer loop
      vertex 4.109542237049375 11.217419705291066 42
      vertex 4.109542237049375 11.217419705291066 40.5
      vertex 4.084909425668885 10.967318574219112 40.5
    endloop
  endfacet
  facet normal -0.9905693404435773 0.13701234168196816 0
    outer loop
      vertex 4.143974981752022 11.466360937818383 42
      vertex 4.143974981752022 11.466360937818383 40.5
      vertex 4.109542237049375 11.217419705291066 40.5
    endloop
  endfacet
  facet normal -0.9844265680898914 0.17579627993435604 0
    outer loop
      vertex 4.188154566980229 11.713758422464126 42
      vertex 4.188154566980229 11.713758422464126 40.5
      vertex 4.143974981752022 11.466360937818383 40.5
    endloop
  endfacet
  facet normal -0.9767658813208724 0.214309153065051 0
    outer loop
      vertex 4.242012871015773 11.959230690238698 42
      vertex 4.242012871015773 11.959230690238698 40.5
      vertex 4.188154566980229 11.713758422464126 40.5
    endloop
  endfacet
  facet normal -0.9675990923602598 0.2524915770151577 0
    outer loop
      vertex 4.305466848257561 12.20239924069738 42
      vertex 4.305466848257561 12.20239924069738 40.5
      vertex 4.242012871015773 11.959230690238698 40.5
    endloop
  endfacet
  facet normal -0.9569403357322087 0.29028467725446283 0
    outer loop
      vertex 4.378418657271921 12.44288912556057 42
      vertex 4.378418657271921 12.44288912556057 40.5
      vertex 4.305466848257561 12.20239924069738 40.5
    endloop
  endfacet
  facet normal -0.9448060464668777 0.32763017956169477 0
    outer loop
      vertex 4.460755811657005 12.680329526856859 42
      vertex 4.460755811657005 12.680329526856859 40.5
      vertex 4.378418657271921 12.44288912556057 40.5
    endloop
  endfacet
  facet normal -0.9312149347588031 0.36447049987915064 0
    outer loop
      vertex 4.552351353488669 12.91435432869748 42
      vertex 4.552351353488669 12.91435432869748 40.5
      vertex 4.460755811657005 12.680329526856859 40.5
    endloop
  endfacet
  facet normal -0.9161879571171376 0.400748833103137 0
    outer loop
      vertex 4.653064049080383 13.144602681800444 42
      vertex 4.653064049080383 13.144602681800444 40.5
      vertex 4.552351353488669 12.91435432869748 40.5
    endloop
  endfacet
  facet normal -0.8997482840522191 0.43640924067334697 0
    outer loop
      vertex 4.7627386067553505 13.370719559894004 42
      vertex 4.7627386067553505 13.370719559894004 40.5
      vertex 4.653064049080383 13.144602681800444 40.5
    endloop
  endfacet
  facet normal -0.8819212643483573 0.4713967368259935 0
    outer loop
      vertex 4.881205916295001 13.592356307141415 42
      vertex 4.881205916295001 13.592356307141415 40.5
      vertex 4.7627386067553505 13.370719559894004 40.5
    endloop
  endfacet
  facet normal -0.8627343859777902 0.5056573733779872 0
    outer loop
      vertex 5.008283309694715 13.809171175742978 42
      vertex 5.008283309694715 13.809171175742978 40.5
      vertex 4.881205916295001 13.592356307141415 40.5
    endloop
  endfacet
  facet normal -0.01963369246062839 -0.9998072404820648 0
    outer loop
      vertex 0 16.5 42
      vertex 0 16.5 40.5
      vertex 0.6477869600246321 16.48727909797193 40.5
    endloop
  endfacet
  facet normal -0.05887080365119055 -0.9982656101847158 0
    outer loop
      vertex 0.6477869600246321 16.48727909797193 42
      vertex 0.6477869600246321 16.48727909797193 40.5
      vertex 1.2945750795094415 16.44913600659661 40.5
    endloop
  endfacet
  facet normal -0.09801714032955898 -0.995184726672197 0
    outer loop
      vertex 1.2945750795094415 16.44913600659661 42
      vertex 1.2945750795094415 16.44913600659661 40.5
      vertex 1.9393670580543212 16.385629539756284 40.5
    endloop
  endfacet
  facet normal 0.7071067811865474 0.7071067811865477 0
    outer loop
      vertex 3.013684323706296 16.219620124567804 42
      vertex 3.013684323706296 16.219620124567804 40.5
      vertex -0.7519295518655005 19.9852340001396 40.5
    endloop
  endfacet
  facet normal -0.1370123416819693 -0.990569340443577 0
    outer loop
      vertex 1.9393670580543212 16.385629539756284 42
      vertex 1.9393670580543212 16.385629539756284 40.5
      vertex 2.5811686731638095 16.29685761981977 40.5
    endloop
  endfacet
  facet normal -0.1757962799343487 -0.9844265680898927 0
    outer loop
      vertex 2.5811686731638095 16.29685761981977 42
      vertex 2.5811686731638095 16.29685761981977 40.5
      vertex 3.013684323706296 16.219620124567804 40.5
    endloop
  endfacet
  facet normal 0.137012341681968 0.9905693404435773 0
    outer loop
      vertex 3.1286893008046173 19.753766811902757 42
      vertex 3.1286893008046173 19.753766811902757 40.5
      vertex 2.8327114949407743 19.794705503028748 40.5
    endloop
  endfacet
  facet normal 0.17579627993435834 0.9844265680898908 0
    outer loop
      vertex 3.9018064403225647 19.61570560806461 42
      vertex 3.9018064403225647 19.61570560806461 40.5
      vertex 3.1286893008046173 19.753766811902757 40.5
    endloop
  endfacet
  facet normal -0.7071067811865475 -0.7071067811865476 -6.2803698347351e-16
    outer loop
      vertex 2.832711494940773 19.794705503028748 42
      vertex 2.8327114949407743 19.794705503028748 40.5
      vertex 8.764524562713921 13.8628924352556 40.5
    endloop
  endfacet
  facet normal 0.21430915306505025 0.9767658813208727 0
    outer loop
      vertex 4.668907277118108 19.447398407953532 42
      vertex 4.668907277118108 19.447398407953532 40.5
      vertex 3.9018064403225647 19.61570560806461 40.5
    endloop
  endfacet
  facet normal 0.9951847266721968 0.0980171403295613 0
    outer loop
      vertex 6.691520225132184 10.01853825122112 42
      vertex 6.691520225132184 10.01853825122112 40.5
      vertex 6.676894493375017 10.167035797795092 40.5
    endloop
  endfacet
  facet normal 0.9982656101847163 0.05887080365118074 0
    outer loop
      vertex 6.676894493375017 10.167035797795092 42
      vertex 6.676894493375017 10.167035797795092 40.5
      vertex 6.6681100238461575 10.315993061676444 40.5
    endloop
  endfacet
  facet normal 0.9998072404820647 0.019633692460637155 0
    outer loop
      vertex 6.6681100238461575 10.315993061676444 42
      vertex 6.6681100238461575 10.315993061676444 40.5
      vertex 6.665180361560903 10.465180361560904 40.5
    endloop
  endfacet
  facet normal 0.9998072404820646 -0.019633692460642636 0
    outer loop
      vertex 6.665180361560903 10.465180361560904 42
      vertex 6.665180361560903 10.465180361560904 40.5
      vertex 6.668110023846158 10.614367661445367 40.5
    endloop
  endfacet
  facet normal 0.9982656101847163 -0.05887080365118214 0
    outer loop
      vertex 6.668110023846158 10.614367661445367 42
      vertex 6.668110023846158 10.614367661445367 40.5
      vertex 6.676894493375018 10.763324925326716 40.5
    endloop
  endfacet
  facet normal 0.9951847266721968 -0.0980171403295613 0
    outer loop
      vertex 6.676894493375018 10.763324925326716 42
      vertex 6.676894493375018 10.763324925326716 40.5
      vertex 6.691520225132185 10.911822471900688 40.5
    endloop
  endfacet
  facet normal 0.9905693404435766 -0.13701234168197338 0
    outer loop
      vertex 6.691520225132185 10.911822471900688 42
      vertex 6.691520225132185 10.911822471900688 40.5
      vertex 6.711964667299382 11.059631328713783 40.5
    endloop
  endfacet
  facet normal 0.9844265680898936 -0.17579627993434346 0
    outer loop
      vertex 6.711964667299382 11.059631328713783 42
      vertex 6.711964667299382 11.059631328713783 40.5
      vertex 6.738196296028628 11.206523585222191 40.5
    endloop
  endfacet
  facet normal 0.9767658813208709 -0.2143091530650575 0
    outer loop
      vertex 6.738196296028628 11.206523585222191 42
      vertex 6.738196296028628 11.206523585222191 40.5
      vertex 6.770174664049733 11.352272744213344 40.5
    endloop
  endfacet
  facet normal 0.9675990923602593 -0.2524915770151597 0
    outer loop
      vertex 6.770174664049733 11.352272744213344 42
      vertex 6.770174664049733 11.352272744213344 40.5
      vertex 6.807850463037045 11.496654071048187 40.5
    endloop
  endfacet
  facet normal 0.956940335732212 -0.29028467725445173 0
    outer loop
      vertex 6.807850463037045 11.496654071048187 42
      vertex 6.807850463037045 11.496654071048187 40.5
      vertex 6.8511655996393195 11.639444940185705 40.5
    endloop
  endfacet
  facet normal 0.9448060464668762 -0.32763017956169926 0
    outer loop
      vertex 6.8511655996393195 11.639444940185705 42
      vertex 6.8511655996393195 11.639444940185705 40.5
      vertex 6.900053285055464 11.780425178455378 40.5
    endloop
  endfacet
  facet normal 0.9312149347588 -0.36447049987915875 0
    outer loop
      vertex 6.900053285055464 11.780425178455378 42
      vertex 6.900053285055464 11.780425178455378 40.5
      vertex 6.954438138018016 11.919377404548246 40.5
    endloop
  endfacet
  facet normal 0.916187957117138 -0.40074883310313625 0
    outer loop
      vertex 6.954438138018016 11.919377404548246 42
      vertex 6.954438138018016 11.919377404548246 40.5
      vertex 7.014236301025596 12.056087364203131 40.5
    endloop
  endfacet
  facet normal 0.8997482840522191 -0.43640924067334685 0
    outer loop
      vertex 7.014236301025596 12.056087364203131 42
      vertex 7.014236301025596 12.056087364203131 40.5
      vertex 7.067468287866209 12.165836160407888 40.5
    endloop
  endfacet
  facet normal -0.8422172337162888 0.539138322910997 0
    outer loop
      vertex 5.143774842824614 14.02082985288636 42
      vertex 5.143774842824614 14.02082985288636 40.5
      vertex 5.008283309694715 13.809171175742978 40.5
    endloop
  endfacet
  facet normal -0.8204014435255097 0.5717879602276179 0
    outer loop
      vertex 5.171990609501413 14.061313838772683 42
      vertex 5.171990609501413 14.061313838772683 40.5
      vertex 5.143774842824614 14.02082985288636 40.5
    endloop
  endfacet
  facet normal 0.7071067811865472 0.7071067811865476 0
    outer loop
      vertex 7.067468287866209 12.165836160407888 42
      vertex 7.067468287866209 12.165836160407888 40.5
      vertex 5.171990609501413 14.061313838772683 40.5
    endloop
  endfacet
  facet normal 0.43640924067334685 -0.8997482840522191 0
    outer loop
      vertex 8.764524562713921 13.8628924352556 42
      vertex 8.764524562713921 13.8628924352556 40.5
      vertex 8.874273358918678 13.916124422096214 40.5
    endloop
  endfacet
  facet normal 0.40074883310314185 -0.9161879571171354 0
    outer loop
      vertex 8.874273358918678 13.916124422096214 42
      vertex 8.874273358918678 13.916124422096214 40.5
      vertex 9.010983318573565 13.975922585103795 40.5
    endloop
  endfacet
  facet normal 0.3644704998791513 -0.9312149347588029 0
    outer loop
      vertex 9.010983318573565 13.975922585103795 42
      vertex 9.010983318573565 13.975922585103795 40.5
      vertex 9.14993554466643 14.030307438066345 40.5
    endloop
  endfacet
  facet normal 0.3276301795616939 -0.9448060464668778 0
    outer loop
      vertex 9.14993554466643 14.030307438066345 42
      vertex 9.14993554466643 14.030307438066345 40.5
      vertex 9.290915782936104 14.079195123482489 40.5
    endloop
  endfacet
  facet normal 0.29028467725445173 -0.956940335732212 0
    outer loop
      vertex 9.290915782936104 14.079195123482489 42
      vertex 9.290915782936104 14.079195123482489 40.5
      vertex 9.43370665207362 14.122510260084763 40.5
    endloop
  endfacet
  facet normal 0.2524915770151597 -0.9675990923602593 0
    outer loop
      vertex 9.43370665207362 14.122510260084763 42
      vertex 9.43370665207362 14.122510260084763 40.5
      vertex 9.578087978908464 14.160186059072075 40.5
    endloop
  endfacet
  facet normal 0.2143091530650575 -0.9767658813208709 0
    outer loop
      vertex 9.578087978908464 14.160186059072075 42
      vertex 9.578087978908464 14.160186059072075 40.5
      vertex 9.723837137899617 14.19216442709318 40.5
    endloop
  endfacet
  facet normal 0.17579627993434346 -0.9844265680898936 0
    outer loop
      vertex 9.723837137899617 14.19216442709318 42
      vertex 9.723837137899617 14.19216442709318 40.5
      vertex 9.870729394408025 14.218396055822426 40.5
    endloop
  endfacet
  facet normal 0.13701234168197923 -0.9905693404435757 0
    outer loop
      vertex 9.870729394408025 14.218396055822426 42
      vertex 9.870729394408025 14.218396055822426 40.5
      vertex 10.01853825122112 14.238840497989624 40.5
    endloop
  endfacet
  facet normal 0.2524915770151565 0.9675990923602602 0
    outer loop
      vertex 5.428808997301485 19.249104729072947 42
      vertex 5.428808997301485 19.249104729072947 40.5
      vertex 4.668907277118108 19.447398407953532 40.5
    endloop
  endfacet
  facet normal 0.2902846772544664 0.9569403357322078 0
    outer loop
      vertex 6.180339887498948 19.02113032590307 42
      vertex 6.180339887498948 19.02113032590307 40.5
      vertex 5.428808997301485 19.249104729072947 40.5
    endloop
  endfacet
  facet normal 0.36447049987914787 0.9312149347588043 0
    outer loop
      vertex 7.653668647301796 18.477590650225736 42
      vertex 7.653668647301796 18.477590650225736 40.5
      vertex 6.922341141549859 18.763826718449682 40.5
    endloop
  endfacet
  facet normal 0.327630179561692 0.9448060464668785 0
    outer loop
      vertex 6.922341141549859 18.763826718449682 42
      vertex 6.922341141549859 18.763826718449682 40.5
      vertex 6.180339887498948 19.02113032590307 40.5
    endloop
  endfacet
  facet normal 0.40074883310314413 0.9161879571171344 0
    outer loop
      vertex 8.373194750748562 18.162863476501624 42
      vertex 8.373194750748562 18.162863476501624 40.5
      vertex 7.653668647301796 18.477590650225736 40.5
    endloop
  endfacet
  facet normal 0.43640924067333986 0.8997482840522225 0
    outer loop
      vertex 9.079809994790935 17.820130483767358 42
      vertex 9.079809994790935 17.820130483767358 40.5
      vertex 8.373194750748562 18.162863476501624 40.5
    endloop
  endfacet
  facet normal 0.471396736825996 0.8819212643483559 0
    outer loop
      vertex 9.772424829939098 17.449920141455944 42
      vertex 9.772424829939098 17.449920141455944 40.5
      vertex 9.079809994790935 17.820130483767358 40.5
    endloop
  endfacet
  facet normal 0.0980171403295613 0.9951847266721968 0
    outer loop
      vertex 10.167035797795092 6.676894493375017 42
      vertex 10.167035797795092 6.676894493375017 40.5
      vertex 10.01853825122112 6.691520225132184 40.5
    endloop
  endfacet
  facet normal 0.05887080365118074 0.9982656101847163 0
    outer loop
      vertex 10.315993061676444 6.6681100238461575 42
      vertex 10.315993061676444 6.6681100238461575 40.5
      vertex 10.167035797795092 6.676894493375017 40.5
    endloop
  endfacet
  facet normal 0.019633692460637155 0.9998072404820647 0
    outer loop
      vertex 10.465180361560904 6.665180361560903 42
      vertex 10.465180361560904 6.665180361560903 40.5
      vertex 10.315993061676444 6.6681100238461575 40.5
    endloop
  endfacet
  facet normal -0.019633692460642636 0.9998072404820646 0
    outer loop
      vertex 10.614367661445367 6.668110023846158 42
      vertex 10.614367661445367 6.668110023846158 40.5
      vertex 10.465180361560904 6.665180361560903 40.5
    endloop
  endfacet
  facet normal -0.05887080365118214 0.9982656101847163 0
    outer loop
      vertex 10.763324925326716 6.676894493375018 42
      vertex 10.763324925326716 6.676894493375018 40.5
      vertex 10.614367661445367 6.668110023846158 40.5
    endloop
  endfacet
  facet normal -0.0980171403295613 0.9951847266721968 0
    outer loop
      vertex 10.911822471900688 6.691520225132185 42
      vertex 10.911822471900688 6.691520225132185 40.5
      vertex 10.763324925326716 6.676894493375018 40.5
    endloop
  endfacet
  facet normal -0.13701234168197338 0.9905693404435766 0
    outer loop
      vertex 11.059631328713783 6.711964667299382 42
      vertex 11.059631328713783 6.711964667299382 40.5
      vertex 10.911822471900688 6.691520225132185 40.5
    endloop
  endfacet
  facet normal -0.17579627993434346 0.9844265680898936 0
    outer loop
      vertex 11.206523585222191 6.738196296028628 42
      vertex 11.206523585222191 6.738196296028628 40.5
      vertex 11.059631328713783 6.711964667299382 40.5
    endloop
  endfacet
  facet normal -0.2143091530650575 0.9767658813208709 0
    outer loop
      vertex 11.352272744213344 6.770174664049733 42
      vertex 11.352272744213344 6.770174664049733 40.5
      vertex 11.206523585222191 6.738196296028628 40.5
    endloop
  endfacet
  facet normal -0.2524915770151597 0.9675990923602593 0
    outer loop
      vertex 11.496654071048187 6.807850463037045 42
      vertex 11.496654071048187 6.807850463037045 40.5
      vertex 11.352272744213344 6.770174664049733 40.5
    endloop
  endfacet
  facet normal -0.29028467725445173 0.956940335732212 0
    outer loop
      vertex 11.639444940185705 6.8511655996393195 42
      vertex 11.639444940185705 6.8511655996393195 40.5
      vertex 11.496654071048187 6.807850463037045 40.5
    endloop
  endfacet
  facet normal -0.32763017956169926 0.9448060464668762 0
    outer loop
      vertex 11.780425178455378 6.900053285055464 42
      vertex 11.780425178455378 6.900053285055464 40.5
      vertex 11.639444940185705 6.8511655996393195 40.5
    endloop
  endfacet
  facet normal -0.36447049987915875 0.9312149347588 0
    outer loop
      vertex 11.919377404548246 6.954438138018016 42
      vertex 11.919377404548246 6.954438138018016 40.5
      vertex 11.780425178455378 6.900053285055464 40.5
    endloop
  endfacet
  facet normal -0.40074883310313625 0.916187957117138 0
    outer loop
      vertex 12.056087364203131 7.014236301025596 42
      vertex 12.056087364203131 7.014236301025596 40.5
      vertex 11.919377404548246 6.954438138018016 40.5
    endloop
  endfacet
  facet normal -0.43640924067334663 0.8997482840522192 0
    outer loop
      vertex 12.190344260571182 7.079355569645108 42
      vertex 12.190344260571182 7.079355569645108 40.5
      vertex 12.056087364203131 7.014236301025596 40.5
    endloop
  endfacet
  facet normal -0.4713967368259898 0.8819212643483592 0
    outer loop
      vertex 12.321941079249333 7.149695534684275 42
      vertex 12.321941079249333 7.149695534684275 40.5
      vertex 12.190344260571182 7.079355569645108 40.5
    endloop
  endfacet
  facet normal -0.5056573733779889 0.8627343859777893 0
    outer loop
      vertex 12.45067490748151 7.225147737015354 42
      vertex 12.45067490748151 7.225147737015354 40.5
      vertex 12.321941079249333 7.149695534684275 40.5
    endloop
  endfacet
  facet normal -0.5391383229109941 0.8422172337162905 0
    outer loop
      vertex 12.576347247035393 7.305595834811232 42
      vertex 12.576347247035393 7.305595834811232 40.5
      vertex 12.45067490748151 7.225147737015354 40.5
    endloop
  endfacet
  facet normal -0.5717879602276154 0.8204014435255115 0
    outer loop
      vertex 12.698764320272304 7.390915782936105 42
      vertex 12.698764320272304 7.390915782936105 40.5
      vertex 12.576347247035393 7.305595834811232 40.5
    endloop
  endfacet
  facet normal -0.6035559419535673 0.7973206537727102 0
    outer loop
      vertex 12.817737368938275 7.4809760242140735 42
      vertex 12.817737368938275 7.4809760242140735 40.5
      vertex 12.698764320272304 7.390915782936105 40.5
    endloop
  endfacet
  facet normal 0.43640923787510344 0.8997482854094647 0
    outer loop
      vertex 14.950938247144222 5.791542410850525 42
      vertex 14.950938247144222 5.791542410850525 40.5
      vertex 14.874921676002904 5.828413093924474 40.5
    endloop
  endfacet
  facet normal 0.6930873625456376 -0.7208535967029172 0
    outer loop
      vertex 14.874921676002904 5.828413093924474 42
      vertex 14.874921676002904 5.828413093924474 40.5
      vertex 14.99066376115481 5.939696961966999 40.5
    endloop
  endfacet
  facet normal -0.6343932841636464 0.7730104533627362 0
    outer loop
      vertex 12.933082945215602 7.575637692280786 42
      vertex 12.933082945215602 7.575637692280786 40.5
      vertex 12.817737368938275 7.4809760242140735 40.5
    endloop
  endfacet
  facet normal -0.6642524379112843 0.7475083268625944 0
    outer loop
      vertex 13.044623194586084 7.6747548257053 42
      vertex 13.044623194586084 7.6747548257053 40.5
      vertex 12.933082945215602 7.575637692280786 40.5
    endloop
  endfacet
  facet normal -0.6930873625456367 0.7208535967029179 0
    outer loop
      vertex 13.152186130069785 7.778174593052023 42
      vertex 13.152186130069785 7.778174593052023 40.5
      vertex 13.044623194586084 7.6747548257053 40.5
    endloop
  endfacet
  facet normal -0.7208535967029177 0.693087362545637 0
    outer loop
      vertex 13.25560589741651 7.885737528535726 42
      vertex 13.25560589741651 7.885737528535726 40.5
      vertex 13.152186130069785 7.778174593052023 40.5
    endloop
  endfacet
  facet normal -0.7475083268625944 0.6642524379112843 0
    outer loop
      vertex 13.354723030841024 7.997277777906207 42
      vertex 13.354723030841024 7.997277777906207 40.5
      vertex 13.25560589741651 7.885737528535726 40.5
    endloop
  endfacet
  facet normal -0.7730104533627343 0.6343932841636487 0
    outer loop
      vertex 13.449384698907735 8.112623354183533 42
      vertex 13.449384698907735 8.112623354183533 40.5
      vertex 13.354723030841024 7.997277777906207 40.5
    endloop
  endfacet
  facet normal -0.7973206537727117 0.6035559419535654 0
    outer loop
      vertex 13.539444940185705 8.231596402849506 42
      vertex 13.539444940185705 8.231596402849506 40.5
      vertex 13.449384698907735 8.112623354183533 40.5
    endloop
  endfacet
  facet normal -0.8204014435255131 0.5717879602276129 0
    outer loop
      vertex 13.624764888310576 8.354013476086415 42
      vertex 13.624764888310576 8.354013476086415 40.5
      vertex 13.539444940185705 8.231596402849506 40.5
    endloop
  endfacet
  facet normal -0.8422172337162823 0.5391383229110067 0
    outer loop
      vertex 13.705212986106456 8.479685815640298 42
      vertex 13.705212986106456 8.479685815640298 40.5
      vertex 13.624764888310576 8.354013476086415 40.5
    endloop
  endfacet
  facet normal -0.8627343859777971 0.5056573733779757 0
    outer loop
      vertex 13.780665188437533 8.608419643872475 42
      vertex 13.780665188437533 8.608419643872475 40.5
      vertex 13.705212986106456 8.479685815640298 40.5
    endloop
  endfacet
  facet normal -0.8819212643483568 0.4713967368259941 0
    outer loop
      vertex 13.851005153476702 8.740016462550628 42
      vertex 13.851005153476702 8.740016462550628 40.5
      vertex 13.780665188437533 8.608419643872475 40.5
    endloop
  endfacet
  facet normal -0.8997482840522192 0.43640924067334663 0
    outer loop
      vertex 13.916124422096214 8.874273358918678 42
      vertex 13.916124422096214 8.874273358918678 40.5
      vertex 13.851005153476702 8.740016462550628 40.5
    endloop
  endfacet
  facet normal -0.9161879571171354 0.40074883310314185 0
    outer loop
      vertex 13.975922585103795 9.010983318573565 42
      vertex 13.975922585103795 9.010983318573565 40.5
      vertex 13.916124422096214 8.874273358918678 40.5
    endloop
  endfacet
  facet normal -0.9312149347588029 0.3644704998791513 0
    outer loop
      vertex 14.030307438066345 9.14993554466643 42
      vertex 14.030307438066345 9.14993554466643 40.5
      vertex 13.975922585103795 9.010983318573565 40.5
    endloop
  endfacet
  facet normal -0.9448060464668778 0.3276301795616939 0
    outer loop
      vertex 14.079195123482489 9.290915782936104 42
      vertex 14.079195123482489 9.290915782936104 40.5
      vertex 14.030307438066345 9.14993554466643 40.5
    endloop
  endfacet
  facet normal -0.956940335732212 0.29028467725445173 0
    outer loop
      vertex 14.122510260084763 9.43370665207362 42
      vertex 14.122510260084763 9.43370665207362 40.5
      vertex 14.079195123482489 9.290915782936104 40.5
    endloop
  endfacet
  facet normal -0.9675990923602593 0.2524915770151597 0
    outer loop
      vertex 14.160186059072075 9.578087978908464 42
      vertex 14.160186059072075 9.578087978908464 40.5
      vertex 14.122510260084763 9.43370665207362 40.5
    endloop
  endfacet
  facet normal -0.9767658813208709 0.2143091530650575 0
    outer loop
      vertex 14.19216442709318 9.723837137899617 42
      vertex 14.19216442709318 9.723837137899617 40.5
      vertex 14.160186059072075 9.578087978908464 40.5
    endloop
  endfacet
  facet normal -0.9844265680898936 0.17579627993434346 0
    outer loop
      vertex 14.218396055822426 9.870729394408025 42
      vertex 14.218396055822426 9.870729394408025 40.5
      vertex 14.19216442709318 9.723837137899617 40.5
    endloop
  endfacet
  facet normal -0.9905693404435757 0.13701234168197923 0
    outer loop
      vertex 14.238840497989624 10.01853825122112 42
      vertex 14.238840497989624 10.01853825122112 40.5
      vertex 14.218396055822426 9.870729394408025 40.5
    endloop
  endfacet
  facet normal 0 -1 0
    outer loop
      vertex 16.489882468130954 0.6 42
      vertex 11.236937458840595 0.6 40.5
      vertex 19.8333044482741 0.6 40.5
    endloop
  endfacet
  facet normal 0.7071067811865488 -0.7071067811865462 0
    outer loop
      vertex 19.8333044482741 0.6 42
      vertex 19.8333044482741 0.6 40.5
      vertex 19.9852340001396 0.7519295518655005 40.5
    endloop
  endfacet
  facet normal 0.9998072404820644 0.01963369246065662 1.3078666456938197e-17
    outer loop
      vertex 19.9852340001396 0.7519295518654995 42
      vertex 19.9852340001396 0.7519295518655005 40.5
      vertex 19.984580724814457 0.7851963151813722 40.5
    endloop
  endfacet
  facet normal 0.9982656101847158 0.05887080365118849 0
    outer loop
      vertex 19.984580724814457 0.7851963151813722 42
      vertex 19.984580724814457 0.7851963151813722 40.5
      vertex 19.938346674662558 1.5691819145568988 40.5
    endloop
  endfacet
  facet normal 0.9951847266721969 0.09801714032956035 0
    outer loop
      vertex 19.938346674662558 1.5691819145568988 42
      vertex 19.938346674662558 1.5691819145568988 40.5
      vertex 19.861369139098525 2.350747949156753 40.5
    endloop
  endfacet
  facet normal 0.9905693404435779 0.137012341681963 0
    outer loop
      vertex 19.861369139098525 2.350747949156753 42
      vertex 19.861369139098525 2.350747949156753 40.5
      vertex 19.753766811902757 3.1286893008046173 40.5
    endloop
  endfacet
  facet normal 0.9844265680898908 0.17579627993435834 0
    outer loop
      vertex 19.753766811902757 3.1286893008046173 42
      vertex 19.753766811902757 3.1286893008046173 40.5
      vertex 19.61570560806461 3.9018064403225647 40.5
    endloop
  endfacet
  facet normal 0.9767658813208727 0.21430915306505025 0
    outer loop
      vertex 19.61570560806461 3.9018064403225647 42
      vertex 19.61570560806461 3.9018064403225647 40.5
      vertex 19.447398407953532 4.668907277118108 40.5
    endloop
  endfacet
  facet normal 0.9675990923602602 0.2524915770151565 0
    outer loop
      vertex 19.447398407953532 4.668907277118108 42
      vertex 19.447398407953532 4.668907277118108 40.5
      vertex 19.249104729072947 5.428808997301485 40.5
    endloop
  endfacet
  facet normal 0.5056573570442341 0.8627343955511685 0
    outer loop
      vertex 15.396240673959255 5.5421610698103905 42
      vertex 15.396240673959255 5.5421610698103905 40.5
      vertex 15.176038071513176 5.671224042773247 40.5
    endloop
  endfacet
  facet normal 0.5391383235920609 0.8422172332803113 0
    outer loop
      vertex 15.57932228780375 5.424962904695431 42
      vertex 15.57932228780375 5.424962904695431 40.5
      vertex 15.396240673959255 5.5421610698103905 40.5
    endloop
  endfacet
  facet normal -0.9448060464668788 -0.3276301795616911 0
    outer loop
      vertex 15.480157042720988 5.710931441778634 42
      vertex 15.480157042720988 5.710931441778634 40.5
      vertex 15.57932228780375 5.424962904695431 40.5
    endloop
  endfacet
  facet normal 0.4713967528288745 0.881921255794639 0
    outer loop
      vertex 15.176038071513176 5.671224042773247 42
      vertex 15.176038071513176 5.671224042773247 40.5
      vertex 14.950938247144222 5.791542410850525 40.5
    endloop
  endfacet
  facet normal 0.7208535967029178 -0.693087362545637 0
    outer loop
      vertex 14.99066376115481 5.939696961966999 42
      vertex 14.99066376115481 5.939696961966999 40.5
      vertex 15.164844421949294 6.120855590150076 40.5
    endloop
  endfacet
  facet normal 0.747508326862604 -0.6642524379112738 0
    outer loop
      vertex 15.164844421949294 6.120855590150076 42
      vertex 15.164844421949294 6.120855590150076 40.5
      vertex 15.272360505172644 6.241847494573982 40.5
    endloop
  endfacet
  facet normal -0.9312149347588031 -0.3644704998791507 0
    outer loop
      vertex 15.272360505172644 6.241847494573982 42
      vertex 15.272360505172644 6.241847494573982 40.5
      vertex 15.480157042720988 5.710931441778634 40.5
    endloop
  endfacet
  facet normal 0.9312149347588043 0.36447049987914787 0
    outer loop
      vertex 18.763826718449682 6.922341141549859 42
      vertex 18.763826718449682 6.922341141549859 40.5
      vertex 18.477590650225736 7.653668647301796 40.5
    endloop
  endfacet
  facet normal 0.9569403357322078 0.2902846772544664 0
    outer loop
      vertex 19.249104729072947 5.428808997301485 42
      vertex 19.249104729072947 5.428808997301485 40.5
      vertex 19.02113032590307 6.180339887498948 40.5
    endloop
  endfacet
  facet normal 0.9448060464668785 0.327630179561692 0
    outer loop
      vertex 19.02113032590307 6.180339887498948 42
      vertex 19.02113032590307 6.180339887498948 40.5
      vertex 18.763826718449682 6.922341141549859 40.5
    endloop
  endfacet
  facet normal 0.8997482840522225 0.43640924067333986 0
    outer loop
      vertex 18.162863476501624 8.373194750748562 42
      vertex 18.162863476501624 8.373194750748562 40.5
      vertex 17.820130483767358 9.079809994790935 40.5
    endloop
  endfacet
  facet normal 0.9161879571171344 0.40074883310314413 0
    outer loop
      vertex 18.477590650225736 7.653668647301796 42
      vertex 18.477590650225736 7.653668647301796 40.5
      vertex 18.162863476501624 8.373194750748562 40.5
    endloop
  endfacet
  facet normal 0.8819212643483559 0.471396736825996 0
    outer loop
      vertex 17.820130483767358 9.079809994790935 42
      vertex 17.820130483767358 9.079809994790935 40.5
      vertex 17.449920141455944 9.772424829939098 40.5
    endloop
  endfacet
  facet normal 0.09801714032956603 -0.9951847266721964 0
    outer loop
      vertex 10.01853825122112 14.238840497989624 42
      vertex 10.01853825122112 14.238840497989624 40.5
      vertex 10.167035797795094 14.253466229746792 40.5
    endloop
  endfacet
  facet normal 0.05887080365119925 -0.9982656101847153 0
    outer loop
      vertex 10.167035797795094 14.253466229746792 42
      vertex 10.167035797795094 14.253466229746792 40.5
      vertex 10.315993061676444 14.262250699275654 40.5
    endloop
  endfacet
  facet normal 0.019633692460601686 -0.9998072404820654 0
    outer loop
      vertex 10.315993061676444 14.262250699275654 42
      vertex 10.315993061676444 14.262250699275654 40.5
      vertex 10.465180361560902 14.265180361560903 40.5
    endloop
  endfacet
  facet normal -0.019633692460625022 -0.9998072404820649 0
    outer loop
      vertex 10.465180361560902 14.265180361560903 42
      vertex 10.465180361560902 14.265180361560903 40.5
      vertex 10.614367661445364 14.26225069927565 40.5
    endloop
  endfacet
  facet normal -0.05887080365118668 -0.998265610184716 0
    outer loop
      vertex 10.614367661445364 14.26225069927565 42
      vertex 10.614367661445364 14.26225069927565 40.5
      vertex 10.763324925326716 14.25346622974679 40.5
    endloop
  endfacet
  facet normal -0.0980171403295554 -0.9951847266721975 0
    outer loop
      vertex 10.763324925326716 14.25346622974679 42
      vertex 10.763324925326716 14.25346622974679 40.5
      vertex 10.911822471900688 14.238840497989624 40.5
    endloop
  endfacet
  facet normal -0.13701234168196916 -0.990569340443577 0
    outer loop
      vertex 10.911822471900688 14.238840497989624 42
      vertex 10.911822471900688 14.238840497989624 40.5
      vertex 11.059631328713781 14.218396055822428 40.5
    endloop
  endfacet
  facet normal -0.17579627993435293 -0.9844265680898919 0
    outer loop
      vertex 11.059631328713781 14.218396055822428 42
      vertex 11.059631328713781 14.218396055822428 40.5
      vertex 11.206523585222191 14.19216442709318 40.5
    endloop
  endfacet
  facet normal -0.2143091530650575 -0.9767658813208709 0
    outer loop
      vertex 11.206523585222191 14.19216442709318 42
      vertex 11.206523585222191 14.19216442709318 40.5
      vertex 11.352272744213344 14.160186059072075 40.5
    endloop
  endfacet
  facet normal -0.2524915770151374 -0.9675990923602652 0
    outer loop
      vertex 11.352272744213344 14.160186059072075 42
      vertex 11.352272744213344 14.160186059072075 40.5
      vertex 11.496654071048187 14.122510260084766 40.5
    endloop
  endfacet
  facet normal -0.2902846772544736 -0.9569403357322055 0
    outer loop
      vertex 11.496654071048187 14.122510260084766 42
      vertex 11.496654071048187 14.122510260084766 40.5
      vertex 11.639444940185705 14.079195123482489 40.5
    endloop
  endfacet
  facet normal -0.36447049987915764 -0.9312149347588005 0
    outer loop
      vertex 11.780425178455378 14.030307438066345 42
      vertex 11.780425178455378 14.030307438066345 40.5
      vertex 11.919377404548245 13.975922585103794 40.5
    endloop
  endfacet
  facet normal -0.3276301795616939 -0.9448060464668778 0
    outer loop
      vertex 11.639444940185705 14.079195123482489 42
      vertex 11.639444940185705 14.079195123482489 40.5
      vertex 11.780425178455378 14.030307438066345 40.5
    endloop
  endfacet
  facet normal -0.40074883310312753 -0.9161879571171417 0
    outer loop
      vertex 11.919377404548245 13.975922585103794 42
      vertex 11.919377404548245 13.975922585103794 40.5
      vertex 12.056087364203133 13.916124422096214 40.5
    endloop
  endfacet
  facet normal -0.43640924067334663 -0.8997482840522192 0
    outer loop
      vertex 12.056087364203133 13.916124422096214 42
      vertex 12.056087364203133 13.916124422096214 40.5
      vertex 12.190344260571184 13.851005153476702 40.5
    endloop
  endfacet
  facet normal -0.47139673682600397 -0.8819212643483515 0
    outer loop
      vertex 12.190344260571184 13.851005153476702 42
      vertex 12.190344260571184 13.851005153476702 40.5
      vertex 12.321941079249333 13.780665188437533 40.5
    endloop
  endfacet
  facet normal -0.5056573733779793 -0.862734385977795 0
    outer loop
      vertex 12.321941079249333 13.780665188437533 42
      vertex 12.321941079249333 13.780665188437533 40.5
      vertex 12.450674907481512 13.705212986106455 40.5
    endloop
  endfacet
  facet normal -0.862734385977795 -0.5056573733779793 0
    outer loop
      vertex 13.705212986106455 12.450674907481512 42
      vertex 13.705212986106455 12.450674907481512 40.5
      vertex 13.780665188437533 12.321941079249333 40.5
    endloop
  endfacet
  facet normal -0.9951847266721964 0.09801714032956603 0
    outer loop
      vertex 14.253466229746792 10.167035797795094 42
      vertex 14.253466229746792 10.167035797795094 40.5
      vertex 14.238840497989624 10.01853825122112 40.5
    endloop
  endfacet
  facet normal -0.9982656101847153 0.05887080365119925 0
    outer loop
      vertex 14.262250699275654 10.315993061676444 42
      vertex 14.262250699275654 10.315993061676444 40.5
      vertex 14.253466229746792 10.167035797795094 40.5
    endloop
  endfacet
  facet normal -0.9998072404820654 0.019633692460601686 0
    outer loop
      vertex 14.265180361560903 10.465180361560902 42
      vertex 14.265180361560903 10.465180361560902 40.5
      vertex 14.262250699275654 10.315993061676444 40.5
    endloop
  endfacet
  facet normal -0.9998072404820649 -0.019633692460625022 0
    outer loop
      vertex 14.26225069927565 10.614367661445364 42
      vertex 14.26225069927565 10.614367661445364 40.5
      vertex 14.265180361560903 10.465180361560902 40.5
    endloop
  endfacet
  facet normal -0.998265610184716 -0.05887080365118668 0
    outer loop
      vertex 14.25346622974679 10.763324925326716 42
      vertex 14.25346622974679 10.763324925326716 40.5
      vertex 14.26225069927565 10.614367661445364 40.5
    endloop
  endfacet
  facet normal -0.9951847266721975 -0.0980171403295554 0
    outer loop
      vertex 14.238840497989624 10.911822471900688 42
      vertex 14.238840497989624 10.911822471900688 40.5
      vertex 14.25346622974679 10.763324925326716 40.5
    endloop
  endfacet
  facet normal -0.9844265680898919 -0.17579627993435293 0
    outer loop
      vertex 14.19216442709318 11.206523585222191 42
      vertex 14.19216442709318 11.206523585222191 40.5
      vertex 14.218396055822428 11.059631328713781 40.5
    endloop
  endfacet
  facet normal -0.990569340443577 -0.13701234168196916 0
    outer loop
      vertex 14.218396055822428 11.059631328713781 42
      vertex 14.218396055822428 11.059631328713781 40.5
      vertex 14.238840497989624 10.911822471900688 40.5
    endloop
  endfacet
  facet normal -0.9448060464668778 -0.3276301795616939 0
    outer loop
      vertex 14.030307438066345 11.780425178455378 42
      vertex 14.030307438066345 11.780425178455378 40.5
      vertex 14.079195123482489 11.639444940185705 40.5
    endloop
  endfacet
  facet normal -0.9767658813208709 -0.2143091530650575 0
    outer loop
      vertex 14.160186059072075 11.352272744213344 42
      vertex 14.160186059072075 11.352272744213344 40.5
      vertex 14.19216442709318 11.206523585222191 40.5
    endloop
  endfacet
  facet normal -0.9675990923602652 -0.2524915770151374 0
    outer loop
      vertex 14.122510260084766 11.496654071048187 42
      vertex 14.122510260084766 11.496654071048187 40.5
      vertex 14.160186059072075 11.352272744213344 40.5
    endloop
  endfacet
  facet normal -0.9569403357322055 -0.2902846772544736 0
    outer loop
      vertex 14.079195123482489 11.639444940185705 42
      vertex 14.079195123482489 11.639444940185705 40.5
      vertex 14.122510260084766 11.496654071048187 40.5
    endloop
  endfacet
  facet normal -0.8997482840522192 -0.43640924067334663 0
    outer loop
      vertex 13.851005153476702 12.190344260571184 42
      vertex 13.851005153476702 12.190344260571184 40.5
      vertex 13.916124422096214 12.056087364203133 40.5
    endloop
  endfacet
  facet normal -0.9161879571171417 -0.40074883310312753 0
    outer loop
      vertex 13.916124422096214 12.056087364203133 42
      vertex 13.916124422096214 12.056087364203133 40.5
      vertex 13.975922585103794 11.919377404548245 40.5
    endloop
  endfacet
  facet normal -0.9312149347588005 -0.36447049987915764 0
    outer loop
      vertex 13.975922585103794 11.919377404548245 42
      vertex 13.975922585103794 11.919377404548245 40.5
      vertex 14.030307438066345 11.780425178455378 40.5
    endloop
  endfacet
  facet normal -0.8819212643483515 -0.47139673682600397 0
    outer loop
      vertex 13.780665188437533 12.321941079249333 42
      vertex 13.780665188437533 12.321941079249333 40.5
      vertex 13.851005153476702 12.190344260571184 40.5
    endloop
  endfacet
  facet normal -0.5391383229110037 -0.8422172337162843 0
    outer loop
      vertex 12.450674907481512 13.705212986106455 42
      vertex 12.450674907481512 13.705212986106455 40.5
      vertex 12.576347247035393 13.624764888310576 40.5
    endloop
  endfacet
  facet normal -0.5717879602276129 -0.8204014435255131 0
    outer loop
      vertex 12.576347247035393 13.624764888310576 42
      vertex 12.576347247035393 13.624764888310576 40.5
      vertex 12.698764320272302 13.539444940185705 40.5
    endloop
  endfacet
  facet normal -0.6035559419535654 -0.7973206537727117 0
    outer loop
      vertex 12.698764320272302 13.539444940185705 42
      vertex 12.698764320272302 13.539444940185705 40.5
      vertex 12.817737368938275 13.449384698907735 40.5
    endloop
  endfacet
  facet normal -0.6343932841636629 -0.7730104533627227 0
    outer loop
      vertex 12.817737368938275 13.449384698907735 42
      vertex 12.817737368938275 13.449384698907735 40.5
      vertex 12.9330829452156 13.35472303084102 40.5
    endloop
  endfacet
  facet normal -0.6930873625456249 -0.7208535967029295 0
    outer loop
      vertex 13.044623194586082 13.25560589741651 42
      vertex 13.044623194586082 13.25560589741651 40.5
      vertex 13.152186130069786 13.152186130069786 40.5
    endloop
  endfacet
  facet normal -0.6642524379112711 -0.7475083268626063 0
    outer loop
      vertex 12.9330829452156 13.35472303084102 42
      vertex 12.9330829452156 13.35472303084102 40.5
      vertex 13.044623194586082 13.25560589741651 40.5
    endloop
  endfacet
  facet normal -0.7730104533627227 -0.6343932841636629 0
    outer loop
      vertex 13.35472303084102 12.9330829452156 42
      vertex 13.35472303084102 12.9330829452156 40.5
      vertex 13.449384698907735 12.817737368938275 40.5
    endloop
  endfacet
  facet normal -0.7475083268626063 -0.6642524379112711 0
    outer loop
      vertex 13.25560589741651 13.044623194586082 42
      vertex 13.25560589741651 13.044623194586082 40.5
      vertex 13.35472303084102 12.9330829452156 40.5
    endloop
  endfacet
  facet normal -0.7973206537727117 -0.6035559419535654 0
    outer loop
      vertex 13.449384698907735 12.817737368938275 42
      vertex 13.449384698907735 12.817737368938275 40.5
      vertex 13.539444940185705 12.698764320272302 40.5
    endloop
  endfacet
  facet normal -0.8204014435255131 -0.5717879602276129 0
    outer loop
      vertex 13.539444940185705 12.698764320272302 42
      vertex 13.539444940185705 12.698764320272302 40.5
      vertex 13.624764888310576 12.576347247035393 40.5
    endloop
  endfacet
  facet normal -0.8422172337162843 -0.5391383229110037 0
    outer loop
      vertex 13.624764888310576 12.576347247035393 42
      vertex 13.624764888310576 12.576347247035393 40.5
      vertex 13.705212986106455 12.450674907481512 40.5
    endloop
  endfacet
  facet normal -0.7208535967029295 -0.6930873625456249 0
    outer loop
      vertex 13.152186130069786 13.152186130069786 42
      vertex 13.152186130069786 13.152186130069786 40.5
      vertex 13.25560589741651 13.044623194586082 40.5
    endloop
  endfacet
  facet normal 0.6642524379112832 0.7475083268625955 0
    outer loop
      vertex 13.576014910658834 14.68645018871371 42
      vertex 13.576014910658834 14.68645018871371 40.5
      vertex 12.988960966603674 15.208119312000619 40.5
    endloop
  endfacet
  facet normal 0.6930873625456346 0.72085359670292 0
    outer loop
      vertex 14.142135623730951 14.142135623730951 42
      vertex 14.142135623730951 14.142135623730951 40.5
      vertex 13.576014910658834 14.68645018871371 40.5
    endloop
  endfacet
  facet normal 0.72085359670292 0.6930873625456346 0
    outer loop
      vertex 14.68645018871371 13.576014910658834 42
      vertex 14.68645018871371 13.576014910658834 40.5
      vertex 14.142135623730951 14.142135623730951 40.5
    endloop
  endfacet
  facet normal 0.5056573733779876 0.8627343859777901 0
    outer loop
      vertex 10.449971294318976 17.052803287081844 42
      vertex 10.449971294318976 17.052803287081844 40.5
      vertex 9.772424829939098 17.449920141455944 40.5
    endloop
  endfacet
  facet normal 0.5391383229109968 0.8422172337162888 0
    outer loop
      vertex 11.111404660392047 16.629392246050905 42
      vertex 11.111404660392047 16.629392246050905 40.5
      vertex 10.449971294318976 17.052803287081844 40.5
    endloop
  endfacet
  facet normal 0.6035559419535762 0.7973206537727034 0
    outer loop
      vertex 12.38187898619668 15.706338617614898 42
      vertex 12.38187898619668 15.706338617614898 40.5
      vertex 11.755705045849465 16.180339887498953 40.5
    endloop
  endfacet
  facet normal 0.571787960227609 0.8204014435255159 0
    outer loop
      vertex 11.755705045849465 16.180339887498953 42
      vertex 11.755705045849465 16.180339887498953 40.5
      vertex 11.111404660392047 16.629392246050905 40.5
    endloop
  endfacet
  facet normal 0.6343932841636449 0.7730104533627374 0
    outer loop
      vertex 12.988960966603674 15.208119312000619 42
      vertex 12.988960966603674 15.208119312000619 40.5
      vertex 12.38187898619668 15.706338617614898 40.5
    endloop
  endfacet
  facet normal 0.7973206537727028 0.6035559419535773 7.147538169665984e-16
    outer loop
      vertex 16.180339887498953 11.755705045849465 42
      vertex 16.180339887498953 11.755705045849467 40.5
      vertex 15.706338617614898 12.38187898619668 40.5
    endloop
  endfacet
  facet normal 0.8627343859777901 0.5056573733779876 0
    outer loop
      vertex 17.449920141455944 9.772424829939098 42
      vertex 17.449920141455944 9.772424829939098 40.5
      vertex 17.052803287081844 10.449971294318976 40.5
    endloop
  endfacet
  facet normal 0.8422172337162888 0.5391383229109968 0
    outer loop
      vertex 17.052803287081844 10.449971294318976 42
      vertex 17.052803287081844 10.449971294318976 40.5
      vertex 16.629392246050905 11.111404660392047 40.5
    endloop
  endfacet
  facet normal 0.8204014435255167 0.5717879602276079 0
    outer loop
      vertex 16.629392246050905 11.111404660392047 42
      vertex 16.629392246050905 11.111404660392047 40.5
      vertex 16.180339887498953 11.755705045849467 40.5
    endloop
  endfacet
  facet normal 0.7730104533627374 0.6343932841636449 0
    outer loop
      vertex 15.706338617614898 12.38187898619668 42
      vertex 15.706338617614898 12.38187898619668 40.5
      vertex 15.208119312000619 12.988960966603674 40.5
    endloop
  endfacet
  facet normal 0.7475083268625955 0.6642524379112832 0
    outer loop
      vertex 15.208119312000619 12.988960966603674 42
      vertex 15.208119312000619 12.988960966603674 40.5
      vertex 14.68645018871371 13.576014910658834 40.5
    endloop
  endfacet
  facet normal 0.9448060464668728 0.3276301795617082 0
    outer loop
      vertex 6.8511655996393195 9.290915782936104 42
      vertex 6.900053285055465 9.149935544666432 42
      vertex 6.8511655996393195 9.290915782936104 40.5
    endloop
  endfacet
  facet normal 0.9569403357322114 0.2902846772544539 0
    outer loop
      vertex 6.8511655996393195 9.290915782936104 42
      vertex 6.807850463037044 9.433706652073623 40.5
      vertex 6.807850463037044 9.433706652073623 42
    endloop
  endfacet
  facet normal 0.96759909236026 0.252491577015157 0
    outer loop
      vertex 6.807850463037044 9.433706652073623 42
      vertex 6.770174664049733 9.578087978908464 40.5
      vertex 6.770174664049733 9.578087978908464 42
    endloop
  endfacet
  facet normal 0.9767658813208709 0.2143091530650575 0
    outer loop
      vertex 6.770174664049733 9.578087978908464 42
      vertex 6.738196296028628 9.723837137899617 40.5
      vertex 6.738196296028628 9.723837137899617 42
    endloop
  endfacet
  facet normal 0.9905693404435753 0.13701234168198245 0
    outer loop
      vertex 6.711964667299382 9.870729394408029 42
      vertex 6.691520225132184 10.01853825122112 40.5
      vertex 6.691520225132184 10.01853825122112 42
    endloop
  endfacet
  facet normal 0.9844265680898943 0.17579627993433933 0
    outer loop
      vertex 6.738196296028628 9.723837137899617 42
      vertex 6.711964667299382 9.870729394408029 40.5
      vertex 6.711964667299382 9.870729394408029 42
    endloop
  endfacet
  facet normal 0.9161879571171376 0.40074883310313686 0
    outer loop
      vertex 7.014236301025595 8.874273358918677 42
      vertex 6.9544381380180145 9.010983318573563 40.5
      vertex 6.9544381380180145 9.010983318573563 42
    endloop
  endfacet
  facet normal 0.8997482840522196 0.43640924067334563 0
    outer loop
      vertex 7.014236301025595 8.874273358918677 42
      vertex 7.073676129014438 8.751725808929121 42
      vertex 7.014236301025595 8.874273358918677 40.5
    endloop
  endfacet
  facet normal 0.9312149347588061 0.3644704998791433 0
    outer loop
      vertex 6.9544381380180145 9.010983318573563 42
      vertex 6.900053285055465 9.149935544666432 40.5
      vertex 6.900053285055465 9.149935544666432 42
    endloop
  endfacet
  facet normal 0.2902846772544539 0.9569403357322114 0
    outer loop
      vertex 9.290915782936104 6.8511655996393195 42
      vertex 9.433706652073623 6.807850463037044 42
      vertex 9.290915782936104 6.8511655996393195 40.5
    endloop
  endfacet
  facet normal 0.4364092406733457 0.8997482840522197 0
    outer loop
      vertex 8.874273358918677 7.014236301025595 42
      vertex 8.874273358918677 7.014236301025595 40.5
      vertex 8.75431656147597 7.072419523837431 42
    endloop
  endfacet
  facet normal 0.40074883310313686 0.9161879571171376 0
    outer loop
      vertex 8.874273358918677 7.014236301025595 42
      vertex 9.010983318573563 6.9544381380180145 42
      vertex 8.874273358918677 7.014236301025595 40.5
    endloop
  endfacet
  facet normal 0.3644704998791433 0.9312149347588061 0
    outer loop
      vertex 9.010983318573563 6.9544381380180145 42
      vertex 9.149935544666432 6.900053285055465 42
      vertex 9.010983318573563 6.9544381380180145 40.5
    endloop
  endfacet
  facet normal 0.3276301795617082 0.9448060464668728 0
    outer loop
      vertex 9.149935544666432 6.900053285055465 42
      vertex 9.290915782936104 6.8511655996393195 42
      vertex 9.149935544666432 6.900053285055465 40.5
    endloop
  endfacet
  facet normal 0.252491577015157 0.96759909236026 0
    outer loop
      vertex 9.433706652073623 6.807850463037044 42
      vertex 9.578087978908464 6.770174664049733 42
      vertex 9.433706652073623 6.807850463037044 40.5
    endloop
  endfacet
  facet normal 0.2143091530650575 0.9767658813208709 0
    outer loop
      vertex 9.578087978908464 6.770174664049733 42
      vertex 9.723837137899617 6.738196296028628 42
      vertex 9.578087978908464 6.770174664049733 40.5
    endloop
  endfacet
  facet normal 0.17579627993433933 0.9844265680898943 0
    outer loop
      vertex 9.723837137899617 6.738196296028628 42
      vertex 9.870729394408029 6.711964667299382 42
      vertex 9.723837137899617 6.738196296028628 40.5
    endloop
  endfacet
  facet normal 0.13701234168198245 0.9905693404435753 0
    outer loop
      vertex 9.870729394408029 6.711964667299382 42
      vertex 10.01853825122112 6.691520225132184 42
      vertex 9.870729394408029 6.711964667299382 40.5
    endloop
  endfacet
  facet normal 0 0 1
    outer loop
      vertex 4.109542237049375 11.217419705291066 42
      vertex 5.65 9.786087062764157 42
      vertex 7.073676129014438 8.751725808929121 42
    endloop
  endfacet
  facet normal 0 0 1
    outer loop
      vertex 4.109542237049375 11.217419705291066 42
      vertex 7.073676129014438 8.751725808929121 42
      vertex 7.014236301025595 8.874273358918677 42
    endloop
  endfacet
  facet normal 0 0 1
    outer loop
      vertex 7.014236301025595 8.874273358918677 42
      vertex 6.9544381380180145 9.010983318573563 42
      vertex 4.143974981752022 11.466360937818383 42
    endloop
  endfacet
  facet normal 0 0 1
    outer loop
      vertex 6.9544381380180145 9.010983318573563 42
      vertex 6.900053285055465 9.149935544666432 42
      vertex 4.143974981752022 11.466360937818383 42
    endloop
  endfacet
  facet normal 0 0 1
    outer loop
      vertex 8.874273358918677 7.014236301025595 42
      vertex 11.551247930961708 4.634280726631282 42
      vertex 9.010983318573563 6.9544381380180145 42
    endloop
  endfacet
  facet normal 0 0 1
    outer loop
      vertex 8.874273358918677 7.014236301025595 42
      vertex 9.141892036436907 6.641973350904947 42
      vertex 11.551247930961708 4.634280726631282 42
    endloop
  endfacet
  facet normal 0 0 1
    outer loop
      vertex 9.010983318573563 6.9544381380180145 42
      vertex 11.551247930961708 4.634280726631282 42
      vertex 9.149935544666432 6.900053285055465 42
    endloop
  endfacet
  facet normal 0 0 1
    outer loop
      vertex 8.874273358918677 7.014236301025595 42
      vertex 8.75431656147597 7.072419523837431 42
      vertex 9.141892036436907 6.641973350904947 42
    endloop
  endfacet
  facet normal -0.9998072404820647 0.019633692460634122 0
    outer loop
      vertex 4.070114529620277 10.716443182418944 42
      vertex 4.06569651419153 10.491464420880392 40.5
      vertex 4.06569651419153 10.491464420880392 42
    endloop
  endfacet
  facet normal -0.9982656101847158 0.05887080365119002 0
    outer loop
      vertex 4.070114529620277 10.716443182418944 42
      vertex 4.084909425668885 10.967318574219112 42
      vertex 4.070114529620277 10.716443182418944 40.5
    endloop
  endfacet
  facet normal -0.995184726672197 0.09801714032955863 0
    outer loop
      vertex 4.084909425668885 10.967318574219112 42
      vertex 4.109542237049375 11.217419705291066 42
      vertex 4.084909425668885 10.967318574219112 40.5
    endloop
  endfacet
  facet normal -0.9905693404435773 0.13701234168196816 0
    outer loop
      vertex 4.109542237049375 11.217419705291066 42
      vertex 4.143974981752022 11.466360937818383 42
      vertex 4.109542237049375 11.217419705291066 40.5
    endloop
  endfacet
  facet normal -0.9844265680898914 0.17579627993435604 0
    outer loop
      vertex 4.143974981752022 11.466360937818383 42
      vertex 4.188154566980229 11.713758422464126 42
      vertex 4.143974981752022 11.466360937818383 40.5
    endloop
  endfacet
  facet normal -0.9767658813208724 0.214309153065051 0
    outer loop
      vertex 4.188154566980229 11.713758422464126 42
      vertex 4.242012871015773 11.959230690238698 42
      vertex 4.188154566980229 11.713758422464126 40.5
    endloop
  endfacet
  facet normal -0.9675990923602598 0.2524915770151577 0
    outer loop
      vertex 4.242012871015773 11.959230690238698 42
      vertex 4.305466848257561 12.20239924069738 42
      vertex 4.242012871015773 11.959230690238698 40.5
    endloop
  endfacet
  facet normal -0.9569403357322087 0.29028467725446283 0
    outer loop
      vertex 4.305466848257561 12.20239924069738 42
      vertex 4.378418657271921 12.44288912556057 42
      vertex 4.305466848257561 12.20239924069738 40.5
    endloop
  endfacet
  facet normal -0.9448060464668777 0.32763017956169477 0
    outer loop
      vertex 4.378418657271921 12.44288912556057 42
      vertex 4.460755811657005 12.680329526856859 42
      vertex 4.378418657271921 12.44288912556057 40.5
    endloop
  endfacet
  facet normal -0.9312149347588031 0.36447049987915064 0
    outer loop
      vertex 4.460755811657005 12.680329526856859 42
      vertex 4.552351353488669 12.91435432869748 42
      vertex 4.460755811657005 12.680329526856859 40.5
    endloop
  endfacet
  facet normal -0.9161879571171376 0.400748833103137 0
    outer loop
      vertex 4.552351353488669 12.91435432869748 42
      vertex 4.653064049080383 13.144602681800444 42
      vertex 4.552351353488669 12.91435432869748 40.5
    endloop
  endfacet
  facet normal -0.8997482840522191 0.43640924067334697 0
    outer loop
      vertex 4.653064049080383 13.144602681800444 42
      vertex 4.7627386067553505 13.370719559894004 42
      vertex 4.653064049080383 13.144602681800444 40.5
    endloop
  endfacet
  facet normal -0.8819212643483573 0.4713967368259935 0
    outer loop
      vertex 4.7627386067553505 13.370719559894004 42
      vertex 4.881205916295001 13.592356307141415 42
      vertex 4.7627386067553505 13.370719559894004 40.5
    endloop
  endfacet
  facet normal -0.8627343859777902 0.5056573733779872 0
    outer loop
      vertex 4.881205916295001 13.592356307141415 42
      vertex 5.008283309694715 13.809171175742978 42
      vertex 4.881205916295001 13.592356307141415 40.5
    endloop
  endfacet
  facet normal -0.01963369246062839 -0.9998072404820648 0
    outer loop
      vertex 0 16.5 42
      vertex 0.6477869600246321 16.48727909797193 40.5
      vertex 0.6477869600246321 16.48727909797193 42
    endloop
  endfacet
  facet normal -0.05887080365119055 -0.9982656101847158 0
    outer loop
      vertex 0.6477869600246321 16.48727909797193 42
      vertex 1.2945750795094415 16.44913600659661 40.5
      vertex 1.2945750795094415 16.44913600659661 42
    endloop
  endfacet
  facet normal -0.09801714032955898 -0.995184726672197 0
    outer loop
      vertex 1.2945750795094415 16.44913600659661 42
      vertex 1.9393670580543212 16.385629539756284 40.5
      vertex 1.9393670580543212 16.385629539756284 42
    endloop
  endfacet
  facet normal -0.1370123416819693 -0.990569340443577 0
    outer loop
      vertex 1.9393670580543212 16.385629539756284 42
      vertex 2.5811686731638095 16.29685761981977 40.5
      vertex 2.5811686731638095 16.29685761981977 42
    endloop
  endfacet
  facet normal 0.7071067811865474 0.7071067811865476 -5.233641528945916e-16
    outer loop
      vertex -0.7519295518654994 19.9852340001396 42
      vertex 3.013684323706296 16.219620124567804 42
      vertex -0.7519295518655005 19.9852340001396 40.5
    endloop
  endfacet
  facet normal -0.1757962799343487 -0.9844265680898927 0
    outer loop
      vertex 2.5811686731638095 16.29685761981977 42
      vertex 3.013684323706296 16.219620124567804 40.5
      vertex 3.013684323706296 16.219620124567804 42
    endloop
  endfacet
  facet normal 0.13701234168196738 0.9905693404435773 1.2169140511450339e-16
    outer loop
      vertex 2.832711494940773 19.794705503028748 42
      vertex 3.1286893008046173 19.753766811902757 42
      vertex 2.8327114949407743 19.794705503028748 40.5
    endloop
  endfacet
  facet normal 0.17579627993435834 0.9844265680898908 0
    outer loop
      vertex 3.1286893008046173 19.753766811902757 42
      vertex 3.9018064403225647 19.61570560806461 42
      vertex 3.1286893008046173 19.753766811902757 40.5
    endloop
  endfacet
  facet normal 0.21430915306505025 0.9767658813208727 0
    outer loop
      vertex 3.9018064403225647 19.61570560806461 42
      vertex 4.668907277118108 19.447398407953532 42
      vertex 3.9018064403225647 19.61570560806461 40.5
    endloop
  endfacet
  facet normal 0.2524915770151565 0.9675990923602602 0
    outer loop
      vertex 4.668907277118108 19.447398407953532 42
      vertex 5.428808997301485 19.249104729072947 42
      vertex 4.668907277118108 19.447398407953532 40.5
    endloop
  endfacet
  facet normal 0.9951847266721968 0.0980171403295613 0
    outer loop
      vertex 6.691520225132184 10.01853825122112 42
      vertex 6.676894493375017 10.167035797795092 40.5
      vertex 6.676894493375017 10.167035797795092 42
    endloop
  endfacet
  facet normal 0.9982656101847163 0.05887080365118074 0
    outer loop
      vertex 6.676894493375017 10.167035797795092 42
      vertex 6.6681100238461575 10.315993061676444 40.5
      vertex 6.6681100238461575 10.315993061676444 42
    endloop
  endfacet
  facet normal 0.9998072404820647 0.019633692460637155 0
    outer loop
      vertex 6.6681100238461575 10.315993061676444 42
      vertex 6.665180361560903 10.465180361560904 40.5
      vertex 6.665180361560903 10.465180361560904 42
    endloop
  endfacet
  facet normal 0.9998072404820646 -0.019633692460642636 0
    outer loop
      vertex 6.665180361560903 10.465180361560904 42
      vertex 6.668110023846158 10.614367661445367 40.5
      vertex 6.668110023846158 10.614367661445367 42
    endloop
  endfacet
  facet normal 0.9982656101847163 -0.05887080365118214 0
    outer loop
      vertex 6.668110023846158 10.614367661445367 42
      vertex 6.676894493375018 10.763324925326716 40.5
      vertex 6.676894493375018 10.763324925326716 42
    endloop
  endfacet
  facet normal 0.9951847266721968 -0.0980171403295613 0
    outer loop
      vertex 6.676894493375018 10.763324925326716 42
      vertex 6.691520225132185 10.911822471900688 40.5
      vertex 6.691520225132185 10.911822471900688 42
    endloop
  endfacet
  facet normal 0.9905693404435766 -0.13701234168197338 0
    outer loop
      vertex 6.691520225132185 10.911822471900688 42
      vertex 6.711964667299382 11.059631328713783 40.5
      vertex 6.711964667299382 11.059631328713783 42
    endloop
  endfacet
  facet normal 0.9844265680898936 -0.17579627993434346 0
    outer loop
      vertex 6.711964667299382 11.059631328713783 42
      vertex 6.738196296028628 11.206523585222191 40.5
      vertex 6.738196296028628 11.206523585222191 42
    endloop
  endfacet
  facet normal 0.9767658813208709 -0.2143091530650575 0
    outer loop
      vertex 6.738196296028628 11.206523585222191 42
      vertex 6.770174664049733 11.352272744213344 40.5
      vertex 6.770174664049733 11.352272744213344 42
    endloop
  endfacet
  facet normal 0.9675990923602593 -0.2524915770151597 0
    outer loop
      vertex 6.770174664049733 11.352272744213344 42
      vertex 6.807850463037045 11.496654071048187 40.5
      vertex 6.807850463037045 11.496654071048187 42
    endloop
  endfacet
  facet normal 0.956940335732212 -0.29028467725445173 0
    outer loop
      vertex 6.807850463037045 11.496654071048187 42
      vertex 6.8511655996393195 11.639444940185705 40.5
      vertex 6.8511655996393195 11.639444940185705 42
    endloop
  endfacet
  facet normal 0.9448060464668762 -0.32763017956169926 0
    outer loop
      vertex 6.8511655996393195 11.639444940185705 42
      vertex 6.900053285055464 11.780425178455378 40.5
      vertex 6.900053285055464 11.780425178455378 42
    endloop
  endfacet
  facet normal 0.9312149347588 -0.36447049987915875 0
    outer loop
      vertex 6.900053285055464 11.780425178455378 42
      vertex 6.954438138018016 11.919377404548246 40.5
      vertex 6.954438138018016 11.919377404548246 42
    endloop
  endfacet
  facet normal 0.916187957117138 -0.40074883310313625 0
    outer loop
      vertex 6.954438138018016 11.919377404548246 42
      vertex 7.014236301025596 12.056087364203131 40.5
      vertex 7.014236301025596 12.056087364203131 42
    endloop
  endfacet
  facet normal 0.8997482840522191 -0.43640924067334685 0
    outer loop
      vertex 7.014236301025596 12.056087364203131 42
      vertex 7.067468287866209 12.165836160407888 40.5
      vertex 7.067468287866209 12.165836160407888 42
    endloop
  endfacet
  facet normal 0.7071067811865472 0.7071067811865476 0
    outer loop
      vertex 5.171990609501413 14.061313838772683 42
      vertex 7.067468287866209 12.165836160407888 42
      vertex 5.171990609501413 14.061313838772683 40.5
    endloop
  endfacet
  facet normal -0.8422172337162888 0.539138322910997 0
    outer loop
      vertex 5.008283309694715 13.809171175742978 42
      vertex 5.143774842824614 14.02082985288636 42
      vertex 5.008283309694715 13.809171175742978 40.5
    endloop
  endfacet
  facet normal -0.8204014435255097 0.5717879602276179 0
    outer loop
      vertex 5.143774842824614 14.02082985288636 42
      vertex 5.171990609501413 14.061313838772683 42
      vertex 5.143774842824614 14.02082985288636 40.5
    endloop
  endfacet
  facet normal -0.7071067811865474 -0.7071067811865477 0
    outer loop
      vertex 8.764524562713921 13.8628924352556 42
      vertex 6.91068678666966 15.716730211299861 42
      vertex 8.764524562713921 13.8628924352556 40.5
    endloop
  endfacet
  facet normal 0.43640924067334685 -0.8997482840522191 0
    outer loop
      vertex 8.764524562713921 13.8628924352556 42
      vertex 8.874273358918678 13.916124422096214 40.5
      vertex 8.874273358918678 13.916124422096214 42
    endloop
  endfacet
  facet normal 0.40074883310314185 -0.9161879571171354 0
    outer loop
      vertex 8.874273358918678 13.916124422096214 42
      vertex 9.010983318573565 13.975922585103795 40.5
      vertex 9.010983318573565 13.975922585103795 42
    endloop
  endfacet
  facet normal 0.3644704998791513 -0.9312149347588029 0
    outer loop
      vertex 9.010983318573565 13.975922585103795 42
      vertex 9.14993554466643 14.030307438066345 40.5
      vertex 9.14993554466643 14.030307438066345 42
    endloop
  endfacet
  facet normal 0.3276301795616939 -0.9448060464668778 0
    outer loop
      vertex 9.14993554466643 14.030307438066345 42
      vertex 9.290915782936104 14.079195123482489 40.5
      vertex 9.290915782936104 14.079195123482489 42
    endloop
  endfacet
  facet normal 0.29028467725445173 -0.956940335732212 0
    outer loop
      vertex 9.290915782936104 14.079195123482489 42
      vertex 9.43370665207362 14.122510260084763 40.5
      vertex 9.43370665207362 14.122510260084763 42
    endloop
  endfacet
  facet normal 0.2524915770151597 -0.9675990923602593 0
    outer loop
      vertex 9.43370665207362 14.122510260084763 42
      vertex 9.578087978908464 14.160186059072075 40.5
      vertex 9.578087978908464 14.160186059072075 42
    endloop
  endfacet
  facet normal 0.2143091530650575 -0.9767658813208709 0
    outer loop
      vertex 9.578087978908464 14.160186059072075 42
      vertex 9.723837137899617 14.19216442709318 40.5
      vertex 9.723837137899617 14.19216442709318 42
    endloop
  endfacet
  facet normal 0.17579627993434346 -0.9844265680898936 0
    outer loop
      vertex 9.723837137899617 14.19216442709318 42
      vertex 9.870729394408025 14.218396055822426 40.5
      vertex 9.870729394408025 14.218396055822426 42
    endloop
  endfacet
  facet normal 0.13701234168197923 -0.9905693404435757 0
    outer loop
      vertex 9.870729394408025 14.218396055822426 42
      vertex 10.01853825122112 14.238840497989624 40.5
      vertex 10.01853825122112 14.238840497989624 42
    endloop
  endfacet
  facet normal -0.7071067811865476 -0.7071067811865476 -8.213709841055289e-16
    outer loop
      vertex 2.832711494940773 19.794705503028748 42
      vertex 8.764524562713921 13.8628924352556 40.5
      vertex 6.91068678666966 15.716730211299861 42
    endloop
  endfacet
  facet normal 0.2902846772544664 0.9569403357322078 0
    outer loop
      vertex 5.428808997301485 19.249104729072947 42
      vertex 6.180339887498948 19.02113032590307 42
      vertex 5.428808997301485 19.249104729072947 40.5
    endloop
  endfacet
  facet normal 0.36447049987914787 0.9312149347588043 0
    outer loop
      vertex 6.922341141549859 18.763826718449682 42
      vertex 7.653668647301796 18.477590650225736 42
      vertex 6.922341141549859 18.763826718449682 40.5
    endloop
  endfacet
  facet normal 0.327630179561692 0.9448060464668785 0
    outer loop
      vertex 6.922341141549859 18.763826718449682 42
      vertex 6.180339887498948 19.02113032590307 40.5
      vertex 6.180339887498948 19.02113032590307 42
    endloop
  endfacet
  facet normal 0.40074883310314413 0.9161879571171344 0
    outer loop
      vertex 7.653668647301796 18.477590650225736 42
      vertex 8.373194750748562 18.162863476501624 42
      vertex 7.653668647301796 18.477590650225736 40.5
    endloop
  endfacet
  facet normal 0.43640924067333986 0.8997482840522225 0
    outer loop
      vertex 8.373194750748562 18.162863476501624 42
      vertex 9.079809994790935 17.820130483767358 42
      vertex 8.373194750748562 18.162863476501624 40.5
    endloop
  endfacet
  facet normal 0.471396736825996 0.8819212643483559 0
    outer loop
      vertex 9.079809994790935 17.820130483767358 42
      vertex 9.772424829939098 17.449920141455944 42
      vertex 9.079809994790935 17.820130483767358 40.5
    endloop
  endfacet
  facet normal 0 0 1
    outer loop
      vertex 4.070114529620277 10.716443182418944 42
      vertex 4.06569651419153 10.491464420880392 42
      vertex 5.65 9.786087062764157 42
    endloop
  endfacet
  facet normal 0 0 1
    outer loop
      vertex 4.070114529620277 10.716443182418944 42
      vertex 5.65 9.786087062764157 42
      vertex 4.084909425668885 10.967318574219112 42
    endloop
  endfacet
  facet normal 0 0 1
    outer loop
      vertex 4.084909425668885 10.967318574219112 42
      vertex 5.65 9.786087062764157 42
      vertex 4.109542237049375 11.217419705291066 42
    endloop
  endfacet
  facet normal 0 0 1
    outer loop
      vertex -0.7519295518654994 19.9852340001396 42
      vertex 0.6477869600246321 16.48727909797193 42
      vertex 1.2945750795094415 16.44913600659661 42
    endloop
  endfacet
  facet normal 0 0 1
    outer loop
      vertex -0.7519295518654994 19.9852340001396 42
      vertex 1.2945750795094415 16.44913600659661 42
      vertex 1.9393670580543212 16.385629539756284 42
    endloop
  endfacet
  facet normal 0 0 1
    outer loop
      vertex -0.7519295518654994 19.9852340001396 42
      vertex 1.9393670580543212 16.385629539756284 42
      vertex 2.5811686731638095 16.29685761981977 42
    endloop
  endfacet
  facet normal 0 0 1
    outer loop
      vertex -0.7519295518654994 19.9852340001396 42
      vertex 2.5811686731638095 16.29685761981977 42
      vertex 3.013684323706296 16.219620124567804 42
    endloop
  endfacet
  facet normal 0 0 1
    outer loop
      vertex 2.832711494940773 19.794705503028748 42
      vertex 6.91068678666966 15.716730211299861 42
      vertex 3.1286893008046173 19.753766811902757 42
    endloop
  endfacet
  facet normal 0 0 1
    outer loop
      vertex 3.1286893008046173 19.753766811902757 42
      vertex 6.91068678666966 15.716730211299861 42
      vertex 3.9018064403225647 19.61570560806461 42
    endloop
  endfacet
  facet normal 0 0 1
    outer loop
      vertex 4.109542237049375 11.217419705291066 42
      vertex 7.014236301025595 8.874273358918677 42
      vertex 4.143974981752022 11.466360937818383 42
    endloop
  endfacet
  facet normal 0 0 1
    outer loop
      vertex 6.900053285055465 9.149935544666432 42
      vertex 4.188154566980229 11.713758422464126 42
      vertex 4.143974981752022 11.466360937818383 42
    endloop
  endfacet
  facet normal 0 0 1
    outer loop
      vertex 6.770174664049733 9.578087978908464 42
      vertex 4.242012871015773 11.959230690238698 42
      vertex 4.188154566980229 11.713758422464126 42
    endloop
  endfacet
  facet normal 0 0 1
    outer loop
      vertex 6.807850463037044 9.433706652073623 42
      vertex 6.770174664049733 9.578087978908464 42
      vertex 4.188154566980229 11.713758422464126 42
    endloop
  endfacet
  facet normal 0 0 1
    outer loop
      vertex 6.770174664049733 9.578087978908464 42
      vertex 6.738196296028628 9.723837137899617 42
      vertex 4.242012871015773 11.959230690238698 42
    endloop
  endfacet
  facet normal 0 0 1
    outer loop
      vertex 6.738196296028628 9.723837137899617 42
      vertex 6.711964667299382 9.870729394408029 42
      vertex 4.242012871015773 11.959230690238698 42
    endloop
  endfacet
  facet normal 0 0 1
    outer loop
      vertex 6.711964667299382 9.870729394408029 42
      vertex 6.691520225132184 10.01853825122112 42
      vertex 4.242012871015773 11.959230690238698 42
    endloop
  endfacet
  facet normal 0 0 1
    outer loop
      vertex 6.8511655996393195 9.290915782936104 42
      vertex 4.188154566980229 11.713758422464126 42
      vertex 6.900053285055465 9.149935544666432 42
    endloop
  endfacet
  facet normal 0 0 1
    outer loop
      vertex 6.8511655996393195 9.290915782936104 42
      vertex 6.807850463037044 9.433706652073623 42
      vertex 4.188154566980229 11.713758422464126 42
    endloop
  endfacet
  facet normal 0 0 1
    outer loop
      vertex 6.691520225132184 10.01853825122112 42
      vertex 6.676894493375017 10.167035797795092 42
      vertex 4.305466848257561 12.20239924069738 42
    endloop
  endfacet
  facet normal 0 0 1
    outer loop
      vertex 6.676894493375017 10.167035797795092 42
      vertex 6.6681100238461575 10.315993061676444 42
      vertex 4.378418657271921 12.44288912556057 42
    endloop
  endfacet
  facet normal 0 0 1
    outer loop
      vertex 6.6681100238461575 10.315993061676444 42
      vertex 6.665180361560903 10.465180361560904 42
      vertex 4.378418657271921 12.44288912556057 42
    endloop
  endfacet
  facet normal 0 0 1
    outer loop
      vertex 6.665180361560903 10.465180361560904 42
      vertex 6.668110023846158 10.614367661445367 42
      vertex 4.378418657271921 12.44288912556057 42
    endloop
  endfacet
  facet normal 0 0 1
    outer loop
      vertex 6.691520225132184 10.01853825122112 42
      vertex 4.305466848257561 12.20239924069738 42
      vertex 4.242012871015773 11.959230690238698 42
    endloop
  endfacet
  facet normal 0 0 1
    outer loop
      vertex 6.676894493375017 10.167035797795092 42
      vertex 4.378418657271921 12.44288912556057 42
      vertex 4.305466848257561 12.20239924069738 42
    endloop
  endfacet
  facet normal 0 0 1
    outer loop
      vertex 6.668110023846158 10.614367661445367 42
      vertex 4.460755811657005 12.680329526856859 42
      vertex 4.378418657271921 12.44288912556057 42
    endloop
  endfacet
  facet normal 0 0 1
    outer loop
      vertex 6.691520225132185 10.911822471900688 42
      vertex 4.552351353488669 12.91435432869748 42
      vertex 4.460755811657005 12.680329526856859 42
    endloop
  endfacet
  facet normal 0 0 1
    outer loop
      vertex 6.738196296028628 11.206523585222191 42
      vertex 4.653064049080383 13.144602681800444 42
      vertex 4.552351353488669 12.91435432869748 42
    endloop
  endfacet
  facet normal 0 0 1
    outer loop
      vertex 6.668110023846158 10.614367661445367 42
      vertex 6.676894493375018 10.763324925326716 42
      vertex 4.460755811657005 12.680329526856859 42
    endloop
  endfacet
  facet normal 0 0 1
    outer loop
      vertex 6.676894493375018 10.763324925326716 42
      vertex 6.691520225132185 10.911822471900688 42
      vertex 4.460755811657005 12.680329526856859 42
    endloop
  endfacet
  facet normal 0 0 1
    outer loop
      vertex 6.691520225132185 10.911822471900688 42
      vertex 6.711964667299382 11.059631328713783 42
      vertex 4.552351353488669 12.91435432869748 42
    endloop
  endfacet
  facet normal 0 0 1
    outer loop
      vertex 6.711964667299382 11.059631328713783 42
      vertex 6.738196296028628 11.206523585222191 42
      vertex 4.552351353488669 12.91435432869748 42
    endloop
  endfacet
  facet normal 0 0 1
    outer loop
      vertex 6.738196296028628 11.206523585222191 42
      vertex 6.770174664049733 11.352272744213344 42
      vertex 4.653064049080383 13.144602681800444 42
    endloop
  endfacet
  facet normal 0 0 1
    outer loop
      vertex 6.770174664049733 11.352272744213344 42
      vertex 6.807850463037045 11.496654071048187 42
      vertex 4.653064049080383 13.144602681800444 42
    endloop
  endfacet
  facet normal 0 0 1
    outer loop
      vertex 4.7627386067553505 13.370719559894004 42
      vertex 6.807850463037045 11.496654071048187 42
      vertex 6.8511655996393195 11.639444940185705 42
    endloop
  endfacet
  facet normal 0 0 1
    outer loop
      vertex 4.7627386067553505 13.370719559894004 42
      vertex 6.8511655996393195 11.639444940185705 42
      vertex 6.900053285055464 11.780425178455378 42
    endloop
  endfacet
  facet normal 0 0 1
    outer loop
      vertex 4.881205916295001 13.592356307141415 42
      vertex 6.900053285055464 11.780425178455378 42
      vertex 6.954438138018016 11.919377404548246 42
    endloop
  endfacet
  facet normal 0 0 1
    outer loop
      vertex 4.653064049080383 13.144602681800444 42
      vertex 6.807850463037045 11.496654071048187 42
      vertex 4.7627386067553505 13.370719559894004 42
    endloop
  endfacet
  facet normal 0 0 1
    outer loop
      vertex 4.7627386067553505 13.370719559894004 42
      vertex 6.900053285055464 11.780425178455378 42
      vertex 4.881205916295001 13.592356307141415 42
    endloop
  endfacet
  facet normal 0 0 1
    outer loop
      vertex 4.881205916295001 13.592356307141415 42
      vertex 7.014236301025596 12.056087364203131 42
      vertex 5.008283309694715 13.809171175742978 42
    endloop
  endfacet
  facet normal 0 0 1
    outer loop
      vertex 5.008283309694715 13.809171175742978 42
      vertex 7.067468287866209 12.165836160407888 42
      vertex 5.171990609501413 14.061313838772683 42
    endloop
  endfacet
  facet normal 0 0 1
    outer loop
      vertex 5.008283309694715 13.809171175742978 42
      vertex 5.171990609501413 14.061313838772683 42
      vertex 5.143774842824614 14.02082985288636 42
    endloop
  endfacet
  facet normal 0 0 1
    outer loop
      vertex 4.881205916295001 13.592356307141415 42
      vertex 6.954438138018016 11.919377404548246 42
      vertex 7.014236301025596 12.056087364203131 42
    endloop
  endfacet
  facet normal 0 0 1
    outer loop
      vertex 5.008283309694715 13.809171175742978 42
      vertex 7.014236301025596 12.056087364203131 42
      vertex 7.067468287866209 12.165836160407888 42
    endloop
  endfacet
  facet normal 0 0 1
    outer loop
      vertex 8.764524562713921 13.8628924352556 42
      vertex 8.874273358918678 13.916124422096214 42
      vertex 6.91068678666966 15.716730211299861 42
    endloop
  endfacet
  facet normal 0 0 1
    outer loop
      vertex 8.874273358918678 13.916124422096214 42
      vertex 9.010983318573565 13.975922585103795 42
      vertex 6.91068678666966 15.716730211299861 42
    endloop
  endfacet
  facet normal 0 0 1
    outer loop
      vertex 9.010983318573565 13.975922585103795 42
      vertex 9.14993554466643 14.030307438066345 42
      vertex 7.3509572295183085 15.701160048873936 42
    endloop
  endfacet
  facet normal 0 0 1
    outer loop
      vertex 9.14993554466643 14.030307438066345 42
      vertex 9.290915782936104 14.079195123482489 42
      vertex 7.54023099027163 15.846928232535568 42
    endloop
  endfacet
  facet normal 0 0 1
    outer loop
      vertex 9.290915782936104 14.079195123482489 42
      vertex 9.43370665207362 14.122510260084763 42
      vertex 7.54023099027163 15.846928232535568 42
    endloop
  endfacet
  facet normal 0 0 1
    outer loop
      vertex 9.43370665207362 14.122510260084763 42
      vertex 9.578087978908464 14.160186059072075 42
      vertex 7.54023099027163 15.846928232535568 42
    endloop
  endfacet
  facet normal 0 0 1
    outer loop
      vertex 9.578087978908464 14.160186059072075 42
      vertex 9.723837137899617 14.19216442709318 42
      vertex 7.54023099027163 15.846928232535568 42
    endloop
  endfacet
  facet normal 0 0 1
    outer loop
      vertex 9.723837137899617 14.19216442709318 42
      vertex 9.870729394408025 14.218396055822426 42
      vertex 7.91955793638645 15.821568814856377 42
    endloop
  endfacet
  facet normal 0 0 1
    outer loop
      vertex 9.870729394408025 14.218396055822426 42
      vertex 10.01853825122112 14.238840497989624 42
      vertex 7.91955793638645 15.821568814856377 42
    endloop
  endfacet
  facet normal 0 0 1
    outer loop
      vertex 10.01853825122112 14.238840497989624 42
      vertex 10.167035797795094 14.253466229746792 42
      vertex 7.91955793638645 15.821568814856377 42
    endloop
  endfacet
  facet normal 0 0 1
    outer loop
      vertex 10.167035797795094 14.253466229746792 42
      vertex 10.315993061676444 14.262250699275654 42
      vertex 8.21042168809747 16.191082670859956 42
    endloop
  endfacet
  facet normal 0 0 1
    outer loop
      vertex 10.315993061676444 14.262250699275654 42
      vertex 10.465180361560902 14.265180361560903 42
      vertex 8.48973364302978 16.2391354549984 42
    endloop
  endfacet
  facet normal 0 0 1
    outer loop
      vertex 10.465180361560902 14.265180361560903 42
      vertex 10.614367661445364 14.26225069927565 42
      vertex 8.48973364302978 16.2391354549984 42
    endloop
  endfacet
  facet normal 0 0 1
    outer loop
      vertex 10.614367661445364 14.26225069927565 42
      vertex 10.763324925326716 14.25346622974679 42
      vertex 8.489163090751575 16.248553661949153 42
    endloop
  endfacet
  facet normal 0 0 1
    outer loop
      vertex 7.3509572295183085 15.701160048873936 42
      vertex 7.54023099027163 15.846928232535568 42
      vertex 7.540865051939785 15.861632363814206 42
    endloop
  endfacet
  facet normal 0 0 1
    outer loop
      vertex 6.91068678666966 15.716730211299861 42
      vertex 6.910948952801777 15.785275018256494 42
      vertex 6.180339887498948 19.02113032590307 42
    endloop
  endfacet
  facet normal 0 0 1
    outer loop
      vertex 6.910948952801777 15.785275018256494 42
      vertex 7.3509572295183085 15.701160048873936 42
      vertex 6.922341141549859 18.763826718449682 42
    endloop
  endfacet
  facet normal 0 0 1
    outer loop
      vertex 6.91068678666966 15.716730211299861 42
      vertex 4.668907277118108 19.447398407953532 42
      vertex 3.9018064403225647 19.61570560806461 42
    endloop
  endfacet
  facet normal 0 0 1
    outer loop
      vertex 6.91068678666966 15.716730211299861 42
      vertex 6.180339887498948 19.02113032590307 42
      vertex 5.428808997301485 19.249104729072947 42
    endloop
  endfacet
  facet normal 0 0 1
    outer loop
      vertex 6.91068678666966 15.716730211299861 42
      vertex 5.428808997301485 19.249104729072947 42
      vertex 4.668907277118108 19.447398407953532 42
    endloop
  endfacet
  facet normal 0 0 1
    outer loop
      vertex 6.910948952801777 15.785275018256494 42
      vertex 6.922341141549859 18.763826718449682 42
      vertex 6.180339887498948 19.02113032590307 42
    endloop
  endfacet
  facet normal 0 0 1
    outer loop
      vertex 7.3509572295183085 15.701160048873936 42
      vertex 7.653668647301796 18.477590650225736 42
      vertex 6.922341141549859 18.763826718449682 42
    endloop
  endfacet
  facet normal 0 0 1
    outer loop
      vertex 9.010983318573565 13.975922585103795 42
      vertex 6.910948952801777 15.785275018256494 42
      vertex 6.91068678666966 15.716730211299861 42
    endloop
  endfacet
  facet normal 0 0 1
    outer loop
      vertex 9.010983318573565 13.975922585103795 42
      vertex 7.3509572295183085 15.701160048873936 42
      vertex 6.910948952801777 15.785275018256494 42
    endloop
  endfacet
  facet normal 0 0 1
    outer loop
      vertex 9.14993554466643 14.030307438066345 42
      vertex 7.54023099027163 15.846928232535568 42
      vertex 7.3509572295183085 15.701160048873936 42
    endloop
  endfacet
  facet normal 0 0 1
    outer loop
      vertex 7.540865051939785 15.861632363814206 42
      vertex 7.91955793638645 15.821568814856377 42
      vertex 7.8829278855855796 16.187473793927673 42
    endloop
  endfacet
  facet normal 0 0 1
    outer loop
      vertex 9.723837137899617 14.19216442709318 42
      vertex 7.540865051939785 15.861632363814206 42
      vertex 7.54023099027163 15.846928232535568 42
    endloop
  endfacet
  facet normal 0 0 1
    outer loop
      vertex 9.723837137899617 14.19216442709318 42
      vertex 7.91955793638645 15.821568814856377 42
      vertex 7.540865051939785 15.861632363814206 42
    endloop
  endfacet
  facet normal 0 0 1
    outer loop
      vertex 10.167035797795094 14.253466229746792 42
      vertex 7.8829278855855796 16.187473793927673 42
      vertex 7.91955793638645 15.821568814856377 42
    endloop
  endfacet
  facet normal 0 0 1
    outer loop
      vertex 7.3509572295183085 15.701160048873936 42
      vertex 7.540865051939785 15.861632363814206 42
      vertex 7.653668647301796 18.477590650225736 42
    endloop
  endfacet
  facet normal 0 0 1
    outer loop
      vertex 7.540865051939785 15.861632363814206 42
      vertex 7.8829278855855796 16.187473793927673 42
      vertex 7.653668647301796 18.477590650225736 42
    endloop
  endfacet
  facet normal 0 0 1
    outer loop
      vertex 7.8829278855855796 16.187473793927673 42
      vertex 8.21042168809747 16.191082670859956 42
      vertex 8.232859234973958 16.462883935370005 42
    endloop
  endfacet
  facet normal 0 0 1
    outer loop
      vertex 7.8829278855855796 16.187473793927673 42
      vertex 8.232859234973958 16.462883935370005 42
      vertex 7.653668647301796 18.477590650225736 42
    endloop
  endfacet
  facet normal 0 0 1
    outer loop
      vertex 8.21042168809747 16.191082670859956 42
      vertex 8.48973364302978 16.2391354549984 42
      vertex 8.232859234973958 16.462883935370005 42
    endloop
  endfacet
  facet normal 0 0 1
    outer loop
      vertex 8.232859234973958 16.462883935370005 42
      vertex 8.48973364302978 16.2391354549984 42
      vertex 8.489163090751575 16.248553661949153 42
    endloop
  endfacet
  facet normal 0 0 1
    outer loop
      vertex 8.232859234973958 16.462883935370005 42
      vertex 8.489163090751575 16.248553661949153 42
      vertex 8.373194750748562 18.162863476501624 42
    endloop
  endfacet
  facet normal 0 0 1
    outer loop
      vertex 8.489163090751575 16.248553661949153 42
      vertex 8.912068780514295 16.44787812264751 42
      vertex 8.373194750748562 18.162863476501624 42
    endloop
  endfacet
  facet normal 0 0 1
    outer loop
      vertex 10.167035797795094 14.253466229746792 42
      vertex 8.21042168809747 16.191082670859956 42
      vertex 7.8829278855855796 16.187473793927673 42
    endloop
  endfacet
  facet normal 0 0 1
    outer loop
      vertex 10.315993061676444 14.262250699275654 42
      vertex 8.48973364302978 16.2391354549984 42
      vertex 8.21042168809747 16.191082670859956 42
    endloop
  endfacet
  facet normal 0 0 1
    outer loop
      vertex 10.614367661445364 14.26225069927565 42
      vertex 8.489163090751575 16.248553661949153 42
      vertex 8.48973364302978 16.2391354549984 42
    endloop
  endfacet
  facet normal 0 0 1
    outer loop
      vertex 10.763324925326716 14.25346622974679 42
      vertex 8.878797068309902 16.175689884188237 42
      vertex 8.489163090751575 16.248553661949153 42
    endloop
  endfacet
  facet normal 0 0 1
    outer loop
      vertex 11.059631328713781 14.218396055822428 42
      vertex 8.912068780514295 16.44787812264751 42
      vertex 8.878797068309902 16.175689884188237 42
    endloop
  endfacet
  facet normal 0 0 1
    outer loop
      vertex 11.352272744213344 14.160186059072075 42
      vertex 9.106727958363123 16.552749926626024 42
      vertex 8.912068780514295 16.44787812264751 42
    endloop
  endfacet
  facet normal 0 0 1
    outer loop
      vertex 11.639444940185705 14.079195123482489 42
      vertex 9.106505844321171 16.563207739212178 42
      vertex 9.106727958363123 16.552749926626024 42
    endloop
  endfacet
  facet normal 0 0 1
    outer loop
      vertex 8.489163090751575 16.248553661949153 42
      vertex 8.878797068309902 16.175689884188237 42
      vertex 8.912068780514295 16.44787812264751 42
    endloop
  endfacet
  facet normal 0 0 1
    outer loop
      vertex 8.912068780514295 16.44787812264751 42
      vertex 9.106727958363123 16.552749926626024 42
      vertex 9.106505844321171 16.563207739212178 42
    endloop
  endfacet
  facet normal 0 0 1
    outer loop
      vertex 8.912068780514295 16.44787812264751 42
      vertex 9.106505844321171 16.563207739212178 42
      vertex 9.079809994790935 17.820130483767358 42
    endloop
  endfacet
  facet normal 0 0 1
    outer loop
      vertex 8.912068780514295 16.44787812264751 42
      vertex 9.079809994790935 17.820130483767358 42
      vertex 8.373194750748562 18.162863476501624 42
    endloop
  endfacet
  facet normal 0 0 1
    outer loop
      vertex 9.106505844321171 16.563207739212178 42
      vertex 9.772424829939098 17.449920141455944 42
      vertex 9.079809994790935 17.820130483767358 42
    endloop
  endfacet
  facet normal 0 0 1
    outer loop
      vertex 9.106505844321171 16.563207739212178 42
      vertex 9.598033105652064 16.375467512072408 42
      vertex 9.637631938451738 16.619441646717124 42
    endloop
  endfacet
  facet normal 0 0 1
    outer loop
      vertex 9.637631938451738 16.619441646717124 42
      vertex 9.760225527278116 16.77353397662506 42
      vertex 9.760288951419595 16.777050506463237 42
    endloop
  endfacet
  facet normal 0 0 1
    outer loop
      vertex 9.106505844321171 16.563207739212178 42
      vertex 9.637631938451738 16.619441646717124 42
      vertex 9.772424829939098 17.449920141455944 42
    endloop
  endfacet
  facet normal 0 0 1
    outer loop
      vertex 9.637631938451738 16.619441646717124 42
      vertex 9.760288951419595 16.777050506463237 42
      vertex 9.772424829939098 17.449920141455944 42
    endloop
  endfacet
  facet normal 0 0 1
    outer loop
      vertex 9.760288951419595 16.777050506463237 42
      vertex 9.846584091139947 16.697280099829428 42
      vertex 9.772424829939098 17.449920141455944 42
    endloop
  endfacet
  facet normal 0 0 1
    outer loop
      vertex 8.232859234973958 16.462883935370005 42
      vertex 8.373194750748562 18.162863476501624 42
      vertex 7.653668647301796 18.477590650225736 42
    endloop
  endfacet
  facet normal 0 -1 0
    outer loop
      vertex 15.273144832406054 0.6 42
      vertex 11.236937458840595 0.6 42
      vertex 11.236937458840595 0.6 40.5
    endloop
  endfacet
  facet normal 0 -1 0
    outer loop
      vertex 15.273144832406054 0.6 42
      vertex 11.236937458840595 0.6 40.5
      vertex 16.489882468130954 0.6 42
    endloop
  endfacet
  facet normal 0.0980171403295613 0.9951847266721968 0
    outer loop
      vertex 10.01853825122112 6.691520225132184 42
      vertex 10.167035797795092 6.676894493375017 42
      vertex 10.01853825122112 6.691520225132184 40.5
    endloop
  endfacet
  facet normal 0.05887080365118074 0.9982656101847163 0
    outer loop
      vertex 10.167035797795092 6.676894493375017 42
      vertex 10.315993061676444 6.6681100238461575 42
      vertex 10.167035797795092 6.676894493375017 40.5
    endloop
  endfacet
  facet normal 0.019633692460637155 0.9998072404820647 0
    outer loop
      vertex 10.315993061676444 6.6681100238461575 42
      vertex 10.465180361560904 6.665180361560903 42
      vertex 10.315993061676444 6.6681100238461575 40.5
    endloop
  endfacet
  facet normal -0.019633692460642636 0.9998072404820646 0
    outer loop
      vertex 10.465180361560904 6.665180361560903 42
      vertex 10.614367661445367 6.668110023846158 42
      vertex 10.465180361560904 6.665180361560903 40.5
    endloop
  endfacet
  facet normal -0.05887080365118214 0.9982656101847163 0
    outer loop
      vertex 10.614367661445367 6.668110023846158 42
      vertex 10.763324925326716 6.676894493375018 42
      vertex 10.614367661445367 6.668110023846158 40.5
    endloop
  endfacet
  facet normal -0.0980171403295613 0.9951847266721968 0
    outer loop
      vertex 10.763324925326716 6.676894493375018 42
      vertex 10.911822471900688 6.691520225132185 42
      vertex 10.763324925326716 6.676894493375018 40.5
    endloop
  endfacet
  facet normal -0.13701234168197338 0.9905693404435766 0
    outer loop
      vertex 10.911822471900688 6.691520225132185 42
      vertex 11.059631328713783 6.711964667299382 42
      vertex 10.911822471900688 6.691520225132185 40.5
    endloop
  endfacet
  facet normal -0.17579627993434346 0.9844265680898936 0
    outer loop
      vertex 11.059631328713783 6.711964667299382 42
      vertex 11.206523585222191 6.738196296028628 42
      vertex 11.059631328713783 6.711964667299382 40.5
    endloop
  endfacet
  facet normal -0.2143091530650575 0.9767658813208709 0
    outer loop
      vertex 11.206523585222191 6.738196296028628 42
      vertex 11.352272744213344 6.770174664049733 42
      vertex 11.206523585222191 6.738196296028628 40.5
    endloop
  endfacet
  facet normal -0.2524915770151597 0.9675990923602593 0
    outer loop
      vertex 11.352272744213344 6.770174664049733 42
      vertex 11.496654071048187 6.807850463037045 42
      vertex 11.352272744213344 6.770174664049733 40.5
    endloop
  endfacet
  facet normal -0.29028467725445173 0.956940335732212 0
    outer loop
      vertex 11.496654071048187 6.807850463037045 42
      vertex 11.639444940185705 6.8511655996393195 42
      vertex 11.496654071048187 6.807850463037045 40.5
    endloop
  endfacet
  facet normal -0.32763017956169926 0.9448060464668762 0
    outer loop
      vertex 11.639444940185705 6.8511655996393195 42
      vertex 11.780425178455378 6.900053285055464 42
      vertex 11.639444940185705 6.8511655996393195 40.5
    endloop
  endfacet
  facet normal -0.36447049987915875 0.9312149347588 0
    outer loop
      vertex 11.780425178455378 6.900053285055464 42
      vertex 11.919377404548246 6.954438138018016 42
      vertex 11.780425178455378 6.900053285055464 40.5
    endloop
  endfacet
  facet normal -0.40074883310313625 0.916187957117138 0
    outer loop
      vertex 11.919377404548246 6.954438138018016 42
      vertex 12.056087364203131 7.014236301025596 42
      vertex 11.919377404548246 6.954438138018016 40.5
    endloop
  endfacet
  facet normal -0.43640924067334663 0.8997482840522192 0
    outer loop
      vertex 12.056087364203131 7.014236301025596 42
      vertex 12.190344260571182 7.079355569645108 42
      vertex 12.056087364203131 7.014236301025596 40.5
    endloop
  endfacet
  facet normal -0.4713967368259898 0.8819212643483592 0
    outer loop
      vertex 12.190344260571182 7.079355569645108 42
      vertex 12.321941079249333 7.149695534684275 42
      vertex 12.190344260571182 7.079355569645108 40.5
    endloop
  endfacet
  facet normal -0.5056573733779889 0.8627343859777893 0
    outer loop
      vertex 12.321941079249333 7.149695534684275 42
      vertex 12.45067490748151 7.225147737015354 42
      vertex 12.321941079249333 7.149695534684275 40.5
    endloop
  endfacet
  facet normal -0.5391383229109941 0.8422172337162905 0
    outer loop
      vertex 12.45067490748151 7.225147737015354 42
      vertex 12.576347247035393 7.305595834811232 42
      vertex 12.45067490748151 7.225147737015354 40.5
    endloop
  endfacet
  facet normal -0.5717879602276154 0.8204014435255115 0
    outer loop
      vertex 12.576347247035393 7.305595834811232 42
      vertex 12.698764320272304 7.390915782936105 42
      vertex 12.576347247035393 7.305595834811232 40.5
    endloop
  endfacet
  facet normal -0.6035559419535673 0.7973206537727102 0
    outer loop
      vertex 12.698764320272304 7.390915782936105 42
      vertex 12.817737368938275 7.4809760242140735 42
      vertex 12.698764320272304 7.390915782936105 40.5
    endloop
  endfacet
  facet normal 0.43640923787510344 0.8997482854094647 0
    outer loop
      vertex 14.874921676002904 5.828413093924474 42
      vertex 14.950938247144222 5.791542410850525 42
      vertex 14.874921676002904 5.828413093924474 40.5
    endloop
  endfacet
  facet normal 0.6930873625456376 -0.7208535967029172 0
    outer loop
      vertex 14.874921676002904 5.828413093924474 42
      vertex 14.99066376115481 5.939696961966999 40.5
      vertex 14.99066376115481 5.939696961966999 42
    endloop
  endfacet
  facet normal -0.6343932841636464 0.7730104533627362 0
    outer loop
      vertex 12.817737368938275 7.4809760242140735 42
      vertex 12.933082945215602 7.575637692280786 42
      vertex 12.817737368938275 7.4809760242140735 40.5
    endloop
  endfacet
  facet normal -0.6642524379112843 0.7475083268625944 0
    outer loop
      vertex 12.933082945215602 7.575637692280786 42
      vertex 13.044623194586084 7.6747548257053 42
      vertex 12.933082945215602 7.575637692280786 40.5
    endloop
  endfacet
  facet normal -0.6930873625456367 0.7208535967029179 0
    outer loop
      vertex 13.044623194586084 7.6747548257053 42
      vertex 13.152186130069785 7.778174593052023 42
      vertex 13.044623194586084 7.6747548257053 40.5
    endloop
  endfacet
  facet normal -0.7208535967029177 0.693087362545637 0
    outer loop
      vertex 13.152186130069785 7.778174593052023 42
      vertex 13.25560589741651 7.885737528535726 42
      vertex 13.152186130069785 7.778174593052023 40.5
    endloop
  endfacet
  facet normal -0.7475083268625944 0.6642524379112843 0
    outer loop
      vertex 13.25560589741651 7.885737528535726 42
      vertex 13.354723030841024 7.997277777906207 42
      vertex 13.25560589741651 7.885737528535726 40.5
    endloop
  endfacet
  facet normal -0.7730104533627343 0.6343932841636487 0
    outer loop
      vertex 13.354723030841024 7.997277777906207 42
      vertex 13.449384698907735 8.112623354183533 42
      vertex 13.354723030841024 7.997277777906207 40.5
    endloop
  endfacet
  facet normal -0.7973206537727117 0.6035559419535654 0
    outer loop
      vertex 13.449384698907735 8.112623354183533 42
      vertex 13.539444940185705 8.231596402849506 42
      vertex 13.449384698907735 8.112623354183533 40.5
    endloop
  endfacet
  facet normal -0.8204014435255131 0.5717879602276129 0
    outer loop
      vertex 13.539444940185705 8.231596402849506 42
      vertex 13.624764888310576 8.354013476086415 42
      vertex 13.539444940185705 8.231596402849506 40.5
    endloop
  endfacet
  facet normal -0.8422172337162823 0.5391383229110067 0
    outer loop
      vertex 13.624764888310576 8.354013476086415 42
      vertex 13.705212986106456 8.479685815640298 42
      vertex 13.624764888310576 8.354013476086415 40.5
    endloop
  endfacet
  facet normal -0.8627343859777971 0.5056573733779757 0
    outer loop
      vertex 13.705212986106456 8.479685815640298 42
      vertex 13.780665188437533 8.608419643872475 42
      vertex 13.705212986106456 8.479685815640298 40.5
    endloop
  endfacet
  facet normal -0.8819212643483568 0.4713967368259941 0
    outer loop
      vertex 13.780665188437533 8.608419643872475 42
      vertex 13.851005153476702 8.740016462550628 42
      vertex 13.780665188437533 8.608419643872475 40.5
    endloop
  endfacet
  facet normal -0.8997482840522192 0.43640924067334663 0
    outer loop
      vertex 13.851005153476702 8.740016462550628 42
      vertex 13.916124422096214 8.874273358918678 42
      vertex 13.851005153476702 8.740016462550628 40.5
    endloop
  endfacet
  facet normal -0.9161879571171354 0.40074883310314185 0
    outer loop
      vertex 13.916124422096214 8.874273358918678 42
      vertex 13.975922585103795 9.010983318573565 42
      vertex 13.916124422096214 8.874273358918678 40.5
    endloop
  endfacet
  facet normal -0.9312149347588029 0.3644704998791513 0
    outer loop
      vertex 13.975922585103795 9.010983318573565 42
      vertex 14.030307438066345 9.14993554466643 42
      vertex 13.975922585103795 9.010983318573565 40.5
    endloop
  endfacet
  facet normal -0.9448060464668778 0.3276301795616939 0
    outer loop
      vertex 14.030307438066345 9.14993554466643 42
      vertex 14.079195123482489 9.290915782936104 42
      vertex 14.030307438066345 9.14993554466643 40.5
    endloop
  endfacet
  facet normal -0.956940335732212 0.29028467725445173 0
    outer loop
      vertex 14.079195123482489 9.290915782936104 42
      vertex 14.122510260084763 9.43370665207362 42
      vertex 14.079195123482489 9.290915782936104 40.5
    endloop
  endfacet
  facet normal -0.9675990923602593 0.2524915770151597 0
    outer loop
      vertex 14.122510260084763 9.43370665207362 42
      vertex 14.160186059072075 9.578087978908464 42
      vertex 14.122510260084763 9.43370665207362 40.5
    endloop
  endfacet
  facet normal -0.9767658813208709 0.2143091530650575 0
    outer loop
      vertex 14.160186059072075 9.578087978908464 42
      vertex 14.19216442709318 9.723837137899617 42
      vertex 14.160186059072075 9.578087978908464 40.5
    endloop
  endfacet
  facet normal -0.9844265680898936 0.17579627993434346 0
    outer loop
      vertex 14.19216442709318 9.723837137899617 42
      vertex 14.218396055822426 9.870729394408025 42
      vertex 14.19216442709318 9.723837137899617 40.5
    endloop
  endfacet
  facet normal -0.9905693404435757 0.13701234168197923 0
    outer loop
      vertex 14.218396055822426 9.870729394408025 42
      vertex 14.238840497989624 10.01853825122112 42
      vertex 14.218396055822426 9.870729394408025 40.5
    endloop
  endfacet
  facet normal 0 -1 0
    outer loop
      vertex 16.489882468130954 0.6 42
      vertex 19.8333044482741 0.6 40.5
      vertex 19.8333044482741 0.6 42
    endloop
  endfacet
  facet normal 0.7071067811865465 -0.7071067811865486 -4.73657495460221e-16
    outer loop
      vertex 19.8333044482741 0.6 42
      vertex 19.9852340001396 0.7519295518655005 40.5
      vertex 19.9852340001396 0.7519295518654995 42
    endloop
  endfacet
  facet normal 0.9998072404820644 0.019633692460656032 0
    outer loop
      vertex 19.9852340001396 0.7519295518654995 42
      vertex 19.984580724814457 0.7851963151813722 40.5
      vertex 19.984580724814457 0.7851963151813722 42
    endloop
  endfacet
  facet normal 0.9982656101847158 0.05887080365118849 0
    outer loop
      vertex 19.984580724814457 0.7851963151813722 42
      vertex 19.938346674662558 1.5691819145568988 40.5
      vertex 19.938346674662558 1.5691819145568988 42
    endloop
  endfacet
  facet normal 0.9951847266721969 0.09801714032956035 0
    outer loop
      vertex 19.938346674662558 1.5691819145568988 42
      vertex 19.861369139098525 2.350747949156753 40.5
      vertex 19.861369139098525 2.350747949156753 42
    endloop
  endfacet
  facet normal 0.9905693404435779 0.137012341681963 0
    outer loop
      vertex 19.861369139098525 2.350747949156753 42
      vertex 19.753766811902757 3.1286893008046173 40.5
      vertex 19.753766811902757 3.1286893008046173 42
    endloop
  endfacet
  facet normal 0.9844265680898908 0.17579627993435834 0
    outer loop
      vertex 19.753766811902757 3.1286893008046173 42
      vertex 19.61570560806461 3.9018064403225647 40.5
      vertex 19.61570560806461 3.9018064403225647 42
    endloop
  endfacet
  facet normal 0.9767658813208727 0.21430915306505025 0
    outer loop
      vertex 19.61570560806461 3.9018064403225647 42
      vertex 19.447398407953532 4.668907277118108 40.5
      vertex 19.447398407953532 4.668907277118108 42
    endloop
  endfacet
  facet normal 0.5391383235920609 0.8422172332803113 0
    outer loop
      vertex 15.57932228780375 5.424962904695431 42
      vertex 15.396240673959255 5.5421610698103905 40.5
      vertex 15.396240673959255 5.5421610698103905 42
    endloop
  endfacet
  facet normal -0.9448060464668788 -0.3276301795616911 0
    outer loop
      vertex 15.57932228780375 5.424962904695431 42
      vertex 15.480157042720988 5.710931441778634 42
      vertex 15.57932228780375 5.424962904695431 40.5
    endloop
  endfacet
  facet normal 0.4713967528288745 0.881921255794639 0
    outer loop
      vertex 14.950938247144222 5.791542410850525 42
      vertex 15.176038071513176 5.671224042773247 42
      vertex 14.950938247144222 5.791542410850525 40.5
    endloop
  endfacet
  facet normal 0.5056573570442341 0.8627343955511685 0
    outer loop
      vertex 15.176038071513176 5.671224042773247 42
      vertex 15.396240673959255 5.5421610698103905 42
      vertex 15.176038071513176 5.671224042773247 40.5
    endloop
  endfacet
  facet normal 0.7208535967029178 -0.693087362545637 0
    outer loop
      vertex 14.99066376115481 5.939696961966999 42
      vertex 15.164844421949294 6.120855590150076 40.5
      vertex 15.164844421949294 6.120855590150076 42
    endloop
  endfacet
  facet normal 0.747508326862604 -0.6642524379112738 0
    outer loop
      vertex 15.164844421949294 6.120855590150076 42
      vertex 15.272360505172644 6.241847494573982 40.5
      vertex 15.272360505172644 6.241847494573982 42
    endloop
  endfacet
  facet normal -0.9312149347588031 -0.3644704998791507 0
    outer loop
      vertex 15.480157042720988 5.710931441778634 42
      vertex 15.272360505172644 6.241847494573982 42
      vertex 15.480157042720988 5.710931441778634 40.5
    endloop
  endfacet
  facet normal 0.9312149347588043 0.36447049987914787 0
    outer loop
      vertex 18.763826718449682 6.922341141549859 42
      vertex 18.477590650225736 7.653668647301796 40.5
      vertex 18.477590650225736 7.653668647301796 42
    endloop
  endfacet
  facet normal 0.9675990923602602 0.2524915770151565 0
    outer loop
      vertex 19.447398407953532 4.668907277118108 42
      vertex 19.249104729072947 5.428808997301485 40.5
      vertex 19.249104729072947 5.428808997301485 42
    endloop
  endfacet
  facet normal 0.9569403357322078 0.2902846772544664 0
    outer loop
      vertex 19.249104729072947 5.428808997301485 42
      vertex 19.02113032590307 6.180339887498948 40.5
      vertex 19.02113032590307 6.180339887498948 42
    endloop
  endfacet
  facet normal 0.9448060464668785 0.327630179561692 0
    outer loop
      vertex 18.763826718449682 6.922341141549859 42
      vertex 19.02113032590307 6.180339887498948 42
      vertex 18.763826718449682 6.922341141549859 40.5
    endloop
  endfacet
  facet normal 0.9161879571171344 0.40074883310314413 0
    outer loop
      vertex 18.162863476501624 8.373194750748562 42
      vertex 18.477590650225736 7.653668647301796 42
      vertex 18.162863476501624 8.373194750748562 40.5
    endloop
  endfacet
  facet normal 0.8997482840522225 0.43640924067333986 0
    outer loop
      vertex 17.820130483767358 9.079809994790935 42
      vertex 18.162863476501624 8.373194750748562 42
      vertex 17.820130483767358 9.079809994790935 40.5
    endloop
  endfacet
  facet normal 0.8819212643483559 0.471396736825996 0
    outer loop
      vertex 17.820130483767358 9.079809994790935 42
      vertex 17.449920141455944 9.772424829939098 40.5
      vertex 17.449920141455944 9.772424829939098 42
    endloop
  endfacet
  facet normal 0 0 1
    outer loop
      vertex 11.386894935635283 4.21743259858017 42
      vertex 10.32306367136139 4.596124066756543 42
      vertex 11.053067888292006 2.3494021062406807 42
    endloop
  endfacet
  facet normal 0 0 1
    outer loop
      vertex 11.386894935635283 4.21743259858017 42
      vertex 11.551247930961708 4.634280726631282 42
      vertex 10.32306367136139 4.596124066756543 42
    endloop
  endfacet
  facet normal 0 0 1
    outer loop
      vertex 11.386894935635283 4.21743259858017 42
      vertex 11.439327700099573 4.168964249658025 42
      vertex 11.551247930961708 4.634280726631282 42
    endloop
  endfacet
  facet normal 0 0 1
    outer loop
      vertex 12 4.49256278187706 42
      vertex 12.217712270279222 4.586570001235494 42
      vertex 12 4.50006996400507 42
    endloop
  endfacet
  facet normal 0 0 1
    outer loop
      vertex 12.217712270279222 4.586570001235494 42
      vertex 12.427956573215987 4.392222166675442 42
      vertex 12.4279992564067 4.39330852642579 42
    endloop
  endfacet
  facet normal 0 0 1
    outer loop
      vertex 15.273144832406054 0.6 42
      vertex 11.053067888292006 2.3494021062406807 42
      vertex 11.236937458840595 0.6 42
    endloop
  endfacet
  facet normal 0 0 1
    outer loop
      vertex 11.386894935635283 4.21743259858017 42
      vertex 11.053067888292006 2.3494021062406807 42
      vertex 15.273144832406054 0.6 42
    endloop
  endfacet
  facet normal 0 0 1
    outer loop
      vertex 11.386894935635283 4.21743259858017 42
      vertex 15.273144832406054 0.6 42
      vertex 11.439327700099573 4.168964249658025 42
    endloop
  endfacet
  facet normal 0 0 1
    outer loop
      vertex 11.439327700099573 4.168964249658025 42
      vertex 15.273144832406054 0.6 42
      vertex 11.551247930961708 4.634280726631282 42
    endloop
  endfacet
  facet normal 0 0 1
    outer loop
      vertex 11.551247930961708 4.634280726631282 42
      vertex 15.273144832406054 0.6 42
      vertex 12 4.49256278187706 42
    endloop
  endfacet
  facet normal 0 0 1
    outer loop
      vertex 12 4.49256278187706 42
      vertex 15.273144832406054 0.6 42
      vertex 12.217712270279222 4.586570001235494 42
    endloop
  endfacet
  facet normal 0 0 1
    outer loop
      vertex 12.217712270279222 4.586570001235494 42
      vertex 15.273144832406054 0.6 42
      vertex 12.427956573215987 4.392222166675442 42
    endloop
  endfacet
  facet normal 0 0 1
    outer loop
      vertex 12.4279992564067 4.39330852642579 42
      vertex 12.427956573215987 4.392222166675442 42
      vertex 15.273144832406054 0.6 42
    endloop
  endfacet
  facet normal 0 0 1
    outer loop
      vertex 12.4279992564067 4.39330852642579 42
      vertex 15.273144832406054 0.6 42
      vertex 12.648210777851709 4.491637393073903 42
    endloop
  endfacet
  facet normal 0 0 1
    outer loop
      vertex 12.648210777851709 4.491637393073903 42
      vertex 15.273144832406054 0.6 42
      vertex 12.872857831357626 4.590710321066751 42
    endloop
  endfacet
  facet normal 0 0 1
    outer loop
      vertex 12.872857831357626 4.590710321066751 42
      vertex 15.273144832406054 0.6 42
      vertex 12.872970443316804 4.592141191677136 42
    endloop
  endfacet
  facet normal 0 0 1
    outer loop
      vertex 12.872970443316804 4.592141191677136 42
      vertex 15.273144832406054 0.6 42
      vertex 13.102329659721127 4.692140828744161 42
    endloop
  endfacet
  facet normal 0 0 1
    outer loop
      vertex 13.102329659721127 4.692140828744161 42
      vertex 15.273144832406054 0.6 42
      vertex 13.102470729994389 4.693573139261413 42
    endloop
  endfacet
  facet normal 0 0 1
    outer loop
      vertex 13.102470729994389 4.693573139261413 42
      vertex 15.273144832406054 0.6 42
      vertex 13.336749573691836 4.794140139002394 42
    endloop
  endfacet
  facet normal 0 0 1
    outer loop
      vertex 13.336749573691836 4.794140139002394 42
      vertex 15.273144832406054 0.6 42
      vertex 13.336883465365066 4.795271384039351 42
    endloop
  endfacet
  facet normal 0 0 1
    outer loop
      vertex 13.336883465365066 4.795271384039351 42
      vertex 15.273144832406054 0.6 42
      vertex 13.576268493692597 4.89607733807866 42
    endloop
  endfacet
  facet normal 0 0 1
    outer loop
      vertex 13.576268493692597 4.89607733807866 42
      vertex 15.273144832406054 0.6 42
      vertex 13.617304603542237 5.1927594600469025 42
    endloop
  endfacet
  facet normal 0 0 1
    outer loop
      vertex 13.617304603542237 5.1927594600469025 42
      vertex 15.273144832406054 0.6 42
      vertex 13.86675126592173 5.28620362358285 42
    endloop
  endfacet
  facet normal 0 0 1
    outer loop
      vertex 13.867536797151674 5.291163272571883 42
      vertex 13.86675126592173 5.28620362358285 42
      vertex 15.273144832406054 0.6 42
    endloop
  endfacet
  facet normal 0 0 1
    outer loop
      vertex 13.867536797151674 5.291163272571883 42
      vertex 15.273144832406054 0.6 42
      vertex 14.12226541770253 5.38429277395753 42
    endloop
  endfacet
  facet normal 0 0 1
    outer loop
      vertex 14.12226541770253 5.38429277395753 42
      vertex 15.273144832406054 0.6 42
      vertex 14.122857515339462 5.387608410922325 42
    endloop
  endfacet
  facet normal 0 0 1
    outer loop
      vertex 14.122857515339462 5.387608410922325 42
      vertex 15.273144832406054 0.6 42
      vertex 14.383004694431868 5.480173627815948 42
    endloop
  endfacet
  facet normal 0 0 1
    outer loop
      vertex 14.383004694431868 5.480173627815948 42
      vertex 15.273144832406054 0.6 42
      vertex 14.441089506858928 5.772185699651672 42
    endloop
  endfacet
  facet normal 0 0 1
    outer loop
      vertex 14.441089506858928 5.772185699651672 42
      vertex 15.273144832406054 0.6 42
      vertex 14.711097456171146 5.856483421913151 42
    endloop
  endfacet
  facet normal 0 0 1
    outer loop
      vertex 14.711097456171146 5.856483421913151 42
      vertex 15.273144832406054 0.6 42
      vertex 14.874921676002904 5.828413093924474 42
    endloop
  endfacet
  facet normal 0 0 1
    outer loop
      vertex 11.551247930961708 4.634280726631282 42
      vertex 9.141892036436907 6.641973350904947 42
      vertex 10.32306367136139 4.596124066756543 42
    endloop
  endfacet
  facet normal 0 0 1
    outer loop
      vertex 9.149935544666432 6.900053285055465 42
      vertex 11.551247930961708 4.634280726631282 42
      vertex 9.290915782936104 6.8511655996393195 42
    endloop
  endfacet
  facet normal 0 0 1
    outer loop
      vertex 9.290915782936104 6.8511655996393195 42
      vertex 11.551247930961708 4.634280726631282 42
      vertex 9.433706652073623 6.807850463037044 42
    endloop
  endfacet
  facet normal 0 0 1
    outer loop
      vertex 9.433706652073623 6.807850463037044 42
      vertex 12 4.50006996400507 42
      vertex 9.578087978908464 6.770174664049733 42
    endloop
  endfacet
  facet normal 0 0 1
    outer loop
      vertex 9.578087978908464 6.770174664049733 42
      vertex 12 4.50006996400507 42
      vertex 9.723837137899617 6.738196296028628 42
    endloop
  endfacet
  facet normal 0 0 1
    outer loop
      vertex 9.723837137899617 6.738196296028628 42
      vertex 12 4.50006996400507 42
      vertex 9.870729394408029 6.711964667299382 42
    endloop
  endfacet
  facet normal 0 0 1
    outer loop
      vertex 9.433706652073623 6.807850463037044 42
      vertex 12 4.49256278187706 42
      vertex 12 4.50006996400507 42
    endloop
  endfacet
  facet normal 0 0 1
    outer loop
      vertex 9.433706652073623 6.807850463037044 42
      vertex 11.551247930961708 4.634280726631282 42
      vertex 12 4.49256278187706 42
    endloop
  endfacet
  facet normal 0 0 1
    outer loop
      vertex 10.01853825122112 6.691520225132184 42
      vertex 12.4279992564067 4.39330852642579 42
      vertex 10.167035797795092 6.676894493375017 42
    endloop
  endfacet
  facet normal 0 0 1
    outer loop
      vertex 9.870729394408029 6.711964667299382 42
      vertex 12.217712270279222 4.586570001235494 42
      vertex 10.01853825122112 6.691520225132184 42
    endloop
  endfacet
  facet normal 0 0 1
    outer loop
      vertex 10.167035797795092 6.676894493375017 42
      vertex 12.4279992564067 4.39330852642579 42
      vertex 10.315993061676444 6.6681100238461575 42
    endloop
  endfacet
  facet normal 0 0 1
    outer loop
      vertex 10.315993061676444 6.6681100238461575 42
      vertex 12.648210777851709 4.491637393073903 42
      vertex 10.465180361560904 6.665180361560903 42
    endloop
  endfacet
  facet normal 0 0 1
    outer loop
      vertex 10.465180361560904 6.665180361560903 42
      vertex 12.648210777851709 4.491637393073903 42
      vertex 10.614367661445367 6.668110023846158 42
    endloop
  endfacet
  facet normal 0 0 1
    outer loop
      vertex 9.870729394408029 6.711964667299382 42
      vertex 12 4.50006996400507 42
      vertex 12.217712270279222 4.586570001235494 42
    endloop
  endfacet
  facet normal 0 0 1
    outer loop
      vertex 10.01853825122112 6.691520225132184 42
      vertex 12.217712270279222 4.586570001235494 42
      vertex 12.4279992564067 4.39330852642579 42
    endloop
  endfacet
  facet normal 0 0 1
    outer loop
      vertex 10.315993061676444 6.6681100238461575 42
      vertex 12.4279992564067 4.39330852642579 42
      vertex 12.648210777851709 4.491637393073903 42
    endloop
  endfacet
  facet normal 0 0 1
    outer loop
      vertex 10.614367661445367 6.668110023846158 42
      vertex 12.872970443316804 4.592141191677136 42
      vertex 10.763324925326716 6.676894493375018 42
    endloop
  endfacet
  facet normal 0 0 1
    outer loop
      vertex 10.763324925326716 6.676894493375018 42
      vertex 12.872970443316804 4.592141191677136 42
      vertex 10.911822471900688 6.691520225132185 42
    endloop
  endfacet
  facet normal 0 0 1
    outer loop
      vertex 10.911822471900688 6.691520225132185 42
      vertex 13.102470729994389 4.693573139261413 42
      vertex 11.059631328713783 6.711964667299382 42
    endloop
  endfacet
  facet normal 0 0 1
    outer loop
      vertex 11.059631328713783 6.711964667299382 42
      vertex 13.102470729994389 4.693573139261413 42
      vertex 11.206523585222191 6.738196296028628 42
    endloop
  endfacet
  facet normal 0 0 1
    outer loop
      vertex 10.614367661445367 6.668110023846158 42
      vertex 12.648210777851709 4.491637393073903 42
      vertex 12.872857831357626 4.590710321066751 42
    endloop
  endfacet
  facet normal 0 0 1
    outer loop
      vertex 10.614367661445367 6.668110023846158 42
      vertex 12.872857831357626 4.590710321066751 42
      vertex 12.872970443316804 4.592141191677136 42
    endloop
  endfacet
  facet normal 0 0 1
    outer loop
      vertex 10.911822471900688 6.691520225132185 42
      vertex 12.872970443316804 4.592141191677136 42
      vertex 13.102329659721127 4.692140828744161 42
    endloop
  endfacet
  facet normal 0 0 1
    outer loop
      vertex 10.911822471900688 6.691520225132185 42
      vertex 13.102329659721127 4.692140828744161 42
      vertex 13.102470729994389 4.693573139261413 42
    endloop
  endfacet
  facet normal 0 0 1
    outer loop
      vertex 11.206523585222191 6.738196296028628 42
      vertex 13.336883465365066 4.795271384039351 42
      vertex 11.352272744213344 6.770174664049733 42
    endloop
  endfacet
  facet normal 0 0 1
    outer loop
      vertex 11.352272744213344 6.770174664049733 42
      vertex 13.336883465365066 4.795271384039351 42
      vertex 11.496654071048187 6.807850463037045 42
    endloop
  endfacet
  facet normal 0 0 1
    outer loop
      vertex 11.496654071048187 6.807850463037045 42
      vertex 13.617304603542237 5.1927594600469025 42
      vertex 11.639444940185705 6.8511655996393195 42
    endloop
  endfacet
  facet normal 0 0 1
    outer loop
      vertex 11.639444940185705 6.8511655996393195 42
      vertex 13.617304603542237 5.1927594600469025 42
      vertex 11.780425178455378 6.900053285055464 42
    endloop
  endfacet
  facet normal 0 0 1
    outer loop
      vertex 11.780425178455378 6.900053285055464 42
      vertex 13.617304603542237 5.1927594600469025 42
      vertex 11.919377404548246 6.954438138018016 42
    endloop
  endfacet
  facet normal 0 0 1
    outer loop
      vertex 11.206523585222191 6.738196296028628 42
      vertex 13.102470729994389 4.693573139261413 42
      vertex 13.336749573691836 4.794140139002394 42
    endloop
  endfacet
  facet normal 0 0 1
    outer loop
      vertex 11.206523585222191 6.738196296028628 42
      vertex 13.336749573691836 4.794140139002394 42
      vertex 13.336883465365066 4.795271384039351 42
    endloop
  endfacet
  facet normal 0 0 1
    outer loop
      vertex 11.496654071048187 6.807850463037045 42
      vertex 13.336883465365066 4.795271384039351 42
      vertex 13.576268493692597 4.89607733807866 42
    endloop
  endfacet
  facet normal 0 0 1
    outer loop
      vertex 11.496654071048187 6.807850463037045 42
      vertex 13.576268493692597 4.89607733807866 42
      vertex 13.617304603542237 5.1927594600469025 42
    endloop
  endfacet
  facet normal 0 0 1
    outer loop
      vertex 11.919377404548246 6.954438138018016 42
      vertex 13.617304603542237 5.1927594600469025 42
      vertex 13.86675126592173 5.28620362358285 42
    endloop
  endfacet
  facet normal 0 0 1
    outer loop
      vertex 11.919377404548246 6.954438138018016 42
      vertex 13.86675126592173 5.28620362358285 42
      vertex 13.867536797151674 5.291163272571883 42
    endloop
  endfacet
  facet normal 0 0 1
    outer loop
      vertex 12.190344260571182 7.079355569645108 42
      vertex 13.867536797151674 5.291163272571883 42
      vertex 14.12226541770253 5.38429277395753 42
    endloop
  endfacet
  facet normal 0 0 1
    outer loop
      vertex 12.190344260571182 7.079355569645108 42
      vertex 14.12226541770253 5.38429277395753 42
      vertex 14.122857515339462 5.387608410922325 42
    endloop
  endfacet
  facet normal 0 0 1
    outer loop
      vertex 12.45067490748151 7.225147737015354 42
      vertex 14.122857515339462 5.387608410922325 42
      vertex 14.383004694431868 5.480173627815948 42
    endloop
  endfacet
  facet normal 0 0 1
    outer loop
      vertex 11.919377404548246 6.954438138018016 42
      vertex 13.867536797151674 5.291163272571883 42
      vertex 12.056087364203131 7.014236301025596 42
    endloop
  endfacet
  facet normal 0 0 1
    outer loop
      vertex 12.056087364203131 7.014236301025596 42
      vertex 13.867536797151674 5.291163272571883 42
      vertex 12.190344260571182 7.079355569645108 42
    endloop
  endfacet
  facet normal 0 0 1
    outer loop
      vertex 12.190344260571182 7.079355569645108 42
      vertex 14.122857515339462 5.387608410922325 42
      vertex 12.321941079249333 7.149695534684275 42
    endloop
  endfacet
  facet normal 0 0 1
    outer loop
      vertex 12.321941079249333 7.149695534684275 42
      vertex 14.122857515339462 5.387608410922325 42
      vertex 12.45067490748151 7.225147737015354 42
    endloop
  endfacet
  facet normal 0 0 1
    outer loop
      vertex 12.45067490748151 7.225147737015354 42
      vertex 14.441089506858928 5.772185699651672 42
      vertex 12.576347247035393 7.305595834811232 42
    endloop
  endfacet
  facet normal 0 0 1
    outer loop
      vertex 12.576347247035393 7.305595834811232 42
      vertex 14.441089506858928 5.772185699651672 42
      vertex 12.698764320272304 7.390915782936105 42
    endloop
  endfacet
  facet normal 0 0 1
    outer loop
      vertex 12.698764320272304 7.390915782936105 42
      vertex 14.441089506858928 5.772185699651672 42
      vertex 12.817737368938275 7.4809760242140735 42
    endloop
  endfacet
  facet normal 0 0 1
    outer loop
      vertex 12.817737368938275 7.4809760242140735 42
      vertex 14.711758787437018 5.85949759936537 42
      vertex 12.933082945215602 7.575637692280786 42
    endloop
  endfacet
  facet normal 0 0 1
    outer loop
      vertex 14.711758787437018 5.85949759936537 42
      vertex 13.044623194586084 7.6747548257053 42
      vertex 12.933082945215602 7.575637692280786 42
    endloop
  endfacet
  facet normal 0 0 1
    outer loop
      vertex 14.99066376115481 5.939696961966999 42
      vertex 13.152186130069785 7.778174593052023 42
      vertex 13.044623194586084 7.6747548257053 42
    endloop
  endfacet
  facet normal 0 0 1
    outer loop
      vertex 12.45067490748151 7.225147737015354 42
      vertex 14.383004694431868 5.480173627815948 42
      vertex 14.441089506858928 5.772185699651672 42
    endloop
  endfacet
  facet normal 0 0 1
    outer loop
      vertex 14.711097456171146 5.856483421913151 42
      vertex 14.874921676002904 5.828413093924474 42
      vertex 14.711758787437018 5.85949759936537 42
    endloop
  endfacet
  facet normal 0 0 1
    outer loop
      vertex 14.711758787437018 5.85949759936537 42
      vertex 14.874921676002904 5.828413093924474 42
      vertex 14.99066376115481 5.939696961966999 42
    endloop
  endfacet
  facet normal 0 0 1
    outer loop
      vertex 12.817737368938275 7.4809760242140735 42
      vertex 14.441089506858928 5.772185699651672 42
      vertex 14.711097456171146 5.856483421913151 42
    endloop
  endfacet
  facet normal 0 0 1
    outer loop
      vertex 12.817737368938275 7.4809760242140735 42
      vertex 14.711097456171146 5.856483421913151 42
      vertex 14.711758787437018 5.85949759936537 42
    endloop
  endfacet
  facet normal 0 0 1
    outer loop
      vertex 14.711758787437018 5.85949759936537 42
      vertex 14.99066376115481 5.939696961966999 42
      vertex 13.044623194586084 7.6747548257053 42
    endloop
  endfacet
  facet normal 0 0 1
    outer loop
      vertex 14.99066376115481 5.939696961966999 42
      vertex 13.25560589741651 7.885737528535726 42
      vertex 13.152186130069785 7.778174593052023 42
    endloop
  endfacet
  facet normal 0 0 1
    outer loop
      vertex 13.25560589741651 7.885737528535726 42
      vertex 15.243603899072307 6.3902206532218315 42
      vertex 13.354723030841024 7.997277777906207 42
    endloop
  endfacet
  facet normal 0 0 1
    outer loop
      vertex 14.99066376115481 5.939696961966999 42
      vertex 15.164844421949294 6.120855590150076 42
      vertex 13.25560589741651 7.885737528535726 42
    endloop
  endfacet
  facet normal 0 0 1
    outer loop
      vertex 13.25560589741651 7.885737528535726 42
      vertex 15.164844421949294 6.120855590150076 42
      vertex 15.243603899072307 6.3902206532218315 42
    endloop
  endfacet
  facet normal 0 0 1
    outer loop
      vertex 13.449384698907735 8.112623354183533 42
      vertex 15.243603899072307 6.3902206532218315 42
      vertex 15.243586220720346 6.393508132755424 42
    endloop
  endfacet
  facet normal 0 0 1
    outer loop
      vertex 13.539444940185705 8.231596402849506 42
      vertex 15.243586220720346 6.393508132755424 42
      vertex 15.449096895886587 6.541906855033123 42
    endloop
  endfacet
  facet normal 0 0 1
    outer loop
      vertex 13.539444940185705 8.231596402849506 42
      vertex 15.449036336346076 6.543527049859354 42
      vertex 15.507752802493876 6.524834457440474 42
    endloop
  endfacet
  facet normal 0 0 1
    outer loop
      vertex 13.539444940185705 8.231596402849506 42
      vertex 15.449096895886587 6.541906855033123 42
      vertex 15.449036336346076 6.543527049859354 42
    endloop
  endfacet
  facet normal 0 0 1
    outer loop
      vertex 13.624764888310576 8.354013476086415 42
      vertex 15.507752802493876 6.524834457440474 42
      vertex 15.51788082094797 6.823547913069467 42
    endloop
  endfacet
  facet normal 0 0 1
    outer loop
      vertex 13.705212986106456 8.479685815640298 42
      vertex 15.51788082094797 6.823547913069467 42
      vertex 15.69604970004155 6.9932216544148185 42
    endloop
  endfacet
  facet normal 0 0 1
    outer loop
      vertex 13.354723030841024 7.997277777906207 42
      vertex 15.243603899072307 6.3902206532218315 42
      vertex 13.449384698907735 8.112623354183533 42
    endloop
  endfacet
  facet normal 0 0 1
    outer loop
      vertex 13.449384698907735 8.112623354183533 42
      vertex 15.243586220720346 6.393508132755424 42
      vertex 13.539444940185705 8.231596402849506 42
    endloop
  endfacet
  facet normal 0 0 1
    outer loop
      vertex 13.539444940185705 8.231596402849506 42
      vertex 15.507752802493876 6.524834457440474 42
      vertex 13.624764888310576 8.354013476086415 42
    endloop
  endfacet
  facet normal 0 0 1
    outer loop
      vertex 13.624764888310576 8.354013476086415 42
      vertex 15.51788082094797 6.823547913069467 42
      vertex 13.705212986106456 8.479685815640298 42
    endloop
  endfacet
  facet normal 0 0 1
    outer loop
      vertex 13.705212986106456 8.479685815640298 42
      vertex 15.69604970004155 6.9932216544148185 42
      vertex 13.780665188437533 8.608419643872475 42
    endloop
  endfacet
  facet normal 0 0 1
    outer loop
      vertex 13.780665188437533 8.608419643872475 42
      vertex 15.820115834816894 7.219223713987918 42
      vertex 13.851005153476702 8.740016462550628 42
    endloop
  endfacet
  facet normal 0 0 1
    outer loop
      vertex 13.851005153476702 8.740016462550628 42
      vertex 15.820115834816894 7.219223713987918 42
      vertex 13.916124422096214 8.874273358918678 42
    endloop
  endfacet
  facet normal 0 0 1
    outer loop
      vertex 13.916124422096214 8.874273358918678 42
      vertex 16.00033096337431 7.38682825943289 42
      vertex 13.975922585103795 9.010983318573565 42
    endloop
  endfacet
  facet normal 0 0 1
    outer loop
      vertex 13.975922585103795 9.010983318573565 42
      vertex 16.00033096337431 7.38682825943289 42
      vertex 14.030307438066345 9.14993554466643 42
    endloop
  endfacet
  facet normal 0 0 1
    outer loop
      vertex 14.030307438066345 9.14993554466643 42
      vertex 16.00033096337431 7.38682825943289 42
      vertex 14.079195123482489 9.290915782936104 42
    endloop
  endfacet
  facet normal 0 0 1
    outer loop
      vertex 14.079195123482489 9.290915782936104 42
      vertex 16.108985471041056 7.6160192100919515 42
      vertex 14.122510260084763 9.43370665207362 42
    endloop
  endfacet
  facet normal 0 0 1
    outer loop
      vertex 14.122510260084763 9.43370665207362 42
      vertex 16.263939536652178 7.758219528554586 42
      vertex 14.160186059072075 9.578087978908464 42
    endloop
  endfacet
  facet normal 0 0 1
    outer loop
      vertex 14.160186059072075 9.578087978908464 42
      vertex 16.242465846699034 8.785027241984638 42
      vertex 14.19216442709318 9.723837137899617 42
    endloop
  endfacet
  facet normal 0 0 1
    outer loop
      vertex 14.19216442709318 9.723837137899617 42
      vertex 16.242465846699034 8.785027241984638 42
      vertex 14.218396055822426 9.870729394408025 42
    endloop
  endfacet
  facet normal 0 0 1
    outer loop
      vertex 14.218396055822426 9.870729394408025 42
      vertex 16.242465846699034 8.785027241984638 42
      vertex 14.238840497989624 10.01853825122112 42
    endloop
  endfacet
  facet normal 0 0 1
    outer loop
      vertex 14.238840497989624 10.01853825122112 42
      vertex 16.242465846699034 8.785027241984638 42
      vertex 14.253466229746792 10.167035797795094 42
    endloop
  endfacet
  facet normal 0 0 1
    outer loop
      vertex 14.253466229746792 10.167035797795094 42
      vertex 16.242465846699034 8.785027241984638 42
      vertex 14.262250699275654 10.315993061676444 42
    endloop
  endfacet
  facet normal 0 0 1
    outer loop
      vertex 14.262250699275654 10.315993061676444 42
      vertex 16.242465846699034 8.785027241984638 42
      vertex 14.265180361560903 10.465180361560902 42
    endloop
  endfacet
  facet normal 0 0 1
    outer loop
      vertex 14.265180361560903 10.465180361560902 42
      vertex 16.242465846699034 8.785027241984638 42
      vertex 14.26225069927565 10.614367661445364 42
    endloop
  endfacet
  facet normal 0 0 1
    outer loop
      vertex 15.273144832406054 0.6 42
      vertex 16.489882468130954 0.6 42
      vertex 16.320783203062756 2.4081919258008297 42
    endloop
  endfacet
  facet normal 0 0 1
    outer loop
      vertex 15.273144832406054 0.6 42
      vertex 16.292205586656166 3.3127973085961187 42
      vertex 16.128515945613813 3.4671191841876627 42
    endloop
  endfacet
  facet normal 0 0 1
    outer loop
      vertex 15.273144832406054 0.6 42
      vertex 16.320783203062756 2.4081919258008297 42
      vertex 16.295355887611585 2.8173471885826107 42
    endloop
  endfacet
  facet normal 0 0 1
    outer loop
      vertex 15.273144832406054 0.6 42
      vertex 16.295355887611585 2.8173471885826107 42
      vertex 16.292205586656166 3.3127973085961187 42
    endloop
  endfacet
  facet normal 0 0 1
    outer loop
      vertex 16.489882468130954 0.6 42
      vertex 16.48981590275463 0.8267136503190219 42
      vertex 16.47787625483731 0.8072299157360195 42
    endloop
  endfacet
  facet normal 0 0 1
    outer loop
      vertex 16.489882468130954 0.6 42
      vertex 16.47787625483731 0.8072299157360195 42
      vertex 16.4600463107848 1.10957027590157 42
    endloop
  endfacet
  facet normal 0 0 1
    outer loop
      vertex 16.48981590275463 0.8267136503190219 42
      vertex 16.4600463107848 1.10957027590157 42
      vertex 16.47787625483731 0.8072299157360195 42
    endloop
  endfacet
  facet normal 0 0 1
    outer loop
      vertex 16.489882468130954 0.6 42
      vertex 16.4600463107848 1.10957027590157 42
      vertex 16.436577883413012 1.422079843941096 42
    endloop
  endfacet
  facet normal 0 0 1
    outer loop
      vertex 16.489882468130954 0.6 42
      vertex 16.436577883413012 1.422079843941096 42
      vertex 16.40512642360732 1.7414118742873261 42
    endloop
  endfacet
  facet normal 0 0 1
    outer loop
      vertex 16.4600463107848 1.10957027590157 42
      vertex 16.45234440681564 1.4502329972361072 42
      vertex 16.436577883413012 1.422079843941096 42
    endloop
  endfacet
  facet normal 0 0 1
    outer loop
      vertex 16.489882468130954 0.6 42
      vertex 16.40512642360732 1.7414118742873261 42
      vertex 16.36736274477439 2.071432000782126 42
    endloop
  endfacet
  facet normal 0 0 1
    outer loop
      vertex 16.436577883413012 1.422079843941096 42
      vertex 16.45234440681564 1.4502329972361072 42
      vertex 16.40512642360732 1.7414118742873261 42
    endloop
  endfacet
  facet normal 0 0 1
    outer loop
      vertex 16.489882468130954 0.6 42
      vertex 16.36736274477439 2.071432000782126 42
      vertex 16.320783203062756 2.4081919258008297 42
    endloop
  endfacet
  facet normal 0 0 1
    outer loop
      vertex 16.40512642360732 1.7414118742873261 42
      vertex 16.391374181067548 2.1185570978842962 42
      vertex 16.36736274477439 2.071432000782126 42
    endloop
  endfacet
  facet normal 0 0 1
    outer loop
      vertex 16.391374181067548 2.1185570978842962 42
      vertex 16.320783203062756 2.4081919258008297 42
      vertex 16.36736274477439 2.071432000782126 42
    endloop
  endfacet
  facet normal 0 0 1
    outer loop
      vertex 15.273144832406054 0.6 42
      vertex 15.729243426649662 4.977431106967229 42
      vertex 15.70932206293905 5.336169753211435 42
    endloop
  endfacet
  facet normal 0 0 1
    outer loop
      vertex 15.273144832406054 0.6 42
      vertex 16.128515945613813 3.4671191841876627 42
      vertex 16.04680917594545 3.839517580353105 42
    endloop
  endfacet
  facet normal 0 0 1
    outer loop
      vertex 15.273144832406054 0.6 42
      vertex 16.04680917594545 3.839517580353105 42
      vertex 15.950845120469873 4.209234302277484 42
    endloop
  endfacet
  facet normal 0 0 1
    outer loop
      vertex 15.273144832406054 0.6 42
      vertex 15.950845120469873 4.209234302277484 42
      vertex 15.846259569985312 4.591680579075785 42
    endloop
  endfacet
  facet normal 0 0 1
    outer loop
      vertex 15.273144832406054 0.6 42
      vertex 15.846259569985312 4.591680579075785 42
      vertex 15.729243426649662 4.977431106967229 42
    endloop
  endfacet
  facet normal 0 0 1
    outer loop
      vertex 16.292205586656166 3.3127973085961187 42
      vertex 16.190033504272186 3.6156357085624005 42
      vertex 16.128515945613813 3.4671191841876627 42
    endloop
  endfacet
  facet normal 0 0 1
    outer loop
      vertex 16.128515945613813 3.4671191841876627 42
      vertex 16.190033504272186 3.6156357085624005 42
      vertex 16.04680917594545 3.839517580353105 42
    endloop
  endfacet
  facet normal 0 0 1
    outer loop
      vertex 14.950938247144222 5.791542410850525 42
      vertex 15.273144832406054 0.6 42
      vertex 15.176038071513176 5.671224042773247 42
    endloop
  endfacet
  facet normal 0 0 1
    outer loop
      vertex 15.273144832406054 0.6 42
      vertex 15.396240673959255 5.5421610698103905 42
      vertex 15.176038071513176 5.671224042773247 42
    endloop
  endfacet
  facet normal 0 0 1
    outer loop
      vertex 14.874921676002904 5.828413093924474 42
      vertex 15.273144832406054 0.6 42
      vertex 14.950938247144222 5.791542410850525 42
    endloop
  endfacet
  facet normal 0 0 1
    outer loop
      vertex 15.273144832406054 0.6 42
      vertex 15.57932228780375 5.424962904695431 42
      vertex 15.396240673959255 5.5421610698103905 42
    endloop
  endfacet
  facet normal 0 0 1
    outer loop
      vertex 15.273144832406054 0.6 42
      vertex 15.599631709057011 5.366395455182711 42
      vertex 15.57932228780375 5.424962904695431 42
    endloop
  endfacet
  facet normal 0 0 1
    outer loop
      vertex 15.273144832406054 0.6 42
      vertex 15.692907625524372 5.3476099792023275 42
      vertex 15.599631709057011 5.366395455182711 42
    endloop
  endfacet
  facet normal 0 0 1
    outer loop
      vertex 15.273144832406054 0.6 42
      vertex 15.70932206293905 5.336169753211435 42
      vertex 15.692907625524372 5.3476099792023275 42
    endloop
  endfacet
  facet normal 0 0 1
    outer loop
      vertex 16.04680917594545 3.839517580353105 42
      vertex 16.069047171998477 4.529634982696751 42
      vertex 15.950845120469873 4.209234302277484 42
    endloop
  endfacet
  facet normal 0 0 1
    outer loop
      vertex 15.950845120469873 4.209234302277484 42
      vertex 15.901130218114801 4.749914232095068 42
      vertex 15.846259569985312 4.591680579075785 42
    endloop
  endfacet
  facet normal 0 0 1
    outer loop
      vertex 15.846259569985312 4.591680579075785 42
      vertex 15.901130218114801 4.749914232095068 42
      vertex 15.729243426649662 4.977431106967229 42
    endloop
  endfacet
  facet normal 0 0 1
    outer loop
      vertex 15.950845120469873 4.209234302277484 42
      vertex 16.069047171998477 4.529634982696751 42
      vertex 15.901130218114801 4.749914232095068 42
    endloop
  endfacet
  facet normal 0 0 1
    outer loop
      vertex 16.320783203062756 2.4081919258008297 42
      vertex 16.292205586656166 3.3127973085961187 42
      vertex 16.295355887611585 2.8173471885826107 42
    endloop
  endfacet
  facet normal 0 0 1
    outer loop
      vertex 16.48981590275463 0.8267136503190219 42
      vertex 16.60070863048731 8.648233416538453 42
      vertex 16.4600463107848 1.10957027590157 42
    endloop
  endfacet
  facet normal 0 0 1
    outer loop
      vertex 16.4600463107848 1.10957027590157 42
      vertex 16.60070863048731 8.648233416538453 42
      vertex 16.45234440681564 1.4502329972361072 42
    endloop
  endfacet
  facet normal 0 0 1
    outer loop
      vertex 16.45234440681564 1.4502329972361072 42
      vertex 16.60070863048731 8.648233416538453 42
      vertex 16.40512642360732 1.7414118742873261 42
    endloop
  endfacet
  facet normal 0 0 1
    outer loop
      vertex 16.391374181067548 2.1185570978842962 42
      vertex 16.263939536652178 7.758219528554586 42
      vertex 16.320783203062756 2.4081919258008297 42
    endloop
  endfacet
  facet normal 0 0 1
    outer loop
      vertex 16.40512642360732 1.7414118742873261 42
      vertex 16.60070863048731 8.648233416538453 42
      vertex 16.391374181067548 2.1185570978842962 42
    endloop
  endfacet
  facet normal 0 0 1
    outer loop
      vertex 16.320783203062756 2.4081919258008297 42
      vertex 16.263939536652178 7.758219528554586 42
      vertex 16.292205586656166 3.3127973085961187 42
    endloop
  endfacet
  facet normal 0 0 1
    outer loop
      vertex 16.292205586656166 3.3127973085961187 42
      vertex 16.263939536652178 7.758219528554586 42
      vertex 16.190033504272186 3.6156357085624005 42
    endloop
  endfacet
  facet normal 0 0 1
    outer loop
      vertex 16.489882468130954 0.6 42
      vertex 19.8333044482741 0.6 42
      vertex 16.48981590275463 0.8267136503190219 42
    endloop
  endfacet
  facet normal 0 0 1
    outer loop
      vertex 19.9852340001396 0.7519295518654995 42
      vertex 19.984580724814457 0.7851963151813722 42
      vertex 19.938346674662558 1.5691819145568988 42
    endloop
  endfacet
  facet normal 0 0 1
    outer loop
      vertex 19.8333044482741 0.6 42
      vertex 19.9852340001396 0.7519295518654995 42
      vertex 19.861369139098525 2.350747949156753 42
    endloop
  endfacet
  facet normal 0 0 1
    outer loop
      vertex 19.9852340001396 0.7519295518654995 42
      vertex 19.938346674662558 1.5691819145568988 42
      vertex 19.861369139098525 2.350747949156753 42
    endloop
  endfacet
  facet normal 0 0 1
    outer loop
      vertex 19.8333044482741 0.6 42
      vertex 19.861369139098525 2.350747949156753 42
      vertex 19.753766811902757 3.1286893008046173 42
    endloop
  endfacet
  facet normal 0 0 1
    outer loop
      vertex 16.48981590275463 0.8267136503190219 42
      vertex 19.8333044482741 0.6 42
      vertex 16.60070863048731 8.648233416538453 42
    endloop
  endfacet
  facet normal 0 0 1
    outer loop
      vertex 19.8333044482741 0.6 42
      vertex 19.61570560806461 3.9018064403225647 42
      vertex 19.447398407953532 4.668907277118108 42
    endloop
  endfacet
  facet normal 0 0 1
    outer loop
      vertex 19.8333044482741 0.6 42
      vertex 19.753766811902757 3.1286893008046173 42
      vertex 19.61570560806461 3.9018064403225647 42
    endloop
  endfacet
  facet normal 0 0 1
    outer loop
      vertex 19.8333044482741 0.6 42
      vertex 19.447398407953532 4.668907277118108 42
      vertex 19.249104729072947 5.428808997301485 42
    endloop
  endfacet
  facet normal 0 0 1
    outer loop
      vertex 18.763826718449682 6.922341141549859 42
      vertex 19.8333044482741 0.6 42
      vertex 19.02113032590307 6.180339887498948 42
    endloop
  endfacet
  facet normal 0 0 1
    outer loop
      vertex 19.8333044482741 0.6 42
      vertex 19.249104729072947 5.428808997301485 42
      vertex 19.02113032590307 6.180339887498948 42
    endloop
  endfacet
  facet normal 0 0 1
    outer loop
      vertex 15.480157042720988 5.710931441778634 42
      vertex 15.449096895886587 6.541906855033123 42
      vertex 15.272360505172644 6.241847494573982 42
    endloop
  endfacet
  facet normal 0 0 1
    outer loop
      vertex 15.57932228780375 5.424962904695431 42
      vertex 15.69604970004155 6.9932216544148185 42
      vertex 15.480157042720988 5.710931441778634 42
    endloop
  endfacet
  facet normal 0 0 1
    outer loop
      vertex 15.599631709057011 5.366395455182711 42
      vertex 15.692907625524372 5.3476099792023275 42
      vertex 15.57932228780375 5.424962904695431 42
    endloop
  endfacet
  facet normal 0 0 1
    outer loop
      vertex 15.729243426649662 4.977431106967229 42
      vertex 15.901130218114801 4.749914232095068 42
      vertex 15.825597914195832 6.970473685604894 42
    endloop
  endfacet
  facet normal 0 0 1
    outer loop
      vertex 16.190033504272186 3.6156357085624005 42
      vertex 16.181617496533452 7.588495546032533 42
      vertex 16.04680917594545 3.839517580353105 42
    endloop
  endfacet
  facet normal 0 0 1
    outer loop
      vertex 16.069047171998477 4.529634982696751 42
      vertex 16.106027423090854 7.444405597244616 42
      vertex 15.901130218114801 4.749914232095068 42
    endloop
  endfacet
  facet normal 0 0 1
    outer loop
      vertex 16.04680917594545 3.839517580353105 42
      vertex 16.181617496533452 7.588495546032533 42
      vertex 16.069047171998477 4.529634982696751 42
    endloop
  endfacet
  facet normal 0 0 1
    outer loop
      vertex 15.729243426649662 4.977431106967229 42
      vertex 15.825597914195832 6.970473685604894 42
      vertex 15.70932206293905 5.336169753211435 42
    endloop
  endfacet
  facet normal 0 0 1
    outer loop
      vertex 15.57932228780375 5.424962904695431 42
      vertex 15.692907625524372 5.3476099792023275 42
      vertex 15.69604970004155 6.9932216544148185 42
    endloop
  endfacet
  facet normal 0 0 1
    outer loop
      vertex 15.692907625524372 5.3476099792023275 42
      vertex 15.70932206293905 5.336169753211435 42
      vertex 15.825597914195832 6.970473685604894 42
    endloop
  endfacet
  facet normal 0 0 1
    outer loop
      vertex 15.164844421949294 6.120855590150076 42
      vertex 15.272360505172644 6.241847494573982 42
      vertex 15.243603899072307 6.3902206532218315 42
    endloop
  endfacet
  facet normal 0 0 1
    outer loop
      vertex 15.243603899072307 6.3902206532218315 42
      vertex 15.272360505172644 6.241847494573982 42
      vertex 15.449096895886587 6.541906855033123 42
    endloop
  endfacet
  facet normal 0 0 1
    outer loop
      vertex 15.243603899072307 6.3902206532218315 42
      vertex 15.449096895886587 6.541906855033123 42
      vertex 15.243586220720346 6.393508132755424 42
    endloop
  endfacet
  facet normal 0 0 1
    outer loop
      vertex 15.480157042720988 5.710931441778634 42
      vertex 15.507752802493876 6.524834457440474 42
      vertex 15.449096895886587 6.541906855033123 42
    endloop
  endfacet
  facet normal 0 0 1
    outer loop
      vertex 15.449096895886587 6.541906855033123 42
      vertex 15.507752802493876 6.524834457440474 42
      vertex 15.449036336346076 6.543527049859354 42
    endloop
  endfacet
  facet normal 0 0 1
    outer loop
      vertex 15.480157042720988 5.710931441778634 42
      vertex 15.69604970004155 6.9932216544148185 42
      vertex 15.507752802493876 6.524834457440474 42
    endloop
  endfacet
  facet normal 0 0 1
    outer loop
      vertex 15.507752802493876 6.524834457440474 42
      vertex 15.69604970004155 6.9932216544148185 42
      vertex 15.51788082094797 6.823547913069467 42
    endloop
  endfacet
  facet normal 0 0 1
    outer loop
      vertex 15.692907625524372 5.3476099792023275 42
      vertex 15.825597914195832 6.970473685604894 42
      vertex 15.69604970004155 6.9932216544148185 42
    endloop
  endfacet
  facet normal 0 0 1
    outer loop
      vertex 15.901130218114801 4.749914232095068 42
      vertex 15.994475426795539 7.244712428479481 42
      vertex 15.825597914195832 6.970473685604894 42
    endloop
  endfacet
  facet normal 0 0 1
    outer loop
      vertex 15.901130218114801 4.749914232095068 42
      vertex 16.106027423090854 7.444405597244616 42
      vertex 15.994475426795539 7.244712428479481 42
    endloop
  endfacet
  facet normal 0 0 1
    outer loop
      vertex 16.190033504272186 3.6156357085624005 42
      vertex 16.263939536652178 7.758219528554586 42
      vertex 16.181617496533452 7.588495546032533 42
    endloop
  endfacet
  facet normal 0 0 1
    outer loop
      vertex 16.069047171998477 4.529634982696751 42
      vertex 16.181617496533452 7.588495546032533 42
      vertex 16.106027423090854 7.444405597244616 42
    endloop
  endfacet
  facet normal 0 0 1
    outer loop
      vertex 15.69604970004155 6.9932216544148185 42
      vertex 15.825597914195832 6.970473685604894 42
      vertex 15.696056100083284 6.9965735747281235 42
    endloop
  endfacet
  facet normal 0 0 1
    outer loop
      vertex 15.696056100083284 6.9965735747281235 42
      vertex 15.825597914195832 6.970473685604894 42
      vertex 15.820115834816894 7.219223713987918 42
    endloop
  endfacet
  facet normal 0 0 1
    outer loop
      vertex 15.825597914195832 6.970473685604894 42
      vertex 15.994475426795539 7.244712428479481 42
      vertex 15.820115834816894 7.219223713987918 42
    endloop
  endfacet
  facet normal 0 0 1
    outer loop
      vertex 15.820115834816894 7.219223713987918 42
      vertex 15.994475426795539 7.244712428479481 42
      vertex 16.00033096337431 7.38682825943289 42
    endloop
  endfacet
  facet normal 0 0 1
    outer loop
      vertex 15.994475426795539 7.244712428479481 42
      vertex 16.106027423090854 7.444405597244616 42
      vertex 16.00033096337431 7.38682825943289 42
    endloop
  endfacet
  facet normal 0 0 1
    outer loop
      vertex 16.391374181067548 2.1185570978842962 42
      vertex 16.560397497736233 8.515345420956278 42
      vertex 16.263939536652178 7.758219528554586 42
    endloop
  endfacet
  facet normal 0 0 1
    outer loop
      vertex 16.391374181067548 2.1185570978842962 42
      vertex 16.60070863048731 8.648233416538453 42
      vertex 16.560397497736233 8.515345420956278 42
    endloop
  endfacet
  facet normal 0 0 1
    outer loop
      vertex 13.780665188437533 8.608419643872475 42
      vertex 15.69604970004155 6.9932216544148185 42
      vertex 15.696056100083284 6.9965735747281235 42
    endloop
  endfacet
  facet normal 0 0 1
    outer loop
      vertex 13.780665188437533 8.608419643872475 42
      vertex 15.696056100083284 6.9965735747281235 42
      vertex 15.820115834816894 7.219223713987918 42
    endloop
  endfacet
  facet normal 0 0 1
    outer loop
      vertex 13.916124422096214 8.874273358918678 42
      vertex 15.820115834816894 7.219223713987918 42
      vertex 16.00033096337431 7.38682825943289 42
    endloop
  endfacet
  facet normal 0 0 1
    outer loop
      vertex 14.079195123482489 9.290915782936104 42
      vertex 16.00033096337431 7.38682825943289 42
      vertex 16.106027423090854 7.444405597244616 42
    endloop
  endfacet
  facet normal 0 0 1
    outer loop
      vertex 14.079195123482489 9.290915782936104 42
      vertex 16.106027423090854 7.444405597244616 42
      vertex 16.108985471041056 7.6160192100919515 42
    endloop
  endfacet
  facet normal 0 0 1
    outer loop
      vertex 14.122510260084763 9.43370665207362 42
      vertex 16.108985471041056 7.6160192100919515 42
      vertex 16.263939536652178 7.758219528554586 42
    endloop
  endfacet
  facet normal 0 0 1
    outer loop
      vertex 14.160186059072075 9.578087978908464 42
      vertex 16.263939536652178 7.758219528554586 42
      vertex 16.242465846699034 8.785027241984638 42
    endloop
  endfacet
  facet normal 0 0 1
    outer loop
      vertex 16.106027423090854 7.444405597244616 42
      vertex 16.181617496533452 7.588495546032533 42
      vertex 16.108985471041056 7.6160192100919515 42
    endloop
  endfacet
  facet normal 0 0 1
    outer loop
      vertex 16.108985471041056 7.6160192100919515 42
      vertex 16.181617496533452 7.588495546032533 42
      vertex 16.263939536652178 7.758219528554586 42
    endloop
  endfacet
  facet normal 0 0 1
    outer loop
      vertex 14.238840497989624 10.911822471900688 42
      vertex 16.242465846699034 8.785027241984638 42
      vertex 16.6018945738123 8.750074883785535 42
    endloop
  endfacet
  facet normal 0 0 1
    outer loop
      vertex 14.238840497989624 10.911822471900688 42
      vertex 16.6018945738123 8.750074883785535 42
      vertex 16.67260645715987 8.910805804873393 42
    endloop
  endfacet
  facet normal 0 0 1
    outer loop
      vertex 16.263939536652178 7.758219528554586 42
      vertex 16.560397497736233 8.515345420956278 42
      vertex 16.242465846699034 8.785027241984638 42
    endloop
  endfacet
  facet normal 0 0 1
    outer loop
      vertex 16.560397497736233 8.515345420956278 42
      vertex 16.60070863048731 8.648233416538453 42
      vertex 16.242465846699034 8.785027241984638 42
    endloop
  endfacet
  facet normal 0 0 1
    outer loop
      vertex 16.242465846699034 8.785027241984638 42
      vertex 16.60070863048731 8.648233416538453 42
      vertex 16.6018945738123 8.750074883785535 42
    endloop
  endfacet
  facet normal 0 0 1
    outer loop
      vertex 16.60070863048731 8.648233416538453 42
      vertex 16.629392246050905 8.745200156002229 42
      vertex 16.6018945738123 8.750074883785535 42
    endloop
  endfacet
  facet normal 0 0 1
    outer loop
      vertex 16.629392246050905 8.745200156002229 42
      vertex 16.67260645715987 8.910805804873393 42
      vertex 16.6018945738123 8.750074883785535 42
    endloop
  endfacet
  facet normal 0 0 1
    outer loop
      vertex 19.8333044482741 0.6 42
      vertex 16.629392246050905 8.745200156002229 42
      vertex 16.60070863048731 8.648233416538453 42
    endloop
  endfacet
  facet normal 0 0 1
    outer loop
      vertex 19.8333044482741 0.6 42
      vertex 16.67260645715987 8.910805804873393 42
      vertex 16.629392246050905 8.745200156002229 42
    endloop
  endfacet
  facet normal 0 0 1
    outer loop
      vertex 19.8333044482741 0.6 42
      vertex 18.162863476501624 8.373194750748562 42
      vertex 17.820130483767358 9.079809994790935 42
    endloop
  endfacet
  facet normal 0 0 1
    outer loop
      vertex 19.8333044482741 0.6 42
      vertex 17.052803287081844 10.449971294318976 42
      vertex 16.67260645715987 8.910805804873393 42
    endloop
  endfacet
  facet normal 0 0 1
    outer loop
      vertex 19.8333044482741 0.6 42
      vertex 17.820130483767358 9.079809994790935 42
      vertex 17.449920141455944 9.772424829939098 42
    endloop
  endfacet
  facet normal 0 0 1
    outer loop
      vertex 19.8333044482741 0.6 42
      vertex 17.449920141455944 9.772424829939098 42
      vertex 17.052803287081844 10.449971294318976 42
    endloop
  endfacet
  facet normal 0 0 1
    outer loop
      vertex 18.763826718449682 6.922341141549859 42
      vertex 18.477590650225736 7.653668647301796 42
      vertex 19.8333044482741 0.6 42
    endloop
  endfacet
  facet normal 0 0 1
    outer loop
      vertex 19.8333044482741 0.6 42
      vertex 18.477590650225736 7.653668647301796 42
      vertex 18.162863476501624 8.373194750748562 42
    endloop
  endfacet
  facet normal 0.09801714032956603 -0.9951847266721964 0
    outer loop
      vertex 10.01853825122112 14.238840497989624 42
      vertex 10.167035797795094 14.253466229746792 40.5
      vertex 10.167035797795094 14.253466229746792 42
    endloop
  endfacet
  facet normal 0.05887080365119925 -0.9982656101847153 0
    outer loop
      vertex 10.167035797795094 14.253466229746792 42
      vertex 10.315993061676444 14.262250699275654 40.5
      vertex 10.315993061676444 14.262250699275654 42
    endloop
  endfacet
  facet normal 0.019633692460601686 -0.9998072404820654 0
    outer loop
      vertex 10.315993061676444 14.262250699275654 42
      vertex 10.465180361560902 14.265180361560903 40.5
      vertex 10.465180361560902 14.265180361560903 42
    endloop
  endfacet
  facet normal -0.019633692460625022 -0.9998072404820649 0
    outer loop
      vertex 10.465180361560902 14.265180361560903 42
      vertex 10.614367661445364 14.26225069927565 40.5
      vertex 10.614367661445364 14.26225069927565 42
    endloop
  endfacet
  facet normal -0.05887080365118668 -0.998265610184716 0
    outer loop
      vertex 10.614367661445364 14.26225069927565 42
      vertex 10.763324925326716 14.25346622974679 40.5
      vertex 10.763324925326716 14.25346622974679 42
    endloop
  endfacet
  facet normal -0.0980171403295554 -0.9951847266721975 0
    outer loop
      vertex 10.763324925326716 14.25346622974679 42
      vertex 10.911822471900688 14.238840497989624 40.5
      vertex 10.911822471900688 14.238840497989624 42
    endloop
  endfacet
  facet normal -0.13701234168196916 -0.990569340443577 0
    outer loop
      vertex 10.911822471900688 14.238840497989624 42
      vertex 11.059631328713781 14.218396055822428 40.5
      vertex 11.059631328713781 14.218396055822428 42
    endloop
  endfacet
  facet normal -0.17579627993435293 -0.9844265680898919 0
    outer loop
      vertex 11.206523585222191 14.19216442709318 42
      vertex 11.059631328713781 14.218396055822428 42
      vertex 11.206523585222191 14.19216442709318 40.5
    endloop
  endfacet
  facet normal -0.5056573733779793 -0.862734385977795 0
    outer loop
      vertex 12.450674907481512 13.705212986106455 42
      vertex 12.321941079249333 13.780665188437533 42
      vertex 12.450674907481512 13.705212986106455 40.5
    endloop
  endfacet
  facet normal -0.2143091530650575 -0.9767658813208709 0
    outer loop
      vertex 11.206523585222191 14.19216442709318 42
      vertex 11.352272744213344 14.160186059072075 40.5
      vertex 11.352272744213344 14.160186059072075 42
    endloop
  endfacet
  facet normal -0.2524915770151374 -0.9675990923602652 0
    outer loop
      vertex 11.352272744213344 14.160186059072075 42
      vertex 11.496654071048187 14.122510260084766 40.5
      vertex 11.496654071048187 14.122510260084766 42
    endloop
  endfacet
  facet normal -0.3276301795616939 -0.9448060464668778 0
    outer loop
      vertex 11.639444940185705 14.079195123482489 42
      vertex 11.780425178455378 14.030307438066345 40.5
      vertex 11.780425178455378 14.030307438066345 42
    endloop
  endfacet
  facet normal -0.2902846772544736 -0.9569403357322055 0
    outer loop
      vertex 11.496654071048187 14.122510260084766 42
      vertex 11.639444940185705 14.079195123482489 40.5
      vertex 11.639444940185705 14.079195123482489 42
    endloop
  endfacet
  facet normal -0.36447049987915764 -0.9312149347588005 0
    outer loop
      vertex 11.780425178455378 14.030307438066345 42
      vertex 11.919377404548245 13.975922585103794 40.5
      vertex 11.919377404548245 13.975922585103794 42
    endloop
  endfacet
  facet normal -0.40074883310312753 -0.9161879571171417 0
    outer loop
      vertex 12.056087364203133 13.916124422096214 42
      vertex 11.919377404548245 13.975922585103794 42
      vertex 12.056087364203133 13.916124422096214 40.5
    endloop
  endfacet
  facet normal -0.43640924067334663 -0.8997482840522192 0
    outer loop
      vertex 12.056087364203133 13.916124422096214 42
      vertex 12.190344260571184 13.851005153476702 40.5
      vertex 12.190344260571184 13.851005153476702 42
    endloop
  endfacet
  facet normal -0.47139673682600397 -0.8819212643483515 0
    outer loop
      vertex 12.190344260571184 13.851005153476702 42
      vertex 12.321941079249333 13.780665188437533 40.5
      vertex 12.321941079249333 13.780665188437533 42
    endloop
  endfacet
  facet normal -0.9951847266721964 0.09801714032956603 0
    outer loop
      vertex 14.238840497989624 10.01853825122112 42
      vertex 14.253466229746792 10.167035797795094 42
      vertex 14.238840497989624 10.01853825122112 40.5
    endloop
  endfacet
  facet normal -0.9982656101847153 0.05887080365119925 0
    outer loop
      vertex 14.253466229746792 10.167035797795094 42
      vertex 14.262250699275654 10.315993061676444 42
      vertex 14.253466229746792 10.167035797795094 40.5
    endloop
  endfacet
  facet normal -0.9998072404820654 0.019633692460601686 0
    outer loop
      vertex 14.262250699275654 10.315993061676444 42
      vertex 14.265180361560903 10.465180361560902 42
      vertex 14.262250699275654 10.315993061676444 40.5
    endloop
  endfacet
  facet normal -0.9998072404820649 -0.019633692460625022 0
    outer loop
      vertex 14.265180361560903 10.465180361560902 42
      vertex 14.26225069927565 10.614367661445364 42
      vertex 14.265180361560903 10.465180361560902 40.5
    endloop
  endfacet
  facet normal -0.998265610184716 -0.05887080365118668 0
    outer loop
      vertex 14.26225069927565 10.614367661445364 42
      vertex 14.25346622974679 10.763324925326716 42
      vertex 14.26225069927565 10.614367661445364 40.5
    endloop
  endfacet
  facet normal -0.9951847266721975 -0.0980171403295554 0
    outer loop
      vertex 14.25346622974679 10.763324925326716 42
      vertex 14.238840497989624 10.911822471900688 42
      vertex 14.25346622974679 10.763324925326716 40.5
    endloop
  endfacet
  facet normal -0.990569340443577 -0.13701234168196916 0
    outer loop
      vertex 14.238840497989624 10.911822471900688 42
      vertex 14.218396055822428 11.059631328713781 42
      vertex 14.238840497989624 10.911822471900688 40.5
    endloop
  endfacet
  facet normal -0.9844265680898919 -0.17579627993435293 0
    outer loop
      vertex 14.19216442709318 11.206523585222191 42
      vertex 14.218396055822428 11.059631328713781 40.5
      vertex 14.218396055822428 11.059631328713781 42
    endloop
  endfacet
  facet normal -0.9312149347588005 -0.36447049987915764 0
    outer loop
      vertex 14.030307438066345 11.780425178455378 42
      vertex 13.975922585103794 11.919377404548245 42
      vertex 14.030307438066345 11.780425178455378 40.5
    endloop
  endfacet
  facet normal -0.9767658813208709 -0.2143091530650575 0
    outer loop
      vertex 14.19216442709318 11.206523585222191 42
      vertex 14.160186059072075 11.352272744213344 42
      vertex 14.19216442709318 11.206523585222191 40.5
    endloop
  endfacet
  facet normal -0.9569403357322055 -0.2902846772544736 0
    outer loop
      vertex 14.122510260084766 11.496654071048187 42
      vertex 14.079195123482489 11.639444940185705 42
      vertex 14.122510260084766 11.496654071048187 40.5
    endloop
  endfacet
  facet normal -0.9675990923602652 -0.2524915770151374 0
    outer loop
      vertex 14.160186059072075 11.352272744213344 42
      vertex 14.122510260084766 11.496654071048187 42
      vertex 14.160186059072075 11.352272744213344 40.5
    endloop
  endfacet
  facet normal -0.9448060464668778 -0.3276301795616939 0
    outer loop
      vertex 14.079195123482489 11.639444940185705 42
      vertex 14.030307438066345 11.780425178455378 42
      vertex 14.079195123482489 11.639444940185705 40.5
    endloop
  endfacet
  facet normal -0.8997482840522192 -0.43640924067334663 0
    outer loop
      vertex 13.916124422096214 12.056087364203133 42
      vertex 13.851005153476702 12.190344260571184 42
      vertex 13.916124422096214 12.056087364203133 40.5
    endloop
  endfacet
  facet normal -0.9161879571171417 -0.40074883310312753 0
    outer loop
      vertex 13.916124422096214 12.056087364203133 42
      vertex 13.975922585103794 11.919377404548245 40.5
      vertex 13.975922585103794 11.919377404548245 42
    endloop
  endfacet
  facet normal -0.8819212643483515 -0.47139673682600397 0
    outer loop
      vertex 13.851005153476702 12.190344260571184 42
      vertex 13.780665188437533 12.321941079249333 42
      vertex 13.851005153476702 12.190344260571184 40.5
    endloop
  endfacet
  facet normal -0.862734385977795 -0.5056573733779793 0
    outer loop
      vertex 13.705212986106455 12.450674907481512 42
      vertex 13.780665188437533 12.321941079249333 40.5
      vertex 13.780665188437533 12.321941079249333 42
    endloop
  endfacet
  facet normal -0.5391383229110037 -0.8422172337162843 0
    outer loop
      vertex 12.450674907481512 13.705212986106455 42
      vertex 12.576347247035393 13.624764888310576 40.5
      vertex 12.576347247035393 13.624764888310576 42
    endloop
  endfacet
  facet normal -0.5717879602276129 -0.8204014435255131 0
    outer loop
      vertex 12.576347247035393 13.624764888310576 42
      vertex 12.698764320272302 13.539444940185705 40.5
      vertex 12.698764320272302 13.539444940185705 42
    endloop
  endfacet
  facet normal -0.6035559419535654 -0.7973206537727117 0
    outer loop
      vertex 12.698764320272302 13.539444940185705 42
      vertex 12.817737368938275 13.449384698907735 40.5
      vertex 12.817737368938275 13.449384698907735 42
    endloop
  endfacet
  facet normal -0.6343932841636629 -0.7730104533627227 0
    outer loop
      vertex 12.817737368938275 13.449384698907735 42
      vertex 12.9330829452156 13.35472303084102 40.5
      vertex 12.9330829452156 13.35472303084102 42
    endloop
  endfacet
  facet normal -0.6930873625456249 -0.7208535967029295 0
    outer loop
      vertex 13.044623194586082 13.25560589741651 42
      vertex 13.152186130069786 13.152186130069786 40.5
      vertex 13.152186130069786 13.152186130069786 42
    endloop
  endfacet
  facet normal -0.6642524379112711 -0.7475083268626063 0
    outer loop
      vertex 13.044623194586082 13.25560589741651 42
      vertex 12.9330829452156 13.35472303084102 42
      vertex 13.044623194586082 13.25560589741651 40.5
    endloop
  endfacet
  facet normal -0.7208535967029295 -0.6930873625456249 0
    outer loop
      vertex 13.25560589741651 13.044623194586082 42
      vertex 13.152186130069786 13.152186130069786 42
      vertex 13.25560589741651 13.044623194586082 40.5
    endloop
  endfacet
  facet normal -0.7730104533627227 -0.6343932841636629 0
    outer loop
      vertex 13.35472303084102 12.9330829452156 42
      vertex 13.449384698907735 12.817737368938275 40.5
      vertex 13.449384698907735 12.817737368938275 42
    endloop
  endfacet
  facet normal -0.7475083268626063 -0.6642524379112711 0
    outer loop
      vertex 13.25560589741651 13.044623194586082 42
      vertex 13.35472303084102 12.9330829452156 40.5
      vertex 13.35472303084102 12.9330829452156 42
    endloop
  endfacet
  facet normal -0.7973206537727117 -0.6035559419535654 0
    outer loop
      vertex 13.539444940185705 12.698764320272302 42
      vertex 13.449384698907735 12.817737368938275 42
      vertex 13.539444940185705 12.698764320272302 40.5
    endloop
  endfacet
  facet normal -0.8204014435255131 -0.5717879602276129 0
    outer loop
      vertex 13.539444940185705 12.698764320272302 42
      vertex 13.624764888310576 12.576347247035393 40.5
      vertex 13.624764888310576 12.576347247035393 42
    endloop
  endfacet
  facet normal -0.8422172337162843 -0.5391383229110037 0
    outer loop
      vertex 13.705212986106455 12.450674907481512 42
      vertex 13.624764888310576 12.576347247035393 42
      vertex 13.705212986106455 12.450674907481512 40.5
    endloop
  endfacet
  facet normal 0.7475083268625955 0.6642524379112832 0
    outer loop
      vertex 14.68645018871371 13.576014910658834 42
      vertex 15.208119312000619 12.988960966603674 42
      vertex 14.68645018871371 13.576014910658834 40.5
    endloop
  endfacet
  facet normal 0.72085359670292 0.6930873625456346 0
    outer loop
      vertex 14.142135623730951 14.142135623730951 42
      vertex 14.68645018871371 13.576014910658834 42
      vertex 14.142135623730951 14.142135623730951 40.5
    endloop
  endfacet
  facet normal 0.6930873625456346 0.72085359670292 0
    outer loop
      vertex 14.142135623730951 14.142135623730951 42
      vertex 13.576014910658834 14.68645018871371 40.5
      vertex 13.576014910658834 14.68645018871371 42
    endloop
  endfacet
  facet normal 0.5056573733779876 0.8627343859777901 0
    outer loop
      vertex 9.772424829939098 17.449920141455944 42
      vertex 10.449971294318976 17.052803287081844 42
      vertex 9.772424829939098 17.449920141455944 40.5
    endloop
  endfacet
  facet normal 0.5391383229109958 0.8422172337162894 0
    outer loop
      vertex 10.75425896126222 16.858016080324752 42
      vertex 10.449971294318976 17.052803287081844 40.5
      vertex 10.449971294318976 17.052803287081844 42
    endloop
  endfacet
  facet normal 0.5391383229109976 0.8422172337162882 -5.236232534151435e-16
    outer loop
      vertex 10.75425896126222 16.858016080324752 42
      vertex 11.111404660392047 16.629392246050905 42
      vertex 10.449971294318976 17.052803287081844 40.5
    endloop
  endfacet
  facet normal 0.6035559419535762 0.7973206537727034 0
    outer loop
      vertex 11.755705045849465 16.180339887498953 42
      vertex 12.38187898619668 15.706338617614898 42
      vertex 11.755705045849465 16.180339887498953 40.5
    endloop
  endfacet
  facet normal 0.571787960227609 0.8204014435255159 0
    outer loop
      vertex 11.111404660392047 16.629392246050905 42
      vertex 11.755705045849465 16.180339887498953 42
      vertex 11.111404660392047 16.629392246050905 40.5
    endloop
  endfacet
  facet normal 0.6343932841636449 0.7730104533627374 0
    outer loop
      vertex 12.38187898619668 15.706338617614898 42
      vertex 12.988960966603674 15.208119312000619 42
      vertex 12.38187898619668 15.706338617614898 40.5
    endloop
  endfacet
  facet normal 0.6642524379112832 0.7475083268625955 0
    outer loop
      vertex 13.576014910658834 14.68645018871371 42
      vertex 12.988960966603674 15.208119312000619 40.5
      vertex 12.988960966603674 15.208119312000619 42
    endloop
  endfacet
  facet normal 0.7973206537727034 0.6035559419535762 0
    outer loop
      vertex 15.706338617614898 12.38187898619668 42
      vertex 16.180339887498953 11.755705045849465 42
      vertex 15.706338617614898 12.38187898619668 40.5
    endloop
  endfacet
  facet normal 0.842217233716288 0.5391383229109981 7.682277875415344e-16
    outer loop
      vertex 16.858016080324752 10.754258961262218 42
      vertex 17.052803287081844 10.449971294318976 42
      vertex 16.629392246050905 11.111404660392047 40.5
    endloop
  endfacet
  facet normal 0.8422172337162894 0.5391383229109957 0
    outer loop
      vertex 16.858016080324752 10.754258961262218 42
      vertex 16.629392246050905 11.111404660392047 40.5
      vertex 16.629392246050905 11.111404660392047 42
    endloop
  endfacet
  facet normal 0.8627343859777901 0.5056573733779876 0
    outer loop
      vertex 17.449920141455944 9.772424829939098 42
      vertex 17.052803287081844 10.449971294318976 40.5
      vertex 17.052803287081844 10.449971294318976 42
    endloop
  endfacet
  facet normal 0.8204014435255159 0.571787960227609 6.597129897972179e-16
    outer loop
      vertex 16.629392246050905 11.111404660392047 42
      vertex 16.180339887498953 11.755705045849467 40.5
      vertex 16.180339887498953 11.755705045849465 42
    endloop
  endfacet
  facet normal 0.7730104533627374 0.6343932841636449 0
    outer loop
      vertex 15.208119312000619 12.988960966603674 42
      vertex 15.706338617614898 12.38187898619668 42
      vertex 15.208119312000619 12.988960966603674 40.5
    endloop
  endfacet
  facet normal 0 0 1
    outer loop
      vertex 10.763324925326716 14.25346622974679 42
      vertex 10.911822471900688 14.238840497989624 42
      vertex 8.878797068309902 16.175689884188237 42
    endloop
  endfacet
  facet normal 0 0 1
    outer loop
      vertex 10.911822471900688 14.238840497989624 42
      vertex 11.059631328713781 14.218396055822428 42
      vertex 8.878797068309902 16.175689884188237 42
    endloop
  endfacet
  facet normal 0 0 1
    outer loop
      vertex 11.206523585222191 14.19216442709318 42
      vertex 8.912068780514295 16.44787812264751 42
      vertex 11.059631328713781 14.218396055822428 42
    endloop
  endfacet
  facet normal 0 0 1
    outer loop
      vertex 11.206523585222191 14.19216442709318 42
      vertex 11.352272744213344 14.160186059072075 42
      vertex 8.912068780514295 16.44787812264751 42
    endloop
  endfacet
  facet normal 0 0 1
    outer loop
      vertex 11.352272744213344 14.160186059072075 42
      vertex 11.496654071048187 14.122510260084766 42
      vertex 9.106727958363123 16.552749926626024 42
    endloop
  endfacet
  facet normal 0 0 1
    outer loop
      vertex 11.496654071048187 14.122510260084766 42
      vertex 11.639444940185705 14.079195123482489 42
      vertex 9.106727958363123 16.552749926626024 42
    endloop
  endfacet
  facet normal 0 0 1
    outer loop
      vertex 11.639444940185705 14.079195123482489 42
      vertex 11.780425178455378 14.030307438066345 42
      vertex 9.598033105652064 16.375467512072408 42
    endloop
  endfacet
  facet normal 0 0 1
    outer loop
      vertex 11.780425178455378 14.030307438066345 42
      vertex 11.919377404548245 13.975922585103794 42
      vertex 9.598033105652064 16.375467512072408 42
    endloop
  endfacet
  facet normal 0 0 1
    outer loop
      vertex 12.056087364203133 13.916124422096214 42
      vertex 9.637631938451738 16.619441646717124 42
      vertex 11.919377404548245 13.975922585103794 42
    endloop
  endfacet
  facet normal 0 0 1
    outer loop
      vertex 12.056087364203133 13.916124422096214 42
      vertex 12.190344260571184 13.851005153476702 42
      vertex 9.637631938451738 16.619441646717124 42
    endloop
  endfacet
  facet normal 0 0 1
    outer loop
      vertex 12.190344260571184 13.851005153476702 42
      vertex 12.321941079249333 13.780665188437533 42
      vertex 9.760225527278116 16.77353397662506 42
    endloop
  endfacet
  facet normal 0 0 1
    outer loop
      vertex 12.450674907481512 13.705212986106455 42
      vertex 9.760225527278116 16.77353397662506 42
      vertex 12.321941079249333 13.780665188437533 42
    endloop
  endfacet
  facet normal 0 0 1
    outer loop
      vertex 12.450674907481512 13.705212986106455 42
      vertex 12.576347247035393 13.624764888310576 42
      vertex 9.760225527278116 16.77353397662506 42
    endloop
  endfacet
  facet normal 0 0 1
    outer loop
      vertex 13.044623194586082 13.25560589741651 42
      vertex 10.413244344732488 16.41259023669509 42
      vertex 12.9330829452156 13.35472303084102 42
    endloop
  endfacet
  facet normal 0 0 1
    outer loop
      vertex 13.044623194586082 13.25560589741651 42
      vertex 13.152186130069786 13.152186130069786 42
      vertex 10.413244344732488 16.41259023669509 42
    endloop
  endfacet
  facet normal 0 0 1
    outer loop
      vertex 13.25560589741651 13.044623194586082 42
      vertex 10.427593816377982 16.66272587597452 42
      vertex 13.152186130069786 13.152186130069786 42
    endloop
  endfacet
  facet normal 0 0 1
    outer loop
      vertex 13.25560589741651 13.044623194586082 42
      vertex 13.35472303084102 12.9330829452156 42
      vertex 10.427593816377982 16.66272587597452 42
    endloop
  endfacet
  facet normal 0 0 1
    outer loop
      vertex 12.698764320272302 13.539444940185705 42
      vertex 12.817737368938275 13.449384698907735 42
      vertex 10.413244344732488 16.41259023669509 42
    endloop
  endfacet
  facet normal 0 0 1
    outer loop
      vertex 12.576347247035393 13.624764888310576 42
      vertex 12.698764320272302 13.539444940185705 42
      vertex 10.413244344732488 16.41259023669509 42
    endloop
  endfacet
  facet normal 0 0 1
    outer loop
      vertex 12.817737368938275 13.449384698907735 42
      vertex 12.9330829452156 13.35472303084102 42
      vertex 10.413244344732488 16.41259023669509 42
    endloop
  endfacet
  facet normal 0 0 1
    outer loop
      vertex 14.26225069927565 10.614367661445364 42
      vertex 16.242465846699034 8.785027241984638 42
      vertex 14.25346622974679 10.763324925326716 42
    endloop
  endfacet
  facet normal 0 0 1
    outer loop
      vertex 14.25346622974679 10.763324925326716 42
      vertex 16.242465846699034 8.785027241984638 42
      vertex 14.238840497989624 10.911822471900688 42
    endloop
  endfacet
  facet normal 0 0 1
    outer loop
      vertex 14.160186059072075 11.352272744213344 42
      vertex 16.67260645715987 8.910805804873393 42
      vertex 14.122510260084766 11.496654071048187 42
    endloop
  endfacet
  facet normal 0 0 1
    outer loop
      vertex 14.122510260084766 11.496654071048187 42
      vertex 16.67260645715987 8.910805804873393 42
      vertex 14.079195123482489 11.639444940185705 42
    endloop
  endfacet
  facet normal 0 0 1
    outer loop
      vertex 14.030307438066345 11.780425178455378 42
      vertex 16.67260645715987 8.910805804873393 42
      vertex 13.975922585103794 11.919377404548245 42
    endloop
  endfacet
  facet normal 0 0 1
    outer loop
      vertex 14.079195123482489 11.639444940185705 42
      vertex 16.67260645715987 8.910805804873393 42
      vertex 14.030307438066345 11.780425178455378 42
    endloop
  endfacet
  facet normal 0 0 1
    outer loop
      vertex 13.916124422096214 12.056087364203133 42
      vertex 16.67260645715987 8.910805804873393 42
      vertex 13.851005153476702 12.190344260571184 42
    endloop
  endfacet
  facet normal 0 0 1
    outer loop
      vertex 13.705212986106455 12.450674907481512 42
      vertex 13.780665188437533 12.321941079249333 42
      vertex 16.67260645715987 8.910805804873393 42
    endloop
  endfacet
  facet normal 0 0 1
    outer loop
      vertex 13.851005153476702 12.190344260571184 42
      vertex 16.67260645715987 8.910805804873393 42
      vertex 13.780665188437533 12.321941079249333 42
    endloop
  endfacet
  facet normal 0 0 1
    outer loop
      vertex 13.916124422096214 12.056087364203133 42
      vertex 13.975922585103794 11.919377404548245 42
      vertex 16.67260645715987 8.910805804873393 42
    endloop
  endfacet
  facet normal 0 0 1
    outer loop
      vertex 13.35472303084102 12.9330829452156 42
      vertex 13.449384698907735 12.817737368938275 42
      vertex 16.67260645715987 8.910805804873393 42
    endloop
  endfacet
  facet normal 0 0 1
    outer loop
      vertex 13.705212986106455 12.450674907481512 42
      vertex 16.67260645715987 8.910805804873393 42
      vertex 13.624764888310576 12.576347247035393 42
    endloop
  endfacet
  facet normal 0 0 1
    outer loop
      vertex 13.539444940185705 12.698764320272302 42
      vertex 13.624764888310576 12.576347247035393 42
      vertex 16.67260645715987 8.910805804873393 42
    endloop
  endfacet
  facet normal 0 0 1
    outer loop
      vertex 13.539444940185705 12.698764320272302 42
      vertex 16.67260645715987 8.910805804873393 42
      vertex 13.449384698907735 12.817737368938275 42
    endloop
  endfacet
  facet normal 0 0 1
    outer loop
      vertex 11.077237411007781 16.27669886119957 42
      vertex 16.67260645715987 8.910805804873393 42
      vertex 16.632854902263897 10.93507569119824 42
    endloop
  endfacet
  facet normal 0 0 1
    outer loop
      vertex 13.35472303084102 12.9330829452156 42
      vertex 16.67260645715987 8.910805804873393 42
      vertex 10.427593816377982 16.66272587597452 42
    endloop
  endfacet
  facet normal 0 0 1
    outer loop
      vertex 10.475610560613621 16.61833965416271 42
      vertex 16.67260645715987 8.910805804873393 42
      vertex 11.077237411007781 16.27669886119957 42
    endloop
  endfacet
  facet normal 0 0 1
    outer loop
      vertex 10.427593816377982 16.66272587597452 42
      vertex 16.67260645715987 8.910805804873393 42
      vertex 10.475610560613621 16.61833965416271 42
    endloop
  endfacet
  facet normal 0 0 1
    outer loop
      vertex 11.077237411007781 16.27669886119957 42
      vertex 16.629392246050905 11.111404660392047 42
      vertex 11.100723083393648 16.519131056900292 42
    endloop
  endfacet
  facet normal 0 0 1
    outer loop
      vertex 11.100723083393648 16.519131056900292 42
      vertex 16.629392246050905 11.111404660392047 42
      vertex 11.111404660392047 16.629392246050905 42
    endloop
  endfacet
  facet normal 0 0 1
    outer loop
      vertex 11.111404660392047 16.629392246050905 42
      vertex 16.180339887498953 11.755705045849465 42
      vertex 11.755705045849465 16.180339887498953 42
    endloop
  endfacet
  facet normal 0 0 1
    outer loop
      vertex 11.755705045849465 16.180339887498953 42
      vertex 15.706338617614898 12.38187898619668 42
      vertex 12.38187898619668 15.706338617614898 42
    endloop
  endfacet
  facet normal 0 0 1
    outer loop
      vertex 14.690440535209115 13.486699508373263 42
      vertex 12.988960966603674 15.208119312000619 42
      vertex 12.38187898619668 15.706338617614898 42
    endloop
  endfacet
  facet normal 0 0 1
    outer loop
      vertex 13.573166006028346 14.623914272575947 42
      vertex 13.576014910658834 14.68645018871371 42
      vertex 12.988960966603674 15.208119312000619 42
    endloop
  endfacet
  facet normal 0 0 1
    outer loop
      vertex 11.077237411007781 16.27669886119957 42
      vertex 16.632854902263897 10.93507569119824 42
      vertex 16.858016080324752 10.754258961262218 42
    endloop
  endfacet
  facet normal 0 0 1
    outer loop
      vertex 11.077237411007781 16.27669886119957 42
      vertex 16.858016080324752 10.754258961262218 42
      vertex 16.629392246050905 11.111404660392047 42
    endloop
  endfacet
  facet normal 0 0 1
    outer loop
      vertex 11.111404660392047 16.629392246050905 42
      vertex 16.629392246050905 11.111404660392047 42
      vertex 16.180339887498953 11.755705045849465 42
    endloop
  endfacet
  facet normal 0 0 1
    outer loop
      vertex 11.755705045849465 16.180339887498953 42
      vertex 16.180339887498953 11.755705045849465 42
      vertex 15.706338617614898 12.38187898619668 42
    endloop
  endfacet
  facet normal 0 0 1
    outer loop
      vertex 14.690440535209115 13.486699508373263 42
      vertex 15.208119312000619 12.988960966603674 42
      vertex 14.68645018871371 13.576014910658834 42
    endloop
  endfacet
  facet normal 0 0 1
    outer loop
      vertex 13.573166006028346 14.623914272575947 42
      vertex 14.68645018871371 13.576014910658834 42
      vertex 13.576014910658834 14.68645018871371 42
    endloop
  endfacet
  facet normal 0 0 1
    outer loop
      vertex 14.690440535209115 13.486699508373263 42
      vertex 12.38187898619668 15.706338617614898 42
      vertex 15.706338617614898 12.38187898619668 42
    endloop
  endfacet
  facet normal 0 0 1
    outer loop
      vertex 13.573166006028346 14.623914272575947 42
      vertex 14.690440535209115 13.486699508373263 42
      vertex 14.68645018871371 13.576014910658834 42
    endloop
  endfacet
  facet normal 0 0 1
    outer loop
      vertex 14.142135623730951 14.142135623730951 42
      vertex 13.576014910658834 14.68645018871371 42
      vertex 14.68645018871371 13.576014910658834 42
    endloop
  endfacet
  facet normal 0 0 1
    outer loop
      vertex 13.573166006028346 14.623914272575947 42
      vertex 12.988960966603674 15.208119312000619 42
      vertex 14.690440535209115 13.486699508373263 42
    endloop
  endfacet
  facet normal 0 0 1
    outer loop
      vertex 11.639444940185705 14.079195123482489 42
      vertex 9.598033105652064 16.375467512072408 42
      vertex 9.106505844321171 16.563207739212178 42
    endloop
  endfacet
  facet normal 0 0 1
    outer loop
      vertex 11.919377404548245 13.975922585103794 42
      vertex 9.637631938451738 16.619441646717124 42
      vertex 9.598033105652064 16.375467512072408 42
    endloop
  endfacet
  facet normal 0 0 1
    outer loop
      vertex 12.190344260571184 13.851005153476702 42
      vertex 9.760225527278116 16.77353397662506 42
      vertex 9.637631938451738 16.619441646717124 42
    endloop
  endfacet
  facet normal 0 0 1
    outer loop
      vertex 12.576347247035393 13.624764888310576 42
      vertex 10.413244344732488 16.41259023669509 42
      vertex 9.846584091139947 16.697280099829428 42
    endloop
  endfacet
  facet normal 0 0 1
    outer loop
      vertex 12.576347247035393 13.624764888310576 42
      vertex 9.760288951419595 16.777050506463237 42
      vertex 9.760225527278116 16.77353397662506 42
    endloop
  endfacet
  facet normal 0 0 1
    outer loop
      vertex 12.576347247035393 13.624764888310576 42
      vertex 9.846584091139947 16.697280099829428 42
      vertex 9.760288951419595 16.777050506463237 42
    endloop
  endfacet
  facet normal 0 0 1
    outer loop
      vertex 9.846584091139947 16.697280099829428 42
      vertex 10.413244344732488 16.41259023669509 42
      vertex 10.427593816377982 16.66272587597452 42
    endloop
  endfacet
  facet normal 0 0 1
    outer loop
      vertex 9.846584091139947 16.697280099829428 42
      vertex 10.427593816377982 16.66272587597452 42
      vertex 10.449971294318976 17.052803287081844 42
    endloop
  endfacet
  facet normal 0 0 1
    outer loop
      vertex 10.427593816377982 16.66272587597452 42
      vertex 10.475610560613621 16.61833965416271 42
      vertex 10.449971294318976 17.052803287081844 42
    endloop
  endfacet
  facet normal 0 0 1
    outer loop
      vertex 10.475610560613621 16.61833965416271 42
      vertex 10.75425896126222 16.858016080324752 42
      vertex 10.449971294318976 17.052803287081844 42
    endloop
  endfacet
  facet normal 0 0 1
    outer loop
      vertex 9.846584091139947 16.697280099829428 42
      vertex 10.449971294318976 17.052803287081844 42
      vertex 9.772424829939098 17.449920141455944 42
    endloop
  endfacet
  facet normal 0 0 1
    outer loop
      vertex 10.475610560613621 16.61833965416271 42
      vertex 11.077237411007781 16.27669886119957 42
      vertex 11.100723083393648 16.519131056900292 42
    endloop
  endfacet
  facet normal 0 0 1
    outer loop
      vertex 10.475610560613621 16.61833965416271 42
      vertex 11.100723083393648 16.519131056900292 42
      vertex 10.75425896126222 16.858016080324752 42
    endloop
  endfacet
  facet normal 0 0 1
    outer loop
      vertex 10.75425896126222 16.858016080324752 42
      vertex 11.100723083393648 16.519131056900292 42
      vertex 11.111404660392047 16.629392246050905 42
    endloop
  endfacet
  facet normal 0 0 1
    outer loop
      vertex 13.152186130069786 13.152186130069786 42
      vertex 10.427593816377982 16.66272587597452 42
      vertex 10.413244344732488 16.41259023669509 42
    endloop
  endfacet
  facet normal 0 0 1
    outer loop
      vertex 14.238840497989624 10.911822471900688 42
      vertex 16.67260645715987 8.910805804873393 42
      vertex 14.218396055822428 11.059631328713781 42
    endloop
  endfacet
  facet normal 0 0 1
    outer loop
      vertex 14.19216442709318 11.206523585222191 42
      vertex 14.218396055822428 11.059631328713781 42
      vertex 16.67260645715987 8.910805804873393 42
    endloop
  endfacet
  facet normal 0 0 1
    outer loop
      vertex 14.19216442709318 11.206523585222191 42
      vertex 16.67260645715987 8.910805804873393 42
      vertex 14.160186059072075 11.352272744213344 42
    endloop
  endfacet
  facet normal 0 0 1
    outer loop
      vertex 16.67260645715987 8.910805804873393 42
      vertex 17.052803287081844 10.449971294318976 42
      vertex 16.858016080324752 10.754258961262218 42
    endloop
  endfacet
  facet normal 0 0 1
    outer loop
      vertex 16.67260645715987 8.910805804873393 42
      vertex 16.858016080324752 10.754258961262218 42
      vertex 16.632854902263897 10.93507569119824 42
    endloop
  endfacet
  facet normal 0 0 1
    outer loop
      vertex 14.690440535209115 13.486699508373263 42
      vertex 15.706338617614898 12.38187898619668 42
      vertex 15.208119312000619 12.988960966603674 42
    endloop
  endfacet
endsolid OpenSCAD_Model
